r (km)   P (dyn/cm^2)   M/M_solar   rho (g/cm^3)   g_{tt}   g_{rr}   n_b (fm^{-3})   A_eq   M_n* (MeV, core)/A (crust)   Z_eq   M_p* (MeV, core)/Z (crust)   n_e (fm^{-3})   n_n(n_nf) (fm^{-3})   mu_n(mu_nf) (MeV)
0   8.86302844e+34   0   7.30042005e+14   -0.546967021   1   0.406947661   0   451.15147   0   459.949233   0.0305124894   0.358824124   1141.49122
0.0001   8.86302844e+34   4.61358605e-15   7.30042005e+14   -0.546967021   1   0.406947661   0   451.15147   0   459.949233   0.0305124894   0.358824124   1141.49122
0.0051   8.86302483e+34   2.04002029e-10   7.30041895e+14   -0.546967035   1.00000012   0.406947607   0   451.151525   0   459.949267   0.0305124813   0.358824085   1141.49116
0.0101   8.86301577e+34   1.58446359e-09   7.30041618e+14   -0.54696709   1.00000046   0.406947471   0   451.151661   0   459.94935   0.0305124611   0.358823986   1141.49102
0.0151   8.86300079e+34   5.29478375e-09   7.30041162e+14   -0.546967189   1.00000104   0.406947247   0   451.151887   0   459.949488   0.0305124276   0.358823823   1141.49078
0.0201   8.86297987e+34   1.24883535e-08   7.30040524e+14   -0.546967332   1.00000183   0.406946933   0   451.152202   0   459.94968   0.0305123808   0.358823596   1141.49046
0.0251   8.86295301e+34   2.43185586e-08   7.30039705e+14   -0.546967518   1.00000286   0.406946531   0   451.152607   0   459.949927   0.0305123207   0.358823303   1141.49003
0.0301   8.86292021e+34   4.1938778e-08   7.30038704e+14   -0.546967748   1.00000411   0.40694604   0   451.153101   0   459.950229   0.0305122474   0.358822946   1141.48951
0.0351   8.86288147e+34   6.65023819e-08   7.30037523e+14   -0.546968022   1.0000056   0.406945459   0   451.153685   0   459.950585   0.0305121608   0.358822525   1141.4889
0.0401   8.86283679e+34   9.91627303e-08   7.3003616e+14   -0.546968339   1.0000073   0.40694479   0   451.154358   0   459.950996   0.0305120609   0.358822039   1141.4882
0.0451   8.86278617e+34   1.41073171e-07   7.30034616e+14   -0.5469687   1.00000924   0.406944032   0   451.155121   0   459.951462   0.0305119477   0.358821488   1141.4874
0.0501   8.86272961e+34   1.93387038e-07   7.30032891e+14   -0.546969105   1.0000114   0.406943184   0   451.155973   0   459.951982   0.0305118212   0.358820872   1141.48651
0.0551   8.8626671e+34   2.5725765e-07   7.30030985e+14   -0.546969553   1.00001379   0.406942248   0   451.156915   0   459.952557   0.0305116814   0.358820192   1141.48552
0.0601   8.86259866e+34   3.33838309e-07   7.30028897e+14   -0.546970045   1.00001641   0.406941222   0   451.157947   0   459.953187   0.0305115284   0.358819447   1141.48445
0.0651   8.86252427e+34   4.24282296e-07   7.30026629e+14   -0.54697058   1.00001925   0.406940108   0   451.159068   0   459.953871   0.030511362   0.358818637   1141.48327
0.0701   8.86244394e+34   5.29742874e-07   7.30024179e+14   -0.546971159   1.00002232   0.406938905   0   451.160278   0   459.95461   0.0305111824   0.358817763   1141.48201
0.0751   8.86235767e+34   6.51373283e-07   7.30021548e+14   -0.546971782   1.00002562   0.406937612   0   451.161579   0   459.955404   0.0305109895   0.358816824   1141.48065
0.0801   8.86226546e+34   7.90326736e-07   7.30018735e+14   -0.546972448   1.00002914   0.406936231   0   451.162968   0   459.956252   0.0305107833   0.358815821   1141.47919
0.0851   8.86216731e+34   9.47756425e-07   7.30015742e+14   -0.546973158   1.00003289   0.40693476   0   451.164447   0   459.957155   0.0305105638   0.358814752   1141.47765
0.0901   8.86206322e+34   1.12481551e-06   7.30012567e+14   -0.546973912   1.00003687   0.406933201   0   451.166016   0   459.958113   0.0305103311   0.35881362   1141.476
0.0951   8.86195318e+34   1.32265713e-06   7.30009211e+14   -0.546974709   1.00004108   0.406931553   0   451.167674   0   459.959125   0.030510085   0.358812422   1141.47427
0.1001   8.86183721e+34   1.54243437e-06   7.30005674e+14   -0.54697555   1.00004551   0.406929815   0   451.169422   0   459.960192   0.0305098257   0.35881116   1141.47244
0.1051   8.8617153e+34   1.78530032e-06   7.30001956e+14   -0.546976434   1.00005017   0.406927989   0   451.17126   0   459.961313   0.0305095531   0.358809833   1141.47052
0.1101   8.86158744e+34   2.05240801e-06   7.29998056e+14   -0.546977362   1.00005506   0.406926073   0   451.173187   0   459.96249   0.0305092672   0.358808441   1141.4685
0.1151   8.86145365e+34   2.34491043e-06   7.29993975e+14   -0.546978334   1.00006017   0.406924069   0   451.175203   0   459.96372   0.030508968   0.358806985   1141.46639
0.1201   8.86131392e+34   2.66396054e-06   7.29989714e+14   -0.54697935   1.00006551   0.406921975   0   451.177309   0   459.965006   0.0305086555   0.358805464   1141.46419
0.1251   8.86116824e+34   3.01071127e-06   7.2998527e+14   -0.546980409   1.00007108   0.406919793   0   451.179505   0   459.966346   0.0305083298   0.358803879   1141.46189
0.1301   8.86101663e+34   3.3863155e-06   7.29980646e+14   -0.546981511   1.00007688   0.406917521   0   451.18179   0   459.967741   0.0305079907   0.358802228   1141.4595
0.1351   8.86085908e+34   3.79192606e-06   7.29975841e+14   -0.546982658   1.0000829   0.40691516   0   451.184165   0   459.969191   0.0305076384   0.358800514   1141.45702
0.1401   8.86069559e+34   4.22869575e-06   7.29970854e+14   -0.546983848   1.00008915   0.406912711   0   451.186629   0   459.970695   0.0305072728   0.358798734   1141.45444
0.1451   8.86052616e+34   4.6977773e-06   7.29965686e+14   -0.546985081   1.00009563   0.406910172   0   451.189183   0   459.972254   0.030506894   0.35879689   1141.45177
0.1501   8.86035079e+34   5.20032343e-06   7.29960337e+14   -0.546986359   1.00010233   0.406907545   0   451.191827   0   459.973867   0.0305065018   0.358794981   1141.44901
0.1551   8.86016948e+34   5.73748678e-06   7.29954807e+14   -0.54698768   1.00010926   0.406904828   0   451.19456   0   459.975536   0.0305060964   0.358793007   1141.44615
0.1601   8.85998223e+34   6.31041994e-06   7.29949095e+14   -0.546989044   1.00011642   0.406902023   0   451.197382   0   459.977259   0.0305056776   0.358790969   1141.4432
0.1651   8.85978905e+34   6.92027546e-06   7.29943202e+14   -0.546990452   1.00012381   0.406899128   0   451.200295   0   459.979036   0.0305052456   0.358788866   1141.44015
0.1701   8.85958992e+34   7.56820583e-06   7.29937128e+14   -0.546991904   1.00013142   0.406896144   0   451.203296   0   459.980868   0.0305048004   0.358786698   1141.43701
0.1751   8.85938486e+34   8.25536347e-06   7.29930873e+14   -0.546993399   1.00013926   0.406893072   0   451.206388   0   459.982755   0.0305043418   0.358784466   1141.43378
0.1801   8.85917387e+34   8.98290076e-06   7.29924437e+14   -0.546994939   1.00014733   0.40688991   0   451.209569   0   459.984697   0.03050387   0.358782169   1141.43045
0.1851   8.85895693e+34   9.75197002e-06   7.2991782e+14   -0.546996521   1.00015562   0.406886659   0   451.212839   0   459.986693   0.0305033849   0.358779807   1141.42703
0.1901   8.85873406e+34   1.05637235e-05   7.29911021e+14   -0.546998148   1.00016414   0.40688332   0   451.2162   0   459.988744   0.0305028865   0.358777381   1141.42352
0.1951   8.85850525e+34   1.14193134e-05   7.29904041e+14   -0.546999818   1.00017289   0.406879891   0   451.21965   0   459.99085   0.0305023748   0.35877489   1141.41991
0.2001   8.8582705e+34   1.23198918e-05   7.2989688e+14   -0.547001531   1.00018187   0.406876373   0   451.223189   0   459.99301   0.0305018498   0.358772334   1141.41621
0.2051   8.85802982e+34   1.32666107e-05   7.29889538e+14   -0.547003289   1.00019107   0.406872766   0   451.226818   0   459.995225   0.0305013116   0.358769714   1141.41241
0.2101   8.8577832e+34   1.42606223e-05   7.29882014e+14   -0.547005089   1.0002005   0.406869071   0   451.230537   0   459.997495   0.0305007601   0.358767029   1141.40852
0.2151   8.85753064e+34   1.53030783e-05   7.2987431e+14   -0.547006934   1.00021016   0.406865286   0   451.234345   0   459.999819   0.0305001953   0.358764279   1141.40454
0.2201   8.85727215e+34   1.63951306e-05   7.29866424e+14   -0.547008822   1.00022004   0.406861412   0   451.238243   0   460.002199   0.0304996173   0.358761464   1141.40047
0.2251   8.85700773e+34   1.75379311e-05   7.29858357e+14   -0.547010754   1.00023015   0.406857449   0   451.24223   0   460.004632   0.0304990259   0.358758585   1141.3963
0.2301   8.85673737e+34   1.87326313e-05   7.29850109e+14   -0.547012729   1.00024049   0.406853397   0   451.246308   0   460.007121   0.0304984213   0.358755641   1141.39203
0.2351   8.85646107e+34   1.99803829e-05   7.29841679e+14   -0.547014749   1.00025106   0.406849256   0   451.250475   0   460.009664   0.0304978034   0.358752633   1141.38768
0.2401   8.85617884e+34   2.12823375e-05   7.29833069e+14   -0.547016811   1.00026185   0.406845027   0   451.254731   0   460.012262   0.0304971723   0.358749559   1141.38323
0.2451   8.85589068e+34   2.26396465e-05   7.29824277e+14   -0.547018918   1.00027287   0.406840708   0   451.259077   0   460.014914   0.0304965279   0.358746421   1141.37868
0.2501   8.85559658e+34   2.40534612e-05   7.29815304e+14   -0.547021068   1.00028412   0.4068363   0   451.263513   0   460.017622   0.0304958702   0.358743219   1141.37405
0.2551   8.85529655e+34   2.55249331e-05   7.2980615e+14   -0.547023261   1.00029559   0.406831803   0   451.268038   0   460.020384   0.0304951992   0.358739951   1141.36931
0.2601   8.85499059e+34   2.70552132e-05   7.29796815e+14   -0.547025499   1.0003073   0.406827217   0   451.272653   0   460.0232   0.0304945149   0.358736619   1141.36449
0.2651   8.85467869e+34   2.86454526e-05   7.29787298e+14   -0.547027779   1.00031923   0.406822542   0   451.277358   0   460.026072   0.0304938174   0.358733223   1141.35957
0.2701   8.85436086e+34   3.02968025e-05   7.29777601e+14   -0.547030104   1.00033138   0.406817778   0   451.282153   0   460.028998   0.0304931066   0.358729761   1141.35456
0.2751   8.8540371e+34   3.20104138e-05   7.29767722e+14   -0.547032472   1.00034377   0.406812925   0   451.287037   0   460.031978   0.0304923826   0.358726235   1141.34945
0.2801   8.85370741e+34   3.37874372e-05   7.29757662e+14   -0.547034884   1.00035638   0.406807983   0   451.292011   0   460.035014   0.0304916453   0.358722644   1141.34426
0.2851   8.85337179e+34   3.56290236e-05   7.29747421e+14   -0.54703734   1.00036922   0.406802952   0   451.297074   0   460.038104   0.0304908947   0.358718988   1141.33896
0.2901   8.85303023e+34   3.75363236e-05   7.29736999e+14   -0.547039839   1.00038228   0.406797831   0   451.302227   0   460.041249   0.0304901308   0.358715268   1141.33358
0.2951   8.85268275e+34   3.95104877e-05   7.29726395e+14   -0.547042381   1.00039557   0.406792622   0   451.30747   0   460.044449   0.0304893537   0.358711483   1141.3281
0.3001   8.85232933e+34   4.15526664e-05   7.29715611e+14   -0.547044968   1.00040909   0.406787324   0   451.312803   0   460.047703   0.0304885633   0.358707633   1141.32252
0.3051   8.85196998e+34   4.36640101e-05   7.29704645e+14   -0.547047598   1.00042284   0.406781937   0   451.318225   0   460.051012   0.0304877596   0.358703719   1141.31686
0.3101   8.85160471e+34   4.5845669e-05   7.29693498e+14   -0.547050271   1.00043682   0.406776461   0   451.323737   0   460.054376   0.0304869427   0.358699739   1141.3111
0.3151   8.85123351e+34   4.80987933e-05   7.2968217e+14   -0.547052989   1.00045102   0.406770895   0   451.329339   0   460.057794   0.0304861125   0.358695696   1141.30524
0.3201   8.85085637e+34   5.0424533e-05   7.2967066e+14   -0.54705575   1.00046545   0.406765241   0   451.335031   0   460.061268   0.030485269   0.358691587   1141.29929
0.3251   8.85047331e+34   5.2824038e-05   7.2965897e+14   -0.547058554   1.00048011   0.406759498   0   451.340812   0   460.064796   0.0304844123   0.358687413   1141.29325
0.3301   8.85008433e+34   5.52984581e-05   7.29647098e+14   -0.547061402   1.00049499   0.406753665   0   451.346683   0   460.068378   0.0304835423   0.358683175   1141.28712
0.3351   8.84968941e+34   5.78489431e-05   7.29635045e+14   -0.547064294   1.0005101   0.406747744   0   451.352644   0   460.072016   0.0304826591   0.358678872   1141.28089
0.3401   8.84928857e+34   6.04766426e-05   7.29622811e+14   -0.54706723   1.00052544   0.406741734   0   451.358694   0   460.075708   0.0304817626   0.358674505   1141.27457
0.3451   8.8488818e+34   6.3182706e-05   7.29610396e+14   -0.547070209   1.00054101   0.406735634   0   451.364834   0   460.079455   0.0304808528   0.358670073   1141.26815
0.3501   8.84846911e+34   6.59682827e-05   7.295978e+14   -0.547073232   1.0005568   0.406729446   0   451.371065   0   460.083257   0.0304799298   0.358665575   1141.26164
0.3551   8.84805049e+34   6.8834522e-05   7.29585023e+14   -0.547076298   1.00057282   0.406723168   0   451.377384   0   460.087113   0.0304789935   0.358661014   1141.25504
0.3601   8.84762594e+34   7.17825729e-05   7.29572064e+14   -0.547079408   1.00058907   0.406716802   0   451.383794   0   460.091024   0.030478044   0.358656387   1141.24834
0.3651   8.84719547e+34   7.48135845e-05   7.29558924e+14   -0.547082562   1.00060554   0.406710346   0   451.390293   0   460.09499   0.0304770812   0.358651696   1141.24155
0.3701   8.84675908e+34   7.79287057e-05   7.29545603e+14   -0.547085759   1.00062225   0.406703801   0   451.396883   0   460.099011   0.0304761051   0.35864694   1141.23467
0.3751   8.84631676e+34   8.11290852e-05   7.29532101e+14   -0.547089   1.00063918   0.406697168   0   451.403562   0   460.103086   0.0304751158   0.358642119   1141.22769
0.3801   8.84586852e+34   8.44158716e-05   7.29518418e+14   -0.547092285   1.00065633   0.406690445   0   451.41033   0   460.107216   0.0304741133   0.358637233   1141.22062
0.3851   8.84541436e+34   8.77902135e-05   7.29504554e+14   -0.547095613   1.00067372   0.406683633   0   451.417189   0   460.111401   0.0304730974   0.358632283   1141.21346
0.3901   8.84495428e+34   9.12532592e-05   7.29490508e+14   -0.547098985   1.00069133   0.406676732   0   451.424138   0   460.115641   0.0304720684   0.358627268   1141.2062
0.3951   8.84448827e+34   9.48061569e-05   7.29476282e+14   -0.547102401   1.00070917   0.406669743   0   451.431176   0   460.119935   0.030471026   0.358622188   1141.19885
0.4001   8.84401634e+34   9.84500547e-05   7.29461874e+14   -0.54710586   1.00072724   0.406662664   0   451.438304   0   460.124285   0.0304699705   0.358617043   1141.19141
0.4051   8.8435385e+34   0.000102186101   7.29447285e+14   -0.547109363   1.00074553   0.406655496   0   451.445522   0   460.128689   0.0304689016   0.358611834   1141.18387
0.4101   8.84305473e+34   0.000106015443   7.29432515e+14   -0.547112909   1.00076405   0.406648239   0   451.45283   0   460.133147   0.0304678196   0.35860656   1141.17624
0.4151   8.84256504e+34   0.000109939228   7.29417564e+14   -0.547116499   1.0007828   0.406640893   0   451.460228   0   460.137661   0.0304667242   0.358601221   1141.16851
0.4201   8.84206944e+34   0.000113958605   7.29402431e+14   -0.547120133   1.00080178   0.406633458   0   451.467716   0   460.142229   0.0304656157   0.358595817   1141.16069
0.4251   8.84156791e+34   0.00011807472   7.29387118e+14   -0.54712381   1.00082099   0.406625934   0   451.475293   0   460.146852   0.0304644939   0.358590349   1141.15278
0.4301   8.84106047e+34   0.000122288721   7.29371623e+14   -0.547127531   1.00084042   0.40661832   0   451.482961   0   460.15153   0.0304633588   0.358584815   1141.14477
0.4351   8.84054711e+34   0.000126601756   7.29355948e+14   -0.547131296   1.00086008   0.406610618   0   451.490718   0   460.156263   0.0304622105   0.358579217   1141.13668
0.4401   8.84002783e+34   0.00013101497   7.29340091e+14   -0.547135104   1.00087996   0.406602827   0   451.498565   0   460.16105   0.0304610489   0.358573555   1141.12848
0.4451   8.83950264e+34   0.00013552951   7.29324053e+14   -0.547138956   1.00090008   0.406594947   0   451.506502   0   460.165893   0.0304598741   0.358567827   1141.1202
0.4501   8.83897153e+34   0.000140146525   7.29307834e+14   -0.547142852   1.00092042   0.406586977   0   451.51453   0   460.17079   0.0304586861   0.358562034   1141.11182
0.4551   8.83843451e+34   0.000144867159   7.29291433e+14   -0.547146791   1.00094099   0.406578919   0   451.522647   0   460.175742   0.0304574848   0.358556177   1141.10334
0.4601   8.83789157e+34   0.000149692559   7.29274852e+14   -0.547150774   1.00096179   0.406570771   0   451.530854   0   460.180748   0.0304562703   0.358550255   1141.09478
0.4651   8.83734272e+34   0.000154623872   7.2925809e+14   -0.5471548   1.00098281   0.406562535   0   451.539151   0   460.18581   0.0304550425   0.358544268   1141.08612
0.4701   8.83678796e+34   0.000159662244   7.29241146e+14   -0.54715887   1.00100406   0.406554209   0   451.547538   0   460.190926   0.0304538015   0.358538217   1141.07736
0.4751   8.83622728e+34   0.00016480882   7.29224021e+14   -0.547162984   1.00102554   0.406545795   0   451.556015   0   460.196097   0.0304525473   0.3585321   1141.06852
0.4801   8.8356607e+34   0.000170064746   7.29206715e+14   -0.547167142   1.00104725   0.406537291   0   451.564581   0   460.201323   0.0304512798   0.358525919   1141.05958
0.4851   8.8350882e+34   0.000175431168   7.29189228e+14   -0.547171343   1.00106919   0.406528698   0   451.573238   0   460.206604   0.0304499991   0.358519673   1141.05054
0.4901   8.83450979e+34   0.000180909231   7.2917156e+14   -0.547175587   1.00109135   0.406520016   0   451.581985   0   460.21194   0.0304487052   0.358513362   1141.04142
0.4951   8.83392547e+34   0.00018650008   7.29153711e+14   -0.547179876   1.00111374   0.406511245   0   451.590822   0   460.21733   0.030447398   0.358506986   1141.0322
0.5001   8.83333524e+34   0.00019220486   7.29135681e+14   -0.547184208   1.00113636   0.406502385   0   451.599749   0   460.222775   0.0304460776   0.358500546   1141.02288
0.5051   8.8327391e+34   0.000198024717   7.2911747e+14   -0.547188583   1.0011592   0.406493436   0   451.608766   0   460.228276   0.030444744   0.35849404   1141.01347
0.5101   8.83213706e+34   0.000203960795   7.29099077e+14   -0.547193003   1.00118227   0.406484398   0   451.617873   0   460.233831   0.0304433971   0.35848747   1141.00397
0.5151   8.8315291e+34   0.000210014239   7.29080503e+14   -0.547197465   1.00120557   0.406475271   0   451.62707   0   460.23944   0.030442037   0.358480835   1140.99438
0.5201   8.83091524e+34   0.000216186193   7.29061749e+14   -0.547201972   1.0012291   0.406466055   0   451.636358   0   460.245105   0.0304406637   0.358474135   1140.98469
0.5251   8.83029548e+34   0.0002224778   7.29042813e+14   -0.547206522   1.00125286   0.40645675   0   451.645735   0   460.250825   0.0304392772   0.358467371   1140.97491
0.5301   8.82966981e+34   0.000228890206   7.29023696e+14   -0.547211116   1.00127684   0.406447355   0   451.655202   0   460.256599   0.0304378774   0.358460541   1140.96503
0.5351   8.82903823e+34   0.000235424554   7.29004398e+14   -0.547215753   1.00130105   0.406437872   0   451.66476   0   460.262428   0.0304364644   0.358453647   1140.95507
0.5401   8.82840075e+34   0.000242081987   7.28984919e+14   -0.547220435   1.00132549   0.406428299   0   451.674407   0   460.268312   0.0304350382   0.358446687   1140.94501
0.5451   8.82775737e+34   0.00024886365   7.28965259e+14   -0.547225159   1.00135016   0.406418638   0   451.684145   0   460.274251   0.0304335988   0.358439663   1140.93485
0.5501   8.82710809e+34   0.000255770685   7.28945418e+14   -0.547229928   1.00137505   0.406408887   0   451.693973   0   460.280245   0.0304321461   0.358432574   1140.9246
0.5551   8.8264529e+34   0.000262804235   7.28925395e+14   -0.54723474   1.00140017   0.406399047   0   451.703891   0   460.286294   0.0304306802   0.35842542   1140.91426
0.5601   8.82579181e+34   0.000269965444   7.28905192e+14   -0.547239596   1.00142552   0.406389118   0   451.713899   0   460.292397   0.0304292012   0.358418202   1140.90383
0.5651   8.82512483e+34   0.000277255454   7.28884808e+14   -0.547244495   1.0014511   0.406379101   0   451.723997   0   460.298556   0.0304277089   0.358410918   1140.8933
0.5701   8.82445194e+34   0.000284675407   7.28864242e+14   -0.547249438   1.00147691   0.406368994   0   451.734185   0   460.304769   0.0304262033   0.35840357   1140.88268
0.5751   8.82377315e+34   0.000292226447   7.28843496e+14   -0.547254424   1.00150294   0.406358798   0   451.744464   0   460.311037   0.0304246846   0.358396156   1140.87196
0.5801   8.82308847e+34   0.000299909714   7.28822569e+14   -0.547259455   1.0015292   0.406348513   0   451.754832   0   460.31736   0.0304231527   0.358388678   1140.86115
0.5851   8.82239789e+34   0.000307726352   7.2880146e+14   -0.547264529   1.00155569   0.406338139   0   451.765291   0   460.323738   0.0304216076   0.358381135   1140.85025
0.5901   8.82170141e+34   0.000315677502   7.28780171e+14   -0.547269646   1.00158241   0.406327676   0   451.77584   0   460.330171   0.0304200492   0.358373528   1140.83926
0.5951   8.82099904e+34   0.000323764305   7.28758701e+14   -0.547274807   1.00160935   0.406317124   0   451.786479   0   460.336659   0.0304184777   0.358365855   1140.82817
0.6001   8.82029077e+34   0.000331987902   7.28737049e+14   -0.547280012   1.00163652   0.406306483   0   451.797209   0   460.343201   0.030416893   0.358358117   1140.81699
0.6051   8.81957661e+34   0.000340349435   7.28715217e+14   -0.547285261   1.00166392   0.406295752   0   451.808028   0   460.349799   0.030415295   0.358350315   1140.80571
0.6101   8.81885655e+34   0.000348850045   7.28693204e+14   -0.547290553   1.00169155   0.406284933   0   451.818938   0   460.356451   0.0304136839   0.358342448   1140.79434
0.6151   8.8181306e+34   0.000357490873   7.2867101e+14   -0.547295889   1.00171941   0.406274025   0   451.829938   0   460.363159   0.0304120596   0.358334515   1140.78288
0.6201   8.81739876e+34   0.000366273058   7.28648634e+14   -0.547301268   1.00174749   0.406263027   0   451.841029   0   460.369921   0.030410422   0.358326518   1140.77133
0.6251   8.81666103e+34   0.000375197742   7.28626078e+14   -0.547306691   1.0017758   0.406251941   0   451.852209   0   460.376738   0.0304087713   0.358318456   1140.75968
0.6301   8.81591741e+34   0.000384266064   7.28603341e+14   -0.547312158   1.00180434   0.406240766   0   451.86348   0   460.38361   0.0304071074   0.358310329   1140.74794
0.6351   8.8151679e+34   0.000393479164   7.28580423e+14   -0.547317668   1.00183311   0.406229501   0   451.874842   0   460.390537   0.0304054303   0.358302138   1140.7361
0.6401   8.81441251e+34   0.000402838183   7.28557324e+14   -0.547323222   1.0018621   0.406218148   0   451.886293   0   460.397519   0.03040374   0.358293881   1140.72418
0.6451   8.81365122e+34   0.000412344258   7.28534044e+14   -0.54732882   1.00189133   0.406206705   0   451.897835   0   460.404556   0.0304020365   0.358285559   1140.71216
0.6501   8.81288405e+34   0.00042199853   7.28510583e+14   -0.547334461   1.00192078   0.406195173   0   451.909467   0   460.411647   0.0304003198   0.358277173   1140.70004
0.6551   8.81211099e+34   0.000431802138   7.28486941e+14   -0.547340146   1.00195046   0.406183552   0   451.921189   0   460.418794   0.03039859   0.358268722   1140.68783
0.6601   8.81133204e+34   0.000441756219   7.28463118e+14   -0.547345874   1.00198037   0.406171843   0   451.933002   0   460.425996   0.0303968469   0.358260205   1140.67553
0.6651   8.81054722e+34   0.000451861914   7.28439114e+14   -0.547351647   1.0020105   0.406160044   0   451.944905   0   460.433252   0.0303950907   0.358251624   1140.66314
0.6701   8.80975651e+34   0.00046212036   7.2841493e+14   -0.547357463   1.00204086   0.406148156   0   451.956899   0   460.440564   0.0303933213   0.358242978   1140.65065
0.6751   8.80895991e+34   0.000472532695   7.28390564e+14   -0.547363322   1.00207146   0.406136179   0   451.968983   0   460.44793   0.0303915387   0.358234267   1140.63807
0.6801   8.80815744e+34   0.000483100057   7.28366018e+14   -0.547369225   1.00210228   0.406124113   0   451.981157   0   460.455352   0.0303897429   0.358225491   1140.6254
0.6851   8.80734908e+34   0.000493823584   7.2834129e+14   -0.547375172   1.00213332   0.406111958   0   451.993422   0   460.462828   0.030387934   0.35821665   1140.61263
0.6901   8.80653485e+34   0.000504704413   7.28316382e+14   -0.547381162   1.0021646   0.406099714   0   452.005777   0   460.470359   0.0303861119   0.358207744   1140.59977
0.6951   8.80571473e+34   0.000515743681   7.28291292e+14   -0.547387197   1.0021961   0.40608738   0   452.018223   0   460.477946   0.0303842766   0.358198773   1140.58682
0.7001   8.80488874e+34   0.000526942526   7.28266022e+14   -0.547393274   1.00222783   0.406074958   0   452.030759   0   460.485587   0.0303824281   0.358189737   1140.57377
0.7051   8.80405687e+34   0.000538302084   7.28240571e+14   -0.547399396   1.00225979   0.406062447   0   452.043386   0   460.493283   0.0303805665   0.358180637   1140.56063
0.7101   8.80321913e+34   0.000549823491   7.28214939e+14   -0.547405561   1.00229198   0.406049846   0   452.056103   0   460.501035   0.0303786917   0.358171471   1140.5474
0.7151   8.80237551e+34   0.000561507883   7.28189126e+14   -0.547411769   1.0023244   0.406037157   0   452.06891   0   460.508841   0.0303768038   0.35816224   1140.53408
0.7201   8.80152601e+34   0.000573356397   7.28163133e+14   -0.547418022   1.00235704   0.406024378   0   452.081808   0   460.516702   0.0303749027   0.358152945   1140.52066
0.7251   8.80067065e+34   0.000585370169   7.28136958e+14   -0.547424318   1.00238992   0.406011511   0   452.094797   0   460.524618   0.0303729884   0.358143584   1140.50715
0.7301   8.79980941e+34   0.000597550333   7.28110602e+14   -0.547430657   1.00242302   0.405998554   0   452.107876   0   460.53259   0.0303710609   0.358134159   1140.49354
0.7351   8.7989423e+34   0.000609898025   7.28084066e+14   -0.547437041   1.00245635   0.405985508   0   452.121045   0   460.540616   0.0303691203   0.358124668   1140.47984
0.7401   8.79806932e+34   0.00062241438   7.28057349e+14   -0.547443467   1.0024899   0.405972373   0   452.134306   0   460.548697   0.0303671666   0.358115113   1140.46605
0.7451   8.79719046e+34   0.000635100532   7.28030451e+14   -0.547449938   1.00252369   0.40595915   0   452.147656   0   460.556834   0.0303651996   0.358105492   1140.45217
0.7501   8.79630575e+34   0.000647957617   7.28003372e+14   -0.547456452   1.0025577   0.405945837   0   452.161098   0   460.565025   0.0303632196   0.358095807   1140.43819
0.7551   8.79541516e+34   0.000660986768   7.27976112e+14   -0.54746301   1.00259195   0.405932435   0   452.17463   0   460.573271   0.0303612264   0.358086056   1140.42412
0.7601   8.79451871e+34   0.000674189119   7.27948671e+14   -0.547469612   1.00262642   0.405918943   0   452.188252   0   460.581573   0.03035922   0.358076241   1140.40996
0.7651   8.79361639e+34   0.000687565805   7.2792105e+14   -0.547476257   1.00266111   0.405905363   0   452.201966   0   460.589929   0.0303572005   0.35806636   1140.3957
0.7701   8.79270821e+34   0.000701117957   7.27893247e+14   -0.547482945   1.00269604   0.405891694   0   452.21577   0   460.598341   0.0303551678   0.358056415   1140.38135
0.7751   8.79179416e+34   0.000714846711   7.27865264e+14   -0.547489678   1.0027312   0.405877936   0   452.229664   0   460.606807   0.030353122   0.358046404   1140.36691
0.7801   8.79087425e+34   0.000728753197   7.278371e+14   -0.547496454   1.00276658   0.405864088   0   452.243649   0   460.615329   0.030351063   0.358036329   1140.35237
0.7851   8.78994848e+34   0.00074283855   7.27808755e+14   -0.547503274   1.00280219   0.405850152   0   452.257725   0   460.623906   0.0303489909   0.358026188   1140.33775
0.7901   8.78901685e+34   0.000757103902   7.27780229e+14   -0.547510137   1.00283803   0.405836126   0   452.271892   0   460.632537   0.0303469057   0.358015983   1140.32302
0.7951   8.78807936e+34   0.000771550384   7.27751523e+14   -0.547517044   1.0028741   0.405822011   0   452.286149   0   460.641224   0.0303448073   0.358005712   1140.30821
0.8001   8.78713601e+34   0.000786179128   7.27722636e+14   -0.547523995   1.0029104   0.405807808   0   452.300497   0   460.649966   0.0303426958   0.357995376   1140.2933
0.8051   8.78618681e+34   0.000800991266   7.27693568e+14   -0.547530989   1.00294693   0.405793515   0   452.314936   0   460.658763   0.0303405712   0.357984976   1140.2783
0.8101   8.78523175e+34   0.00081598793   7.27664319e+14   -0.547538027   1.00298368   0.405779133   0   452.329466   0   460.667615   0.0303384334   0.35797451   1140.26321
0.8151   8.78427083e+34   0.00083117025   7.27634889e+14   -0.547545109   1.00302066   0.405764662   0   452.344086   0   460.676522   0.0303362825   0.357963979   1140.24802
0.8201   8.78330406e+34   0.000846539357   7.27605278e+14   -0.547552234   1.00305787   0.405750102   0   452.358797   0   460.685485   0.0303341185   0.357953383   1140.23274
0.8251   8.78233144e+34   0.000862096381   7.27575487e+14   -0.547559403   1.00309531   0.405735453   0   452.373599   0   460.694502   0.0303319413   0.357942722   1140.21737
0.8301   8.78135296e+34   0.000877842453   7.27545515e+14   -0.547566616   1.00313298   0.405720715   0   452.388492   0   460.703574   0.0303297511   0.357931996   1140.2019
0.8351   8.78036864e+34   0.000893778702   7.27515362e+14   -0.547573872   1.00317088   0.405705887   0   452.403476   0   460.712702   0.0303275477   0.357921205   1140.18634
0.8401   8.77937846e+34   0.000909906259   7.27485028e+14   -0.547581172   1.00320901   0.405690971   0   452.41855   0   460.721885   0.0303253311   0.357910349   1140.17069
0.8451   8.77838244e+34   0.000926226252   7.27454514e+14   -0.547588515   1.00324736   0.405675965   0   452.433716   0   460.731123   0.0303231015   0.357899428   1140.15495
0.8501   8.77738056e+34   0.000942739811   7.27423819e+14   -0.547595902   1.00328594   0.405660871   0   452.448972   0   460.740416   0.0303208587   0.357888442   1140.13911
0.8551   8.77637285e+34   0.000959448063   7.27392943e+14   -0.547603333   1.00332475   0.405645687   0   452.464319   0   460.749764   0.0303186029   0.35787739   1140.12318
0.8601   8.77535928e+34   0.000976352139   7.27361886e+14   -0.547610808   1.00336379   0.405630414   0   452.479758   0   460.759167   0.0303163339   0.357866274   1140.10716
0.8651   8.77433988e+34   0.000993453165   7.27330648e+14   -0.547618326   1.00340306   0.405615052   0   452.495287   0   460.768625   0.0303140518   0.357855092   1140.09104
0.8701   8.77331463e+34   0.00101075227   7.2729923e+14   -0.547625888   1.00344256   0.405599601   0   452.510907   0   460.778139   0.0303117566   0.357843846   1140.07483
0.8751   8.77228353e+34   0.00102825058   7.27267631e+14   -0.547633493   1.00348229   0.405584061   0   452.526618   0   460.787708   0.0303094483   0.357832534   1140.05853
0.8801   8.7712466e+34   0.00104594923   7.27235852e+14   -0.547641142   1.00352224   0.405568432   0   452.54242   0   460.797332   0.0303071269   0.357821157   1140.04214
0.8851   8.77020383e+34   0.00106384933   7.27203891e+14   -0.547648835   1.00356242   0.405552713   0   452.558313   0   460.807011   0.0303047924   0.357809715   1140.02565
0.8901   8.76915522e+34   0.00108195202   7.2717175e+14   -0.547656571   1.00360284   0.405536906   0   452.574297   0   460.816745   0.0303024448   0.357798208   1140.00907
0.8951   8.76810077e+34   0.00110025843   7.27139428e+14   -0.547664351   1.00364348   0.40552101   0   452.590372   0   460.826535   0.030300084   0.357786635   1139.9924
0.9001   8.76704049e+34   0.00111876967   7.27106925e+14   -0.547672175   1.00368435   0.405505024   0   452.606539   0   460.836379   0.0302977102   0.357774998   1139.97563
0.9051   8.76597437e+34   0.00113748688   7.27074242e+14   -0.547680042   1.00372544   0.405488949   0   452.622796   0   460.846279   0.0302953233   0.357763295   1139.95877
0.9101   8.76490242e+34   0.00115641118   7.27041378e+14   -0.547687953   1.00376677   0.405472785   0   452.639144   0   460.856234   0.0302929234   0.357751528   1139.94182
0.9151   8.76382463e+34   0.0011755437   7.27008333e+14   -0.547695908   1.00380833   0.405456532   0   452.655584   0   460.866245   0.0302905103   0.357739695   1139.92478
0.9201   8.76274102e+34   0.00119488556   7.26975108e+14   -0.547703906   1.00385011   0.40544019   0   452.672115   0   460.87631   0.0302880841   0.357727797   1139.90764
0.9251   8.76165157e+34   0.00121443788   7.26941702e+14   -0.547711948   1.00389213   0.405423759   0   452.688737   0   460.886431   0.0302856448   0.357715833   1139.89041
0.9301   8.76055629e+34   0.00123420179   7.26908115e+14   -0.547720034   1.00393437   0.405407239   0   452.70545   0   460.896607   0.0302831925   0.357703805   1139.87309
0.9351   8.75945519e+34   0.00125417842   7.26874347e+14   -0.547728163   1.00397684   0.405390629   0   452.722254   0   460.906838   0.0302807271   0.357691711   1139.85567
0.9401   8.75834826e+34   0.00127436888   7.26840399e+14   -0.547736336   1.00401954   0.405373931   0   452.739149   0   460.917124   0.0302782486   0.357679553   1139.83816
0.9451   8.75723551e+34   0.0012947743   7.2680627e+14   -0.547744552   1.00406247   0.405357143   0   452.756136   0   460.927466   0.030275757   0.357667329   1139.82056
0.9501   8.75611693e+34   0.00131539581   7.26771961e+14   -0.547752813   1.00410563   0.405340266   0   452.773214   0   460.937863   0.0302732524   0.357655039   1139.80287
0.9551   8.75499253e+34   0.00133623452   7.2673747e+14   -0.547761116   1.00414902   0.4053233   0   452.790383   0   460.948315   0.0302707346   0.357642685   1139.78508
0.9601   8.75386231e+34   0.00135729156   7.26702799e+14   -0.547769464   1.00419264   0.405306245   0   452.807644   0   460.958823   0.0302682038   0.357630265   1139.7672
0.9651   8.75272627e+34   0.00137856805   7.26667948e+14   -0.547777855   1.00423648   0.405289101   0   452.824995   0   460.969386   0.03026566   0.357617781   1139.74923
0.9701   8.75158441e+34   0.00140006511   7.26632916e+14   -0.54778629   1.00428056   0.405271868   0   452.842438   0   460.980004   0.0302631031   0.357605231   1139.73117
0.9751   8.75043673e+34   0.00142178386   7.26597703e+14   -0.547794768   1.00432486   0.405254545   0   452.859973   0   460.990677   0.0302605331   0.357592615   1139.71301
0.9801   8.74928323e+34   0.00144372542   7.26562309e+14   -0.547803291   1.00436939   0.405237134   0   452.877599   0   461.001406   0.03025795   0.357579935   1139.69476
0.9851   8.74812392e+34   0.00146589092   7.26526735e+14   -0.547811856   1.00441415   0.405219633   0   452.895316   0   461.01219   0.0302553539   0.357567189   1139.67642
0.9901   8.7469588e+34   0.00148828148   7.2649098e+14   -0.547820466   1.00445915   0.405202043   0   452.913125   0   461.023029   0.0302527447   0.357554378   1139.65798
0.9951   8.74578786e+34   0.00151089821   7.26455045e+14   -0.547829119   1.00450437   0.405184364   0   452.931025   0   461.033924   0.0302501225   0.357541502   1139.63945
1.0001   8.74461112e+34   0.00153374223   7.26418929e+14   -0.547837816   1.00454982   0.405166596   0   452.949016   0   461.044874   0.0302474872   0.35752856   1139.62083
1.0051   8.74342856e+34   0.00155681466   7.26382632e+14   -0.547846556   1.00459549   0.405148739   0   452.967099   0   461.055879   0.0302448389   0.357515553   1139.60212
1.0101   8.74224019e+34   0.00158011663   7.26346155e+14   -0.54785534   1.0046414   0.405130793   0   452.985273   0   461.06694   0.0302421775   0.357502481   1139.58331
1.0151   8.74104602e+34   0.00160364925   7.26309497e+14   -0.547864168   1.00468754   0.405112757   0   453.003539   0   461.078056   0.0302395031   0.357489344   1139.56442
1.0201   8.73984604e+34   0.00162741363   7.26272659e+14   -0.547873039   1.00473391   0.405094633   0   453.021897   0   461.089227   0.0302368157   0.357476141   1139.54542
1.0251   8.73864026e+34   0.00165141091   7.2623564e+14   -0.547881954   1.0047805   0.405076419   0   453.040346   0   461.100454   0.0302341152   0.357462873   1139.52634
1.0301   8.73742867e+34   0.00167564219   7.2619844e+14   -0.547890913   1.00482733   0.405058116   0   453.058886   0   461.111736   0.0302314016   0.35744954   1139.50717
1.0351   8.73621128e+34   0.00170010859   7.2616106e+14   -0.547899915   1.00487438   0.405039724   0   453.077518   0   461.123073   0.030228675   0.357436142   1139.4879
1.0401   8.7349881e+34   0.00172481122   7.26123499e+14   -0.547908961   1.00492166   0.405021242   0   453.096242   0   461.134466   0.0302259354   0.357422678   1139.46854
1.0451   8.73375911e+34   0.00174975121   7.26085757e+14   -0.547918051   1.00496918   0.405002672   0   453.115057   0   461.145915   0.0302231828   0.357409149   1139.44908
1.0501   8.73252432e+34   0.00177492968   7.26047835e+14   -0.547927184   1.00501692   0.404984012   0   453.133964   0   461.157418   0.0302204171   0.357395554   1139.42953
1.0551   8.73128374e+34   0.00180034773   7.26009733e+14   -0.547936361   1.00506489   0.404965263   0   453.152963   0   461.168977   0.0302176384   0.357381894   1139.4099
1.0601   8.73003736e+34   0.00182600648   7.2597145e+14   -0.547945582   1.00511309   0.404946426   0   453.172053   0   461.180592   0.0302148467   0.357368169   1139.39016
1.0651   8.72878519e+34   0.00185190705   7.25932986e+14   -0.547954846   1.00516152   0.404927498   0   453.191235   0   461.192262   0.030212042   0.357354379   1139.37034
1.0701   8.72752723e+34   0.00187805055   7.25894342e+14   -0.547964154   1.00521019   0.404908482   0   453.210509   0   461.203987   0.0302092242   0.357340523   1139.35042
1.0751   8.72626348e+34   0.00190443809   7.25855517e+14   -0.547973506   1.00525907   0.404889377   0   453.229875   0   461.215768   0.0302063934   0.357326601   1139.33041
1.0801   8.72499393e+34   0.0019310708   7.25816511e+14   -0.547982901   1.00530819   0.404870182   0   453.249332   0   461.227604   0.0302035496   0.357312615   1139.31031
1.0851   8.7237186e+34   0.00195794978   7.25777325e+14   -0.54799234   1.00535754   0.404850898   0   453.268881   0   461.239496   0.0302006928   0.357298563   1139.29012
1.0901   8.72243749e+34   0.00198507614   7.25737959e+14   -0.548001822   1.00540712   0.404831525   0   453.288522   0   461.251443   0.030197823   0.357284445   1139.26983
1.0951   8.72115058e+34   0.00201245101   7.25698412e+14   -0.548011349   1.00545693   0.404812063   0   453.308255   0   461.263446   0.0301949401   0.357270263   1139.24945
1.1001   8.7198579e+34   0.00204007549   7.25658684e+14   -0.548020918   1.00550697   0.404792512   0   453.32808   0   461.275504   0.0301920443   0.357256014   1139.22898
1.1051   8.71855943e+34   0.00206795069   7.25618776e+14   -0.548030532   1.00555723   0.404772871   0   453.347996   0   461.287618   0.0301891355   0.357241701   1139.20842
1.1101   8.71725518e+34   0.00209607772   7.25578688e+14   -0.548040189   1.00560773   0.404753142   0   453.368005   0   461.299787   0.0301862136   0.357227322   1139.18776
1.1151   8.71594515e+34   0.00212445771   7.25538419e+14   -0.54804989   1.00565846   0.404733323   0   453.388105   0   461.312011   0.0301832788   0.357212877   1139.16701
1.1201   8.71462934e+34   0.00215309175   7.25497969e+14   -0.548059635   1.00570942   0.404713415   0   453.408297   0   461.324292   0.030180331   0.357198368   1139.14617
1.1251   8.71330776e+34   0.00218198096   7.25457339e+14   -0.548069423   1.0057606   0.404693417   0   453.428581   0   461.336627   0.0301773702   0.357183792   1139.12524
1.1301   8.7119804e+34   0.00221112645   7.25416528e+14   -0.548079255   1.00581202   0.404673331   0   453.448958   0   461.349018   0.0301743963   0.357169152   1139.10421
1.1351   8.71064727e+34   0.00224052933   7.25375537e+14   -0.54808913   1.00586366   0.404653155   0   453.469426   0   461.361465   0.0301714095   0.357154445   1139.0831
1.1401   8.70930837e+34   0.0022701907   7.25334366e+14   -0.548099049   1.00591554   0.40463289   0   453.489986   0   461.373967   0.0301684098   0.357139674   1139.06189
1.1451   8.70796369e+34   0.00230011168   7.25293013e+14   -0.548109012   1.00596764   0.404612536   0   453.510639   0   461.386525   0.030165397   0.357124837   1139.04058
1.1501   8.70661325e+34   0.00233029338   7.25251481e+14   -0.548119018   1.00601998   0.404592093   0   453.531383   0   461.399139   0.0301623712   0.357109934   1139.01919
1.1551   8.70525704e+34   0.0023607369   7.25209768e+14   -0.548129069   1.00607254   0.404571561   0   453.55222   0   461.411808   0.0301593325   0.357094966   1138.9977
1.1601   8.70389506e+34   0.00239144335   7.25167874e+14   -0.548139162   1.00612534   0.404550939   0   453.573149   0   461.424532   0.0301562808   0.357079933   1138.97612
1.1651   8.70252732e+34   0.00242241384   7.251258e+14   -0.5481493   1.00617836   0.404530228   0   453.59417   0   461.437313   0.0301532161   0.357064833   1138.95445
1.1701   8.70115382e+34   0.00245364948   7.25083546e+14   -0.548159481   1.00623162   0.404509428   0   453.615283   0   461.450148   0.0301501385   0.357049669   1138.93269
1.1751   8.69977455e+34   0.00248515137   7.25041111e+14   -0.548169706   1.0062851   0.404488539   0   453.636488   0   461.46304   0.0301470479   0.357034439   1138.91083
1.1801   8.69838953e+34   0.00251692062   7.24998495e+14   -0.548179974   1.00633882   0.40446756   0   453.657785   0   461.475987   0.0301439443   0.357019143   1138.88888
1.1851   8.69699875e+34   0.00254895834   7.24955699e+14   -0.548190286   1.00639276   0.404446492   0   453.679175   0   461.488989   0.0301408278   0.357003782   1138.86684
1.1901   8.69560221e+34   0.00258126562   7.24912723e+14   -0.548200642   1.00644694   0.404425335   0   453.700657   0   461.502048   0.0301376983   0.356988355   1138.84471
1.1951   8.69419991e+34   0.00261384358   7.24869566e+14   -0.548211041   1.00650134   0.404404089   0   453.722232   0   461.515161   0.0301345558   0.356972863   1138.82248
1.2001   8.69279186e+34   0.00264669332   7.24826229e+14   -0.548221485   1.00655598   0.404382753   0   453.743898   0   461.528331   0.0301314004   0.356957305   1138.80016
1.2051   8.69137806e+34   0.00267981594   7.24782711e+14   -0.548231971   1.00661084   0.404361329   0   453.765657   0   461.541556   0.030128232   0.356941682   1138.77775
1.2101   8.68995851e+34   0.00271321255   7.24739013e+14   -0.548242502   1.00666594   0.404339815   0   453.787509   0   461.554837   0.0301250507   0.356925993   1138.75525
1.2151   8.68853321e+34   0.00274688425   7.24695135e+14   -0.548253076   1.00672126   0.404318212   0   453.809453   0   461.568174   0.0301218565   0.356910239   1138.73266
1.2201   8.68710216e+34   0.00278083215   7.24651076e+14   -0.548263694   1.00677682   0.404296519   0   453.831489   0   461.581566   0.0301186493   0.356894419   1138.70997
1.2251   8.68566537e+34   0.00281505734   7.24606836e+14   -0.548274355   1.00683261   0.404274737   0   453.853618   0   461.595014   0.0301154291   0.356878533   1138.68719
1.2301   8.68422283e+34   0.00284956093   7.24562416e+14   -0.54828506   1.00688862   0.404252866   0   453.875839   0   461.608518   0.0301121961   0.356862582   1138.66432
1.2351   8.68277455e+34   0.00288434403   7.24517816e+14   -0.548295809   1.00694487   0.404230906   0   453.898153   0   461.622077   0.03010895   0.356846565   1138.64136
1.2401   8.68132053e+34   0.00291940772   7.24473036e+14   -0.548306601   1.00700134   0.404208857   0   453.920559   0   461.635692   0.0301056911   0.356830482   1138.6183
1.2451   8.67986077e+34   0.00295475312   7.24428074e+14   -0.548317437   1.00705805   0.404186718   0   453.943058   0   461.649363   0.0301024192   0.356814334   1138.59515
1.2501   8.67839527e+34   0.00299038132   7.24382933e+14   -0.548328317   1.00711499   0.40416449   0   453.965649   0   461.66309   0.0300991344   0.356798121   1138.57192
1.2551   8.67692404e+34   0.00302629342   7.24337611e+14   -0.54833924   1.00717216   0.404142173   0   453.988333   0   461.676872   0.0300958367   0.356781841   1138.54858
1.2601   8.67544707e+34   0.00306249053   7.24292109e+14   -0.548350207   1.00722955   0.404119766   0   454.01111   0   461.69071   0.030092526   0.356765496   1138.52516
1.2651   8.67396437e+34   0.00309897374   7.24246426e+14   -0.548361218   1.00728718   0.40409727   0   454.033979   0   461.704604   0.0300892025   0.356749085   1138.50164
1.2701   8.67247593e+34   0.00313574415   7.24200563e+14   -0.548372272   1.00734504   0.404074685   0   454.056941   0   461.718554   0.030085866   0.356732609   1138.47804
1.2751   8.67098177e+34   0.00317280286   7.2415452e+14   -0.54838337   1.00740313   0.404052011   0   454.079996   0   461.732559   0.0300825166   0.356716067   1138.45434
1.2801   8.66948188e+34   0.00321015096   7.24108296e+14   -0.548394512   1.00746145   0.404029247   0   454.103143   0   461.746621   0.0300791542   0.356699459   1138.43055
1.2851   8.66797627e+34   0.00324778956   7.24061892e+14   -0.548405697   1.00752   0.404006394   0   454.126384   0   461.760738   0.030075779   0.356682785   1138.40666
1.2901   8.66646493e+34   0.00328571975   7.24015308e+14   -0.548416926   1.00757878   0.403983452   0   454.149717   0   461.774911   0.0300723909   0.356666046   1138.38269
1.2951   8.66494787e+34   0.00332394263   7.23968543e+14   -0.548428199   1.0076378   0.403960421   0   454.173142   0   461.78914   0.0300689899   0.356649241   1138.35862
1.3001   8.66342508e+34   0.0033624593   7.23921597e+14   -0.548439516   1.00769704   0.4039373   0   454.196661   0   461.803424   0.0300655759   0.356632371   1138.33446
1.3051   8.66189658e+34   0.00340127084   7.23874472e+14   -0.548450876   1.00775651   0.40391409   0   454.220273   0   461.817765   0.0300621491   0.356615434   1138.31021
1.3101   8.66036236e+34   0.00344037836   7.23827166e+14   -0.548462279   1.00781621   0.40389079   0   454.243977   0   461.832161   0.0300587094   0.356598432   1138.28586
1.3151   8.65882242e+34   0.00347978295   7.2377968e+14   -0.548473727   1.00787615   0.403867401   0   454.267774   0   461.846613   0.0300552567   0.356581364   1138.26143
1.3201   8.65727677e+34   0.0035194857   7.23732013e+14   -0.548485218   1.00793631   0.403843923   0   454.291665   0   461.861122   0.0300517912   0.35656423   1138.2369
1.3251   8.65572541e+34   0.00355948771   7.23684166e+14   -0.548496752   1.00799671   0.403820356   0   454.315648   0   461.875686   0.0300483128   0.356547031   1138.21228
1.3301   8.65416834e+34   0.00359979007   7.23636138e+14   -0.548508331   1.00805734   0.403796699   0   454.339725   0   461.890306   0.0300448216   0.356529766   1138.18757
1.3351   8.65260556e+34   0.00364039388   7.23587931e+14   -0.548519953   1.00811819   0.403772953   0   454.363894   0   461.904981   0.0300413174   0.356512435   1138.16277
1.3401   8.65103707e+34   0.00368130022   7.23539543e+14   -0.548531618   1.00817928   0.403749118   0   454.388156   0   461.919713   0.0300378004   0.356495038   1138.13787
1.3451   8.64946287e+34   0.00372251019   7.23490974e+14   -0.548543328   1.0082406   0.403725193   0   454.412512   0   461.934501   0.0300342705   0.356477575   1138.11288
1.3501   8.64788297e+34   0.00376402488   7.23442226e+14   -0.548555081   1.00830215   0.403701179   0   454.436961   0   461.949345   0.0300307277   0.356460047   1138.0878
1.3551   8.64629737e+34   0.00380584539   7.23393297e+14   -0.548566877   1.00836393   0.403677076   0   454.461503   0   461.964244   0.030027172   0.356442452   1138.06263
1.3601   8.64470607e+34   0.00384797279   7.23344187e+14   -0.548578718   1.00842594   0.403652883   0   454.486138   0   461.9792   0.0300236035   0.356424792   1138.03737
1.3651   8.64310907e+34   0.00389040819   7.23294898e+14   -0.548590602   1.00848819   0.403628601   0   454.510866   0   461.994212   0.0300200221   0.356407066   1138.01202
1.3701   8.64150637e+34   0.00393315267   7.23245428e+14   -0.54860253   1.00855066   0.40360423   0   454.535687   0   462.009279   0.0300164279   0.356389274   1137.98657
1.3751   8.63989798e+34   0.00397620733   7.23195778e+14   -0.548614501   1.00861336   0.403579769   0   454.560602   0   462.024403   0.0300128208   0.356371417   1137.96103
1.3801   8.6382839e+34   0.00401957324   7.23145947e+14   -0.548626516   1.0086763   0.403555219   0   454.58561   0   462.039582   0.0300092008   0.356353493   1137.9354
1.3851   8.63666412e+34   0.0040632515   7.23095936e+14   -0.548638575   1.00873947   0.403530579   0   454.610712   0   462.054818   0.030005568   0.356335504   1137.90968
1.3901   8.63503866e+34   0.0041072432   7.23045745e+14   -0.548650677   1.00880286   0.40350585   0   454.635907   0   462.07011   0.0300019224   0.356317448   1137.88387
1.3951   8.63340751e+34   0.00415154942   7.22995373e+14   -0.548662823   1.00886649   0.403481032   0   454.661195   0   462.085457   0.0299982639   0.356299327   1137.85796
1.4001   8.63177067e+34   0.00419617126   7.22944822e+14   -0.548675013   1.00893035   0.403456124   0   454.686576   0   462.100861   0.0299945925   0.356281139   1137.83196
1.4051   8.63012815e+34   0.00424110979   7.2289409e+14   -0.548687246   1.00899445   0.403431127   0   454.712051   0   462.116321   0.0299909083   0.356262886   1137.80587
1.4101   8.62847994e+34   0.0042863661   7.22843177e+14   -0.548699523   1.00905877   0.403406041   0   454.73762   0   462.131837   0.0299872113   0.356244567   1137.77969
1.4151   8.62682606e+34   0.00433194129   7.22792085e+14   -0.548711844   1.00912332   0.403380865   0   454.763282   0   462.147409   0.0299835015   0.356226182   1137.75342
1.4201   8.6251665e+34   0.00437783643   7.22740812e+14   -0.548724208   1.00918811   0.4033556   0   454.789038   0   462.163037   0.0299797788   0.356207731   1137.72706
1.4251   8.62350126e+34   0.0044240526   7.22689358e+14   -0.548736616   1.00925312   0.403330245   0   454.814887   0   462.178722   0.0299760433   0.356189214   1137.7006
1.4301   8.62183034e+34   0.0044705909   7.22637725e+14   -0.548749068   1.00931837   0.403304801   0   454.840829   0   462.194462   0.0299722949   0.356170631   1137.67405
1.4351   8.62015376e+34   0.0045174524   7.22585911e+14   -0.548761564   1.00938385   0.403279268   0   454.866866   0   462.210259   0.0299685338   0.356151982   1137.64742
1.4401   8.6184715e+34   0.0045646382   7.22533917e+14   -0.548774103   1.00944956   0.403253645   0   454.892996   0   462.226111   0.0299647598   0.356133267   1137.62068
1.4451   8.61678357e+34   0.00461214936   7.22481743e+14   -0.548786685   1.0095155   0.403227933   0   454.91922   0   462.24202   0.029960973   0.356114486   1137.59386
1.4501   8.61508998e+34   0.00465998698   7.22429388e+14   -0.548799312   1.00958168   0.403202131   0   454.945537   0   462.257985   0.0299571734   0.356095638   1137.56695
1.4551   8.61339072e+34   0.00470815214   7.22376853e+14   -0.548811982   1.00964808   0.40317624   0   454.971948   0   462.274007   0.029953361   0.356076725   1137.53994
1.4601   8.61168579e+34   0.00475664591   7.22324138e+14   -0.548824696   1.00971472   0.40315026   0   454.998453   0   462.290084   0.0299495357   0.356057746   1137.51285
1.4651   8.60997521e+34   0.00480546938   7.22271243e+14   -0.548837453   1.00978159   0.40312419   0   455.025052   0   462.306218   0.0299456977   0.356038701   1137.48566
1.4701   8.60825897e+34   0.00485462362   7.22218167e+14   -0.548850254   1.00984869   0.40309803   0   455.051745   0   462.322407   0.0299418468   0.356019589   1137.45838
1.4751   8.60653706e+34   0.00490410972   7.22164911e+14   -0.548863099   1.00991602   0.403071781   0   455.078532   0   462.338654   0.0299379832   0.356000412   1137.431
1.4801   8.60480951e+34   0.00495392876   7.22111475e+14   -0.548875987   1.00998358   0.403045443   0   455.105412   0   462.354956   0.0299341068   0.355981168   1137.40354
1.4851   8.60307629e+34   0.00500408181   7.22057859e+14   -0.54888892   1.01005138   0.403019015   0   455.132387   0   462.371315   0.0299302176   0.355961859   1137.37599
1.4901   8.60133743e+34   0.00505456995   7.22004062e+14   -0.548901895   1.0101194   0.402992498   0   455.159455   0   462.38773   0.0299263156   0.355942483   1137.34834
1.4951   8.59959292e+34   0.00510539427   7.21950085e+14   -0.548914915   1.01018766   0.402965891   0   455.186618   0   462.404201   0.0299224008   0.355923041   1137.3206
1.5001   8.59784276e+34   0.00515655583   7.21895928e+14   -0.548927978   1.01025615   0.402939195   0   455.213874   0   462.420728   0.0299184732   0.355903533   1137.29277
1.5051   8.59608695e+34   0.00520805571   7.21841591e+14   -0.548941085   1.01032487   0.402912409   0   455.241225   0   462.437312   0.0299145328   0.355883959   1137.26485
1.5101   8.5943255e+34   0.00525989499   7.21787073e+14   -0.548954235   1.01039383   0.402885534   0   455.26867   0   462.453952   0.0299105797   0.355864319   1137.23684
1.5151   8.5925584e+34   0.00531207475   7.21732375e+14   -0.548967429   1.01046301   0.40285857   0   455.296208   0   462.470649   0.0299066138   0.355844612   1137.20873
1.5201   8.59078567e+34   0.00536459606   7.21677497e+14   -0.548980667   1.01053243   0.402831515   0   455.323842   0   462.487401   0.0299026351   0.355824839   1137.18054
1.5251   8.5890073e+34   0.00541745999   7.21622439e+14   -0.548993949   1.01060208   0.402804372   0   455.351569   0   462.504211   0.0298986436   0.355805   1137.15225
1.5301   8.58722329e+34   0.00547066763   7.215672e+14   -0.549007274   1.01067196   0.402777139   0   455.37939   0   462.521076   0.0298946394   0.355785095   1137.12387
1.5351   8.58543365e+34   0.00552422003   7.21511782e+14   -0.549020643   1.01074207   0.402749816   0   455.407306   0   462.537998   0.0298906224   0.355765124   1137.0954
1.5401   8.58363837e+34   0.00557811828   7.21456183e+14   -0.549034055   1.01081242   0.402722404   0   455.435316   0   462.554976   0.0298865927   0.355745086   1137.06684
1.5451   8.58183747e+34   0.00563236344   7.21400403e+14   -0.549047511   1.01088299   0.402694902   0   455.463421   0   462.572011   0.0298825502   0.355724982   1137.03819
1.5501   8.58003094e+34   0.0056869566   7.21344444e+14   -0.549061011   1.0109538   0.402667311   0   455.49162   0   462.589102   0.029878495   0.355704812   1137.00945
1.5551   8.57821878e+34   0.00574189881   7.21288304e+14   -0.549074555   1.01102484   0.40263963   0   455.519913   0   462.60625   0.029874427   0.355684576   1136.98061
1.5601   8.57640099e+34   0.00579719116   7.21231984e+14   -0.549088142   1.01109612   0.40261186   0   455.548301   0   462.623454   0.0298703462   0.355664273   1136.95168
1.5651   8.57457759e+34   0.00585283471   7.21175485e+14   -0.549101773   1.01116762   0.402584   0   455.576783   0   462.640715   0.0298662528   0.355643904   1136.92267
1.5701   8.57274856e+34   0.00590883053   7.21118805e+14   -0.549115448   1.01123936   0.402556051   0   455.605359   0   462.658031   0.0298621466   0.355623469   1136.89356
1.5751   8.57091392e+34   0.00596517968   7.21061946e+14   -0.549129166   1.01131133   0.402528013   0   455.63403   0   462.675404   0.0298580278   0.355602968   1136.86436
1.5801   8.56907366e+34   0.00602188325   7.21004907e+14   -0.549142928   1.01138353   0.402499885   0   455.662795   0   462.692834   0.0298538962   0.355582401   1136.83507
1.5851   8.56722779e+34   0.0060789423   7.20947689e+14   -0.549156733   1.01145597   0.402471668   0   455.691654   0   462.71032   0.029849752   0.355561768   1136.80568
1.5901   8.5653763e+34   0.00613635789   7.20890291e+14   -0.549170583   1.01152863   0.402443362   0   455.720607   0   462.727862   0.0298455951   0.355541068   1136.77621
1.5951   8.56351921e+34   0.00619413109   7.20832713e+14   -0.549184476   1.01160153   0.402414967   0   455.749656   0   462.74546   0.0298414255   0.355520302   1136.74665
1.6001   8.56165651e+34   0.00625226297   7.20774956e+14   -0.549198412   1.01167466   0.402386482   0   455.778798   0   462.763115   0.0298372432   0.355499471   1136.71699
1.6051   8.5597882e+34   0.0063107546   7.20717019e+14   -0.549212393   1.01174803   0.402357908   0   455.808035   0   462.780827   0.0298330482   0.355478573   1136.68725
1.6101   8.55791429e+34   0.00636960704   7.20658902e+14   -0.549226417   1.01182162   0.402329245   0   455.837366   0   462.798594   0.0298288406   0.355457608   1136.65741
1.6151   8.55603477e+34   0.00642882135   7.20600606e+14   -0.549240484   1.01189545   0.402300492   0   455.866792   0   462.816418   0.0298246203   0.355436578   1136.62748
1.6201   8.55414966e+34   0.0064883986   7.2054213e+14   -0.549254596   1.01196951   0.40227165   0   455.896313   0   462.834299   0.0298203873   0.355415481   1136.59746
1.6251   8.55225895e+34   0.00654833985   7.20483475e+14   -0.549268751   1.01204381   0.402242719   0   455.925928   0   462.852236   0.0298161417   0.355394318   1136.56735
1.6301   8.55036265e+34   0.00660864617   7.2042464e+14   -0.549282949   1.01211833   0.402213698   0   455.955638   0   462.870229   0.0298118835   0.355373089   1136.53715
1.6351   8.54846075e+34   0.00666931862   7.20365625e+14   -0.549297192   1.01219309   0.402184588   0   455.985443   0   462.888279   0.0298076125   0.355351794   1136.50686
1.6401   8.54655326e+34   0.00673035826   7.20306431e+14   -0.549311478   1.01226808   0.402155389   0   456.015342   0   462.906386   0.0298033289   0.355330432   1136.47648
1.6451   8.54464019e+34   0.00679176616   7.20247057e+14   -0.549325808   1.01234331   0.4021261   0   456.045336   0   462.924549   0.0297990327   0.355309004   1136.44601
1.6501   8.54272152e+34   0.00685354336   7.20187504e+14   -0.549340181   1.01241877   0.402096722   0   456.075424   0   462.942768   0.0297947238   0.35528751   1136.41545
1.6551   8.54079727e+34   0.00691569094   7.20127771e+14   -0.549354598   1.01249446   0.402067255   0   456.105608   0   462.961044   0.0297904023   0.355265949   1136.38479
1.6601   8.53886744e+34   0.00697820996   7.20067858e+14   -0.549369059   1.01257038   0.402037698   0   456.135886   0   462.979376   0.0297860682   0.355244323   1136.35405
1.6651   8.53693203e+34   0.00704110147   7.20007766e+14   -0.549383563   1.01264653   0.402008052   0   456.16626   0   462.997765   0.0297817214   0.355222629   1136.32321
1.6701   8.53499104e+34   0.00710436653   7.19947495e+14   -0.549398111   1.01272292   0.401978317   0   456.196728   0   463.016211   0.029777362   0.35520087   1136.29228
1.6751   8.53304448e+34   0.0071680062   7.19887044e+14   -0.549412703   1.01279954   0.401948492   0   456.227291   0   463.034713   0.02977299   0.355179044   1136.26127
1.6801   8.53109234e+34   0.00723202154   7.19826413e+14   -0.549427339   1.0128764   0.401918578   0   456.257949   0   463.053272   0.0297686053   0.355157152   1136.23016
1.6851   8.52913463e+34   0.00729641361   7.19765603e+14   -0.549442018   1.01295348   0.401888574   0   456.288703   0   463.071887   0.029764208   0.355135193   1136.19896
1.6901   8.52717136e+34   0.00736118346   7.19704613e+14   -0.549456741   1.01303081   0.401858481   0   456.319551   0   463.090559   0.0297597982   0.355113168   1136.16767
1.6951   8.52520251e+34   0.00742633214   7.19643444e+14   -0.549471507   1.01310836   0.401828299   0   456.350494   0   463.109288   0.0297553757   0.355091077   1136.13629
1.7001   8.5232281e+34   0.00749186072   7.19582095e+14   -0.549486318   1.01318614   0.401798028   0   456.381533   0   463.128073   0.0297509406   0.355068919   1136.10482
1.7051   8.52124813e+34   0.00755777024   7.19520567e+14   -0.549501171   1.01326416   0.401767667   0   456.412666   0   463.146915   0.0297464929   0.355046695   1136.07326
1.7101   8.51926259e+34   0.00762406177   7.19458859e+14   -0.549516069   1.01334242   0.401737216   0   456.443895   0   463.165814   0.0297420326   0.355024404   1136.04161
1.7151   8.5172715e+34   0.00769073635   7.19396971e+14   -0.54953101   1.0134209   0.401706676   0   456.475219   0   463.184769   0.0297375596   0.355002047   1136.00986
1.7201   8.51527486e+34   0.00775779504   7.19334905e+14   -0.549545995   1.01349962   0.401676047   0   456.506639   0   463.203781   0.0297330742   0.354979624   1135.97803
1.7251   8.51327265e+34   0.0078252389   7.19272658e+14   -0.549561024   1.01357857   0.401645328   0   456.538154   0   463.222849   0.0297285761   0.354957134   1135.94611
1.7301   8.5112649e+34   0.00789306896   7.19210232e+14   -0.549576096   1.01365776   0.40161452   0   456.569764   0   463.241975   0.0297240654   0.354934577   1135.91409
1.7351   8.5092516e+34   0.00796128629   7.19147627e+14   -0.549591212   1.01373718   0.401583623   0   456.601469   0   463.261157   0.0297195422   0.354911955   1135.88199
1.7401   8.50723275e+34   0.00802989193   7.19084842e+14   -0.549606372   1.01381683   0.401552636   0   456.63327   0   463.280396   0.0297150063   0.354889265   1135.84979
1.7451   8.50520836e+34   0.00809888694   7.19021878e+14   -0.549621575   1.01389671   0.401521559   0   456.665167   0   463.299691   0.0297104579   0.354866509   1135.81751
1.7501   8.50317842e+34   0.00816827236   7.18958734e+14   -0.549636822   1.01397683   0.401490394   0   456.697158   0   463.319044   0.0297058969   0.354843687   1135.78513
1.7551   8.50114295e+34   0.00823804925   7.1889541e+14   -0.549652113   1.01405718   0.401459138   0   456.729246   0   463.338453   0.0297013234   0.354820798   1135.75266
1.7601   8.49910193e+34   0.00830821865   7.18831908e+14   -0.549667447   1.01413777   0.401427794   0   456.761429   0   463.357919   0.0296967373   0.354797842   1135.72011
1.7651   8.49705538e+34   0.0083787816   7.18768225e+14   -0.549682825   1.01421859   0.401396359   0   456.793708   0   463.377442   0.0296921386   0.35477482   1135.68746
1.7701   8.4950033e+34   0.00844973916   7.18704364e+14   -0.549698247   1.01429964   0.401364836   0   456.826082   0   463.397022   0.0296875274   0.354751731   1135.65472
1.7751   8.49294569e+34   0.00852109238   7.18640322e+14   -0.549713713   1.01438093   0.401333223   0   456.858552   0   463.416658   0.0296829036   0.354728576   1135.62189
1.7801   8.49088254e+34   0.00859284229   7.18576102e+14   -0.549729222   1.01446245   0.40130152   0   456.891118   0   463.436352   0.0296782673   0.354705354   1135.58897
1.7851   8.48881387e+34   0.00866498995   7.18511701e+14   -0.549744775   1.0145442   0.401269728   0   456.923779   0   463.456102   0.0296736185   0.354682065   1135.55597
1.7901   8.48673968e+34   0.00873753639   7.18447122e+14   -0.549760371   1.01462619   0.401237847   0   456.956537   0   463.475909   0.0296689571   0.35465871   1135.52287
1.7951   8.48465997e+34   0.00881048267   7.18382363e+14   -0.549776011   1.01470841   0.401205875   0   456.98939   0   463.495773   0.0296642831   0.354635288   1135.48968
1.8001   8.48257473e+34   0.00888382982   7.18317424e+14   -0.549791695   1.01479086   0.401173815   0   457.022339   0   463.515695   0.0296595966   0.354611799   1135.4564
1.8051   8.48048398e+34   0.0089575789   7.18252306e+14   -0.549807423   1.01487355   0.401141665   0   457.055384   0   463.535673   0.0296548976   0.354588244   1135.42303
1.8101   8.47838771e+34   0.00903173093   7.18187009e+14   -0.549823194   1.01495647   0.401109425   0   457.088525   0   463.555708   0.0296501861   0.354564622   1135.38956
1.8151   8.47628593e+34   0.00910628697   7.18121532e+14   -0.549839009   1.01503963   0.401077096   0   457.121762   0   463.575799   0.029645462   0.354540933   1135.35601
1.8201   8.47417865e+34   0.00918124804   7.18055876e+14   -0.549854867   1.01512302   0.401044678   0   457.155096   0   463.595948   0.0296407255   0.354517178   1135.32237
1.8251   8.47206585e+34   0.00925661521   7.1799004e+14   -0.54987077   1.01520664   0.40101217   0   457.188525   0   463.616154   0.0296359764   0.354493356   1135.28864
1.8301   8.46994755e+34   0.00933238949   7.17924025e+14   -0.549886716   1.0152905   0.400979572   0   457.22205   0   463.636417   0.0296312148   0.354469467   1135.25482
1.8351   8.46782374e+34   0.00940857194   7.1785783e+14   -0.549902705   1.01537459   0.400946885   0   457.255672   0   463.656737   0.0296264407   0.354445512   1135.22091
1.8401   8.46569444e+34   0.00948516359   7.17791456e+14   -0.549918739   1.01545892   0.400914108   0   457.289389   0   463.677114   0.0296216541   0.354421489   1135.1869
1.8451   8.46355963e+34   0.00956216548   7.17724903e+14   -0.549934816   1.01554348   0.400881242   0   457.323204   0   463.697548   0.0296168549   0.3543974   1135.15281
1.8501   8.46141933e+34   0.00963957865   7.1765817e+14   -0.549950936   1.01562827   0.400848286   0   457.357114   0   463.71804   0.0296120433   0.354373244   1135.11863
1.8551   8.45927354e+34   0.00971740413   7.17591257e+14   -0.549967101   1.0157133   0.40081524   0   457.391121   0   463.738588   0.0296072192   0.354349021   1135.08436
1.8601   8.45712226e+34   0.00979564296   7.17524165e+14   -0.549983309   1.01579856   0.400782105   0   457.425224   0   463.759193   0.0296023826   0.354324731   1135.04999
1.8651   8.45496548e+34   0.00987429617   7.17456894e+14   -0.549999561   1.01588406   0.400748881   0   457.459423   0   463.779856   0.0295975336   0.354300375   1135.01554
1.8701   8.45280323e+34   0.0099533648   7.17389444e+14   -0.550015856   1.01596979   0.400715567   0   457.493719   0   463.800576   0.029592672   0.354275952   1134.981
1.8751   8.45063548e+34   0.0100328499   7.17321814e+14   -0.550032195   1.01605576   0.400682163   0   457.528112   0   463.821353   0.029587798   0.354251461   1134.94636
1.8801   8.44846226e+34   0.0101127525   7.17254004e+14   -0.550048578   1.01614196   0.400648669   0   457.562601   0   463.842187   0.0295829115   0.354226904   1134.91164
1.8851   8.44628356e+34   0.0101930735   7.17186015e+14   -0.550065005   1.01622839   0.400615086   0   457.597186   0   463.863078   0.0295780125   0.35420228   1134.87683
1.8901   8.44409938e+34   0.0102738142   7.17117847e+14   -0.550081475   1.01631506   0.400581414   0   457.631868   0   463.884026   0.029573101   0.354177589   1134.84192
1.8951   8.44190972e+34   0.0103549754   7.17049499e+14   -0.550097989   1.01640196   0.400547652   0   457.666647   0   463.905032   0.0295681771   0.354152831   1134.80693
1.9001   8.4397146e+34   0.0104365583   7.16980972e+14   -0.550114546   1.0164891   0.4005138   0   457.701523   0   463.926095   0.0295632408   0.354128007   1134.77184
1.9051   8.43751401e+34   0.0105185637   7.16912266e+14   -0.550131148   1.01657647   0.400479858   0   457.736495   0   463.947215   0.029558292   0.354103115   1134.73667
1.9101   8.43530795e+34   0.0106009929   7.1684338e+14   -0.550147792   1.01666408   0.400445827   0   457.771565   0   463.968393   0.0295533307   0.354078156   1134.70141
1.9151   8.43309642e+34   0.0106838467   7.16774314e+14   -0.550164481   1.01675192   0.400411706   0   457.806731   0   463.989627   0.029548357   0.35405313   1134.66605
1.9201   8.43087944e+34   0.0107671263   7.1670507e+14   -0.550181213   1.01683999   0.400377496   0   457.841994   0   464.010919   0.0295433708   0.354028037   1134.63061
1.9251   8.42865699e+34   0.0108508327   7.16635646e+14   -0.550197989   1.0169283   0.400343196   0   457.877354   0   464.032269   0.0295383722   0.354002878   1134.59508
1.9301   8.42642909e+34   0.0109349668   7.16566042e+14   -0.550214809   1.01701685   0.400308806   0   457.912811   0   464.053676   0.0295333612   0.353977651   1134.55945
1.9351   8.42419573e+34   0.0110195298   7.16496259e+14   -0.550231673   1.01710563   0.400274326   0   457.948365   0   464.07514   0.0295283377   0.353952357   1134.52374
1.9401   8.42195692e+34   0.0111045225   7.16426297e+14   -0.55024858   1.01719464   0.400239757   0   457.984016   0   464.096661   0.0295233018   0.353926996   1134.48794
1.9451   8.41971267e+34   0.0111899462   7.16356155e+14   -0.55026553   1.01728389   0.400205098   0   458.019764   0   464.11824   0.0295182535   0.353901568   1134.45204
1.9501   8.41746296e+34   0.0112758017   7.16285834e+14   -0.550282525   1.01737338   0.40017035   0   458.055609   0   464.139877   0.0295131927   0.353876072   1134.41606
1.9551   8.41520781e+34   0.0113620902   7.16215333e+14   -0.550299563   1.0174631   0.400135511   0   458.091552   0   464.16157   0.0295081196   0.35385051   1134.37999
1.9601   8.41294722e+34   0.0114488125   7.16144653e+14   -0.550316645   1.01755305   0.400100583   0   458.127591   0   464.183321   0.029503034   0.353824881   1134.34382
1.9651   8.4106812e+34   0.0115359699   7.16073794e+14   -0.55033377   1.01764324   0.400065566   0   458.163728   0   464.20513   0.029497936   0.353799184   1134.30757
1.9701   8.40840973e+34   0.0116235632   7.16002755e+14   -0.55035094   1.01773367   0.400030458   0   458.199963   0   464.226996   0.0294928256   0.35377342   1134.27123
1.9751   8.40613283e+34   0.0117115935   7.15931537e+14   -0.550368153   1.01782432   0.399995261   0   458.236295   0   464.24892   0.0294877028   0.353747589   1134.2348
1.9801   8.4038505e+34   0.0118000618   7.15860139e+14   -0.550385409   1.01791522   0.399959974   0   458.272724   0   464.270901   0.0294825677   0.353721691   1134.19828
1.9851   8.40156274e+34   0.0118889692   7.15788562e+14   -0.550402709   1.01800635   0.399924597   0   458.309251   0   464.29294   0.0294774201   0.353695725   1134.16166
1.9901   8.39926955e+34   0.0119783166   7.15716806e+14   -0.550420053   1.01809771   0.39988913   0   458.345875   0   464.315036   0.0294722601   0.353669693   1134.12496
1.9951   8.39697094e+34   0.0120681051   7.1564487e+14   -0.550437441   1.01818931   0.399853574   0   458.382597   0   464.33719   0.0294670878   0.353643593   1134.08817
2.0001   8.39466691e+34   0.0121583357   7.15572755e+14   -0.550454872   1.01828115   0.399817928   0   458.419416   0   464.359401   0.029461903   0.353617426   1134.05129
2.0051   8.39235746e+34   0.0122490094   7.1550046e+14   -0.550472347   1.01837322   0.399782192   0   458.456333   0   464.381671   0.0294567059   0.353591191   1134.01432
2.0101   8.3900426e+34   0.0123401272   7.15427986e+14   -0.550489866   1.01846553   0.399746366   0   458.493348   0   464.403997   0.0294514964   0.35356489   1133.97726
2.0151   8.38772232e+34   0.0124316902   7.15355333e+14   -0.550507429   1.01855807   0.399710451   0   458.530461   0   464.426382   0.0294462746   0.35353852   1133.94011
2.0201   8.38539663e+34   0.0125236993   7.152825e+14   -0.550525035   1.01865084   0.399674445   0   458.567671   0   464.448824   0.0294410403   0.353512084   1133.90287
2.0251   8.38306553e+34   0.0126161556   7.15209487e+14   -0.550542685   1.01874386   0.39963835   0   458.604979   0   464.471323   0.0294357937   0.35348558   1133.86554
2.0301   8.38072903e+34   0.0127090601   7.15136296e+14   -0.550560378   1.0188371   0.399602165   0   458.642385   0   464.493881   0.0294305348   0.353459009   1133.82812
2.0351   8.37838712e+34   0.0128024138   7.15062925e+14   -0.550578115   1.01893059   0.39956589   0   458.679889   0   464.516496   0.0294252635   0.353432371   1133.79062
2.0401   8.37603982e+34   0.0128962177   7.14989374e+14   -0.550595896   1.0190243   0.399529525   0   458.717491   0   464.539169   0.0294199798   0.353405665   1133.75302
2.0451   8.37368711e+34   0.0129904728   7.14915644e+14   -0.550613721   1.01911826   0.39949307   0   458.755192   0   464.561899   0.0294146838   0.353378891   1133.71533
2.0501   8.37132901e+34   0.0130851801   7.14841735e+14   -0.550631589   1.01921245   0.399456526   0   458.79299   0   464.584688   0.0294093755   0.35335205   1133.67755
2.0551   8.36896552e+34   0.0131803407   7.14767646e+14   -0.550649501   1.01930688   0.399419891   0   458.830886   0   464.607534   0.0294040548   0.353325142   1133.63969
2.0601   8.36659664e+34   0.0132759555   7.14693378e+14   -0.550667457   1.01940154   0.399383167   0   458.868881   0   464.630438   0.0293987218   0.353298166   1133.60173
2.0651   8.36422237e+34   0.0133720256   7.1461893e+14   -0.550685456   1.01949643   0.399346353   0   458.906974   0   464.6534   0.0293933764   0.353271123   1133.56368
2.0701   8.36184272e+34   0.013468552   7.14544303e+14   -0.550703499   1.01959157   0.399309449   0   458.945165   0   464.676419   0.0293880187   0.353244012   1133.52555
2.0751   8.35945769e+34   0.0135655356   7.14469497e+14   -0.550721586   1.01968694   0.399272454   0   458.983454   0   464.699497   0.0293826487   0.353216834   1133.48732
2.0801   8.35706727e+34   0.0136629775   7.14394511e+14   -0.550739716   1.01978254   0.39923537   0   459.021842   0   464.722633   0.0293772664   0.353189588   1133.44901
2.0851   8.35467148e+34   0.0137608787   7.14319345e+14   -0.55075789   1.01987838   0.399198196   0   459.060328   0   464.745826   0.0293718718   0.353162275   1133.41061
2.0901   8.35227032e+34   0.0138592402   7.14244001e+14   -0.550776108   1.01997446   0.399160932   0   459.098913   0   464.769077   0.0293664648   0.353134894   1133.37211
2.0951   8.34986378e+34   0.013958063   7.14168476e+14   -0.55079437   1.02007077   0.399123578   0   459.137596   0   464.792387   0.0293610456   0.353107445   1133.33353
2.1001   8.34745188e+34   0.0140573481   7.14092773e+14   -0.550812675   1.02016732   0.399086135   0   459.176378   0   464.815754   0.029355614   0.353079929   1133.29486
2.1051   8.34503461e+34   0.0141570965   7.1401689e+14   -0.550831024   1.0202641   0.399048601   0   459.215259   0   464.839179   0.0293501701   0.353052346   1133.2561
2.1101   8.34261198e+34   0.0142573092   7.13940827e+14   -0.550849416   1.02036113   0.399010977   0   459.254238   0   464.862662   0.029344714   0.353024694   1133.21725
2.1151   8.34018399e+34   0.0143579872   7.13864585e+14   -0.550867852   1.02045838   0.398973263   0   459.293316   0   464.886204   0.0293392455   0.352996975   1133.17831
2.1201   8.33775064e+34   0.0144591315   7.13788164e+14   -0.550886332   1.02055588   0.398935459   0   459.332492   0   464.909803   0.0293337648   0.352969188   1133.13928
2.1251   8.33531194e+34   0.0145607432   7.13711563e+14   -0.550904856   1.02065361   0.398897565   0   459.371768   0   464.93346   0.0293282717   0.352941333   1133.10016
2.1301   8.33286788e+34   0.0146628231   7.13634782e+14   -0.550923423   1.02075157   0.398859581   0   459.411142   0   464.957176   0.0293227664   0.352913411   1133.06095
2.1351   8.33041848e+34   0.0147653723   7.13557822e+14   -0.550942034   1.02084978   0.398821507   0   459.450616   0   464.980949   0.0293172488   0.352885421   1133.02166
2.1401   8.32796373e+34   0.0148683919   7.13480684e+14   -0.550960689   1.02094821   0.398783343   0   459.490188   0   465.004781   0.0293117191   0.352857364   1132.98227
2.1451   8.32550363e+34   0.0149718827   7.13403367e+14   -0.550979388   1.02104689   0.39874509   0   459.529858   0   465.02867   0.0293061771   0.352829239   1132.9428
2.1501   8.3230382e+34   0.0150758458   7.13325872e+14   -0.55099813   1.0211458   0.398706747   0   459.569627   0   465.052617   0.0293006229   0.352801047   1132.90323
2.1551   8.32056743e+34   0.0151802823   7.13248199e+14   -0.551016916   1.02124495   0.398668315   0   459.609495   0   465.076622   0.0292950566   0.352772787   1132.86358
2.1601   8.31809132e+34   0.015285193   7.13170347e+14   -0.551035745   1.02134433   0.398629793   0   459.649461   0   465.100685   0.029289478   0.35274446   1132.82384
2.1651   8.31560988e+34   0.015390579   7.13092316e+14   -0.551054618   1.02144396   0.398591181   0   459.689526   0   465.124806   0.0292838873   0.352716065   1132.78401
2.1701   8.3131231e+34   0.0154964413   7.13014108e+14   -0.551073535   1.02154381   0.39855248   0   459.729689   0   465.148985   0.0292782844   0.352687603   1132.74409
2.1751   8.31063101e+34   0.0156027808   7.12935721e+14   -0.551092496   1.02164391   0.39851369   0   459.769952   0   465.173221   0.0292726694   0.352659074   1132.70409
2.1801   8.30813358e+34   0.0157095987   7.12857155e+14   -0.5511115   1.02174424   0.398474809   0   459.810313   0   465.197516   0.0292670422   0.352630477   1132.66399
2.1851   8.30563084e+34   0.0158168957   7.12778411e+14   -0.551130548   1.02184481   0.398435839   0   459.850773   0   465.221869   0.0292614028   0.352601812   1132.62381
2.1901   8.30312278e+34   0.015924673   7.12699489e+14   -0.55114964   1.02194561   0.39839678   0   459.891332   0   465.246279   0.0292557513   0.35257308   1132.58354
2.1951   8.3006094e+34   0.0160329316   7.12620388e+14   -0.551168775   1.02204666   0.398357631   0   459.93199   0   465.270748   0.0292500876   0.35254428   1132.54318
2.2001   8.29809071e+34   0.0161416723   7.12541109e+14   -0.551187954   1.02214793   0.398318392   0   459.972748   0   465.295274   0.0292444118   0.352515413   1132.50273
2.2051   8.29556671e+34   0.0162508963   7.12461651e+14   -0.551207177   1.02224945   0.398279063   0   460.013604   0   465.319859   0.0292387238   0.352486478   1132.46219
2.2101   8.2930374e+34   0.0163606045   7.12382015e+14   -0.551226443   1.0223512   0.398239645   0   460.054559   0   465.344502   0.0292330237   0.352457475   1132.42156
2.2151   8.29050279e+34   0.0164707979   7.12302201e+14   -0.551245754   1.02245319   0.398200138   0   460.095614   0   465.369203   0.0292273115   0.352428405   1132.38085
2.2201   8.28796287e+34   0.0165814774   7.12222208e+14   -0.551265107   1.02255542   0.39816054   0   460.136768   0   465.393962   0.0292215871   0.352399267   1132.34004
2.2251   8.28541766e+34   0.0166926441   7.12142037e+14   -0.551284505   1.02265788   0.398120853   0   460.178021   0   465.418779   0.0292158506   0.352370061   1132.29915
2.2301   8.28286715e+34   0.0168042989   7.12061687e+14   -0.551303946   1.02276058   0.398081076   0   460.219374   0   465.443654   0.029210102   0.352340788   1132.25817
2.2351   8.28031135e+34   0.0169164429   7.11981159e+14   -0.551323431   1.02286352   0.398041209   0   460.260826   0   465.468588   0.0292043413   0.352311447   1132.2171
2.2401   8.27775026e+34   0.017029077   7.11900452e+14   -0.55134296   1.0229667   0.398001253   0   460.302377   0   465.49358   0.0291985685   0.352282038   1132.17595
2.2451   8.27518388e+34   0.0171422022   7.11819568e+14   -0.551362532   1.02307011   0.397961207   0   460.344028   0   465.518629   0.0291927835   0.352252562   1132.1347
2.2501   8.27261222e+34   0.0172558194   7.11738504e+14   -0.551382148   1.02317376   0.397921071   0   460.385779   0   465.543738   0.0291869865   0.352223018   1132.09337
2.2551   8.27003527e+34   0.0173699297   7.11657263e+14   -0.551401808   1.02327765   0.397880846   0   460.427629   0   465.568904   0.0291811773   0.352193406   1132.05195
2.2601   8.26745305e+34   0.017484534   7.11575843e+14   -0.551421511   1.02338177   0.39784053   0   460.469579   0   465.594129   0.0291753561   0.352163726   1132.01044
2.2651   8.26486555e+34   0.0175996334   7.11494244e+14   -0.551441258   1.02348614   0.397800125   0   460.511629   0   465.619412   0.0291695228   0.352133978   1131.96884
2.2701   8.26227278e+34   0.0177152287   7.11412467e+14   -0.551461049   1.02359074   0.39775963   0   460.553778   0   465.644753   0.0291636774   0.352104162   1131.92715
2.2751   8.25967473e+34   0.017831321   7.11330512e+14   -0.551480884   1.02369557   0.397719046   0   460.596027   0   465.670153   0.0291578199   0.352074279   1131.88538
2.2801   8.25707143e+34   0.0179479113   7.11248378e+14   -0.551500762   1.02380065   0.397678371   0   460.638377   0   465.695611   0.0291519503   0.352044328   1131.84351
2.2851   8.25446285e+34   0.0180650005   7.11166066e+14   -0.551520684   1.02390596   0.397637607   0   460.680826   0   465.721128   0.0291460687   0.352014308   1131.80156
2.2901   8.25184902e+34   0.0181825896   7.11083575e+14   -0.551540649   1.02401151   0.397596753   0   460.723375   0   465.746702   0.029140175   0.351984221   1131.75952
2.2951   8.24922993e+34   0.0183006795   7.11000906e+14   -0.551560659   1.0241173   0.397555809   0   460.766024   0   465.772336   0.0291342692   0.351954066   1131.7174
2.3001   8.24660558e+34   0.0184192714   7.10918059e+14   -0.551580712   1.02422332   0.397514775   0   460.808773   0   465.798028   0.0291283514   0.351923843   1131.67518
2.3051   8.24397598e+34   0.018538366   7.10835033e+14   -0.551600808   1.02432959   0.397473651   0   460.851623   0   465.823778   0.0291224215   0.351893552   1131.63288
2.3101   8.24134113e+34   0.0186579644   7.10751829e+14   -0.551620949   1.02443609   0.397432438   0   460.894573   0   465.849587   0.0291164795   0.351863193   1131.59048
2.3151   8.23870104e+34   0.0187780676   7.10668446e+14   -0.551641133   1.02454283   0.397391134   0   460.937623   0   465.875454   0.0291105255   0.351832766   1131.548
2.3201   8.2360557e+34   0.0188986765   7.10584885e+14   -0.551661361   1.02464981   0.397349741   0   460.980773   0   465.90138   0.0291045595   0.351802271   1131.50543
2.3251   8.23340512e+34   0.0190197922   7.10501145e+14   -0.551681632   1.02475702   0.397308258   0   461.024024   0   465.927364   0.0290985814   0.351771707   1131.46278
2.3301   8.23074931e+34   0.0191414155   7.10417227e+14   -0.551701947   1.02486447   0.397266685   0   461.067375   0   465.953407   0.0290925913   0.351741076   1131.42003
2.3351   8.22808826e+34   0.0192635474   7.1033313e+14   -0.551722306   1.02497217   0.397225022   0   461.110827   0   465.979509   0.0290865892   0.351710377   1131.3772
2.3401   8.22542197e+34   0.019386189   7.10248855e+14   -0.551742709   1.0250801   0.397183269   0   461.154379   0   466.005669   0.0290805751   0.351679609   1131.33428
2.3451   8.22275046e+34   0.0195093412   7.10164402e+14   -0.551763155   1.02518826   0.397141426   0   461.198032   0   466.031888   0.0290745489   0.351648773   1131.29127
2.3501   8.22007373e+34   0.0196330049   7.1007977e+14   -0.551783645   1.02529667   0.397099493   0   461.241785   0   466.058165   0.0290685107   0.351617869   1131.24817
2.3551   8.21739177e+34   0.0197571811   7.0999496e+14   -0.551804178   1.02540531   0.39705747   0   461.28564   0   466.084502   0.0290624605   0.351586897   1131.20499
2.3601   8.21470459e+34   0.0198818708   7.09909971e+14   -0.551824756   1.0255142   0.397015357   0   461.329595   0   466.110897   0.0290563983   0.351555857   1131.16172
2.3651   8.2120122e+34   0.0200070749   7.09824803e+14   -0.551845377   1.02562332   0.396973155   0   461.373651   0   466.137351   0.0290503241   0.351524749   1131.11836
2.3701   8.20931459e+34   0.0201327944   7.09739458e+14   -0.551866042   1.02573267   0.396930862   0   461.417807   0   466.163863   0.0290442378   0.351493572   1131.07491
2.3751   8.20661178e+34   0.0202590303   7.09653933e+14   -0.55188675   1.02584227   0.396888479   0   461.462065   0   466.190434   0.0290381396   0.351462327   1131.03137
2.3801   8.20390375e+34   0.0203857835   7.0956823e+14   -0.551907502   1.02595211   0.396846006   0   461.506424   0   466.217065   0.0290320294   0.351431013   1130.98775
2.3851   8.20119053e+34   0.020513055   7.09482349e+14   -0.551928298   1.02606218   0.396803443   0   461.550884   0   466.243754   0.0290259072   0.351399632   1130.94404
2.3901   8.1984721e+34   0.0206408457   7.09396289e+14   -0.551949137   1.0261725   0.39676079   0   461.595445   0   466.270501   0.0290197731   0.351368182   1130.90024
2.3951   8.19574847e+34   0.0207691567   7.09310051e+14   -0.551970021   1.02628305   0.396718047   0   461.640108   0   466.297308   0.0290136269   0.351336663   1130.85635
2.4001   8.19301965e+34   0.0208979888   7.09223634e+14   -0.551990948   1.02639384   0.396675214   0   461.684871   0   466.324174   0.0290074688   0.351305077   1130.81237
2.4051   8.19028563e+34   0.021027343   7.09137039e+14   -0.552011918   1.02650487   0.396632291   0   461.729736   0   466.351098   0.0290012987   0.351273421   1130.76831
2.4101   8.18754643e+34   0.0211572203   7.09050265e+14   -0.552032933   1.02661613   0.396589277   0   461.774702   0   466.378082   0.0289951167   0.351241698   1130.72416
2.4151   8.18480204e+34   0.0212876216   7.08963313e+14   -0.552053991   1.02672764   0.396546174   0   461.81977   0   466.405124   0.0289889227   0.351209906   1130.67992
2.4201   8.18205247e+34   0.021418548   7.08876182e+14   -0.552075092   1.02683939   0.39650298   0   461.864939   0   466.432226   0.0289827167   0.351178045   1130.63559
2.4251   8.17929772e+34   0.0215500002   7.08788872e+14   -0.552096238   1.02695137   0.396459697   0   461.91021   0   466.459387   0.0289764988   0.351146116   1130.59118
2.4301   8.17653779e+34   0.0216819794   7.08701384e+14   -0.552117427   1.02706359   0.396416323   0   461.955583   0   466.486606   0.0289702689   0.351114119   1130.54668
2.4351   8.17377269e+34   0.0218144864   7.08613717e+14   -0.55213866   1.02717606   0.396372859   0   462.001057   0   466.513885   0.0289640271   0.351082053   1130.50209
2.4401   8.17100242e+34   0.0219475221   7.08525872e+14   -0.552159936   1.02728876   0.396329304   0   462.046633   0   466.541223   0.0289577733   0.351049918   1130.45741
2.4451   8.16822699e+34   0.0220810877   7.08437849e+14   -0.552181256   1.0274017   0.39628566   0   462.09231   0   466.56862   0.0289515076   0.351017715   1130.41264
2.4501   8.16544638e+34   0.0222151839   7.08349646e+14   -0.55220262   1.02751488   0.396241925   0   462.13809   0   466.596076   0.02894523   0.350985443   1130.36779
2.4551   8.16266062e+34   0.0223498118   7.08261265e+14   -0.552224028   1.0276283   0.3961981   0   462.183971   0   466.623591   0.0289389405   0.350953103   1130.32285
2.4601   8.1598697e+34   0.0224849723   7.08172706e+14   -0.552245479   1.02774195   0.396154185   0   462.229955   0   466.651166   0.028932639   0.350920694   1130.27782
2.4651   8.15707363e+34   0.0226206663   7.08083968e+14   -0.552266974   1.02785585   0.39611018   0   462.27604   0   466.6788   0.0289263256   0.350888216   1130.23271
2.4701   8.1542724e+34   0.0227568948   7.07995051e+14   -0.552288513   1.02796999   0.396066084   0   462.322228   0   466.706493   0.0289200003   0.350855669   1130.1875
2.4751   8.15146603e+34   0.0228936588   7.07905956e+14   -0.552310095   1.02808436   0.396021898   0   462.368518   0   466.734245   0.0289136631   0.350823054   1130.14221
2.4801   8.14865451e+34   0.0230309591   7.07816682e+14   -0.552331721   1.02819898   0.395977622   0   462.41491   0   466.762056   0.028907314   0.35079037   1130.09683
2.4851   8.14583785e+34   0.0231687967   7.07727229e+14   -0.552353391   1.02831383   0.395933255   0   462.461404   0   466.789927   0.028900953   0.350757618   1130.05137
2.4901   8.14301605e+34   0.0233071726   7.07637598e+14   -0.552375104   1.02842893   0.395888798   0   462.508001   0   466.817858   0.0288945801   0.350724796   1130.00581
2.4951   8.14018911e+34   0.0234460877   7.07547788e+14   -0.552396862   1.02854426   0.395844251   0   462.5547   0   466.845847   0.0288881953   0.350691906   1129.96017
2.5001   8.13735705e+34   0.023585543   7.07457799e+14   -0.552418662   1.02865983   0.395799613   0   462.601502   0   466.873896   0.0288817986   0.350658947   1129.91444
2.5051   8.13451985e+34   0.0237255393   7.07367632e+14   -0.552440507   1.02877564   0.395754885   0   462.648406   0   466.902005   0.0288753901   0.350625919   1129.86863
2.5101   8.13167753e+34   0.0238660777   7.07277286e+14   -0.552462395   1.0288917   0.395710067   0   462.695413   0   466.930173   0.0288689696   0.350592822   1129.82272
2.5151   8.12883008e+34   0.0240071591   7.07186761e+14   -0.552484327   1.02900799   0.395665158   0   462.742523   0   466.9584   0.0288625373   0.350559656   1129.77673
2.5201   8.12597752e+34   0.0241487843   7.07096058e+14   -0.552506303   1.02912452   0.395620159   0   462.789735   0   466.986687   0.0288560931   0.350526421   1129.73066
2.5251   8.12311984e+34   0.0242909544   7.07005176e+14   -0.552528322   1.02924129   0.395575069   0   462.837051   0   467.015034   0.028849637   0.350493118   1129.68449
2.5301   8.12025704e+34   0.0244336703   7.06914115e+14   -0.552550385   1.0293583   0.395529889   0   462.884469   0   467.04344   0.0288431691   0.350459745   1129.63824
2.5351   8.11738914e+34   0.0245769329   7.06822876e+14   -0.552572492   1.02947555   0.395484618   0   462.93199   0   467.071906   0.0288366893   0.350426303   1129.5919
2.5401   8.11451613e+34   0.0247207431   7.06731458e+14   -0.552594642   1.02959305   0.395439257   0   462.979614   0   467.100431   0.0288301977   0.350392792   1129.54547
2.5451   8.11163802e+34   0.024865102   7.06639861e+14   -0.552616837   1.02971078   0.395393805   0   463.027341   0   467.129016   0.0288236942   0.350359213   1129.49895
2.5501   8.1087548e+34   0.0250100103   7.06548085e+14   -0.552639074   1.02982875   0.395348263   0   463.075171   0   467.157661   0.0288171789   0.350325564   1129.45235
2.5551   8.10586649e+34   0.0251554691   7.06456131e+14   -0.552661356   1.02994696   0.395302631   0   463.123105   0   467.186365   0.0288106518   0.350291846   1129.40566
2.5601   8.10297309e+34   0.0253014793   7.06363997e+14   -0.552683681   1.03006541   0.395256908   0   463.171142   0   467.215129   0.0288041128   0.350258059   1129.35888
2.5651   8.10007459e+34   0.0254480417   7.06271685e+14   -0.55270605   1.0301841   0.395211094   0   463.219282   0   467.243953   0.0287975619   0.350224203   1129.31202
2.5701   8.09717101e+34   0.0255951574   7.06179194e+14   -0.552728463   1.03030303   0.395165189   0   463.267526   0   467.272837   0.0287909993   0.350190277   1129.26507
2.5751   8.09426235e+34   0.0257428273   7.06086525e+14   -0.552750919   1.03042221   0.395119195   0   463.315873   0   467.30178   0.0287844248   0.350156282   1129.21803
2.5801   8.0913486e+34   0.0258910523   7.05993676e+14   -0.552773419   1.03054162   0.395073109   0   463.364323   0   467.330783   0.0287778385   0.350122219   1129.1709
2.5851   8.08842978e+34   0.0260398333   7.0590065e+14   -0.552795963   1.03066127   0.395026934   0   463.412877   0   467.359846   0.0287712405   0.350088086   1129.12369
2.5901   8.08550588e+34   0.0261891712   7.05807447e+14   -0.55281855   1.03078117   0.394980668   0   463.461533   0   467.388968   0.0287646308   0.350053885   1129.07639
2.5951   8.08257692e+34   0.0263390671   7.05714067e+14   -0.552841181   1.0309013   0.394934313   0   463.510292   0   467.41815   0.0287580094   0.350019615   1129.02901
2.6001   8.07964288e+34   0.0264895217   7.05620509e+14   -0.552863856   1.03102167   0.394887868   0   463.559155   0   467.447391   0.0287513763   0.349985276   1128.98154
2.6051   8.07670378e+34   0.026640536   7.05526774e+14   -0.552886575   1.03114229   0.394841333   0   463.60812   0   467.476691   0.0287447315   0.349950868   1128.93398
2.6101   8.07375962e+34   0.026792111   7.05432862e+14   -0.552909337   1.03126314   0.394794709   0   463.657189   0   467.506051   0.0287380751   0.349916392   1128.88633
2.6151   8.07081041e+34   0.0269442475   7.05338772e+14   -0.552932143   1.03138424   0.394747994   0   463.70636   0   467.535471   0.028731407   0.349881847   1128.8386
2.6201   8.06785614e+34   0.0270969465   7.05244506e+14   -0.552954992   1.03150558   0.394701189   0   463.755635   0   467.56495   0.0287247272   0.349847233   1128.79079
2.6251   8.06489682e+34   0.027250209   7.05150061e+14   -0.552977886   1.03162715   0.394654294   0   463.805014   0   467.594488   0.0287180357   0.34981255   1128.74288
2.6301   8.06193245e+34   0.0274040357   7.0505544e+14   -0.553000823   1.03174897   0.39460731   0   463.854495   0   467.624087   0.0287113326   0.349777798   1128.69489
2.6351   8.05896304e+34   0.0275584277   7.04960641e+14   -0.553023803   1.03187103   0.394560235   0   463.904081   0   467.653744   0.0287046178   0.349742978   1128.64682
2.6401   8.05598858e+34   0.0277133859   7.04865665e+14   -0.553046828   1.03199333   0.39451307   0   463.953769   0   467.683462   0.0286978914   0.349708088   1128.59866
2.6451   8.05300909e+34   0.0278689111   7.04770511e+14   -0.553069896   1.03211587   0.394465816   0   464.003562   0   467.713239   0.0286911533   0.349673129   1128.55041
2.6501   8.05002457e+34   0.0280250043   7.0467518e+14   -0.553093007   1.03223865   0.394418471   0   464.053458   0   467.743076   0.0286844036   0.349638102   1128.50207
2.6551   8.04703502e+34   0.0281816665   7.04579672e+14   -0.553116163   1.03236168   0.394371036   0   464.103457   0   467.772973   0.0286776422   0.349603005   1128.45365
2.6601   8.04404044e+34   0.0283388984   7.04483986e+14   -0.553139362   1.03248494   0.394323511   0   464.153561   0   467.80293   0.0286708692   0.349567839   1128.40515
2.6651   8.04104083e+34   0.0284967011   7.04388123e+14   -0.553162605   1.03260845   0.394275896   0   464.203768   0   467.832946   0.0286640846   0.349532605   1128.35655
2.6701   8.0380362e+34   0.0286550754   7.04292083e+14   -0.553185891   1.03273219   0.394228191   0   464.25408   0   467.863022   0.0286572883   0.349497301   1128.30788
2.6751   8.03502656e+34   0.0288140223   7.04195865e+14   -0.553209222   1.03285618   0.394180396   0   464.304495   0   467.893158   0.0286504804   0.349461928   1128.25911
2.6801   8.03201191e+34   0.0289735427   7.04099469e+14   -0.553232596   1.03298041   0.394132511   0   464.355014   0   467.923354   0.028643661   0.349426486   1128.21026
2.6851   8.02899224e+34   0.0291336374   7.04002897e+14   -0.553256013   1.03310488   0.394084535   0   464.405638   0   467.95361   0.0286368299   0.349390974   1128.16132
2.6901   8.02596757e+34   0.0292943074   7.03906146e+14   -0.553279475   1.03322959   0.39403647   0   464.456366   0   467.983926   0.0286299872   0.349355394   1128.1123
2.6951   8.02293789e+34   0.0294555536   7.03809219e+14   -0.55330298   1.03335454   0.393988314   0   464.507198   0   468.014301   0.0286231329   0.349319744   1128.06319
2.7001   8.01990322e+34   0.0296173769   7.03712114e+14   -0.553326528   1.03347974   0.393940068   0   464.558134   0   468.044737   0.028616267   0.349284025   1128.014
2.7051   8.01686354e+34   0.0297797782   7.03614831e+14   -0.553350121   1.03360518   0.393891732   0   464.609175   0   468.075233   0.0286093895   0.349248237   1127.96472
2.7101   8.01381888e+34   0.0299427584   7.03517371e+14   -0.553373757   1.03373085   0.393843306   0   464.66032   0   468.105789   0.0286025004   0.349212379   1127.91535
2.7151   8.01076922e+34   0.0301063185   7.03419733e+14   -0.553397437   1.03385677   0.393794789   0   464.71157   0   468.136405   0.0285955997   0.349176452   1127.8659
2.7201   8.00771458e+34   0.0302704592   7.03321918e+14   -0.55342116   1.03398293   0.393746182   0   464.762925   0   468.167081   0.0285886875   0.349140456   1127.81636
2.7251   8.00465496e+34   0.0304351815   7.03223926e+14   -0.553444927   1.03410934   0.393697485   0   464.814384   0   468.197817   0.0285817636   0.349104391   1127.76673
2.7301   8.00159035e+34   0.0306004864   7.03125755e+14   -0.553468738   1.03423598   0.393648697   0   464.865948   0   468.228614   0.0285748282   0.349068256   1127.71702
2.7351   7.99852077e+34   0.0307663747   7.03027408e+14   -0.553492593   1.03436287   0.393599819   0   464.917617   0   468.25947   0.0285678813   0.349032051   1127.66723
2.7401   7.99544622e+34   0.0309328473   7.02928882e+14   -0.553516491   1.03449   0.393550851   0   464.969391   0   468.290387   0.0285609228   0.348995777   1127.61734
2.7451   7.9923667e+34   0.0310999051   7.0283018e+14   -0.553540433   1.03461737   0.393501793   0   465.02127   0   468.321364   0.0285539527   0.348959434   1127.56738
2.7501   7.98928222e+34   0.031267549   7.02731299e+14   -0.553564419   1.03474498   0.393452644   0   465.073254   0   468.352402   0.0285469711   0.348923021   1127.51732
2.7551   7.98619277e+34   0.03143578   7.02632241e+14   -0.553588448   1.03487283   0.393403405   0   465.125343   0   468.383499   0.0285399779   0.348886538   1127.46718
2.7601   7.98309837e+34   0.0316045988   7.02533006e+14   -0.553612521   1.03500093   0.393354075   0   465.177537   0   468.414657   0.0285329732   0.348849986   1127.41696
2.7651   7.979999e+34   0.0317740064   7.02433592e+14   -0.553636638   1.03512927   0.393304655   0   465.229837   0   468.445876   0.0285259569   0.348813365   1127.36664
2.7701   7.97689469e+34   0.0319440037   7.02334001e+14   -0.553660798   1.03525785   0.393255144   0   465.282242   0   468.477155   0.0285189291   0.348776673   1127.31625
2.7751   7.97378543e+34   0.0321145917   7.02234233e+14   -0.553685002   1.03538667   0.393205543   0   465.334753   0   468.508494   0.0285118898   0.348739912   1127.26577
2.7801   7.97067123e+34   0.032285771   7.02134287e+14   -0.55370925   1.03551573   0.393155852   0   465.387369   0   468.539894   0.028504839   0.348703082   1127.2152
2.7851   7.96755209e+34   0.0324575428   7.02034163e+14   -0.553733542   1.03564504   0.39310607   0   465.44009   0   468.571354   0.0284977766   0.348666181   1127.16454
2.7901   7.964428e+34   0.0326299078   7.01933861e+14   -0.553757877   1.03577459   0.393056197   0   465.492917   0   468.602875   0.0284907027   0.348629211   1127.1138
2.7951   7.96129899e+34   0.0328028669   7.01833382e+14   -0.553782256   1.03590438   0.393006234   0   465.54585   0   468.634457   0.0284836173   0.348592172   1127.06298
2.8001   7.95816504e+34   0.0329764211   7.01732725e+14   -0.553806678   1.03603442   0.392956181   0   465.598889   0   468.666099   0.0284765204   0.348555062   1127.01207
2.8051   7.95502617e+34   0.0331505712   7.0163189e+14   -0.553831144   1.0361647   0.392906036   0   465.652034   0   468.697802   0.028469412   0.348517882   1126.96107
2.8101   7.95188237e+34   0.0333253181   7.01530878e+14   -0.553855654   1.03629522   0.392855802   0   465.705285   0   468.729565   0.0284622921   0.348480633   1126.90999
2.8151   7.94873366e+34   0.0335006627   7.01429687e+14   -0.553880208   1.03642598   0.392805476   0   465.758641   0   468.761389   0.0284551607   0.348443314   1126.85882
2.8201   7.94558003e+34   0.0336766058   7.01328319e+14   -0.553904805   1.03655698   0.39275506   0   465.812104   0   468.793274   0.0284480178   0.348405925   1126.80756
2.8251   7.94242149e+34   0.0338531484   7.01226773e+14   -0.553929446   1.03668823   0.392704554   0   465.865673   0   468.825219   0.0284408635   0.348368466   1126.75623
2.8301   7.93925803e+34   0.0340302914   7.0112505e+14   -0.553954131   1.03681972   0.392653956   0   465.919349   0   468.857226   0.0284336976   0.348330937   1126.7048
2.8351   7.93608968e+34   0.0342080356   7.01023148e+14   -0.55397886   1.03695145   0.392603268   0   465.97313   0   468.889293   0.0284265203   0.348293338   1126.65329
2.8401   7.93291642e+34   0.0343863818   7.00921069e+14   -0.554003632   1.03708343   0.392552489   0   466.027019   0   468.921421   0.0284193315   0.348255669   1126.60169
2.8451   7.92973826e+34   0.0345653311   7.00818811e+14   -0.554028447   1.03721565   0.39250162   0   466.081013   0   468.95361   0.0284121312   0.34821793   1126.55001
2.8501   7.92655521e+34   0.0347448842   7.00716376e+14   -0.554053307   1.03734811   0.39245066   0   466.135115   0   468.98586   0.0284049195   0.34818012   1126.49825
2.8551   7.92336727e+34   0.034925042   7.00613763e+14   -0.55407821   1.03748082   0.392399609   0   466.189323   0   469.018171   0.0283976963   0.348142241   1126.44639
2.8601   7.92017444e+34   0.0351058055   7.00510972e+14   -0.554103157   1.03761376   0.392348467   0   466.243637   0   469.050542   0.0283904617   0.348104292   1126.39446
2.8651   7.91697673e+34   0.0352871754   7.00408003e+14   -0.554128147   1.03774696   0.392297234   0   466.298059   0   469.082975   0.0283832156   0.348066272   1126.34243
2.8701   7.91377413e+34   0.0354691527   7.00304856e+14   -0.554153182   1.03788039   0.392245911   0   466.352587   0   469.115469   0.0283759581   0.348028182   1126.29032
2.8751   7.91056667e+34   0.0356517382   7.00201531e+14   -0.55417826   1.03801407   0.392194496   0   466.407223   0   469.148024   0.0283686891   0.347990022   1126.23813
2.8801   7.90735432e+34   0.0358349329   7.00098028e+14   -0.554203381   1.03814799   0.392142991   0   466.461965   0   469.18064   0.0283614087   0.347951792   1126.18585
2.8851   7.90413711e+34   0.0360187375   6.99994347e+14   -0.554228547   1.03828215   0.392091395   0   466.516815   0   469.213318   0.0283541168   0.347913491   1126.13349
2.8901   7.90091504e+34   0.0362031529   6.99890488e+14   -0.554253756   1.03841656   0.392039708   0   466.571772   0   469.246056   0.0283468136   0.34787512   1126.08104
2.8951   7.8976881e+34   0.0363881801   6.99786451e+14   -0.554279008   1.03855121   0.39198793   0   466.626836   0   469.278856   0.0283394989   0.347836678   1126.0285
2.9001   7.8944563e+34   0.0365738199   6.99682236e+14   -0.554304305   1.03868611   0.391936061   0   466.682008   0   469.311717   0.0283321727   0.347798167   1125.97588
2.9051   7.89121965e+34   0.0367600731   6.99577843e+14   -0.554329645   1.03882125   0.391884101   0   466.737287   0   469.344639   0.0283248352   0.347759584   1125.92317
2.9101   7.88797815e+34   0.0369469406   6.99473272e+14   -0.554355028   1.03895663   0.39183205   0   466.792673   0   469.377622   0.0283174863   0.347720932   1125.87038
2.9151   7.88473181e+34   0.0371344233   6.99368522e+14   -0.554380456   1.03909225   0.391779908   0   466.848168   0   469.410667   0.0283101259   0.347682209   1125.81751
2.9201   7.88148061e+34   0.0373225221   6.99263595e+14   -0.554405927   1.03922812   0.391727675   0   466.90377   0   469.443773   0.0283027542   0.347643415   1125.76454
2.9251   7.87822458e+34   0.0375112378   6.99158489e+14   -0.554431442   1.03936423   0.391675351   0   466.959479   0   469.476941   0.0282953711   0.347604551   1125.7115
2.9301   7.87496372e+34   0.0377005712   6.99053205e+14   -0.554457   1.03950059   0.391622936   0   467.015297   0   469.51017   0.0282879765   0.347565616   1125.65836
2.9351   7.87169802e+34   0.0378905233   6.98947743e+14   -0.554482602   1.03963719   0.39157043   0   467.071223   0   469.543461   0.0282805706   0.347526611   1125.60515
2.9401   7.86842749e+34   0.0380810949   6.98842102e+14   -0.554508248   1.03977403   0.391517832   0   467.127257   0   469.576813   0.0282731533   0.347487535   1125.55184
2.9451   7.86515214e+34   0.0382722868   6.98736284e+14   -0.554533938   1.03991112   0.391465143   0   467.183398   0   469.610227   0.0282657246   0.347448388   1125.49845
2.9501   7.86187196e+34   0.0384641   6.98630287e+14   -0.554559671   1.04004846   0.391412364   0   467.239649   0   469.643702   0.0282582846   0.34740917   1125.44498
2.9551   7.85858697e+34   0.0386565352   6.98524111e+14   -0.554585448   1.04018603   0.391359493   0   467.296007   0   469.677239   0.0282508331   0.347369882   1125.39142
2.9601   7.85529717e+34   0.0388495934   6.9841776e+14   -0.554611268   1.04032385   0.391306531   0   467.352473   0   469.710838   0.0282433705   0.347330524   1125.33778
2.9651   7.85200256e+34   0.0390432753   6.98311232e+14   -0.554637133   1.04046192   0.391253479   0   467.409046   0   469.744497   0.0282358966   0.347291096   1125.28405
2.9701   7.84870313e+34   0.0392375819   6.98204527e+14   -0.554663041   1.04060022   0.391200338   0   467.465727   0   469.778217   0.0282284115   0.347251597   1125.23024
2.9751   7.84539891e+34   0.0394325139   6.98097647e+14   -0.554688992   1.04073878   0.391147106   0   467.522515   0   469.811998   0.0282209152   0.347212029   1125.17635
2.9801   7.84208989e+34   0.0396280724   6.9799059e+14   -0.554714988   1.04087757   0.391093783   0   467.579411   0   469.845841   0.0282134077   0.34717239   1125.12237
2.9851   7.83877607e+34   0.039824258   6.97883356e+14   -0.554741027   1.04101662   0.39104037   0   467.636414   0   469.879745   0.028205889   0.347132681   1125.06831
2.9901   7.83545747e+34   0.0400210716   6.97775947e+14   -0.554767109   1.0411559   0.390986867   0   467.693525   0   469.913709   0.0281983591   0.347092902   1125.01416
2.9951   7.83213407e+34   0.0402185142   6.97668361e+14   -0.554793236   1.04129543   0.390933274   0   467.750744   0   469.947736   0.028190818   0.347053053   1124.95993
3.0001   7.82880589e+34   0.0404165865   6.97560599e+14   -0.554819406   1.04143521   0.39087959   0   467.808071   0   469.981823   0.0281832658   0.347013134   1124.90561
3.0051   7.82547293e+34   0.0406152894   6.9745266e+14   -0.55484562   1.04157523   0.390825816   0   467.865506   0   470.015972   0.0281757023   0.346973144   1124.85121
3.0101   7.8221352e+34   0.0408146238   6.97344545e+14   -0.554871877   1.04171549   0.390771952   0   467.923049   0   470.050182   0.0281681277   0.346933084   1124.79673
3.0151   7.81879269e+34   0.0410145904   6.97236253e+14   -0.554898178   1.041856   0.390717997   0   467.980701   0   470.084453   0.028160542   0.346892954   1124.74217
3.0201   7.81544542e+34   0.0412151902   6.97127786e+14   -0.554924523   1.04199675   0.390663952   0   468.03846   0   470.118786   0.028152945   0.346852753   1124.68752
3.0251   7.81209338e+34   0.041416424   6.97019141e+14   -0.554950911   1.04213775   0.390609816   0   468.096328   0   470.15318   0.028145337   0.346812482   1124.63278
3.0301   7.80873657e+34   0.0416182926   6.9691032e+14   -0.554977343   1.04227899   0.39055559   0   468.154304   0   470.187636   0.0281377177   0.34677214   1124.57796
3.0351   7.80537502e+34   0.0418207968   6.96801323e+14   -0.555003819   1.04242048   0.390501273   0   468.212389   0   470.222154   0.0281300873   0.346731728   1124.52306
3.0401   7.80200871e+34   0.0420239375   6.96692149e+14   -0.555030339   1.04256221   0.390446865   0   468.270583   0   470.256733   0.0281224458   0.346691246   1124.46808
3.0451   7.79863764e+34   0.0422277156   6.96582799e+14   -0.555056902   1.04270419   0.390392367   0   468.328885   0   470.291373   0.0281147931   0.346650693   1124.41301
3.0501   7.79526184e+34   0.0424321319   6.96473272e+14   -0.555083509   1.04284641   0.390337779   0   468.387296   0   470.326075   0.0281071293   0.346610069   1124.35785
3.0551   7.79188129e+34   0.0426371872   6.96363568e+14   -0.555110159   1.04298888   0.3902831   0   468.445816   0   470.360839   0.0280994543   0.346569375   1124.30262
3.0601   7.788496e+34   0.0428428823   6.96253688e+14   -0.555136854   1.0431316   0.39022833   0   468.504444   0   470.395665   0.0280917683   0.34652861   1124.24729
3.0651   7.78510598e+34   0.0430492182   6.96143631e+14   -0.555163591   1.04327455   0.39017347   0   468.563182   0   470.430552   0.0280840711   0.346487775   1124.19189
3.0701   7.78171123e+34   0.0432561955   6.96033397e+14   -0.555190373   1.04341776   0.390118518   0   468.622029   0   470.465501   0.0280763627   0.346446868   1124.1364
3.0751   7.77831176e+34   0.0434638153   6.95922987e+14   -0.555217198   1.04356121   0.390063477   0   468.680985   0   470.500512   0.0280686433   0.346405891   1124.08083
3.0801   7.77490756e+34   0.0436720782   6.958124e+14   -0.555244067   1.0437049   0.390008344   0   468.740051   0   470.535585   0.0280609128   0.346364844   1124.02517
3.0851   7.77149864e+34   0.0438809851   6.95701636e+14   -0.55527098   1.04384884   0.389953121   0   468.799226   0   470.570719   0.0280531711   0.346323725   1123.96943
3.0901   7.76808501e+34   0.0440905369   6.95590696e+14   -0.555297936   1.04399302   0.389897807   0   468.85851   0   470.605916   0.0280454184   0.346282536   1123.91361
3.0951   7.76466666e+34   0.0443007344   6.95479579e+14   -0.555324936   1.04413745   0.389842402   0   468.917904   0   470.641174   0.0280376546   0.346241275   1123.8577
3.1001   7.76124361e+34   0.0445115784   6.95368285e+14   -0.55535198   1.04428213   0.389786906   0   468.977408   0   470.676495   0.0280298796   0.346199944   1123.80171
3.1051   7.75781586e+34   0.0447230697   6.95256814e+14   -0.555379067   1.04442705   0.38973132   0   469.037021   0   470.711877   0.0280220936   0.346158542   1123.74564
3.1101   7.7543834e+34   0.0449352092   6.95145166e+14   -0.555406198   1.04457222   0.389675642   0   469.096744   0   470.747322   0.0280142965   0.346117069   1123.68948
3.1151   7.75094626e+34   0.0451479977   6.95033342e+14   -0.555433373   1.04471763   0.389619874   0   469.156577   0   470.782829   0.0280064883   0.346075525   1123.63324
3.1201   7.74750442e+34   0.045361436   6.9492134e+14   -0.555460591   1.04486329   0.389564015   0   469.21652   0   470.818398   0.0279986691   0.34603391   1123.57692
3.1251   7.74405789e+34   0.0455755249   6.94809162e+14   -0.555487853   1.04500919   0.389508064   0   469.276574   0   470.854029   0.0279908388   0.345992224   1123.52051
3.1301   7.74060668e+34   0.0457902653   6.94696806e+14   -0.555515158   1.04515534   0.389452023   0   469.336737   0   470.889722   0.0279829974   0.345950466   1123.46402
3.1351   7.73715079e+34   0.046005658   6.94584274e+14   -0.555542508   1.04530174   0.389395891   0   469.397011   0   470.925478   0.0279751449   0.345908638   1123.40744
3.1401   7.73369022e+34   0.0462217038   6.94471565e+14   -0.555569901   1.04544838   0.389339668   0   469.457395   0   470.961296   0.0279672814   0.345866738   1123.35078
3.1451   7.73022498e+34   0.0464384035   6.94358678e+14   -0.555597337   1.04559527   0.389283353   0   469.51789   0   470.997176   0.0279594069   0.345824767   1123.29404
3.1501   7.72675508e+34   0.0466557579   6.94245615e+14   -0.555624818   1.0457424   0.389226948   0   469.578495   0   471.033119   0.0279515213   0.345782725   1123.23722
3.1551   7.72328051e+34   0.0468737679   6.94132374e+14   -0.555652342   1.04588978   0.389170451   0   469.639211   0   471.069124   0.0279436246   0.345740612   1123.18031
3.1601   7.71980128e+34   0.0470924343   6.94018956e+14   -0.55567991   1.04603741   0.389113864   0   469.700038   0   471.105192   0.027935717   0.345698427   1123.12331
3.1651   7.7163174e+34   0.0473117578   6.93905362e+14   -0.555707521   1.04618528   0.389057185   0   469.760975   0   471.141322   0.0279277982   0.345656171   1123.06624
3.1701   7.71282886e+34   0.0475317394   6.9379159e+14   -0.555735176   1.0463334   0.389000415   0   469.822024   0   471.177515   0.0279198685   0.345613843   1123.00908
3.1751   7.70933567e+34   0.0477523797   6.9367764e+14   -0.555762875   1.04648177   0.388943553   0   469.883183   0   471.21377   0.0279119277   0.345571444   1122.95184
3.1801   7.70583784e+34   0.0479736797   6.93563514e+14   -0.555790617   1.04663038   0.388886601   0   469.944454   0   471.250088   0.0279039759   0.345528974   1122.89451
3.1851   7.70233537e+34   0.0481956401   6.9344921e+14   -0.555818403   1.04677924   0.388829557   0   470.005836   0   471.286468   0.0278960131   0.345486432   1122.8371
3.1901   7.69882827e+34   0.0484182617   6.93334729e+14   -0.555846233   1.04692834   0.388772422   0   470.067329   0   471.322912   0.0278880393   0.345443818   1122.77961
3.1951   7.69531653e+34   0.0486415454   6.93220071e+14   -0.555874106   1.04707769   0.388715196   0   470.128934   0   471.359418   0.0278800545   0.345401133   1122.72203
3.2001   7.69180017e+34   0.0488654919   6.93105235e+14   -0.555902023   1.04722729   0.388657878   0   470.19065   0   471.395986   0.0278720586   0.345358376   1122.66437
3.2051   7.68827918e+34   0.0490901021   6.92990222e+14   -0.555929984   1.04737714   0.388600469   0   470.252478   0   471.432618   0.0278640518   0.345315548   1122.60663
3.2101   7.68475357e+34   0.0493153768   6.92875031e+14   -0.555957988   1.04752723   0.388542968   0   470.314417   0   471.469313   0.027856034   0.345272648   1122.5488
3.2151   7.68122334e+34   0.0495413167   6.92759663e+14   -0.555986036   1.04767756   0.388485376   0   470.376469   0   471.50607   0.0278480052   0.345229676   1122.49089
3.2201   7.6776885e+34   0.0497679227   6.92644118e+14   -0.556014128   1.04782815   0.388427692   0   470.438632   0   471.542891   0.0278399653   0.345186632   1122.4329
3.2251   7.67414906e+34   0.0499951955   6.92528395e+14   -0.556042263   1.04797898   0.388369917   0   470.500907   0   471.579774   0.0278319146   0.345143517   1122.37483
3.2301   7.67060501e+34   0.0502231361   6.92412494e+14   -0.556070442   1.04813006   0.388312051   0   470.563295   0   471.61672   0.0278238528   0.345100329   1122.31667
3.2351   7.66705636e+34   0.0504517451   6.92296416e+14   -0.556098665   1.04828138   0.388254092   0   470.625794   0   471.65373   0.02781578   0.34505707   1122.25842
3.2401   7.66350312e+34   0.0506810234   6.92180161e+14   -0.556126931   1.04843296   0.388196043   0   470.688406   0   471.690803   0.0278076963   0.345013739   1122.2001
3.2451   7.65994528e+34   0.0509109717   6.92063727e+14   -0.556155241   1.04858478   0.388137901   0   470.75113   0   471.727939   0.0277996016   0.344970336   1122.14169
3.2501   7.65638286e+34   0.0511415909   6.91947116e+14   -0.556183595   1.04873684   0.388079668   0   470.813967   0   471.765138   0.027791496   0.344926861   1122.0832
3.2551   7.65281585e+34   0.0513728818   6.91830328e+14   -0.556211992   1.04888916   0.388021344   0   470.876917   0   471.8024   0.0277833794   0.344883314   1122.02462
3.2601   7.64924426e+34   0.0516048451   6.91713361e+14   -0.556240433   1.04904172   0.387962927   0   470.939979   0   471.839726   0.0277752519   0.344839694   1121.96596
3.2651   7.6456681e+34   0.0518374817   6.91596217e+14   -0.556268918   1.04919453   0.387904419   0   471.003154   0   471.877115   0.0277671134   0.344796003   1121.90722
3.2701   7.64208736e+34   0.0520707923   6.91478895e+14   -0.556297446   1.04934758   0.387845819   0   471.066442   0   471.914567   0.0277589639   0.344752239   1121.8484
3.2751   7.63850206e+34   0.0523047777   6.91361395e+14   -0.556326018   1.04950088   0.387787127   0   471.129842   0   471.952083   0.0277508035   0.344708403   1121.78949
3.2801   7.6349122e+34   0.0525394387   6.91243717e+14   -0.556354634   1.04965444   0.387728343   0   471.193356   0   471.989662   0.0277426322   0.344664495   1121.7305
3.2851   7.63131777e+34   0.0527747762   6.91125862e+14   -0.556383293   1.04980823   0.387669468   0   471.256983   0   472.027305   0.02773445   0.344620515   1121.67142
3.2901   7.62771879e+34   0.0530107908   6.9100783e+14   -0.556411996   1.04996228   0.387610502   0   471.320723   0   472.06501   0.0277262569   0.344576463   1121.61227
3.2951   7.62411527e+34   0.0532474834   6.90889624e+14   -0.556440742   1.05011657   0.387551445   0   471.384574   0   472.102779   0.0277180532   0.34453234   1121.55303
3.3001   7.62050719e+34   0.0534848548   6.90771242e+14   -0.556469533   1.05027111   0.387492297   0   471.448537   0   472.14061   0.0277098387   0.344488145   1121.49371
3.3051   7.61689457e+34   0.0537229057   6.90652684e+14   -0.556498367   1.0504259   0.387433059   0   471.512613   0   472.178504   0.0277016134   0.344443879   1121.43431
3.3101   7.61327741e+34   0.0539616369   6.90533951e+14   -0.556527244   1.05058094   0.38737373   0   471.576801   0   472.216461   0.0276933775   0.344399542   1121.37483
3.3151   7.60965572e+34   0.0542010493   6.90415043e+14   -0.556556165   1.05073622   0.38731431   0   471.641101   0   472.254481   0.0276851308   0.344355133   1121.31526
3.3201   7.6060295e+34   0.0544411435   6.90295959e+14   -0.55658513   1.05089175   0.3872548   0   471.705513   0   472.292563   0.0276768734   0.344310652   1121.25562
3.3251   7.60239875e+34   0.0546819204   6.901767e+14   -0.556614139   1.05104753   0.387195199   0   471.770039   0   472.330709   0.0276686053   0.3442661   1121.19589
3.3301   7.59876348e+34   0.0549233808   6.90057265e+14   -0.556643191   1.05120356   0.387135507   0   471.834677   0   472.368918   0.0276603265   0.344221476   1121.13608
3.3351   7.59512369e+34   0.0551655254   6.89937655e+14   -0.556672287   1.05135984   0.387075724   0   471.899427   0   472.40719   0.0276520369   0.34417678   1121.07619
3.3401   7.59147939e+34   0.055408355   6.89817869e+14   -0.556701426   1.05151636   0.387015851   0   471.964291   0   472.445525   0.0276437367   0.344132013   1121.01622
3.3451   7.58783058e+34   0.0556518704   6.89697907e+14   -0.556730609   1.05167313   0.386955886   0   472.029267   0   472.483923   0.0276354258   0.344087174   1120.95616
3.3501   7.58417726e+34   0.0558960723   6.8957777e+14   -0.556759836   1.05183015   0.386895831   0   472.094357   0   472.522385   0.0276271042   0.344042263   1120.89603
3.3551   7.58051944e+34   0.0561409616   6.89457457e+14   -0.556789106   1.05198742   0.386835684   0   472.15956   0   472.560909   0.0276187719   0.34399728   1120.83581
3.3601   7.57685713e+34   0.056386539   6.89336968e+14   -0.55681842   1.05214494   0.386775447   0   472.224876   0   472.599497   0.0276104289   0.343952225   1120.77551
3.3651   7.57319032e+34   0.0566328052   6.89216304e+14   -0.556847778   1.0523027   0.386715118   0   472.290305   0   472.638149   0.0276020753   0.343907099   1120.71513
3.3701   7.56951902e+34   0.0568797611   6.89095463e+14   -0.556877179   1.05246072   0.386654699   0   472.355848   0   472.676864   0.027593711   0.3438619   1120.65467
3.3751   7.56584324e+34   0.0571274074   6.88974447e+14   -0.556906624   1.05261898   0.386594188   0   472.421505   0   472.715642   0.027585336   0.34381663   1120.59412
3.3801   7.56216298e+34   0.0573757449   6.88853255e+14   -0.556936113   1.05277749   0.386533586   0   472.487275   0   472.754483   0.0275769503   0.343771287   1120.5335
3.3851   7.55847824e+34   0.0576247743   6.88731887e+14   -0.556965645   1.05293625   0.386472894   0   472.553159   0   472.793389   0.027568554   0.343725872   1120.47279
3.3901   7.55478903e+34   0.0578744964   6.88610343e+14   -0.556995221   1.05309526   0.38641211   0   472.619157   0   472.832358   0.027560147   0.343680385   1120.412
3.3951   7.55109536e+34   0.058124912   6.88488623e+14   -0.557024841   1.05325451   0.386351234   0   472.685269   0   472.87139   0.0275517294   0.343634826   1120.35113
3.4001   7.54739722e+34   0.0583760218   6.88366727e+14   -0.557054504   1.05341402   0.386290268   0   472.751495   0   472.910486   0.0275433011   0.343589195   1120.29018
3.4051   7.54369462e+34   0.0586278267   6.88244655e+14   -0.557084211   1.05357377   0.38622921   0   472.817836   0   472.949646   0.0275348621   0.343543492   1120.22915
3.4101   7.53998756e+34   0.0588803273   6.88122407e+14   -0.557113961   1.05373378   0.386168061   0   472.88429   0   472.98887   0.0275264126   0.343497716   1120.16804
3.4151   7.53627606e+34   0.0591335244   6.87999983e+14   -0.557143756   1.05389403   0.38610682   0   472.950859   0   473.028157   0.0275179524   0.343451868   1120.10684
3.4201   7.5325601e+34   0.0593874188   6.87877382e+14   -0.557173593   1.05405453   0.386045489   0   473.017543   0   473.067509   0.0275094815   0.343405947   1120.04557
3.4251   7.52883971e+34   0.0596420112   6.87754606e+14   -0.557203475   1.05421528   0.385984065   0   473.084342   0   473.106924   0.0275010001   0.343359954   1119.98421
3.4301   7.52511488e+34   0.0598973024   6.87631653e+14   -0.5572334   1.05437628   0.385922551   0   473.151255   0   473.146403   0.027492508   0.343313889   1119.92277
3.4351   7.52138561e+34   0.0601532932   6.87508523e+14   -0.557263369   1.05453752   0.385860944   0   473.218283   0   473.185946   0.0274840053   0.343267751   1119.86125
3.4401   7.51765192e+34   0.0604099842   6.87385218e+14   -0.557293381   1.05469902   0.385799247   0   473.285426   0   473.225553   0.0274754919   0.34322154   1119.79965
3.4451   7.5139138e+34   0.0606673763   6.87261736e+14   -0.557323437   1.05486077   0.385737457   0   473.352684   0   473.265225   0.027466968   0.343175257   1119.73796
3.4501   7.51017126e+34   0.0609254702   6.87138077e+14   -0.557353536   1.05502276   0.385675577   0   473.420058   0   473.30496   0.0274584335   0.343128902   1119.6762
3.4551   7.5064243e+34   0.0611842667   6.87014242e+14   -0.55738368   1.05518501   0.385613604   0   473.487546   0   473.34476   0.0274498883   0.343082473   1119.61435
3.4601   7.50267293e+34   0.0614437664   6.86890231e+14   -0.557413867   1.0553475   0.38555154   0   473.55515   0   473.384624   0.0274413326   0.343035972   1119.55243
3.4651   7.49891715e+34   0.0617039702   6.86766043e+14   -0.557444097   1.05551025   0.385489384   0   473.62287   0   473.424552   0.0274327662   0.342989398   1119.49042
3.4701   7.49515697e+34   0.0619648788   6.86641678e+14   -0.557474371   1.05567324   0.385427137   0   473.690705   0   473.464545   0.0274241893   0.342942751   1119.42833
3.4751   7.49139239e+34   0.0622264929   6.86517137e+14   -0.557504689   1.05583648   0.385364797   0   473.758657   0   473.504602   0.0274156018   0.342896032   1119.36616
3.4801   7.48762341e+34   0.0624888134   6.86392419e+14   -0.55753505   1.05599997   0.385302366   0   473.826724   0   473.544723   0.0274070037   0.342849239   1119.3039
3.4851   7.48385004e+34   0.0627518408   6.86267524e+14   -0.557565455   1.05616371   0.385239843   0   473.894907   0   473.584909   0.027398395   0.342802374   1119.24157
3.4901   7.48007229e+34   0.063015576   6.86142453e+14   -0.557595904   1.05632771   0.385177228   0   473.963206   0   473.625159   0.0273897757   0.342755435   1119.17916
3.4951   7.47629015e+34   0.0632800197   6.86017205e+14   -0.557626396   1.05649195   0.385114521   0   474.031621   0   473.665474   0.0273811459   0.342708423   1119.11666
3.5001   7.47250364e+34   0.0635451727   6.8589178e+14   -0.557656932   1.05665644   0.385051723   0   474.100153   0   473.705854   0.0273725055   0.342661339   1119.05408
3.5051   7.46871275e+34   0.0638110356   6.85766177e+14   -0.557687512   1.05682118   0.384988832   0   474.168801   0   473.746298   0.0273638545   0.342614181   1118.99142
3.5101   7.4649175e+34   0.0640776093   6.85640399e+14   -0.557718135   1.05698617   0.384925849   0   474.237566   0   473.786807   0.027355193   0.34256695   1118.92868
3.5151   7.46111788e+34   0.0643448944   6.85514443e+14   -0.557748802   1.05715141   0.384862775   0   474.306447   0   473.827381   0.0273465209   0.342519646   1118.86586
3.5201   7.45731389e+34   0.0646128918   6.8538831e+14   -0.557779512   1.0573169   0.384799608   0   474.375445   0   473.868019   0.0273378383   0.342472268   1118.80296
3.5251   7.45350556e+34   0.064881602   6.85261999e+14   -0.557810266   1.05748264   0.384736349   0   474.44456   0   473.908723   0.0273291451   0.342424817   1118.73998
3.5301   7.44969287e+34   0.0651510259   6.85135512e+14   -0.557841064   1.05764863   0.384672998   0   474.513792   0   473.949491   0.0273204414   0.342377293   1118.67691
3.5351   7.44587583e+34   0.0654211642   6.85008848e+14   -0.557871905   1.05781488   0.384609554   0   474.583142   0   473.990325   0.0273117271   0.342329696   1118.61377
3.5401   7.44205445e+34   0.0656920177   6.84882006e+14   -0.55790279   1.05798137   0.384546019   0   474.652608   0   474.031223   0.0273030023   0.342282025   1118.55054
3.5451   7.43822873e+34   0.0659635869   6.84754987e+14   -0.557933719   1.05814811   0.384482391   0   474.722192   0   474.072187   0.027294267   0.34223428   1118.48723
3.5501   7.43439868e+34   0.0662358728   6.84627791e+14   -0.557964691   1.0583151   0.38441867   0   474.791894   0   474.113215   0.0272855211   0.342186462   1118.42385
3.5551   7.4305643e+34   0.0665088759   6.84500417e+14   -0.557995707   1.05848234   0.384354858   0   474.861713   0   474.154309   0.0272767647   0.34213857   1118.36038
3.5601   7.42672559e+34   0.0667825971   6.84372866e+14   -0.558026766   1.05864984   0.384290953   0   474.931649   0   474.195468   0.0272679978   0.342090605   1118.29683
3.5651   7.42288257e+34   0.067057037   6.84245138e+14   -0.558057869   1.05881758   0.384226955   0   475.001704   0   474.236693   0.0272592204   0.342042566   1118.23319
3.5701   7.41903522e+34   0.0673321964   6.84117232e+14   -0.558089016   1.05898557   0.384162865   0   475.071877   0   474.277982   0.0272504325   0.341994453   1118.16948
3.5751   7.41518357e+34   0.067608076   6.83989148e+14   -0.558120206   1.05915382   0.384098683   0   475.142167   0   474.319338   0.027241634   0.341946266   1118.10569
3.5801   7.4113276e+34   0.0678846765   6.83860887e+14   -0.55815144   1.05932231   0.384034408   0   475.212576   0   474.360758   0.0272328251   0.341898006   1118.04181
3.5851   7.40746733e+34   0.0681619986   6.83732449e+14   -0.558182717   1.05949106   0.383970041   0   475.283103   0   474.402244   0.0272240057   0.341849672   1117.97786
3.5901   7.40360277e+34   0.0684400431   6.83603837e+14   -0.558214038   1.05966005   0.383905583   0   475.353746   0   474.443794   0.0272151761   0.341801265   1117.91382
3.5951   7.39973391e+34   0.0687188106   6.8347505e+14   -0.558245403   1.0598293   0.383841034   0   475.424506   0   474.485409   0.0272063362   0.341752785   1117.84971
3.6001   7.39586076e+34   0.068998302   6.83346089e+14   -0.558276811   1.0599988   0.383776393   0   475.495383   0   474.527088   0.027197486   0.341704233   1117.78551
3.6051   7.39198332e+34   0.0692785178   6.83216953e+14   -0.558308263   1.06016855   0.383711662   0   475.566377   0   474.568832   0.0271886255   0.341655608   1117.72124
3.6101   7.3881016e+34   0.0695594588   6.83087643e+14   -0.558339759   1.06033855   0.38364684   0   475.637488   0   474.610641   0.0271797548   0.34160691   1117.65689
3.6151   7.38421561e+34   0.0698411258   6.82958158e+14   -0.558371298   1.0605088   0.383581926   0   475.708717   0   474.652515   0.0271708739   0.341558139   1117.59246
3.6201   7.38032535e+34   0.0701235194   6.82828498e+14   -0.558402881   1.0606793   0.383516921   0   475.780063   0   474.694453   0.0271619826   0.341509295   1117.52795
3.6251   7.37643081e+34   0.0704066404   6.82698663e+14   -0.558434507   1.06085006   0.383451825   0   475.851526   0   474.736456   0.0271530812   0.341460378   1117.46335
3.6301   7.37253202e+34   0.0706904894   6.82568653e+14   -0.558466177   1.06102106   0.383386637   0   475.923107   0   474.778525   0.0271441695   0.341411388   1117.39869
3.6351   7.36862896e+34   0.0709750671   6.82438468e+14   -0.55849789   1.06119232   0.383321358   0   475.994806   0   474.820658   0.0271352475   0.341362325   1117.33394
3.6401   7.36472165e+34   0.0712603744   6.82308109e+14   -0.558529648   1.06136383   0.383255988   0   476.066622   0   474.862856   0.0271263153   0.341313188   1117.26911
3.6451   7.36081009e+34   0.0715464118   6.82177574e+14   -0.558561448   1.06153558   0.383190526   0   476.138557   0   474.905119   0.0271173729   0.341263978   1117.2042
3.6501   7.35689429e+34   0.0718331801   6.82046865e+14   -0.558593293   1.06170759   0.383124973   0   476.210609   0   474.947448   0.0271084203   0.341214695   1117.13921
3.6551   7.35297424e+34   0.07212068   6.8191598e+14   -0.558625181   1.06187986   0.383059328   0   476.28278   0   474.989841   0.0270994574   0.341165339   1117.07415
3.6601   7.34904996e+34   0.0724089122   6.8178492e+14   -0.558657112   1.06205237   0.382993592   0   476.35507   0   475.0323   0.0270904843   0.341115909   1117.009
3.6651   7.34512145e+34   0.0726978773   6.81653685e+14   -0.558689087   1.06222513   0.382927764   0   476.427477   0   475.074824   0.027081501   0.341066406   1116.94378
3.6701   7.34118871e+34   0.0729875761   6.81522274e+14   -0.558721106   1.06239815   0.382861844   0   476.500004   0   475.117414   0.0270725075   0.341016829   1116.87847
3.6751   7.33725174e+34   0.0732780094   6.81390689e+14   -0.558753168   1.06257142   0.382795833   0   476.572649   0   475.160069   0.0270635037   0.340967179   1116.81309
3.6801   7.33331056e+34   0.0735691777   6.81258927e+14   -0.558785274   1.06274494   0.38272973   0   476.645413   0   475.202789   0.0270544898   0.340917455   1116.74763
3.6851   7.32936516e+34   0.0738610817   6.81126991e+14   -0.558817424   1.06291871   0.382663535   0   476.718296   0   475.245575   0.0270454657   0.340867657   1116.68209
3.6901   7.32541556e+34   0.0741537223   6.80994879e+14   -0.558849617   1.06309273   0.382597248   0   476.791298   0   475.288426   0.0270364313   0.340817786   1116.61646
3.6951   7.32146175e+34   0.0744470999   6.80862591e+14   -0.558881854   1.06326701   0.382530869   0   476.864419   0   475.331344   0.0270273868   0.340767841   1116.55076
3.7001   7.31750374e+34   0.0747412155   6.80730128e+14   -0.558914134   1.06344153   0.382464399   0   476.93766   0   475.374326   0.027018332   0.340717822   1116.48498
3.7051   7.31354154e+34   0.0750360696   6.80597489e+14   -0.558946458   1.06361631   0.382397837   0   477.01102   0   475.417375   0.0270092671   0.34066773   1116.41913
3.7101   7.30957514e+34   0.0753316629   6.80464675e+14   -0.558978826   1.06379134   0.382331182   0   477.0845   0   475.460489   0.027000192   0.340617563   1116.35319
3.7151   7.30560456e+34   0.0756279961   6.80331684e+14   -0.559011237   1.06396663   0.382264436   0   477.158099   0   475.50367   0.0269911067   0.340567322   1116.28717
3.7201   7.3016298e+34   0.07592507   6.80198518e+14   -0.559043691   1.06414216   0.382197597   0   477.231819   0   475.546916   0.0269820113   0.340517008   1116.22108
3.7251   7.29765085e+34   0.0762228851   6.80065176e+14   -0.55907619   1.06431795   0.382130667   0   477.305658   0   475.590228   0.0269729056   0.340466619   1116.1549
3.7301   7.29366774e+34   0.0765214422   6.79931658e+14   -0.559108731   1.06449399   0.382063644   0   477.379617   0   475.633606   0.0269637898   0.340416157   1116.08865
3.7351   7.28968046e+34   0.0768207419   6.79797964e+14   -0.559141317   1.06467028   0.381996529   0   477.453697   0   475.67705   0.0269546638   0.34036562   1116.02231
3.7401   7.28568901e+34   0.077120785   6.79664094e+14   -0.559173946   1.06484683   0.381929321   0   477.527897   0   475.720561   0.0269455277   0.340315009   1115.9559
3.7451   7.28169341e+34   0.0774215721   6.79530048e+14   -0.559206618   1.06502362   0.381862022   0   477.602218   0   475.764137   0.0269363814   0.340264323   1115.88941
3.7501   7.27769365e+34   0.077723104   6.79395825e+14   -0.559239335   1.06520067   0.38179463   0   477.676659   0   475.80778   0.026927225   0.340213564   1115.82284
3.7551   7.27368974e+34   0.0780253811   6.79261427e+14   -0.559272094   1.06537797   0.381727145   0   477.751222   0   475.851489   0.0269180583   0.34016273   1115.75619
3.7601   7.26968169e+34   0.0783284044   6.79126852e+14   -0.559304898   1.06555553   0.381659569   0   477.825905   0   475.895265   0.0269088816   0.340111821   1115.68946
3.7651   7.26566949e+34   0.0786321743   6.78992101e+14   -0.559337745   1.06573334   0.381591899   0   477.900709   0   475.939107   0.0268996947   0.340060838   1115.62265
3.7701   7.26165316e+34   0.0789366917   6.78857173e+14   -0.559370635   1.0659114   0.381524137   0   477.975634   0   475.983015   0.0268904976   0.340009781   1115.55576
3.7751   7.2576327e+34   0.0792419571   6.78722069e+14   -0.559403569   1.06608971   0.381456283   0   478.050681   0   476.02699   0.0268812905   0.339958649   1115.4888
3.7801   7.25360811e+34   0.0795479712   6.78586788e+14   -0.559436547   1.06626827   0.381388336   0   478.125849   0   476.071032   0.0268720731   0.339907442   1115.42175
3.7851   7.2495794e+34   0.0798547348   6.78451331e+14   -0.559469568   1.06644709   0.381320296   0   478.201138   0   476.11514   0.0268628457   0.33985616   1115.35463
3.7901   7.24554658e+34   0.0801622484   6.78315697e+14   -0.559502633   1.06662616   0.381252164   0   478.27655   0   476.159315   0.0268536081   0.339804804   1115.28742
3.7951   7.24150964e+34   0.0804705128   6.78179886e+14   -0.559535741   1.06680549   0.381183939   0   478.352083   0   476.203557   0.0268443604   0.339753373   1115.22014
3.8001   7.23746859e+34   0.0807795286   6.78043899e+14   -0.559568893   1.06698507   0.381115621   0   478.427738   0   476.247866   0.0268351026   0.339701867   1115.15278
3.8051   7.23342344e+34   0.0810892965   6.77907735e+14   -0.559602089   1.0671649   0.38104721   0   478.503515   0   476.292241   0.0268258346   0.339650286   1115.08534
3.8101   7.22937419e+34   0.0813998171   6.77771393e+14   -0.559635328   1.06734498   0.380978706   0   478.579415   0   476.336684   0.0268165566   0.339598631   1115.01782
3.8151   7.22532085e+34   0.0817110912   6.77634875e+14   -0.55966861   1.06752532   0.380910109   0   478.655437   0   476.381194   0.0268072684   0.3395469   1114.95022
3.8201   7.22126341e+34   0.0820231192   6.7749818e+14   -0.559701936   1.06770591   0.380841419   0   478.731581   0   476.42577   0.0267979701   0.339495094   1114.88254
3.8251   7.2172019e+34   0.082335902   6.77361308e+14   -0.559735306   1.06788675   0.380772637   0   478.807849   0   476.470414   0.0267886617   0.339443213   1114.81479
3.8301   7.2131363e+34   0.0826494402   6.77224258e+14   -0.559768719   1.06806784   0.380703761   0   478.884239   0   476.515125   0.0267793432   0.339391256   1114.74695
3.8351   7.20906663e+34   0.0829637344   6.77087031e+14   -0.559802176   1.06824919   0.380634792   0   478.960752   0   476.559904   0.0267700146   0.339339225   1114.67904
3.8401   7.20499288e+34   0.0832787853   6.76949627e+14   -0.559835677   1.0684308   0.380565729   0   479.037388   0   476.604749   0.0267606759   0.339287118   1114.61104
3.8451   7.20091507e+34   0.0835945936   6.76812046e+14   -0.559869221   1.06861265   0.380496574   0   479.114147   0   476.649663   0.0267513272   0.339234936   1114.54297
3.8501   7.1968332e+34   0.0839111598   6.76674287e+14   -0.559902808   1.06879476   0.380427325   0   479.191029   0   476.694643   0.0267419683   0.339182678   1114.47482
3.8551   7.19274728e+34   0.0842284847   6.76536351e+14   -0.559936439   1.06897713   0.380357983   0   479.268035   0   476.739691   0.0267325994   0.339130345   1114.40659
3.8601   7.1886573e+34   0.0845465689   6.76398241e+14   -0.559970114   1.06915975   0.380288549   0   479.345163   0   476.784806   0.0267232206   0.339077938   1114.33828
3.8651   7.18456328e+34   0.084865413   6.76259956e+14   -0.560003832   1.06934262   0.380219024   0   479.422412   0   476.829987   0.026713832   0.339025456   1114.2699
3.8701   7.18046521e+34   0.0851850178   6.76121499e+14   -0.560037594   1.06952574   0.380149407   0   479.499784   0   476.875234   0.0267044336   0.338972901   1114.20143
3.8751   7.1763631e+34   0.0855053838   6.75982867e+14   -0.560071399   1.06970912   0.380079699   0   479.577277   0   476.920548   0.0266950254   0.338920271   1114.1329
3.8801   7.17225697e+34   0.0858265116   6.75844061e+14   -0.560105248   1.06989275   0.380009899   0   479.654892   0   476.965928   0.0266856073   0.338867567   1114.06428
3.8851   7.1681468e+34   0.086148402   6.75705081e+14   -0.56013914   1.07007664   0.379940007   0   479.732629   0   477.011375   0.0266761795   0.338814788   1113.99559
3.8901   7.16403261e+34   0.0864710556   6.75565927e+14   -0.560173076   1.07026078   0.379870024   0   479.810489   0   477.056889   0.0266667419   0.338761935   1113.92682
3.8951   7.15991441e+34   0.086794473   6.75426599e+14   -0.560207056   1.07044517   0.379799948   0   479.888471   0   477.10247   0.0266572944   0.338709007   1113.85797
3.9001   7.15579219e+34   0.0871186549   6.75287096e+14   -0.560241079   1.07062982   0.379729781   0   479.966575   0   477.148117   0.0266478372   0.338656005   1113.78905
3.9051   7.15166596e+34   0.0874436019   6.75147419e+14   -0.560275146   1.07081472   0.379659522   0   480.044803   0   477.193832   0.0266383702   0.338602929   1113.72004
3.9101   7.14753572e+34   0.0877693146   6.75007568e+14   -0.560309256   1.07099988   0.379589171   0   480.123153   0   477.239613   0.0266288934   0.338549777   1113.65097
3.9151   7.14340149e+34   0.0880957937   6.74867542e+14   -0.560343409   1.07118529   0.379518728   0   480.201627   0   477.285461   0.0266194068   0.338496551   1113.58181
3.9201   7.13926326e+34   0.0884230398   6.74727342e+14   -0.560377607   1.07137096   0.379448193   0   480.280223   0   477.331377   0.0266099104   0.33844325   1113.51258
3.9251   7.13512104e+34   0.0887510536   6.74586967e+14   -0.560411847   1.07155688   0.379377565   0   480.358943   0   477.377359   0.0266004042   0.338389875   1113.44327
3.9301   7.13097484e+34   0.0890798356   6.74446417e+14   -0.560446132   1.07174305   0.379306846   0   480.437787   0   477.423409   0.0265908883   0.338336424   1113.37388
3.9351   7.12682465e+34   0.0894093866   6.74305693e+14   -0.560480459   1.07192948   0.379236034   0   480.516754   0   477.469526   0.0265813626   0.338282899   1113.30442
3.9401   7.12267049e+34   0.0897397071   6.74164793e+14   -0.560514831   1.07211616   0.37916513   0   480.595845   0   477.515711   0.0265718271   0.338229298   1113.23488
3.9451   7.11851236e+34   0.0900707978   6.74023719e+14   -0.560549246   1.0723031   0.379094134   0   480.67506   0   477.561963   0.0265622818   0.338175623   1113.16526
3.9501   7.11435027e+34   0.0904026593   6.7388247e+14   -0.560583704   1.07249029   0.379023045   0   480.754398   0   477.608282   0.0265527268   0.338121872   1113.09557
3.9551   7.11018421e+34   0.0907352922   6.73741046e+14   -0.560618206   1.07267774   0.378951864   0   480.833861   0   477.654669   0.026543162   0.338068046   1113.0258
3.9601   7.1060142e+34   0.0910686971   6.73599447e+14   -0.560652751   1.07286544   0.37888059   0   480.913449   0   477.701123   0.0265335875   0.338014145   1112.95595
3.9651   7.10184023e+34   0.0914028747   6.73457672e+14   -0.56068734   1.07305339   0.378809224   0   480.993161   0   477.747646   0.0265240032   0.337960168   1112.88602
3.9701   7.09766232e+34   0.0917378257   6.73315722e+14   -0.560721973   1.07324161   0.378737765   0   481.072997   0   477.794235   0.0265144091   0.337906116   1112.81602
3.9751   7.09348046e+34   0.0920735505   6.73173597e+14   -0.560756649   1.07343007   0.378666214   0   481.152958   0   477.840893   0.0265048053   0.337851989   1112.74594
3.9801   7.08929467e+34   0.0924100499   6.73031296e+14   -0.560791368   1.07361879   0.37859457   0   481.233045   0   477.887619   0.0264951918   0.337797786   1112.67579
3.9851   7.08510495e+34   0.0927473244   6.7288882e+14   -0.560826131   1.07380777   0.378522833   0   481.313256   0   477.934412   0.0264855685   0.337743507   1112.60555
3.9901   7.0809113e+34   0.0930853747   6.72746168e+14   -0.560860938   1.073997   0.378451003   0   481.393593   0   477.981274   0.0264759354   0.337689153   1112.53524
3.9951   7.07671373e+34   0.0934242014   6.72603341e+14   -0.560895788   1.07418648   0.37837908   0   481.474055   0   478.028204   0.0264662927   0.337634724   1112.46485
4.0001   7.07251224e+34   0.0937638051   6.72460338e+14   -0.560930682   1.07437622   0.378307065   0   481.554642   0   478.075202   0.0264566402   0.337580218   1112.39439
4.0051   7.06830683e+34   0.0941041864   6.72317159e+14   -0.560965619   1.07456622   0.378234956   0   481.635356   0   478.122268   0.0264469779   0.337525637   1112.32385
4.0101   7.06409752e+34   0.094445346   6.72173804e+14   -0.5610006   1.07475647   0.378162755   0   481.716195   0   478.169402   0.0264373059   0.33747098   1112.25323
4.0151   7.05988431e+34   0.0947872843   6.72030273e+14   -0.561035624   1.07494698   0.37809046   0   481.79716   0   478.216605   0.0264276242   0.337416246   1112.18254
4.0201   7.0556672e+34   0.0951300022   6.71886566e+14   -0.561070691   1.07513774   0.378018072   0   481.878251   0   478.263876   0.0264179328   0.337361437   1112.11177
4.0251   7.05144619e+34   0.0954735   6.71742683e+14   -0.561105802   1.07532875   0.377945591   0   481.959469   0   478.311216   0.0264082317   0.337306552   1112.04092
4.0301   7.0472213e+34   0.0958177785   6.71598624e+14   -0.561140957   1.07552003   0.377873017   0   482.040813   0   478.358624   0.0263985208   0.337251591   1111.96999
4.0351   7.04299252e+34   0.0961628383   6.71454389e+14   -0.561176155   1.07571155   0.377800349   0   482.122283   0   478.406101   0.0263888002   0.337196553   1111.89899
4.0401   7.03875986e+34   0.0965086799   6.71309977e+14   -0.561211397   1.07590334   0.377727588   0   482.203881   0   478.453646   0.0263790699   0.337141439   1111.82791
4.0451   7.03452333e+34   0.096855304   6.71165388e+14   -0.561246682   1.07609538   0.377654734   0   482.285605   0   478.501261   0.0263693299   0.337086249   1111.75675
4.0501   7.03028294e+34   0.0972027112   6.71020623e+14   -0.561282011   1.07628767   0.377581786   0   482.367457   0   478.548944   0.0263595802   0.337030983   1111.68552
4.0551   7.02603867e+34   0.097550902   6.70875682e+14   -0.561317383   1.07648022   0.377508744   0   482.449435   0   478.596696   0.0263498207   0.33697564   1111.61421
4.0601   7.02179055e+34   0.0978998771   6.70730564e+14   -0.561352799   1.07667303   0.377435609   0   482.531541   0   478.644517   0.0263400516   0.33692022   1111.54282
4.0651   7.01753858e+34   0.0982496371   6.70585269e+14   -0.561388258   1.07686609   0.37736238   0   482.613775   0   478.692407   0.0263302728   0.336864724   1111.47136
4.0701   7.01328276e+34   0.0986001825   6.70439797e+14   -0.561423761   1.07705941   0.377289058   0   482.696136   0   478.740367   0.0263204843   0.336809151   1111.39981
4.0751   7.00902309e+34   0.0989515139   6.70294148e+14   -0.561459307   1.07725298   0.377215642   0   482.778626   0   478.788395   0.026310686   0.336753502   1111.3282
4.0801   7.00475958e+34   0.099303632   6.70148322e+14   -0.561494896   1.07744681   0.377142131   0   482.861243   0   478.836493   0.0263008781   0.336697776   1111.2565
4.0851   7.00049224e+34   0.0996565373   6.70002319e+14   -0.56153053   1.07764089   0.377068527   0   482.943988   0   478.88466   0.0262910605   0.336641973   1111.18473
4.0901   6.99622107e+34   0.10001023   6.69856139e+14   -0.561566206   1.07783523   0.376994829   0   483.026862   0   478.932897   0.0262812332   0.336586093   1111.11288
4.0951   6.99194608e+34   0.100364712   6.69709781e+14   -0.561601926   1.07802983   0.376921037   0   483.109865   0   478.981203   0.0262713963   0.336530136   1111.04095
4.1001   6.98766726e+34   0.100719982   6.69563246e+14   -0.56163769   1.07822468   0.376847151   0   483.192996   0   479.029578   0.0262615496   0.336474102   1110.96895
4.1051   6.98338464e+34   0.101076042   6.69416534e+14   -0.561673497   1.07841979   0.376773171   0   483.276255   0   479.078024   0.0262516933   0.33641799   1110.89687
4.1101   6.9790982e+34   0.101432893   6.69269647e+14   -0.561709348   1.07861516   0.376699098   0   483.359643   0   479.126538   0.0262418275   0.336361803   1110.82472
4.1151   6.97480796e+34   0.101790534   6.69122586e+14   -0.561745242   1.07881078   0.376624933   0   483.443157   0   479.17512   0.0262319523   0.33630554   1110.75248
4.1201   6.97051392e+34   0.102148966   6.68975353e+14   -0.561781179   1.07900666   0.376550675   0   483.526797   0   479.223771   0.0262220677   0.336249202   1110.68018
4.1251   6.96621608e+34   0.10250819   6.68827946e+14   -0.56181716   1.07920279   0.376476326   0   483.610565   0   479.27249   0.0262121737   0.336192788   1110.6078
4.1301   6.96191446e+34   0.102868207   6.68680365e+14   -0.561853185   1.07939918   0.376401884   0   483.69446   0   479.321278   0.0262022704   0.336136298   1110.53535
4.1351   6.95760905e+34   0.103229016   6.68532611e+14   -0.561889252   1.07959583   0.376327351   0   483.778482   0   479.370134   0.0261923578   0.336079732   1110.46282
4.1401   6.95329986e+34   0.10359062   6.68384684e+14   -0.561925364   1.07979274   0.376252724   0   483.862631   0   479.419059   0.0261824357   0.336023091   1110.39021
4.1451   6.9489869e+34   0.103953017   6.68236582e+14   -0.561961519   1.0799899   0.376178006   0   483.946908   0   479.468053   0.0261725043   0.335966373   1110.31753
4.1501   6.94467017e+34   0.10431621   6.68088307e+14   -0.561997717   1.08018731   0.376103195   0   484.031313   0   479.517116   0.0261625636   0.33590958   1110.24478
4.1551   6.94034967e+34   0.104680197   6.67939858e+14   -0.562033959   1.08038499   0.376028291   0   484.115846   0   479.566247   0.0261526135   0.33585271   1110.17195
4.1601   6.93602542e+34   0.105044981   6.67791235e+14   -0.562070244   1.08058292   0.375953295   0   484.200506   0   479.615448   0.026142654   0.335795765   1110.09905
4.1651   6.93169741e+34   0.105410561   6.67642438e+14   -0.562106573   1.08078111   0.375878206   0   484.285295   0   479.664717   0.0261326852   0.335738743   1110.02607
4.1701   6.92736565e+34   0.105776938   6.67493467e+14   -0.562142945   1.08097955   0.375803025   0   484.370213   0   479.714056   0.026122707   0.335681644   1109.95302
4.1751   6.92303015e+34   0.106144113   6.67344322e+14   -0.562179361   1.08117825   0.375727751   0   484.455259   0   479.763464   0.0261127195   0.33562447   1109.87989
4.1801   6.91869091e+34   0.106512086   6.67195002e+14   -0.56221582   1.08137721   0.375652384   0   484.540434   0   479.812941   0.0261027226   0.335567219   1109.80669
4.1851   6.91434793e+34   0.106880858   6.67045507e+14   -0.562252322   1.08157642   0.375576924   0   484.625737   0   479.862488   0.0260927164   0.335509891   1109.73341
4.1901   6.91000123e+34   0.107250429   6.66895839e+14   -0.562288868   1.0817759   0.375501371   0   484.71117   0   479.912104   0.0260827009   0.335452487   1109.66006
4.1951   6.9056508e+34   0.1076208   6.66745995e+14   -0.562325458   1.08197562   0.375425725   0   484.796732   0   479.961789   0.026072676   0.335395006   1109.58663
4.2001   6.90129665e+34   0.107991971   6.66595977e+14   -0.562362091   1.08217561   0.375349986   0   484.882424   0   480.011544   0.0260626418   0.335337449   1109.51313
4.2051   6.89693879e+34   0.108363944   6.66445784e+14   -0.562398767   1.08237585   0.375274154   0   484.968245   0   480.061369   0.0260525982   0.335279814   1109.43956
4.2101   6.89257721e+34   0.108736718   6.66295416e+14   -0.562435487   1.08257635   0.375198228   0   485.054196   0   480.111264   0.0260425453   0.335222103   1109.36591
4.2151   6.88821194e+34   0.109110294   6.66144873e+14   -0.56247225   1.08277711   0.375122209   0   485.140276   0   480.161228   0.0260324831   0.335164315   1109.29218
4.2201   6.88384296e+34   0.109484673   6.65994155e+14   -0.562509057   1.08297813   0.375046097   0   485.226487   0   480.211262   0.0260224116   0.33510645   1109.21838
4.2251   6.8794703e+34   0.109859855   6.65843261e+14   -0.562545907   1.0831794   0.374969892   0   485.312829   0   480.261366   0.0260123307   0.335048508   1109.14451
4.2301   6.87509394e+34   0.11023584   6.65692193e+14   -0.5625828   1.08338093   0.374893593   0   485.3993   0   480.311541   0.0260022405   0.334990489   1109.07056
4.2351   6.8707139e+34   0.11061263   6.65540949e+14   -0.562619737   1.08358272   0.3748172   0   485.485902   0   480.361785   0.025992141   0.334932392   1108.99653
4.2401   6.86633018e+34   0.110990225   6.65389529e+14   -0.562656718   1.08378476   0.374740714   0   485.572635   0   480.4121   0.0259820322   0.334874218   1108.92243
4.2451   6.86194279e+34   0.111368626   6.65237934e+14   -0.562693742   1.08398706   0.374664134   0   485.659499   0   480.462485   0.025971914   0.334815967   1108.84826
4.2501   6.85755173e+34   0.111747832   6.65086163e+14   -0.562730809   1.08418962   0.374587461   0   485.746495   0   480.51294   0.0259617865   0.334757639   1108.77401
4.2551   6.85315701e+34   0.112127845   6.64934216e+14   -0.56276792   1.08439244   0.374510693   0   485.833621   0   480.563466   0.0259516497   0.334699232   1108.69968
4.2601   6.84875863e+34   0.112508665   6.64782093e+14   -0.562805074   1.08459551   0.374433832   0   485.920879   0   480.614062   0.0259415036   0.334640749   1108.62528
4.2651   6.8443566e+34   0.112890292   6.64629795e+14   -0.562842271   1.08479885   0.374356876   0   486.008269   0   480.664729   0.0259313482   0.334582187   1108.55081
4.2701   6.83995092e+34   0.113272728   6.6447732e+14   -0.562879512   1.08500244   0.374279827   0   486.09579   0   480.715467   0.0259211835   0.334523548   1108.47626
4.2751   6.8355416e+34   0.113655972   6.64324669e+14   -0.562916797   1.08520629   0.374202684   0   486.183444   0   480.766275   0.0259110095   0.334464831   1108.40164
4.2801   6.83112864e+34   0.114040025   6.64171842e+14   -0.562954124   1.08541039   0.374125446   0   486.271229   0   480.817155   0.0259008261   0.334406036   1108.32694
4.2851   6.82671204e+34   0.114424889   6.64018838e+14   -0.562991496   1.08561476   0.374048114   0   486.359147   0   480.868105   0.0258906335   0.334347164   1108.25217
4.2901   6.82229182e+34   0.114810562   6.63865658e+14   -0.56302891   1.08581938   0.373970688   0   486.447198   0   480.919126   0.0258804316   0.334288213   1108.17732
4.2951   6.81786798e+34   0.115197046   6.63712301e+14   -0.563066368   1.08602426   0.373893167   0   486.535381   0   480.970218   0.0258702203   0.334229184   1108.1024
4.3001   6.81344053e+34   0.115584342   6.63558767e+14   -0.56310387   1.0862294   0.373815552   0   486.623698   0   481.021382   0.0258599998   0.334170077   1108.0274
4.3051   6.80900946e+34   0.115972449   6.63405056e+14   -0.563141415   1.0864348   0.373737843   0   486.712147   0   481.072617   0.02584977   0.334110892   1107.95233
4.3101   6.80457478e+34   0.116361369   6.63251169e+14   -0.563179003   1.08664045   0.373660038   0   486.80073   0   481.123923   0.0258395308   0.334051628   1107.87718
4.3151   6.8001365e+34   0.116751102   6.63097105e+14   -0.563216635   1.08684636   0.37358214   0   486.889446   0   481.175301   0.0258292824   0.333992286   1107.80196
4.3201   6.79569463e+34   0.117141648   6.62942863e+14   -0.56325431   1.08705253   0.373504146   0   486.978296   0   481.22675   0.0258190247   0.333932865   1107.72666
4.3251   6.79124917e+34   0.117533008   6.62788444e+14   -0.563292028   1.08725896   0.373426058   0   487.067279   0   481.278271   0.0258087577   0.333873366   1107.65129
4.3301   6.78680012e+34   0.117925182   6.62633848e+14   -0.56332979   1.08746565   0.373347874   0   487.156397   0   481.329863   0.0257984815   0.333813788   1107.57584
4.3351   6.78234749e+34   0.118318172   6.62479074e+14   -0.563367595   1.0876726   0.373269596   0   487.245649   0   481.381528   0.0257881959   0.333754132   1107.50032
4.3401   6.77789129e+34   0.118711977   6.62324123e+14   -0.563405444   1.0878798   0.373191223   0   487.335035   0   481.433264   0.025777901   0.333694396   1107.42472
4.3451   6.77343151e+34   0.119106598   6.62168997e+14   -0.563443336   1.08808727   0.373112756   0   487.424554   0   481.485071   0.0257675971   0.333634583   1107.34905
4.3501   6.76896817e+34   0.119502035   6.62013698e+14   -0.563481271   1.08829499   0.373034197   0   487.514205   0   481.536948   0.0257572843   0.333574693   1107.27331
4.3551   6.76450128e+34   0.11989829   6.61858227e+14   -0.56351925   1.08850297   0.372955545   0   487.603987   0   481.588896   0.0257469625   0.333514726   1107.1975
4.3601   6.76003082e+34   0.120295362   6.61702583e+14   -0.563557272   1.08871121   0.3728768   0   487.693902   0   481.640914   0.0257366317   0.333454682   1107.12161
4.3651   6.75555682e+34   0.120693253   6.61546765e+14   -0.563595338   1.0889197   0.372797963   0   487.78395   0   481.693003   0.0257262921   0.333394561   1107.04565
4.3701   6.75107928e+34   0.121091961   6.61390775e+14   -0.563633447   1.08912846   0.372719032   0   487.874129   0   481.745163   0.0257159435   0.333334362   1106.96962
4.3751   6.74659819e+34   0.121491489   6.61234611e+14   -0.563671599   1.08933748   0.372640009   0   487.964442   0   481.797393   0.0257055859   0.333274086   1106.89351
4.3801   6.74211358e+34   0.121891837   6.61078274e+14   -0.563709795   1.08954675   0.372560892   0   488.054887   0   481.849694   0.0256952194   0.333213733   1106.81733
4.3851   6.73762543e+34   0.122293005   6.60921763e+14   -0.563748034   1.08975628   0.372481683   0   488.145466   0   481.902066   0.025684844   0.333153301   1106.74109
4.3901   6.73313376e+34   0.122694993   6.60765079e+14   -0.563786317   1.08996607   0.37240238   0   488.236178   0   481.954509   0.0256744597   0.333092793   1106.66476
4.3951   6.72863858e+34   0.123097803   6.60608221e+14   -0.563824642   1.09017612   0.372322984   0   488.327023   0   482.007024   0.0256640664   0.333032206   1106.58837
4.4001   6.72413988e+34   0.123501434   6.60451189e+14   -0.563863012   1.09038643   0.372243495   0   488.418002   0   482.059609   0.0256536642   0.332971542   1106.5119
4.4051   6.71963767e+34   0.123905887   6.60293984e+14   -0.563901424   1.090597   0.372163912   0   488.509115   0   482.112266   0.0256432531   0.3329108   1106.43536
4.4101   6.71513196e+34   0.124311163   6.60136604e+14   -0.56393988   1.09080783   0.372084236   0   488.600362   0   482.164994   0.025632833   0.33284998   1106.35875
4.4151   6.71062276e+34   0.124717262   6.5997905e+14   -0.563978379   1.09101892   0.372004466   0   488.691743   0   482.217794   0.0256224041   0.332789082   1106.28206
4.4201   6.70611006e+34   0.125124185   6.59821321e+14   -0.564016922   1.09123026   0.371924602   0   488.783258   0   482.270665   0.0256119662   0.332728106   1106.20531
4.4251   6.70159388e+34   0.125531932   6.59663419e+14   -0.564055508   1.09144187   0.371844645   0   488.874909   0   482.323607   0.0256015193   0.332667051   1106.12848
4.4301   6.69707422e+34   0.125940503   6.59505341e+14   -0.564094137   1.09165373   0.371764594   0   488.966694   0   482.376622   0.0255910636   0.332605919   1106.05157
4.4351   6.69255108e+34   0.1263499   6.59347089e+14   -0.56413281   1.09186586   0.371684449   0   489.058614   0   482.429708   0.0255805989   0.332544708   1105.9746
4.4401   6.68802447e+34   0.126760122   6.59188663e+14   -0.564171526   1.09207824   0.37160421   0   489.150669   0   482.482867   0.0255701253   0.332483418   1105.89755
4.4451   6.6834944e+34   0.12717117   6.59030061e+14   -0.564210285   1.09229088   0.371523877   0   489.24286   0   482.536097   0.0255596428   0.33242205   1105.82043
4.4501   6.67896087e+34   0.127583045   6.58871284e+14   -0.564249088   1.09250378   0.37144345   0   489.335186   0   482.589399   0.0255491514   0.332360604   1105.74324
4.4551   6.67442388e+34   0.127995747   6.58712332e+14   -0.564287934   1.09271695   0.371362928   0   489.427648   0   482.642774   0.025538651   0.332299079   1105.66597
4.4601   6.66988345e+34   0.128409276   6.58553205e+14   -0.564326823   1.09293037   0.371282313   0   489.520246   0   482.69622   0.0255281418   0.332237475   1105.58863
4.4651   6.66533957e+34   0.128823634   6.58393902e+14   -0.564365756   1.09314405   0.371201603   0   489.612981   0   482.74974   0.0255176236   0.332175792   1105.51122
4.4701   6.66079225e+34   0.129238819   6.58234424e+14   -0.564404732   1.09335799   0.371120798   0   489.705851   0   482.803331   0.0255070965   0.33211403   1105.43374
4.4751   6.6562415e+34   0.129654834   6.58074771e+14   -0.564443752   1.09357219   0.371039899   0   489.798859   0   482.856996   0.0254965605   0.332052189   1105.35618
4.4801   6.65168732e+34   0.130071679   6.57914941e+14   -0.564482814   1.09378665   0.370958906   0   489.892003   0   482.910732   0.0254860156   0.331990269   1105.27855
4.4851   6.64712972e+34   0.130489353   6.57754936e+14   -0.56452192   1.09400137   0.370877818   0   489.985284   0   482.964542   0.0254754618   0.33192827   1105.20085
4.4901   6.6425687e+34   0.130907858   6.57594754e+14   -0.56456107   1.09421635   0.370796634   0   490.078702   0   483.018424   0.025464899   0.331866191   1105.12308
4.4951   6.63800427e+34   0.131327193   6.57434397e+14   -0.564600262   1.09443159   0.370715356   0   490.172258   0   483.07238   0.0254543274   0.331804034   1105.04523
4.5001   6.63343644e+34   0.13174736   6.57273863e+14   -0.564639498   1.09464708   0.370633984   0   490.265951   0   483.126408   0.0254437468   0.331741796   1104.96731
4.5051   6.6288652e+34   0.132168359   6.57113152e+14   -0.564678778   1.09486284   0.370552516   0   490.359782   0   483.18051   0.0254331574   0.331679479   1104.88932
4.5101   6.62429057e+34   0.13259019   6.56952266e+14   -0.5647181   1.09507886   0.370470953   0   490.453751   0   483.234684   0.025422559   0.331617083   1104.81125
4.5151   6.61971255e+34   0.133012854   6.56791202e+14   -0.564757466   1.09529514   0.370389295   0   490.547858   0   483.288932   0.0254119517   0.331554607   1104.73311
4.5201   6.61513114e+34   0.133436351   6.56629962e+14   -0.564796875   1.09551168   0.370307541   0   490.642104   0   483.343254   0.0254013356   0.331492051   1104.6549
4.5251   6.61054636e+34   0.133860682   6.56468545e+14   -0.564836328   1.09572848   0.370225692   0   490.736488   0   483.397649   0.0253907105   0.331429415   1104.57662
4.5301   6.6059582e+34   0.134285847   6.56306951e+14   -0.564875824   1.09594554   0.370143748   0   490.831011   0   483.452117   0.0253800765   0.331366699   1104.49826
4.5351   6.60136667e+34   0.134711847   6.56145179e+14   -0.564915363   1.09616286   0.370061708   0   490.925673   0   483.506659   0.0253694336   0.331303903   1104.41983
4.5401   6.59677178e+34   0.135138681   6.5598323e+14   -0.564954945   1.09638044   0.369979573   0   491.020475   0   483.561275   0.0253587818   0.331241027   1104.34133
4.5451   6.59217353e+34   0.135566351   6.55821104e+14   -0.564994571   1.09659828   0.369897342   0   491.115415   0   483.615965   0.0253481211   0.331178071   1104.26275
4.5501   6.58757193e+34   0.135994858   6.55658801e+14   -0.56503424   1.09681638   0.369815015   0   491.210496   0   483.670729   0.0253374515   0.331115034   1104.18411
4.5551   6.58296698e+34   0.1364242   6.55496319e+14   -0.565073953   1.09703474   0.369732592   0   491.305716   0   483.725567   0.025326773   0.331051917   1104.10539
4.5601   6.57835869e+34   0.13685438   6.5533366e+14   -0.565113708   1.09725336   0.369650073   0   491.401077   0   483.780479   0.0253160856   0.330988719   1104.02659
4.5651   6.57374707e+34   0.137285396   6.55170826e+14   -0.565153507   1.09747224   0.36956746   0   491.496576   0   483.835464   0.0253053895   0.330925442   1103.94773
4.5701   6.56913211e+34   0.137717251   6.55007819e+14   -0.565193349   1.09769138   0.369484753   0   491.592212   0   483.890522   0.0252946849   0.330862087   1103.86879
4.5751   6.56451383e+34   0.138149944   6.5484464e+14   -0.565233235   1.09791078   0.369401953   0   491.687985   0   483.945653   0.0252839717   0.330798653   1103.78979
4.5801   6.55989223e+34   0.138583475   6.54681288e+14   -0.565273163   1.09813045   0.36931906   0   491.783896   0   484.000856   0.0252732501   0.33073514   1103.71071
4.5851   6.55526731e+34   0.139017846   6.54517764e+14   -0.565313135   1.09835037   0.369236074   0   491.879945   0   484.056131   0.0252625199   0.330671548   1103.63156
4.5901   6.55063909e+34   0.139453056   6.54354066e+14   -0.565353151   1.09857055   0.369152993   0   491.976131   0   484.11148   0.0252517812   0.330607878   1103.55235
4.5951   6.54600756e+34   0.139889106   6.54190196e+14   -0.565393209   1.098791   0.369069819   0   492.072456   0   484.166901   0.025241034   0.330544129   1103.47306
4.6001   6.54137274e+34   0.140325997   6.54026152e+14   -0.565433311   1.0990117   0.368986552   0   492.168919   0   484.222396   0.0252302782   0.330480301   1103.3937
4.6051   6.53673462e+34   0.140763729   6.53861936e+14   -0.565473456   1.09923267   0.36890319   0   492.265521   0   484.277963   0.025219514   0.330416393   1103.31428
4.6101   6.53209321e+34   0.141202302   6.53697545e+14   -0.565513645   1.0994539   0.368819735   0   492.362261   0   484.333604   0.0252087412   0.330352407   1103.23478
4.6151   6.52744853e+34   0.141641716   6.53532981e+14   -0.565553876   1.09967539   0.368736186   0   492.459141   0   484.389318   0.0251979599   0.330288341   1103.15521
4.6201   6.52280056e+34   0.142081973   6.53368244e+14   -0.565594151   1.09989713   0.368652542   0   492.55616   0   484.445106   0.0251871701   0.330224196   1103.07557
4.6251   6.51814933e+34   0.142523073   6.53203332e+14   -0.565634469   1.10011914   0.368568804   0   492.653318   0   484.500967   0.0251763717   0.330159972   1102.99587
4.6301   6.51349483e+34   0.142965016   6.53038247e+14   -0.56567483   1.10034142   0.368484972   0   492.750616   0   484.556902   0.0251655649   0.330095667   1102.91609
4.6351   6.50883707e+34   0.143407802   6.52872987e+14   -0.565715235   1.10056395   0.368401046   0   492.848054   0   484.61291   0.0251547495   0.330031284   1102.83624
4.6401   6.50417606e+34   0.143851432   6.52707553e+14   -0.565755683   1.10078674   0.368317025   0   492.945631   0   484.668992   0.0251439256   0.32996682   1102.75632
4.6451   6.4995118e+34   0.144295907   6.52541945e+14   -0.565796174   1.10100979   0.36823291   0   493.04335   0   484.725149   0.0251330932   0.329902277   1102.67633
4.6501   6.49484429e+34   0.144741226   6.52376161e+14   -0.565836708   1.10123311   0.3681487   0   493.141208   0   484.781379   0.0251222523   0.329837653   1102.59627
4.6551   6.49017355e+34   0.145187391   6.52210204e+14   -0.565877286   1.10145668   0.368064395   0   493.239208   0   484.837683   0.0251114028   0.32977295   1102.51614
4.6601   6.48549957e+34   0.145634401   6.52044071e+14   -0.565917907   1.10168052   0.367979996   0   493.337348   0   484.894062   0.0251005448   0.329708167   1102.43594
4.6651   6.48082237e+34   0.146082257   6.51877763e+14   -0.565958571   1.10190462   0.367895501   0   493.43563   0   484.950515   0.0250896784   0.329643303   1102.35567
4.6701   6.47614194e+34   0.14653096   6.5171128e+14   -0.565999278   1.10212898   0.367810911   0   493.534053   0   485.007042   0.0250788033   0.329578359   1102.27533
4.6751   6.47145831e+34   0.14698051   6.51544622e+14   -0.566040028   1.1023536   0.367726227   0   493.632618   0   485.063644   0.0250679198   0.329513334   1102.19491
4.6801   6.46677146e+34   0.147430907   6.51377788e+14   -0.566080822   1.10257848   0.367641447   0   493.731325   0   485.120321   0.0250570278   0.32944823   1102.11443
4.6851   6.4620814e+34   0.147882152   6.51210779e+14   -0.566121659   1.10280363   0.367556572   0   493.830173   0   485.177072   0.0250461272   0.329383044   1102.03388
4.6901   6.45738815e+34   0.148334245   6.51043594e+14   -0.566162539   1.10302903   0.367471601   0   493.929165   0   485.233899   0.0250352181   0.329317778   1101.95325
4.6951   6.4526917e+34   0.148787187   6.50876232e+14   -0.566203462   1.1032547   0.367386535   0   494.028298   0   485.2908   0.0250243005   0.329252431   1101.87256
4.7001   6.44799206e+34   0.149240977   6.50708695e+14   -0.566244429   1.10348063   0.367301373   0   494.127575   0   485.347777   0.0250133743   0.329187003   1101.79179
4.7051   6.44328925e+34   0.149695617   6.50540982e+14   -0.566285438   1.10370682   0.367216115   0   494.226994   0   485.404828   0.0250024397   0.329121494   1101.71096
4.7101   6.43858325e+34   0.150151107   6.50373092e+14   -0.566326491   1.10393327   0.367130762   0   494.326557   0   485.461955   0.0249914965   0.329055904   1101.63005
4.7151   6.43387408e+34   0.150607447   6.50205025e+14   -0.566367588   1.10415998   0.367045313   0   494.426263   0   485.519158   0.0249805448   0.328990232   1101.54907
4.7201   6.42916175e+34   0.151064637   6.50036782e+14   -0.566408727   1.10438696   0.366959768   0   494.526113   0   485.576435   0.0249695846   0.32892448   1101.46803
4.7251   6.42444626e+34   0.151522679   6.49868362e+14   -0.566449909   1.10461419   0.366874127   0   494.626106   0   485.633789   0.0249586158   0.328858646   1101.38691
4.7301   6.41972761e+34   0.151981572   6.49699765e+14   -0.566491135   1.10484169   0.366788389   0   494.726244   0   485.691218   0.0249476386   0.32879273   1101.30572
4.7351   6.41500582e+34   0.152441317   6.49530991e+14   -0.566532404   1.10506945   0.366702555   0   494.826527   0   485.748723   0.0249366528   0.328726733   1101.22446
4.7401   6.41028088e+34   0.152901913   6.49362039e+14   -0.566573716   1.10529747   0.366616625   0   494.926953   0   485.806305   0.0249256585   0.328660655   1101.14313
4.7451   6.4055528e+34   0.153363363   6.49192911e+14   -0.566615071   1.10552576   0.366530599   0   495.027525   0   485.863962   0.0249146556   0.328594494   1101.06172
4.7501   6.40082159e+34   0.153825666   6.49023604e+14   -0.56665647   1.1057543   0.366444475   0   495.128242   0   485.921695   0.0249036442   0.328528252   1100.98025
4.7551   6.39608725e+34   0.154288821   6.48854119e+14   -0.566697911   1.10598311   0.366358256   0   495.229104   0   485.979505   0.0248926244   0.328461927   1100.89871
4.7601   6.3913498e+34   0.154752831   6.48684457e+14   -0.566739396   1.10621218   0.366271939   0   495.330112   0   486.037391   0.0248815959   0.32839552   1100.81709
4.7651   6.38660922e+34   0.155217695   6.48514617e+14   -0.566780924   1.10644151   0.366185525   0   495.431265   0   486.095353   0.024870559   0.328329032   1100.73541
4.7701   6.38186554e+34   0.155683413   6.48344598e+14   -0.566822495   1.1066711   0.366099015   0   495.532565   0   486.153392   0.0248595135   0.328262461   1100.65365
4.7751   6.37711875e+34   0.156149986   6.48174406e+14   -0.56686411   1.10690096   0.36601241   0   495.634008   0   486.211507   0.0248484599   0.328195809   1100.57183
4.7801   6.37236887e+34   0.156617415   6.48004042e+14   -0.566905767   1.10713108   0.365925711   0   495.735593   0   486.269696   0.0248373981   0.328129078   1100.48994
4.7851   6.36761589e+34   0.157085699   6.47833505e+14   -0.566947468   1.10736146   0.365838918   0   495.837321   0   486.327959   0.0248263282   0.328062266   1100.40798
4.7901   6.36285982e+34   0.15755484   6.47662796e+14   -0.566989211   1.1075921   0.365752031   0   495.939193   0   486.386298   0.0248152502   0.327995374   1100.32595
4.7951   6.35810068e+34   0.158024836   6.47491914e+14   -0.567030998   1.107823   0.36566505   0   496.041208   0   486.444711   0.0248041641   0.327928402   1100.24385
4.8001   6.35333845e+34   0.15849569   6.4732086e+14   -0.567072828   1.10805417   0.365577974   0   496.143366   0   486.5032   0.0247930698   0.32786135   1100.16169
4.8051   6.34857316e+34   0.158967401   6.47149632e+14   -0.567114701   1.1082856   0.365490804   0   496.245669   0   486.561764   0.0247819675   0.327794217   1100.07946
4.8101   6.3438048e+34   0.159439969   6.46978231e+14   -0.567156618   1.10851729   0.365403539   0   496.348115   0   486.620403   0.024770857   0.327727003   1099.99716
4.8151   6.33903338e+34   0.159913396   6.46806657e+14   -0.567198577   1.10874924   0.36531618   0   496.450706   0   486.679117   0.0247597384   0.327659709   1099.91479
4.8201   6.33425891e+34   0.16038768   6.4663491e+14   -0.56724058   1.10898145   0.365228726   0   496.553441   0   486.737908   0.0247486117   0.327592334   1099.83235
4.8251   6.32948139e+34   0.160862824   6.46462989e+14   -0.567282625   1.10921393   0.365141177   0   496.656321   0   486.796773   0.0247374769   0.327524877   1099.74985
4.8301   6.32470083e+34   0.161338826   6.46290894e+14   -0.567324714   1.10944667   0.365053533   0   496.759346   0   486.855715   0.024726334   0.32745734   1099.66727
4.8351   6.31991723e+34   0.161815688   6.46118625e+14   -0.567366846   1.10967967   0.364965794   0   496.862517   0   486.914733   0.0247151829   0.327389722   1099.58463
4.8401   6.3151306e+34   0.16229341   6.45946182e+14   -0.567409021   1.10991294   0.36487796   0   496.965833   0   486.973826   0.0247040237   0.327322023   1099.50192
4.8451   6.31034095e+34   0.162771992   6.45773564e+14   -0.567451239   1.11014647   0.364790031   0   497.069295   0   487.032996   0.0246928564   0.327254242   1099.41915
4.8501   6.30554827e+34   0.163251435   6.45600772e+14   -0.567493501   1.11038026   0.364702006   0   497.172903   0   487.092242   0.024681681   0.327186379   1099.3363
4.8551   6.30075258e+34   0.163731738   6.45427805e+14   -0.567535805   1.11061431   0.364613886   0   497.276657   0   487.151564   0.0246704974   0.327118435   1099.25339
4.8601   6.29595389e+34   0.164212903   6.45254664e+14   -0.567578153   1.11084863   0.36452567   0   497.380558   0   487.210963   0.0246593057   0.32705041   1099.17041
4.8651   6.29115219e+34   0.164694929   6.45081347e+14   -0.567620543   1.1110832   0.364437359   0   497.484605   0   487.270439   0.0246481058   0.326982302   1099.08736
4.8701   6.28634749e+34   0.165177818   6.44907855e+14   -0.567662977   1.11131804   0.364348951   0   497.5888   0   487.329991   0.0246368979   0.326914113   1099.00424
4.8751   6.2815398e+34   0.165661568   6.44734187e+14   -0.567705454   1.11155315   0.364260448   0   497.693142   0   487.38962   0.0246256818   0.326845841   1098.92105
4.8801   6.27672913e+34   0.166146182   6.44560344e+14   -0.567747974   1.11178851   0.364171848   0   497.797632   0   487.449327   0.0246144575   0.326777488   1098.8378
4.8851   6.27191548e+34   0.166631658   6.44386326e+14   -0.567790537   1.11202414   0.364083153   0   497.902269   0   487.50911   0.0246032251   0.326709052   1098.75447
4.8901   6.26709885e+34   0.167117998   6.44212131e+14   -0.567833143   1.11226003   0.363994361   0   498.007054   0   487.56897   0.0245919846   0.326640534   1098.67108
4.8951   6.26227926e+34   0.167605201   6.4403776e+14   -0.567875792   1.11249619   0.363905473   0   498.111988   0   487.628908   0.0245807359   0.326571934   1098.58762
4.9001   6.2574567e+34   0.168093269   6.43863213e+14   -0.567918484   1.11273261   0.363816488   0   498.21707   0   487.688923   0.0245694791   0.32650325   1098.50409
4.9051   6.25263119e+34   0.168582201   6.43688489e+14   -0.56796122   1.11296929   0.363727406   0   498.322301   0   487.749016   0.0245582142   0.326434485   1098.42049
4.9101   6.24780272e+34   0.169071998   6.43513589e+14   -0.568003998   1.11320623   0.363638228   0   498.427682   0   487.809187   0.0245469411   0.326365636   1098.33683
4.9151   6.24297131e+34   0.16956266   6.43338512e+14   -0.568046819   1.11344344   0.363548953   0   498.533211   0   487.869435   0.0245356598   0.326296704   1098.25309
4.9201   6.23813696e+34   0.170054187   6.43163257e+14   -0.568089684   1.11368091   0.363459581   0   498.63889   0   487.929762   0.0245243704   0.32622769   1098.16929
4.9251   6.23329968e+34   0.17054658   6.42987826e+14   -0.568132591   1.11391864   0.363370112   0   498.744719   0   487.990166   0.0245130729   0.326158592   1098.08542
4.9301   6.22845947e+34   0.171039839   6.42812217e+14   -0.568175542   1.11415664   0.363280546   0   498.850698   0   488.050649   0.0245017672   0.326089411   1098.00147
4.9351   6.22361634e+34   0.171533965   6.42636431e+14   -0.568218536   1.11439489   0.363190883   0   498.956828   0   488.11121   0.0244904533   0.326020147   1097.91746
4.9401   6.21877029e+34   0.172028957   6.42460466e+14   -0.568261572   1.11463342   0.363101122   0   499.063108   0   488.171849   0.0244791313   0.325950799   1097.83339
4.9451   6.21392133e+34   0.172524817   6.42284324e+14   -0.568304652   1.1148722   0.363011263   0   499.169539   0   488.232567   0.0244678011   0.325881368   1097.74924
4.9501   6.20906946e+34   0.173021544   6.42108004e+14   -0.568347775   1.11511125   0.362921307   0   499.276121   0   488.293364   0.0244564628   0.325811853   1097.66502
4.9551   6.2042147e+34   0.173519138   6.41931505e+14   -0.568390941   1.11535056   0.362831253   0   499.382855   0   488.35424   0.0244451163   0.325742254   1097.58074
4.9601   6.19935704e+34   0.174017601   6.41754828e+14   -0.56843415   1.11559013   0.362741102   0   499.48974   0   488.415194   0.0244337616   0.325672571   1097.49638
4.9651   6.19449649e+34   0.174516932   6.41577972e+14   -0.568477402   1.11582997   0.362650852   0   499.596778   0   488.476228   0.0244223988   0.325602804   1097.41196
4.9701   6.18963307e+34   0.175017132   6.41400939e+14   -0.568520697   1.11607007   0.362560505   0   499.703966   0   488.53734   0.0244110279   0.325532954   1097.32747
4.9751   6.18476677e+34   0.175518201   6.41223733e+14   -0.568564034   1.11631044   0.362470063   0   499.811303   0   488.59853   0.0243996493   0.325463022   1097.24291
4.9801   6.17989759e+34   0.17602014   6.41046356e+14   -0.568607415   1.11655106   0.362379527   0   499.918788   0   488.659796   0.024388263   0.325393008   1097.15829
4.9851   6.17502556e+34   0.176522948   6.40868806e+14   -0.568650839   1.11679196   0.362288896   0   500.026422   0   488.721139   0.024376869   0.325322913   1097.0736
4.9901   6.17015066e+34   0.177026626   6.40691084e+14   -0.568694306   1.11703311   0.36219817   0   500.134205   0   488.78256   0.0243654672   0.325252736   1096.98885
4.9951   6.16527291e+34   0.177531174   6.40513189e+14   -0.568737816   1.11727453   0.362107349   0   500.242137   0   488.844058   0.0243540577   0.325182477   1096.90403
5.0001   6.16039232e+34   0.178036593   6.40335121e+14   -0.568781369   1.11751621   0.362016433   0   500.350219   0   488.905633   0.0243426405   0.325112136   1096.81915
5.0051   6.15550888e+34   0.178542883   6.4015688e+14   -0.568824965   1.11775815   0.361925421   0   500.45845   0   488.967287   0.0243312156   0.325041713   1096.73419
5.0101   6.15062261e+34   0.179050044   6.39978466e+14   -0.568868604   1.11800036   0.361834314   0   500.566831   0   489.029017   0.024319783   0.324971207   1096.64918
5.0151   6.14573351e+34   0.179558077   6.39799878e+14   -0.568912286   1.11824283   0.361743111   0   500.675363   0   489.090826   0.0243083426   0.324900619   1096.5641
5.0201   6.14084158e+34   0.180066982   6.39621116e+14   -0.568956011   1.11848557   0.361651813   0   500.784045   0   489.152713   0.0242968945   0.324829949   1096.47895
5.0251   6.13594684e+34   0.180576758   6.39442181e+14   -0.568999779   1.11872857   0.361560419   0   500.892879   0   489.214678   0.0242854386   0.324759196   1096.39373
5.0301   6.13104929e+34   0.181087408   6.39263071e+14   -0.56904359   1.11897183   0.361468929   0   501.001863   0   489.276722   0.024273975   0.32468836   1096.30845
5.0351   6.12614893e+34   0.18159893   6.39083787e+14   -0.569087444   1.11921536   0.361377343   0   501.110999   0   489.338843   0.0242625037   0.324617441   1096.22311
5.0401   6.12124577e+34   0.182111325   6.38904328e+14   -0.569131341   1.11945915   0.361285661   0   501.220286   0   489.401044   0.0242510246   0.324546439   1096.13769
5.0451   6.11633981e+34   0.182624594   6.38724695e+14   -0.569175281   1.1197032   0.361193882   0   501.329726   0   489.463323   0.0242395378   0.324475354   1096.05221
5.0501   6.11143107e+34   0.183138736   6.38544886e+14   -0.569219264   1.11994752   0.361102007   0   501.439317   0   489.525681   0.0242280432   0.324404186   1095.96667
5.0551   6.10651954e+34   0.183653752   6.38364903e+14   -0.56926329   1.1201921   0.361010036   0   501.549061   0   489.588118   0.0242165409   0.324332934   1095.88106
5.0601   6.10160524e+34   0.184169643   6.38184744e+14   -0.569307358   1.12043694   0.360917968   0   501.658959   0   489.650634   0.0242050308   0.324261599   1095.79538
5.0651   6.09668816e+34   0.184686408   6.3800441e+14   -0.56935147   1.12068205   0.360825803   0   501.769009   0   489.713229   0.0241935129   0.324190181   1095.70964
5.0701   6.09176832e+34   0.185204048   6.37823899e+14   -0.569395625   1.12092742   0.360733541   0   501.879212   0   489.775904   0.0241819873   0.324118678   1095.62383
5.0751   6.08684573e+34   0.185722563   6.37643213e+14   -0.569439822   1.12117306   0.360641182   0   501.989569   0   489.838658   0.0241704539   0.324047091   1095.53795
5.0801   6.08192037e+34   0.186241953   6.3746235e+14   -0.569484063   1.12141896   0.360548726   0   502.10008   0   489.901492   0.0241589128   0.323975421   1095.45201
5.0851   6.07699227e+34   0.186762219   6.37281311e+14   -0.569528346   1.12166512   0.360456172   0   502.210746   0   489.964406   0.0241473638   0.323903666   1095.366
5.0901   6.07206143e+34   0.187283361   6.37100096e+14   -0.569572672   1.12191155   0.360363521   0   502.321566   0   490.027399   0.0241358071   0.323831827   1095.27993
5.0951   6.06712786e+34   0.18780538   6.36918703e+14   -0.569617042   1.12215824   0.360270773   0   502.43254   0   490.090473   0.0241242426   0.323759904   1095.19378
5.1001   6.06219155e+34   0.188328275   6.36737134e+14   -0.569661454   1.1224052   0.360177927   0   502.54367   0   490.153627   0.0241126703   0.323687896   1095.10758
5.1051   6.05725252e+34   0.188852047   6.36555387e+14   -0.569705909   1.12265242   0.360084982   0   502.654955   0   490.216861   0.0241010903   0.323615804   1095.0213
5.1101   6.05231077e+34   0.189376695   6.36373462e+14   -0.569750407   1.1228999   0.35999194   0   502.766396   0   490.280176   0.0240895024   0.323543627   1094.93496
5.1151   6.04736631e+34   0.189902222   6.3619136e+14   -0.569794948   1.12314765   0.3598988   0   502.877993   0   490.343571   0.0240779068   0.323471364   1094.84855
5.1201   6.04241915e+34   0.190428626   6.3600908e+14   -0.569839532   1.12339566   0.359805562   0   502.989746   0   490.407047   0.0240663034   0.323399017   1094.76208
5.1251   6.03746928e+34   0.190955907   6.35826622e+14   -0.569884159   1.12364394   0.359712225   0   503.101656   0   490.470604   0.0240546921   0.323326585   1094.67553
5.1301   6.03251672e+34   0.191484067   6.35643985e+14   -0.569928828   1.12389248   0.35961879   0   503.213722   0   490.534242   0.0240430731   0.323254067   1094.58893
5.1351   6.02756147e+34   0.192013106   6.3546117e+14   -0.569973541   1.12414128   0.359525256   0   503.325946   0   490.597962   0.0240314463   0.323181464   1094.50225
5.1401   6.02260354e+34   0.192543023   6.35278176e+14   -0.570018296   1.12439035   0.359431623   0   503.438327   0   490.661762   0.0240198116   0.323108775   1094.41551
5.1451   6.01764294e+34   0.193073819   6.35095003e+14   -0.570063095   1.12463968   0.359337892   0   503.550865   0   490.725644   0.0240081692   0.323036001   1094.3287
5.1501   6.01267966e+34   0.193605494   6.34911651e+14   -0.570107936   1.12488928   0.359244061   0   503.663562   0   490.789608   0.0239965189   0.322963141   1094.24182
5.1551   6.00771372e+34   0.194138049   6.34728119e+14   -0.57015282   1.12513914   0.359150131   0   503.776417   0   490.853653   0.0239848608   0.322890195   1094.15488
5.1601   6.00274512e+34   0.194671483   6.34544412e+14   -0.570197747   1.12538926   0.359056104   0   503.889428   0   490.917779   0.0239731951   0.322817164   1094.06787
5.1651   5.99777387e+34   0.195205798   6.34360533e+14   -0.570242717   1.12563965   0.358961982   0   504.002594   0   490.981985   0.0239615222   0.32274405   1093.9808
5.1701   5.99279997e+34   0.195740992   6.34176481e+14   -0.57028773   1.1258903   0.358867764   0   504.115913   0   491.046269   0.0239498419   0.322670854   1093.89367
5.1751   5.98782343e+34   0.196277068   6.33992257e+14   -0.570332785   1.12614122   0.35877345   0   504.229388   0   491.110634   0.0239381542   0.322597573   1093.80647
5.1801   5.98284426e+34   0.196814023   6.3380786e+14   -0.570377884   1.1263924   0.358679041   0   504.343017   0   491.175078   0.0239264593   0.32252421   1093.71921
5.1851   5.97786246e+34   0.19735186   6.33623291e+14   -0.570423025   1.12664385   0.358584535   0   504.456801   0   491.239602   0.023914757   0.322450763   1093.63188
5.1901   5.97287804e+34   0.197890579   6.33438548e+14   -0.570468209   1.12689556   0.358489934   0   504.570741   0   491.304206   0.0239030473   0.322377232   1093.54449
5.1951   5.967891e+34   0.198430178   6.33253632e+14   -0.570513436   1.12714753   0.358395236   0   504.684837   0   491.36889   0.0238913303   0.322303617   1093.45704
5.2001   5.96290134e+34   0.19897066   6.33068542e+14   -0.570558706   1.12739977   0.358300442   0   504.799089   0   491.433654   0.0238796059   0.322229918   1093.36952
5.2051   5.95790909e+34   0.199512023   6.32883278e+14   -0.570604018   1.12765227   0.358205552   0   504.913497   0   491.498499   0.0238678742   0.322156135   1093.28194
5.2101   5.95291424e+34   0.200054269   6.3269784e+14   -0.570649374   1.12790504   0.358110564   0   505.028063   0   491.563425   0.0238561351   0.322082267   1093.1943
5.2151   5.94791679e+34   0.200597397   6.32512228e+14   -0.570694772   1.12815807   0.35801548   0   505.142785   0   491.628431   0.0238443887   0.322008316   1093.10659
5.2201   5.94291675e+34   0.201141408   6.32326441e+14   -0.570740213   1.12841137   0.357920299   0   505.257665   0   491.693518   0.0238326349   0.321934279   1093.01882
5.2251   5.93791414e+34   0.201686302   6.32140479e+14   -0.570785697   1.12866493   0.357825021   0   505.372702   0   491.758687   0.0238208737   0.321860158   1092.93099
5.2301   5.93290895e+34   0.202232079   6.31954342e+14   -0.570831223   1.12891875   0.357729646   0   505.487898   0   491.823936   0.0238091051   0.321785953   1092.84309
5.2351   5.92790119e+34   0.202778739   6.3176803e+14   -0.570876793   1.12917284   0.357634173   0   505.603251   0   491.889267   0.0237973291   0.321711662   1092.75512
5.2401   5.92289087e+34   0.203326283   6.31581542e+14   -0.570922405   1.1294272   0.357538603   0   505.718764   0   491.95468   0.0237855458   0.321637286   1092.6671
5.2451   5.917878e+34   0.203874711   6.31394879e+14   -0.57096806   1.12968181   0.357442934   0   505.834435   0   492.020174   0.023773755   0.321562825   1092.579
5.2501   5.91286257e+34   0.204424023   6.31208039e+14   -0.571013758   1.1299367   0.357347169   0   505.950266   0   492.08575   0.0237619568   0.321488278   1092.49085
5.2551   5.9078446e+34   0.204974219   6.31021023e+14   -0.571059499   1.13019185   0.357251305   0   506.066257   0   492.151408   0.0237501513   0.321413646   1092.40263
5.2601   5.90282409e+34   0.2055253   6.30833831e+14   -0.571105282   1.13044726   0.357155343   0   506.182407   0   492.217148   0.0237383383   0.321338928   1092.31434
5.2651   5.89780105e+34   0.206077266   6.30646461e+14   -0.571151108   1.13070293   0.357059283   0   506.298717   0   492.28297   0.0237265179   0.321264124   1092.226
5.2701   5.89277548e+34   0.206630116   6.30458915e+14   -0.571196977   1.13095887   0.356963124   0   506.415188   0   492.348875   0.0237146901   0.321189234   1092.13758
5.2751   5.88774739e+34   0.207183852   6.30271191e+14   -0.571242889   1.13121508   0.356866867   0   506.53182   0   492.414863   0.0237028549   0.321114259   1092.04911
5.2801   5.88271679e+34   0.207738474   6.3008329e+14   -0.571288844   1.13147155   0.356770511   0   506.648613   0   492.480933   0.0236910122   0.321039197   1091.96056
5.2851   5.87768368e+34   0.20829398   6.29895211e+14   -0.571334841   1.13172828   0.356674056   0   506.765568   0   492.547086   0.0236791621   0.320964048   1091.87196
5.2901   5.87264806e+34   0.208850373   6.29706954e+14   -0.571380881   1.13198528   0.356577502   0   506.882685   0   492.613323   0.0236673046   0.320888813   1091.78329
5.2951   5.86760995e+34   0.209407652   6.29518518e+14   -0.571426964   1.13224255   0.356480849   0   506.999963   0   492.679642   0.0236554396   0.320813491   1091.69455
5.3001   5.86256935e+34   0.209965817   6.29329904e+14   -0.571473089   1.13250008   0.356384097   0   507.117404   0   492.746045   0.0236435672   0.320738083   1091.60575
5.3051   5.85752627e+34   0.210524869   6.29141112e+14   -0.571519257   1.13275787   0.356287245   0   507.235008   0   492.812532   0.0236316873   0.320662587   1091.51688
5.3101   5.85248071e+34   0.211084807   6.2895214e+14   -0.571565468   1.13301593   0.356190294   0   507.352776   0   492.879102   0.0236197999   0.320587005   1091.42795
5.3151   5.84743268e+34   0.211645632   6.28762989e+14   -0.571611722   1.13327425   0.356093242   0   507.470706   0   492.945756   0.0236079051   0.320511335   1091.33896
5.3201   5.84238218e+34   0.212207344   6.28573658e+14   -0.571658019   1.13353284   0.355996091   0   507.588801   0   493.012495   0.0235960029   0.320435577   1091.2499
5.3251   5.83732922e+34   0.212769943   6.28384148e+14   -0.571704358   1.13379169   0.35589884   0   507.707059   0   493.079317   0.0235840931   0.320359733   1091.16077
5.3301   5.83227381e+34   0.21333343   6.28194457e+14   -0.571750739   1.13405081   0.355801489   0   507.825482   0   493.146224   0.0235721759   0.3202838   1091.07158
5.3351   5.82721596e+34   0.213897804   6.28004587e+14   -0.571797164   1.13431019   0.355704037   0   507.94407   0   493.213215   0.0235602512   0.32020778   1090.98233
5.3401   5.82215566e+34   0.214463067   6.2781454e+14   -0.571843631   1.13456983   0.355606487   0   508.06282   0   493.280289   0.0235483193   0.320131673   1090.89301
5.3451   5.81709293e+34   0.215029217   6.27624321e+14   -0.571890141   1.13482974   0.355508841   0   508.18173   0   493.347445   0.0235363805   0.320055482   1090.80363
5.3501   5.81202777e+34   0.215596255   6.27433929e+14   -0.571936694   1.13508992   0.355411098   0   508.3008   0   493.414683   0.0235244346   0.319979206   1090.71419
5.3551   5.80696018e+34   0.216164182   6.27243365e+14   -0.571983289   1.13535036   0.355313259   0   508.420031   0   493.482004   0.0235124819   0.319902844   1090.62469
5.3601   5.80189018e+34   0.216732998   6.27052628e+14   -0.572029927   1.13561106   0.355215323   0   508.539424   0   493.549406   0.0235005221   0.319826398   1090.53513
5.3651   5.79681777e+34   0.217302702   6.26861718e+14   -0.572076608   1.13587203   0.35511729   0   508.658977   0   493.616891   0.0234885554   0.319749867   1090.4455
5.3701   5.79174296e+34   0.217873296   6.26670634e+14   -0.572123331   1.13613327   0.35501916   0   508.778692   0   493.684459   0.0234765818   0.31967325   1090.35582
5.3751   5.78666574e+34   0.218444778   6.26479377e+14   -0.572170097   1.13639476   0.354920933   0   508.89857   0   493.752109   0.0234646011   0.319596547   1090.26607
5.3801   5.78158614e+34   0.21901715   6.26287945e+14   -0.572216906   1.13665653   0.354822609   0   509.018609   0   493.819842   0.0234526134   0.319519759   1090.17626
5.3851   5.77650415e+34   0.219590411   6.26096339e+14   -0.572263757   1.13691856   0.354724187   0   509.138812   0   493.887658   0.0234406188   0.319442885   1090.08639
5.3901   5.77141978e+34   0.220164563   6.25904558e+14   -0.572310651   1.13718085   0.354625667   0   509.259177   0   493.955558   0.0234286171   0.319365925   1089.99646
5.3951   5.76633303e+34   0.220739603   6.25712603e+14   -0.572357588   1.13744341   0.35452705   0   509.379706   0   494.023541   0.0234166084   0.319288878   1089.90647
5.4001   5.76124392e+34   0.221315534   6.25520472e+14   -0.572404567   1.13770623   0.354428334   0   509.500399   0   494.091608   0.0234045927   0.319211745   1089.81641
5.4051   5.75615245e+34   0.221892356   6.25328166e+14   -0.572451589   1.13796932   0.35432952   0   509.621256   0   494.159758   0.02339257   0.319134526   1089.7263
5.4101   5.75105862e+34   0.222470067   6.25135684e+14   -0.572498653   1.13823267   0.354230608   0   509.742277   0   494.227993   0.0233805402   0.31905722   1089.63612
5.4151   5.74596244e+34   0.22304867   6.24943026e+14   -0.572545761   1.13849629   0.354131598   0   509.863464   0   494.296312   0.0233685034   0.318979827   1089.54588
5.4201   5.74086392e+34   0.223628163   6.24750192e+14   -0.57259291   1.13876017   0.354032488   0   509.984815   0   494.364715   0.0233564596   0.318902347   1089.45557
5.4251   5.73576307e+34   0.224208546   6.24557181e+14   -0.572640103   1.13902432   0.35393328   0   510.106332   0   494.433202   0.0233444087   0.31882478   1089.36521
5.4301   5.73065988e+34   0.224789821   6.24363993e+14   -0.572687338   1.13928873   0.353833973   0   510.228015   0   494.501774   0.0233323508   0.318747126   1089.27478
5.4351   5.72555437e+34   0.225371987   6.24170628e+14   -0.572734615   1.1395534   0.353734566   0   510.349864   0   494.570431   0.0233202857   0.318669384   1089.18429
5.4401   5.72044654e+34   0.225955045   6.23977086e+14   -0.572781936   1.13981835   0.353635061   0   510.47188   0   494.639173   0.0233082137   0.318591555   1089.09374
5.4451   5.7153364e+34   0.226538994   6.23783366e+14   -0.572829298   1.14008355   0.353535455   0   510.594062   0   494.708   0.0232961345   0.318513638   1089.00312
5.4501   5.71022395e+34   0.227123834   6.23589468e+14   -0.572876704   1.14034902   0.35343575   0   510.716412   0   494.776913   0.0232840482   0.318435632   1088.91245
5.4551   5.70510921e+34   0.227709567   6.23395392e+14   -0.572924152   1.14061476   0.353335945   0   510.83893   0   494.845911   0.0232719549   0.318357539   1088.82171
5.4601   5.69999217e+34   0.228296191   6.23201137e+14   -0.572971642   1.14088076   0.35323604   0   510.961615   0   494.914994   0.0232598545   0.318279358   1088.7309
5.4651   5.69487284e+34   0.228883708   6.23006703e+14   -0.573019175   1.14114702   0.353136035   0   511.084469   0   494.984164   0.0232477469   0.318201088   1088.64004
5.4701   5.68975124e+34   0.229472117   6.2281209e+14   -0.573066751   1.14141355   0.353035929   0   511.207492   0   495.05342   0.0232356323   0.318122729   1088.54911
5.4751   5.68462736e+34   0.230061418   6.22617297e+14   -0.573114369   1.14168035   0.352935723   0   511.330684   0   495.122761   0.0232235105   0.318044282   1088.45812
5.4801   5.67950121e+34   0.230651612   6.22422325e+14   -0.57316203   1.14194741   0.352835416   0   511.454045   0   495.19219   0.0232113816   0.317965745   1088.36707
5.4851   5.6743728e+34   0.231242698   6.22227173e+14   -0.573209733   1.14221473   0.352735009   0   511.577576   0   495.261705   0.0231992456   0.31788712   1088.27595
5.4901   5.66924213e+34   0.231834678   6.22031841e+14   -0.573257479   1.14248232   0.3526345   0   511.701278   0   495.331306   0.0231871025   0.317808405   1088.18477
5.4951   5.66410922e+34   0.23242755   6.21836328e+14   -0.573305267   1.14275018   0.35253389   0   511.82515   0   495.400995   0.0231749522   0.317729601   1088.09353
5.5001   5.65897406e+34   0.233021316   6.21640634e+14   -0.573353098   1.1430183   0.352433178   0   511.949192   0   495.470771   0.0231627947   0.317650708   1088.00223
5.5051   5.65383666e+34   0.233615974   6.21444759e+14   -0.573400972   1.14328668   0.352332365   0   512.073406   0   495.540634   0.0231506301   0.317571725   1087.91086
5.5101   5.64869703e+34   0.234211526   6.21248704e+14   -0.573448888   1.14355533   0.352231451   0   512.197791   0   495.610584   0.0231384584   0.317492652   1087.81943
5.5151   5.64355518e+34   0.234807972   6.21052475e+14   -0.573496846   1.14382424   0.352130439   0   512.322343   0   495.680618   0.0231262801   0.317413493   1087.72794
5.5201   5.63841111e+34   0.235405311   6.20856074e+14   -0.573544847   1.14409342   0.352029331   0   512.44706   0   495.750738   0.0231140952   0.317334247   1087.63639
5.5251   5.63326483e+34   0.236003543   6.206595e+14   -0.573592891   1.14436287   0.351928124   0   512.571945   0   495.820941   0.0231019037   0.317254915   1087.54478
5.5301   5.62811635e+34   0.23660267   6.20462753e+14   -0.573640977   1.14463257   0.35182682   0   512.696997   0   495.89123   0.0230897056   0.317175496   1087.45311
5.5351   5.62296566e+34   0.237202691   6.20265832e+14   -0.573689105   1.14490255   0.351725419   0   512.822216   0   495.961604   0.0230775009   0.31709599   1087.36139
5.5401   5.61781278e+34   0.237803605   6.20068738e+14   -0.573737276   1.14517278   0.351623919   0   512.947603   0   496.032063   0.0230652895   0.317016397   1087.2696
5.5451   5.61265772e+34   0.238405414   6.19871469e+14   -0.573785489   1.14544329   0.351522321   0   513.073158   0   496.102607   0.0230530715   0.316936717   1087.17776
5.5501   5.60750047e+34   0.239008118   6.19674026e+14   -0.573833745   1.14571405   0.351420625   0   513.198882   0   496.173237   0.0230408469   0.316856949   1087.08585
5.5551   5.60234105e+34   0.239611716   6.19476408e+14   -0.573882044   1.14598509   0.35131883   0   513.324775   0   496.243953   0.0230286156   0.316777094   1086.99389
5.5601   5.59717946e+34   0.240216208   6.19278615e+14   -0.573930385   1.14625638   0.351216937   0   513.450838   0   496.314754   0.0230163777   0.316697151   1086.90187
5.5651   5.59201571e+34   0.240821595   6.19080646e+14   -0.573978768   1.14652794   0.351114944   0   513.57707   0   496.385642   0.0230041331   0.31661712   1086.80978
5.5701   5.58684981e+34   0.241427877   6.18882502e+14   -0.574027194   1.14679977   0.351012853   0   513.703473   0   496.456616   0.0229918819   0.316537   1086.71764
5.5751   5.58168175e+34   0.242035054   6.18684182e+14   -0.574075662   1.14707186   0.350910662   0   513.830046   0   496.527677   0.0229796239   0.316456793   1086.62544
5.5801   5.57651156e+34   0.242643126   6.18485685e+14   -0.574124172   1.14734422   0.350808372   0   513.95679   0   496.598824   0.0229673593   0.316376497   1086.53318
5.5851   5.57133922e+34   0.243252093   6.18287011e+14   -0.574172725   1.14761684   0.350705982   0   514.083705   0   496.670059   0.0229550879   0.316296112   1086.44085
5.5901   5.56616476e+34   0.243861955   6.1808816e+14   -0.574221321   1.14788972   0.350603492   0   514.210792   0   496.74138   0.0229428099   0.316215639   1086.34847
5.5951   5.56098817e+34   0.244472713   6.17889132e+14   -0.574269959   1.14816287   0.350500903   0   514.338052   0   496.812789   0.0229305251   0.316135076   1086.25603
5.6001   5.55580946e+34   0.245084366   6.17689927e+14   -0.574318639   1.14843629   0.350398213   0   514.465483   0   496.884286   0.0229182336   0.316054424   1086.16353
5.6051   5.55062865e+34   0.245696914   6.17490543e+14   -0.574367362   1.14870997   0.350295422   0   514.593088   0   496.95587   0.0229059354   0.315973683   1086.07096
5.6101   5.54544573e+34   0.246310358   6.17290981e+14   -0.574416127   1.14898391   0.350192531   0   514.720866   0   497.027542   0.0228936304   0.315892852   1085.97834
5.6151   5.54026071e+34   0.246924698   6.1709124e+14   -0.574464934   1.14925812   0.350089539   0   514.848818   0   497.099302   0.0228813187   0.315811932   1085.88565
5.6201   5.53507359e+34   0.247539934   6.1689132e+14   -0.574513784   1.1495326   0.349986446   0   514.976944   0   497.171151   0.0228690002   0.315730922   1085.79291
5.6251   5.5298844e+34   0.248156065   6.16691221e+14   -0.574562676   1.14980734   0.349883252   0   515.105244   0   497.243087   0.0228566749   0.315649821   1085.70011
5.6301   5.52469312e+34   0.248773093   6.16490942e+14   -0.574611611   1.15008234   0.349779957   0   515.233719   0   497.315113   0.0228443429   0.31556863   1085.60724
5.6351   5.51949977e+34   0.249391016   6.16290483e+14   -0.574660588   1.15035761   0.34967656   0   515.36237   0   497.387228   0.0228320041   0.315487349   1085.51431
5.6401   5.51430435e+34   0.250009836   6.16089843e+14   -0.574709607   1.15063314   0.349573061   0   515.491196   0   497.459431   0.0228196584   0.315405977   1085.42133
5.6451   5.50910687e+34   0.250629552   6.15889024e+14   -0.574758669   1.15090894   0.34946946   0   515.620199   0   497.531724   0.022807306   0.315324515   1085.32828
5.6501   5.50390734e+34   0.251250164   6.15688023e+14   -0.574807773   1.151185   0.349365757   0   515.749378   0   497.604106   0.0227949468   0.315242961   1085.23517
5.6551   5.49870576e+34   0.251871673   6.1548684e+14   -0.57485692   1.15146132   0.349261952   0   515.878733   0   497.676579   0.0227825807   0.315161316   1085.142
5.6601   5.49350214e+34   0.252494078   6.15285477e+14   -0.574906108   1.15173792   0.349158044   0   516.008267   0   497.74914   0.0227702079   0.31507958   1085.04877
5.6651   5.48829649e+34   0.253117379   6.15083931e+14   -0.574955339   1.15201477   0.349054034   0   516.137977   0   497.821792   0.0227578282   0.314997752   1084.95548
5.6701   5.4830888e+34   0.253741577   6.14882203e+14   -0.575004613   1.15229189   0.34894992   0   516.267866   0   497.894535   0.0227454416   0.314915833   1084.86212
5.6751   5.4778791e+34   0.254366672   6.14680293e+14   -0.575053929   1.15256928   0.348845704   0   516.397933   0   497.967367   0.0227330483   0.314833822   1084.76871
5.6801   5.47266738e+34   0.254992663   6.14478209e+14   -0.575103287   1.15284692   0.34874139   0   516.528173   0   498.040287   0.0227206486   0.314751723   1084.67523
5.6851   5.46745365e+34   0.255619551   6.14275953e+14   -0.575152687   1.15312484   0.348636977   0   516.658586   0   498.113294   0.0227082427   0.314669535   1084.58171
5.6901   5.46223792e+34   0.256247336   6.14073523e+14   -0.57520213   1.15340302   0.348532465   0   516.789172   0   498.186388   0.0226958306   0.31458726   1084.48812
5.6951   5.45702019e+34   0.256876018   6.13870919e+14   -0.575251615   1.15368146   0.348427855   0   516.919931   0   498.25957   0.0226834121   0.314504895   1084.39448
5.7001   5.45180047e+34   0.257505597   6.13668141e+14   -0.575301142   1.15396017   0.348323147   0   517.050864   0   498.33284   0.0226709875   0.314422442   1084.30078
5.7051   5.44657877e+34   0.258136073   6.13465189e+14   -0.575350711   1.15423914   0.348218339   0   517.181972   0   498.406198   0.0226585565   0.314339901   1084.20702
5.7101   5.44135509e+34   0.258767446   6.13262061e+14   -0.575400323   1.15451837   0.348113432   0   517.313254   0   498.479644   0.0226461192   0.31425727   1084.11321
5.7151   5.43612944e+34   0.259399716   6.13058759e+14   -0.575449977   1.15479788   0.348008425   0   517.444712   0   498.553179   0.0226336757   0.31417455   1084.01934
5.7201   5.43090182e+34   0.260032883   6.12855281e+14   -0.575499673   1.15507764   0.347903319   0   517.576346   0   498.626802   0.0226212258   0.31409174   1083.92541
5.7251   5.42567225e+34   0.260666947   6.12651627e+14   -0.575549412   1.15535767   0.347798113   0   517.708155   0   498.700514   0.0226087696   0.314008841   1083.83142
5.7301   5.42044072e+34   0.261301909   6.12447797e+14   -0.575599193   1.15563796   0.347692807   0   517.840141   0   498.774315   0.0225963071   0.313925852   1083.73738
5.7351   5.41520725e+34   0.261937768   6.12243791e+14   -0.575649016   1.15591852   0.3475874   0   517.972304   0   498.848205   0.0225838382   0.313842773   1083.64328
5.7401   5.40997185e+34   0.262574525   6.12039607e+14   -0.575698881   1.15619934   0.347481893   0   518.104644   0   498.922185   0.0225713629   0.313759604   1083.54912
5.7451   5.40473451e+34   0.263212178   6.11835246e+14   -0.575748789   1.15648043   0.347376285   0   518.237163   0   498.996255   0.0225588813   0.313676344   1083.4549
5.7501   5.39949524e+34   0.26385073   6.11630707e+14   -0.575798738   1.15676178   0.347270576   0   518.369859   0   499.070414   0.0225463933   0.313592994   1083.36062
5.7551   5.39425405e+34   0.264490179   6.1142599e+14   -0.57584873   1.1570434   0.347164767   0   518.502734   0   499.144664   0.0225338989   0.313509553   1083.26629
5.7601   5.38901096e+34   0.265130525   6.11221094e+14   -0.575898764   1.15732528   0.347058855   0   518.635788   0   499.219004   0.0225213981   0.313426021   1083.1719
5.7651   5.38376595e+34   0.265771769   6.1101602e+14   -0.575948841   1.15760742   0.346952842   0   518.769022   0   499.293434   0.0225088909   0.313342398   1083.07745
5.7701   5.37851904e+34   0.26641391   6.10810766e+14   -0.575998959   1.15788983   0.346846728   0   518.902436   0   499.367956   0.0224963773   0.313258683   1082.98294
5.7751   5.37327025e+34   0.26705695   6.10605333e+14   -0.57604912   1.1581725   0.346740511   0   519.03603   0   499.442568   0.0224838573   0.313174877   1082.88837
5.7801   5.36801956e+34   0.267700886   6.1039972e+14   -0.576099323   1.15845544   0.346634192   0   519.169805   0   499.517272   0.0224713308   0.313090978   1082.79375
5.7851   5.36276699e+34   0.268345721   6.10193926e+14   -0.576149568   1.15873864   0.34652777   0   519.303761   0   499.592067   0.0224587978   0.313006988   1082.69906
5.7901   5.35751255e+34   0.268991453   6.09987952e+14   -0.576199855   1.1590221   0.346421246   0   519.437899   0   499.666954   0.0224462584   0.312922906   1082.60432
5.7951   5.35225625e+34   0.269638083   6.09781797e+14   -0.576250184   1.15930583   0.346314619   0   519.572219   0   499.741932   0.0224337125   0.312838731   1082.50952
5.8001   5.34699808e+34   0.270285611   6.0957546e+14   -0.576300556   1.15958982   0.346207889   0   519.706722   0   499.817003   0.0224211601   0.312754463   1082.41466
5.8051   5.34173805e+34   0.270934036   6.09368941e+14   -0.57635097   1.15987408   0.346101056   0   519.841408   0   499.892166   0.0224086012   0.312670103   1082.31974
5.8101   5.33647618e+34   0.271583359   6.09162241e+14   -0.576401425   1.1601586   0.345994119   0   519.976277   0   499.967422   0.0223960358   0.31258565   1082.22476
5.8151   5.33121247e+34   0.27223358   6.08955357e+14   -0.576451923   1.16044339   0.345887078   0   520.111331   0   500.042771   0.0223834639   0.312501103   1082.12972
5.8201   5.32594692e+34   0.272884699   6.08748291e+14   -0.576502463   1.16072844   0.345779933   0   520.246569   0   500.118212   0.0223708855   0.312416464   1082.03462
5.8251   5.32067954e+34   0.273536715   6.08541041e+14   -0.576553046   1.16101375   0.345672684   0   520.381991   0   500.193747   0.0223583005   0.31233173   1081.93947
5.8301   5.31541034e+34   0.27418963   6.08333608e+14   -0.57660367   1.16129933   0.345565331   0   520.517599   0   500.269375   0.022345709   0.312246903   1081.84425
5.8351   5.31013933e+34   0.274843442   6.08125993e+14   -0.576654336   1.16158517   0.345457875   0   520.653391   0   500.345096   0.022333111   0.312161982   1081.74898
5.8401   5.30486651e+34   0.275498152   6.07918204e+14   -0.576705045   1.16187127   0.345350318   0   520.789362   0   500.420907   0.0223205072   0.312076972   1081.65365
5.8451   5.29959188e+34   0.276153759   6.07710242e+14   -0.576755795   1.16215764   0.345242663   0   520.925513   0   500.496808   0.0223078974   0.311991872   1081.55826
5.8501   5.29431546e+34   0.276810265   6.07502105e+14   -0.576806588   1.16244427   0.345134908   0   521.061843   0   500.572799   0.0222952817   0.311906682   1081.46283
5.8551   5.28903725e+34   0.277467668   6.07293794e+14   -0.576857423   1.16273117   0.345027054   0   521.198354   0   500.648881   0.0222826601   0.311821401   1081.36733
5.8601   5.28375726e+34   0.278125969   6.07085309e+14   -0.576908299   1.16301833   0.344919099   0   521.335046   0   500.725053   0.0222700325   0.31173603   1081.27178
5.8651   5.27847549e+34   0.278785168   6.06876647e+14   -0.576959218   1.16330575   0.344811044   0   521.471918   0   500.801317   0.022257399   0.311650568   1081.17618
5.8701   5.27319195e+34   0.279445265   6.0666781e+14   -0.577010179   1.16359344   0.344702889   0   521.608973   0   500.877672   0.0222447595   0.311565016   1081.08052
5.8751   5.26790665e+34   0.280106259   6.06458797e+14   -0.577061182   1.16388139   0.344594633   0   521.746209   0   500.954118   0.022232114   0.311479372   1080.98481
5.8801   5.26261959e+34   0.280768151   6.06249607e+14   -0.577112227   1.1641696   0.344486276   0   521.883628   0   501.030656   0.0222194625   0.311393636   1080.88904
5.8851   5.25733078e+34   0.281430941   6.06040241e+14   -0.577163314   1.16445808   0.344377817   0   522.02123   0   501.107286   0.022206805   0.31130781   1080.79321
5.8901   5.25204023e+34   0.282094629   6.05830697e+14   -0.577214443   1.16474682   0.344269258   0   522.159016   0   501.184008   0.0221941415   0.311221891   1080.69733
5.8951   5.24674794e+34   0.282759215   6.05620975e+14   -0.577265614   1.16503582   0.344160596   0   522.296986   0   501.260822   0.0221814719   0.31113588   1080.60139
5.9001   5.24145392e+34   0.283424698   6.05411075e+14   -0.577316827   1.16532509   0.344051833   0   522.435141   0   501.337729   0.0221687963   0.311049777   1080.5054
5.9051   5.23615817e+34   0.284091079   6.05200996e+14   -0.577368082   1.16561462   0.343942967   0   522.57348   0   501.414729   0.0221561146   0.310963582   1080.40935
5.9101   5.23086071e+34   0.284758357   6.04990738e+14   -0.577419379   1.16590442   0.343834   0   522.712005   0   501.491823   0.0221434268   0.310877293   1080.31325
5.9151   5.22556154e+34   0.285426534   6.04780301e+14   -0.577470718   1.16619448   0.343724929   0   522.850716   0   501.569009   0.022130733   0.310790912   1080.21709
5.9201   5.22026066e+34   0.286095608   6.04569683e+14   -0.577522099   1.1664848   0.343615756   0   522.989613   0   501.646289   0.022118033   0.310704438   1080.12087
5.9251   5.21495809e+34   0.286765579   6.04358886e+14   -0.577573522   1.16677538   0.343506479   0   523.128697   0   501.723663   0.022105327   0.31061787   1080.0246
5.9301   5.20965382e+34   0.287436448   6.04147908e+14   -0.577624987   1.16706623   0.343397099   0   523.267969   0   501.801131   0.0220926148   0.310531209   1079.92826
5.9351   5.20434787e+34   0.288108215   6.03936748e+14   -0.577676493   1.16735734   0.343287616   0   523.407428   0   501.878694   0.0220798964   0.310444454   1079.83188
5.9401   5.19904024e+34   0.288780878   6.03725407e+14   -0.577728042   1.16764872   0.343178029   0   523.547076   0   501.956351   0.0220671719   0.310357605   1079.73543
5.9451   5.19373094e+34   0.28945444   6.03513884e+14   -0.577779633   1.16794036   0.343068337   0   523.686913   0   502.034103   0.0220544412   0.310270662   1079.63893
5.9501   5.18841998e+34   0.290128899   6.03302179e+14   -0.577831266   1.16823226   0.342958541   0   523.826939   0   502.11195   0.0220417044   0.310183624   1079.54238
5.9551   5.18310735e+34   0.290804255   6.03090291e+14   -0.57788294   1.16852442   0.342848641   0   523.967155   0   502.189892   0.0220289613   0.310096492   1079.44576
5.9601   5.17779308e+34   0.291480508   6.02878219e+14   -0.577934657   1.16881685   0.342738636   0   524.107562   0   502.26793   0.0220162121   0.310009264   1079.34909
5.9651   5.17247716e+34   0.292157659   6.02665964e+14   -0.577986415   1.16910954   0.342628526   0   524.248159   0   502.346063   0.0220034566   0.309921942   1079.25236
5.9701   5.1671596e+34   0.292835707   6.02453525e+14   -0.578038215   1.16940249   0.34251831   0   524.388947   0   502.424293   0.0219906949   0.309834524   1079.15557
5.9751   5.16184042e+34   0.293514652   6.02240901e+14   -0.578090057   1.16969571   0.342407989   0   524.529928   0   502.502619   0.0219779269   0.30974701   1079.05873
5.9801   5.1565196e+34   0.294194494   6.02028093e+14   -0.578141941   1.16998919   0.342297563   0   524.6711   0   502.581042   0.0219651527   0.309659401   1078.96183
5.9851   5.15119717e+34   0.294875233   6.01815099e+14   -0.578193867   1.17028293   0.34218703   0   524.812466   0   502.659561   0.0219523722   0.309571696   1078.86487
5.9901   5.14587313e+34   0.295556869   6.01601925e+14   -0.578245835   1.17057693   0.342076394   0   524.95402   0   502.738175   0.0219395859   0.309483897   1078.76785
5.9951   5.14054748e+34   0.296239402   6.01388578e+14   -0.578297845   1.1708712   0.341965658   0   525.09576   0   502.816882   0.0219267939   0.309396007   1078.67079
6.0001   5.13522024e+34   0.296922832   6.01175056e+14   -0.578349896   1.17116573   0.341854821   0   525.237687   0   502.895682   0.0219139963   0.309308024   1078.57367
6.0051   5.1298914e+34   0.297607159   6.00961359e+14   -0.57840199   1.17146052   0.341743884   0   525.3798   0   502.974575   0.0219011932   0.30921995   1078.47649
6.0101   5.12456098e+34   0.298292382   6.00747486e+14   -0.578454125   1.17175558   0.341632846   0   525.5221   0   503.053562   0.0218883844   0.309131784   1078.37927
6.0151   5.11922898e+34   0.298978502   6.00533438e+14   -0.578506302   1.1720509   0.341521706   0   525.664589   0   503.132643   0.02187557   0.309043525   1078.28199
6.0201   5.11389541e+34   0.299665518   6.00319213e+14   -0.578558521   1.17234648   0.341410465   0   525.807266   0   503.211818   0.0218627499   0.308955173   1078.18466
6.0251   5.10856027e+34   0.300353432   6.00104811e+14   -0.578610781   1.17264232   0.341299121   0   525.950131   0   503.291088   0.0218499242   0.308866729   1078.08728
6.0301   5.10322357e+34   0.301042241   5.99890232e+14   -0.578663084   1.17293842   0.341187676   0   526.093186   0   503.370452   0.0218370928   0.308778191   1077.98984
6.0351   5.09788533e+34   0.301731947   5.99675474e+14   -0.578715428   1.17323479   0.341076129   0   526.236431   0   503.449911   0.0218242557   0.30868956   1077.89235
6.0401   5.09254553e+34   0.302422549   5.99460539e+14   -0.578767814   1.17353142   0.340964478   0   526.379867   0   503.529465   0.0218114128   0.308600835   1077.7948
6.0451   5.0872042e+34   0.303114048   5.99245424e+14   -0.578820241   1.17382831   0.340852725   0   526.523493   0   503.609115   0.0217985642   0.308512016   1077.6972
6.0501   5.08186134e+34   0.303806442   5.99030131e+14   -0.578872711   1.17412547   0.340740868   0   526.667311   0   503.68886   0.0217857099   0.308423103   1077.59955
6.0551   5.07651695e+34   0.304499733   5.98814658e+14   -0.578925222   1.17442288   0.340628909   0   526.811321   0   503.768702   0.0217728498   0.308334096   1077.50184
6.0601   5.07117104e+34   0.30519392   5.98599004e+14   -0.578977775   1.17472056   0.340516845   0   526.955523   0   503.84864   0.021759984   0.308244994   1077.40408
6.0651   5.06582363e+34   0.305889002   5.9838317e+14   -0.57903037   1.1750185   0.340404677   0   527.099919   0   503.928674   0.0217471123   0.308155797   1077.30627
6.0701   5.0604747e+34   0.30658498   5.98167154e+14   -0.579083007   1.1753167   0.340292405   0   527.244508   0   504.008805   0.0217342348   0.308066505   1077.2084
6.0751   5.05512428e+34   0.307281854   5.97950957e+14   -0.579135685   1.17561517   0.340180029   0   527.389292   0   504.089033   0.0217213515   0.307977118   1077.11047
6.0801   5.04977237e+34   0.307979624   5.97734578e+14   -0.579188405   1.17591389   0.340067548   0   527.53427   0   504.169359   0.0217084624   0.307887634   1077.01249
6.0851   5.04441897e+34   0.308678289   5.97518017e+14   -0.579241166   1.17621288   0.339954961   0   527.679443   0   504.249782   0.0216955674   0.307798056   1076.91446
6.0901   5.03906409e+34   0.30937785   5.97301272e+14   -0.57929397   1.17651213   0.339842269   0   527.824812   0   504.330303   0.0216826665   0.30770838   1076.81637
6.0951   5.03370774e+34   0.310078305   5.97084344e+14   -0.579346815   1.17681164   0.339729472   0   527.970377   0   504.410922   0.0216697598   0.307618609   1076.71823
6.1001   5.02834993e+34   0.310779656   5.96867232e+14   -0.579399702   1.17711142   0.339616569   0   528.116139   0   504.49164   0.0216568471   0.307528741   1076.62003
6.1051   5.02299066e+34   0.311481903   5.96649935e+14   -0.57945263   1.17741145   0.33950356   0   528.262099   0   504.572456   0.0216439285   0.307438776   1076.52177
6.1101   5.01762994e+34   0.312185044   5.96432454e+14   -0.5795056   1.17771175   0.339390444   0   528.408256   0   504.653371   0.021631004   0.307348714   1076.42346
6.1151   5.01226777e+34   0.31288908   5.96214787e+14   -0.579558612   1.17801231   0.339277221   0   528.554612   0   504.734386   0.0216180735   0.307258554   1076.3251
6.1201   5.00690417e+34   0.31359401   5.95996935e+14   -0.579611665   1.17831313   0.339163892   0   528.701167   0   504.8155   0.0216051371   0.307168297   1076.22668
6.1251   5.00153913e+34   0.314299835   5.95778896e+14   -0.57966476   1.17861421   0.339050455   0   528.847921   0   504.896714   0.0215921947   0.307077943   1076.1282
6.1301   4.99617267e+34   0.315006555   5.9556067e+14   -0.579717897   1.17891555   0.338936911   0   528.994876   0   504.978028   0.0215792463   0.30698749   1076.02967
6.1351   4.99080479e+34   0.315714169   5.95342259e+14   -0.579771075   1.17921715   0.33882326   0   529.14203   0   505.059442   0.021566292   0.306896939   1075.93108
6.1401   4.98543551e+34   0.316422678   5.95123671e+14   -0.579824295   1.17951902   0.338709506   0   529.289377   0   505.140952   0.0215533323   0.306806294   1075.83244
6.1451   4.98006481e+34   0.31713208   5.94904908e+14   -0.579877556   1.17982114   0.338595651   0   529.436918   0   505.222558   0.0215403673   0.306715556   1075.73375
6.1501   4.97469273e+34   0.317842377   5.94685969e+14   -0.579930859   1.18012353   0.338481694   0   529.584652   0   505.30426   0.0215273971   0.306624725   1075.63501
6.1551   4.96931925e+34   0.318553567   5.94466854e+14   -0.579984204   1.18042618   0.338367635   0   529.73258   0   505.386059   0.0215144215   0.306533799   1075.53622
6.1601   4.96394438e+34   0.319265651   5.94247562e+14   -0.58003759   1.18072909   0.338253474   0   529.880703   0   505.467955   0.0215014407   0.306442779   1075.43738
6.1651   4.95856814e+34   0.319978629   5.94028092e+14   -0.580091018   1.18103226   0.33813921   0   530.029021   0   505.549949   0.0214884544   0.306351664   1075.33849
6.1701   4.95319053e+34   0.3206925   5.93808445e+14   -0.580144487   1.18133569   0.338024842   0   530.177535   0   505.632039   0.0214754628   0.306260455   1075.23954
6.1751   4.94781156e+34   0.321407265   5.9358862e+14   -0.580197998   1.18163938   0.337910372   0   530.326245   0   505.714228   0.0214624659   0.30616915   1075.14055
6.1801   4.94243123e+34   0.322122923   5.93368615e+14   -0.580251551   1.18194333   0.337795797   0   530.475152   0   505.796514   0.0214494635   0.306077751   1075.0415
6.1851   4.93704955e+34   0.322839474   5.93148431e+14   -0.580305145   1.18224754   0.337681119   0   530.624257   0   505.878899   0.0214364557   0.305986255   1074.9424
6.1901   4.93166652e+34   0.323556918   5.92928067e+14   -0.58035878   1.18255202   0.337566336   0   530.77356   0   505.961383   0.0214234424   0.305894664   1074.84325
6.1951   4.92628216e+34   0.324275255   5.92707523e+14   -0.580412457   1.18285675   0.337451449   0   530.923062   0   506.043966   0.0214104237   0.305802977   1074.74405
6.2001   4.92089647e+34   0.324994484   5.92486798e+14   -0.580466176   1.18316174   0.337336457   0   531.072763   0   506.126648   0.0213973995   0.305711193   1074.64479
6.2051   4.91550946e+34   0.325714606   5.92265891e+14   -0.580519936   1.183467   0.33722136   0   531.222664   0   506.209429   0.0213843699   0.305619312   1074.54549
6.2101   4.91012113e+34   0.326435621   5.92044802e+14   -0.580573737   1.18377251   0.337106158   0   531.372765   0   506.29231   0.0213713347   0.305527335   1074.44613
6.2151   4.90473149e+34   0.327157527   5.91823531e+14   -0.58062758   1.18407829   0.336990849   0   531.523067   0   506.375292   0.0213582939   0.30543526   1074.34671
6.2201   4.89934055e+34   0.327880326   5.91602076e+14   -0.580681465   1.18438433   0.336875435   0   531.673571   0   506.458374   0.0213452477   0.305343088   1074.24725
6.2251   4.89394832e+34   0.328604017   5.91380438e+14   -0.580735391   1.18469062   0.336759914   0   531.824277   0   506.541557   0.0213321958   0.305250818   1074.14773
6.2301   4.88855479e+34   0.329328599   5.91158616e+14   -0.580789358   1.18499718   0.336644286   0   531.975186   0   506.62484   0.0213191384   0.30515845   1074.04816
6.2351   4.88315998e+34   0.330054073   5.90936609e+14   -0.580843367   1.18530399   0.336528552   0   532.126298   0   506.708225   0.0213060754   0.305065984   1073.94854
6.2401   4.8777639e+34   0.330780438   5.90714416e+14   -0.580897417   1.18561107   0.33641271   0   532.277615   0   506.791712   0.0212930067   0.304973419   1073.84886
6.2451   4.87236655e+34   0.331507695   5.90492038e+14   -0.580951509   1.1859184   0.336296761   0   532.429136   0   506.875301   0.0212799324   0.304880756   1073.74913
6.2501   4.86696794e+34   0.332235843   5.90269474e+14   -0.581005642   1.186226   0.336180704   0   532.580862   0   506.958992   0.0212668524   0.304787993   1073.64935
6.2551   4.86156807e+34   0.332964881   5.90046723e+14   -0.581059816   1.18653385   0.336064539   0   532.732793   0   507.042785   0.0212537668   0.304695131   1073.54951
6.2601   4.85616696e+34   0.333694811   5.89823785e+14   -0.581114032   1.18684197   0.335948265   0   532.884931   0   507.126681   0.0212406755   0.304602169   1073.44962
6.2651   4.8507646e+34   0.33442563   5.89600659e+14   -0.581168289   1.18715034   0.335831883   0   533.037277   0   507.210681   0.0212275784   0.304509107   1073.34967
6.2701   4.84536101e+34   0.335157341   5.89377344e+14   -0.581222588   1.18745898   0.335715391   0   533.189829   0   507.294784   0.0212144757   0.304415945   1073.24967
6.2751   4.8399562e+34   0.335889941   5.89153841e+14   -0.581276928   1.18776787   0.33559879   0   533.34259   0   507.37899   0.0212013671   0.304322683   1073.14962
6.2801   4.83455016e+34   0.336623431   5.88930154e+14   -0.581331309   1.18807702   0.335482083   0   533.495555   0   507.463299   0.0211882532   0.304229322   1073.04951
6.2851   4.82914291e+34   0.337357811   5.88706292e+14   -0.581385732   1.18838643   0.335365273   0   533.64872   0   507.547706   0.0211751344   0.304135867   1072.94936
6.2901   4.82373445e+34   0.338093081   5.88482252e+14   -0.581440196   1.1886961   0.33524836   0   533.802086   0   507.632213   0.0211620105   0.304042315   1072.84916
6.2951   4.8183248e+34   0.33882924   5.88258036e+14   -0.581494701   1.18900603   0.335131344   0   533.955652   0   507.716819   0.0211488816   0.303948668   1072.74891
6.3001   4.81291395e+34   0.339566289   5.88033642e+14   -0.581549248   1.18931622   0.335014224   0   534.10942   0   507.801526   0.0211357477   0.303854925   1072.64861
6.3051   4.80750191e+34   0.340304226   5.8780907e+14   -0.581603836   1.18962667   0.334897   0   534.263391   0   507.886333   0.0211226087   0.303761086   1072.54826
6.3101   4.8020887e+34   0.341043053   5.87584319e+14   -0.581658465   1.18993737   0.334779672   0   534.417564   0   507.971241   0.0211094647   0.303667149   1072.44786
6.3151   4.79667431e+34   0.341782768   5.87359388e+14   -0.581713135   1.19024834   0.334662239   0   534.571941   0   508.05625   0.0210963156   0.303573116   1072.34741
6.3201   4.79125876e+34   0.342523371   5.87134277e+14   -0.581767847   1.19055956   0.334544701   0   534.726522   0   508.14136   0.0210831613   0.303478986   1072.24691
6.3251   4.78584205e+34   0.343264863   5.86908986e+14   -0.5818226   1.19087104   0.334427057   0   534.881308   0   508.226572   0.0210700019   0.303384758   1072.14637
6.3301   4.78042419e+34   0.344007243   5.86683513e+14   -0.581877394   1.19118278   0.334309308   0   535.036299   0   508.311885   0.0210568374   0.303290432   1072.04577
6.3351   4.77500518e+34   0.344750511   5.86457858e+14   -0.58193223   1.19149478   0.334191453   0   535.191497   0   508.397301   0.0210436677   0.303196008   1071.94512
6.3401   4.76958503e+34   0.345494666   5.86232021e+14   -0.581987107   1.19180704   0.334073492   0   535.346901   0   508.48282   0.0210304927   0.303101485   1071.84443
6.3451   4.76416376e+34   0.346239709   5.86006001e+14   -0.582042025   1.19211955   0.333955424   0   535.502513   0   508.568442   0.0210173126   0.303006864   1071.74368
6.3501   4.75874136e+34   0.346985639   5.85779798e+14   -0.582096984   1.19243233   0.333837249   0   535.658333   0   508.654167   0.0210041272   0.302912144   1071.64288
6.3551   4.75331784e+34   0.347732456   5.8555341e+14   -0.582151984   1.19274536   0.333718967   0   535.814361   0   508.739996   0.0209909365   0.302817324   1071.54203
6.3601   4.74789321e+34   0.34848016   5.85326838e+14   -0.582207026   1.19305865   0.333600577   0   535.970599   0   508.825928   0.0209777405   0.302722405   1071.44113
6.3651   4.74246748e+34   0.349228751   5.8510008e+14   -0.582262109   1.1933722   0.333482079   0   536.127047   0   508.911965   0.0209645393   0.302627386   1071.34018
6.3701   4.73704065e+34   0.349978228   5.84873136e+14   -0.582317233   1.193686   0.333363472   0   536.283705   0   508.998107   0.0209513327   0.302532266   1071.23918
6.3751   4.73161273e+34   0.350728591   5.84646005e+14   -0.582372398   1.19400007   0.333244757   0   536.440574   0   509.084353   0.0209381207   0.302437046   1071.13813
6.3801   4.72618373e+34   0.35147984   5.84418688e+14   -0.582427604   1.19431439   0.333125934   0   536.597656   0   509.170705   0.0209249034   0.302341725   1071.03702
6.3851   4.72075365e+34   0.352231975   5.84191183e+14   -0.582482852   1.19462896   0.333007   0   536.75495   0   509.257163   0.0209116807   0.302246303   1070.93586
6.3901   4.71532251e+34   0.352984995   5.83963489e+14   -0.58253814   1.1949438   0.332887957   0   536.912457   0   509.343726   0.0208984525   0.30215078   1070.83466
6.3951   4.7098903e+34   0.353738901   5.83735607e+14   -0.58259347   1.19525889   0.332768804   0   537.070178   0   509.430396   0.020885219   0.302055154   1070.7334
6.4001   4.70445704e+34   0.354493691   5.83507535e+14   -0.582648841   1.19557424   0.332649541   0   537.228114   0   509.517172   0.02087198   0.301959427   1070.63208
6.4051   4.69902273e+34   0.355249366   5.83279274e+14   -0.582704253   1.19588985   0.332530167   0   537.386265   0   509.604055   0.0208587355   0.301863597   1070.53072
6.4101   4.69358738e+34   0.356005926   5.83050821e+14   -0.582759706   1.19620571   0.332410683   0   537.544631   0   509.691045   0.0208454855   0.301767665   1070.4293
6.4151   4.688151e+34   0.356763369   5.82822179e+14   -0.5828152   1.19652184   0.332291087   0   537.703214   0   509.778143   0.02083223   0.30167163   1070.32783
6.4201   4.68271359e+34   0.357521697   5.82593356e+14   -0.582870735   1.19683821   0.332171386   0   537.862005   0   509.865344   0.0208189697   0.301575497   1070.22631
6.4251   4.67727515e+34   0.358280909   5.82364356e+14   -0.582926311   1.19715485   0.33205158   0   538.021004   0   509.952648   0.0208057047   0.301479267   1070.12475
6.4301   4.67183571e+34   0.359041004   5.82135178e+14   -0.582981928   1.19747174   0.33193167   0   538.180211   0   510.040055   0.020792435   0.301382939   1070.02314
6.4351   4.66639526e+34   0.359801982   5.81905821e+14   -0.583037587   1.19778889   0.331811656   0   538.339627   0   510.127565   0.0207791606   0.301286513   1069.92148
6.4401   4.66095381e+34   0.360563843   5.81676285e+14   -0.583093286   1.19810629   0.331691536   0   538.499252   0   510.215178   0.0207658814   0.301189989   1069.81978
6.4451   4.65551137e+34   0.361326587   5.81446568e+14   -0.583149026   1.19842395   0.33157131   0   538.659087   0   510.302896   0.0207525974   0.301093366   1069.71802
6.4501   4.65006794e+34   0.362090213   5.81216671e+14   -0.583204808   1.19874187   0.331450978   0   538.819133   0   510.390718   0.0207393085   0.300996645   1069.61623
6.4551   4.64462354e+34   0.362854722   5.80986593e+14   -0.58326063   1.19906004   0.33133054   0   538.979391   0   510.478644   0.0207260148   0.300899824   1069.51438
6.4601   4.63917816e+34   0.363620113   5.80756333e+14   -0.583316493   1.19937847   0.331209995   0   539.139861   0   510.566676   0.0207127163   0.300802903   1069.41248
6.4651   4.63373182e+34   0.364386385   5.8052589e+14   -0.583372398   1.19969716   0.331089343   0   539.300544   0   510.654813   0.0206994129   0.300705883   1069.31054
6.4701   4.62828452e+34   0.365153539   5.80295263e+14   -0.583428343   1.2000161   0.330968584   0   539.461441   0   510.743056   0.0206861045   0.300608763   1069.20855
6.4751   4.62283627e+34   0.365921574   5.80064453e+14   -0.583484329   1.20033529   0.330847717   0   539.622552   0   510.831405   0.0206727912   0.300511542   1069.10651
6.4801   4.61738708e+34   0.36669049   5.79833458e+14   -0.583540356   1.20065475   0.330726741   0   539.783878   0   510.919861   0.020659473   0.30041422   1069.00443
6.4851   4.61193695e+34   0.367460286   5.79602278e+14   -0.583596424   1.20097445   0.330605657   0   539.94542   0   511.008424   0.0206461497   0.300316797   1068.90229
6.4901   4.60648589e+34   0.368230963   5.79370912e+14   -0.583652533   1.20129442   0.330484464   0   540.107179   0   511.097093   0.0206328215   0.300219272   1068.8001
6.4951   4.60103391e+34   0.36900252   5.7913936e+14   -0.583708683   1.20161464   0.330363162   0   540.269155   0   511.185871   0.0206194882   0.300121646   1068.69787
6.5001   4.59558102e+34   0.369774957   5.7890762e+14   -0.583764874   1.20193511   0.33024175   0   540.431348   0   511.274756   0.0206061498   0.300023917   1068.59559
6.5051   4.59012721e+34   0.370548274   5.78675692e+14   -0.583821106   1.20225584   0.330120227   0   540.59376   0   511.36375   0.0205928064   0.299926086   1068.49325
6.5101   4.58467251e+34   0.371322469   5.78443576e+14   -0.583877378   1.20257682   0.329998595   0   540.756392   0   511.452852   0.0205794578   0.299828152   1068.39087
6.5151   4.57921691e+34   0.372097544   5.78211271e+14   -0.583933692   1.20289806   0.329876852   0   540.919244   0   511.542063   0.0205661041   0.299730115   1068.28844
6.5201   4.57376042e+34   0.372873497   5.77978776e+14   -0.583990046   1.20321956   0.329754997   0   541.082316   0   511.631384   0.0205527453   0.299631974   1068.18596
6.5251   4.56830305e+34   0.373650328   5.7774609e+14   -0.584046441   1.2035413   0.329633031   0   541.24561   0   511.720815   0.0205393813   0.29953373   1068.08342
6.5301   4.56284481e+34   0.374428038   5.77513213e+14   -0.584102877   1.20386331   0.329510953   0   541.409126   0   511.810355   0.020526012   0.299435381   1067.98084
6.5351   4.5573857e+34   0.375206625   5.77280145e+14   -0.584159354   1.20418556   0.329388763   0   541.572865   0   511.900007   0.0205126376   0.299336928   1067.87821
6.5401   4.55192574e+34   0.375986089   5.77046884e+14   -0.584215871   1.20450808   0.32926646   0   541.736827   0   511.989769   0.0204992578   0.29923837   1067.77552
6.5451   4.54646492e+34   0.376766431   5.7681343e+14   -0.58427243   1.20483084   0.329144044   0   541.901014   0   512.079642   0.0204858729   0.299139707   1067.67279
6.5501   4.54100326e+34   0.37754765   5.76579786e+14   -0.584329029   1.20515386   0.329021517   0   542.065423   0   512.169626   0.0204724828   0.29904094   1067.57
6.5551   4.53554076e+34   0.378329745   5.76345962e+14   -0.584385669   1.20547713   0.328898883   0   542.230048   0   512.259716   0.0204590882   0.298942074   1067.46717
6.5601   4.53007742e+34   0.379112716   5.7611196e+14   -0.584442349   1.20580066   0.328776144   0   542.394888   0   512.349912   0.0204456892   0.298843108   1067.3643
6.5651   4.52461327e+34   0.379896563   5.75877777e+14   -0.584499071   1.20612444   0.328653299   0   542.559944   0   512.440214   0.0204322857   0.298744042   1067.26138
6.5701   4.5191483e+34   0.380681285   5.75643414e+14   -0.584555833   1.20644848   0.328530347   0   542.725217   0   512.530624   0.0204188778   0.298644876   1067.15841
6.5751   4.51368252e+34   0.381466883   5.7540887e+14   -0.584612636   1.20677277   0.328407288   0   542.890707   0   512.621141   0.0204054653   0.29854561   1067.0554
6.5801   4.50821593e+34   0.382253356   5.75174144e+14   -0.584669479   1.20709731   0.328284122   0   543.056416   0   512.711766   0.0203920483   0.298446243   1066.95235
6.5851   4.50274855e+34   0.383040704   5.74939235e+14   -0.584726364   1.2074221   0.328160848   0   543.222343   0   512.802499   0.0203786267   0.298346774   1066.84925
6.5901   4.49728038e+34   0.383828925   5.74704143e+14   -0.584783289   1.20774715   0.328037466   0   543.388491   0   512.89334   0.0203652005   0.298247205   1066.7461
6.5951   4.49181143e+34   0.384618021   5.74468867e+14   -0.584840254   1.20807245   0.327913976   0   543.554859   0   512.984291   0.0203517697   0.298147533   1066.64291
6.6001   4.48634171e+34   0.385407991   5.74233406e+14   -0.584897261   1.208398   0.327790376   0   543.721448   0   513.075351   0.0203383342   0.298047759   1066.53967
6.6051   4.48087122e+34   0.386198833   5.7399776e+14   -0.584954308   1.20872381   0.327666667   0   543.88826   0   513.16652   0.020324894   0.297947882   1066.43638
6.6101   4.47539997e+34   0.386990549   5.73761927e+14   -0.585011395   1.20904987   0.327542848   0   544.055294   0   513.2578   0.0203114491   0.297847903   1066.33305
6.6151   4.46992796e+34   0.387783138   5.73525907e+14   -0.585068524   1.20937618   0.327418919   0   544.222552   0   513.34919   0.0202979995   0.29774782   1066.22967
6.6201   4.46445521e+34   0.388576598   5.73289699e+14   -0.585125692   1.20970274   0.32729488   0   544.390034   0   513.440691   0.0202845451   0.297647633   1066.12625
6.6251   4.45898172e+34   0.389370931   5.73053304e+14   -0.585182902   1.21002956   0.327170729   0   544.557742   0   513.532304   0.0202710859   0.297547342   1066.02278
6.6301   4.45350749e+34   0.390166135   5.72816718e+14   -0.585240152   1.21035663   0.327046467   0   544.725676   0   513.624028   0.0202576219   0.297446947   1065.91925
6.6351   4.44803255e+34   0.390962211   5.72579944e+14   -0.585297443   1.21068395   0.326922093   0   544.893836   0   513.715864   0.020244153   0.297346447   1065.81569
6.6401   4.44255688e+34   0.391759158   5.72342978e+14   -0.585354774   1.21101152   0.326797607   0   545.062224   0   513.807813   0.0202306792   0.297245842   1065.71207
6.6451   4.43708051e+34   0.392556975   5.72105821e+14   -0.585412146   1.21133935   0.326673008   0   545.23084   0   513.899875   0.0202172006   0.297145132   1065.60841
6.6501   4.43160343e+34   0.393355663   5.71868472e+14   -0.585469558   1.21166742   0.326548296   0   545.399686   0   513.99205   0.020203717   0.297044315   1065.50469
6.6551   4.42612565e+34   0.39415522   5.71630931e+14   -0.585527011   1.21199575   0.326423471   0   545.568761   0   514.084339   0.0201902284   0.296943392   1065.40093
6.6601   4.42064719e+34   0.394955647   5.71393196e+14   -0.585584504   1.21232433   0.326298531   0   545.738067   0   514.176742   0.0201767349   0.296842363   1065.29712
6.6651   4.41516804e+34   0.395756943   5.71155267e+14   -0.585642038   1.21265315   0.326173478   0   545.907604   0   514.269259   0.0201632363   0.296741227   1065.19326
6.6701   4.40968822e+34   0.396559107   5.70917142e+14   -0.585699613   1.21298224   0.32604831   0   546.077374   0   514.361892   0.0201497327   0.296639983   1065.08935
6.6751   4.40420773e+34   0.39736214   5.70678823e+14   -0.585757227   1.21331157   0.325923027   0   546.247376   0   514.454639   0.020136224   0.296538632   1064.98539
6.6801   4.39872658e+34   0.398166042   5.70440312e+14   -0.585814883   1.21364115   0.32579763   0   546.417609   0   514.547501   0.0201227105   0.296437175   1064.88139
6.6851   4.39324478e+34   0.39897081   5.7020162e+14   -0.585872579   1.21397098   0.325672127   0   546.588065   0   514.640472   0.0201091929   0.296335616   1064.77734
6.6901   4.38776233e+34   0.399776446   5.69962748e+14   -0.585930315   1.21430106   0.325546517   0   546.758744   0   514.733553   0.020095671   0.296233956   1064.67325
6.6951   4.38227925e+34   0.400582949   5.69723694e+14   -0.585988092   1.2146314   0.325420798   0   546.929646   0   514.826745   0.0200821449   0.296132194   1064.56912
6.7001   4.37679553e+34   0.401390319   5.69484458e+14   -0.586045909   1.21496198   0.325294972   0   547.100774   0   514.920047   0.0200686146   0.29603033   1064.46494
6.7051   4.37131118e+34   0.402198555   5.69245039e+14   -0.586103766   1.21529281   0.325169036   0   547.272128   0   515.013461   0.02005508   0.295928363   1064.36072
6.7101   4.36582622e+34   0.403007656   5.69005436e+14   -0.586161664   1.2156239   0.325042992   0   547.443707   0   515.106986   0.0200415411   0.295826293   1064.25646
6.7151   4.36034065e+34   0.403817623   5.68765648e+14   -0.586219602   1.21595523   0.324916838   0   547.615515   0   515.200623   0.0200279978   0.29572412   1064.15215
6.7201   4.35485447e+34   0.404628455   5.68525675e+14   -0.586277581   1.21628681   0.324790574   0   547.78755   0   515.294373   0.0200144502   0.295621842   1064.0478
6.7251   4.3493677e+34   0.405440151   5.68285515e+14   -0.5863356   1.21661864   0.324664199   0   547.959815   0   515.388236   0.0200008982   0.29551946   1063.9434
6.7301   4.34388034e+34   0.406252712   5.68045168e+14   -0.58639366   1.21695073   0.324537714   0   548.132309   0   515.482212   0.0199873417   0.295416974   1063.83896
6.7351   4.3383924e+34   0.407066137   5.67804633e+14   -0.586451759   1.21728306   0.324411117   0   548.305035   0   515.576302   0.0199737807   0.295314382   1063.73447
6.7401   4.33290388e+34   0.407880425   5.6756391e+14   -0.586509899   1.21761564   0.324284408   0   548.477992   0   515.670506   0.0199602153   0.295211686   1063.62994
6.7451   4.32741479e+34   0.408695577   5.67322997e+14   -0.58656808   1.21794846   0.324157587   0   548.651181   0   515.764824   0.0199466453   0.295108883   1063.52537
6.7501   4.32192515e+34   0.40951159   5.67081894e+14   -0.5866263   1.21828154   0.324030654   0   548.824603   0   515.859258   0.0199330707   0.295005974   1063.42075
6.7551   4.31643495e+34   0.410328467   5.66840599e+14   -0.586684561   1.21861487   0.323903607   0   548.99826   0   515.953808   0.0199194915   0.294902958   1063.31608
6.7601   4.3109442e+34   0.411146205   5.66599113e+14   -0.586742862   1.21894844   0.323776447   0   549.172152   0   516.048473   0.0199059078   0.294799835   1063.21137
6.7651   4.30545292e+34   0.411964804   5.66357434e+14   -0.586801204   1.21928226   0.323649172   0   549.346279   0   516.143255   0.0198923193   0.294696605   1063.10661
6.7701   4.2999611e+34   0.412784265   5.66115562e+14   -0.586859585   1.21961633   0.323521783   0   549.520643   0   516.238154   0.0198787262   0.294593267   1063.0018
6.7751   4.29446876e+34   0.413604586   5.65873495e+14   -0.586918007   1.21995065   0.323394279   0   549.695245   0   516.33317   0.0198651283   0.29448982   1062.89695
6.7801   4.2889759e+34   0.414425767   5.65631233e+14   -0.58697647   1.22028522   0.32326666   0   549.870085   0   516.428304   0.0198515257   0.294386265   1062.79205
6.7851   4.28348253e+34   0.415247809   5.65388776e+14   -0.587034972   1.22062003   0.323138925   0   550.045165   0   516.523556   0.0198379184   0.294282601   1062.6871
6.7901   4.27798866e+34   0.416070709   5.65146121e+14   -0.587093514   1.2209551   0.323011073   0   550.220484   0   516.618927   0.0198243062   0.294178828   1062.58211
6.7951   4.2724943e+34   0.416894468   5.6490327e+14   -0.587152097   1.2212904   0.322883105   0   550.396045   0   516.714417   0.0198106891   0.294074944   1062.47707
6.8001   4.26699945e+34   0.417719086   5.6466022e+14   -0.58721072   1.22162596   0.32275502   0   550.571847   0   516.810026   0.0197970672   0.293970951   1062.37198
6.8051   4.26150411e+34   0.418544562   5.64416975e+14   -0.587269383   1.22196176   0.322626819   0   550.747889   0   516.905754   0.0197834407   0.293866848   1062.26684
6.8101   4.25600831e+34   0.419370895   5.64173547e+14   -0.587328086   1.22229781   0.322498509   0   550.924162   0   517.001596   0.0197698101   0.293762642   1062.16166
6.8151   4.25051203e+34   0.420198086   5.63929938e+14   -0.587386829   1.22263411   0.32237009   0   551.100666   0   517.097551   0.0197561756   0.293658332   1062.05644
6.8201   4.2450153e+34   0.421026133   5.63686144e+14   -0.587445613   1.22297065   0.322241562   0   551.277403   0   517.19362   0.0197425372   0.293553919   1061.95119
6.8251   4.23951811e+34   0.421855037   5.63442167e+14   -0.587504436   1.22330744   0.322112924   0   551.454372   0   517.289804   0.0197288947   0.2934494   1061.84589
6.8301   4.23402048e+34   0.422684796   5.63198004e+14   -0.5875633   1.22364448   0.321984175   0   551.631576   0   517.386103   0.0197152482   0.293344777   1061.74054
6.8351   4.22852242e+34   0.423515411   5.62953656e+14   -0.587622203   1.22398176   0.321855315   0   551.809014   0   517.482518   0.0197015975   0.293240048   1061.63516
6.8401   4.22302392e+34   0.424346881   5.62709121e+14   -0.587681147   1.22431928   0.321726345   0   551.986688   0   517.579048   0.0196879428   0.293135214   1061.52974
6.8451   4.217525e+34   0.425179205   5.62464398e+14   -0.587740131   1.22465706   0.321597262   0   552.164599   0   517.675696   0.0196742839   0.293030273   1061.42427
6.8501   4.21202566e+34   0.426012384   5.62219486e+14   -0.587799154   1.22499508   0.321468066   0   552.342748   0   517.77246   0.0196606208   0.292925226   1061.31876
6.8551   4.20652591e+34   0.426846416   5.61974385e+14   -0.587858218   1.22533334   0.321338758   0   552.521135   0   517.869342   0.0196469535   0.292820071   1061.2132
6.8601   4.20102577e+34   0.427681302   5.61729093e+14   -0.587917322   1.22567185   0.321209337   0   552.699761   0   517.966342   0.0196332819   0.292714809   1061.10761
6.8651   4.19552523e+34   0.42851704   5.61483611e+14   -0.587976466   1.2260106   0.321079801   0   552.878629   0   518.06346   0.019619606   0.292609439   1061.00197
6.8701   4.1900243e+34   0.42935363   5.61237936e+14   -0.588035649   1.2263496   0.320950152   0   553.057737   0   518.160697   0.0196059257   0.292503961   1060.89628
6.8751   4.18452299e+34   0.430191072   5.60992068e+14   -0.588094873   1.22668884   0.320820387   0   553.237088   0   518.258054   0.0195922411   0.292398374   1060.79055
6.8801   4.17902131e+34   0.431029366   5.60746006e+14   -0.588154137   1.22702833   0.320690507   0   553.416681   0   518.35553   0.0195785521   0.292292677   1060.68478
6.8851   4.17351926e+34   0.43186851   5.6049975e+14   -0.58821344   1.22736806   0.320560511   0   553.596519   0   518.453127   0.0195648587   0.292186871   1060.57897
6.8901   4.16801686e+34   0.432708505   5.60253298e+14   -0.588272784   1.22770804   0.320430399   0   553.776602   0   518.550845   0.0195511607   0.292080954   1060.4731
6.8951   4.16251411e+34   0.43354935   5.60006649e+14   -0.588332167   1.22804826   0.32030017   0   553.956932   0   518.648684   0.0195374583   0.291974927   1060.3672
6.9001   4.15701101e+34   0.434391044   5.59759803e+14   -0.58839159   1.22838872   0.320169824   0   554.137507   0   518.746645   0.0195237513   0.291868789   1060.26125
6.9051   4.15150758e+34   0.435233587   5.59512759e+14   -0.588451053   1.22872943   0.32003936   0   554.318331   0   518.844729   0.0195100398   0.29176254   1060.15525
6.9101   4.14600381e+34   0.436076979   5.59265516e+14   -0.588510556   1.22907038   0.319908777   0   554.499404   0   518.942935   0.0194963236   0.291656179   1060.04921
6.9151   4.14049973e+34   0.436921218   5.59018073e+14   -0.588570099   1.22941157   0.319778076   0   554.680726   0   519.041264   0.0194826028   0.291549705   1059.94312
6.9201   4.13499534e+34   0.437766305   5.58770429e+14   -0.588629682   1.22975301   0.319647256   0   554.862299   0   519.139718   0.0194688773   0.291443118   1059.83698
6.9251   4.12949063e+34   0.438612239   5.58522584e+14   -0.588689304   1.23009469   0.319516316   0   555.044123   0   519.238295   0.0194551471   0.291336419   1059.7308
6.9301   4.12398563e+34   0.439459019   5.58274552e+14   -0.588748966   1.23043661   0.319385264   0   555.226189   0   519.336991   0.0194414131   0.291229613   1059.62458
6.9351   4.11848034e+34   0.440306645   5.58026335e+14   -0.588808668   1.23077878   0.319254101   0   555.408493   0   519.435804   0.0194276753   0.291122701   1059.51832
6.9401   4.11297476e+34   0.441155117   5.57777933e+14   -0.58886841   1.23112118   0.319122828   0   555.591039   0   519.534735   0.0194139338   0.291015682   1059.41202
6.9451   4.10746891e+34   0.442004434   5.57529346e+14   -0.588928192   1.23146383   0.318991442   0   555.773825   0   519.633786   0.0194001884   0.290908557   1059.30568
6.9501   4.10196278e+34   0.442854595   5.57280571e+14   -0.588988013   1.23180672   0.318859945   0   555.956853   0   519.732955   0.0193864393   0.290801325   1059.1993
6.9551   4.0964564e+34   0.4437056   5.57031609e+14   -0.589047874   1.23214986   0.318728335   0   556.140125   0   519.832243   0.0193726863   0.290693986   1059.09288
6.9601   4.09094975e+34   0.444557449   5.56782457e+14   -0.589107775   1.23249323   0.318596612   0   556.323641   0   519.931652   0.0193589294   0.290586538   1058.98642
6.9651   4.08544286e+34   0.44541014   5.56533116e+14   -0.589167715   1.23283685   0.318464775   0   556.507402   0   520.031182   0.0193451685   0.290478982   1058.87992
6.9701   4.07993573e+34   0.446263675   5.56283584e+14   -0.589227695   1.2331807   0.318332823   0   556.69141   0   520.130832   0.0193314036   0.290371316   1058.77338
6.9751   4.07442836e+34   0.447118051   5.5603386e+14   -0.589287715   1.2335248   0.318200757   0   556.875665   0   520.230605   0.0193176348   0.290263541   1058.6668
6.9801   4.06892077e+34   0.447973268   5.55783943e+14   -0.589347775   1.23386914   0.318068576   0   557.060168   0   520.330499   0.0193038618   0.290155656   1058.56018
6.9851   4.06341296e+34   0.448829327   5.55533832e+14   -0.589407874   1.23421372   0.317936278   0   557.24492   0   520.430517   0.0192900847   0.290047661   1058.45351
6.9901   4.05790494e+34   0.449686226   5.55283527e+14   -0.589468012   1.23455853   0.317803865   0   557.429923   0   520.530657   0.0192763035   0.289939555   1058.3468
6.9951   4.05239672e+34   0.450543964   5.55033026e+14   -0.589528191   1.23490359   0.317671334   0   557.615177   0   520.630922   0.0192625182   0.289831337   1058.24005
7.0001   4.04688829e+34   0.451402542   5.54782328e+14   -0.589588409   1.23524889   0.317538685   0   557.800683   0   520.73131   0.0192487285   0.289723008   1058.13326
7.0051   4.04137968e+34   0.452261959   5.54531433e+14   -0.589648666   1.23559443   0.317405919   0   557.986443   0   520.831824   0.0192349347   0.289614566   1058.02643
7.0101   4.03587089e+34   0.453122214   5.54280339e+14   -0.589708963   1.23594021   0.317273034   0   558.172457   0   520.932463   0.0192211365   0.289506011   1057.91955
7.0151   4.03036192e+34   0.453983307   5.54029046e+14   -0.5897693   1.23628623   0.317140029   0   558.358727   0   521.033228   0.019207334   0.289397343   1057.81262
7.0201   4.02485278e+34   0.454845237   5.53777552e+14   -0.589829676   1.23663248   0.317006906   0   558.545252   0   521.134119   0.0191935271   0.289288561   1057.70566
7.0251   4.01934349e+34   0.455708004   5.53525857e+14   -0.589890091   1.23697898   0.316873661   0   558.732036   0   521.235137   0.0191797158   0.289179665   1057.59865
7.0301   4.01383404e+34   0.456571607   5.53273959e+14   -0.589950547   1.23732571   0.316740297   0   558.919077   0   521.336283   0.0191659001   0.289070654   1057.49159
7.0351   4.00832445e+34   0.457436045   5.53021859e+14   -0.590011041   1.23767268   0.31660681   0   559.106378   0   521.437557   0.0191520799   0.288961528   1057.38449
7.0401   4.00281472e+34   0.458301318   5.52769553e+14   -0.590071575   1.23801989   0.316473202   0   559.29394   0   521.538959   0.0191382551   0.288852287   1057.27735
7.0451   3.99730486e+34   0.459167425   5.52517048e+14   -0.590132149   1.23836734   0.316339475   0   559.48176   0   521.640489   0.019124426   0.288742931   1057.17016
7.0501   3.99179488e+34   0.460034367   5.52264355e+14   -0.590192762   1.23871503   0.316205634   0   559.669827   0   521.74214   0.0191105934   0.288633467   1057.06294
7.0551   3.98628478e+34   0.460902141   5.52011476e+14   -0.590253414   1.23906295   0.316071681   0   559.858143   0   521.843913   0.0190967573   0.288523895   1056.95568
7.0601   3.98077458e+34   0.461770748   5.51758409e+14   -0.590314106   1.23941111   0.315937615   0   560.046709   0   521.945809   0.0190829176   0.288414214   1056.84838
7.0651   3.97526427e+34   0.462640188   5.51505153e+14   -0.590374837   1.23975951   0.315803435   0   560.235524   0   522.047828   0.0190690743   0.288304423   1056.74104
7.0701   3.96975387e+34   0.463510459   5.51251708e+14   -0.590435608   1.24010815   0.31566914   0   560.424592   0   522.14997   0.0190552274   0.288194523   1056.63366
7.0751   3.96424339e+34   0.464381561   5.50998072e+14   -0.590496418   1.24045702   0.315534731   0   560.613911   0   522.252236   0.0190413768   0.288084513   1056.52625
7.0801   3.95873283e+34   0.465253494   5.50744244e+14   -0.590557267   1.24080613   0.315400207   0   560.803485   0   522.354628   0.0190275224   0.287974392   1056.4188
7.0851   3.95322219e+34   0.466126256   5.50490223e+14   -0.590618156   1.24115548   0.315265566   0   560.993313   0   522.457144   0.0190136643   0.28786416   1056.3113
7.0901   3.94771149e+34   0.466999848   5.50236007e+14   -0.590679084   1.24150506   0.315130808   0   561.183397   0   522.559786   0.0189998023   0.287753816   1056.20377
7.0951   3.94220074e+34   0.467874268   5.49981597e+14   -0.590740051   1.24185487   0.314995933   0   561.373739   0   522.662555   0.0189859365   0.28764336   1056.0962
7.1001   3.93668994e+34   0.468749517   5.49726991e+14   -0.590801058   1.24220493   0.314860941   0   561.564338   0   522.765451   0.0189720667   0.28753279   1055.98859
7.1051   3.93117909e+34   0.469625593   5.49472187e+14   -0.590862104   1.24255521   0.314725829   0   561.755197   0   522.868474   0.018958193   0.287422108   1055.88094
7.1101   3.92566822e+34   0.470502497   5.49217185e+14   -0.590923189   1.24290574   0.314590599   0   561.946315   0   522.971626   0.0189443153   0.287311311   1055.77325
7.1151   3.92015731e+34   0.471380226   5.48961984e+14   -0.590984313   1.2432565   0.314455249   0   562.137696   0   523.074907   0.0189304335   0.2872004   1055.66551
7.1201   3.91464639e+34   0.472258782   5.48706583e+14   -0.591045476   1.24360749   0.314319779   0   562.329339   0   523.178316   0.0189165477   0.287089374   1055.55774
7.1251   3.90913545e+34   0.473138163   5.4845098e+14   -0.591106679   1.24395872   0.314184188   0   562.521245   0   523.281856   0.0189026578   0.286978233   1055.44992
7.1301   3.90362451e+34   0.474018368   5.48195174e+14   -0.591167921   1.24431018   0.314048476   0   562.713416   0   523.385526   0.0188887636   0.286866975   1055.34206
7.1351   3.89811358e+34   0.474899397   5.47939165e+14   -0.591229202   1.24466187   0.313912641   0   562.905853   0   523.489327   0.0188748653   0.286755601   1055.23416
7.1401   3.89260265e+34   0.47578125   5.47682952e+14   -0.591290522   1.2450138   0.313776684   0   563.098557   0   523.59326   0.0188609627   0.286644111   1055.12622
7.1451   3.88709174e+34   0.476663926   5.47426533e+14   -0.591351882   1.24536597   0.313640604   0   563.291529   0   523.697325   0.0188470558   0.286532502   1055.01823
7.1501   3.88158086e+34   0.477547423   5.47169907e+14   -0.59141328   1.24571836   0.3135044   0   563.48477   0   523.801523   0.0188331446   0.286420776   1054.9102
7.1551   3.87607002e+34   0.478431742   5.46913073e+14   -0.591474718   1.24607099   0.313368072   0   563.678282   0   523.905854   0.018819229   0.286308931   1054.80213
7.1601   3.87055921e+34   0.479316882   5.46656036e+14   -0.591536194   1.24642385   0.313231621   0   563.872061   0   524.010317   0.0188053093   0.286196969   1054.69402
7.1651   3.86504845e+34   0.480202842   5.4639881e+14   -0.59159771   1.24677695   0.313095056   0   564.066097   0   524.114907   0.0187913862   0.286084897   1054.58587
7.1701   3.85953775e+34   0.481089622   5.46141395e+14   -0.591659265   1.24713028   0.312958377   0   564.26039   0   524.219622   0.0187774598   0.285972714   1054.47768
7.1751   3.85402711e+34   0.481977221   5.4588379e+14   -0.591720859   1.24748384   0.312821582   0   564.454941   0   524.324464   0.01876353   0.285860419   1054.36946
7.1801   3.84851654e+34   0.482865638   5.45625993e+14   -0.591782492   1.24783763   0.312684671   0   564.649752   0   524.429434   0.0187495968   0.285748014   1054.2612
7.1851   3.84300605e+34   0.483754873   5.45368004e+14   -0.591844164   1.24819165   0.312547644   0   564.844824   0   524.534532   0.0187356601   0.285635495   1054.15291
7.1901   3.83749565e+34   0.484644925   5.45109821e+14   -0.591905874   1.2485459   0.3124105   0   565.040158   0   524.639759   0.01872172   0.285522864   1054.04457
7.1951   3.83198534e+34   0.485535794   5.44851444e+14   -0.591967624   1.24890039   0.312273238   0   565.235755   0   524.745115   0.0187077762   0.28541012   1053.93621
7.2001   3.82647513e+34   0.486427479   5.4459287e+14   -0.592029413   1.2492551   0.312135858   0   565.431616   0   524.850601   0.0186938288   0.285297261   1053.8278
7.2051   3.82096503e+34   0.487319978   5.44334099e+14   -0.592091241   1.24961005   0.311998359   0   565.627743   0   524.956218   0.0186798778   0.285184288   1053.71936
7.2101   3.81545504e+34   0.488213293   5.4407513e+14   -0.592153107   1.24996523   0.311860739   0   565.824136   0   525.061966   0.018665923   0.2850712   1053.61087
7.2151   3.80994517e+34   0.489107422   5.43815962e+14   -0.592215013   1.25032064   0.311723   0   566.020798   0   525.167846   0.0186519645   0.284957996   1053.50235
7.2201   3.80443544e+34   0.490002363   5.43556592e+14   -0.592276957   1.25067627   0.311585139   0   566.217728   0   525.273858   0.0186380022   0.284844676   1053.39379
7.2251   3.79892584e+34   0.490898118   5.43297021e+14   -0.592338941   1.25103214   0.311447157   0   566.414929   0   525.380004   0.018624036   0.284731239   1053.28519
7.2301   3.79341639e+34   0.491794685   5.43037248e+14   -0.592400963   1.25138824   0.311309053   0   566.612402   0   525.486283   0.0186100659   0.284617685   1053.17656
7.2351   3.7879071e+34   0.492692062   5.42777269e+14   -0.592463024   1.25174456   0.311170825   0   566.810147   0   525.592697   0.0185960918   0.284504012   1053.06788
7.2401   3.78239796e+34   0.493590251   5.42517086e+14   -0.592525123   1.25210112   0.311032474   0   567.008166   0   525.699245   0.0185821138   0.284390221   1052.95916
7.2451   3.77688899e+34   0.49448925   5.42256697e+14   -0.592587262   1.2524579   0.310893999   0   567.20646   0   525.80593   0.0185681317   0.284276311   1052.8504
7.2501   3.7713802e+34   0.495389058   5.41996099e+14   -0.592649439   1.25281491   0.310755399   0   567.405031   0   525.912751   0.0185541455   0.284162282   1052.7416
7.2551   3.76587159e+34   0.496289674   5.41735294e+14   -0.592711655   1.25317215   0.310616674   0   567.603879   0   526.019708   0.0185401552   0.284048132   1052.63275
7.2601   3.76036317e+34   0.497191099   5.41474278e+14   -0.59277391   1.25352962   0.310477822   0   567.803007   0   526.126803   0.0185261607   0.283933861   1052.52387
7.2651   3.75485495e+34   0.498093331   5.41213051e+14   -0.592836204   1.25388731   0.310338843   0   568.002414   0   526.234037   0.018512162   0.283819469   1052.41494
7.2701   3.74934693e+34   0.498996369   5.40951614e+14   -0.592898536   1.25424523   0.310199738   0   568.202101   0   526.341409   0.018498159   0.283704956   1052.30597
7.2751   3.74383913e+34   0.499900213   5.40689982e+14   -0.592960907   1.25460338   0.310060515   0   568.402057   0   526.448912   0.0184841527   0.283590328   1052.19697
7.2801   3.73833155e+34   0.500804863   5.40428158e+14   -0.593023317   1.25496175   0.309921175   0   568.602279   0   526.556547   0.0184701433   0.283475587   1052.08793
7.2851   3.7328242e+34   0.501710317   5.40166142e+14   -0.593085765   1.25532036   0.309781718   0   568.802768   0   526.664312   0.0184561307   0.283360733   1051.97886
7.2901   3.72731709e+34   0.502616575   5.39903932e+14   -0.593148252   1.25567918   0.309642143   0   569.003526   0   526.77221   0.0184421149   0.283245765   1051.86975
7.2951   3.72181022e+34   0.503523636   5.39641528e+14   -0.593210778   1.25603824   0.309502449   0   569.204553   0   526.88024   0.0184280957   0.283130682   1051.76061
7.3001   3.7163036e+34   0.504431499   5.39378927e+14   -0.593273342   1.25639752   0.309362637   0   569.405852   0   526.988403   0.0184140732   0.283015483   1051.65144
7.3051   3.71079724e+34   0.505340165   5.39116128e+14   -0.593335945   1.25675702   0.309222704   0   569.607423   0   527.096701   0.0184000474   0.282900169   1051.54223
7.3101   3.70529114e+34   0.506249631   5.3885313e+14   -0.593398586   1.25711675   0.309082651   0   569.809268   0   527.205133   0.018386018   0.282784738   1051.43298
7.3151   3.69978532e+34   0.507159898   5.38589933e+14   -0.593461266   1.25747671   0.308942477   0   570.011388   0   527.3137   0.0183719852   0.28266919   1051.32369
7.3201   3.69427978e+34   0.508070965   5.38326534e+14   -0.593523985   1.25783688   0.30880218   0   570.213784   0   527.422404   0.0183579488   0.282553524   1051.21437
7.3251   3.68877453e+34   0.508982831   5.38062932e+14   -0.593586742   1.25819729   0.308661761   0   570.416458   0   527.531244   0.0183439088   0.282437739   1051.10502
7.3301   3.68326958e+34   0.509895495   5.37799127e+14   -0.593649537   1.25855792   0.308521218   0   570.61941   0   527.640222   0.0183298651   0.282321836   1050.99562
7.3351   3.67776493e+34   0.510808957   5.37535116e+14   -0.593712371   1.25891877   0.308380552   0   570.822644   0   527.749338   0.0183158177   0.282205812   1050.88619
7.3401   3.67226059e+34   0.511723215   5.37270899e+14   -0.593775243   1.25927984   0.30823976   0   571.026158   0   527.858592   0.0183017666   0.282089669   1050.77672
7.3451   3.66675657e+34   0.51263827   5.37006475e+14   -0.593838154   1.25964114   0.308098843   0   571.229956   0   527.967986   0.0182877116   0.281973405   1050.66721
7.3501   3.66125288e+34   0.51355412   5.36741841e+14   -0.593901103   1.26000266   0.307957799   0   571.434038   0   528.07752   0.0182736527   0.281857019   1050.55766
7.3551   3.65574952e+34   0.514470764   5.36476997e+14   -0.593964091   1.2603644   0.307816629   0   571.638405   0   528.187196   0.01825959   0.281740511   1050.44807
7.3601   3.65024651e+34   0.515388203   5.36211942e+14   -0.594027117   1.26072637   0.307675331   0   571.84306   0   528.297012   0.0182455232   0.28162388   1050.33844
7.3651   3.64474384e+34   0.516306435   5.35946674e+14   -0.594090181   1.26108855   0.307533904   0   572.048002   0   528.406971   0.0182314524   0.281507126   1050.22877
7.3701   3.63924154e+34   0.517225459   5.35681193e+14   -0.594153284   1.26145096   0.307392349   0   572.253234   0   528.517073   0.0182173776   0.281390247   1050.11906
7.3751   3.6337396e+34   0.518145274   5.35415496e+14   -0.594216425   1.26181359   0.307250664   0   572.458757   0   528.627318   0.0182032986   0.281273245   1050.00931
7.3801   3.62823803e+34   0.519065881   5.35149587e+14   -0.594279605   1.26217644   0.30710885   0   572.664568   0   528.737706   0.0181892157   0.281156119   1049.89953
7.3851   3.62273684e+34   0.519987278   5.34883483e+14   -0.594342822   1.26253951   0.306966918   0   572.870656   0   528.84823   0.0181751297   0.281038877   1049.7897
7.3901   3.61723604e+34   0.520909464   5.34617185e+14   -0.594406078   1.2629028   0.306824867   0   573.077019   0   528.958889   0.0181610408   0.280921519   1049.67985
7.3951   3.61173563e+34   0.521832439   5.34350691e+14   -0.594469373   1.26326631   0.306682697   0   573.283659   0   529.069684   0.0181469488   0.280804046   1049.56996
7.4001   3.60623563e+34   0.522756202   5.34084001e+14   -0.594532705   1.26363005   0.306540406   0   573.490578   0   529.180616   0.0181328537   0.280686455   1049.46004
7.4051   3.60073604e+34   0.523680752   5.33817111e+14   -0.594596076   1.263994   0.306397994   0   573.697777   0   529.291686   0.0181187555   0.280568746   1049.35009
7.4101   3.59523687e+34   0.524606089   5.33550022e+14   -0.594659484   1.26435817   0.30625546   0   573.905257   0   529.402895   0.018104654   0.28045092   1049.24011
7.4151   3.58973813e+34   0.525532211   5.33282731e+14   -0.594722931   1.26472256   0.306112803   0   574.113021   0   529.514243   0.0180905493   0.280332974   1049.13008
7.4201   3.58423981e+34   0.526459118   5.33015237e+14   -0.594786417   1.26508716   0.305970023   0   574.321068   0   529.62573   0.0180764412   0.280214909   1049.02003
7.4251   3.57874194e+34   0.527386809   5.3274754e+14   -0.59484994   1.26545199   0.305827119   0   574.529401   0   529.737359   0.0180623298   0.280096723   1048.90994
7.4301   3.57324452e+34   0.528315284   5.32479637e+14   -0.594913501   1.26581703   0.30568409   0   574.738022   0   529.849129   0.0180482148   0.279978416   1048.79981
7.4351   3.56774755e+34   0.529244541   5.32211527e+14   -0.594977101   1.2661823   0.305540936   0   574.946931   0   529.961041   0.0180340964   0.279859988   1048.68965
7.4401   3.56225105e+34   0.530174581   5.31943209e+14   -0.595040739   1.26654777   0.305397655   0   575.15613   0   530.073096   0.0180199744   0.279741437   1048.57945
7.4451   3.55675502e+34   0.531105401   5.31674681e+14   -0.595104414   1.26691347   0.305254246   0   575.36562   0   530.185295   0.0180058488   0.279622763   1048.46922
7.4501   3.55125947e+34   0.532037001   5.31405943e+14   -0.595168128   1.26727938   0.30511071   0   575.575403   0   530.297639   0.0179917194   0.279503966   1048.35895
7.4551   3.54576441e+34   0.532969381   5.31136992e+14   -0.59523188   1.26764551   0.304967045   0   575.785481   0   530.410128   0.0179775864   0.279385044   1048.24864
7.4601   3.54026984e+34   0.53390254   5.30867827e+14   -0.59529567   1.26801186   0.30482325   0   575.995854   0   530.522762   0.0179634495   0.279265997   1048.13829
7.4651   3.53477578e+34   0.534836476   5.30598448e+14   -0.595359497   1.26837842   0.304679325   0   576.206524   0   530.635544   0.0179493088   0.279146824   1048.02791
7.4701   3.52928223e+34   0.53577119   5.30328852e+14   -0.595423363   1.2687452   0.304535269   0   576.417493   0   530.748473   0.0179351642   0.279027525   1047.91748
7.4751   3.52378919e+34   0.53670668   5.30059038e+14   -0.595487267   1.26911219   0.304391081   0   576.628762   0   530.86155   0.0179210156   0.278908099   1047.80702
7.4801   3.51829668e+34   0.537642945   5.29789005e+14   -0.595551208   1.26947939   0.304246761   0   576.840332   0   530.974776   0.017906863   0.278788546   1047.69651
7.4851   3.5128047e+34   0.538579985   5.29518754e+14   -0.595615188   1.26984681   0.304102308   0   577.052203   0   531.088151   0.0178927065   0.278668865   1047.58597
7.4901   3.50731327e+34   0.539517798   5.29248304e+14   -0.595679205   1.27021445   0.303957734   0   577.264361   0   531.201667   0.017878547   0.278549064   1047.4754
7.4951   3.50182239e+34   0.540456385   5.28977656e+14   -0.59574326   1.2705823   0.303813038   0   577.476805   0   531.315323   0.0178643847   0.278429146   1047.36479
7.5001   3.49633206e+34   0.541395744   5.2870681e+14   -0.595807353   1.27095036   0.303668221   0   577.689535   0   531.429121   0.0178502194   0.278309109   1047.25416
7.5051   3.49084229e+34   0.542335874   5.28435763e+14   -0.595871484   1.27131863   0.303523281   0   577.902554   0   531.543061   0.0178360512   0.278188952   1047.14349
7.5101   3.4853531e+34   0.543276775   5.28164515e+14   -0.595935653   1.27168712   0.303378217   0   578.115862   0   531.657143   0.01782188   0.278068675   1047.03279
7.5151   3.47986449e+34   0.544218445   5.27893063e+14   -0.595999859   1.27205582   0.30323303   0   578.329462   0   531.771369   0.0178077057   0.277948276   1046.92206
7.5201   3.47437646e+34   0.545160885   5.27621407e+14   -0.596064103   1.27242473   0.303087717   0   578.543356   0   531.885739   0.0177935283   0.277827756   1046.8113
7.5251   3.46888903e+34   0.546104092   5.27349544e+14   -0.596128385   1.27279385   0.302942278   0   578.757544   0   532.000255   0.0177793476   0.277707113   1046.7005
7.5301   3.46340221e+34   0.547048067   5.27077474e+14   -0.596192705   1.27316319   0.302796712   0   578.972028   0   532.114917   0.0177651637   0.277586346   1046.58967
7.5351   3.45791599e+34   0.547992808   5.26805194e+14   -0.596257063   1.27353273   0.302651018   0   579.186809   0   532.229725   0.0177509764   0.277465456   1046.47881
7.5401   3.45243039e+34   0.548938315   5.26532704e+14   -0.596321458   1.27390249   0.302505196   0   579.40189   0   532.344682   0.0177367857   0.277344441   1046.36791
7.5451   3.44694542e+34   0.549884587   5.26260001e+14   -0.59638589   1.27427246   0.302359245   0   579.617272   0   532.459787   0.0177225915   0.2772233   1046.25698
7.5501   3.44146108e+34   0.550831623   5.25987084e+14   -0.596450361   1.27464264   0.302213163   0   579.832957   0   532.575041   0.0177083938   0.277102033   1046.14601
7.5551   3.43597738e+34   0.551779421   5.25713952e+14   -0.596514869   1.27501302   0.30206695   0   580.048945   0   532.690445   0.0176941925   0.276980639   1046.035
7.5601   3.43049433e+34   0.552727982   5.25440603e+14   -0.596579414   1.27538362   0.301920606   0   580.265238   0   532.806   0.0176799875   0.276859118   1045.92396
7.5651   3.42501194e+34   0.553677304   5.25167036e+14   -0.596643997   1.27575442   0.301774129   0   580.481839   0   532.921708   0.0176657789   0.276737467   1045.81288
7.5701   3.41953022e+34   0.554627387   5.2489325e+14   -0.596708618   1.27612544   0.301627518   0   580.698748   0   533.037567   0.0176515664   0.276615688   1045.70177
7.5751   3.41404916e+34   0.555578229   5.24619242e+14   -0.596773276   1.27649666   0.301480773   0   580.915968   0   533.15358   0.0176373501   0.276493779   1045.59061
7.5801   3.40856879e+34   0.55652983   5.24345011e+14   -0.596837972   1.27686809   0.301333892   0   581.133499   0   533.269748   0.0176231299   0.276371739   1045.47942
7.5851   3.4030891e+34   0.557482189   5.24070557e+14   -0.596902705   1.27723973   0.301186876   0   581.351343   0   533.38607   0.0176089058   0.276249568   1045.36819
7.5901   3.39761011e+34   0.558435305   5.23795887e+14   -0.596967476   1.27761157   0.301039729   0   581.569494   0   533.502544   0.0175946781   0.27612727   1045.25692
7.5951   3.39213183e+34   0.559389176   5.23521017e+14   -0.597032284   1.27798362   0.300892458   0   581.78794   0   533.619164   0.0175804478   0.27600485   1045.14563
7.6001   3.38665426e+34   0.560343803   5.23245945e+14   -0.59709713   1.27835588   0.300745064   0   582.006682   0   533.735929   0.0175662147   0.27588231   1045.03431
7.6051   3.3811774e+34   0.561299185   5.22970671e+14   -0.597162013   1.27872834   0.300597544   0   582.225722   0   533.85284   0.0175519789   0.275759647   1044.92295
7.6101   3.37570128e+34   0.562255319   5.22695193e+14   -0.597226933   1.27910101   0.3004499   0   582.445061   0   533.9699   0.0175377402   0.275636862   1044.81157
7.6151   3.37022588e+34   0.563212207   5.22419508e+14   -0.597291891   1.27947388   0.300302128   0   582.664702   0   534.087108   0.0175234985   0.275513952   1044.70016
7.6201   3.36475123e+34   0.564169846   5.22143616e+14   -0.597356886   1.27984696   0.30015423   0   582.884645   0   534.204466   0.0175092538   0.275390919   1044.58871
7.6251   3.35927733e+34   0.565128236   5.21867514e+14   -0.597421919   1.28022025   0.300006202   0   583.104893   0   534.321974   0.0174950061   0.275267759   1044.47724
7.6301   3.35380419e+34   0.566087375   5.21591201e+14   -0.597486988   1.28059373   0.299858046   0   583.325447   0   534.439633   0.0174807552   0.275144474   1044.36573
7.6351   3.34833182e+34   0.567047264   5.21314676e+14   -0.597552095   1.28096743   0.299709759   0   583.546309   0   534.557444   0.017466501   0.275021062   1044.25419
7.6401   3.34286021e+34   0.568007901   5.21037936e+14   -0.597617239   1.28134132   0.299561342   0   583.767481   0   534.675408   0.0174522436   0.274897522   1044.14262
7.6451   3.33738939e+34   0.568969286   5.2076098e+14   -0.597682421   1.28171542   0.299412792   0   583.988964   0   534.793527   0.0174379828   0.274773854   1044.03101
7.6501   3.33191936e+34   0.569931416   5.20483806e+14   -0.59774764   1.28208972   0.299264109   0   584.210759   0   534.9118   0.0174237186   0.274650057   1043.91937
7.6551   3.32645012e+34   0.570894292   5.20206414e+14   -0.597812896   1.28246422   0.299115293   0   584.43287   0   535.030228   0.0174094509   0.274526129   1043.80769
7.6601   3.32098169e+34   0.571857912   5.199288e+14   -0.597878189   1.28283893   0.298966342   0   584.655297   0   535.148814   0.0173951797   0.274402071   1043.69598
7.6651   3.31551407e+34   0.572822276   5.19650964e+14   -0.597943519   1.28321383   0.298817255   0   584.878042   0   535.267556   0.0173809048   0.274277881   1043.58424
7.6701   3.31004728e+34   0.573787383   5.19372904e+14   -0.598008886   1.28358894   0.298668031   0   585.101107   0   535.386458   0.0173666262   0.274153558   1043.47246
7.6751   3.30458131e+34   0.574753231   5.19094619e+14   -0.598074291   1.28396425   0.29851867   0   585.324493   0   535.505518   0.0173523438   0.274029103   1043.36064
7.6801   3.29911618e+34   0.57571982   5.18816106e+14   -0.598139732   1.28433976   0.298369171   0   585.548202   0   535.624738   0.0173380577   0.273904513   1043.24878
7.6851   3.29365189e+34   0.576687149   5.18537364e+14   -0.598205211   1.28471547   0.298219533   0   585.772236   0   535.74412   0.0173237676   0.273779789   1043.13689
7.6901   3.28818845e+34   0.577655216   5.18258402e+14   -0.598270726   1.28509137   0.29806976   0   585.996589   0   535.863659   0.017309474   0.273654933   1043.02496
7.6951   3.28272588e+34   0.578624021   5.17979235e+14   -0.598336279   1.28546748   0.29791986   0   586.221247   0   535.98335   0.0172951779   0.273529953   1042.913
7.7001   3.27726417e+34   0.579593563   5.17699864e+14   -0.598401869   1.28584379   0.297769835   0   586.446212   0   536.103191   0.0172808792   0.27340485   1042.80102
7.7051   3.27180334e+34   0.580563842   5.17420287e+14   -0.598467495   1.28622029   0.297619682   0   586.671485   0   536.223185   0.0172665777   0.273279621   1042.68901
7.7101   3.26634339e+34   0.581534855   5.17140501e+14   -0.598533159   1.28659699   0.297469401   0   586.897068   0   536.343331   0.0172522735   0.273154266   1042.57697
7.7151   3.26088433e+34   0.582506602   5.16860505e+14   -0.598598859   1.28697389   0.29731899   0   587.122964   0   536.463632   0.0172379665   0.273028785   1042.46491
7.7201   3.25542617e+34   0.583479083   5.16580298e+14   -0.598664596   1.28735099   0.297168449   0   587.349173   0   536.584089   0.0172236565   0.272903176   1042.35281
7.7251   3.24996892e+34   0.584452296   5.16299876e+14   -0.598730371   1.28772828   0.297017777   0   587.575698   0   536.704701   0.0172093436   0.272777438   1042.24068
7.7301   3.24451258e+34   0.58542624   5.1601924e+14   -0.598796182   1.28810577   0.296866973   0   587.80254   0   536.825471   0.0171950275   0.272651572   1042.12852
7.7351   3.23905717e+34   0.586400915   5.15738386e+14   -0.59886203   1.28848345   0.296716035   0   588.029702   0   536.946398   0.0171807083   0.272525574   1042.01633
7.7401   3.23360268e+34   0.587376318   5.15457313e+14   -0.598927914   1.28886133   0.296564962   0   588.257185   0   537.067485   0.0171663859   0.272399446   1041.90411
7.7451   3.22814913e+34   0.588352451   5.15176019e+14   -0.598993836   1.28923941   0.296413755   0   588.484991   0   537.188731   0.0171520602   0.272273186   1041.79186
7.7501   3.22269653e+34   0.58932931   5.14894503e+14   -0.599059794   1.28961768   0.296262411   0   588.713122   0   537.310139   0.0171377311   0.272146793   1041.67957
7.7551   3.21724488e+34   0.590306896   5.14612762e+14   -0.599125789   1.28999614   0.29611093   0   588.941579   0   537.431709   0.0171233986   0.272020266   1041.56725
7.7601   3.2117942e+34   0.591285208   5.14330795e+14   -0.599191821   1.2903748   0.295959311   0   589.170365   0   537.553441   0.0171090625   0.271893605   1041.45489
7.7651   3.20634448e+34   0.592264244   5.14048601e+14   -0.599257889   1.29075365   0.295807552   0   589.399481   0   537.675337   0.0170947229   0.271766808   1041.3425
7.7701   3.20089575e+34   0.593244003   5.13766177e+14   -0.599323994   1.2911327   0.295655654   0   589.62893   0   537.797399   0.0170803795   0.271639875   1041.23008
7.7751   3.19544799e+34   0.594224485   5.13483522e+14   -0.599390136   1.29151193   0.295503614   0   589.858712   0   537.919626   0.0170660325   0.271512805   1041.11762
7.7801   3.19000124e+34   0.595205688   5.13200634e+14   -0.599456314   1.29189136   0.295351432   0   590.088831   0   538.04202   0.0170516816   0.271385597   1041.00512
7.7851   3.18455548e+34   0.596187611   5.12917512e+14   -0.599522529   1.29227098   0.295199107   0   590.319286   0   538.164581   0.0170373269   0.271258251   1040.89259
7.7901   3.17911073e+34   0.597170254   5.12634176e+14   -0.599588781   1.2926508   0.295046651   0   590.550062   0   538.287301   0.0170229694   0.271130775   1040.78003
7.7951   3.173667e+34   0.598153615   5.12350633e+14   -0.599655069   1.2930308   0.294894065   0   590.781155   0   538.410178   0.0170086094   0.271003172   1040.66744
7.8001   3.1682243e+34   0.599137694   5.1206688e+14   -0.599721394   1.29341099   0.294741351   0   591.012566   0   538.533212   0.0169942468   0.270875442   1040.55483
7.8051   3.16278263e+34   0.600122488   5.11782916e+14   -0.599787755   1.29379137   0.294588505   0   591.244298   0   538.656405   0.0169798816   0.270747583   1040.44219
7.8101   3.157342e+34   0.601107999   5.11498738e+14   -0.599854152   1.29417194   0.294435528   0   591.476351   0   538.779757   0.0169655137   0.270619594   1040.32952
7.8151   3.15190242e+34   0.602094223   5.11214345e+14   -0.599920586   1.2945527   0.294282418   0   591.708729   0   538.90327   0.0169511429   0.270491475   1040.21683
7.8201   3.1464639e+34   0.603081161   5.10929735e+14   -0.599987057   1.29493365   0.294129173   0   591.941434   0   539.026944   0.0169367693   0.270363225   1040.1041
7.8251   3.14102644e+34   0.604068811   5.10644905e+14   -0.600053564   1.29531479   0.293975794   0   592.174466   0   539.150782   0.0169223927   0.270234842   1039.99135
7.8301   3.13559005e+34   0.605057173   5.10359855e+14   -0.600120107   1.29569611   0.293822279   0   592.407829   0   539.274783   0.016908013   0.270106326   1039.87857
7.8351   3.13015475e+34   0.606046245   5.10074581e+14   -0.600186686   1.29607763   0.293668626   0   592.641524   0   539.398949   0.0168936302   0.269977676   1039.76575
7.8401   3.12472053e+34   0.607036026   5.09789083e+14   -0.600253302   1.29645933   0.293514836   0   592.875553   0   539.523281   0.0168792442   0.269848891   1039.65291
7.8451   3.11928741e+34   0.608026515   5.09503357e+14   -0.600319955   1.29684121   0.293360906   0   593.109918   0   539.64778   0.0168648549   0.269719969   1039.54003
7.8501   3.11385539e+34   0.609017711   5.09217403e+14   -0.600386643   1.29722328   0.293206835   0   593.344622   0   539.772447   0.0168504621   0.26959091   1039.42713
7.8551   3.10842449e+34   0.610009614   5.08931218e+14   -0.600453368   1.29760554   0.293052623   0   593.579666   0   539.897283   0.016836066   0.269461714   1039.31418
7.8601   3.1029947e+34   0.611002221   5.086448e+14   -0.600520129   1.29798798   0.292898269   0   593.815052   0   540.022289   0.0168216662   0.269332378   1039.20121
7.8651   3.09756605e+34   0.611995533   5.08358148e+14   -0.600586926   1.2983706   0.292743771   0   594.050782   0   540.147466   0.0168072629   0.269202903   1039.0882
7.8701   3.09213853e+34   0.612989547   5.0807126e+14   -0.60065376   1.29875341   0.292589128   0   594.286858   0   540.272815   0.0167928559   0.269073287   1038.97516
7.8751   3.08671215e+34   0.613984263   5.07784133e+14   -0.600720629   1.29913641   0.29243434   0   594.523282   0   540.398338   0.016778445   0.26894353   1038.86208
7.8801   3.08128693e+34   0.614979679   5.07496768e+14   -0.600787535   1.29951958   0.292279406   0   594.760056   0   540.524035   0.0167640304   0.26881363   1038.74896
7.8851   3.07586287e+34   0.615975796   5.07209182e+14   -0.600854477   1.29990294   0.292124335   0   594.997163   0   540.649897   0.016749613   0.268683596   1038.63582
7.8901   3.07043998e+34   0.61697261   5.06921385e+14   -0.600921455   1.30028648   0.291969134   0   595.234598   0   540.775922   0.0167351931   0.268553433   1038.52266
7.8951   3.06501826e+34   0.617970123   5.06633374e+14   -0.600988469   1.3006702   0.291813799   0   595.472362   0   540.90211   0.0167207708   0.26842314   1038.40947
7.9001   3.05959773e+34   0.618968331   5.06345148e+14   -0.601055519   1.30105411   0.291658332   0   595.710458   0   541.028463   0.0167063459   0.268292714   1038.29625
7.9051   3.05417839e+34   0.619967235   5.06056704e+14   -0.601122605   1.30143819   0.291502729   0   595.948888   0   541.154981   0.0166919184   0.268162155   1038.18301
7.9101   3.04876026e+34   0.620966833   5.05768039e+14   -0.601189727   1.30182245   0.29134699   0   596.187654   0   541.281666   0.016677488   0.268031463   1038.06974
7.9151   3.04334332e+34   0.621967125   5.05479153e+14   -0.601256885   1.3022069   0.291191114   0   596.426758   0   541.408519   0.0166630549   0.267900635   1037.95645
7.9201   3.03792761e+34   0.622968109   5.05190043e+14   -0.601324079   1.30259152   0.291035099   0   596.666202   0   541.535542   0.0166486188   0.267769672   1037.84312
7.9251   3.03251312e+34   0.623969783   5.04900706e+14   -0.601391309   1.30297632   0.290878945   0   596.905989   0   541.662734   0.0166341797   0.267638572   1037.72977
7.9301   3.02709986e+34   0.624972148   5.04611141e+14   -0.601458575   1.3033613   0.29072265   0   597.14612   0   541.790099   0.0166197374   0.267507334   1037.61639
7.9351   3.02168784e+34   0.625975201   5.04321346e+14   -0.601525876   1.30374646   0.290566214   0   597.386598   0   541.917635   0.016605292   0.267375957   1037.50297
7.9401   3.01627707e+34   0.626978942   5.04031318e+14   -0.601593214   1.30413179   0.290409634   0   597.627426   0   542.045346   0.0165908433   0.26724444   1037.38953
7.9451   3.01086756e+34   0.62798337   5.03741055e+14   -0.601660587   1.3045173   0.29025291   0   597.868604   0   542.173231   0.0165763912   0.267112781   1037.27606
7.9501   3.00545931e+34   0.628988483   5.03450556e+14   -0.601727996   1.30490299   0.29009604   0   598.110135   0   542.301292   0.0165619357   0.266980981   1037.16255
7.9551   3.00005233e+34   0.62999428   5.03159818e+14   -0.601795441   1.30528885   0.289939025   0   598.352022   0   542.429531   0.0165474766   0.266849038   1037.04901
7.9601   2.99464664e+34   0.631000761   5.0286884e+14   -0.601862921   1.30567489   0.289781861   0   598.594266   0   542.557948   0.0165330138   0.266716951   1036.93544
7.9651   2.98924223e+34   0.632007923   5.02577619e+14   -0.601930437   1.30606111   0.289624549   0   598.83687   0   542.686544   0.0165185474   0.266584719   1036.82183
7.9701   2.98383912e+34   0.633015767   5.02286153e+14   -0.601997989   1.30644749   0.289467087   0   599.079836   0   542.815321   0.0165040771   0.266452341   1036.70819
7.9751   2.97843731e+34   0.63402429   5.01994447e+14   -0.602065577   1.30683405   0.289309477   0   599.32316   0   542.944276   0.0164896033   0.266319819   1036.59452
7.9801   2.97303682e+34   0.635033492   5.01702525e+14   -0.6021332   1.30722079   0.289151733   0   599.566824   0   543.073401   0.0164751272   0.266187164   1036.48082
7.9851   2.96763764e+34   0.636043371   5.01410386e+14   -0.602200859   1.30760769   0.288993854   0   599.810827   0   543.202694   0.0164606486   0.266054375   1036.36711
7.9901   2.9622398e+34   0.637053926   5.01118027e+14   -0.602268553   1.30799477   0.288835838   0   600.055172   0   543.332157   0.0164461676   0.265921452   1036.25336
7.9951   2.9568433e+34   0.638065157   5.00825447e+14   -0.602336283   1.30838202   0.288677685   0   600.299862   0   543.461792   0.0164316841   0.265788393   1036.1396
8.0001   2.95144813e+34   0.639077061   5.00532644e+14   -0.602404048   1.30876945   0.288519393   0   600.544899   0   543.5916   0.0164171978   0.265655197   1036.0258
8.0051   2.94605433e+34   0.640089639   5.00239614e+14   -0.602471849   1.30915704   0.288360961   0   600.790286   0   543.721581   0.0164027088   0.265521863   1035.91199
8.0101   2.94066188e+34   0.641102888   4.99946356e+14   -0.602539686   1.3095448   0.288202388   0   601.036023   0   543.851738   0.0163882169   0.26538839   1035.79814
8.0151   2.9352708e+34   0.642116808   4.99652868e+14   -0.602607558   1.30993273   0.288043672   0   601.282115   0   543.982071   0.0163737221   0.265254776   1035.68427
8.0201   2.9298811e+34   0.643131398   4.99359146e+14   -0.602675465   1.31032083   0.287884813   0   601.528563   0   544.112582   0.0163592242   0.265121022   1035.57037
8.0251   2.92449278e+34   0.644146655   4.9906519e+14   -0.602743407   1.3107091   0.287725808   0   601.77537   0   544.243272   0.0163447232   0.264987125   1035.45644
8.0301   2.91910586e+34   0.64516258   4.98770997e+14   -0.602811385   1.31109754   0.287566657   0   602.022537   0   544.374142   0.0163302189   0.264853085   1035.34248
8.0351   2.91372033e+34   0.64617917   4.98476563e+14   -0.602879399   1.31148614   0.287407358   0   602.270068   0   544.505194   0.0163157113   0.2647189   1035.22849
8.0401   2.90833622e+34   0.647196426   4.98181888e+14   -0.602947447   1.31187491   0.287247911   0   602.517964   0   544.636428   0.0163012003   0.264584569   1035.11448
8.0451   2.90295353e+34   0.648214344   4.97886969e+14   -0.603015531   1.31226385   0.287088313   0   602.766229   0   544.767846   0.0162866857   0.264450092   1035.00043
8.0501   2.89757226e+34   0.649232926   4.97591804e+14   -0.60308365   1.31265296   0.286928564   0   603.014863   0   544.899449   0.0162721675   0.264315467   1034.88634
8.0551   2.89219242e+34   0.650252168   4.97296391e+14   -0.603151805   1.31304222   0.286768663   0   603.263871   0   545.031239   0.0162576456   0.264180693   1034.77223
8.0601   2.88681403e+34   0.65127207   4.97000727e+14   -0.603219994   1.31343166   0.286608608   0   603.513253   0   545.163216   0.0162431199   0.264045769   1034.65808
8.0651   2.88143709e+34   0.65229263   4.96704815e+14   -0.603288219   1.31382126   0.2864484   0   603.763008   0   545.29538   0.0162285905   0.263910697   1034.5439
8.0701   2.8760616e+34   0.653313848   4.9640868e+14   -0.603356479   1.31421102   0.286288054   0   604.013116   0   545.42772   0.0162140588   0.263775487   1034.42969
8.0751   2.87068758e+34   0.654335722   4.96112324e+14   -0.603424774   1.31460094   0.286127569   0   604.263575   0   545.560235   0.0161995247   0.26364014   1034.31547
8.0801   2.86531504e+34   0.655358251   4.95815745e+14   -0.603493104   1.31499103   0.285966946   0   604.514388   0   545.692926   0.0161849882   0.263504655   1034.20122
8.0851   2.85994398e+34   0.656381434   4.95518939e+14   -0.603561469   1.31538127   0.285806181   0   604.765558   0   545.825796   0.0161704492   0.263369031   1034.08695
8.0901   2.85457441e+34   0.65740527   4.95221904e+14   -0.603629869   1.31577168   0.285645274   0   605.017087   0   545.958845   0.0161559076   0.263233266   1033.97266
8.0951   2.84920634e+34   0.658429757   4.94924638e+14   -0.603698304   1.31616225   0.285484224   0   605.268978   0   546.092075   0.0161413632   0.26309736   1033.85834
8.1001   2.84383978e+34   0.659454894   4.94627138e+14   -0.603766774   1.31655299   0.285323028   0   605.521233   0   546.225487   0.0161268159   0.262961311   1033.74399
8.1051   2.83847473e+34   0.66048068   4.94329402e+14   -0.603835279   1.31694388   0.285161687   0   605.773855   0   546.359082   0.0161122657   0.262825117   1033.62962
8.1101   2.8331112e+34   0.661507114   4.94031427e+14   -0.603903819   1.31733493   0.285000197   0   606.026846   0   546.492863   0.0160977125   0.262688779   1033.51522
8.1151   2.82774921e+34   0.662534194   4.93733212e+14   -0.603972394   1.31772613   0.284838559   0   606.280209   0   546.626829   0.016083156   0.262552294   1033.4008
8.1201   2.82238876e+34   0.66356192   4.93434753e+14   -0.604041004   1.3181175   0.28467677   0   606.533947   0   546.760983   0.0160685964   0.262415662   1033.28634
8.1251   2.81702985e+34   0.664590289   4.93136048e+14   -0.604109648   1.31850902   0.28451483   0   606.788062   0   546.895326   0.0160540333   0.262278881   1033.17186
8.1301   2.8116725e+34   0.665619302   4.92837094e+14   -0.604178328   1.3189007   0.284352736   0   607.042556   0   547.029859   0.0160394668   0.26214195   1033.05735
8.1351   2.80631671e+34   0.666648955   4.9253789e+14   -0.604247042   1.31929254   0.284190488   0   607.297432   0   547.164583   0.0160248967   0.262004868   1032.9428
8.1401   2.8009625e+34   0.667679249   4.92238433e+14   -0.604315791   1.31968453   0.284028084   0   607.552693   0   547.299501   0.016010323   0.261867633   1032.82823
8.1451   2.79560986e+34   0.668710182   4.91938721e+14   -0.604384575   1.32007668   0.283865523   0   607.80834   0   547.434613   0.0159957455   0.261730245   1032.71362
8.1501   2.79025882e+34   0.669741752   4.9163875e+14   -0.604453393   1.32046898   0.283702804   0   608.064378   0   547.56992   0.0159811641   0.261592702   1032.59898
8.1551   2.78490937e+34   0.670773959   4.91338534e+14   -0.604522246   1.32086143   0.283539932   0   608.320795   0   547.705418   0.0159665795   0.26145501   1032.48431
8.1601   2.77956153e+34   0.6718068   4.91038093e+14   -0.604591133   1.32125404   0.28337692   0   608.577574   0   547.841097   0.0159519926   0.261317179   1032.36962
8.1651   2.7742153e+34   0.672840275   4.90737425e+14   -0.604660056   1.3216468   0.283213766   0   608.834719   0   547.976958   0.0159374034   0.261179207   1032.25492
8.1701   2.76887069e+34   0.673874383   4.90436527e+14   -0.604729012   1.32203971   0.283050469   0   609.092231   0   548.113004   0.0159228118   0.261041092   1032.14019
8.1751   2.76352772e+34   0.674909122   4.90135396e+14   -0.604798004   1.32243278   0.282887027   0   609.350113   0   548.249235   0.0159082176   0.260902834   1032.02543
8.1801   2.75818638e+34   0.67594449   4.8983403e+14   -0.604867029   1.32282599   0.282723438   0   609.608369   0   548.385653   0.0158936207   0.260764431   1031.91066
8.1851   2.75284669e+34   0.676980488   4.89532426e+14   -0.60493609   1.32321936   0.282559701   0   609.867   0   548.52226   0.015879021   0.260625883   1031.79586
8.1901   2.74750865e+34   0.678017113   4.89230581e+14   -0.605005185   1.32361287   0.282395815   0   610.12601   0   548.659057   0.0158644184   0.260487186   1031.68103
8.1951   2.74217227e+34   0.679054364   4.88928492e+14   -0.605074314   1.32400654   0.282231778   0   610.385402   0   548.796045   0.0158498129   0.260348342   1031.56618
8.2001   2.73683757e+34   0.680092239   4.88626158e+14   -0.605143477   1.32440035   0.282067588   0   610.645178   0   548.933226   0.0158352041   0.260209347   1031.45131
8.2051   2.73150454e+34   0.681130738   4.88323575e+14   -0.605212675   1.32479431   0.281903245   0   610.90534   0   549.070602   0.0158205922   0.260070201   1031.3364
8.2101   2.7261732e+34   0.682169859   4.88020742e+14   -0.605281908   1.32518842   0.281738746   0   611.165893   0   549.208173   0.0158059768   0.259930903   1031.22147
8.2151   2.72084355e+34   0.683209601   4.87717654e+14   -0.605351174   1.32558267   0.28157409   0   611.426838   0   549.345942   0.0157913581   0.25979145   1031.10651
8.2201   2.71551561e+34   0.684249963   4.8741431e+14   -0.605420475   1.32597707   0.281409276   0   611.688177   0   549.483909   0.0157767357   0.259651843   1030.99152
8.2251   2.71018939e+34   0.685290942   4.87110706e+14   -0.60548981   1.32637162   0.281244303   0   611.949915   0   549.622077   0.0157621097   0.259512079   1030.8765
8.2301   2.70486488e+34   0.686332538   4.86806842e+14   -0.605559179   1.3267663   0.281079168   0   612.212054   0   549.760446   0.0157474799   0.259372158   1030.76145
8.2351   2.6995421e+34   0.68737475   4.86502713e+14   -0.605628583   1.32716114   0.280913871   0   612.474595   0   549.899018   0.0157328462   0.259232078   1030.64637
8.2401   2.69422106e+34   0.688417575   4.86198326e+14   -0.605698021   1.32755611   0.280748415   0   612.737536   0   550.037792   0.0157182089   0.259091842   1030.53125
8.2451   2.68890176e+34   0.689461013   4.85893707e+14   -0.605767492   1.32795123   0.280582813   0   613.000853   0   550.176754   0.0157035693   0.258951462   1030.41612
8.2501   2.68358422e+34   0.690505062   4.85588856e+14   -0.605836998   1.3283465   0.280417066   0   613.264547   0   550.315906   0.0156889275   0.258810937   1030.30097
8.2551   2.67826844e+34   0.691549722   4.8528377e+14   -0.605906538   1.3287419   0.280251173   0   613.528621   0   550.455248   0.0156742831   0.258670267   1030.1858
8.2601   2.67295443e+34   0.69259499   4.84978446e+14   -0.605976112   1.32913744   0.28008513   0   613.793078   0   550.594783   0.0156596363   0.258529449   1030.07061
8.2651   2.66764219e+34   0.693640865   4.84672881e+14   -0.60604572   1.32953313   0.279918938   0   614.057921   0   550.734513   0.0156449867   0.258388483   1029.95539
8.2701   2.66233175e+34   0.694687346   4.84367073e+14   -0.606115362   1.32992895   0.279752594   0   614.323153   0   550.874438   0.0156303344   0.258247367   1029.84016
8.2751   2.6570231e+34   0.695734432   4.84061018e+14   -0.606185038   1.33032491   0.279586096   0   614.588778   0   551.014561   0.0156156791   0.2581061   1029.7249
8.2801   2.65171625e+34   0.696782121   4.83754713e+14   -0.606254748   1.33072101   0.279419444   0   614.854797   0   551.154882   0.0156010208   0.25796468   1029.60961
8.2851   2.64641121e+34   0.697830411   4.83448157e+14   -0.606324492   1.33111725   0.279252635   0   615.121214   0   551.295404   0.0155863594   0.257823106   1029.4943
8.2901   2.64110799e+34   0.698879303   4.83141345e+14   -0.606394269   1.33151362   0.279085668   0   615.388033   0   551.436128   0.0155716947   0.257681376   1029.37896
8.2951   2.6358066e+34   0.699928793   4.82834275e+14   -0.606464081   1.33191013   0.278918541   0   615.655255   0   551.577056   0.0155570265   0.257539489   1029.2636
8.3001   2.63050704e+34   0.700978881   4.82526945e+14   -0.606533926   1.33230678   0.278751253   0   615.922884   0   551.71819   0.0155423549   0.257397444   1029.14821
8.3051   2.62520933e+34   0.702029565   4.82219351e+14   -0.606603805   1.33270356   0.278583803   0   616.190923   0   551.85953   0.0155276796   0.25725524   1029.03279
8.3101   2.61991348e+34   0.703080844   4.81911491e+14   -0.606673718   1.33310048   0.278416187   0   616.459375   0   552.001079   0.0155130005   0.257112874   1028.91734
8.3151   2.61461948e+34   0.704132716   4.81603361e+14   -0.606743664   1.33349753   0.278248406   0   616.728242   0   552.142838   0.0154983176   0.256970346   1028.80186
8.3201   2.60932736e+34   0.70518518   4.8129496e+14   -0.606813644   1.33389471   0.278080458   0   616.997528   0   552.284808   0.0154836307   0.256827654   1028.68634
8.3251   2.60403711e+34   0.706238235   4.80986299e+14   -0.606883658   1.33429202   0.277912348   0   617.267223   0   552.426985   0.0154689405   0.256684804   1028.5708
8.3301   2.59874875e+34   0.707291879   4.80677402e+14   -0.606953705   1.33468947   0.27774409   0   617.537307   0   552.569358   0.0154542479   0.256541807   1028.45525
8.3351   2.59346228e+34   0.70834611   4.80368266e+14   -0.607023786   1.33508704   0.277575683   0   617.807781   0   552.711928   0.0154395531   0.256398661   1028.33967
8.3401   2.58817772e+34   0.709400927   4.80058889e+14   -0.6070939   1.33548475   0.277407125   0   618.07865   0   552.854697   0.0154248557   0.256255365   1028.22408
8.3451   2.58289507e+34   0.71045633   4.79749267e+14   -0.607164048   1.33588259   0.277238414   0   618.349916   0   552.997666   0.0154101558   0.256111917   1028.10847
8.3501   2.57761434e+34   0.711512316   4.79439397e+14   -0.607234229   1.33628055   0.277069548   0   618.621583   0   553.140838   0.0153954531   0.255968317   1027.99283
8.3551   2.57233554e+34   0.712568884   4.79129276e+14   -0.607304444   1.33667864   0.276900525   0   618.893654   0   553.284214   0.0153807475   0.255824562   1027.87718
8.3601   2.56705867e+34   0.713626032   4.78818902e+14   -0.607374692   1.33707686   0.276731345   0   619.166132   0   553.427796   0.015366039   0.25568065   1027.7615
8.3651   2.56178375e+34   0.71468376   4.7850827e+14   -0.607444974   1.33747521   0.276562005   0   619.43902   0   553.571585   0.0153513273   0.255536581   1027.64579
8.3701   2.55651078e+34   0.715742065   4.78197378e+14   -0.607515288   1.33787368   0.276392503   0   619.712322   0   553.715584   0.0153366123   0.255392353   1027.53006
8.3751   2.55123977e+34   0.716800947   4.77886222e+14   -0.607585637   1.33827228   0.276222838   0   619.986041   0   553.859793   0.0153218939   0.255247964   1027.41431
8.3801   2.54597073e+34   0.717860403   4.77574801e+14   -0.607656018   1.338671   0.276053008   0   620.26018   0   554.004215   0.015307172   0.255103413   1027.29853
8.3851   2.54070367e+34   0.718920432   4.7726311e+14   -0.607726433   1.33906984   0.275883011   0   620.534742   0   554.148852   0.0152924465   0.254958699   1027.18272
8.3901   2.5354386e+34   0.719981034   4.76951146e+14   -0.607796881   1.33946881   0.275712846   0   620.809731   0   554.293705   0.0152777172   0.254813819   1027.06688
8.3951   2.53017552e+34   0.721042205   4.76638907e+14   -0.607867362   1.3398679   0.275542511   0   621.085149   0   554.438776   0.015262984   0.254668773   1026.95102
8.4001   2.52491444e+34   0.722103945   4.7632639e+14   -0.607937876   1.34026712   0.275372004   0   621.361   0   554.584066   0.0152482468   0.254523559   1026.83512
8.4051   2.51965538e+34   0.723166253   4.76013596e+14   -0.608008423   1.34066645   0.275201326   0   621.637283   0   554.729576   0.0152335056   0.254378177   1026.71919
8.4101   2.51439834e+34   0.724229126   4.75700554e+14   -0.608079004   1.3410659   0.275030493   0   621.913973   0   554.875292   0.0152187619   0.254232641   1026.60325
8.4151   2.50914333e+34   0.725292563   4.75387269e+14   -0.608149617   1.34146548   0.274859507   0   622.191067   0   555.021212   0.0152040158   0.254086954   1026.48729
8.4201   2.50389036e+34   0.726356563   4.75073738e+14   -0.608220264   1.34186517   0.274688367   0   622.468567   0   555.167338   0.0151892674   0.253941112   1026.37131
8.4251   2.49863943e+34   0.727421125   4.74759956e+14   -0.608290943   1.34226498   0.27451707   0   622.746478   0   555.313672   0.0151745163   0.253795116   1026.25531
8.4301   2.49339055e+34   0.728486246   4.74445921e+14   -0.608361656   1.3426649   0.274345615   0   623.024802   0   555.460216   0.0151597624   0.253648962   1026.13929
8.4351   2.48814374e+34   0.729551926   4.7413163e+14   -0.608432401   1.34306494   0.274173999   0   623.303544   0   555.606971   0.0151450057   0.25350265   1026.02325
8.4401   2.482899e+34   0.730618162   4.73817078e+14   -0.608503179   1.3434651   0.274002222   0   623.582707   0   555.753941   0.0151302459   0.253356178   1025.90719
8.4451   2.47765634e+34   0.731684954   4.73502262e+14   -0.60857399   1.34386538   0.27383028   0   623.862295   0   555.901125   0.0151154829   0.253209544   1025.79111
8.4501   2.47241576e+34   0.732752299   4.7318718e+14   -0.608644834   1.34426576   0.273658173   0   624.14231   0   556.048527   0.0151007167   0.253062746   1025.675
8.4551   2.46717728e+34   0.733820197   4.72871828e+14   -0.608715711   1.34466627   0.273485898   0   624.422756   0   556.196149   0.0150859469   0.252915784   1025.55887
8.4601   2.46194091e+34   0.734888646   4.72556203e+14   -0.60878662   1.34506688   0.273313453   0   624.703638   0   556.343991   0.0150711736   0.252768654   1025.44272
8.4651   2.45670665e+34   0.735957643   4.72240301e+14   -0.608857562   1.34546761   0.273140837   0   624.984958   0   556.492056   0.0150563966   0.252621357   1025.32653
8.4701   2.45147451e+34   0.737027188   4.71924119e+14   -0.608928537   1.34586844   0.272968048   0   625.266719   0   556.640347   0.0150416157   0.252473889   1025.21032
8.4751   2.4462445e+34   0.738097279   4.71607654e+14   -0.608999544   1.34626939   0.272795084   0   625.548926   0   556.788864   0.0150268308   0.25232625   1025.09408
8.4801   2.44101663e+34   0.739167915   4.71290902e+14   -0.609070584   1.34667045   0.272621943   0   625.831581   0   556.937609   0.0150120418   0.252178438   1024.97781
8.4851   2.43579091e+34   0.740239093   4.70973865e+14   -0.609141657   1.34707161   0.272448625   0   626.114685   0   557.086583   0.0149972487   0.252030453   1024.86151
8.4901   2.43056735e+34   0.741310813   4.70656574e+14   -0.609212762   1.34747289   0.272275148   0   626.39821   0   557.235771   0.014982453   0.25188231   1024.74519
8.4951   2.42534594e+34   0.742383072   4.70339033e+14   -0.609283899   1.34787427   0.272101515   0   626.682152   0   557.385172   0.0149676549   0.251734011   1024.62886
8.5001   2.42012672e+34   0.743455869   4.70021239e+14   -0.609355069   1.34827575   0.271927722   0   626.966516   0   557.534786   0.0149528543   0.251585553   1024.51251
8.5051   2.41490967e+34   0.744529203   4.69703188e+14   -0.609426272   1.34867735   0.271753769   0   627.251305   0   557.684618   0.0149380511   0.251436936   1024.39615
8.5101   2.40969481e+34   0.745603072   4.69384876e+14   -0.609497507   1.34907904   0.271579652   0   627.536523   0   557.834667   0.014923245   0.251288157   1024.27976
8.5151   2.40448215e+34   0.746677474   4.690663e+14   -0.609568774   1.34948085   0.27140537   0   627.822174   0   557.984938   0.0149084359   0.251139215   1024.16336
8.5201   2.3992717e+34   0.747752408   4.68747456e+14   -0.609640074   1.34988275   0.271230921   0   628.108261   0   558.13543   0.0148936236   0.250990108   1024.04693
8.5251   2.39406346e+34   0.748827873   4.68428341e+14   -0.609711405   1.35028476   0.271056304   0   628.394788   0   558.286147   0.0148788081   0.250840834   1023.93048
8.5301   2.38885745e+34   0.749903866   4.6810895e+14   -0.60978277   1.35068687   0.270881515   0   628.68176   0   558.437091   0.0148639892   0.250691391   1023.81401
8.5351   2.38365367e+34   0.750980386   4.67789281e+14   -0.609854166   1.35108908   0.270706553   0   628.969179   0   558.588264   0.0148491666   0.250541778   1023.69752
8.5401   2.37845213e+34   0.752057432   4.6746933e+14   -0.609925594   1.35149139   0.270531416   0   629.25705   0   558.739667   0.0148343404   0.250391993   1023.58099
8.5451   2.37325283e+34   0.753135002   4.67149094e+14   -0.609997055   1.3518938   0.270356102   0   629.545376   0   558.891302   0.0148195102   0.250242034   1023.46445
8.5501   2.3680558e+34   0.754213093   4.66828568e+14   -0.610068548   1.35229631   0.270180609   0   629.834161   0   559.043172   0.014804676   0.250091899   1023.34787
8.5551   2.36286103e+34   0.755291705   4.6650775e+14   -0.610140073   1.35269891   0.270004935   0   630.123409   0   559.195279   0.0147898377   0.249941587   1023.23127
8.5601   2.35766854e+34   0.756370836   4.66186635e+14   -0.61021163   1.35310162   0.269829078   0   630.413123   0   559.347625   0.014774995   0.249791096   1023.11464
8.5651   2.35247834e+34   0.757450484   4.65865236e+14   -0.610283218   1.35350442   0.269653044   0   630.703294   0   559.500204   0.0147601486   0.249640432   1022.99798
8.5701   2.34729042e+34   0.758530648   4.65543581e+14   -0.610354839   1.35390731   0.26947685   0   630.993896   0   559.653003   0.0147452998   0.249489607   1022.88131
8.5751   2.34210481e+34   0.759611325   4.65221669e+14   -0.610426492   1.3543103   0.269300494   0   631.284932   0   559.806024   0.0147304484   0.249338621   1022.76462
8.5801   2.3369215e+34   0.760692515   4.64899495e+14   -0.610498177   1.35471338   0.269123973   0   631.576405   0   559.959269   0.0147155945   0.249187471   1022.64792
8.5851   2.33174052e+34   0.761774215   4.64577054e+14   -0.610569893   1.35511655   0.268947286   0   631.868321   0   560.11274   0.0147007376   0.249036157   1022.5312
8.5901   2.32656186e+34   0.762856425   4.64254344e+14   -0.610641642   1.35551982   0.26877043   0   632.160683   0   560.266439   0.0146858778   0.248884675   1022.41446
8.5951   2.32138554e+34   0.763939142   4.63931361e+14   -0.610713422   1.35592318   0.268593403   0   632.453494   0   560.420369   0.0146710148   0.248733024   1022.2977
8.6001   2.31621156e+34   0.765022364   4.63608099e+14   -0.610785234   1.35632662   0.268416203   0   632.74676   0   560.574531   0.0146561485   0.248581202   1022.18092
8.6051   2.31103993e+34   0.766106091   4.63284557e+14   -0.610857078   1.35673016   0.268238827   0   633.040485   0   560.728928   0.0146412787   0.248429207   1022.06412
8.6101   2.30587066e+34   0.76719032   4.62960729e+14   -0.610928953   1.35713379   0.268061274   0   633.334671   0   560.883562   0.0146264052   0.248277038   1021.9473
8.6151   2.30070376e+34   0.768275049   4.62636612e+14   -0.61100086   1.3575375   0.267883542   0   633.629325   0   561.038436   0.014611528   0.248124692   1021.83045
8.6201   2.29553924e+34   0.769360278   4.62312202e+14   -0.611072798   1.3579413   0.267705628   0   633.924448   0   561.193551   0.0145966467   0.247972167   1021.71358
8.6251   2.29037711e+34   0.770446003   4.61987496e+14   -0.611144768   1.35834518   0.26752753   0   634.220046   0   561.348909   0.0145817614   0.247819462   1021.59668
8.6301   2.28521737e+34   0.771532224   4.61662489e+14   -0.61121677   1.35874915   0.267349246   0   634.516123   0   561.504514   0.0145668718   0.247666575   1021.47975
8.6351   2.28006004e+34   0.772618939   4.61337178e+14   -0.611288803   1.35915321   0.267170774   0   634.812682   0   561.660366   0.0145519777   0.247513503   1021.36279
8.6401   2.27490512e+34   0.773706146   4.61011566e+14   -0.611360868   1.35955734   0.266992116   0   635.109722   0   561.816465   0.0145370794   0.247360249   1021.24581
8.6451   2.26975263e+34   0.774793843   4.60685687e+14   -0.611432964   1.35996156   0.266813291   0   635.407211   0   561.972795   0.0145221785   0.247206828   1021.12881
8.6501   2.26460256e+34   0.775882029   4.60359545e+14   -0.611505091   1.36036587   0.266634299   0   635.705148   0   562.129355   0.0145072749   0.247053242   1021.0118
8.6551   2.25945493e+34   0.776970701   4.60033134e+14   -0.61157725   1.36077025   0.266455138   0   636.003537   0   562.286147   0.0144923687   0.246899489   1020.89477
8.6601   2.25430975e+34   0.778059859   4.5970645e+14   -0.61164944   1.36117471   0.266275807   0   636.302383   0   562.443174   0.0144774595   0.246745565   1020.77773
8.6651   2.24916703e+34   0.7791495   4.59379489e+14   -0.611721661   1.36157925   0.266096302   0   636.601691   0   562.600438   0.0144625473   0.24659147   1020.66067
8.6701   2.24402677e+34   0.780239622   4.59052247e+14   -0.611793914   1.36198387   0.265916621   0   636.901464   0   562.757942   0.0144476318   0.2464372   1020.54359
8.6751   2.23888898e+34   0.781330225   4.5872472e+14   -0.611866197   1.36238856   0.265736762   0   637.201707   0   562.915688   0.0144327128   0.246282755   1020.4265
8.6801   2.23375368e+34   0.782421306   4.58396903e+14   -0.611938512   1.36279333   0.265556723   0   637.502424   0   563.073678   0.0144177902   0.246128132   1020.30938
8.6851   2.22862087e+34   0.783512864   4.58068792e+14   -0.612010858   1.36319818   0.265376501   0   637.803621   0   563.231915   0.0144028639   0.245973329   1020.19223
8.6901   2.22349056e+34   0.784604896   4.57740384e+14   -0.612083235   1.3636031   0.265196094   0   638.105301   0   563.3904   0.0143879336   0.245818344   1020.07507
8.6951   2.21836275e+34   0.785697401   4.57411674e+14   -0.612155643   1.36400809   0.2650155   0   638.407468   0   563.549138   0.0143729992   0.245663175   1019.95788
8.7001   2.21323746e+34   0.786790377   4.57082658e+14   -0.612228082   1.36441316   0.264834716   0   638.710128   0   563.708129   0.0143580605   0.245507819   1019.84066
8.7051   2.2081147e+34   0.787883822   4.56753331e+14   -0.612300552   1.3648183   0.26465374   0   639.013284   0   563.867376   0.0143431173   0.245352276   1019.72342
8.7101   2.20299447e+34   0.788977735   4.56423691e+14   -0.612373053   1.36522351   0.26447257   0   639.31694   0   564.026882   0.0143281695   0.245196543   1019.60615
8.7151   2.19787679e+34   0.790072114   4.56093743e+14   -0.612445585   1.36562878   0.264291208   0   639.621093   0   564.186643   0.0143132174   0.245040622   1019.48885
8.7201   2.19276166e+34   0.791166956   4.55763523e+14   -0.612518148   1.36603413   0.264109676   0   639.925709   0   564.346644   0.0142982626   0.244884531   1019.37154
8.7251   2.18764909e+34   0.79226226   4.5543303e+14   -0.612590741   1.36643954   0.263927972   0   640.230789   0   564.506885   0.0142833051   0.244728269   1019.25422
8.7301   2.18253909e+34   0.793358025   4.55102261e+14   -0.612663365   1.36684502   0.263746094   0   640.536338   0   564.667367   0.0142683448   0.244571834   1019.13688
8.7351   2.17743167e+34   0.794454248   4.54771209e+14   -0.61273602   1.36725057   0.26356404   0   640.842361   0   564.828095   0.0142533813   0.244415224   1019.01953
8.7401   2.17232684e+34   0.795550928   4.54439872e+14   -0.612808706   1.36765618   0.263381806   0   641.148863   0   564.989069   0.0142384146   0.244258436   1018.90216
8.7451   2.1672246e+34   0.796648063   4.54108244e+14   -0.612881422   1.36806186   0.263199391   0   641.455848   0   565.150294   0.0142234445   0.244101469   1018.78477
8.7501   2.16212497e+34   0.79774565   4.5377632e+14   -0.612954169   1.3684676   0.263016791   0   641.763321   0   565.311771   0.0142084707   0.24394432   1018.66736
8.7551   2.15702795e+34   0.798843689   4.53444097e+14   -0.613026946   1.3688734   0.262834005   0   642.071287   0   565.473504   0.0141934931   0.243786986   1018.54994
8.7601   2.15193355e+34   0.799942178   4.5311157e+14   -0.613099754   1.36927926   0.262651029   0   642.379751   0   565.635494   0.0141785115   0.243629467   1018.43249
8.7651   2.14684178e+34   0.801041114   4.52778735e+14   -0.613172593   1.36968518   0.262467862   0   642.688717   0   565.797744   0.0141635257   0.243471759   1018.31501
8.7701   2.14175265e+34   0.802140495   4.52445586e+14   -0.613245462   1.37009117   0.2622845   0   642.99819   0   565.960258   0.0141485356   0.243313861   1018.19752
8.7751   2.13666617e+34   0.803240321   4.5211212e+14   -0.613318361   1.37049721   0.262100942   0   643.308176   0   566.123036   0.0141335409   0.243155769   1018.07999
8.7801   2.13158235e+34   0.804340588   4.51778333e+14   -0.61339129   1.3709033   0.261917185   0   643.618677   0   566.286083   0.0141185414   0.242997483   1017.96244
8.7851   2.1265012e+34   0.805441295   4.5144422e+14   -0.61346425   1.37130946   0.261733227   0   643.9297   0   566.449399   0.0141035371   0.242839   1017.84486
8.7901   2.12142272e+34   0.80654244   4.51109807e+14   -0.613537241   1.37171567   0.261549081   0   644.24122   0   566.612974   0.0140885291   0.242680332   1017.72726
8.7951   2.11634692e+34   0.807644022   4.50775117e+14   -0.613610261   1.37212193   0.261364761   0   644.553217   0   566.776796   0.0140735184   0.24252149   1017.60965
8.8001   2.11127382e+34   0.808746037   4.50440144e+14   -0.613683312   1.37252824   0.261180262   0   644.865698   0   566.94087   0.0140585048   0.24236247   1017.49203
8.8051   2.10620342e+34   0.809848486   4.50104883e+14   -0.613756393   1.37293461   0.260995583   0   645.178667   0   567.105196   0.0140434881   0.242203272   1017.3744
8.8101   2.10113573e+34   0.810951364   4.4976933e+14   -0.613829503   1.37334103   0.26081072   0   645.492129   0   567.269779   0.014028468   0.242043891   1017.25675
8.8151   2.09607076e+34   0.812054672   4.49433478e+14   -0.613902644   1.3737475   0.260625671   0   645.806089   0   567.434621   0.0140134444   0.241884327   1017.13908
8.8201   2.09100852e+34   0.813158406   4.49097324e+14   -0.613975816   1.37415402   0.260440433   0   646.120554   0   567.599725   0.0139984171   0.241724576   1017.02139
8.8251   2.08594901e+34   0.814262565   4.48760863e+14   -0.614049017   1.37456059   0.260255004   0   646.435527   0   567.765094   0.0139833858   0.241564635   1016.90369
8.8301   2.08089225e+34   0.815367148   4.4842409e+14   -0.614122248   1.3749672   0.26006938   0   646.751014   0   567.93073   0.0139683505   0.241404504   1016.78596
8.8351   2.07583825e+34   0.816472151   4.48086999e+14   -0.614195508   1.37537386   0.259883559   0   647.06702   0   568.096636   0.0139533107   0.241244179   1016.66821
8.8401   2.070787e+34   0.817577574   4.47749588e+14   -0.614268799   1.37578057   0.259697538   0   647.383551   0   568.262815   0.0139382665   0.241083657   1016.55044
8.8451   2.06573854e+34   0.818683413   4.4741185e+14   -0.61434212   1.37618732   0.259511315   0   647.70061   0   568.42927   0.0139232176   0.240922938   1016.43264
8.8501   2.06069285e+34   0.819789668   4.4707378e+14   -0.61441547   1.37659411   0.259324887   0   648.018204   0   568.596004   0.0139081638   0.240762017   1016.31481
8.8551   2.05564995e+34   0.820896336   4.46735376e+14   -0.61448885   1.37700095   0.259138251   0   648.336338   0   568.763019   0.0138931048   0.240600894   1016.19696
8.8601   2.05060985e+34   0.822003415   4.46396652e+14   -0.61456226   1.37740783   0.258951417   0   648.654996   0   568.930307   0.0138780416   0.240439575   1016.07909
8.8651   2.04557257e+34   0.823110903   4.46057641e+14   -0.614635699   1.37781474   0.258764403   0   648.974149   0   569.097854   0.0138629755   0.240278077   1015.9612
8.8701   2.0405381e+34   0.824218798   4.4571834e+14   -0.614709169   1.3782217   0.258577205   0   649.2938   0   569.265661   0.0138479063   0.240116396   1015.84331
8.8751   2.03550645e+34   0.825327099   4.45378743e+14   -0.614782667   1.37862869   0.258389821   0   649.613956   0   569.433731   0.0138328339   0.239954531   1015.7254
8.8801   2.03047764e+34   0.826435803   4.45038845e+14   -0.614856195   1.37903572   0.258202249   0   649.934623   0   569.602068   0.013817758   0.239792479   1015.60747
8.8851   2.02545168e+34   0.827544909   4.4469864e+14   -0.614929753   1.37944279   0.258014484   0   650.255805   0   569.770674   0.0138026784   0.239630237   1015.48954
8.8901   2.02042857e+34   0.828654414   4.44358123e+14   -0.61500334   1.37984989   0.257826525   0   650.577509   0   569.939553   0.0137875949   0.239467803   1015.37158
8.8951   2.01540831e+34   0.829764316   4.44017289e+14   -0.615076957   1.38025702   0.257638368   0   650.89974   0   570.108708   0.0137725072   0.239305174   1015.2536
8.9001   2.01039093e+34   0.830874614   4.43676133e+14   -0.615150602   1.38066419   0.257450011   0   651.222503   0   570.278141   0.0137574153   0.239142348   1015.13561
8.9051   2.00537643e+34   0.831985306   4.4333465e+14   -0.615224278   1.38107139   0.25726145   0   651.545804   0   570.447855   0.0137423188   0.238979321   1015.01759
8.9101   2.00036482e+34   0.833096389   4.42992835e+14   -0.615297982   1.38147861   0.257072682   0   651.869649   0   570.617855   0.0137272175   0.238816093   1014.89955
8.9151   1.99535611e+34   0.834207861   4.42650682e+14   -0.615371716   1.38188587   0.256883706   0   652.194043   0   570.788142   0.0137121113   0.238652659   1014.78148
8.9201   1.9903503e+34   0.83531972   4.42308187e+14   -0.615445479   1.38229316   0.256694517   0   652.518991   0   570.958719   0.0136969999   0.238489017   1014.66339
8.9251   1.98534741e+34   0.836431965   4.41965344e+14   -0.615519271   1.38270047   0.256505114   0   652.8445   0   571.12959   0.0136818831   0.238325166   1014.54527
8.9301   1.98034745e+34   0.837544592   4.41622177e+14   -0.615593092   1.38310781   0.256315508   0   653.170546   0   571.300744   0.0136667621   0.238161116   1014.42713
8.9351   1.97535042e+34   0.838657601   4.41278715e+14   -0.615666942   1.38351518   0.256125717   0   653.497104   0   571.472165   0.013651638   0.23799688   1014.30898
8.9401   1.97035633e+34   0.839770989   4.40934953e+14   -0.615740821   1.38392256   0.255935736   0   653.82418   0   571.643859   0.0136365106   0.237832457   1014.19082
8.9451   1.96536519e+34   0.840884753   4.40590884e+14   -0.615814729   1.38432997   0.255745563   0   654.15178   0   571.815827   0.0136213798   0.237667842   1014.07264
8.9501   1.96037702e+34   0.841998893   4.40246503e+14   -0.615888666   1.38473741   0.255555194   0   654.479909   0   571.988074   0.0136062453   0.237503035   1013.95446
8.9551   1.95539181e+34   0.843113406   4.39901803e+14   -0.615962632   1.38514486   0.255364626   0   654.808574   0   572.160602   0.0135911067   0.23733803   1013.83626
8.9601   1.95040959e+34   0.844228289   4.39556781e+14   -0.616036627   1.38555233   0.255173857   0   655.13778   0   572.333415   0.013575964   0.237172827   1013.71804
8.9651   1.94543035e+34   0.845343542   4.3921143e+14   -0.61611065   1.38595982   0.254982882   0   655.467535   0   572.506516   0.0135608169   0.237007421   1013.5998
8.9701   1.94045411e+34   0.846459161   4.38865744e+14   -0.616184702   1.38636733   0.254791699   0   655.797842   0   572.679909   0.0135456651   0.236841811   1013.48154
8.9751   1.93548088e+34   0.847575145   4.38519718e+14   -0.616258783   1.38677485   0.254600305   0   656.12871   0   572.853596   0.0135305085   0.236675994   1013.36326
8.9801   1.93051066e+34   0.848691491   4.38173347e+14   -0.616332893   1.38718239   0.254408697   0   656.460143   0   573.02758   0.0135153468   0.236509966   1013.24495
8.9851   1.92554346e+34   0.849808197   4.37826624e+14   -0.616407031   1.38758994   0.254216871   0   656.792148   0   573.201866   0.0135001798   0.236343726   1013.12662
8.9901   1.9205793e+34   0.850925262   4.37479546e+14   -0.616481198   1.38799751   0.254024824   0   657.12473   0   573.376456   0.0134850072   0.23617727   1013.00827
8.9951   1.91561819e+34   0.852042682   4.37132111e+14   -0.616555393   1.38840509   0.253832557   0   657.457891   0   573.551351   0.0134698292   0.236010598   1012.88988
9.0001   1.91066012e+34   0.853160456   4.36784362e+14   -0.616629617   1.38881267   0.253640093   0   657.791589   0   573.72653   0.0134546475   0.235843731   1012.77149
9.0051   1.90570512e+34   0.854278582   4.36436306e+14   -0.616703869   1.38922027   0.253447436   0   658.125819   0   573.90199   0.0134394625   0.235676672   1012.65309
9.0101   1.90075318e+34   0.855397058   4.36087937e+14   -0.61677815   1.38962787   0.253254581   0   658.460589   0   574.077734   0.0134242739   0.235509417   1012.53467
9.0151   1.89580433e+34   0.856515881   4.35739248e+14   -0.616852459   1.39003548   0.253061526   0   658.795904   0   574.253767   0.0134090815   0.235341964   1012.41624
9.0201   1.89085857e+34   0.857635049   4.35390234e+14   -0.616926796   1.39044309   0.252868267   0   659.131771   0   574.430092   0.013393885   0.23517431   1012.2978
9.0251   1.8859159e+34   0.858754561   4.35040888e+14   -0.617001161   1.39085071   0.252674801   0   659.468197   0   574.606711   0.0133786841   0.235006451   1012.17935
9.0301   1.88097634e+34   0.859874414   4.34691204e+14   -0.617075555   1.39125833   0.252481125   0   659.805187   0   574.78363   0.0133634787   0.234838384   1012.06087
9.0351   1.87603989e+34   0.860994605   4.34341176e+14   -0.617149977   1.39166596   0.252287234   0   660.142749   0   574.960851   0.0133482685   0.234670108   1011.94238
9.0401   1.87110657e+34   0.862115134   4.33990799e+14   -0.617224427   1.39207358   0.252093126   0   660.48089   0   575.138378   0.0133330532   0.234501618   1011.82386
9.0451   1.86617638e+34   0.863235996   4.33640066e+14   -0.617298905   1.39248121   0.251898797   0   660.819614   0   575.316214   0.0133178326   0.234332911   1011.70532
9.0501   1.86124934e+34   0.864357191   4.33288972e+14   -0.617373411   1.39288883   0.251704244   0   661.158929   0   575.494363   0.0133026065   0.234163986   1011.58676
9.0551   1.85632545e+34   0.865478716   4.32937511e+14   -0.617447944   1.39329645   0.251509465   0   661.498841   0   575.672829   0.0132873746   0.233994839   1011.46817
9.0601   1.85140472e+34   0.866600569   4.32585678e+14   -0.617522506   1.39370407   0.251314455   0   661.839356   0   575.851614   0.0132721367   0.233825466   1011.34955
9.0651   1.84648716e+34   0.867722747   4.3223351e+14   -0.617597096   1.39411168   0.251119235   0   662.180438   0   576.0307   0.0132568946   0.233655888   1011.23092
9.0701   1.84157278e+34   0.868845248   4.31881026e+14   -0.617671713   1.39451928   0.250923817   0   662.52207   0   576.210078   0.0132416489   0.233486111   1011.11228
9.0751   1.8366616e+34   0.86996807   4.3152822e+14   -0.617746359   1.39492688   0.250728196   0   662.864258   0   576.389752   0.0132263995   0.233316134   1010.99363
9.0801   1.83175361e+34   0.871091211   4.31175084e+14   -0.617821032   1.39533447   0.250532368   0   663.207011   0   576.569725   0.013211146   0.233145952   1010.87497
9.0851   1.82684883e+34   0.872214669   4.30821613e+14   -0.617895732   1.39574204   0.25033633   0   663.550334   0   576.750002   0.0131958882   0.232975563   1010.7563
9.0901   1.82194727e+34   0.873338441   4.30467799e+14   -0.617970461   1.39614961   0.250140079   0   663.894235   0   576.930587   0.0131806259   0.232804963   1010.63761
9.0951   1.81704893e+34   0.874462526   4.30113637e+14   -0.618045217   1.39655716   0.24994361   0   664.238721   0   577.111482   0.0131653587   0.232634148   1010.5189
9.1001   1.81215383e+34   0.87558692   4.29759119e+14   -0.61812   1.3969647   0.24974692   0   664.583798   0   577.292693   0.0131500865   0.232463117   1010.40018
9.1051   1.80726198e+34   0.876711622   4.29404241e+14   -0.618194811   1.39737222   0.249550005   0   664.929475   0   577.474222   0.0131348088   0.232291865   1010.28143
9.1101   1.80237337e+34   0.877836629   4.29048994e+14   -0.618269649   1.39777973   0.249352862   0   665.275757   0   577.656074   0.0131195256   0.23212039   1010.16266
9.1151   1.79748804e+34   0.87896194   4.28693373e+14   -0.618344515   1.39818722   0.249155487   0   665.622652   0   577.838253   0.0131042366   0.231948688   1010.04387
9.1201   1.79260597e+34   0.880087551   4.28337372e+14   -0.618419408   1.39859469   0.248957877   0   665.970166   0   578.020761   0.0130889414   0.231776757   1009.92505
9.1251   1.78772719e+34   0.88121346   4.27980986e+14   -0.618494329   1.39900214   0.248760029   0   666.318304   0   578.203603   0.01307364   0.231604593   1009.8062
9.1301   1.7828517e+34   0.882339665   4.27624257e+14   -0.618569276   1.39940957   0.248561966   0   666.667028   0   578.386756   0.0130583341   0.231432217   1009.68735
9.1351   1.77797951e+34   0.883466163   4.27267201e+14   -0.618644251   1.39981697   0.248363697   0   667.01632   0   578.570214   0.0130430244   0.231259637   1009.56848
9.1401   1.77311064e+34   0.884592953   4.2690981e+14   -0.618719253   1.40022435   0.248165219   0   667.36619   0   578.753981   0.0130277107   0.231086849   1009.4496
9.1451   1.76824508e+34   0.885720032   4.26552079e+14   -0.618794282   1.40063171   0.247966526   0   667.716646   0   578.938061   0.0130123927   0.230913849   1009.33072
9.1501   1.76338285e+34   0.886847398   4.26193999e+14   -0.618869338   1.40103904   0.247767615   0   668.067693   0   579.122458   0.01299707   0.230740635   1009.21182
9.1551   1.75852396e+34   0.887975048   4.25835563e+14   -0.618944421   1.40144634   0.247568483   0   668.419341   0   579.307176   0.0129817424   0.230567201   1009.0929
9.1601   1.75366842e+34   0.889102981   4.25476765e+14   -0.619019531   1.40185361   0.247369124   0   668.771596   0   579.492219   0.0129664096   0.230393546   1008.97397
9.1651   1.74881623e+34   0.890231193   4.25117598e+14   -0.619094668   1.40226085   0.247169536   0   669.124467   0   579.677592   0.0129510713   0.230219666   1008.85502
9.1701   1.74396741e+34   0.891359682   4.24758055e+14   -0.619169832   1.40266806   0.246969715   0   669.47796   0   579.863298   0.0129357274   0.230045557   1008.73604
9.1751   1.73912197e+34   0.892488446   4.24398129e+14   -0.619245023   1.40307523   0.246769656   0   669.832083   0   580.049342   0.0129203773   0.229871216   1008.61705
9.1801   1.73427991e+34   0.893617483   4.24037814e+14   -0.61932024   1.40348237   0.246569356   0   670.186844   0   580.235727   0.0129050211   0.229696639   1008.49803
9.1851   1.72944124e+34   0.89474679   4.23677102e+14   -0.619395484   1.40388947   0.246368811   0   670.542249   0   580.422459   0.0128896582   0.229521823   1008.37898
9.1901   1.72460599e+34   0.895876364   4.23316e+14   -0.619470755   1.40429654   0.246168024   0   670.898295   0   580.609534   0.0128742891   0.229346771   1008.25991
9.1951   1.71977414e+34   0.897006204   4.22954557e+14   -0.619546052   1.40470357   0.245967023   0   671.254932   0   580.796927   0.0128589158   0.229171507   1008.14083
9.2001   1.71494572e+34   0.898136306   4.22592773e+14   -0.619621376   1.40511055   0.245765807   0   671.612162   0   580.984639   0.0128435384   0.22899603   1008.02174
9.2051   1.71012074e+34   0.899266669   4.2223064e+14   -0.619696726   1.4055175   0.245564373   0   671.969993   0   581.172675   0.0128281565   0.228820337   1007.90265
9.2101   1.70529919e+34   0.90039729   4.2186815e+14   -0.619772103   1.4059244   0.245362715   0   672.328434   0   581.361038   0.0128127699   0.228644423   1007.78354
9.2151   1.7004811e+34   0.901528166   4.21505296e+14   -0.619847506   1.40633126   0.24516083   0   672.687492   0   581.549735   0.0127973781   0.228468286   1007.66442
9.2201   1.69566646e+34   0.902659296   4.21142071e+14   -0.619922936   1.40673807   0.244958713   0   673.047177   0   581.738769   0.012781981   0.228291921   1007.54528
9.2251   1.6908553e+34   0.903790676   4.20778467e+14   -0.619998391   1.40714484   0.24475636   0   673.407494   0   581.928144   0.0127665782   0.228115324   1007.42613
9.2301   1.68604762e+34   0.904922305   4.20414476e+14   -0.620073873   1.40755155   0.244553767   0   673.768454   0   582.117865   0.0127511695   0.227938493   1007.30695
9.2351   1.68124342e+34   0.906054179   4.20050091e+14   -0.620149382   1.40795822   0.244350931   0   674.130064   0   582.307937   0.0127357545   0.227761422   1007.18776
9.2401   1.67644273e+34   0.907186297   4.19685306e+14   -0.620224916   1.40836484   0.244147845   0   674.492332   0   582.498363   0.0127203329   0.227584109   1007.06854
9.2451   1.67164555e+34   0.908318655   4.19320113e+14   -0.620300477   1.4087714   0.243944508   0   674.855266   0   582.689149   0.0127049045   0.227406551   1006.94929
9.2501   1.66685188e+34   0.909451252   4.18954506e+14   -0.620376063   1.40917791   0.243740915   0   675.218872   0   582.880297   0.0126894691   0.227228743   1006.83002
9.2551   1.66206174e+34   0.910584084   4.18588532e+14   -0.620451676   1.40958436   0.243537093   0   675.583104   0   583.071784   0.0126740286   0.22705071   1006.71073
9.2601   1.65727514e+34   0.911717149   4.18222208e+14   -0.620527314   1.40999076   0.24333305   0   675.947947   0   583.263603   0.0126585838   0.226872458   1006.59144
9.2651   1.65249209e+34   0.912850444   4.17855525e+14   -0.620602978   1.4103971   0.243128783   0   676.31341   0   583.455757   0.0126431343   0.226693983   1006.47214
9.2701   1.64771259e+34   0.913983968   4.17488475e+14   -0.620678668   1.41080338   0.242924285   0   676.679502   0   583.648252   0.0126276797   0.226515282   1006.35283
9.2751   1.64293666e+34   0.915117718   4.17121049e+14   -0.620754384   1.4112096   0.242719553   0   677.046233   0   583.841093   0.0126122199   0.22633635   1006.23351
9.2801   1.63816431e+34   0.916251691   4.16753241e+14   -0.620830126   1.41161575   0.242514582   0   677.413609   0   584.034285   0.0125967543   0.226157184   1006.11417
9.2851   1.63339554e+34   0.917385884   4.1638504e+14   -0.620905893   1.41202184   0.242309367   0   677.781641   0   584.227831   0.0125812828   0.225977778   1005.99481
9.2901   1.62863036e+34   0.918520296   4.16016441e+14   -0.620981686   1.41242787   0.242103905   0   678.150337   0   584.421739   0.012565805   0.225798131   1005.87544
9.2951   1.62386879e+34   0.919654923   4.15647435e+14   -0.621057504   1.41283383   0.24189819   0   678.519706   0   584.616011   0.0125503206   0.225618236   1005.75604
9.3001   1.61911084e+34   0.920789763   4.15278014e+14   -0.621133348   1.41323972   0.241692219   0   678.889756   0   584.810653   0.0125348292   0.225438091   1005.63662
9.3051   1.6143565e+34   0.921924813   4.1490817e+14   -0.621209218   1.41364554   0.241485986   0   679.260497   0   585.005669   0.0125193307   0.225257691   1005.51718
9.3101   1.60960581e+34   0.92306007   4.14537897e+14   -0.621285112   1.41405128   0.241279488   0   679.631934   0   585.201065   0.0125038246   0.225077034   1005.3977
9.3151   1.60485875e+34   0.924195533   4.1416724e+14   -0.621361033   1.41445696   0.241072751   0   680.004024   0   585.396815   0.012488313   0.224896141   1005.27822
9.3201   1.60011535e+34   0.925331197   4.13796221e+14   -0.621436978   1.41486256   0.240865786   0   680.376747   0   585.592911   0.0124727968   0.224715022   1005.15873
9.3251   1.59537562e+34   0.926467062   4.1342483e+14   -0.621512949   1.41526809   0.240658587   0   680.750112   0   585.789357   0.0124572755   0.224533673   1005.03923
9.3301   1.59063955e+34   0.927603123   4.13053058e+14   -0.621588944   1.41567353   0.240451151   0   681.124128   0   585.986158   0.0124417488   0.22435209   1004.91972
9.3351   1.58590717e+34   0.928739379   4.12680897e+14   -0.621664965   1.4160789   0.240243471   0   681.498805   0   586.18332   0.0124262165   0.224170268   1004.8002
9.3401   1.58117848e+34   0.929875827   4.12308338e+14   -0.621741011   1.41648419   0.240035544   0   681.874154   0   586.380849   0.012410678   0.223988203   1004.68066
9.3451   1.57645349e+34   0.931012465   4.11935373e+14   -0.621817083   1.4168894   0.239827364   0   682.250182   0   586.578749   0.0123951332   0.22380589   1004.56111
9.3501   1.57173221e+34   0.932149289   4.11561992e+14   -0.621893179   1.41729452   0.239618927   0   682.6269   0   586.777025   0.0123795816   0.223623325   1004.44154
9.3551   1.56701465e+34   0.933286297   4.11188188e+14   -0.621969299   1.41769956   0.239410227   0   683.004317   0   586.975683   0.0123640229   0.223440504   1004.32194
9.3601   1.56230083e+34   0.934423486   4.10813953e+14   -0.622045445   1.41810451   0.23920126   0   683.382441   0   587.174728   0.0123484568   0.223257423   1004.20233
9.3651   1.55759074e+34   0.935560853   4.10439277e+14   -0.622121616   1.41850937   0.238992022   0   683.761284   0   587.374165   0.012332883   0.223074078   1004.08268
9.3701   1.55288441e+34   0.936698396   4.1006416e+14   -0.622197811   1.41891415   0.23878251   0   684.140846   0   587.573995   0.0123173014   0.222890467   1003.96301
9.3751   1.54818184e+34   0.937836112   4.09688656e+14   -0.622274031   1.41931883   0.238572757   0   684.521073   0   587.77419   0.0123017144   0.222706619   1003.84333
9.3801   1.54348304e+34   0.938973999   4.09312775e+14   -0.622350276   1.41972342   0.238362767   0   684.901957   0   587.974746   0.0122861223   0.222522535   1003.72365
9.3851   1.53878802e+34   0.940112053   4.08936505e+14   -0.622426545   1.42012791   0.238152534   0   685.283508   0   588.17567   0.0122705247   0.222338212   1003.60396
9.3901   1.53409679e+34   0.941250271   4.08559838e+14   -0.622502839   1.42053231   0.237942052   0   685.665738   0   588.376965   0.0122549212   0.222153645   1003.48425
9.3951   1.52940935e+34   0.942388652   4.08182765e+14   -0.622579157   1.42093661   0.237731317   0   686.048657   0   588.578639   0.0122393114   0.22196883   1003.36454
9.4001   1.52472573e+34   0.943527193   4.07805276e+14   -0.622655499   1.42134082   0.237520324   0   686.432273   0   588.780697   0.0122236951   0.221783761   1003.24481
9.4051   1.52004593e+34   0.94466589   4.07427361e+14   -0.622731866   1.42174492   0.237309066   0   686.816599   0   588.983145   0.0122080718   0.221598434   1003.12506
9.4101   1.51536995e+34   0.945804741   4.07049013e+14   -0.622808257   1.42214892   0.23709754   0   687.201643   0   589.185988   0.0121924412   0.221412844   1003.00529
9.4151   1.51069782e+34   0.946943744   4.06670221e+14   -0.622884673   1.42255281   0.236885739   0   687.587416   0   589.389232   0.0121768029   0.221226987   1002.88549
9.4201   1.50602954e+34   0.948082894   4.06290977e+14   -0.622961113   1.4229566   0.236673659   0   687.973929   0   589.592882   0.0121611566   0.221040859   1002.76568
9.4251   1.50136511e+34   0.94922219   4.05911272e+14   -0.623037576   1.42336029   0.236461294   0   688.36119   0   589.796943   0.0121455019   0.220854454   1002.64583
9.4301   1.49670456e+34   0.950361628   4.05531132e+14   -0.623114064   1.42376386   0.23624866   0   688.749173   0   590.001404   0.01212984   0.220667786   1002.52597
9.4351   1.49204788e+34   0.951501206   4.05150604e+14   -0.623190576   1.42416732   0.236035783   0   689.137833   0   590.206238   0.0121141727   0.220480877   1002.4061
9.4401   1.4873951e+34   0.952640921   4.04769678e+14   -0.623267112   1.42457068   0.235822656   0   689.52718   0   590.411453   0.0120984997   0.220293723   1002.28623
9.4451   1.48274621e+34   0.95378077   4.04388345e+14   -0.623343671   1.42497391   0.235609274   0   689.917225   0   590.617054   0.0120828206   0.220106318   1002.16635
9.4501   1.47810123e+34   0.95492075   4.04006593e+14   -0.623420255   1.42537704   0.235395632   0   690.307978   0   590.823047   0.0120671349   0.219918657   1002.04645
9.4551   1.47346018e+34   0.956060859   4.03624414e+14   -0.623496862   1.42578004   0.235181724   0   690.699451   0   591.029439   0.0120514424   0.219730736   1001.92654
9.4601   1.46882305e+34   0.957201093   4.03241797e+14   -0.623573493   1.42618293   0.234967544   0   691.091656   0   591.236235   0.0120357426   0.219542549   1001.80662
9.4651   1.46418986e+34   0.958341451   4.02858732e+14   -0.623650148   1.42658569   0.234753087   0   691.484601   0   591.443442   0.0120200351   0.219354092   1001.68667
9.4701   1.45956062e+34   0.959481928   4.0247521e+14   -0.623726826   1.42698834   0.234538346   0   691.8783   0   591.651066   0.0120043196   0.219165359   1001.56671
9.4751   1.45493533e+34   0.960622522   4.02091222e+14   -0.623803528   1.42739086   0.234323318   0   692.272762   0   591.859112   0.0119885956   0.218976346   1001.44672
9.4801   1.45031402e+34   0.96176323   4.01706756e+14   -0.623880253   1.42779326   0.234107995   0   692.667998   0   592.067587   0.0119728628   0.218787048   1001.3267
9.4851   1.44569669e+34   0.962904049   4.01321824e+14   -0.623957002   1.42819552   0.233892385   0   693.063999   0   592.276486   0.0119571217   0.218597469   1001.20665
9.4901   1.44108335e+34   0.964044975   4.00936486e+14   -0.624033774   1.42859766   0.233676519   0   693.460704   0   592.485777   0.0119413747   0.218407639   1001.08661
9.4951   1.43647401e+34   0.965186007   4.00550737e+14   -0.624110569   1.42899967   0.233460397   0   693.858117   0   592.695464   0.0119256216   0.218217556   1000.96656
9.5001   1.43186868e+34   0.966327141   4.00164567e+14   -0.624187388   1.42940155   0.233244012   0   694.256252   0   592.905552   0.011909862   0.218027215   1000.8465
9.5051   1.42726737e+34   0.967468374   3.99777965e+14   -0.624264229   1.42980329   0.233027357   0   694.655119   0   593.116049   0.0118940956   0.217836609   1000.72643
9.5101   1.42267009e+34   0.968609704   3.99390919e+14   -0.624341094   1.4302049   0.232810427   0   695.054731   0   593.326961   0.0118783218   0.217645734   1000.60634
9.5151   1.41807685e+34   0.969751127   3.9900342e+14   -0.624417982   1.43060637   0.232593216   0   695.455099   0   593.538295   0.0118625403   0.217454585   1000.48624
9.5201   1.41348766e+34   0.970892641   3.98615457e+14   -0.624494893   1.4310077   0.232375717   0   695.856235   0   593.750057   0.0118467506   0.217263155   1000.36612
9.5251   1.40890253e+34   0.972034242   3.98227019e+14   -0.624571827   1.43140889   0.232157924   0   696.258152   0   593.962254   0.0118309524   0.21707144   1000.24598
9.5301   1.40432147e+34   0.973175927   3.97838097e+14   -0.624648784   1.43180993   0.231939833   0   696.66086   0   594.174892   0.0118151452   0.216879434   1000.12581
9.5351   1.3997445e+34   0.974317694   3.97448679e+14   -0.624725763   1.43221083   0.231721436   0   697.064371   0   594.387978   0.0117993287   0.216687132   1000.00562
9.5401   1.39517162e+34   0.975459538   3.97058777e+14   -0.624802766   1.43261159   0.231502741   0   697.468675   0   594.601507   0.0117835033   0.216494539   999.885402
9.5451   1.39060283e+34   0.976601458   3.96668454e+14   -0.624879791   1.4330122   0.231283782   0   697.873707   0   594.815445   0.0117676715   0.216301687   999.765181
9.5501   1.38603817e+34   0.977743449   3.96277705e+14   -0.624956838   1.43341265   0.231064556   0   698.279474   0   595.029795   0.0117518333   0.216108573   999.644954
9.5551   1.38147762e+34   0.97888551   3.95886516e+14   -0.625033909   1.43381296   0.230845056   0   698.685989   0   595.244566   0.0117359881   0.21591519   999.524721
9.5601   1.37692121e+34   0.980027637   3.95494878e+14   -0.625111001   1.43421311   0.230625276   0   699.093264   0   595.459764   0.0117201354   0.215721533   999.404476
9.5651   1.37236894e+34   0.981169827   3.95102778e+14   -0.625188117   1.43461311   0.23040521   0   699.501313   0   595.675396   0.0117042749   0.215527595   999.284217
9.5701   1.36782082e+34   0.982312076   3.94710204e+14   -0.625265254   1.43501295   0.23018485   0   699.910148   0   595.89147   0.011688406   0.215333372   999.163941
9.5751   1.36327686e+34   0.983454383   3.94317147e+14   -0.625342414   1.43541263   0.229964191   0   700.319782   0   596.107993   0.0116725283   0.215138857   999.043645
9.5801   1.35873708e+34   0.984596743   3.93923594e+14   -0.625419596   1.43581215   0.229743226   0   700.730228   0   596.324971   0.0116566415   0.214944045   998.923326
9.5851   1.35420149e+34   0.985739154   3.93529534e+14   -0.625496801   1.43621151   0.229521948   0   701.141498   0   596.542412   0.011640745   0.21474893   998.802982
9.5901   1.34967009e+34   0.986881611   3.93134956e+14   -0.625574027   1.4366107   0.229300352   0   701.553604   0   596.760322   0.0116248385   0.214553506   998.682609
9.5951   1.34514289e+34   0.988024113   3.92739896e+14   -0.625651276   1.43700973   0.229078457   0   701.966511   0   596.978685   0.0116089234   0.214357791   998.562219
9.6001   1.34061992e+34   0.989166656   3.923444e+14   -0.625728546   1.43740858   0.228856289   0   702.380171   0   597.197473   0.0115930015   0.214161808   998.441827
9.6051   1.33610117e+34   0.990309236   3.91948457e+14   -0.625805839   1.43780727   0.228633843   0   702.794596   0   597.416694   0.0115770725   0.213965551   998.321429
9.6101   1.33158665e+34   0.991451851   3.91552054e+14   -0.625883154   1.43820579   0.228411109   0   703.2098   0   597.636357   0.0115611359   0.213769013   998.201023
9.6151   1.32707639e+34   0.992594497   3.91155179e+14   -0.62596049   1.43860413   0.228188083   0   703.625798   0   597.856469   0.0115451911   0.213572189   998.080605
9.6201   1.32257038e+34   0.993737172   3.90757819e+14   -0.626037848   1.4390023   0.227964756   0   704.042603   0   598.077037   0.0115292377   0.213375071   997.960171
9.6251   1.31806863e+34   0.994879872   3.90359963e+14   -0.626115228   1.43940029   0.227741121   0   704.460229   0   598.29807   0.0115132752   0.213177655   997.839719
9.6301   1.31357117e+34   0.996022593   3.89961598e+14   -0.626192629   1.4397981   0.227517173   0   704.878689   0   598.519575   0.0114973032   0.212979933   997.719246
9.6351   1.30907799e+34   0.997165334   3.89562712e+14   -0.626270052   1.44019572   0.227292904   0   705.297997   0   598.741559   0.0114813212   0.2127819   997.598749
9.6401   1.30458912e+34   0.998308089   3.89163293e+14   -0.626347496   1.44059317   0.227068306   0   705.718167   0   598.96403   0.0114653287   0.21258355   997.478224
9.6451   1.30010456e+34   0.999450856   3.88763341e+14   -0.626424962   1.44099043   0.226843381   0   706.139199   0   599.18699   0.0114493258   0.212384882   997.357672
9.6501   1.29562432e+34   1.00059363   3.88362927e+14   -0.62650245   1.4413875   0.226618167   0   706.561021   0   599.4104   0.0114333152   0.21218593   997.237115
9.6551   1.29114841e+34   1.00173641   3.87962053e+14   -0.626579958   1.44178438   0.226392666   0   706.98363   0   599.634259   0.0114172972   0.211986698   997.116555
9.6601   1.28667684e+34   1.0028792   3.87560707e+14   -0.626657488   1.44218107   0.226166871   0   707.40704   0   599.858576   0.0114012712   0.211787177   996.995987
9.6651   1.28220962e+34   1.00402198   3.87158875e+14   -0.626735039   1.44257757   0.225940775   0   707.831266   0   600.083358   0.0113852367   0.211587362   996.875409
9.6701   1.27774677e+34   1.00516475   3.86756544e+14   -0.626812611   1.44297387   0.225714368   0   708.256325   0   600.308614   0.0113691932   0.211387244   996.754818
9.6751   1.2732883e+34   1.00630752   3.863537e+14   -0.626890204   1.44336998   0.225487645   0   708.682229   0   600.534353   0.0113531402   0.211186819   996.634208
9.6801   1.2688342e+34   1.00745028   3.85950332e+14   -0.626967818   1.44376588   0.225260598   0   709.108994   0   600.760582   0.0113370771   0.210986079   996.513579
9.6851   1.2643845e+34   1.00859303   3.85546425e+14   -0.627045453   1.44416159   0.225033219   0   709.536635   0   600.98731   0.0113210036   0.210785017   996.392925
9.6901   1.25993921e+34   1.00973575   3.85141967e+14   -0.627123109   1.44455709   0.224805501   0   709.965165   0   601.214545   0.011304919   0.210583627   996.272245
9.6951   1.25549834e+34   1.01087846   3.84736948e+14   -0.627200786   1.44495239   0.224577439   0   710.394597   0   601.442294   0.0112888231   0.210381904   996.151535
9.7001   1.2510619e+34   1.01202113   3.84331433e+14   -0.627278483   1.44534748   0.224349068   0   710.824863   0   601.670522   0.0112727184   0.21017988   996.030816
9.7051   1.24662989e+34   1.01316379   3.83925444e+14   -0.627356201   1.44574236   0.224120402   0   711.255941   0   601.899216   0.0112566059   0.209977566   995.910095
9.7101   1.24220234e+34   1.0143064   3.83518965e+14   -0.62743394   1.44613703   0.223891431   0   711.687846   0   602.128387   0.0112404848   0.209774954   995.789367
9.7151   1.23777924e+34   1.01544899   3.83111984e+14   -0.627511699   1.44653148   0.223662147   0   712.120595   0   602.358043   0.0112243548   0.209572037   995.66863
9.7201   1.23336062e+34   1.01659153   3.82704485e+14   -0.627589479   1.44692572   0.223432544   0   712.554204   0   602.588192   0.0112082152   0.209368808   995.547879
9.7251   1.22894647e+34   1.01773404   3.82296454e+14   -0.627667279   1.44731974   0.223202611   0   712.988689   0   602.818846   0.0111920655   0.20916526   995.427111
9.7301   1.22453682e+34   1.0188765   3.81887878e+14   -0.627745099   1.44771355   0.222972342   0   713.424066   0   603.050011   0.0111759051   0.208961385   995.306323
9.7351   1.22013168e+34   1.02001891   3.81478743e+14   -0.62782294   1.44810713   0.222741729   0   713.860349   0   603.281697   0.0111597337   0.208757176   995.185511
9.7401   1.21573104e+34   1.02116126   3.81069035e+14   -0.6279008   1.44850049   0.222510763   0   714.297556   0   603.513913   0.0111435505   0.208552627   995.064672
9.7451   1.21133494e+34   1.02230356   3.80658742e+14   -0.627978681   1.44889362   0.222279439   0   714.735698   0   603.746666   0.0111273553   0.208347732   994.943803
9.7501   1.20694337e+34   1.0234458   3.80247934e+14   -0.628056582   1.44928652   0.222047795   0   715.174704   0   603.979919   0.0111111506   0.208142524   994.822924
9.7551   1.20255635e+34   1.02458798   3.79836632e+14   -0.628134503   1.44967919   0.221815843   0   715.614551   0   604.21366   0.0110949375   0.207937015   994.702044
9.7601   1.19817389e+34   1.02573009   3.7942482e+14   -0.628212443   1.45007163   0.221583574   0   716.055257   0   604.447899   0.0110787153   0.207731197   994.581157
9.7651   1.193796e+34   1.02687213   3.79012483e+14   -0.628290404   1.45046384   0.22135098   0   716.496839   0   604.682646   0.0110624834   0.207525061   994.460261
9.7701   1.18942269e+34   1.0280141   3.78599607e+14   -0.628368384   1.45085581   0.221118051   0   716.939315   0   604.91791   0.0110462413   0.2073186   994.339351
9.7751   1.18505397e+34   1.02915599   3.78186175e+14   -0.628446384   1.45124754   0.22088478   0   717.3827   0   605.153701   0.0110299883   0.207111806   994.218423
9.7801   1.18068985e+34   1.03029779   3.77772172e+14   -0.628524404   1.45163903   0.220651158   0   717.827013   0   605.390029   0.0110137239   0.206904672   994.097474
9.7851   1.17633035e+34   1.03143952   3.77357585e+14   -0.628602443   1.45203028   0.220417175   0   718.272271   0   605.626904   0.0109974475   0.20669719   993.9765
9.7901   1.17197547e+34   1.03258115   3.76942398e+14   -0.628680502   1.45242128   0.220182825   0   718.718489   0   605.864335   0.0109811586   0.206489353   993.855498
9.7951   1.16762523e+34   1.0337227   3.7652661e+14   -0.62875858   1.45281204   0.219948105   0   719.165671   0   606.102323   0.0109648571   0.206281159   993.734468
9.8001   1.16327963e+34   1.03486414   3.76110301e+14   -0.628836677   1.45320254   0.219713062   0   719.613731   0   606.340825   0.0109485463   0.206072649   993.613433
9.8051   1.1589387e+34   1.03600549   3.75693473e+14   -0.628914794   1.4535928   0.219477696   0   720.062667   0   606.579839   0.0109322261   0.205863823   993.492396
9.8101   1.15460244e+34   1.03714673   3.75276111e+14   -0.62899293   1.45398279   0.219241998   0   720.512499   0   606.819377   0.0109158961   0.205654674   993.371351
9.8151   1.15027085e+34   1.03828787   3.74858197e+14   -0.629071085   1.45437254   0.219005959   0   720.963245   0   607.059449   0.0108995555   0.205445192   993.250296
9.8201   1.14594396e+34   1.0394289   3.74439715e+14   -0.629149259   1.45476202   0.218769569   0   721.414923   0   607.300065   0.0108832037   0.20523537   993.129225
9.8251   1.14162177e+34   1.04056981   3.74020649e+14   -0.629227452   1.45515124   0.218532819   0   721.867551   0   607.541237   0.0108668402   0.205025199   993.008135
9.8301   1.1373043e+34   1.04171061   3.73600983e+14   -0.629305664   1.45554021   0.2182957   0   722.321149   0   607.782973   0.0108504642   0.204814671   992.887022
9.8351   1.13299155e+34   1.04285128   3.73180701e+14   -0.629383895   1.4559289   0.218058203   0   722.775734   0   608.025286   0.0108340753   0.204603778   992.765883
9.8401   1.12868354e+34   1.04399183   3.72759787e+14   -0.629462144   1.45631733   0.217820319   0   723.231324   0   608.268184   0.0108176728   0.204392512   992.644712
9.8451   1.12438028e+34   1.04513224   3.72338283e+14   -0.629540413   1.45670548   0.21758207   0   723.687876   0   608.511646   0.0108012584   0.204180893   992.523524
9.8501   1.12008178e+34   1.04627253   3.71916247e+14   -0.629618699   1.45709337   0.217343492   0   724.145326   0   608.755638   0.0107848343   0.20396895   992.402335
9.8551   1.11578805e+34   1.04741268   3.71493663e+14   -0.629697005   1.45748098   0.217104572   0   724.603694   0   609.000172   0.0107684   0.203756676   992.281141
9.8601   1.11149911e+34   1.04855268   3.71070512e+14   -0.629775329   1.45786831   0.216865302   0   725.063001   0   609.245258   0.0107519547   0.20354406   992.159939
9.8651   1.10721495e+34   1.04969254   3.70646777e+14   -0.629853671   1.45825537   0.216625671   0   725.523266   0   609.49091   0.0107354977   0.203331095   992.038723
9.8701   1.10293561e+34   1.05083226   3.70222441e+14   -0.629932032   1.45864214   0.21638567   0   725.984509   0   609.737137   0.0107190285   0.20311777   991.917489
9.8751   1.09866108e+34   1.05197182   3.69797486e+14   -0.630010411   1.45902863   0.216145288   0   726.44675   0   609.983951   0.0107025464   0.202904077   991.796233
9.8801   1.09439138e+34   1.05311122   3.69371896e+14   -0.630088808   1.45941483   0.215904516   0   726.910008   0   610.231363   0.0106860506   0.202690008   991.674952
9.8851   1.09012652e+34   1.05425046   3.68945652e+14   -0.630167223   1.45980075   0.215663344   0   727.374303   0   610.479384   0.0106695407   0.202475553   991.55364
9.8901   1.08586652e+34   1.05538954   3.68518765e+14   -0.630245656   1.46018637   0.215421778   0   727.839626   0   610.728011   0.010653017   0.202260718   991.432302
9.8951   1.08161138e+34   1.05652845   3.6809132e+14   -0.630324107   1.4605717   0.215179864   0   728.305884   0   610.977195   0.0106364827   0.202045544   991.310963
9.9001   1.07736111e+34   1.05766719   3.67663309e+14   -0.630402577   1.46095673   0.2149376   0   728.773088   0   611.226941   0.0106199376   0.201830028   991.18962
9.9051   1.07311573e+34   1.05880575   3.67234712e+14   -0.630481063   1.46134146   0.214694973   0   729.24126   0   611.477263   0.010603381   0.201614159   991.06827
9.9101   1.06887525e+34   1.05994413   3.66805511e+14   -0.630559568   1.4617259   0.214451973   0   729.71042   0   611.728172   0.0105868122   0.201397929   990.946907
9.9151   1.06463968e+34   1.06108233   3.66375686e+14   -0.63063809   1.46211003   0.214208589   0   730.180591   0   611.979681   0.0105702304   0.201181327   990.825527
9.9201   1.06040904e+34   1.06222033   3.6594522e+14   -0.63071663   1.46249386   0.213964811   0   730.651793   0   612.231802   0.0105536349   0.200964343   990.704125
9.9251   1.05618332e+34   1.06335815   3.65514094e+14   -0.630795188   1.46287737   0.213720628   0   731.124047   0   612.484547   0.0105370251   0.20074697   990.582698
9.9301   1.05196255e+34   1.06449577   3.65082289e+14   -0.630873762   1.46326058   0.21347603   0   731.597375   0   612.737928   0.0105204004   0.200529196   990.461241
9.9351   1.04774674e+34   1.06563319   3.64649808e+14   -0.630952355   1.46364347   0.213231017   0   732.071776   0   612.991946   0.0105037607   0.200311023   990.339754
9.9401   1.0435359e+34   1.0667704   3.64216741e+14   -0.631030964   1.46402605   0.212985641   0   732.547151   0   613.246548   0.0104871095   0.200092496   990.218266
9.9451   1.03933005e+34   1.0679074   3.63783085e+14   -0.631109591   1.46440831   0.2127399   0   733.023505   0   613.501737   0.0104704469   0.199873614   990.096775
9.9501   1.03512918e+34   1.06904419   3.63348819e+14   -0.631188235   1.46479025   0.212493783   0   733.50086   0   613.757528   0.010453772   0.199654366   989.975276
9.9551   1.03093332e+34   1.07018077   3.62913924e+14   -0.631266895   1.46517187   0.212247277   0   733.979241   0   614.013934   0.010437084   0.199434741   989.853765
9.9601   1.02674247e+34   1.07131712   3.62478378e+14   -0.631345573   1.46555316   0.212000371   0   734.458669   0   614.270966   0.0104203822   0.19921473   989.732237
9.9651   1.02255666e+34   1.07245325   3.62042163e+14   -0.631424268   1.46593412   0.211753054   0   734.939169   0   614.52864   0.0104036658   0.198994322   989.610686
9.9701   1.01837588e+34   1.07358914   3.61605258e+14   -0.631502979   1.46631476   0.211505314   0   735.420762   0   614.786967   0.0103869342   0.198773506   989.489109
9.9751   1.01420016e+34   1.07472481   3.61167645e+14   -0.631581708   1.46669506   0.211257141   0   735.903471   0   615.045962   0.0103701866   0.198552273   989.367501
9.9801   1.01002951e+34   1.07586023   3.60729334e+14   -0.631660453   1.46707502   0.211008541   0   736.387285   0   615.305617   0.0103534235   0.198330629   989.245866
9.9851   1.00586393e+34   1.07699541   3.60290417e+14   -0.631739214   1.46745464   0.210759565   0   736.872102   0   615.565881   0.0103366483   0.19810862   989.124231
9.9901   1.00170344e+34   1.07813035   3.59850883e+14   -0.631817992   1.46783393   0.210510208   0   737.357937   0   615.826762   0.0103198607   0.197886239   989.002592
9.9951   9.97548052e+33   1.07926503   3.5941071e+14   -0.631896786   1.46821287   0.210260456   0   737.844815   0   616.088273   0.0103030599   0.197663476   988.880945
10.0001   9.93397777e+33   1.08039946   3.58969875e+14   -0.631975597   1.46859146   0.210010297   0   738.332762   0   616.350431   0.0102862449   0.197440318   988.759284
10.0051   9.89252628e+33   1.08153363   3.58528358e+14   -0.632054424   1.46896971   0.209759718   0   738.8218   0   616.613248   0.0102694151   0.197216756   988.637605
10.0101   9.85112616e+33   1.08266753   3.58086137e+14   -0.632133267   1.4693476   0.209508708   0   739.311956   0   616.87674   0.0102525696   0.196992777   988.515902
10.0151   9.80977754e+33   1.08380117   3.57643191e+14   -0.632212127   1.46972514   0.209257255   0   739.803254   0   617.140919   0.0102357077   0.196768371   988.39417
10.0201   9.76848056e+33   1.08493453   3.57199499e+14   -0.632291002   1.47010232   0.209005346   0   740.295717   0   617.405801   0.0102188286   0.196543528   988.272406
10.0251   9.72723533e+33   1.08606761   3.56755115e+14   -0.632369893   1.47047914   0.208753012   0   740.789286   0   617.671354   0.0102019343   0.196318275   988.150624
10.0301   9.68604198e+33   1.08720041   3.56310103e+14   -0.6324488   1.4708556   0.208500289   0   741.283893   0   617.937542   0.0101850273   0.196092642   988.028843
10.0351   9.64490063e+33   1.08833293   3.55864438e+14   -0.632527723   1.4712317   0.208247163   0   741.779565   0   618.204381   0.0101681067   0.195866619   987.907057
10.0401   9.60381139e+33   1.08946515   3.55418097e+14   -0.632606662   1.47160742   0.20799362   0   742.276329   0   618.471886   0.0101511716   0.195640193   987.78526
10.0451   9.5627744e+33   1.09059708   3.54971057e+14   -0.632685616   1.47198278   0.207739648   0   742.774211   0   618.740073   0.0101342211   0.195413351   987.663448
10.0501   9.52178976e+33   1.09172871   3.54523295e+14   -0.632764586   1.47235776   0.207485234   0   743.273238   0   619.008958   0.0101172545   0.195186083   987.541614
10.0551   9.48085762e+33   1.09286004   3.54074788e+14   -0.632843571   1.47273237   0.207230363   0   743.773436   0   619.278555   0.0101002708   0.194958376   987.419754
10.0601   9.4399781e+33   1.09399105   3.53625513e+14   -0.632922572   1.4731066   0.206975024   0   744.274832   0   619.54888   0.0100832692   0.194730218   987.297863
10.0651   9.39915133e+33   1.09512176   3.5317547e+14   -0.633001588   1.47348044   0.206719215   0   744.777427   0   619.819935   0.0100662498   0.19450161   987.175941
10.0701   9.35837745e+33   1.09625214   3.52724762e+14   -0.633080619   1.47385391   0.206462996   0   745.281107   0   620.091659   0.0100492164   0.194272603   987.054017
10.0751   9.31765657e+33   1.0973822   3.52273383e+14   -0.633159665   1.47422698   0.206206363   0   745.785878   0   620.364057   0.0100321689   0.194043194   986.93209
10.0801   9.27698881e+33   1.09851194   3.51821309e+14   -0.633238726   1.47459966   0.205949302   0   746.29177   0   620.637146   0.0100151063   0.193813371   986.810156
10.0851   9.23637429e+33   1.09964134   3.51368515e+14   -0.633317802   1.47497196   0.205691798   0   746.798811   0   620.910943   0.00999802777   0.19358312   986.688207
10.0901   9.19581315e+33   1.1007704   3.50914976e+14   -0.633396893   1.47534385   0.205433837   0   747.307031   0   621.185463   0.00998093229   0.193352429   986.566239
10.0951   9.15530551e+33   1.10189913   3.50460667e+14   -0.633475999   1.47571535   0.205175406   0   747.816456   0   621.460724   0.00996381901   0.193121285   986.444246
10.1001   9.11485151e+33   1.1030275   3.50005564e+14   -0.63355512   1.47608644   0.20491649   0   748.327116   0   621.736742   0.00994668705   0.192889675   986.322222
10.1051   9.07445129e+33   1.10415553   3.49549649e+14   -0.633634255   1.47645714   0.204657079   0   748.839032   0   622.013531   0.00992953571   0.19265759   986.200164
10.1101   9.03410496e+33   1.1052832   3.49093017e+14   -0.633713405   1.47682742   0.204397226   0   749.352097   0   622.291033   0.00991236863   0.192425079   986.078098
10.1151   8.99381267e+33   1.10641051   3.48635692e+14   -0.633792569   1.47719729   0.204136946   0   749.866287   0   622.569236   0.00989518672   0.192192152   985.956032
10.1201   8.95357452e+33   1.10753745   3.48177647e+14   -0.633871747   1.47756675   0.203876223   0   750.381631   0   622.848158   0.00987798896   0.191958797   985.833958
10.1251   8.91339065e+33   1.10866402   3.47718856e+14   -0.63395094   1.4779358   0.203615042   0   750.898162   0   623.127817   0.00986077438   0.191724999   985.711872
10.1301   8.87326119e+33   1.10979022   3.4725929e+14   -0.634030147   1.47830442   0.203353386   0   751.415909   0   623.408232   0.00984354198   0.191490744   985.589767
10.1351   8.83318626e+33   1.11091604   3.46798925e+14   -0.634109368   1.47867262   0.203091242   0   751.934905   0   623.68942   0.00982629081   0.191256019   985.467637
10.1401   8.79316601e+33   1.11204148   3.46337733e+14   -0.634188603   1.4790404   0.202828594   0   752.455177   0   623.971398   0.00980901993   0.191020811   985.345476
10.1451   8.75320058e+33   1.11316652   3.45875694e+14   -0.634267853   1.47940775   0.202565429   0   752.976754   0   624.254183   0.00979172849   0.190785106   985.22328
10.1501   8.71329009e+33   1.11429117   3.45412898e+14   -0.634347115   1.47977467   0.202301799   0   753.499532   0   624.53772   0.00977441999   0.190548954   985.101074
10.1551   8.67343468e+33   1.11541542   3.4494938e+14   -0.634426392   1.48014115   0.202037725   0   754.023473   0   624.821989   0.00975709572   0.19031237   984.978869
10.1601   8.63363447e+33   1.11653926   3.44485111e+14   -0.634505682   1.48050719   0.201773188   0   754.548611   0   625.107011   0.00973975461   0.190075339   984.856656
10.1651   8.59388959e+33   1.11766269   3.44020062e+14   -0.634584986   1.4808728   0.201508173   0   755.074979   0   625.392805   0.00972239558   0.189837846   984.734431
10.1701   8.55420018e+33   1.11878571   3.43554204e+14   -0.634664304   1.48123796   0.201242664   0   755.60261   0   625.679391   0.0097050176   0.189599878   984.612186
10.1751   8.51456636e+33   1.11990831   3.43087509e+14   -0.634743635   1.48160268   0.200976644   0   756.131537   0   625.966786   0.00968761965   0.189361418   984.489916
10.1801   8.47498829e+33   1.12103049   3.4261995e+14   -0.634822979   1.48196694   0.200710096   0   756.661793   0   626.255012   0.00967020071   0.189122453   984.367614
10.1851   8.43546609e+33   1.12215223   3.42151508e+14   -0.634902336   1.48233076   0.200443011   0   757.1934   0   626.544081   0.0096527601   0.188882973   984.245277
10.1901   8.39599991e+33   1.12327354   3.41682291e+14   -0.634981707   1.48269411   0.200175451   0   757.726234   0   626.833928   0.0096353019   0.188643033   984.122934
10.1951   8.35658988e+33   1.12439441   3.41212316e+14   -0.63506109   1.48305701   0.199907423   0   758.26028   0   627.124545   0.00961782672   0.188402641   984.00059
10.2001   8.31723613e+33   1.12551483   3.40741551e+14   -0.635140487   1.48341945   0.199638911   0   758.795572   0   627.415953   0.00960033341   0.188161781   983.878239
10.2051   8.27793879e+33   1.1266348   3.40269965e+14   -0.635219896   1.48378142   0.199369896   0   759.332147   0   627.708174   0.00958282085   0.187920436   983.755873
10.2101   8.23869799e+33   1.12775432   3.39797528e+14   -0.635299318   1.48414292   0.199100361   0   759.87004   0   628.001229   0.00956528792   0.187678591   983.633486
10.2151   8.19951389e+33   1.12887337   3.3932421e+14   -0.635378753   1.48450395   0.198830288   0   760.409286   0   628.295137   0.00954773354   0.187436231   983.511072
10.2201   8.16038661e+33   1.12999196   3.38849981e+14   -0.635458201   1.4848645   0.198559662   0   760.949921   0   628.58992   0.00953015661   0.187193339   983.388624
10.2251   8.12131631e+33   1.13111007   3.38374849e+14   -0.635537661   1.48522458   0.198288485   0   761.491934   0   628.885574   0.00951255751   0.18694992   983.266145
10.2301   8.08230312e+33   1.13222771   3.37898933e+14   -0.635617133   1.48558417   0.198016826   0   762.035193   0   629.182029   0.00949494058   0.186706034   983.143667
10.2351   8.04334718e+33   1.13334486   3.37422213e+14   -0.635696618   1.48594328   0.197744674   0   762.57972   0   629.479298   0.00947730516   0.186461672   983.021186
10.2401   8.00444862e+33   1.13446153   3.36944657e+14   -0.635776115   1.4863019   0.197472008   0   763.125554   0   629.777403   0.00945965002   0.186216814   982.898696
10.2451   7.96560758e+33   1.1355777   3.3646623e+14   -0.635855624   1.48666003   0.197198811   0   763.672733   0   630.076369   0.00944197398   0.185971445   982.776188
10.2501   7.92682419e+33   1.13669338   3.359869e+14   -0.635935145   1.48701766   0.196925064   0   764.221295   0   630.376216   0.00942427584   0.185725548   982.653656
10.2551   7.88809861e+33   1.13780854   3.35506637e+14   -0.636014678   1.48737479   0.196650748   0   764.771277   0   630.676968   0.00940655445   0.185479105   982.531092
10.2601   7.84943099e+33   1.1389232   3.35025408e+14   -0.636094223   1.48773143   0.196375845   0   765.322715   0   630.978645   0.00938880871   0.185232101   982.408492
10.2651   7.81082146e+33   1.14003734   3.34543309e+14   -0.63617378   1.48808756   0.19610041   0   765.875502   0   631.281191   0.00937104216   0.184984584   982.285879
10.2701   7.77227017e+33   1.14115097   3.34060388e+14   -0.636253348   1.48844317   0.19582447   0   766.429582   0   631.584578   0.00935325656   0.184736579   982.163268
10.2751   7.73377725e+33   1.14226406   3.33576608e+14   -0.636332928   1.48879828   0.195548004   0   766.984999   0   631.888831   0.00933545059   0.184488067   982.04065
10.2801   7.69534285e+33   1.14337662   3.33091934e+14   -0.63641252   1.48915287   0.195270992   0   767.541794   0   632.193973   0.00931762296   0.184239028   981.918019
10.2851   7.6569671e+33   1.14448864   3.32606331e+14   -0.636492123   1.48950695   0.194993413   0   768.100007   0   632.50003   0.00929977242   0.183989446   981.795365
10.2901   7.61865015e+33   1.14560012   3.32119764e+14   -0.636571737   1.4898605   0.194715247   0   768.659679   0   632.807026   0.0092818977   0.183739301   981.672682
10.2951   7.58039216e+33   1.14671105   3.31632198e+14   -0.636651362   1.49021352   0.194436475   0   769.220851   0   633.114985   0.00926399759   0.183488575   981.549964
10.3001   7.54219328e+33   1.14782143   3.31143671e+14   -0.636730999   1.49056602   0.194157117   0   769.783481   0   633.423886   0.00924607342   0.183237288   981.42722
10.3051   7.50405364e+33   1.14893124   3.30654292e+14   -0.636810646   1.49091798   0.193877236   0   770.347444   0   633.733663   0.00922812924   0.182985495   981.304479
10.3101   7.4659734e+33   1.15004049   3.30164025e+14   -0.636890305   1.4912694   0.193596812   0   770.912779   0   634.044339   0.00921016381   0.182733178   981.181734
10.3151   7.42795268e+33   1.15114916   3.29672834e+14   -0.636969974   1.49162029   0.193315823   0   771.479533   0   634.355941   0.00919217576   0.182480318   981.058976
10.3201   7.38999165e+33   1.15225726   3.29180681e+14   -0.637049654   1.49197063   0.193034247   0   772.047747   0   634.668495   0.00917416371   0.182226894   980.936199
10.3251   7.35209044e+33   1.15336477   3.28687527e+14   -0.637129344   1.49232042   0.192752063   0   772.617467   0   634.982027   0.00915612635   0.181972887   980.813394
10.3301   7.31424922e+33   1.15447169   3.28193337e+14   -0.637209045   1.49266967   0.19246925   0   773.188735   0   635.296564   0.00913806233   0.181718277   980.690554
10.3351   7.27646814e+33   1.15557801   3.27698124e+14   -0.637288757   1.49301836   0.192185814   0   773.761536   0   635.6121   0.00911997217   0.181463072   980.567682
10.3401   7.23874735e+33   1.15668373   3.27202015e+14   -0.637368479   1.49336649   0.19190183   0   774.335724   0   635.928554   0.00910186059   0.181207338   980.444814
10.3451   7.20108699e+33   1.15778884   3.26704985e+14   -0.637448211   1.49371405   0.191617282   0   774.911328   0   636.245948   0.00908372662   0.180951059   980.321943
10.3501   7.1634872e+33   1.15889334   3.26206991e+14   -0.637527953   1.49406106   0.191332146   0   775.488399   0   636.56431   0.00906556877   0.180694214   980.19906
10.3551   7.12594815e+33   1.15999722   3.25707994e+14   -0.637607705   1.49440749   0.191046399   0   776.066982   0   636.883667   0.00904738559   0.180436783   980.076158
10.3601   7.08846997e+33   1.16110047   3.25207953e+14   -0.637687467   1.49475335   0.190760017   0   776.647125   0   637.204049   0.00902917564   0.180178744   979.953228
10.3651   7.05105284e+33   1.16220308   3.24706828e+14   -0.637767239   1.49509863   0.190472978   0   777.228873   0   637.525483   0.00901093752   0.179920076   979.830262
10.3701   7.01369691e+33   1.16330506   3.24204638e+14   -0.637847021   1.49544334   0.190185292   0   777.812209   0   637.847962   0.00899267188   0.179660789   979.707266
10.3751   6.97640233e+33   1.16440639   3.23701514e+14   -0.637926812   1.49578745   0.189897034   0   778.396979   0   638.171403   0.00897438352   0.179400949   979.584274
10.3801   6.93916926e+33   1.16550707   3.23197423e+14   -0.638006613   1.49613098   0.189608185   0   778.983221   0   638.49583   0.0089560713   0.17914054   979.461279
10.3851   6.90199783e+33   1.16660709   3.22692321e+14   -0.638086424   1.49647392   0.189318719   0   779.570987   0   638.821273   0.00893773363   0.178879538   979.338272
10.3901   6.86488821e+33   1.16770645   3.22186165e+14   -0.638166243   1.49681626   0.189028613   0   780.160327   0   639.147764   0.00891936895   0.178617922   979.215244
10.3951   6.82784056e+33   1.16880514   3.21678912e+14   -0.638246072   1.497158   0.18873784   0   780.751292   0   639.475332   0.00890097575   0.178355667   979.092187
10.4001   6.79085504e+33   1.16990315   3.21170521e+14   -0.63832591   1.49749914   0.188446377   0   781.343932   0   639.804008   0.00888255252   0.178092753   978.969092
10.4051   6.75393181e+33   1.17100047   3.20661046e+14   -0.638405757   1.49783967   0.188154256   0   781.93818   0   640.13376   0.00886410133   0.177829208   978.845975
10.4101   6.71707103e+33   1.17209711   3.20150596e+14   -0.638485613   1.49817958   0.187861539   0   782.533914   0   640.464519   0.00884562607   0.177565087   978.722862
10.4151   6.68027285e+33   1.17319305   3.19639124e+14   -0.638565478   1.49851888   0.187568197   0   783.131185   0   640.796319   0.0088271251   0.177300365   978.599745
10.4201   6.64353743e+33   1.17428828   3.19126583e+14   -0.638645351   1.49885756   0.187274205   0   783.73005   0   641.129193   0.00880859674   0.177035019   978.476615
10.4251   6.60686492e+33   1.17538281   3.18612928e+14   -0.638725233   1.49919562   0.186979536   0   784.330563   0   641.463173   0.00879003934   0.176769024   978.35346
10.4301   6.57025549e+33   1.17647662   3.18098111e+14   -0.638805124   1.49953305   0.186684164   0   784.932778   0   641.798294   0.00877145128   0.176502355   978.230274
10.4351   6.53370932e+33   1.17756971   3.17582097e+14   -0.638885023   1.49986985   0.186388066   0   785.536737   0   642.134582   0.00875283125   0.176234994   978.107048
10.4401   6.49722657e+33   1.17866206   3.17065021e+14   -0.63896493   1.50020601   0.18609132   0   786.142284   0   642.471952   0.00873418416   0.17596701   977.983817
10.4451   6.46080738e+33   1.17975368   3.16546907e+14   -0.639044846   1.50054153   0.185793941   0   786.749389   0   642.81039   0.00871551092   0.175698415   977.860588
10.4501   6.42445193e+33   1.18084456   3.16027704e+14   -0.639124769   1.5008764   0.185495899   0   787.358112   0   643.149934   0.0086968097   0.175429183   977.737352
10.4551   6.38816038e+33   1.18193468   3.15507363e+14   -0.639204701   1.50121063   0.185197165   0   787.968512   0   643.490619   0.00867807874   0.175159287   977.614097
10.4601   6.35193288e+33   1.18302405   3.14985833e+14   -0.63928464   1.50154421   0.184897711   0   788.580647   0   643.83248   0.00865931627   0.174888701   977.490815
10.4651   6.31576962e+33   1.18411266   3.14463067e+14   -0.639364587   1.50187712   0.184597508   0   789.194574   0   644.175553   0.00864052059   0.1746174   977.367496
10.4701   6.27967077e+33   1.18520049   3.13939099e+14   -0.639444542   1.50220938   0.184296576   0   789.810252   0   644.519818   0.00862169295   0.174345401   977.244149
10.4751   6.24363649e+33   1.18628755   3.13414063e+14   -0.639524504   1.50254097   0.183994993   0   790.427524   0   644.865191   0.00860283822   0.174072774   977.120809
10.4801   6.20766695e+33   1.18737382   3.12887911e+14   -0.639604474   1.50287189   0.18369273   0   791.046445   0   645.211705   0.00858395471   0.173799493   976.997467
10.4851   6.1717623e+33   1.1884593   3.1236059e+14   -0.639684451   1.50320214   0.183389756   0   791.667079   0   645.5594   0.00856504049   0.173525531   976.874111
10.4901   6.13592273e+33   1.18954398   3.11832047e+14   -0.639764435   1.50353171   0.183086042   0   792.289489   0   645.908315   0.00854609369   0.173250858   976.750731
10.4951   6.1001484e+33   1.19062785   3.11302228e+14   -0.639844427   1.50386059   0.182781555   0   792.913736   0   646.258486   0.00852711245   0.172975447   976.627317
10.5001   6.06443949e+33   1.19171091   3.10771114e+14   -0.639924425   1.50418879   0.182476285   0   793.539845   0   646.609932   0.00850809605   0.172699288   976.503867
10.5051   6.02879619e+33   1.19279315   3.10238865e+14   -0.640004431   1.5045163   0.182170324   0   794.167625   0   646.962549   0.00848905032   0.172422463   976.380419
10.5101   5.99321865e+33   1.19387456   3.09705467e+14   -0.640084443   1.5048431   0.181863662   0   794.797094   0   647.316351   0.0084699747   0.172144964   976.256973
10.5151   5.95770704e+33   1.19495513   3.0917086e+14   -0.640164461   1.50516921   0.181556267   0   795.428321   0   647.67138   0.00845086714   0.17186676   976.133517
10.5201   5.92226153e+33   1.19603487   3.08634987e+14   -0.640244487   1.50549462   0.181248104   0   796.061373   0   648.027678   0.0084317256   0.171587821   976.01004
10.5251   5.88688232e+33   1.19711375   3.08097792e+14   -0.640324518   1.50581931   0.180939142   0   796.696316   0   648.385285   0.00841254811   0.171308118   975.88653
10.5301   5.85156958e+33   1.19819177   3.07559234e+14   -0.640404557   1.50614329   0.180629355   0   797.333201   0   648.744235   0.0083933332   0.171027627   975.762982
10.5351   5.81632349e+33   1.19926893   3.07019469e+14   -0.640484601   1.50646655   0.180318836   0   797.971839   0   649.104424   0.00837408654   0.170746431   975.639433
10.5401   5.78114423e+33   1.20034521   3.0647851e+14   -0.640564651   1.50678909   0.180007589   0   798.612218   0   649.46585   0.00835480853   0.170464536   975.515888
10.5451   5.74603196e+33   1.20142062   3.05936293e+14   -0.640644708   1.5071109   0.179695578   0   799.25441   0   649.828557   0.00833549699   0.170181907   975.392334
10.5501   5.71098686e+33   1.20249514   3.05392758e+14   -0.64072477   1.50743198   0.179382769   0   799.898487   0   650.192591   0.00831614974   0.169898513   975.268761
10.5551   5.67600913e+33   1.20356876   3.04847843e+14   -0.640804838   1.50775232   0.179069126   0   800.544522   0   650.557997   0.00829676466   0.169614321   975.145157
10.5601   5.64109895e+33   1.20464147   3.04301503e+14   -0.640884912   1.50807191   0.178754623   0   801.192567   0   650.924808   0.00827734017   0.169329307   975.021513
10.5651   5.60625651e+33   1.20571328   3.03753901e+14   -0.640964991   1.50839076   0.178439353   0   801.84243   0   651.29292   0.00825788205   0.169043556   974.89787
10.5701   5.57148198e+33   1.20678416   3.03205048e+14   -0.641045076   1.50870886   0.178123322   0   802.494096   0   651.662329   0.00823839075   0.168757073   974.774232
10.5751   5.53677555e+33   1.20785412   3.02654876e+14   -0.641125166   1.5090262   0.177806491   0   803.147644   0   652.033084   0.00821886391   0.168469823   974.650586
10.5801   5.50213739e+33   1.20892314   3.02103321e+14   -0.641205261   1.50934278   0.177488824   0   803.80315   0   652.405233   0.00819929922   0.16818177   974.526919
10.5851   5.4675677e+33   1.20999122   3.01550318e+14   -0.641285361   1.5096586   0.177170281   0   804.460692   0   652.778824   0.00817969443   0.167892881   974.403221
10.5901   5.43306668e+33   1.21105835   3.00995834e+14   -0.641365466   1.50997364   0.176850845   0   805.120307   0   653.153884   0.00816004841   0.167603137   974.279487
10.5951   5.39863452e+33   1.21212451   3.00440049e+14   -0.641445576   1.51028791   0.176530619   0   805.781779   0   653.530295   0.00814036758   0.167312634   974.155758
10.6001   5.3642714e+33   1.21318971   2.99882943e+14   -0.641525691   1.51060139   0.17620959   0   806.445132   0   653.908074   0.00812065125   0.167021359   974.032034
10.6051   5.32997749e+33   1.21425393   2.99324446e+14   -0.64160581   1.51091409   0.175887719   0   807.11045   0   654.287275   0.00810089692   0.166729274   973.9083
10.6101   5.29575301e+33   1.21531717   2.98764486e+14   -0.641685934   1.511226   0.175564963   0   807.777815   0   654.667949   0.00808110213   0.166436343   973.784545
10.6151   5.26159814e+33   1.21637942   2.98202994e+14   -0.641766062   1.51153711   0.175241283   0   808.447308   0   655.050148   0.00806126448   0.166142529   973.660755
10.6201   5.22751309e+33   1.21744066   2.97639994e+14   -0.641846195   1.51184742   0.174916693   0   809.118902   0   655.433861   0.00804138478   0.165847843   973.536938
10.6251   5.19349805e+33   1.2185009   2.97075652e+14   -0.641926331   1.51215692   0.174591287   0   809.792395   0   655.818979   0.00802146898   0.165552371   973.413134
10.6301   5.15955321e+33   1.21956011   2.96509904e+14   -0.642006472   1.51246561   0.174265029   0   810.467863   0   656.20555   0.00800151485   0.165256081   973.289331
10.6351   5.12567877e+33   1.2206183   2.95942674e+14   -0.642086616   1.51277348   0.173937874   0   811.145396   0   656.59363   0.00798151972   0.164958931   973.165515
10.6401   5.09187491e+33   1.22167545   2.95373887e+14   -0.642166765   1.51308054   0.173609781   0   811.82508   0   656.983276   0.00796148099   0.164660882   973.041673
10.6451   5.05814186e+33   1.22273156   2.94803475e+14   -0.642246916   1.51338676   0.173280707   0   812.506998   0   657.37454   0.00794139625   0.164361896   972.917793
10.6501   5.02447983e+33   1.22378662   2.94231589e+14   -0.642327072   1.51369215   0.172950741   0   813.190966   0   657.767322   0.00792127091   0.164062054   972.793911
10.6551   4.99088899e+33   1.22484061   2.93658277e+14   -0.64240723   1.5139967   0.17261991   0   813.876925   0   658.161594   0.00790110666   0.163761379   972.67004
10.6601   4.95736956e+33   1.22589354   2.93083456e+14   -0.642487392   1.51430041   0.172288167   0   814.564973   0   658.557419   0.00788090063   0.163459827   972.546165
10.6651   4.92392172e+33   1.22694538   2.92507046e+14   -0.642567558   1.51460327   0.171955464   0   815.255204   0   658.954855   0.00786065   0.163157356   972.422272
10.6701   4.89054571e+33   1.22799613   2.91928967e+14   -0.642647726   1.51490528   0.171621755   0   815.947711   0   659.353965   0.00784035202   0.162853923   972.298347
10.6751   4.85724172e+33   1.22904579   2.91349239e+14   -0.642727897   1.51520643   0.171287052   0   816.64247   0   659.754739   0.00782000743   0.162549537   972.174396
10.6801   4.82400998e+33   1.23009434   2.90768042e+14   -0.642808071   1.51550671   0.170951457   0   817.339262   0   660.157058   0.00779962253   0.162244293   972.050462
10.6851   4.79085067e+33   1.23114177   2.901853e+14   -0.642888247   1.51580611   0.170614928   0   818.038176   0   660.56098   0.00777919476   0.161938151   971.926532
10.6901   4.75776401e+33   1.23218807   2.89600926e+14   -0.642968426   1.51610465   0.170277414   0   818.739314   0   660.966569   0.00775872108   0.161631063   971.80259
10.6951   4.72475021e+33   1.23323325   2.89014836e+14   -0.643048607   1.5164023   0.169938865   0   819.442775   0   661.373891   0.00773819855   0.161322986   971.678622
10.7001   4.6918095e+33   1.23427727   2.8842698e+14   -0.643128791   1.51669906   0.169599253   0   820.148616   0   661.782985   0.00771762549   0.161013891   971.55462
10.7051   4.65894209e+33   1.23532015   2.87837564e+14   -0.643208977   1.51699492   0.169258697   0   820.856587   0   662.193714   0.00769700913   0.160703887   971.430632
10.7101   4.62614819e+33   1.23636185   2.87246558e+14   -0.643289164   1.51728989   0.168917178   0   821.566724   0   662.606105   0.00767634843   0.160392957   971.306654
10.7151   4.59342801e+33   1.23740239   2.86653867e+14   -0.643369354   1.51758395   0.168574643   0   822.279136   0   663.020227   0.00765564013   0.160081051   971.18267
10.7201   4.56078177e+33   1.23844174   2.860594e+14   -0.643449545   1.51787711   0.168231037   0   822.99393   0   663.436153   0.00763488107   0.159768119   971.058663
10.7251   4.52820971e+33   1.2394799   2.8546308e+14   -0.643529738   1.51816934   0.167886317   0   823.711196   0   663.85394   0.00761406863   0.159454121   970.934623
10.7301   4.49571205e+33   1.24051686   2.848651e+14   -0.643609933   1.51846065   0.167540593   0   824.430699   0   664.273461   0.00759320956   0.159139158   970.810592
10.7351   4.463289e+33   1.2415526   2.8426547e+14   -0.643690129   1.51875103   0.167193872   0   825.152423   0   664.694713   0.00757230425   0.158823233   970.686576
10.7401   4.43094078e+33   1.24258712   2.83664089e+14   -0.643770326   1.51904048   0.166846094   0   825.876488   0   665.117774   0.0075513492   0.158506293   970.562558
10.7451   4.39866763e+33   1.24362041   2.83060859e+14   -0.643850524   1.51932898   0.166497202   0   826.603008   0   665.542719   0.00753034103   0.158188286   970.43852
10.7501   4.36646977e+33   1.24465246   2.82455695e+14   -0.643930723   1.51961654   0.166147147   0   827.332082   0   665.969615   0.00750927681   0.157869165   970.31445
10.7551   4.33434744e+33   1.24568325   2.81848786e+14   -0.644010922   1.51990314   0.165796039   0   828.063478   0   666.398334   0.00748816323   0.157549031   970.190391
10.7601   4.30230087e+33   1.24671278   2.81240153e+14   -0.644091123   1.52018878   0.165443888   0   828.797168   0   666.828868   0.00746700097   0.157227892   970.06635
10.7651   4.27033028e+33   1.24774103   2.80629687e+14   -0.644171324   1.52047346   0.165090632   0   829.533278   0   667.2613   0.00744578632   0.156905691   969.942308
10.7701   4.2384359e+33   1.24876801   2.80017283e+14   -0.644251526   1.52075717   0.16473621   0   830.271933   0   667.695711   0.00742451566   0.156582371   969.818249
10.7751   4.20661799e+33   1.24979368   2.79402861e+14   -0.644331727   1.52103989   0.164380575   0   831.013225   0   668.132166   0.00740318626   0.15625789   969.69416
10.7801   4.17487679e+33   1.25081805   2.78786636e+14   -0.644411929   1.52132163   0.164023852   0   831.756889   0   668.570518   0.0073818056   0.155932359   969.570089
10.7851   4.14321251e+33   1.2518411   2.78168593e+14   -0.644492131   1.52160238   0.16366603   0   832.50294   0   669.010784   0.00736037324   0.155605771   969.446036
10.7901   4.1116254e+33   1.25286283   2.77548617e+14   -0.644572333   1.52188213   0.163307045   0   833.25151   0   669.453054   0.00733888522   0.155278063   969.321983
10.7951   4.08011571e+33   1.25388321   2.76926596e+14   -0.644652534   1.52216088   0.16294683   0   834.002733   0   669.897414   0.00731733768   0.154949175   969.197912
10.8001   4.04868369e+33   1.25490225   2.76302488e+14   -0.644732736   1.52243861   0.16258536   0   834.756652   0   670.343902   0.00729572923   0.154619085   969.073819
10.8051   4.01732959e+33   1.25591993   2.75676525e+14   -0.644812936   1.52271533   0.162222771   0   835.512984   0   670.79236   0.00727406794   0.154287913   968.949754
10.8101   3.98605364e+33   1.25693623   2.75048632e+14   -0.644893136   1.52299102   0.161859017   0   836.271814   0   671.242848   0.00725235121   0.153955619   968.825706
10.8151   3.95485608e+33   1.25795115   2.74418684e+14   -0.644973335   1.52326568   0.161494027   0   837.033286   0   671.695463   0.00723057487   0.153622137   968.701655
10.8201   3.92373719e+33   1.25896468   2.73786564e+14   -0.645053533   1.5235393   0.161127733   0   837.797537   0   672.150297   0.00720873482   0.153287402   968.577583
10.8251   3.89269722e+33   1.2599768   2.73152342e+14   -0.64513373   1.52381188   0.160760173   0   838.564478   0   672.607309   0.00718683355   0.152951452   968.453508
10.8301   3.86173642e+33   1.26098751   2.72516181e+14   -0.645213926   1.52408341   0.160391444   0   839.333905   0   673.066388   0.00716487676   0.15261437   968.329467
10.8351   3.83085504e+33   1.26199678   2.71877952e+14   -0.64529412   1.52435387   0.16002147   0   840.105966   0   673.527634   0.00714286004   0.15227609   968.205439
10.8401   3.80005334e+33   1.26300462   2.71237526e+14   -0.645374313   1.52462327   0.159650176   0   840.880813   0   673.99115   0.00712077898   0.151936539   968.081404
10.8451   3.76933159e+33   1.264011   2.70594806e+14   -0.645454504   1.5248916   0.159277504   0   841.658558   0   674.457015   0.00709863024   0.151595666   967.957347
10.8501   3.73869007e+33   1.26501591   2.69950026e+14   -0.645534693   1.52515884   0.158903591   0   842.438909   0   674.925067   0.00707642201   0.151253594   967.83332
10.8551   3.70812901e+33   1.26601935   2.69303156e+14   -0.64561488   1.525425   0.158528419   0   843.221895   0   675.395335   0.00705415326   0.150910306   967.70932
10.8601   3.67764869e+33   1.2670213   2.68654055e+14   -0.645695065   1.52569006   0.158151906   0   844.007681   0   675.867932   0.00703181922   0.150565726   967.585327
10.8651   3.64724938e+33   1.26802175   2.68002587e+14   -0.645775248   1.52595402   0.157773972   0   844.796423   0   676.342965   0.00700941522   0.15021978   967.461319
10.8701   3.61693137e+33   1.26902068   2.67348834e+14   -0.645855428   1.52621687   0.157394666   0   845.588014   0   676.820383   0.00698694419   0.149872511   967.337318
10.8751   3.58669492e+33   1.27001809   2.66692956e+14   -0.645935606   1.5264786   0.157014078   0   846.382255   0   677.30008   0.00696441162   0.149524002   967.213358
10.8801   3.55654029e+33   1.27101396   2.66034803e+14   -0.646015781   1.52673921   0.156632122   0   847.179317   0   677.782173   0.00694181244   0.149174173   967.089417
10.8851   3.52646778e+33   1.27200828   2.65374227e+14   -0.646095953   1.52699869   0.156248713   0   847.979371   0   678.266779   0.00691914163   0.148822943   966.965472
10.8901   3.49647767e+33   1.27300103   2.64711183e+14   -0.646176122   1.52725703   0.155863822   0   848.782464   0   678.753944   0.00689639766   0.148470287   966.841521
10.8951   3.46657024e+33   1.2739922   2.64045922e+14   -0.646256288   1.52751421   0.155477597   0   849.588282   0   679.243491   0.00687358928   0.148116337   966.717615
10.9001   3.43674577e+33   1.27498179   2.63378328e+14   -0.646336451   1.52777025   0.155089968   0   850.396956   0   679.735515   0.00685071251   0.14776103   966.593739
10.9051   3.40700455e+33   1.27596977   2.62708242e+14   -0.64641661   1.52802512   0.154700845   0   851.208669   0   680.230143   0.00682776199   0.147404281   966.46987
10.9101   3.37734687e+33   1.27695613   2.62035554e+14   -0.646496766   1.52827882   0.154310161   0   852.023546   0   680.727468   0.00680473397   0.147046028   966.345992
10.9151   3.34777304e+33   1.27794086   2.61360525e+14   -0.646576917   1.52853133   0.153918068   0   852.841259   0   681.227308   0.00678163749   0.14668641   966.222159
10.9201   3.31828333e+33   1.27892395   2.60683088e+14   -0.646657065   1.52878267   0.153524528   0   853.661879   0   681.729721   0.0067584703   0.146325389   966.098366
10.9251   3.28887804e+33   1.27990537   2.60003073e+14   -0.646737209   1.5290328   0.153129441   0   854.485601   0   682.234844   0.00673522667   0.145962873   965.974587
10.9301   3.25955748e+33   1.28088513   2.5932034e+14   -0.646817348   1.52928173   0.152732725   0   855.312583   0   682.742793   0.00671190187   0.145598786   965.850804
10.9351   3.23032196e+33   1.2818632   2.58635141e+14   -0.646897484   1.52952945   0.152334527   0   856.142509   0   683.253392   0.00668850456   0.14523326   965.727067
10.9401   3.20117178e+33   1.28283957   2.57947439e+14   -0.646977614   1.52977595   0.151934825   0   856.975411   0   683.766679   0.0066650336   0.144866275   965.603377
10.9451   3.17210723e+33   1.28381423   2.57257054e+14   -0.64705774   1.53002123   0.151533513   0   857.811495   0   684.282801   0.00664148283   0.144497731   965.479707
10.9501   3.14312864e+33   1.28478715   2.56563836e+14   -0.647137861   1.53026526   0.151130504   0   858.65093   0   684.801881   0.00661784728   0.144127548   965.356038
10.9551   3.11423633e+33   1.28575834   2.55868043e+14   -0.647217976   1.53050805   0.150725949   0   859.493388   0   685.323738   0.00659413582   0.143755861   965.232423
10.9601   3.0854306e+33   1.28672776   2.55169632e+14   -0.647298087   1.53074958   0.15031982   0   860.338912   0   685.848417   0.00657034699   0.143382645   965.108859
10.9651   3.05671177e+33   1.28769541   2.54468408e+14   -0.647378192   1.53098985   0.149912006   0   861.18772   0   686.376076   0.00654647427   0.143007795   964.98532
10.9701   3.02808018e+33   1.28866128   2.53764237e+14   -0.647458292   1.53122885   0.149502426   0   862.039961   0   686.90683   0.00652251319   0.142631236   964.861789
10.9751   2.99953614e+33   1.28962534   2.53057401e+14   -0.647538386   1.53146657   0.149091246   0   862.895277   0   687.440479   0.00649847342   0.142253118   964.738322
10.9801   2.97107999e+33   1.29058758   2.52347803e+14   -0.647618474   1.53170299   0.148678407   0   863.753773   0   687.977109   0.00647435171   0.141873386   964.61491
10.9851   2.94271204e+33   1.29154799   2.51635237e+14   -0.647698556   1.53193812   0.148263791   0   864.615679   0   688.516889   0.00645014119   0.141491927   964.491524
10.9901   2.91443264e+33   1.29250655   2.50919631e+14   -0.647778632   1.53217194   0.147847355   0   865.481066   0   689.059888   0.00642583947   0.141108702   964.368159
10.9951   2.88624214e+33   1.29346325   2.50201264e+14   -0.647858701   1.53240444   0.147429261   0   866.349579   0   689.605908   0.00640145613   0.140723858   964.244871
11.0001   2.85814086e+33   1.29441807   2.49479963e+14   -0.647938764   1.53263561   0.147009406   0   867.221412   0   690.155096   0.00637698536   0.140337297   964.121637
11.0051   2.83012914e+33   1.29537098   2.4875551e+14   -0.648018821   1.53286545   0.146587665   0   868.096807   0   690.707632   0.00635241986   0.139948903   963.998428
11.0101   2.80220736e+33   1.29632199   2.48027987e+14   -0.64809887   1.53309394   0.146164085   0   868.975647   0   691.263468   0.00632776254   0.139558716   963.875266
11.0151   2.77437584e+33   1.29727107   2.47297557e+14   -0.648178912   1.53332108   0.14573876   0   869.857714   0   691.822495   0.00630301901   0.139166821   963.752186
11.0201   2.74663494e+33   1.2982182   2.46563987e+14   -0.648258947   1.53354685   0.145311554   0   870.74327   0   692.384906   0.00627818145   0.138773091   963.629157
11.0251   2.71898502e+33   1.29916336   2.45827086e+14   -0.648338975   1.53377125   0.144882356   0   871.632525   0   692.950866   0.00625324352   0.138377419   963.506155
11.0301   2.69142646e+33   1.30010655   2.45087138e+14   -0.648418995   1.53399426   0.14445133   0   872.525112   0   693.520172   0.00622821493   0.137979956   963.383236
11.0351   2.6639596e+33   1.30104774   2.44344055e+14   -0.648499008   1.53421587   0.144018425   0   873.421117   0   694.092907   0.00620309283   0.137580651   963.260394
11.0401   2.6365848e+33   1.30198692   2.43597591e+14   -0.648579012   1.53443608   0.143583496   0   874.320812   0   694.66928   0.00617786896   0.137179369   963.137596
11.0451   2.60930247e+33   1.30292407   2.42847751e+14   -0.648659009   1.53465488   0.143146548   0   875.224164   0   695.249303   0.00615254368   0.136776109   963.014853
11.0501   2.58211296e+33   1.30385916   2.42094762e+14   -0.648738997   1.53487225   0.14270771   0   876.130879   0   695.83282   0.00612712468   0.13637099   962.892209
11.0551   2.55501665e+33   1.30479219   2.41338367e+14   -0.648818976   1.53508818   0.142266834   0   877.041236   0   696.420047   0.00610160351   0.135963871   962.769633
11.0601   2.52801392e+33   1.30572314   2.40578372e+14   -0.648898947   1.53530267   0.141823805   0   877.955444   0   697.011155   0.00607597365   0.135554642   962.647102
11.0651   2.50110519e+33   1.30665198   2.39815081e+14   -0.64897891   1.5355157   0.141378802   0   878.873107   0   697.605925   0.00605024557   0.135143466   962.524673
11.0701   2.4742908e+33   1.3075787   2.39048351e+14   -0.649058863   1.53572726   0.140931738   0   879.794369   0   698.20449   0.00602441451   0.134730259   962.402334
11.0751   2.44757118e+33   1.30850328   2.38277906e+14   -0.649138807   1.53593734   0.140482454   0   880.719531   0   698.807086   0.00599847133   0.134314869   962.280049
11.0801   2.42094674e+33   1.3094257   2.37503921e+14   -0.649218742   1.53614593   0.140031051   0   881.648349   0   699.413595   0.00597242209   0.133897387   962.157857
11.0851   2.39441785e+33   1.31034595   2.36726447e+14   -0.649298667   1.53635302   0.139577557   0   882.580733   0   700.024002   0.00594626858   0.133477834   962.035775
11.0901   2.36798493e+33   1.311264   2.35945184e+14   -0.649378582   1.5365586   0.139121799   0   883.517005   0   700.638561   0.00592000093   0.133056046   961.913765
11.0951   2.34164841e+33   1.31217983   2.35160124e+14   -0.649458488   1.53676265   0.138663771   0   884.45714   0   701.257304   0.005893619   0.132632012   961.791837
11.1001   2.31540869e+33   1.31309342   2.34371491e+14   -0.649538383   1.53696517   0.138203601   0   885.400833   0   701.880077   0.00586713043   0.132205848   961.670035
11.1051   2.28926619e+33   1.31400476   2.3357898e+14   -0.649618269   1.53716614   0.137741113   0   886.348412   0   702.507144   0.00584052517   0.131777383   961.548323
11.1101   2.26322135e+33   1.31491382   2.32782469e+14   -0.649698143   1.53736556   0.137276236   0   887.299979   0   703.138628   0.00581379934   0.131346547   961.426692
11.1151   2.23727459e+33   1.31582059   2.31982256e+14   -0.649778007   1.5375634   0.13680914   0   888.255139   0   703.774319   0.005786963   0.130913494   961.305198
11.1201   2.21142634e+33   1.31672503   2.3117805e+14   -0.64985786   1.53775966   0.136339659   0   889.214194   0   704.414473   0.00576000668   0.13047806   961.183808
11.1251   2.18567705e+33   1.31762715   2.30369675e+14   -0.649937703   1.53795433   0.135867686   0   890.177308   0   705.05926   0.00573292459   0.130040142   961.062507
11.1301   2.16002716e+33   1.3185269   2.29557447e+14   -0.650017533   1.53814739   0.135393407   0   891.144058   0   705.708455   0.00570572753   0.129599905   960.941352
11.1351   2.13447712e+33   1.31942427   2.28741088e+14   -0.650097353   1.53833883   0.134916659   0   892.114724   0   706.362312   0.00567840636   0.129157189   960.820313
11.1401   2.10902739e+33   1.32031924   2.27920402e+14   -0.65017716   1.53852864   0.134437327   0   893.089484   0   707.021017   0.00565095477   0.128711881   960.699373
11.1451   2.08367843e+33   1.32121178   2.2709571e+14   -0.650256956   1.5387168   0.133955596   0   894.067905   0   707.684348   0.00562338364   0.128264144   960.57859
11.1501   2.05843068e+33   1.32210188   2.26266715e+14   -0.65033674   1.53890331   0.133471296   0   895.050278   0   708.352574   0.00559568332   0.127813809   960.457933
11.1551   2.03328465e+33   1.32298951   2.25433251e+14   -0.650416512   1.53908815   0.132984326   0   896.036738   0   709.025868   0.00556784846   0.127360773   960.337388
11.1601   2.00824079e+33   1.32387465   2.2459562e+14   -0.650496271   1.5392713   0.132494863   0   897.026862   0   709.704023   0.00553988936   0.126905189   960.217012
11.1651   1.98329958e+33   1.32475728   2.23753482e+14   -0.650576017   1.53945276   0.132002709   0   898.020982   0   710.387353   0.00551179493   0.126446859   960.096767
11.1701   1.95846151e+33   1.32563737   2.2290676e+14   -0.650655751   1.53963251   0.131507817   0   899.019115   0   711.075965   0.00548356282   0.125985726   959.976656
11.1751   1.93372708e+33   1.3265149   2.22055687e+14   -0.650735472   1.53981054   0.131010323   0   900.020905   0   711.769714   0.00545520107   0.125521901   959.856722
11.1801   1.90909677e+33   1.32738985   2.21199866e+14   -0.650815179   1.53998683   0.130509994   0   901.026732   0   712.468974   0.00542669669   0.125055148   959.736923
11.1851   1.8845711e+33   1.32826219   2.20339404e+14   -0.650894873   1.54016137   0.130006893   0   902.036375   0   713.17371   0.00539805356   0.124585504   959.617286
11.1901   1.86015057e+33   1.32913189   2.19474347e+14   -0.650974553   1.54033414   0.129501046   0   903.049674   0   713.883947   0.00536927345   0.124112968   959.49783
11.1951   1.83583569e+33   1.32999894   2.18604308e+14   -0.651054219   1.54050514   0.128992226   0   904.066964   0   714.600069   0.00534034378   0.123637299   959.378514
11.2001   1.81162699e+33   1.33086331   2.17729583e+14   -0.651133871   1.54067434   0.128480605   0   905.08776   0   715.321912   0.0053112747   0.123158619   959.259393
11.2051   1.78752499e+33   1.33172498   2.16849953e+14   -0.651213509   1.54084174   0.127966056   0   906.112151   0   716.04975   0.00528205928   0.122676758   959.14045
11.2101   1.76353022e+33   1.33258391   2.159652e+14   -0.651293132   1.54100731   0.127448448   0   907.140181   0   716.783892   0.00525269053   0.122191525   959.021667
11.2151   1.73964323e+33   1.33344008   2.15075613e+14   -0.651372741   1.54117104   0.126927953   0   908.171209   0   717.524275   0.00522317846   0.121702967   958.903097
11.2201   1.71586454e+33   1.33429347   2.14180771e+14   -0.651452334   1.54133293   0.126404322   0   909.205149   0   718.271599   0.00519350939   0.121210612   958.784698
11.2251   1.69219473e+33   1.33514404   2.13280826e+14   -0.651531912   1.54149294   0.125877643   0   910.240512   0   719.026549   0.00516368872   0.120713955   958.666504
11.2301   1.66863434e+33   1.33599179   2.12375717e+14   -0.651611475   1.54165108   0.125347882   0   911.27978   0   719.787654   0.00513371487   0.120214167   958.548519
11.2351   1.64518393e+33   1.33683666   2.11465128e+14   -0.651691023   1.54180731   0.124814851   0   912.323669   0   720.554953   0.00510357768   0.119711273   958.430716
11.2401   1.62184408e+33   1.33767865   2.10549369e+14   -0.651770554   1.54196164   0.124278732   0   913.371753   0   721.328215   0.00507328786   0.119205444   958.31315
11.2451   1.59861536e+33   1.33851771   2.09628013e+14   -0.651850069   1.54211403   0.123739274   0   914.42445   0   722.10783   0.00504283169   0.118696442   958.19578
11.2501   1.57549837e+33   1.33935383   2.08701229e+14   -0.651929568   1.54226448   0.123196576   0   915.481494   0   722.893689   0.00501221522   0.118184361   958.07864
11.2551   1.55249367e+33   1.34018698   2.07768891e+14   -0.65200905   1.54241296   0.122650563   0   916.542955   0   723.685929   0.0049814347   0.117669129   957.96173
11.2601   1.52960188e+33   1.34101712   2.06830764e+14   -0.652088516   1.54255947   0.122101098   0   917.609019   0   724.484784   0.00495048288   0.117150615   957.845034
11.2651   1.50682359e+33   1.34184422   2.05887085e+14   -0.652167965   1.54270398   0.121548317   0   918.67934   0   725.290086   0.00491936801   0.116628949   957.728595
11.2701   1.48415942e+33   1.34266826   2.04937406e+14   -0.652247396   1.54284648   0.120991959   0   919.754339   0   726.10225   0.0048880759   0.116103883   957.612373
11.2751   1.46160999e+33   1.34348921   2.03982029e+14   -0.65232681   1.54298695   0.120432198   0   920.833591   0   726.921056   0.00485661695   0.115575581   957.49642
11.2801   1.43917592e+33   1.34430704   2.03020554e+14   -0.652406206   1.54312537   0.119868802   0   921.917454   0   727.746878   0.00482497862   0.115043824   957.3807
11.2851   1.41685784e+33   1.34512171   2.02053133e+14   -0.652485584   1.54326173   0.119301857   0   923.005669   0   728.579626   0.0047931664   0.114508691   957.265247
11.2901   1.39465639e+33   1.34593319   2.01079575e+14   -0.652564944   1.54339601   0.118731252   0   924.098352   0   729.419498   0.00476117468   0.113970078   957.150052
11.2951   1.37257222e+33   1.34674146   2.00099777e+14   -0.652644285   1.54352819   0.118156925   0   925.195522   0   730.266625   0.00472900062   0.113427925   957.035118
11.3001   1.35060598e+33   1.34754649   1.99113789e+14   -0.652723608   1.54365825   0.117578905   0   926.297018   0   731.120999   0.00469664655   0.112882259   956.920464
11.3051   1.32875834e+33   1.34834823   1.98121312e+14   -0.652802912   1.54378618   0.116997017   0   927.403069   0   731.98292   0.00466410333   0.112332914   956.806072
11.3101   1.30702997e+33   1.34914665   1.97122534e+14   -0.652882197   1.54391195   0.116411369   0   928.513356   0   732.852266   0.00463137781   0.111779991   956.691977
11.3151   1.28542154e+33   1.34994174   1.96117059e+14   -0.652961462   1.54403555   0.115821729   0   929.628205   0   733.729421   0.00459845776   0.111223271   956.578148
11.3201   1.26393374e+33   1.35073344   1.95105129e+14   -0.653040707   1.54415696   0.115228238   0   930.747232   0   734.614218   0.0045653518   0.110662886   956.464626
11.3251   1.24256727e+33   1.35152173   1.94086309e+14   -0.653119933   1.54427616   0.11463064   0   931.870792   0   735.507079   0.00453204656   0.110098594   956.351379
11.3301   1.22132283e+33   1.35230657   1.93060851e+14   -0.653199138   1.54439312   0.114029083   0   932.998484   0   736.407828   0.00449855108   0.109530532   956.238448
11.3351   1.20020114e+33   1.35308793   1.92028311e+14   -0.653278323   1.54450784   0.113423306   0   934.130665   0   737.3169   0.0044648517   0.108958454   956.125798
11.3401   1.17920291e+33   1.35386577   1.90988932e+14   -0.653357487   1.54462029   0.112813449   0   935.266933   0   738.234126   0.00443095724   0.108382491   956.013471
11.3451   1.15832888e+33   1.35464005   1.89942268e+14   -0.653436631   1.54473044   0.112199251   0   936.407632   0   739.159947   0.00439685416   0.107802397   955.901433
11.3501   1.13757978e+33   1.35541075   1.88888538e+14   -0.653515753   1.54483829   0.11158084   0   937.552381   0   740.094219   0.00436255049   0.10721829   955.789721
11.3551   1.11695639e+33   1.35617782   1.87827316e+14   -0.653594853   1.5449438   0.110957966   0   938.70149   0   741.037366   0.00432803342   0.106629932   955.678305
11.3601   1.09645945e+33   1.35694122   1.86758756e+14   -0.653673932   1.54504696   0.110330717   0   939.854635   0   741.989304   0.00429330904   0.106037408   955.567214
11.3651   1.07608974e+33   1.35770092   1.85682499e+14   -0.653752988   1.54514775   0.109698881   0   941.012041   0   742.950404   0.00425836676   0.105440515   955.456426
11.3701   1.05584805e+33   1.35845688   1.84598556e+14   -0.653832023   1.54524614   0.109062467   0   942.173525   0   743.920707   0.0042232082   0.104839259   955.345957
11.3751   1.0357352e+33   1.35920906   1.83506732e+14   -0.653911034   1.54534211   0.108421357   0   943.33912   0   744.900445   0.00418782817   0.104233529   955.2358
11.3801   1.01575199e+33   1.35995742   1.82406787e+14   -0.653990023   1.54543564   0.107775411   0   944.5089   0   745.889889   0.00415222022   0.103623191   955.125945
11.3851   9.95899255e+32   1.36070191   1.81298752e+14   -0.654068989   1.54552671   0.107124645   0   945.68264   0   746.889067   0.00411638669   0.103008258   955.01641
11.3901   9.76177856e+32   1.36144251   1.80182126e+14   -0.654147931   1.54561529   0.106468765   0   946.860671   0   747.898491   0.00408031282   0.102388452   954.90716
11.3951   9.56588663e+32   1.36217915   1.79057037e+14   -0.654226849   1.54570136   0.105807844   0   948.04265   0   748.918108   0.00404400421   0.10176384   954.798222
11.4001   9.37132579e+32   1.36291181   1.77922931e+14   -0.654305744   1.54578489   0.105141558   0   949.228941   0   749.948481   0.00400744461   0.101134113   954.689556
11.4051   9.17810514e+32   1.36364043   1.76779708e+14   -0.654384614   1.54586586   0.104469846   0   950.419419   0   750.989768   0.00397063243   0.100499213   954.58117
11.4101   8.98623429e+32   1.36436497   1.75627139e+14   -0.65446346   1.54594424   0.103792573   0   951.614085   0   752.042246   0.00393356209   0.0998590109   954.473055
11.4151   8.79572302e+32   1.36508538   1.74464616e+14   -0.65454228   1.54602002   0.10310938   0   952.813318   0   753.106542   0.00389621583   0.0992131643   954.365171
11.4201   8.60658151e+32   1.36580161   1.73292092e+14   -0.654621076   1.54609315   0.10242024   0   954.016899   0   754.182774   0.00385859419   0.0985616455   954.257531
11.4251   8.41882047e+32   1.36651362   1.72108883e+14   -0.654699846   1.5461636   0.101724748   0   955.225251   0   755.271646   0.00382067732   0.097904071   954.150088
11.4301   8.23245089e+32   1.36722134   1.70914468e+14   -0.65477859   1.54623136   0.101022599   0   956.438609   0   756.373724   0.00378245078   0.097240148   954.042813
11.4351   8.04748449e+32   1.36792472   1.69708571e+14   -0.654857309   1.54629639   0.100313628   0   957.656936   0   757.489347   0.00374390816   0.0965697195   953.935701
11.4401   7.86393362e+32   1.36862371   1.68490194e+14   -0.654936   1.54635865   0.0995972472   0   958.880903   0   758.619532   0.00370502016   0.095892227   953.828683
11.4451   7.68181124e+32   1.36931825   1.67258604e+14   -0.655014665   1.54641812   0.0988730248   0   960.110884   0   759.765059   0.00366576622   0.0952072586   953.721717
11.4501   7.50113131e+32   1.37000826   1.66013202e+14   -0.655093304   1.54647474   0.0981406068   0   961.347086   0   760.926593   0.00362613027   0.0945144765   953.614776
11.4551   7.32190882e+32   1.37069368   1.64752719e+14   -0.655171914   1.54652849   0.0973992456   0   962.590348   0   762.105433   0.00358607527   0.0938131703   953.507775
11.4601   7.14415981e+32   1.37137444   1.63475821e+14   -0.655250497   1.54657933   0.0966481544   0   963.841523   0   763.302952   0.00354556247   0.093102592   953.400632
11.4651   6.96790168e+32   1.37205046   1.6218131e+14   -0.655329052   1.5466272   0.0958866269   0   965.101279   0   764.520414   0.00350455789   0.092382069   953.293279
11.4701   6.79315361e+32   1.37272164   1.60867723e+14   -0.655407579   1.54667205   0.0951138001   0   966.370485   0   765.759346   0.00346301965   0.0916507804   953.185629
11.4751   6.61993659e+32   1.37338791   1.59532789e+14   -0.655486077   1.54671384   0.0943283354   0   967.650717   0   767.022059   0.00342088091   0.0909074545   953.077539
11.4801   6.44827377e+32   1.37404915   1.58174206e+14   -0.655564546   1.5467525   0.0935288763   0   968.943485   0   768.310922   0.00337807467   0.0901508016   952.96887
11.4851   6.27819086e+32   1.37470525   1.56789403e+14   -0.655642986   1.54678797   0.0927139052   0   970.250454   0   769.62859   0.00333452624   0.089379379   952.859469
11.4901   6.10971682e+32   1.37535609   1.55375286e+14   -0.655721396   1.54682018   0.0918815985   0   971.57365   0   770.978252   0.00329014566   0.0885914528   952.749156
11.4951   5.94288429e+32   1.37600153   1.53928119e+14   -0.655799775   1.54684903   0.0910297526   0   972.915547   0   772.363755   0.00324482405   0.0877849285   952.637713
11.5001   5.77773022e+32   1.3766414   1.52443374e+14   -0.655878125   1.54687445   0.0901556979   0   974.279154   0   773.789755   0.00319842946   0.0869572685   952.524875
11.5051   5.61429679e+32   1.37727554   1.50915556e+14   -0.655956443   1.54689632   0.0892561927   0   975.668125   0   775.261915   0.00315080165   0.086105391   952.410328
11.5101   5.45263242e+32   1.37790373   1.49338227e+14   -0.65603473   1.54691452   0.0883274401   0   977.086657   0   776.786885   0.00310175375   0.0852256863   952.29371
11.5151   5.29279305e+32   1.37852575   1.47703663e+14   -0.656112986   1.54692891   0.0873648834   0   978.539715   0   778.372668   0.0030510621   0.0843138213   952.174596
11.5201   5.1348436e+32   1.37914131   1.46002535e+14   -0.656191209   1.54693933   0.0863630195   0   980.033187   0   780.028957   0.0029984576   0.0833645619   952.052483
11.5251   4.97885976e+32   1.37975012   1.44223883e+14   -0.6562694   1.5469456   0.0853153813   0   981.57375   0   781.767202   0.00294362618   0.0823717552   951.926801
11.5276   4.90163042e+32   1.38005188   1.43301876e+14   -0.65630848   1.54694712   0.0847722661   0   982.363725   0   782.670872   0.00291527336   0.0818569927   951.862446
11.5301   4.82492678e+32   1.38035181   1.42354722e+14   -0.656347552   1.54694751   0.0842143053   0   983.169014   0   783.601045   0.0028861984   0.0813281069   951.796897
11.5326   4.74876217e+32   1.38064985   1.41381354e+14   -0.656386616   1.54694674   0.0836408683   0   983.989921   0   784.558923   0.00285637371   0.0807844946   951.730124
11.5351   4.67315128e+32   1.38094595   1.40379618e+14   -0.656425671   1.54694478   0.083050683   0   984.827598   0   785.546794   0.00282573901   0.080224944   951.662028
11.5376   4.59810973e+32   1.38124003   1.39346582e+14   -0.656464718   1.5469416   0.0824420189   0   985.68374   0   786.567742   0.00279421112   0.0796478078   951.592462
11.5401   4.52365433e+32   1.38153204   1.38280594e+14   -0.656503756   1.54693713   0.0818139003   0   986.558865   0   787.623608   0.00276174702   0.0790521532   951.521376
11.5426   4.44980329e+32   1.38182189   1.37179455e+14   -0.656542785   1.54693136   0.0811650276   0   987.453835   0   788.716801   0.00272828795   0.0784367396   951.448689
