r (km)   P (dyn/cm^2)   M/M_solar   rho (g/cm^3)   g_{tt}   g_{rr}   n_b (fm^{-3})   A_eq   M_n* (MeV)   Z_eq   M_p* (MeV)   n_e (fm^{-3})   n_n(n_nf) (fm^{-3})   mu_n(mu_nf) (MeV)
0   1.35773987e+35   0   9.84595516e+14   -0.509282209   1   0.537933298   0   310.547328   0   483.794723   0.02664022   0.496887221   1184.27515
0.001   1.35773985e+35   6.22227688e-12   9.84595512e+14   -0.509282219   1.00000002   0.537933296   0   310.547329   0   483.794724   0.0266402199   0.496887219   1184.27514
0.006   1.35773894e+35   4.52152116e-10   9.84595252e+14   -0.50928225   1.00000022   0.537933173   0   310.547376   0   483.794779   0.0266402139   0.496887107   1184.27504
0.011   1.35773699e+35   2.7647641e-09   9.84594698e+14   -0.509282333   1.00000074   0.537932911   0   310.547476   0   483.794895   0.0266402009   0.496886868   1184.27481
0.016   1.35773391e+35   8.49962278e-09   9.8459382e+14   -0.509282473   1.00000157   0.537932496   0   310.547635   0   483.795079   0.0266401805   0.49688649   1184.27445
0.021   1.35772968e+35   1.9212286e-08   9.84592619e+14   -0.50928267   1.0000027   0.537931927   0   310.547853   0   483.795331   0.0266401525   0.496885972   1184.27396
0.026   1.35772432e+35   3.64583016e-08   9.84591093e+14   -0.509282923   1.00000414   0.537931205   0   310.54813   0   483.795651   0.026640117   0.496885315   1184.27334
0.031   1.35771781e+35   6.17932046e-08   9.84589242e+14   -0.509283233   1.00000589   0.537930329   0   310.548466   0   483.79604   0.0266400738   0.496884517   1184.27258
0.036   1.35771016e+35   9.6772514e-08   9.84587067e+14   -0.509283601   1.00000794   0.5379293   0   310.54886   0   483.796496   0.0266400232   0.49688358   1184.27169
0.041   1.35770138e+35   1.4295173e-07   9.84584568e+14   -0.509284025   1.0000103   0.537928117   0   310.549314   0   483.79702   0.0266399649   0.496882503   1184.27067
0.046   1.35769145e+35   2.01886329e-07   9.84581743e+14   -0.509284506   1.00001296   0.537926781   0   310.549826   0   483.797613   0.0266398991   0.496881286   1184.26951
0.051   1.35768038e+35   2.75131765e-07   9.84578595e+14   -0.509285044   1.00001593   0.537925291   0   310.550397   0   483.798274   0.0266398258   0.496879929   1184.26823
0.056   1.35766817e+35   3.6424346e-07   9.84575121e+14   -0.509285639   1.00001921   0.537923647   0   310.551027   0   483.799003   0.0266397448   0.496878432   1184.26681
0.061   1.35765481e+35   4.70776809e-07   9.84571323e+14   -0.509286291   1.00002279   0.53792185   0   310.551716   0   483.7998   0.0266396564   0.496876796   1184.26525
0.066   1.35764032e+35   5.96287168e-07   9.845672e+14   -0.509287   1.00002668   0.537919899   0   310.552464   0   483.800665   0.0266395603   0.496875019   1184.26357
0.071   1.35762469e+35   7.42329859e-07   9.84562753e+14   -0.509287766   1.00003088   0.537917794   0   310.55327   0   483.801598   0.0266394567   0.496873103   1184.26175
0.076   1.35760791e+35   9.10460161e-07   9.84557981e+14   -0.509288589   1.00003538   0.537915536   0   310.554136   0   483.802599   0.0266393455   0.496871047   1184.2598
0.081   1.35758999e+35   1.10223331e-06   9.84552885e+14   -0.509289469   1.00004019   0.537913124   0   310.55506   0   483.803669   0.0266392268   0.49686885   1184.25771
0.086   1.35757094e+35   1.31920449e-06   9.84547464e+14   -0.509290406   1.00004531   0.537910559   0   310.556044   0   483.804806   0.0266391005   0.496866514   1184.2555
0.091   1.35755074e+35   1.56292885e-06   9.84541718e+14   -0.509291399   1.00005073   0.53790784   0   310.557086   0   483.806012   0.0266389666   0.496864039   1184.25315
0.096   1.3575294e+35   1.83496148e-06   9.84535647e+14   -0.50929245   1.00005645   0.537904967   0   310.558187   0   483.807286   0.0266388252   0.496861423   1184.25067
0.101   1.35750692e+35   2.13685739e-06   9.84529253e+14   -0.509293557   1.00006249   0.537901941   0   310.559347   0   483.808628   0.0266386762   0.496858667   1184.24805
0.106   1.35748329e+35   2.47017156e-06   9.84522533e+14   -0.509294722   1.00006883   0.537898761   0   310.560566   0   483.810038   0.0266385197   0.496855771   1184.2453
0.111   1.35745853e+35   2.83645891e-06   9.84515489e+14   -0.509295943   1.00007547   0.537895427   0   310.561844   0   483.811516   0.0266383555   0.496852736   1184.24242
0.116   1.35743263e+35   3.23727427e-06   9.8450812e+14   -0.509297222   1.00008243   0.53789194   0   310.563181   0   483.813062   0.0266381839   0.496849561   1184.23941
0.121   1.35740558e+35   3.67417242e-06   9.84500427e+14   -0.509298557   1.00008969   0.537888299   0   310.564576   0   483.814677   0.0266380046   0.496846245   1184.23626
0.126   1.3573774e+35   4.14870806e-06   9.84492409e+14   -0.509299949   1.00009725   0.537884505   0   310.566031   0   483.816359   0.0266378178   0.49684279   1184.23299
0.131   1.35734807e+35   4.66243582e-06   9.84484066e+14   -0.509301399   1.00010512   0.537880557   0   310.567544   0   483.81811   0.0266376235   0.496839195   1184.22957
0.136   1.35731761e+35   5.21691025e-06   9.84475399e+14   -0.509302905   1.0001133   0.537876455   0   310.569116   0   483.819929   0.0266374215   0.496835461   1184.22603
0.141   1.357286e+35   5.81368583e-06   9.84466407e+14   -0.509304468   1.00012179   0.5378722   0   310.570748   0   483.821816   0.026637212   0.496831586   1184.22235
0.146   1.35725325e+35   6.45431694e-06   9.84457091e+14   -0.509306088   1.00013058   0.537867791   0   310.572438   0   483.823771   0.026636995   0.496827571   1184.21854
0.151   1.35721937e+35   7.14035787e-06   9.8444745e+14   -0.509307765   1.00013967   0.537863229   0   310.574187   0   483.825794   0.0266367704   0.496823417   1184.2146
0.156   1.35718434e+35   7.87336284e-06   9.84437485e+14   -0.509309499   1.00014908   0.537858513   0   310.575995   0   483.827886   0.0266365382   0.496819122   1184.21053
0.161   1.35714817e+35   8.65488596e-06   9.84427195e+14   -0.50931129   1.00015879   0.537853643   0   310.577862   0   483.830045   0.0266362985   0.496814688   1184.20632
0.166   1.35711086e+35   9.48648126e-06   9.8441658e+14   -0.509313138   1.0001688   0.53784862   0   310.579787   0   483.832273   0.0266360512   0.496810114   1184.20198
0.171   1.35707241e+35   1.03697027e-05   9.84405641e+14   -0.509315043   1.00017913   0.537843443   0   310.581772   0   483.834569   0.0266357963   0.496805399   1184.19751
0.176   1.35703282e+35   1.1306104e-05   9.84394377e+14   -0.509317004   1.00018976   0.537838112   0   310.583816   0   483.836933   0.0266355339   0.496800546   1184.1929
0.181   1.35699209e+35   1.22972389e-05   9.84382789e+14   -0.509319023   1.00020069   0.537832628   0   310.585918   0   483.839365   0.0266352639   0.496795552   1184.18816
0.186   1.35695022e+35   1.33446611e-05   9.84370876e+14   -0.509321099   1.00021193   0.53782699   0   310.58808   0   483.841865   0.0266349863   0.496790418   1184.18329
0.191   1.35690721e+35   1.4449924e-05   9.84358638e+14   -0.509323231   1.00022348   0.537821198   0   310.5903   0   483.844434   0.0266347012   0.496785144   1184.17829
0.196   1.35686306e+35   1.56145809e-05   9.84346076e+14   -0.509325421   1.00023534   0.537815253   0   310.592579   0   483.84707   0.0266344085   0.496779731   1184.17315
0.201   1.35681777e+35   1.68401853e-05   9.84333189e+14   -0.509327667   1.0002475   0.537809154   0   310.594918   0   483.849775   0.0266341083   0.496774177   1184.16788
0.206   1.35677134e+35   1.81282902e-05   9.84319978e+14   -0.509329971   1.00025997   0.537802902   0   310.597315   0   483.852548   0.0266338005   0.496768484   1184.16248
0.211   1.35672377e+35   1.94804485e-05   9.84306442e+14   -0.509332331   1.00027274   0.537796496   0   310.599771   0   483.855389   0.0266334851   0.496762651   1184.15695
0.216   1.35667506e+35   2.08982133e-05   9.84292582e+14   -0.509334749   1.00028582   0.537789936   0   310.602286   0   483.858298   0.0266331622   0.496756677   1184.15128
0.221   1.35662521e+35   2.23831373e-05   9.84278397e+14   -0.509337223   1.00029921   0.537783223   0   310.60486   0   483.861276   0.0266328317   0.496750564   1184.14548
0.226   1.35657422e+35   2.3936773e-05   9.84263888e+14   -0.509339754   1.0003129   0.537776356   0   310.607493   0   483.864321   0.0266324937   0.496744311   1184.13955
0.231   1.35652209e+35   2.55606731e-05   9.84249054e+14   -0.509342342   1.0003269   0.537769336   0   310.610185   0   483.867435   0.0266321481   0.496737919   1184.13348
0.236   1.35646882e+35   2.72563897e-05   9.84233895e+14   -0.509344987   1.00034121   0.537762162   0   310.612936   0   483.870617   0.0266317949   0.496731386   1184.12729
0.241   1.35641441e+35   2.90254752e-05   9.84218412e+14   -0.509347689   1.00035582   0.537754834   0   310.615746   0   483.873867   0.0266314342   0.496724713   1184.12096
0.246   1.35635887e+35   3.08694817e-05   9.84202605e+14   -0.509350448   1.00037074   0.537747352   0   310.618615   0   483.877186   0.0266310659   0.496717901   1184.11449
0.251   1.35630218e+35   3.27899609e-05   9.84186473e+14   -0.509353264   1.00038597   0.537739717   0   310.621542   0   483.880572   0.02663069   0.496710948   1184.1079
0.256   1.35624435e+35   3.47884647e-05   9.84170016e+14   -0.509356137   1.0004015   0.537731929   0   310.624529   0   483.884027   0.0266303066   0.496703856   1184.10117
0.261   1.35618539e+35   3.68665447e-05   9.84153235e+14   -0.509359067   1.00041734   0.537723986   0   310.627575   0   483.88755   0.0266299156   0.496696624   1184.09431
0.266   1.35612529e+35   3.90257523e-05   9.84136129e+14   -0.509362054   1.00043348   0.53771589   0   310.63068   0   483.891141   0.026629517   0.496689251   1184.08731
0.271   1.35606404e+35   4.12676389e-05   9.84118699e+14   -0.509365098   1.00044993   0.537707641   0   310.633843   0   483.8948   0.0266291109   0.496681739   1184.08019
0.276   1.35600166e+35   4.35937555e-05   9.84100944e+14   -0.509368198   1.00046669   0.537699237   0   310.637066   0   483.898528   0.0266286973   0.496674087   1184.07293
0.281   1.35593814e+35   4.60056531e-05   9.84082865e+14   -0.509371356   1.00048376   0.53769068   0   310.640348   0   483.902324   0.026628276   0.496666296   1184.06554
0.286   1.35587349e+35   4.85048825e-05   9.84064461e+14   -0.509374571   1.00050113   0.53768197   0   310.643688   0   483.906188   0.0266278473   0.496658364   1184.05801
0.291   1.35580769e+35   5.10929943e-05   9.84045733e+14   -0.509377842   1.00051881   0.537673106   0   310.647088   0   483.91012   0.0266274109   0.496650292   1184.05036
0.296   1.35574075e+35   5.37715389e-05   9.8402668e+14   -0.509381171   1.00053679   0.537664088   0   310.650547   0   483.91412   0.026626967   0.49664208   1184.04257
0.301   1.35567268e+35   5.65420667e-05   9.84007303e+14   -0.509384556   1.00055509   0.537654916   0   310.654064   0   483.918189   0.0266265155   0.496633729   1184.03465
0.306   1.35560347e+35   5.94061276e-05   9.83987602e+14   -0.509387999   1.00057368   0.537645591   0   310.657641   0   483.922326   0.0266260565   0.496625237   1184.02659
0.311   1.35553312e+35   6.23652717e-05   9.83967575e+14   -0.509391498   1.00059259   0.537636113   0   310.661277   0   483.926531   0.0266255899   0.496616606   1184.0184
0.316   1.35546163e+35   6.54210485e-05   9.83947225e+14   -0.509395054   1.0006118   0.53762648   0   310.664972   0   483.930804   0.0266251157   0.496607835   1184.01009
0.321   1.35538901e+35   6.85750075e-05   9.8392655e+14   -0.509398667   1.00063132   0.537616694   0   310.668725   0   483.935146   0.026624634   0.496598924   1184.00163
0.326   1.35531524e+35   7.18286982e-05   9.8390555e+14   -0.509402338   1.00065114   0.537606754   0   310.672538   0   483.939555   0.0266241447   0.496589872   1183.99305
0.331   1.35524034e+35   7.51836696e-05   9.83884226e+14   -0.509406065   1.00067127   0.537596661   0   310.67641   0   483.944033   0.0266236479   0.496580681   1183.98433
0.336   1.3551643e+35   7.86414706e-05   9.83862578e+14   -0.509409849   1.00069171   0.537586414   0   310.680341   0   483.94858   0.0266231435   0.49657135   1183.97548
0.341   1.35508713e+35   8.220365e-05   9.83840605e+14   -0.50941369   1.00071246   0.537576013   0   310.684331   0   483.953194   0.0266226315   0.49656188   1183.9665
0.346   1.35500881e+35   8.58717562e-05   9.83818307e+14   -0.509417588   1.00073351   0.537565459   0   310.68838   0   483.957877   0.026622112   0.496552269   1183.95738
0.351   1.35492936e+35   8.96473376e-05   9.83795685e+14   -0.509421543   1.00075487   0.537554751   0   310.692488   0   483.962628   0.0266215849   0.496542518   1183.94814
0.356   1.35484877e+35   9.35319422e-05   9.83772739e+14   -0.509425555   1.00077653   0.537543889   0   310.696655   0   483.967447   0.0266210502   0.496532627   1183.93876
0.361   1.35476705e+35   9.75271179e-05   9.83749468e+14   -0.509429624   1.00079851   0.537532874   0   310.700881   0   483.972335   0.026620508   0.496522597   1183.92924
0.366   1.35468419e+35   0.000101634412   9.83725873e+14   -0.50943375   1.00082078   0.537521705   0   310.705166   0   483.977291   0.0266199583   0.496512426   1183.9196
0.371   1.35460019e+35   0.000105855373   9.83701953e+14   -0.509437932   1.00084337   0.537510383   0   310.709511   0   483.982315   0.0266194009   0.496502116   1183.90982
0.376   1.35451506e+35   0.000110191547   9.83677709e+14   -0.509442172   1.00086626   0.537498906   0   310.713914   0   483.987407   0.026618836   0.496491665   1183.89991
0.381   1.35442878e+35   0.000114644481   9.83653141e+14   -0.509446469   1.00088946   0.537487276   0   310.718377   0   483.992568   0.0266182636   0.496481075   1183.88987
0.386   1.35434138e+35   0.000119215723   9.83628248e+14   -0.509450822   1.00091297   0.537475493   0   310.722898   0   483.997797   0.0266176836   0.496470345   1183.87969
0.391   1.35425283e+35   0.000123906818   9.83603031e+14   -0.509455233   1.00093678   0.537463556   0   310.727479   0   484.003094   0.026617096   0.496459475   1183.86938
0.396   1.35416315e+35   0.000128719312   9.83577489e+14   -0.5094597   1.0009609   0.537451465   0   310.732119   0   484.00846   0.0266165009   0.496448465   1183.85894
0.401   1.35407234e+35   0.000133654753   9.83551623e+14   -0.509464225   1.00098533   0.53743922   0   310.736818   0   484.013894   0.0266158982   0.496437314   1183.84837
0.406   1.35398038e+35   0.000138714685   9.83525433e+14   -0.509468806   1.00101006   0.537426822   0   310.741576   0   484.019396   0.0266152879   0.496426024   1183.83767
0.411   1.3538873e+35   0.000143900655   9.83498918e+14   -0.509473445   1.0010351   0.53741427   0   310.746393   0   484.024967   0.0266146701   0.496414594   1183.82683
0.416   1.35379307e+35   0.000149214207   9.83472079e+14   -0.50947814   1.00106045   0.537401564   0   310.751269   0   484.030606   0.0266140447   0.496403025   1183.81586
0.421   1.35369771e+35   0.000154656886   9.83444915e+14   -0.509482892   1.00108611   0.537388705   0   310.756204   0   484.036313   0.0266134118   0.496391315   1183.80476
0.426   1.35360122e+35   0.000160230238   9.83417427e+14   -0.509487702   1.00111207   0.537375692   0   310.761199   0   484.042088   0.0266127713   0.496379465   1183.79352
0.431   1.35350359e+35   0.000165935807   9.83389615e+14   -0.509492568   1.00113834   0.537362526   0   310.766253   0   484.047932   0.0266121233   0.496367475   1183.78215
0.436   1.35340483e+35   0.000171775136   9.83361478e+14   -0.509497491   1.00116491   0.537349205   0   310.771365   0   484.053844   0.0266114677   0.496355345   1183.77065
0.441   1.35330493e+35   0.000177749771   9.83333017e+14   -0.509502471   1.00119179   0.537335731   0   310.776537   0   484.059825   0.0266108045   0.496343076   1183.75902
0.446   1.35320389e+35   0.000183861254   9.83304232e+14   -0.509507508   1.00121898   0.537322104   0   310.781769   0   484.065874   0.0266101337   0.496330666   1183.74725
0.451   1.35310173e+35   0.000190111129   9.83275122e+14   -0.509512602   1.00124648   0.537308322   0   310.787059   0   484.071991   0.0266094555   0.496318117   1183.73536
0.456   1.35299842e+35   0.00019650094   9.83245688e+14   -0.509517753   1.00127428   0.537294387   0   310.792409   0   484.078177   0.0266087696   0.496305427   1183.72333
0.461   1.35289399e+35   0.000203032229   9.8321593e+14   -0.509522961   1.00130239   0.537280299   0   310.797817   0   484.084431   0.0266080762   0.496292598   1183.71117
0.466   1.35278841e+35   0.000209706539   9.83185847e+14   -0.509528226   1.00133081   0.537266056   0   310.803285   0   484.090753   0.0266073752   0.496279628   1183.69887
0.471   1.35268171e+35   0.000216525412   9.8315544e+14   -0.509533548   1.00135954   0.53725166   0   310.808812   0   484.097144   0.0266066667   0.496266519   1183.68644
0.476   1.35257387e+35   0.00022349039   9.83124709e+14   -0.509538927   1.00138857   0.53723711   0   310.814399   0   484.103603   0.0266059506   0.496253269   1183.67388
0.481   1.3524649e+35   0.000230603016   9.83093654e+14   -0.509544362   1.00141791   0.537222407   0   310.820044   0   484.110131   0.0266052269   0.49623988   1183.66119
0.486   1.35235479e+35   0.000237864829   9.83062274e+14   -0.509549855   1.00144756   0.53720755   0   310.825749   0   484.116727   0.0266044957   0.49622635   1183.64837
0.491   1.35224355e+35   0.000245277373   9.8303057e+14   -0.509555405   1.00147751   0.537192539   0   310.831513   0   484.123391   0.026603757   0.496212681   1183.63541
0.496   1.35213118e+35   0.000252842186   9.82998541e+14   -0.509561012   1.00150777   0.537177374   0   310.837336   0   484.130124   0.0266030106   0.496198872   1183.62232
0.501   1.35201768e+35   0.000260560811   9.82966188e+14   -0.509566675   1.00153834   0.537162056   0   310.843219   0   484.136925   0.0266022567   0.496184923   1183.6091
0.506   1.35190304e+35   0.000268434787   9.82933511e+14   -0.509572396   1.00156922   0.537146584   0   310.849161   0   484.143795   0.0266014953   0.496170833   1183.59575
0.511   1.35178727e+35   0.000276465654   9.8290051e+14   -0.509578173   1.0016004   0.537130958   0   310.855162   0   484.150733   0.0266007263   0.496156604   1183.58226
0.516   1.35167036e+35   0.000284654952   9.82867185e+14   -0.509584008   1.00163189   0.537115179   0   310.861222   0   484.15774   0.0265999497   0.496142235   1183.56864
0.521   1.35155233e+35   0.00029300422   9.82833535e+14   -0.509589899   1.00166369   0.537099246   0   310.867342   0   484.164815   0.0265991656   0.496127726   1183.55489
0.526   1.35143316e+35   0.000301514998   9.82799561e+14   -0.509595848   1.00169579   0.537083159   0   310.87352   0   484.171958   0.0265983739   0.496113076   1183.54101
0.531   1.35131286e+35   0.000310188823   9.82765263e+14   -0.509601853   1.0017282   0.537066919   0   310.879759   0   484.17917   0.0265975747   0.496098287   1183.527
0.536   1.35119143e+35   0.000319027234   9.8273064e+14   -0.509607915   1.00176092   0.537050524   0   310.886056   0   484.18645   0.0265967679   0.496083358   1183.51285
0.541   1.35106887e+35   0.00032803177   9.82695694e+14   -0.509614035   1.00179395   0.537033976   0   310.892413   0   484.193799   0.0265959535   0.496068289   1183.49857
0.546   1.35094517e+35   0.000337203967   9.82660423e+14   -0.509620211   1.00182728   0.537017275   0   310.898829   0   484.201217   0.0265951316   0.49605308   1183.48416
0.551   1.35082035e+35   0.000346545364   9.82624828e+14   -0.509626444   1.00186093   0.537000419   0   310.905304   0   484.208702   0.0265943021   0.49603773   1183.46961
0.556   1.35069439e+35   0.000356057497   9.82588909e+14   -0.509632734   1.00189488   0.53698341   0   310.911839   0   484.216257   0.0265934651   0.496022241   1183.45494
0.561   1.3505673e+35   0.000365741903   9.82552665e+14   -0.509639081   1.00192913   0.536966247   0   310.918433   0   484.22388   0.0265926205   0.496006612   1183.44013
0.566   1.35043909e+35   0.000375600119   9.82516097e+14   -0.509645485   1.0019637   0.536948931   0   310.925087   0   484.231571   0.0265917684   0.495990843   1183.42519
0.571   1.35030974e+35   0.00038563368   9.82479206e+14   -0.509651946   1.00199857   0.536931461   0   310.931799   0   484.239331   0.0265909086   0.495974933   1183.41011
0.576   1.35017926e+35   0.000395844121   9.8244199e+14   -0.509658464   1.00203375   0.536913837   0   310.938572   0   484.247159   0.0265900414   0.495958884   1183.39491
0.581   1.35004765e+35   0.000406232979   9.82404449e+14   -0.509665039   1.00206924   0.536896059   0   310.945403   0   484.255056   0.0265891665   0.495942695   1183.37957
0.586   1.34991491e+35   0.000416801789   9.82366585e+14   -0.509671671   1.00210503   0.536878127   0   310.952294   0   484.263021   0.0265882842   0.495926366   1183.3641
0.591   1.34978104e+35   0.000427552084   9.82328397e+14   -0.50967836   1.00214113   0.536860042   0   310.959244   0   484.271055   0.0265873942   0.495909896   1183.3485
0.596   1.34964605e+35   0.000438485399   9.82289884e+14   -0.509685106   1.00217754   0.536841803   0   310.966254   0   484.279158   0.0265864967   0.495893287   1183.33276
0.601   1.34950992e+35   0.000449603269   9.82251047e+14   -0.509691909   1.00221426   0.53682341   0   310.973323   0   484.287329   0.0265855917   0.495876538   1183.3169
0.606   1.34937266e+35   0.000460907225   9.82211886e+14   -0.509698769   1.00225129   0.536804864   0   310.980452   0   484.295569   0.026584679   0.495859648   1183.3009
0.611   1.34923428e+35   0.000472398802   9.82172401e+14   -0.509705686   1.00228862   0.536786164   0   310.98764   0   484.303877   0.0265837589   0.495842619   1183.28477
0.616   1.34909476e+35   0.000484079533   9.82132592e+14   -0.509712659   1.00232626   0.53676731   0   310.994887   0   484.312254   0.0265828311   0.495825449   1183.2685
0.621   1.34895412e+35   0.000495950949   9.82092459e+14   -0.50971969   1.00236421   0.536748302   0   311.002194   0   484.320699   0.0265818959   0.49580814   1183.25211
0.626   1.34881235e+35   0.000508014583   9.82052002e+14   -0.509726778   1.00240247   0.53672914   0   311.009561   0   484.329213   0.026580953   0.49579069   1183.23558
0.631   1.34866945e+35   0.000520271966   9.8201122e+14   -0.509733922   1.00244103   0.536709825   0   311.016986   0   484.337796   0.0265800026   0.4957731   1183.21892
0.636   1.34852543e+35   0.00053272463   9.81970115e+14   -0.509741124   1.0024799   0.536690356   0   311.024472   0   484.346447   0.0265790446   0.495755371   1183.20213
0.641   1.34838027e+35   0.000545374105   9.81928685e+14   -0.509748383   1.00251908   0.536670733   0   311.032017   0   484.355167   0.0265780791   0.495737501   1183.18521
0.646   1.34823399e+35   0.000558221922   9.81886931e+14   -0.509755698   1.00255857   0.536650957   0   311.039621   0   484.363956   0.026577106   0.495719491   1183.16815
0.651   1.34808658e+35   0.000571269611   9.81844854e+14   -0.509763071   1.00259837   0.536631026   0   311.047285   0   484.372813   0.0265761254   0.495701341   1183.15096
0.656   1.34793805e+35   0.000584518701   9.81802452e+14   -0.5097705   1.00263847   0.536610942   0   311.055008   0   484.381739   0.0265751372   0.495683051   1183.13364
0.661   1.34778838e+35   0.000597970722   9.81759726e+14   -0.509777987   1.00267888   0.536590704   0   311.062791   0   484.390733   0.0265741415   0.495664621   1183.11619
0.666   1.34763759e+35   0.000611627203   9.81716676e+14   -0.50978553   1.0027196   0.536570313   0   311.070633   0   484.399796   0.0265731382   0.495646051   1183.09861
0.671   1.34748568e+35   0.000625489672   9.81673302e+14   -0.50979313   1.00276063   0.536549767   0   311.078535   0   484.408928   0.0265721273   0.495627341   1183.08089
0.676   1.34733264e+35   0.000639559657   9.81629604e+14   -0.509800788   1.00280197   0.536529068   0   311.086497   0   484.418129   0.0265711089   0.495608491   1183.06305
0.681   1.34717847e+35   0.000653838686   9.81585582e+14   -0.509808502   1.00284361   0.536508215   0   311.094518   0   484.427398   0.0265700829   0.4955895   1183.04507
0.686   1.34702318e+35   0.000668328286   9.81541236e+14   -0.509816273   1.00288556   0.536487208   0   311.102599   0   484.436736   0.0265690494   0.49557037   1183.02695
0.691   1.34686676e+35   0.000683029984   9.81496566e+14   -0.509824102   1.00292782   0.536466047   0   311.110739   0   484.446142   0.0265680083   0.4955511   1183.00871
0.696   1.34670921e+35   0.000697945305   9.81451573e+14   -0.509831987   1.00297039   0.536444733   0   311.118939   0   484.455618   0.0265669596   0.495531689   1182.99033
0.701   1.34655055e+35   0.000713075777   9.81406255e+14   -0.509839929   1.00301327   0.536423264   0   311.127198   0   484.465162   0.0265659034   0.495512138   1182.97183
0.706   1.34639075e+35   0.000728422924   9.81360613e+14   -0.509847928   1.00305645   0.536401642   0   311.135517   0   484.474775   0.0265648397   0.495492447   1182.95319
0.711   1.34622984e+35   0.000743988273   9.81314647e+14   -0.509855985   1.00309995   0.536379867   0   311.143896   0   484.484456   0.0265637684   0.495472617   1182.93441
0.716   1.34606779e+35   0.000759773346   9.81268357e+14   -0.509864098   1.00314375   0.536357937   0   311.152334   0   484.494207   0.0265626895   0.495452646   1182.91551
0.721   1.34590463e+35   0.000775779669   9.81221743e+14   -0.509872268   1.00318786   0.536335853   0   311.160832   0   484.504026   0.026561603   0.495432534   1182.89648
0.726   1.34574034e+35   0.000792008765   9.81174805e+14   -0.509880495   1.00323227   0.536313616   0   311.16939   0   484.513914   0.0265605091   0.495412283   1182.87731
0.731   1.34557492e+35   0.000808462158   9.81127544e+14   -0.509888779   1.003277   0.536291225   0   311.178008   0   484.52387   0.0265594075   0.495391892   1182.85801
0.736   1.34540839e+35   0.00082514137   9.81079958e+14   -0.50989712   1.00332204   0.53626868   0   311.186685   0   484.533896   0.0265582984   0.49537136   1182.83858
0.741   1.34524073e+35   0.000842047924   9.81032049e+14   -0.509905518   1.00336738   0.536245981   0   311.195422   0   484.54399   0.0265571818   0.495350689   1182.81901
0.746   1.34507195e+35   0.000859183343   9.80983815e+14   -0.509913973   1.00341303   0.536223128   0   311.204218   0   484.554153   0.0265560575   0.495329877   1182.79932
0.751   1.34490204e+35   0.000876549146   9.80935258e+14   -0.509922485   1.00345899   0.536200122   0   311.213074   0   484.564385   0.0265549258   0.495308925   1182.77949
0.756   1.34473101e+35   0.000894146856   9.80886377e+14   -0.509931054   1.00350526   0.536176961   0   311.22199   0   484.574686   0.0265537864   0.495287833   1182.75953
0.761   1.34455886e+35   0.000911977993   9.80837171e+14   -0.50993968   1.00355184   0.536153647   0   311.230966   0   484.585055   0.0265526396   0.495266601   1182.73944
0.766   1.34438559e+35   0.000930044078   9.80787642e+14   -0.509948363   1.00359872   0.536130179   0   311.240002   0   484.595494   0.0265514851   0.495245229   1182.71922
0.771   1.3442112e+35   0.000948346629   9.80737789e+14   -0.509957103   1.00364592   0.536106557   0   311.249097   0   484.606001   0.0265503231   0.495223716   1182.69887
0.776   1.34403569e+35   0.000966887166   9.80687613e+14   -0.509965899   1.00369342   0.536082781   0   311.258252   0   484.616578   0.0265491536   0.495202064   1182.67838
0.781   1.34385905e+35   0.000985667208   9.80637112e+14   -0.509974753   1.00374123   0.536058851   0   311.267467   0   484.627223   0.0265479765   0.495180271   1182.65776
0.786   1.3436813e+35   0.00100468827   9.80586288e+14   -0.509983664   1.00378935   0.536034768   0   311.276742   0   484.637937   0.0265467918   0.495158338   1182.63701
0.791   1.34350242e+35   0.00102395188   9.80535139e+14   -0.509992632   1.00383778   0.53601053   0   311.286076   0   484.64872   0.0265455996   0.495136265   1182.61613
0.796   1.34332243e+35   0.00104345954   9.80483667e+14   -0.510001657   1.00388652   0.535986139   0   311.29547   0   484.659571   0.0265443998   0.495114051   1182.59512
0.801   1.34314131e+35   0.00106321278   9.80431871e+14   -0.510010738   1.00393556   0.535961594   0   311.304925   0   484.670492   0.0265431925   0.495091698   1182.57397
0.806   1.34295907e+35   0.00108321311   9.80379751e+14   -0.510019877   1.00398492   0.535936895   0   311.314439   0   484.681482   0.0265419776   0.495069204   1182.5527
0.811   1.34277572e+35   0.00110346205   9.80327308e+14   -0.510029073   1.00403458   0.535912042   0   311.324013   0   484.692541   0.0265407552   0.49504657   1182.53129
0.816   1.34259124e+35   0.00112396111   9.8027454e+14   -0.510038326   1.00408456   0.535887035   0   311.333647   0   484.703668   0.0265395252   0.495023796   1182.50975
0.821   1.34240565e+35   0.00114471181   9.80221449e+14   -0.510047635   1.00413484   0.535861874   0   311.34334   0   484.714865   0.0265382876   0.495000882   1182.48808
0.826   1.34221894e+35   0.00116571565   9.80168034e+14   -0.510057002   1.00418543   0.535836559   0   311.353094   0   484.72613   0.0265370425   0.494977827   1182.46627
0.831   1.34203111e+35   0.00118697417   9.80114295e+14   -0.510066426   1.00423633   0.535811091   0   311.362908   0   484.737465   0.0265357898   0.494954633   1182.44434
0.836   1.34184216e+35   0.00120848886   9.80060232e+14   -0.510075906   1.00428754   0.535785468   0   311.372781   0   484.748869   0.0265345296   0.494931298   1182.42227
0.841   1.3416521e+35   0.00123026124   9.80005846e+14   -0.510085444   1.00433905   0.535759692   0   311.382715   0   484.760341   0.0265332618   0.494907823   1182.40008
0.846   1.34146091e+35   0.00125229283   9.79951136e+14   -0.510095038   1.00439088   0.535733762   0   311.392708   0   484.771883   0.0265319865   0.494884207   1182.37775
0.851   1.34126861e+35   0.00127458513   9.79896102e+14   -0.51010469   1.00444302   0.535707677   0   311.402761   0   484.783494   0.0265307036   0.494860452   1182.35528
0.856   1.3410752e+35   0.00129713966   9.79840745e+14   -0.510114399   1.00449546   0.535681439   0   311.412875   0   484.795173   0.0265294132   0.494836556   1182.33269
0.861   1.34088066e+35   0.00131995792   9.79785063e+14   -0.510124164   1.00454822   0.535655047   0   311.423048   0   484.806922   0.0265281152   0.49481252   1182.30997
0.866   1.34068501e+35   0.00134304144   9.79729058e+14   -0.510133987   1.00460128   0.535628501   0   311.433282   0   484.81874   0.0265268096   0.494788343   1182.28711
0.871   1.34048824e+35   0.00136639171   9.79672729e+14   -0.510143866   1.00465465   0.535601801   0   311.443575   0   484.830627   0.0265254965   0.494764027   1182.26412
0.876   1.34029036e+35   0.00139001024   9.79616077e+14   -0.510153803   1.00470833   0.535574946   0   311.453929   0   484.842583   0.0265241758   0.49473957   1182.241
0.881   1.34009137e+35   0.00141389855   9.79559101e+14   -0.510163796   1.00476233   0.535547938   0   311.464342   0   484.854609   0.0265228476   0.494714973   1182.21775
0.886   1.33989125e+35   0.00143805815   9.79501801e+14   -0.510173847   1.00481663   0.535520776   0   311.474816   0   484.866703   0.0265215118   0.494690235   1182.19437
0.891   1.33969003e+35   0.00146249053   9.79444177e+14   -0.510183954   1.00487124   0.535493461   0   311.48535   0   484.878866   0.0265201685   0.494665358   1182.17086
0.896   1.33948768e+35   0.00148719722   9.7938623e+14   -0.510194119   1.00492615   0.535465991   0   311.495944   0   484.891099   0.0265188176   0.49464034   1182.14721
0.901   1.33928423e+35   0.0015121797   9.79327959e+14   -0.51020434   1.00498138   0.535438367   0   311.506598   0   484.903401   0.0265174591   0.494615182   1182.12344
0.906   1.33907966e+35   0.0015374395   9.79269364e+14   -0.510214619   1.00503692   0.535410589   0   311.517312   0   484.915772   0.0265160931   0.494589883   1182.09953
0.911   1.33887397e+35   0.00156297811   9.79210446e+14   -0.510224954   1.00509277   0.535382657   0   311.528086   0   484.928212   0.0265147196   0.494564444   1182.07549
0.916   1.33866718e+35   0.00158879704   9.79151204e+14   -0.510235346   1.00514893   0.535354571   0   311.538921   0   484.940721   0.0265133385   0.494538865   1182.05132
0.921   1.33845927e+35   0.00161489779   9.79091639e+14   -0.510245796   1.00520539   0.535326331   0   311.549816   0   484.9533   0.0265119498   0.494513146   1182.02702
0.926   1.33825024e+35   0.00164128187   9.7903175e+14   -0.510256302   1.00526217   0.535297937   0   311.56077   0   484.965948   0.0265105536   0.494487286   1182.00258
0.931   1.33804011e+35   0.00166795079   9.78971537e+14   -0.510266866   1.00531926   0.535269389   0   311.571786   0   484.978665   0.0265091498   0.494461286   1181.97802
0.936   1.33782886e+35   0.00169490603   9.78911e+14   -0.510277486   1.00537665   0.535240687   0   311.582861   0   484.991451   0.0265077385   0.494435145   1181.95332
0.941   1.3376165e+35   0.00172214911   9.7885014e+14   -0.510288163   1.00543436   0.535211831   0   311.593996   0   485.004307   0.0265063196   0.494408865   1181.9285
0.946   1.33740303e+35   0.00174968153   9.78788957e+14   -0.510298898   1.00549237   0.535182821   0   311.605192   0   485.017232   0.0265048931   0.494382443   1181.90354
0.951   1.33718845e+35   0.00177750478   9.7872745e+14   -0.510309689   1.0055507   0.535153657   0   311.616448   0   485.030226   0.0265034591   0.494355882   1181.87845
0.956   1.33697275e+35   0.00180562038   9.78665619e+14   -0.510320538   1.00560933   0.535124339   0   311.627765   0   485.043289   0.0265020176   0.49432918   1181.85323
0.961   1.33675595e+35   0.0018340298   9.78603464e+14   -0.510331443   1.00566828   0.535094867   0   311.639141   0   485.056422   0.0265005685   0.494302338   1181.82787
0.966   1.33653804e+35   0.00186273457   9.78540986e+14   -0.510342405   1.00572753   0.53506524   0   311.650578   0   485.069624   0.0264991118   0.494275355   1181.80239
0.971   1.33631901e+35   0.00189173617   9.78478185e+14   -0.510353425   1.0057871   0.53503546   0   311.662076   0   485.082896   0.0264976476   0.494248232   1181.77677
0.976   1.33609888e+35   0.0019210361   9.7841506e+14   -0.510364501   1.00584697   0.535005526   0   311.673633   0   485.096237   0.0264961758   0.494220969   1181.75103
0.981   1.33587764e+35   0.00195063586   9.78351611e+14   -0.510375634   1.00590716   0.534975437   0   311.685252   0   485.109647   0.0264946964   0.494193565   1181.72515
0.986   1.33565529e+35   0.00198053695   9.78287839e+14   -0.510386825   1.00596765   0.534945194   0   311.69693   0   485.123126   0.0264932096   0.494166021   1181.69914
0.991   1.33543183e+35   0.00201074085   9.78223743e+14   -0.510398072   1.00602846   0.534914798   0   311.708669   0   485.136675   0.0264917151   0.494138337   1181.673
0.996   1.33520726e+35   0.00204124908   9.78159324e+14   -0.510409377   1.00608957   0.534884247   0   311.720468   0   485.150294   0.0264902131   0.494110512   1181.64673
1.001   1.33498158e+35   0.00207206312   9.78094581e+14   -0.510420738   1.006151   0.534853542   0   311.732328   0   485.163982   0.0264887035   0.494082546   1181.62033
1.006   1.3347548e+35   0.00210318446   9.78029515e+14   -0.510432156   1.00621273   0.534822683   0   311.744248   0   485.177739   0.0264871864   0.494054441   1181.5938
1.011   1.33452691e+35   0.00213461461   9.77964125e+14   -0.510443632   1.00627478   0.53479167   0   311.756229   0   485.191566   0.0264856618   0.494026194   1181.56713
1.016   1.33429791e+35   0.00216635505   9.77898412e+14   -0.510455164   1.00633713   0.534760503   0   311.76827   0   485.205462   0.0264841295   0.493997808   1181.54034
1.021   1.33406781e+35   0.00219840727   9.77832375e+14   -0.510466753   1.0063998   0.534729181   0   311.780371   0   485.219428   0.0264825897   0.493969281   1181.51341
1.026   1.33383659e+35   0.00223077277   9.77766015e+14   -0.5104784   1.00646278   0.534697706   0   311.792534   0   485.233463   0.0264810424   0.493940613   1181.48635
1.031   1.33360428e+35   0.00226345304   9.77699331e+14   -0.510490103   1.00652606   0.534666076   0   311.804756   0   485.247568   0.0264794875   0.493911805   1181.45916
1.036   1.33337086e+35   0.00229644957   9.77632324e+14   -0.510501863   1.00658966   0.534634292   0   311.817039   0   485.261742   0.026477925   0.493882857   1181.43184
1.041   1.33313633e+35   0.00232976384   9.77564993e+14   -0.510513681   1.00665357   0.534602354   0   311.829383   0   485.275986   0.026476355   0.493853768   1181.40439
1.046   1.3329007e+35   0.00236339736   9.77497339e+14   -0.510525555   1.00671779   0.534570262   0   311.841788   0   485.290299   0.0264747775   0.493824538   1181.37681
1.051   1.33266396e+35   0.0023973516   9.77429362e+14   -0.510537487   1.00678231   0.534538015   0   311.854253   0   485.304682   0.0264731924   0.493795168   1181.3491
1.056   1.33242612e+35   0.00243162805   9.77361061e+14   -0.510549475   1.00684715   0.534505615   0   311.866778   0   485.319135   0.0264715997   0.493765658   1181.32126
1.061   1.33218717e+35   0.00246622821   9.77292436e+14   -0.51056152   1.0069123   0.53447306   0   311.879365   0   485.333657   0.0264699994   0.493736007   1181.29328
1.066   1.33194713e+35   0.00250115355   9.77223488e+14   -0.510573623   1.00697777   0.534440351   0   311.892011   0   485.348249   0.0264683916   0.493706215   1181.26518
1.071   1.33170598e+35   0.00253640557   9.77154217e+14   -0.510585782   1.00704354   0.534407488   0   311.904719   0   485.36291   0.0264667763   0.493676283   1181.23694
1.076   1.33146372e+35   0.00257198575   9.77084622e+14   -0.510597999   1.00710962   0.53437447   0   311.917487   0   485.377641   0.0264651534   0.493646211   1181.20857
1.081   1.33122037e+35   0.00260789557   9.77014704e+14   -0.510610272   1.00717601   0.534341298   0   311.930316   0   485.392442   0.0264635229   0.493615997   1181.18008
1.086   1.33097591e+35   0.00264413652   9.76944463e+14   -0.510622603   1.00724272   0.534307972   0   311.943206   0   485.407313   0.0264618849   0.493585644   1181.15145
1.091   1.33073035e+35   0.00268071008   9.76873898e+14   -0.51063499   1.00730973   0.534274492   0   311.956157   0   485.422253   0.0264602393   0.493555149   1181.12269
1.096   1.33048369e+35   0.00271761774   9.76803009e+14   -0.510647434   1.00737706   0.534240858   0   311.969168   0   485.437263   0.0264585862   0.493524515   1181.0938
1.101   1.33023592e+35   0.00275486097   9.76731798e+14   -0.510659936   1.0074447   0.534207069   0   311.98224   0   485.452342   0.0264569255   0.493493739   1181.06478
1.106   1.32998706e+35   0.00279244126   9.76660262e+14   -0.510672494   1.00751264   0.534173126   0   311.995373   0   485.467492   0.0264552573   0.493462823   1181.03562
1.111   1.3297371e+35   0.00283036009   9.76588404e+14   -0.51068511   1.0075809   0.534139029   0   312.008567   0   485.482711   0.0264535815   0.493431767   1181.00634
1.116   1.32948604e+35   0.00286861893   9.76516222e+14   -0.510697782   1.00764947   0.534104777   0   312.021821   0   485.498   0.0264518981   0.49340057   1180.97693
1.121   1.32923387e+35   0.00290721928   9.76443717e+14   -0.510710512   1.00771835   0.534070371   0   312.035136   0   485.513359   0.0264502072   0.493369232   1180.94738
1.126   1.32898061e+35   0.00294616259   9.76370888e+14   -0.510723298   1.00778755   0.534035811   0   312.048513   0   485.528787   0.0264485087   0.493337753   1180.91771
1.131   1.32872625e+35   0.00298545036   9.76297736e+14   -0.510736142   1.00785705   0.534001097   0   312.06195   0   485.544286   0.0264468027   0.493306134   1180.8879
1.136   1.32847079e+35   0.00302508407   9.76224261e+14   -0.510749043   1.00792687   0.533966228   0   312.075448   0   485.559854   0.0264450891   0.493274374   1180.85797
1.141   1.32821424e+35   0.00306506518   9.76150463e+14   -0.510762   1.00799699   0.533931205   0   312.089007   0   485.575492   0.0264433679   0.493242474   1180.8279
1.146   1.32795658e+35   0.00310539517   9.76076341e+14   -0.510775015   1.00806743   0.533896027   0   312.102627   0   485.5912   0.0264416392   0.493210433   1180.7977
1.151   1.32769783e+35   0.00314607552   9.76001895e+14   -0.510788086   1.00813818   0.533860695   0   312.116308   0   485.606978   0.026439903   0.493178251   1180.76738
1.156   1.32743799e+35   0.00318710771   9.75927127e+14   -0.510801215   1.00820924   0.533825209   0   312.13005   0   485.622826   0.0264381591   0.493145929   1180.73692
1.161   1.32717704e+35   0.0032284932   9.75852035e+14   -0.510814401   1.00828061   0.533789568   0   312.143853   0   485.638743   0.0264364078   0.493113466   1180.70633
1.166   1.326915e+35   0.00327023347   9.7577662e+14   -0.510827643   1.0083523   0.533753773   0   312.157717   0   485.654731   0.0264346488   0.493080862   1180.67561
1.171   1.32665187e+35   0.00331232999   9.75700881e+14   -0.510840943   1.00842429   0.533717824   0   312.171642   0   485.670789   0.0264328823   0.493048118   1180.64476
1.176   1.32638763e+35   0.00335478424   9.75624819e+14   -0.5108543   1.0084966   0.53368172   0   312.185628   0   485.686916   0.0264311083   0.493015232   1180.61378
1.181   1.32612231e+35   0.00339759768   9.75548434e+14   -0.510867713   1.00856922   0.533645462   0   312.199676   0   485.703114   0.0264293266   0.492982206   1180.58267
1.186   1.32585589e+35   0.00344077178   9.75471726e+14   -0.510881184   1.00864215   0.533609049   0   312.213784   0   485.719382   0.0264275375   0.49294904   1180.55142
1.191   1.32558837e+35   0.00348430802   9.75394694e+14   -0.510894712   1.00871539   0.533572482   0   312.227954   0   485.73572   0.0264257407   0.492915732   1180.52005
1.196   1.32531977e+35   0.00352820786   9.75317339e+14   -0.510908297   1.00878894   0.533535761   0   312.242184   0   485.752127   0.0264239364   0.492882284   1180.48855
1.201   1.32505007e+35   0.00357247277   9.75239661e+14   -0.510921939   1.00886281   0.533498885   0   312.256476   0   485.768605   0.0264221246   0.492848695   1180.45692
1.206   1.32477927e+35   0.00361710422   9.75161659e+14   -0.510935637   1.00893699   0.533461854   0   312.270829   0   485.785153   0.0264203052   0.492814965   1180.42515
1.211   1.32450738e+35   0.00366210368   9.75083335e+14   -0.510949393   1.00901148   0.533424669   0   312.285244   0   485.801771   0.0264184782   0.492781095   1180.39326
1.216   1.32423441e+35   0.0037074726   9.75004687e+14   -0.510963206   1.00908628   0.53338733   0   312.299719   0   485.81846   0.0264166437   0.492747083   1180.36124
1.221   1.32396034e+35   0.00375321246   9.74925715e+14   -0.510977076   1.00916139   0.533349836   0   312.314256   0   485.835218   0.0264148016   0.492712931   1180.32908
1.226   1.32368517e+35   0.00379932471   9.74846421e+14   -0.510991003   1.00923682   0.533312187   0   312.328854   0   485.852047   0.0264129519   0.492678638   1180.2968
1.231   1.32340892e+35   0.00384581083   9.74766803e+14   -0.511004987   1.00931256   0.533274384   0   312.343514   0   485.868945   0.0264110947   0.492644204   1180.26438
1.236   1.32313158e+35   0.00389267228   9.74686862e+14   -0.511019028   1.00938861   0.533236427   0   312.358234   0   485.885914   0.0264092299   0.49260963   1180.23184
1.241   1.32285315e+35   0.00393991051   9.74606598e+14   -0.511033126   1.00946497   0.533198315   0   312.373016   0   485.902953   0.0264073576   0.492574914   1180.19916
1.246   1.32257362e+35   0.00398752699   9.7452601e+14   -0.511047281   1.00954164   0.533160048   0   312.38786   0   485.920063   0.0264054777   0.492540058   1180.16636
1.251   1.32229301e+35   0.00403552318   9.74445099e+14   -0.511061493   1.00961863   0.533121627   0   312.402765   0   485.937243   0.0264035902   0.49250506   1180.13342
1.256   1.32201131e+35   0.00408390054   9.74363865e+14   -0.511075762   1.00969593   0.533083051   0   312.417731   0   485.954493   0.0264016952   0.492469922   1180.10036
1.261   1.32172852e+35   0.00413266052   9.74282308e+14   -0.511090088   1.00977354   0.533044321   0   312.432759   0   485.971813   0.0263997926   0.492434643   1180.06716
1.266   1.32144465e+35   0.00418180459   9.74200428e+14   -0.511104471   1.00985147   0.533005436   0   312.447848   0   485.989204   0.0263978825   0.492399223   1180.03384
1.271   1.32115968e+35   0.00423133421   9.74118224e+14   -0.511118911   1.0099297   0.532966396   0   312.462999   0   486.006664   0.0263959648   0.492363662   1180.00038
1.276   1.32087363e+35   0.00428125082   9.74035697e+14   -0.511133409   1.01000825   0.532927202   0   312.478211   0   486.024196   0.0263940395   0.49232796   1179.96679
1.281   1.32058649e+35   0.00433155589   9.73952847e+14   -0.511147963   1.01008712   0.532887853   0   312.493485   0   486.041798   0.0263921067   0.492292117   1179.93308
1.286   1.32029827e+35   0.00438225087   9.73869674e+14   -0.511162574   1.01016629   0.53284835   0   312.50882   0   486.05947   0.0263901663   0.492256133   1179.89923
1.291   1.32000896e+35   0.00443333722   9.73786177e+14   -0.511177243   1.01024578   0.532808692   0   312.524217   0   486.077212   0.0263882183   0.492220009   1179.86526
1.296   1.31971856e+35   0.00448481638   9.73702358e+14   -0.511191968   1.01032558   0.532768879   0   312.539676   0   486.095025   0.0263862628   0.492183743   1179.83115
1.301   1.31942708e+35   0.00453668981   9.73618215e+14   -0.51120675   1.01040569   0.532728911   0   312.555196   0   486.112909   0.0263842998   0.492147336   1179.79691
1.306   1.31913452e+35   0.00458895897   9.73533749e+14   -0.51122159   1.01048612   0.532688789   0   312.570777   0   486.130862   0.0263823291   0.492110788   1179.76255
1.311   1.31884087e+35   0.0046416253   9.73448959e+14   -0.511236486   1.01056686   0.532648512   0   312.586421   0   486.148887   0.0263803509   0.492074099   1179.72805
1.316   1.31854614e+35   0.00469469025   9.73363847e+14   -0.51125144   1.01064791   0.532608081   0   312.602126   0   486.166982   0.0263783651   0.492037269   1179.69343
1.321   1.31825032e+35   0.00474815528   9.73278411e+14   -0.51126645   1.01072927   0.532567494   0   312.617893   0   486.185147   0.0263763718   0.492000298   1179.65867
1.326   1.31795342e+35   0.00480202183   9.73192653e+14   -0.511281518   1.01081095   0.532526753   0   312.633721   0   486.203383   0.0263743709   0.491963186   1179.62378
1.331   1.31765544e+35   0.00485629135   9.73106571e+14   -0.511296642   1.01089294   0.532485857   0   312.649612   0   486.22169   0.0263723624   0.491925933   1179.58877
1.336   1.31735638e+35   0.00491096529   9.73020165e+14   -0.511311824   1.01097525   0.532444807   0   312.665564   0   486.240067   0.0263703464   0.491888539   1179.55362
1.341   1.31705623e+35   0.00496604509   9.72933437e+14   -0.511327063   1.01105786   0.532403601   0   312.681578   0   486.258515   0.0263683228   0.491851004   1179.51835
1.346   1.31675501e+35   0.0050215322   9.72846386e+14   -0.511342358   1.01114079   0.532362241   0   312.697654   0   486.277034   0.0263662917   0.491813327   1179.48294
1.351   1.3164527e+35   0.00507742807   9.72759011e+14   -0.511357711   1.01122404   0.532320726   0   312.713791   0   486.295623   0.0263642529   0.49177551   1179.44741
1.356   1.31614932e+35   0.00513373413   9.72671313e+14   -0.511373121   1.0113076   0.532279056   0   312.729991   0   486.314283   0.0263622066   0.491737551   1179.41175
1.361   1.31584485e+35   0.00519045183   9.72583292e+14   -0.511388588   1.01139147   0.532237231   0   312.746252   0   486.333014   0.0263601528   0.491699451   1179.37595
1.366   1.31553931e+35   0.00524758261   9.72494948e+14   -0.511404112   1.01147565   0.532195251   0   312.762576   0   486.351815   0.0263580914   0.49166121   1179.34003
1.371   1.31523268e+35   0.00530512792   9.7240628e+14   -0.511419692   1.01156015   0.532153117   0   312.778961   0   486.370687   0.0263560224   0.491622828   1179.30397
1.376   1.31492498e+35   0.00536308919   9.7231729e+14   -0.51143533   1.01164496   0.532110828   0   312.795408   0   486.38963   0.0263539458   0.491584304   1179.26779
1.381   1.3146162e+35   0.00542146786   9.72227976e+14   -0.511451025   1.01173009   0.532068383   0   312.811918   0   486.408644   0.0263518617   0.491545639   1179.23148
1.386   1.31430634e+35   0.00548026538   9.72138339e+14   -0.511466777   1.01181553   0.532025784   0   312.828489   0   486.427728   0.02634977   0.491506834   1179.19504
1.391   1.31399541e+35   0.00553948318   9.72048379e+14   -0.511482587   1.01190128   0.53198303   0   312.845123   0   486.446884   0.0263476707   0.491467886   1179.15847
1.396   1.3136834e+35   0.00559912269   9.71958096e+14   -0.511498453   1.01198734   0.531940121   0   312.861818   0   486.46611   0.0263455639   0.491428798   1179.12177
1.401   1.31337031e+35   0.00565918536   9.7186749e+14   -0.511514376   1.01207373   0.531897057   0   312.878576   0   486.485407   0.0263434495   0.491389568   1179.08494
1.406   1.31305615e+35   0.00571967261   9.7177656e+14   -0.511530356   1.01216042   0.531853838   0   312.895396   0   486.504775   0.0263413275   0.491350197   1179.04798
1.411   1.31274091e+35   0.00578058589   9.71685308e+14   -0.511546393   1.01224743   0.531810464   0   312.912278   0   486.524214   0.026339198   0.491310685   1179.01089
1.416   1.3124246e+35   0.00584192663   9.71593732e+14   -0.511562488   1.01233475   0.531766935   0   312.929222   0   486.543724   0.0263370609   0.491271031   1178.97367
1.421   1.31210722e+35   0.00590369625   9.71501833e+14   -0.511578639   1.01242239   0.531723251   0   312.946228   0   486.563305   0.0263349162   0.491231236   1178.93632
1.426   1.31178876e+35   0.0059658962   9.71409611e+14   -0.511594848   1.01251034   0.531679412   0   312.963297   0   486.582957   0.026332764   0.4911913   1178.89884
1.431   1.31146922e+35   0.0060285279   9.71317065e+14   -0.511611113   1.0125986   0.531635417   0   312.980428   0   486.60268   0.0263306042   0.491151222   1178.86123
1.436   1.31114862e+35   0.00609159279   9.71224197e+14   -0.511627436   1.01268718   0.531591268   0   312.997621   0   486.622474   0.0263284368   0.491111003   1178.8235
1.441   1.31082694e+35   0.00615509228   9.71131005e+14   -0.511643815   1.01277607   0.531546964   0   313.014876   0   486.642339   0.0263262618   0.491070643   1178.78563
1.446   1.31050419e+35   0.00621902782   9.7103749e+14   -0.511660252   1.01286528   0.531502505   0   313.032194   0   486.662275   0.0263240793   0.491030141   1178.74764
1.451   1.31018037e+35   0.00628340083   9.70943653e+14   -0.511676746   1.0129548   0.53145789   0   313.049575   0   486.682283   0.0263218892   0.490989497   1178.70951
1.456   1.30985548e+35   0.00634821273   9.70849491e+14   -0.511693296   1.01304464   0.53141312   0   313.067017   0   486.702361   0.0263196915   0.490948713   1178.67126
1.461   1.30952952e+35   0.00641346495   9.70755007e+14   -0.511709904   1.01313479   0.531368196   0   313.084522   0   486.722511   0.0263174863   0.490907786   1178.63288
1.466   1.30920249e+35   0.00647915892   9.706602e+14   -0.511726569   1.01322525   0.531323116   0   313.10209   0   486.742732   0.0263152734   0.490866719   1178.59437
1.471   1.30887439e+35   0.00654529605   9.70565069e+14   -0.511743291   1.01331603   0.53127788   0   313.11972   0   486.763024   0.026313053   0.49082551   1178.55573
1.476   1.30854522e+35   0.00661187778   9.70469615e+14   -0.51176007   1.01340713   0.53123249   0   313.137412   0   486.783387   0.0263108251   0.490784159   1178.51696
1.481   1.30821498e+35   0.00667890553   9.70373838e+14   -0.511776906   1.01349854   0.531186945   0   313.155167   0   486.803822   0.0263085895   0.490742667   1178.47806
1.486   1.30788367e+35   0.00674638071   9.70277738e+14   -0.511793799   1.01359026   0.531141244   0   313.172985   0   486.824328   0.0263063464   0.490701033   1178.43903
1.491   1.3075513e+35   0.00681430475   9.70181315e+14   -0.511810749   1.0136823   0.531095388   0   313.190865   0   486.844905   0.0263040957   0.490659257   1178.39987
1.496   1.30721786e+35   0.00688267906   9.70084569e+14   -0.511827756   1.01377465   0.531049376   0   313.208808   0   486.865554   0.0263018375   0.49061734   1178.36059
1.501   1.30688335e+35   0.00695150507   9.69987499e+14   -0.511844821   1.01386732   0.53100321   0   313.226814   0   486.886274   0.0262995716   0.490575282   1178.32117
1.506   1.30654778e+35   0.00702078419   9.69890106e+14   -0.511861942   1.01396031   0.530956888   0   313.244882   0   486.907065   0.0262972982   0.490533082   1178.28163
1.511   1.30621114e+35   0.00709051784   9.6979239e+14   -0.51187912   1.01405361   0.530910411   0   313.263013   0   486.927928   0.0262950172   0.49049074   1178.24196
1.516   1.30587344e+35   0.00716070743   9.69694351e+14   -0.511896356   1.01414722   0.530863778   0   313.281207   0   486.948862   0.0262927286   0.490448257   1178.20216
1.521   1.30553467e+35   0.00723135439   9.69595989e+14   -0.511913648   1.01424115   0.53081699   0   313.299463   0   486.969868   0.0262904325   0.490405631   1178.16222
1.526   1.30519484e+35   0.00730246012   9.69497303e+14   -0.511930998   1.01433539   0.530770047   0   313.317782   0   486.990945   0.0262881288   0.490362865   1178.12217
1.531   1.30485395e+35   0.00737402603   9.69398295e+14   -0.511948405   1.01442995   0.530722948   0   313.336164   0   487.012094   0.0262858174   0.490319956   1178.08198
1.536   1.30451199e+35   0.00744605355   9.69298963e+14   -0.511965868   1.01452483   0.530675694   0   313.354609   0   487.033314   0.0262834986   0.490276906   1178.04166
1.541   1.30416897e+35   0.00751854407   9.69199307e+14   -0.511983389   1.01462002   0.530628284   0   313.373117   0   487.054606   0.0262811721   0.490233714   1178.00122
1.546   1.30382489e+35   0.00759149901   9.69099329e+14   -0.512000967   1.01471552   0.530580719   0   313.391688   0   487.075969   0.0262788381   0.49019038   1177.96064
1.551   1.30347975e+35   0.00766491979   9.68999028e+14   -0.512018602   1.01481134   0.530532999   0   313.410322   0   487.097404   0.0262764964   0.490146905   1177.91994
1.556   1.30313355e+35   0.0077388078   9.68898403e+14   -0.512036294   1.01490748   0.530485123   0   313.429018   0   487.118911   0.0262741472   0.490103287   1177.87911
1.561   1.30278628e+35   0.00781316445   9.68797455e+14   -0.512054043   1.01500393   0.530437091   0   313.447778   0   487.140489   0.0262717904   0.490059528   1177.83815
1.566   1.30243796e+35   0.00788799116   9.68696184e+14   -0.512071849   1.0151007   0.530388904   0   313.466601   0   487.16214   0.0262694261   0.490015627   1177.79706
1.571   1.30208858e+35   0.00796328933   9.68594589e+14   -0.512089712   1.01519779   0.530340562   0   313.485486   0   487.183861   0.0262670541   0.489971585   1177.75584
1.576   1.30173813e+35   0.00803906035   9.68492672e+14   -0.512107632   1.01529519   0.530292064   0   313.504435   0   487.205655   0.0262646746   0.4899274   1177.71449
1.581   1.30138663e+35   0.00811530564   9.68390431e+14   -0.51212561   1.0153929   0.53024341   0   313.523447   0   487.22752   0.0262622875   0.489883073   1177.67302
1.586   1.30103408e+35   0.0081920266   9.68287867e+14   -0.512143644   1.01549093   0.530194601   0   313.542522   0   487.249458   0.0262598927   0.489838605   1177.63142
1.591   1.30068046e+35   0.00826922463   9.6818498e+14   -0.512161735   1.01558928   0.530145636   0   313.561661   0   487.271467   0.0262574905   0.489793994   1177.58968
1.596   1.30032579e+35   0.00834690113   9.68081769e+14   -0.512179884   1.01568794   0.530096515   0   313.580862   0   487.293548   0.0262550806   0.489749242   1177.54782
1.601   1.29997006e+35   0.00842505749   9.67978235e+14   -0.512198089   1.01578692   0.530047239   0   313.600127   0   487.3157   0.0262526631   0.489704348   1177.50584
1.606   1.29961328e+35   0.00850369513   9.67874378e+14   -0.512216352   1.01588622   0.529997807   0   313.619455   0   487.337925   0.0262502381   0.489659311   1177.46372
1.611   1.29925544e+35   0.00858281543   9.67770198e+14   -0.512234672   1.01598583   0.52994822   0   313.638847   0   487.360222   0.0262478055   0.489614133   1177.42147
1.616   1.29889655e+35   0.00866241979   9.67665694e+14   -0.512253049   1.01608576   0.529898476   0   313.658301   0   487.382591   0.0262453652   0.489568813   1177.3791
1.621   1.2985366e+35   0.00874250961   9.67560867e+14   -0.512271483   1.016186   0.529848577   0   313.67782   0   487.405031   0.0262429174   0.48952335   1177.3366
1.626   1.2981756e+35   0.00882308629   9.67455717e+14   -0.512289974   1.01628657   0.529798522   0   313.697401   0   487.427544   0.026240462   0.489477746   1177.29397
1.631   1.29781355e+35   0.00890415121   9.67350244e+14   -0.512308522   1.01638744   0.529748311   0   313.717046   0   487.450129   0.0262379991   0.489431999   1177.25121
1.636   1.29745044e+35   0.00898570577   9.67244447e+14   -0.512327127   1.01648864   0.529697945   0   313.736754   0   487.472786   0.0262355285   0.489386111   1177.20832
1.641   1.29708628e+35   0.00906775136   9.67138327e+14   -0.512345789   1.01659015   0.529647423   0   313.756526   0   487.495515   0.0262330503   0.48934008   1177.16531
1.646   1.29672108e+35   0.00915028938   9.67031883e+14   -0.512364508   1.01669198   0.529596744   0   313.776362   0   487.518316   0.0262305646   0.489293907   1177.12217
1.651   1.29635482e+35   0.0092333212   9.66925117e+14   -0.512383285   1.01679412   0.52954591   0   313.796261   0   487.541189   0.0262280712   0.489247592   1177.0789
1.656   1.29598751e+35   0.00931684823   9.66818027e+14   -0.512402118   1.01689658   0.52949492   0   313.816224   0   487.564135   0.0262255703   0.489201134   1177.0355
1.661   1.29561915e+35   0.00940087185   9.66710613e+14   -0.512421009   1.01699936   0.529443774   0   313.83625   0   487.587153   0.0262230618   0.489154535   1176.99197
1.666   1.29524974e+35   0.00948539344   9.66602877e+14   -0.512439956   1.01710245   0.529392473   0   313.85634   0   487.610243   0.0262205456   0.489107793   1176.94831
1.671   1.29487928e+35   0.00957041439   9.66494817e+14   -0.512458961   1.01720586   0.529341015   0   313.876494   0   487.633405   0.0262180219   0.489060909   1176.90453
1.676   1.29450778e+35   0.00965593608   9.66386433e+14   -0.512478023   1.01730959   0.529289401   0   313.896711   0   487.65664   0.0262154906   0.489013882   1176.86062
1.681   1.29413522e+35   0.00974195991   9.66277727e+14   -0.512497141   1.01741364   0.529237631   0   313.916992   0   487.679947   0.0262129517   0.488966714   1176.81658
1.686   1.29376162e+35   0.00982848725   9.66168696e+14   -0.512516317   1.017518   0.529185705   0   313.937337   0   487.703327   0.0262104052   0.488919403   1176.77241
1.691   1.29338698e+35   0.00991551948   9.66059343e+14   -0.51253555   1.01762268   0.529133623   0   313.957746   0   487.726779   0.0262078511   0.488871949   1176.72812
1.696   1.29301129e+35   0.010003058   9.65949666e+14   -0.51255484   1.01772768   0.529081385   0   313.978219   0   487.750303   0.0262052894   0.488824354   1176.6837
1.701   1.29263455e+35   0.0100911041   9.65839666e+14   -0.512574188   1.01783299   0.529028991   0   313.998755   0   487.7739   0.0262027201   0.488776616   1176.63915
1.706   1.29225677e+35   0.0101796593   9.65729342e+14   -0.512593592   1.01793863   0.528976441   0   314.019356   0   487.797569   0.0262001432   0.488728735   1176.59447
1.711   1.29187794e+35   0.0102687249   9.65618695e+14   -0.512613053   1.01804458   0.528923735   0   314.04002   0   487.821311   0.0261975588   0.488680712   1176.54966
1.716   1.29149807e+35   0.0103583023   9.65507724e+14   -0.512632572   1.01815084   0.528870872   0   314.060749   0   487.845126   0.0261949667   0.488632546   1176.50473
1.721   1.29111716e+35   0.0104483929   9.6539643e+14   -0.512652147   1.01825743   0.528817853   0   314.081541   0   487.869013   0.026192367   0.488584239   1176.45967
1.726   1.2907352e+35   0.0105389979   9.65284813e+14   -0.51267178   1.01836433   0.528764678   0   314.102398   0   487.892972   0.0261897597   0.488535788   1176.41448
1.731   1.29035221e+35   0.0106301189   9.65172872e+14   -0.51269147   1.01847155   0.528711347   0   314.123319   0   487.917005   0.0261871448   0.488487195   1176.36916
1.736   1.28996817e+35   0.0107217572   9.65060608e+14   -0.512711216   1.01857909   0.528657859   0   314.144303   0   487.94111   0.0261845223   0.488438459   1176.32372
1.741   1.28958309e+35   0.0108139141   9.6494802e+14   -0.51273102   1.01868694   0.528604216   0   314.165353   0   487.965288   0.0261818922   0.488389581   1176.27815
1.746   1.28919697e+35   0.0109065911   9.64835109e+14   -0.512750881   1.01879512   0.528550415   0   314.186466   0   487.989538   0.0261792545   0.48834056   1176.23245
1.751   1.28880981e+35   0.0109997894   9.64721874e+14   -0.512770799   1.01890361   0.528496459   0   314.207643   0   488.013861   0.0261766092   0.488291397   1176.18662
1.756   1.28842162e+35   0.0110935105   9.64608316e+14   -0.512790775   1.01901242   0.528442346   0   314.228885   0   488.038258   0.0261739563   0.488242091   1176.14067
1.761   1.28803238e+35   0.0111877557   9.64494434e+14   -0.512810807   1.01912154   0.528388077   0   314.250191   0   488.062727   0.0261712958   0.488192642   1176.09459
1.766   1.28764211e+35   0.0112825264   9.64380228e+14   -0.512830896   1.01923099   0.528333651   0   314.271562   0   488.087269   0.0261686277   0.488143051   1176.04838
1.771   1.2872508e+35   0.011377824   9.64265699e+14   -0.512851043   1.01934075   0.528279069   0   314.292997   0   488.111883   0.0261659519   0.488093317   1176.00204
1.776   1.28685845e+35   0.0114736498   9.64150847e+14   -0.512871246   1.01945084   0.52822433   0   314.314496   0   488.136571   0.0261632686   0.48804344   1175.95558
1.781   1.28646507e+35   0.0115700052   9.64035671e+14   -0.512891507   1.01956124   0.528169435   0   314.33606   0   488.161332   0.0261605777   0.48799342   1175.90899
1.786   1.28607065e+35   0.0116668915   9.63920171e+14   -0.512911825   1.01967196   0.528114383   0   314.357688   0   488.186166   0.0261578791   0.487943257   1175.86227
1.791   1.28567519e+35   0.0117643101   9.63804348e+14   -0.5129322   1.01978299   0.528059175   0   314.379381   0   488.211073   0.0261551729   0.487892952   1175.81542
1.796   1.2852787e+35   0.0118622624   9.63688201e+14   -0.512952632   1.01989435   0.52800381   0   314.401138   0   488.236053   0.0261524591   0.487842504   1175.76845
1.801   1.28488118e+35   0.0119607497   9.63571731e+14   -0.512973121   1.02000602   0.527948289   0   314.42296   0   488.261106   0.0261497378   0.487791912   1175.72135
1.806   1.28448263e+35   0.0120597734   9.63454936e+14   -0.512993667   1.02011802   0.52789261   0   314.444847   0   488.286232   0.0261470087   0.487741178   1175.67413
1.811   1.28408304e+35   0.0121593348   9.63337819e+14   -0.51301427   1.02023033   0.527836776   0   314.466799   0   488.311431   0.0261442721   0.487690301   1175.62677
1.816   1.28368242e+35   0.0122594353   9.63220377e+14   -0.51303493   1.02034296   0.527780784   0   314.488815   0   488.336704   0.0261415279   0.487639281   1175.57929
1.821   1.28328077e+35   0.0123600762   9.63102612e+14   -0.513055648   1.02045591   0.527724636   0   314.510896   0   488.36205   0.026138776   0.487588118   1175.53168
1.826   1.28287809e+35   0.012461259   9.62984523e+14   -0.513076422   1.02056918   0.527668331   0   314.533041   0   488.387469   0.0261360166   0.487536812   1175.48395
1.831   1.28247438e+35   0.0125629849   9.62866111e+14   -0.513097254   1.02068277   0.527611869   0   314.555252   0   488.412962   0.0261332495   0.487485363   1175.43609
1.836   1.28206963e+35   0.0126652553   9.62747375e+14   -0.513118143   1.02079667   0.527555251   0   314.577527   0   488.438527   0.0261304748   0.487433771   1175.3881
1.841   1.28166386e+35   0.0127680715   9.62628315e+14   -0.513139089   1.0209109   0.527498475   0   314.599868   0   488.464167   0.0261276925   0.487382036   1175.33998
1.846   1.28125706e+35   0.012871435   9.62508931e+14   -0.513160092   1.02102544   0.527441543   0   314.622273   0   488.489879   0.0261249025   0.487330157   1175.29174
1.851   1.28084924e+35   0.012975347   9.62389223e+14   -0.513181152   1.02114031   0.527384454   0   314.644743   0   488.515665   0.026122105   0.487278136   1175.24337
1.856   1.28044038e+35   0.0130798088   9.62269192e+14   -0.513202269   1.02125549   0.527327208   0   314.667278   0   488.541525   0.0261192998   0.487225971   1175.19488
1.861   1.2800305e+35   0.0131848219   9.62148837e+14   -0.513223443   1.021371   0.527269805   0   314.689879   0   488.567458   0.026116487   0.487173663   1175.14625
1.866   1.2796196e+35   0.0132903876   9.62028158e+14   -0.513244674   1.02148682   0.527212245   0   314.712544   0   488.593465   0.0261136665   0.487121212   1175.0975
1.871   1.27920767e+35   0.0133965072   9.61907156e+14   -0.513265963   1.02160296   0.527154527   0   314.735275   0   488.619545   0.0261108385   0.487068618   1175.04863
1.876   1.27879471e+35   0.0135031821   9.61785829e+14   -0.513287309   1.02171942   0.527096653   0   314.758071   0   488.645699   0.0261080028   0.48701588   1174.99963
1.881   1.27838073e+35   0.0136104135   9.61664179e+14   -0.513308711   1.02183621   0.527038622   0   314.780932   0   488.671927   0.0261051595   0.486962999   1174.9505
1.886   1.27796573e+35   0.0137182029   9.61542204e+14   -0.513330171   1.02195331   0.526980434   0   314.803858   0   488.698228   0.0261023086   0.486909974   1174.90124
1.891   1.2775497e+35   0.0138265516   9.61419906e+14   -0.513351688   1.02207073   0.526922089   0   314.82685   0   488.724603   0.02609945   0.486856807   1174.85186
1.896   1.27713265e+35   0.0139354609   9.61297284e+14   -0.513373262   1.02218847   0.526863586   0   314.849907   0   488.751052   0.0260965838   0.486803495   1174.80235
1.901   1.27671458e+35   0.0140449322   9.61174338e+14   -0.513394893   1.02230653   0.526804926   0   314.87303   0   488.777575   0.02609371   0.486750041   1174.75272
1.906   1.27629549e+35   0.0141549667   9.61051068e+14   -0.513416582   1.02242491   0.526746109   0   314.896218   0   488.804172   0.0260908285   0.486696442   1174.70295
1.911   1.27587538e+35   0.0142655659   9.60927474e+14   -0.513438327   1.02254361   0.526687135   0   314.919471   0   488.830842   0.0260879394   0.486642701   1174.65307
1.916   1.27545425e+35   0.014376731   9.60803556e+14   -0.513460129   1.02266263   0.526628003   0   314.94279   0   488.857587   0.0260850427   0.486588816   1174.60305
1.921   1.2750321e+35   0.0144884634   9.60679314e+14   -0.513481989   1.02278198   0.526568715   0   314.966174   0   488.884405   0.0260821384   0.486534787   1174.55291
1.926   1.27460893e+35   0.0146007644   9.60554748e+14   -0.513503906   1.02290164   0.526509268   0   314.989624   0   488.911297   0.0260792264   0.486480614   1174.50265
1.931   1.27418475e+35   0.0147136353   9.60429858e+14   -0.51352588   1.02302162   0.526449665   0   315.01314   0   488.938264   0.0260763067   0.486426298   1174.45225
1.936   1.27375954e+35   0.0148270776   9.60304643e+14   -0.513547911   1.02314192   0.526389904   0   315.036721   0   488.965304   0.0260733795   0.486371839   1174.40173
1.941   1.27333332e+35   0.0149410924   9.60179105e+14   -0.513569999   1.02326255   0.526329985   0   315.060368   0   488.992419   0.0260704446   0.486317235   1174.35109
1.946   1.27290609e+35   0.0150556811   9.60053243e+14   -0.513592144   1.02338349   0.526269909   0   315.084081   0   489.019608   0.026067502   0.486262488   1174.30032
1.951   1.27247784e+35   0.0151708451   9.59927056e+14   -0.513614346   1.02350475   0.526209676   0   315.10786   0   489.046871   0.0260645519   0.486207598   1174.24942
1.956   1.27204857e+35   0.0152865857   9.59800546e+14   -0.513636606   1.02362634   0.526149285   0   315.131705   0   489.074208   0.026061594   0.486152563   1174.1984
1.961   1.27161829e+35   0.0154029041   9.59673711e+14   -0.513658922   1.02374825   0.526088736   0   315.155615   0   489.101619   0.0260586286   0.486097384   1174.14725
1.966   1.271187e+35   0.0155198018   9.59546552e+14   -0.513681296   1.02387047   0.52602803   0   315.179591   0   489.129105   0.0260556555   0.486042062   1174.09597
1.971   1.27075469e+35   0.0156372799   9.59419069e+14   -0.513703727   1.02399302   0.525967166   0   315.203634   0   489.156665   0.0260526747   0.485986596   1174.04457
1.976   1.27032137e+35   0.01575534   9.59291261e+14   -0.513726215   1.02411589   0.525906145   0   315.227742   0   489.1843   0.0260496863   0.485930986   1173.99305
1.981   1.26988705e+35   0.0158739832   9.5916313e+14   -0.51374876   1.02423908   0.525844966   0   315.251916   0   489.212009   0.0260466902   0.485875232   1173.94139
1.986   1.26945171e+35   0.0159932109   9.59034674e+14   -0.513771362   1.02436259   0.525783629   0   315.276157   0   489.239792   0.0260436865   0.485819334   1173.88961
1.991   1.26901536e+35   0.0161130243   9.58905893e+14   -0.513794021   1.02448642   0.525722134   0   315.300464   0   489.26765   0.0260406752   0.485763292   1173.83771
1.996   1.268578e+35   0.0162334249   9.58776789e+14   -0.513816737   1.02461058   0.525660481   0   315.324837   0   489.295582   0.0260376562   0.485707106   1173.78568
2.001   1.26813963e+35   0.0163544139   9.5864736e+14   -0.513839511   1.02473505   0.525598671   0   315.349276   0   489.323589   0.0260346296   0.485650776   1173.73352
2.006   1.26770025e+35   0.0164759927   9.58517606e+14   -0.513862342   1.02485985   0.525536703   0   315.373781   0   489.351671   0.0260315953   0.485594302   1173.68124
2.011   1.26725987e+35   0.0165981625   9.58387529e+14   -0.513885229   1.02498497   0.525474576   0   315.398353   0   489.379827   0.0260285533   0.485537683   1173.62884
2.016   1.26681848e+35   0.0167209246   9.58257127e+14   -0.513908174   1.02511041   0.525412292   0   315.422991   0   489.408058   0.0260255037   0.485480921   1173.5763
2.021   1.26637608e+35   0.0168442804   9.581264e+14   -0.513931176   1.02523617   0.52534985   0   315.447695   0   489.436364   0.0260224464   0.485424014   1173.52365
2.026   1.26593268e+35   0.0169682311   9.57995349e+14   -0.513954236   1.02536225   0.52528725   0   315.472466   0   489.464745   0.0260193815   0.485366963   1173.47086
2.031   1.26548827e+35   0.0170927782   9.57863973e+14   -0.513977352   1.02548866   0.525224492   0   315.497304   0   489.4932   0.0260163089   0.485309768   1173.41795
2.036   1.26504286e+35   0.0172179228   9.57732273e+14   -0.514000525   1.02561538   0.525161575   0   315.522208   0   489.521731   0.0260132287   0.485252428   1173.36492
2.041   1.26459644e+35   0.0173436662   9.57600249e+14   -0.514023756   1.02574243   0.525098501   0   315.547179   0   489.550336   0.0260101408   0.485194944   1173.31176
2.046   1.26414903e+35   0.0174700099   9.57467899e+14   -0.514047043   1.0258698   0.525035268   0   315.572216   0   489.579016   0.0260070452   0.485137316   1173.25847
2.051   1.26370061e+35   0.017596955   9.57335226e+14   -0.514070388   1.0259975   0.524971877   0   315.59732   0   489.607771   0.026003942   0.485079543   1173.20506
2.056   1.26325118e+35   0.0177245029   9.57202227e+14   -0.51409379   1.02612551   0.524908328   0   315.622491   0   489.636601   0.0260008311   0.485021626   1173.15153
2.061   1.26280076e+35   0.0178526548   9.57068904e+14   -0.514117249   1.02625385   0.524844621   0   315.647728   0   489.665506   0.0259977125   0.484963564   1173.09787
2.066   1.26234934e+35   0.0179814122   9.56935256e+14   -0.514140765   1.02638251   0.524780755   0   315.673033   0   489.694487   0.0259945863   0.484905358   1173.04408
2.071   1.26189692e+35   0.0181107762   9.56801284e+14   -0.514164339   1.02651149   0.524716731   0   315.698404   0   489.723542   0.0259914524   0.484847007   1172.99017
2.076   1.2614435e+35   0.0182407481   9.56666987e+14   -0.514187969   1.02664079   0.524652548   0   315.723842   0   489.752673   0.0259883108   0.484788512   1172.93614
2.081   1.26098908e+35   0.0183713293   9.56532365e+14   -0.514211657   1.02677042   0.524588207   0   315.749347   0   489.781879   0.0259851616   0.484729871   1172.88198
2.086   1.26053366e+35   0.018502521   9.56397418e+14   -0.514235402   1.02690037   0.524523708   0   315.774919   0   489.81116   0.0259820047   0.484671087   1172.82769
2.091   1.26007725e+35   0.0186343246   9.56262147e+14   -0.514259203   1.02703064   0.52445905   0   315.800559   0   489.840517   0.0259788401   0.484612157   1172.77328
2.096   1.25961984e+35   0.0187667413   9.56126551e+14   -0.514283062   1.02716124   0.524394233   0   315.826265   0   489.869949   0.0259756678   0.484553083   1172.71874
2.101   1.25916143e+35   0.0188997724   9.55990629e+14   -0.514306979   1.02729216   0.524329258   0   315.852038   0   489.899456   0.0259724879   0.484493864   1172.66408
2.106   1.25870203e+35   0.0190334191   9.55854383e+14   -0.514330952   1.0274234   0.524264124   0   315.877879   0   489.929039   0.0259693003   0.4844345   1172.6093
2.111   1.25824164e+35   0.0191676829   9.55717812e+14   -0.514354982   1.02755496   0.524198832   0   315.903787   0   489.958697   0.025966105   0.484374992   1172.55439
2.116   1.25778025e+35   0.0193025649   9.55580916e+14   -0.51437907   1.02768685   0.524133381   0   315.929762   0   489.988431   0.025962902   0.484315338   1172.49935
2.121   1.25731787e+35   0.0194380664   9.55443695e+14   -0.514403214   1.02781906   0.524067771   0   315.955805   0   490.018241   0.0259596914   0.48425554   1172.44419
2.126   1.2568545e+35   0.0195741888   9.55306149e+14   -0.514427416   1.02795159   0.524002002   0   315.981915   0   490.048126   0.025956473   0.484195596   1172.38891
2.131   1.25639014e+35   0.0197109332   9.55168278e+14   -0.514451675   1.02808445   0.523936075   0   316.008092   0   490.078086   0.025953247   0.484135508   1172.3335
2.136   1.25592479e+35   0.0198483011   9.55030082e+14   -0.514475991   1.02821763   0.523869988   0   316.034337   0   490.108123   0.0259500133   0.484075275   1172.27797
2.141   1.25545844e+35   0.0199862936   9.54891561e+14   -0.514500365   1.02835113   0.523803743   0   316.06065   0   490.138235   0.0259467719   0.484014896   1172.22231
2.146   1.25499111e+35   0.020124912   9.54752715e+14   -0.514524795   1.02848496   0.523737339   0   316.08703   0   490.168423   0.0259435228   0.483954372   1172.16653
2.151   1.25452279e+35   0.0202641576   9.54613543e+14   -0.514549283   1.02861911   0.523670776   0   316.113477   0   490.198687   0.025940266   0.483893703   1172.11062
2.156   1.25405348e+35   0.0204040317   9.54474047e+14   -0.514573827   1.02875358   0.523604054   0   316.139993   0   490.229027   0.0259370015   0.483832889   1172.05459
2.161   1.25358319e+35   0.0205445356   9.54334225e+14   -0.514598429   1.02888838   0.523537172   0   316.166576   0   490.259443   0.0259337294   0.48377193   1171.99844
2.166   1.2531119e+35   0.0206856705   9.54194078e+14   -0.514623088   1.0290235   0.523470132   0   316.193227   0   490.289935   0.0259304495   0.483710825   1171.94216
2.171   1.25263964e+35   0.0208274376   9.54053605e+14   -0.514647804   1.02915895   0.523402932   0   316.219946   0   490.320503   0.025927162   0.483649575   1171.88575
2.176   1.25216638e+35   0.0209698383   9.53912808e+14   -0.514672577   1.02929472   0.523335573   0   316.246733   0   490.351147   0.0259238667   0.48358818   1171.82923
2.181   1.25169215e+35   0.0211128739   9.53771685e+14   -0.514697408   1.02943081   0.523268055   0   316.273587   0   490.381867   0.0259205638   0.483526639   1171.77257
2.186   1.25121693e+35   0.0212565455   9.53630236e+14   -0.514722295   1.02956723   0.523200378   0   316.30051   0   490.412663   0.0259172531   0.483464953   1171.7158
2.191   1.25074072e+35   0.0214008545   9.53488462e+14   -0.51474724   1.02970397   0.523132541   0   316.327501   0   490.443535   0.0259139347   0.483403122   1171.6589
2.196   1.25026354e+35   0.0215458021   9.53346363e+14   -0.514772242   1.02984103   0.523064545   0   316.354559   0   490.474484   0.0259106087   0.483341145   1171.60187
2.201   1.24978537e+35   0.0216913895   9.53203938e+14   -0.514797301   1.02997843   0.52299639   0   316.381686   0   490.505509   0.0259072749   0.483279022   1171.54473
2.206   1.24930622e+35   0.0218376181   9.53061187e+14   -0.514822417   1.03011614   0.522928075   0   316.408882   0   490.536611   0.0259039334   0.483216753   1171.48745
2.211   1.24882609e+35   0.0219844891   9.52918111e+14   -0.51484759   1.03025418   0.5228596   0   316.436145   0   490.567789   0.0259005843   0.483154339   1171.43006
2.216   1.24834499e+35   0.0221320038   9.5277471e+14   -0.514872821   1.03039254   0.522790966   0   316.463477   0   490.599043   0.0258972274   0.48309178   1171.37254
2.221   1.2478629e+35   0.0222801633   9.52630983e+14   -0.514898108   1.03053123   0.522722173   0   316.490877   0   490.630374   0.0258938628   0.483029074   1171.3149
2.226   1.24737984e+35   0.022428969   9.5248693e+14   -0.514923453   1.03067025   0.522653219   0   316.518345   0   490.661781   0.0258904905   0.482966223   1171.25713
2.231   1.2468958e+35   0.0225784221   9.52342551e+14   -0.514948855   1.03080958   0.522584106   0   316.545882   0   490.693265   0.0258871104   0.482903226   1171.19924
2.236   1.24641078e+35   0.0227285239   9.52197847e+14   -0.514974314   1.03094925   0.522514834   0   316.573488   0   490.724826   0.0258837227   0.482840083   1171.14122
2.241   1.24592479e+35   0.0228792756   9.52052817e+14   -0.51499983   1.03108923   0.522445401   0   316.601162   0   490.756463   0.0258803272   0.482776794   1171.08308
2.246   1.24543782e+35   0.0230306784   9.51907461e+14   -0.515025403   1.03122955   0.522375809   0   316.628905   0   490.788177   0.025876924   0.48271336   1171.02482
2.251   1.24494988e+35   0.0231827337   9.51761779e+14   -0.515051034   1.03137019   0.522306057   0   316.656716   0   490.819968   0.0258735131   0.482649779   1170.96644
2.256   1.24446097e+35   0.0233354426   9.51615772e+14   -0.515076721   1.03151115   0.522236145   0   316.684596   0   490.851836   0.0258700945   0.482586052   1170.90793
2.261   1.24397108e+35   0.0234888064   9.51469438e+14   -0.515102466   1.03165244   0.522166073   0   316.712545   0   490.883781   0.0258666681   0.482522179   1170.8493
2.266   1.24348022e+35   0.0236428264   9.51322779e+14   -0.515128268   1.03179405   0.522095841   0   316.740563   0   490.915802   0.0258632341   0.48245816   1170.79054
2.271   1.24298839e+35   0.0237975037   9.51175793e+14   -0.515154127   1.03193599   0.522025449   0   316.768649   0   490.947901   0.0258597923   0.482393995   1170.73166
2.276   1.24249559e+35   0.0239528397   9.51028482e+14   -0.515180043   1.03207825   0.521954897   0   316.796805   0   490.980076   0.0258563427   0.482329684   1170.67266
2.281   1.24200182e+35   0.0241088355   9.50880844e+14   -0.515206017   1.03222085   0.521884184   0   316.82503   0   491.012329   0.0258528855   0.482265226   1170.61354
2.286   1.24150708e+35   0.0242654925   9.5073288e+14   -0.515232047   1.03236376   0.521813312   0   316.853323   0   491.044659   0.0258494204   0.482200622   1170.55429
2.291   1.24101137e+35   0.0244228118   9.5058459e+14   -0.515258135   1.032507   0.521742279   0   316.881686   0   491.077066   0.0258459477   0.482135872   1170.49492
2.296   1.24051469e+35   0.0245807946   9.50435974e+14   -0.51528428   1.03265057   0.521671086   0   316.910118   0   491.109551   0.0258424672   0.482070975   1170.43542
2.301   1.24001705e+35   0.0247394423   9.50287032e+14   -0.515310482   1.03279446   0.521599733   0   316.938619   0   491.142112   0.025838979   0.482005932   1170.37581
2.306   1.23951844e+35   0.024898756   9.50137763e+14   -0.515336741   1.03293868   0.521528219   0   316.967189   0   491.174751   0.0258354831   0.481940742   1170.31607
2.311   1.23901887e+35   0.025058737   9.49988168e+14   -0.515363057   1.03308323   0.521456545   0   316.995829   0   491.207468   0.0258319794   0.481875406   1170.2562
2.316   1.23851833e+35   0.0252193865   9.49838247e+14   -0.515389431   1.0332281   0.52138471   0   317.024538   0   491.240261   0.0258284679   0.481809924   1170.19622
2.321   1.23801683e+35   0.0253807057   9.49688e+14   -0.515415862   1.0333733   0.521312715   0   317.053317   0   491.273133   0.0258249488   0.481744294   1170.13611
2.326   1.23751436e+35   0.0255426959   9.49537425e+14   -0.515442349   1.03351882   0.521240559   0   317.082165   0   491.306082   0.0258214218   0.481678518   1170.07588
2.331   1.23701094e+35   0.0257053583   9.49386525e+14   -0.515468894   1.03366467   0.521168243   0   317.111083   0   491.339108   0.0258178871   0.481612595   1170.01552
2.336   1.23650655e+35   0.0258686941   9.49235298e+14   -0.515495496   1.03381085   0.521095766   0   317.14007   0   491.372212   0.0258143447   0.481546526   1169.95504
2.341   1.2360012e+35   0.0260327045   9.49083744e+14   -0.515522156   1.03395736   0.521023128   0   317.169127   0   491.405394   0.0258107945   0.48148031   1169.89444
2.346   1.23549489e+35   0.0261973908   9.48931864e+14   -0.515548872   1.03410419   0.520950329   0   317.198254   0   491.438654   0.0258072366   0.481413946   1169.83372
2.351   1.23498762e+35   0.0263627541   9.48779657e+14   -0.515575646   1.03425134   0.52087737   0   317.22745   0   491.471992   0.0258036709   0.481347436   1169.77288
2.356   1.23447939e+35   0.0265287957   9.48627123e+14   -0.515602477   1.03439883   0.520804249   0   317.256717   0   491.505407   0.0258000974   0.481280779   1169.71191
2.361   1.23397021e+35   0.0266955169   9.48474263e+14   -0.515629365   1.03454664   0.520730968   0   317.286053   0   491.5389   0.0257965162   0.481213975   1169.65082
2.366   1.23346006e+35   0.0268629187   9.48321075e+14   -0.51565631   1.03469477   0.520657526   0   317.315459   0   491.572471   0.0257929273   0.481147024   1169.58961
2.371   1.23294896e+35   0.0270310026   9.48167561e+14   -0.515683312   1.03484324   0.520583922   0   317.344936   0   491.606121   0.0257893305   0.481079926   1169.52827
2.376   1.23243691e+35   0.0271997695   9.4801372e+14   -0.515710371   1.03499203   0.520510158   0   317.374482   0   491.639848   0.025785726   0.48101268   1169.46682
2.381   1.2319239e+35   0.0273692208   9.47859553e+14   -0.515737488   1.03514115   0.520436232   0   317.404098   0   491.673654   0.0257821137   0.480945288   1169.40524
2.386   1.23140994e+35   0.0275393577   9.47705058e+14   -0.515764662   1.0352906   0.520362146   0   317.433785   0   491.707537   0.0257784937   0.480877748   1169.34354
2.391   1.23089502e+35   0.0277101814   9.47550236e+14   -0.515791893   1.03544037   0.520287898   0   317.463542   0   491.741499   0.0257748659   0.480810061   1169.28171
2.396   1.23037916e+35   0.027881693   9.47395087e+14   -0.515819181   1.03559047   0.520213488   0   317.493369   0   491.77554   0.0257712303   0.480742226   1169.21977
2.401   1.22986234e+35   0.0280538939   9.47239611e+14   -0.515846526   1.0357409   0.520138918   0   317.523267   0   491.809658   0.0257675869   0.480674244   1169.1577
2.406   1.22934457e+35   0.0282267851   9.47083808e+14   -0.515873928   1.03589166   0.520064185   0   317.553235   0   491.843855   0.0257639358   0.480606115   1169.09551
2.411   1.22882584e+35   0.028400368   9.46927678e+14   -0.515901388   1.03604274   0.519989292   0   317.583274   0   491.878131   0.0257602769   0.480537838   1169.0332
2.416   1.22830618e+35   0.0285746436   9.46771232e+14   -0.515928905   1.03619415   0.519914243   0   317.61338   0   491.912482   0.0257566104   0.480469419   1168.97077
2.421   1.22778556e+35   0.0287496133   9.46614478e+14   -0.515956479   1.03634589   0.519839042   0   317.643554   0   491.946907   0.0257529367   0.480400861   1168.90821
2.426   1.22726399e+35   0.0289252781   9.46457416e+14   -0.51598411   1.03649796   0.519763688   0   317.673795   0   491.981407   0.0257492555   0.480332163   1168.84554
2.431   1.22674148e+35   0.0291016394   9.46300046e+14   -0.516011798   1.03665035   0.519688183   0   317.704102   0   492.015981   0.0257455671   0.480263327   1168.78274
2.436   1.22621802e+35   0.0292786982   9.46142368e+14   -0.516039543   1.03680308   0.519612525   0   317.734477   0   492.050629   0.0257418712   0.480194351   1168.71981
2.441   1.22569362e+35   0.0294564558   9.45984381e+14   -0.516067346   1.03695613   0.519536715   0   317.764918   0   492.085352   0.0257381681   0.480125236   1168.65677
2.446   1.22516827e+35   0.0296349134   9.45826086e+14   -0.516095206   1.03710951   0.519460752   0   317.795427   0   492.120149   0.0257344575   0.480055982   1168.5936
2.451   1.22464197e+35   0.0298140722   9.45667483e+14   -0.516123123   1.03726321   0.519384638   0   317.826003   0   492.15502   0.0257307397   0.479986588   1168.53031
2.456   1.22411474e+35   0.0299939333   9.45508572e+14   -0.516151097   1.03741725   0.519308371   0   317.856646   0   492.189966   0.0257270144   0.479917055   1168.4669
2.461   1.22358656e+35   0.030174498   9.45349352e+14   -0.516179128   1.03757162   0.519231951   0   317.887357   0   492.224987   0.0257232819   0.479847383   1168.40337
2.466   1.22305744e+35   0.0303557674   9.45189825e+14   -0.516207216   1.03772631   0.51915538   0   317.918134   0   492.260081   0.0257195419   0.479777571   1168.33971
2.471   1.22252738e+35   0.0305377427   9.45029989e+14   -0.516235362   1.03788133   0.519078656   0   317.948979   0   492.295251   0.0257157947   0.479707621   1168.27594
2.476   1.22199638e+35   0.0307204251   9.44869845e+14   -0.516263565   1.03803668   0.51900178   0   317.979891   0   492.330495   0.02571204   0.479637531   1168.21204
2.481   1.22146444e+35   0.0309038158   9.44709393e+14   -0.516291825   1.03819236   0.518924751   0   318.010871   0   492.365814   0.025708278   0.479567301   1168.14802
2.486   1.22093157e+35   0.0310879159   9.44548634e+14   -0.516320142   1.03834837   0.51884757   0   318.041918   0   492.401207   0.0257045087   0.479496932   1168.08387
2.491   1.22039775e+35   0.0312727267   9.44387566e+14   -0.516348516   1.03850471   0.518770237   0   318.073033   0   492.436675   0.025700732   0.479426424   1168.01961
2.496   1.219863e+35   0.0314582493   9.4422619e+14   -0.516376948   1.03866138   0.518692751   0   318.104215   0   492.472218   0.025696948   0.479355776   1167.95522
2.501   1.21932732e+35   0.0316444849   9.44064506e+14   -0.516405436   1.03881837   0.518615112   0   318.135465   0   492.507836   0.0256931566   0.479284989   1167.89072
2.506   1.2187907e+35   0.0318314347   9.43902514e+14   -0.516433982   1.0389757   0.518537322   0   318.166782   0   492.543528   0.0256893579   0.479214062   1167.82609
2.511   1.21825314e+35   0.0320190998   9.43740214e+14   -0.516462585   1.03913335   0.518459378   0   318.198168   0   492.579296   0.0256855518   0.479142996   1167.76133
2.516   1.21771465e+35   0.0322074814   9.43577606e+14   -0.516491245   1.03929134   0.518381282   0   318.22962   0   492.615138   0.0256817384   0.47907179   1167.69646
2.521   1.21717523e+35   0.0323965807   9.4341469e+14   -0.516519962   1.03944965   0.518303034   0   318.261141   0   492.651055   0.0256779176   0.479000445   1167.63147
2.526   1.21663488e+35   0.0325863988   9.43251466e+14   -0.516548737   1.03960829   0.518224633   0   318.29273   0   492.687048   0.0256740895   0.47892896   1167.56635
2.531   1.21609359e+35   0.032776937   9.43087934e+14   -0.516577569   1.03976726   0.51814608   0   318.324386   0   492.723115   0.025670254   0.478857336   1167.50111
2.536   1.21555138e+35   0.0329681963   9.42924094e+14   -0.516606458   1.03992657   0.518067374   0   318.35611   0   492.759257   0.0256664111   0.478785572   1167.43575
2.541   1.21500823e+35   0.033160178   9.42759946e+14   -0.516635404   1.0400862   0.517988515   0   318.387903   0   492.795475   0.025662561   0.478713669   1167.37027
2.546   1.21446416e+35   0.0333528832   9.4259549e+14   -0.516664407   1.04024616   0.517909504   0   318.419763   0   492.831767   0.0256587034   0.478641626   1167.30467
2.551   1.21391916e+35   0.0335463131   9.42430726e+14   -0.516693467   1.04040645   0.51783034   0   318.451691   0   492.868135   0.0256548385   0.478569443   1167.23895
2.556   1.21337324e+35   0.0337404688   9.42265655e+14   -0.516722585   1.04056708   0.517751023   0   318.483688   0   492.904578   0.0256509663   0.478497121   1167.1731
2.561   1.21282638e+35   0.0339353514   9.42100275e+14   -0.516751759   1.04072803   0.517671554   0   318.515752   0   492.941097   0.0256470867   0.478424658   1167.10714
2.566   1.21227861e+35   0.0341309622   9.41934588e+14   -0.516780991   1.04088931   0.517591932   0   318.547885   0   492.977691   0.0256431997   0.478352057   1167.04105
2.571   1.2117299e+35   0.0343273023   9.41768592e+14   -0.51681028   1.04105092   0.517512157   0   318.580086   0   493.01436   0.0256393054   0.478279315   1166.97484
2.576   1.21118028e+35   0.0345243729   9.41602289e+14   -0.516839627   1.04121287   0.517432229   0   318.612356   0   493.051104   0.0256354037   0.478206434   1166.90851
2.581   1.21062973e+35   0.034722175   9.41435677e+14   -0.51686903   1.04137514   0.517352149   0   318.644694   0   493.087924   0.0256314947   0.478133412   1166.84206
2.586   1.21007826e+35   0.0349207099   9.41268758e+14   -0.516898491   1.04153774   0.517271916   0   318.6771   0   493.12482   0.0256275783   0.478060251   1166.77549
2.591   1.20952587e+35   0.0351199787   9.41101531e+14   -0.516928009   1.04170068   0.51719153   0   318.709575   0   493.161791   0.0256236546   0.477986951   1166.7088
2.596   1.20897256e+35   0.0353199825   9.40933996e+14   -0.516957583   1.04186395   0.517110991   0   318.742118   0   493.198837   0.0256197235   0.47791351   1166.64199
2.601   1.20841833e+35   0.0355207226   9.40766153e+14   -0.516987216   1.04202754   0.517030299   0   318.77473   0   493.23596   0.0256157851   0.477839929   1166.57505
2.606   1.20786318e+35   0.0357221999   9.40598002e+14   -0.517016905   1.04219147   0.516949454   0   318.80741   0   493.273158   0.0256118393   0.477766209   1166.508
2.611   1.20730711e+35   0.0359244157   9.40429543e+14   -0.517046651   1.04235573   0.516868456   0   318.840159   0   493.310431   0.0256078861   0.477692348   1166.44082
2.616   1.20675013e+35   0.0361273712   9.40260776e+14   -0.517076455   1.04252032   0.516787305   0   318.872977   0   493.347781   0.0256039256   0.477618348   1166.37353
2.621   1.20619223e+35   0.0363310674   9.40091702e+14   -0.517106316   1.04268524   0.516706001   0   318.905864   0   493.385206   0.0255999577   0.477544207   1166.30611
2.626   1.20563341e+35   0.0365355054   9.39922319e+14   -0.517136234   1.04285049   0.516624545   0   318.938819   0   493.422707   0.0255959825   0.477469927   1166.23857
2.631   1.20507368e+35   0.0367406866   9.39752629e+14   -0.517166209   1.04301607   0.516542935   0   318.971844   0   493.460284   0.0255919999   0.477395506   1166.17091
2.636   1.20451304e+35   0.0369466118   9.3958263e+14   -0.517196242   1.04318199   0.516461172   0   319.004937   0   493.497937   0.0255880099   0.477320946   1166.10314
2.641   1.20395148e+35   0.0371532824   9.39412324e+14   -0.517226331   1.04334824   0.516379255   0   319.038099   0   493.535666   0.0255840126   0.477246245   1166.03524
2.646   1.20338901e+35   0.0373606994   9.39241709e+14   -0.517256478   1.04351481   0.516297186   0   319.07133   0   493.573471   0.0255800079   0.477171404   1165.96722
2.651   1.20282564e+35   0.0375688639   9.39070787e+14   -0.517286682   1.04368172   0.516214964   0   319.104631   0   493.611352   0.0255759959   0.477096423   1165.89908
2.656   1.20226135e+35   0.0377777772   9.38899556e+14   -0.517316943   1.04384897   0.516132588   0   319.138   0   493.649309   0.0255719765   0.477021302   1165.83082
2.661   1.20169615e+35   0.0379874402   9.38728018e+14   -0.517347261   1.04401654   0.516050059   0   319.171439   0   493.687342   0.0255679497   0.47694604   1165.76244
2.666   1.20113004e+35   0.0381978542   9.38556171e+14   -0.517377637   1.04418444   0.515967377   0   319.204947   0   493.725452   0.0255639156   0.476870638   1165.69393
2.671   1.20056303e+35   0.0384090202   9.38384017e+14   -0.51740807   1.04435268   0.515884541   0   319.238524   0   493.763638   0.0255598741   0.476795096   1165.62531
2.676   1.19999511e+35   0.0386209395   9.38211555e+14   -0.517438559   1.04452125   0.515801552   0   319.272171   0   493.8019   0.0255558252   0.476719414   1165.55657
2.681   1.19942628e+35   0.038833613   9.38038784e+14   -0.517469106   1.04469015   0.51571841   0   319.305887   0   493.840238   0.025551769   0.476643591   1165.48771
2.686   1.19885655e+35   0.0390470419   9.37865706e+14   -0.517499711   1.04485939   0.515635114   0   319.339673   0   493.878653   0.0255477054   0.476567628   1165.41873
2.691   1.19828591e+35   0.0392612274   9.37692319e+14   -0.517530372   1.04502895   0.515551665   0   319.373528   0   493.917145   0.0255436345   0.476491525   1165.34962
2.696   1.19771437e+35   0.0394761705   9.37518624e+14   -0.517561091   1.04519885   0.515468062   0   319.407453   0   493.955713   0.0255395562   0.476415281   1165.2804
2.701   1.19714193e+35   0.0396918724   9.37344621e+14   -0.517591866   1.04536908   0.515384306   0   319.441447   0   493.994357   0.0255354705   0.476338896   1165.21106
2.706   1.19656859e+35   0.0399083341   9.37170311e+14   -0.517622699   1.04553965   0.515300396   0   319.475511   0   494.033078   0.0255313774   0.476262371   1165.1416
2.711   1.19599434e+35   0.0401255569   9.36995692e+14   -0.517653589   1.04571055   0.515216333   0   319.509645   0   494.071876   0.025527277   0.476185706   1165.07202
2.716   1.1954192e+35   0.0403435417   9.36820764e+14   -0.517684537   1.04588177   0.515132116   0   319.543848   0   494.110751   0.0255231692   0.4761089   1165.00231
2.721   1.19484316e+35   0.0405622898   9.36645529e+14   -0.517715541   1.04605334   0.515047745   0   319.578122   0   494.149702   0.025519054   0.476031953   1164.93249
2.726   1.19426622e+35   0.0407818021   9.36469985e+14   -0.517746603   1.04622523   0.514963221   0   319.612465   0   494.18873   0.0255149315   0.475954865   1164.86255
2.731   1.19368838e+35   0.0410020798   9.36294134e+14   -0.517777722   1.04639746   0.514878543   0   319.646879   0   494.227835   0.0255108016   0.475877637   1164.79249
2.736   1.19310964e+35   0.0412231241   9.36117974e+14   -0.517808898   1.04657002   0.514793711   0   319.681362   0   494.267017   0.0255066643   0.475800269   1164.72231
2.741   1.19253001e+35   0.041444936   9.35941506e+14   -0.517840131   1.04674292   0.514708725   0   319.715916   0   494.306276   0.0255025196   0.475722759   1164.65201
2.746   1.19194949e+35   0.0416675166   9.35764729e+14   -0.517871421   1.04691615   0.514623586   0   319.75054   0   494.345612   0.0254983676   0.475645109   1164.58159
2.751   1.19136807e+35   0.0418908669   9.35587644e+14   -0.517902769   1.04708971   0.514538292   0   319.785234   0   494.385025   0.0254942082   0.475567317   1164.51105
2.756   1.19078576e+35   0.0421149882   9.35410251e+14   -0.517934174   1.0472636   0.514452845   0   319.819998   0   494.424515   0.0254900414   0.475489385   1164.44039
2.761   1.19020256e+35   0.0423398815   9.3523255e+14   -0.517965636   1.04743783   0.514367244   0   319.854832   0   494.464082   0.0254858672   0.475411312   1164.36961
2.766   1.18961846e+35   0.0425655479   9.3505454e+14   -0.517997155   1.0476124   0.514281488   0   319.889737   0   494.503726   0.0254816857   0.475333099   1164.29871
2.771   1.18903348e+35   0.0427919884   9.34876222e+14   -0.518028731   1.04778729   0.514195579   0   319.924713   0   494.543448   0.0254774967   0.475254744   1164.22769
2.776   1.1884476e+35   0.0430192042   9.34697595e+14   -0.518060364   1.04796252   0.514109516   0   319.959759   0   494.583247   0.0254733004   0.475176248   1164.15656
2.781   1.18786084e+35   0.0432471964   9.3451866e+14   -0.518092055   1.04813809   0.514023298   0   319.994876   0   494.623124   0.0254690968   0.475097611   1164.0853
2.786   1.18727319e+35   0.043475966   9.34339417e+14   -0.518123803   1.04831399   0.513936927   0   320.030063   0   494.663078   0.0254648857   0.475018833   1164.01392
2.791   1.18668466e+35   0.0437055141   9.34159865e+14   -0.518155608   1.04849022   0.513850401   0   320.065321   0   494.703109   0.0254606672   0.474939914   1163.94243
2.796   1.18609523e+35   0.0439358418   9.33980004e+14   -0.51818747   1.04866678   0.513763721   0   320.100649   0   494.743218   0.0254564414   0.474860853   1163.87081
2.801   1.18550493e+35   0.0441669502   9.33799835e+14   -0.51821939   1.04884369   0.513676886   0   320.136049   0   494.783405   0.0254522082   0.474781652   1163.79908
2.806   1.18491373e+35   0.0443988403   9.33619357e+14   -0.518251366   1.04902092   0.513589898   0   320.171519   0   494.823669   0.0254479676   0.474702309   1163.72723
2.811   1.18432166e+35   0.0446315133   9.33438571e+14   -0.5182834   1.04919849   0.513502755   0   320.207061   0   494.864011   0.0254437196   0.474622825   1163.65526
2.816   1.1837287e+35   0.0448649702   9.33257476e+14   -0.518315491   1.0493764   0.513415457   0   320.242673   0   494.904431   0.0254394642   0.4745432   1163.58317
2.821   1.18313487e+35   0.0450992121   9.33076072e+14   -0.518347639   1.04955463   0.513328005   0   320.278357   0   494.944929   0.0254352014   0.474463433   1163.51096
2.826   1.18254015e+35   0.0453342401   9.3289436e+14   -0.518379844   1.04973321   0.513240399   0   320.314111   0   494.985504   0.0254309312   0.474383525   1163.43863
2.831   1.18194455e+35   0.0455700551   9.32712339e+14   -0.518412107   1.04991212   0.513152638   0   320.349937   0   495.026157   0.0254266537   0.474303475   1163.36619
2.836   1.18134807e+35   0.0458066584   9.32530009e+14   -0.518444427   1.05009136   0.513064722   0   320.385834   0   495.066889   0.0254223687   0.474223284   1163.29362
2.841   1.18075072e+35   0.0460440509   9.3234737e+14   -0.518476803   1.05027094   0.512976652   0   320.421803   0   495.107698   0.0254180764   0.474142951   1163.22094
2.846   1.18015249e+35   0.0462822337   9.32164422e+14   -0.518509237   1.05045085   0.512888427   0   320.457842   0   495.148586   0.0254137766   0.474062477   1163.14813
2.851   1.17955338e+35   0.046521208   9.31981166e+14   -0.518541729   1.0506311   0.512800048   0   320.493954   0   495.189552   0.0254094695   0.473981861   1163.07521
2.856   1.1789534e+35   0.0467609746   9.317976e+14   -0.518574277   1.05081169   0.512711513   0   320.530136   0   495.230596   0.0254051549   0.473901103   1163.00217
2.861   1.17835254e+35   0.0470015348   9.31613726e+14   -0.518606883   1.05099261   0.512622824   0   320.566391   0   495.271718   0.025400833   0.473820204   1162.92901
2.866   1.17775081e+35   0.0472428896   9.31429542e+14   -0.518639545   1.05117386   0.51253398   0   320.602717   0   495.312919   0.0253965037   0.473739163   1162.85574
2.871   1.17714821e+35   0.0474850399   9.31245049e+14   -0.518672265   1.05135545   0.512444981   0   320.639115   0   495.354198   0.0253921669   0.47365798   1162.78234
2.876   1.17654474e+35   0.047727987   9.31060248e+14   -0.518705042   1.05153738   0.512355827   0   320.675584   0   495.395555   0.0253878228   0.473576655   1162.70883
2.881   1.1759404e+35   0.0479717317   9.30875137e+14   -0.518737877   1.05171964   0.512266518   0   320.712126   0   495.436991   0.0253834713   0.473495189   1162.63519
2.886   1.17533518e+35   0.0482162753   9.30689717e+14   -0.518770768   1.05190224   0.512177054   0   320.748739   0   495.478506   0.0253791123   0.47341358   1162.56144
2.891   1.1747291e+35   0.0484616186   9.30503988e+14   -0.518803717   1.05208517   0.512087435   0   320.785425   0   495.520099   0.025374746   0.47333183   1162.48757
2.896   1.17412215e+35   0.0487077629   9.30317949e+14   -0.518836723   1.05226844   0.511997661   0   320.822182   0   495.561771   0.0253703722   0.473249937   1162.41359
2.901   1.17351434e+35   0.0489547091   9.30131601e+14   -0.518869786   1.05245204   0.511907732   0   320.859011   0   495.603522   0.025365991   0.473167903   1162.33948
2.906   1.17290565e+35   0.0492024582   9.29944944e+14   -0.518902906   1.05263599   0.511817647   0   320.895913   0   495.645351   0.0253616024   0.473085726   1162.26526
2.911   1.17229611e+35   0.0494510114   9.29757977e+14   -0.518936083   1.05282026   0.511727407   0   320.932887   0   495.68726   0.0253572064   0.473003407   1162.19091
2.916   1.1716857e+35   0.0497003696   9.29570701e+14   -0.518969318   1.05300488   0.511637011   0   320.969934   0   495.729247   0.025352803   0.472920946   1162.11646
2.921   1.17107442e+35   0.0499505339   9.29383115e+14   -0.51900261   1.05318983   0.511546461   0   321.007052   0   495.771314   0.0253483922   0.472838342   1162.04188
2.926   1.17046229e+35   0.0502015053   9.2919522e+14   -0.519035959   1.05337512   0.511455754   0   321.044243   0   495.813459   0.025343974   0.472755596   1161.96718
2.931   1.16984929e+35   0.050453285   9.29007015e+14   -0.519069365   1.05356074   0.511364893   0   321.081507   0   495.855684   0.0253395483   0.472672708   1161.89237
2.936   1.16923543e+35   0.0507058738   9.28818501e+14   -0.519102828   1.0537467   0.511273875   0   321.118844   0   495.897987   0.0253351152   0.472589678   1161.81744
2.941   1.16862071e+35   0.0509592728   9.28629676e+14   -0.519136349   1.053933   0.511182702   0   321.156253   0   495.94037   0.0253306748   0.472506505   1161.74239
2.946   1.16800514e+35   0.0512134831   9.28440542e+14   -0.519169926   1.05411963   0.511091373   0   321.193734   0   495.982833   0.0253262268   0.472423189   1161.66722
2.951   1.1673887e+35   0.0514685057   9.28251098e+14   -0.519203561   1.0543066   0.510999889   0   321.231289   0   496.025375   0.0253217715   0.472339731   1161.59194
2.956   1.16677141e+35   0.0517243416   9.28061345e+14   -0.519237253   1.05449391   0.510908249   0   321.268916   0   496.067996   0.0253173087   0.47225613   1161.51653
2.961   1.16615327e+35   0.0519809919   9.27871281e+14   -0.519271002   1.05468156   0.510816453   0   321.306617   0   496.110697   0.0253128385   0.472172387   1161.44101
2.966   1.16553427e+35   0.0522384575   9.27680907e+14   -0.519304809   1.05486954   0.510724501   0   321.34439   0   496.153477   0.0253083609   0.472088501   1161.36538
2.971   1.16491441e+35   0.0524967395   9.27490223e+14   -0.519338672   1.05505786   0.510632393   0   321.382237   0   496.196337   0.0253038759   0.472004472   1161.28962
2.976   1.16429371e+35   0.0527558389   9.27299229e+14   -0.519372593   1.05524652   0.510540129   0   321.420157   0   496.239276   0.0252993834   0.4719203   1161.21375
2.981   1.16367215e+35   0.0530157567   9.27107925e+14   -0.519406571   1.05543551   0.510447709   0   321.45815   0   496.282296   0.0252948835   0.471835985   1161.13776
2.986   1.16304974e+35   0.053276494   9.26916311e+14   -0.519440606   1.05562484   0.510355133   0   321.496216   0   496.325395   0.0252903761   0.471751528   1161.06165
2.991   1.16242648e+35   0.0535380518   9.26724386e+14   -0.519474698   1.05581451   0.5102624   0   321.534356   0   496.368574   0.0252858614   0.471666927   1160.98543
2.996   1.16180237e+35   0.053800431   9.26532152e+14   -0.519508848   1.05600452   0.510169512   0   321.572569   0   496.411833   0.0252813391   0.471582183   1160.90908
3.001   1.16117741e+35   0.0540636327   9.26339606e+14   -0.519543054   1.05619487   0.510076467   0   321.610856   0   496.455173   0.0252768095   0.471497296   1160.83262
3.006   1.16055161e+35   0.0543276578   9.2614675e+14   -0.519577318   1.05638555   0.509983266   0   321.649216   0   496.498592   0.0252722724   0.471412266   1160.75605
3.011   1.15992496e+35   0.0545925075   9.25953584e+14   -0.519611639   1.05657657   0.509889908   0   321.68765   0   496.542091   0.0252677278   0.471327093   1160.67935
3.016   1.15929746e+35   0.0548581827   9.25760107e+14   -0.519646017   1.05676793   0.509796394   0   321.726158   0   496.585671   0.0252631759   0.471241777   1160.60254
3.021   1.15866912e+35   0.0551246844   9.25566319e+14   -0.519680453   1.05695963   0.509702723   0   321.76474   0   496.629331   0.0252586164   0.471156317   1160.52561
3.026   1.15803994e+35   0.0553920135   9.25372221e+14   -0.519714945   1.05715166   0.509608896   0   321.803395   0   496.673071   0.0252540496   0.471070714   1160.44857
3.031   1.15740991e+35   0.0556601712   9.25177812e+14   -0.519749495   1.05734404   0.509514912   0   321.842125   0   496.716892   0.0252494752   0.470984967   1160.37141
3.036   1.15677904e+35   0.0559291584   9.24983092e+14   -0.519784102   1.05753675   0.509420771   0   321.880928   0   496.760794   0.0252448934   0.470899077   1160.29413
3.041   1.15614734e+35   0.0561989761   9.24788061e+14   -0.519818766   1.0577298   0.509326473   0   321.919806   0   496.804776   0.0252403042   0.470813044   1160.21673
3.046   1.15551479e+35   0.0564696253   9.24592718e+14   -0.519853487   1.05792319   0.509232019   0   321.958758   0   496.848838   0.0252357075   0.470726866   1160.13922
3.051   1.1548814e+35   0.0567411069   9.24397065e+14   -0.519888265   1.05811692   0.509137408   0   321.997784   0   496.892981   0.0252311034   0.470640545   1160.06159
3.056   1.15424718e+35   0.0570134221   9.24201101e+14   -0.519923101   1.05831099   0.509042639   0   322.036885   0   496.937205   0.0252264918   0.470554081   1159.98385
3.061   1.15361212e+35   0.0572865717   9.24004826e+14   -0.519957994   1.0585054   0.508947714   0   322.07606   0   496.98151   0.0252218727   0.470467472   1159.90598
3.066   1.15297622e+35   0.0575605567   9.23808239e+14   -0.519992944   1.05870014   0.508852632   0   322.11531   0   497.025896   0.0252172462   0.47038072   1159.828
3.071   1.15233949e+35   0.0578353782   9.23611341e+14   -0.520027951   1.05889523   0.508757392   0   322.154634   0   497.070363   0.0252126122   0.470293824   1159.74991
3.076   1.15170192e+35   0.0581110371   9.23414131e+14   -0.520063015   1.05909065   0.508661995   0   322.194033   0   497.114911   0.0252079708   0.470206783   1159.6717
3.081   1.15106353e+35   0.0583875344   9.2321661e+14   -0.520098136   1.05928642   0.508566441   0   322.233506   0   497.15954   0.0252033218   0.470119599   1159.59337
3.086   1.1504243e+35   0.058664871   9.23018777e+14   -0.520133315   1.05948252   0.508470729   0   322.273055   0   497.204251   0.0251986655   0.470032271   1159.51492
3.091   1.14978424e+35   0.058943048   9.22820633e+14   -0.520168551   1.05967896   0.50837486   0   322.312678   0   497.249042   0.0251940016   0.469944798   1159.43636
3.096   1.14914335e+35   0.0592220664   9.22622177e+14   -0.520203844   1.05987574   0.508278834   0   322.352377   0   497.293915   0.0251893303   0.469857182   1159.35768
3.101   1.14850163e+35   0.059501927   9.22423409e+14   -0.520239194   1.06007286   0.50818265   0   322.39215   0   497.338869   0.0251846515   0.469769421   1159.27889
3.106   1.14785908e+35   0.059782631   9.22224329e+14   -0.520274601   1.06027033   0.508086308   0   322.431999   0   497.383905   0.0251799652   0.469681515   1159.19998
3.111   1.14721571e+35   0.0600641791   9.22024938e+14   -0.520310065   1.06046813   0.507989809   0   322.471923   0   497.429023   0.0251752714   0.469593465   1159.12095
3.116   1.14657151e+35   0.0603465725   9.21825234e+14   -0.520345587   1.06066627   0.507893152   0   322.511922   0   497.474222   0.0251705702   0.469505271   1159.04181
3.121   1.14592648e+35   0.060629812   9.21625218e+14   -0.520381166   1.06086475   0.507796337   0   322.551997   0   497.519503   0.0251658614   0.469416932   1158.96255
3.126   1.14528063e+35   0.0609138987   9.2142489e+14   -0.520416802   1.06106357   0.507699364   0   322.592147   0   497.564866   0.0251611452   0.469328449   1158.88318
3.131   1.14463396e+35   0.0611988335   9.21224249e+14   -0.520452495   1.06126273   0.507602233   0   322.632373   0   497.61031   0.0251564215   0.469239821   1158.80368
3.136   1.14398646e+35   0.0614846174   9.21023297e+14   -0.520488245   1.06146223   0.507504944   0   322.672674   0   497.655837   0.0251516903   0.469151048   1158.72408
3.141   1.14333815e+35   0.0617712513   9.20822031e+14   -0.520524052   1.06166207   0.507407497   0   322.713051   0   497.701445   0.0251469516   0.469062131   1158.64435
3.146   1.14268901e+35   0.0620587361   9.20620453e+14   -0.520559917   1.06186226   0.507309891   0   322.753504   0   497.747136   0.0251422055   0.468973068   1158.56452
3.151   1.14203906e+35   0.0623470729   9.20418563e+14   -0.520595839   1.06206278   0.507212128   0   322.794033   0   497.792909   0.0251374518   0.468883861   1158.48456
3.156   1.14138828e+35   0.0626362626   9.2021636e+14   -0.520631818   1.06226364   0.507114206   0   322.834638   0   497.838764   0.0251326906   0.468794509   1158.40449
3.161   1.14073669e+35   0.0629263061   9.20013844e+14   -0.520667854   1.06246485   0.507016125   0   322.875319   0   497.884701   0.025127922   0.468705011   1158.32431
3.166   1.14008429e+35   0.0632172045   9.19811015e+14   -0.520703947   1.06266639   0.506917887   0   322.916076   0   497.930721   0.0251231458   0.468615369   1158.244
3.171   1.13943107e+35   0.0635089586   9.19607873e+14   -0.520740097   1.06286828   0.506819489   0   322.956909   0   497.976823   0.0251183621   0.468525581   1158.16359
3.176   1.13877703e+35   0.0638015693   9.19404418e+14   -0.520776305   1.0630705   0.506720933   0   322.997818   0   498.023008   0.0251135709   0.468435648   1158.08305
3.181   1.13812218e+35   0.0640950377   9.1920065e+14   -0.52081257   1.06327307   0.506622218   0   323.038804   0   498.069276   0.0251087722   0.468345569   1158.00241
3.186   1.13746652e+35   0.0643893647   9.18996568e+14   -0.520848892   1.06347598   0.506523345   0   323.079867   0   498.115626   0.025103966   0.468255346   1157.92164
3.191   1.13681005e+35   0.0646845512   9.18792173e+14   -0.520885271   1.06367923   0.506424312   0   323.121006   0   498.162059   0.0250991523   0.468164976   1157.84076
3.196   1.13615277e+35   0.0649805981   9.18587465e+14   -0.520921707   1.06388282   0.506325121   0   323.162222   0   498.208575   0.0250943311   0.468074462   1157.75977
3.201   1.13549468e+35   0.0652775064   9.18382443e+14   -0.5209582   1.06408675   0.506225771   0   323.203514   0   498.255174   0.0250895023   0.467983801   1157.67866
3.206   1.13483578e+35   0.0655752771   9.18177108e+14   -0.520994751   1.06429103   0.506126261   0   323.244883   0   498.301855   0.0250846661   0.467892995   1157.59744
3.211   1.13417607e+35   0.065873911   9.17971459e+14   -0.521031358   1.06449564   0.506026593   0   323.286329   0   498.34862   0.0250798223   0.467802043   1157.5161
3.216   1.13351556e+35   0.0661734091   9.17765496e+14   -0.521068023   1.0647006   0.505926765   0   323.327853   0   498.395469   0.025074971   0.467710946   1157.43464
3.221   1.13285424e+35   0.0664737724   9.17559219e+14   -0.521104745   1.0649059   0.505826778   0   323.369453   0   498.4424   0.0250701121   0.467619702   1157.35307
3.226   1.13219212e+35   0.0667750016   9.17352628e+14   -0.521141524   1.06511154   0.505726631   0   323.41113   0   498.489415   0.0250652457   0.467528313   1157.27138
3.231   1.13152919e+35   0.0670770979   9.17145723e+14   -0.521178361   1.06531753   0.505626325   0   323.452885   0   498.536513   0.0250603718   0.467436777   1157.18958
3.236   1.13086546e+35   0.067380062   9.16938503e+14   -0.521215254   1.06552385   0.505525859   0   323.494717   0   498.583695   0.0250554904   0.467345095   1157.10767
3.241   1.13020093e+35   0.067683895   9.1673097e+14   -0.521252205   1.06573052   0.505425234   0   323.536627   0   498.630961   0.0250506014   0.467253267   1157.02564
3.246   1.1295356e+35   0.0679885977   9.16523122e+14   -0.521289213   1.06593753   0.505324449   0   323.578614   0   498.67831   0.0250457049   0.467161293   1156.94349
3.251   1.12886948e+35   0.068294171   9.16314959e+14   -0.521326277   1.06614488   0.505223504   0   323.620679   0   498.725743   0.0250408008   0.467069173   1156.86123
3.256   1.12820255e+35   0.0686006159   9.16106482e+14   -0.5213634   1.06635258   0.505122399   0   323.662821   0   498.773259   0.0250358892   0.466976906   1156.77886
3.261   1.12753483e+35   0.0689079333   9.1589769e+14   -0.521400579   1.06656061   0.505021135   0   323.705042   0   498.82086   0.0250309701   0.466884492   1156.69637
3.266   1.12686631e+35   0.069216124   9.15688583e+14   -0.521437815   1.06676899   0.50491971   0   323.74734   0   498.868545   0.0250260434   0.466791932   1156.61376
3.271   1.12619699e+35   0.0695251891   9.15479161e+14   -0.521475109   1.06697772   0.504818125   0   323.789716   0   498.916314   0.0250211091   0.466699226   1156.53105
3.276   1.12552688e+35   0.0698351294   9.15269424e+14   -0.521512459   1.06718678   0.50471638   0   323.832171   0   498.964167   0.0250161673   0.466606372   1156.44821
3.281   1.12485598e+35   0.0701459458   9.15059372e+14   -0.521549867   1.06739619   0.504614475   0   323.874703   0   499.012104   0.025011218   0.466513372   1156.36527
3.286   1.12418429e+35   0.0704576391   9.14849005e+14   -0.521587332   1.06760594   0.504512409   0   323.917314   0   499.060126   0.0250062611   0.466420225   1156.2822
3.291   1.1235118e+35   0.0707702105   9.14638322e+14   -0.521624854   1.06781604   0.504410183   0   323.960003   0   499.108232   0.0250012966   0.466326931   1156.19903
3.296   1.12283853e+35   0.0710836606   9.14427324e+14   -0.521662433   1.06802647   0.504307796   0   324.002771   0   499.156422   0.0249963245   0.46623349   1156.11574
3.301   1.12216447e+35   0.0713979904   9.1421601e+14   -0.52170007   1.06823725   0.504205248   0   324.045617   0   499.204697   0.0249913449   0.466139902   1156.03233
3.306   1.12148961e+35   0.0717132008   9.14004381e+14   -0.521737763   1.06844838   0.50410254   0   324.088542   0   499.253057   0.0249863577   0.466046167   1155.94881
3.311   1.12081398e+35   0.0720292928   9.13792435e+14   -0.521775514   1.06865984   0.503999671   0   324.131545   0   499.301502   0.024981363   0.465952284   1155.86518
3.316   1.12013755e+35   0.0723462671   9.13580174e+14   -0.521813322   1.06887166   0.503896642   0   324.174627   0   499.350032   0.0249763607   0.465858254   1155.78143
3.321   1.11946034e+35   0.0726641247   9.13367597e+14   -0.521851187   1.06908381   0.503793451   0   324.217789   0   499.398646   0.0249713507   0.465764077   1155.69757
3.326   1.11878235e+35   0.0729828664   9.13154703e+14   -0.521889109   1.06929631   0.503690099   0   324.261029   0   499.447346   0.0249663333   0.465669752   1155.61359
3.331   1.11810358e+35   0.0733024932   9.12941494e+14   -0.521927088   1.06950915   0.503586586   0   324.304349   0   499.496131   0.0249613082   0.46557528   1155.5295
3.336   1.11742402e+35   0.073623006   9.12727968e+14   -0.521965124   1.06972234   0.503482912   0   324.347747   0   499.545   0.0249562755   0.465480659   1155.4453
3.341   1.11674368e+35   0.0739444055   9.12514125e+14   -0.522003218   1.06993586   0.503379076   0   324.391225   0   499.593956   0.0249512353   0.465385892   1155.36098
3.346   1.11606256e+35   0.0742666928   9.12299966e+14   -0.522041368   1.07014974   0.503275079   0   324.434783   0   499.642996   0.0249461875   0.465290976   1155.27655
3.351   1.11538067e+35   0.0745898686   9.1208549e+14   -0.522079576   1.07036396   0.503170921   0   324.47842   0   499.692123   0.024941132   0.465195912   1155.192
3.356   1.114698e+35   0.0749139338   9.11870697e+14   -0.522117841   1.07057852   0.5030666   0   324.522136   0   499.741334   0.024936069   0.465100701   1155.10734
3.361   1.11401455e+35   0.0752388894   9.11655587e+14   -0.522156163   1.07079342   0.502962119   0   324.565932   0   499.790632   0.0249309984   0.465005341   1155.02257
3.366   1.11333032e+35   0.0755647361   9.1144016e+14   -0.522194542   1.07100867   0.502857475   0   324.609808   0   499.840015   0.0249259202   0.464909833   1154.93768
3.371   1.11264532e+35   0.0758914749   9.11224416e+14   -0.522232979   1.07122427   0.50275267   0   324.653764   0   499.889484   0.0249208343   0.464814177   1154.85268
3.376   1.11195955e+35   0.0762191066   9.11008355e+14   -0.522271472   1.07144021   0.502647702   0   324.6978   0   499.939039   0.0249157409   0.464718373   1154.76757
3.381   1.111273e+35   0.0765476321   9.10791976e+14   -0.522310023   1.07165649   0.502542573   0   324.741916   0   499.98868   0.0249106399   0.46462242   1154.68234
3.386   1.11058569e+35   0.0768770523   9.10575279e+14   -0.52234863   1.07187312   0.502437281   0   324.786112   0   500.038407   0.0249055312   0.464526319   1154.597
3.391   1.1098976e+35   0.077207368   9.10358265e+14   -0.522387295   1.0720901   0.502331827   0   324.830389   0   500.08822   0.0249004149   0.464430069   1154.51155
3.396   1.10920874e+35   0.07753858   9.10140933e+14   -0.522426017   1.07230741   0.502226211   0   324.874745   0   500.13812   0.024895291   0.464333671   1154.42598
3.401   1.10851912e+35   0.0778706893   9.09923283e+14   -0.522464796   1.07252508   0.502120433   0   324.919183   0   500.188106   0.0248901595   0.464237123   1154.3403
3.406   1.10782873e+35   0.0782036967   9.09705314e+14   -0.522503632   1.07274309   0.502014491   0   324.963701   0   500.238179   0.0248850204   0.464140427   1154.2545
3.411   1.10713757e+35   0.078537603   9.09487028e+14   -0.522542525   1.07296144   0.501908388   0   325.008299   0   500.288338   0.0248798736   0.464043582   1154.1686
3.416   1.10644565e+35   0.0788724091   9.09268423e+14   -0.522581476   1.07318014   0.501802121   0   325.052979   0   500.338584   0.0248747192   0.463946588   1154.08258
3.421   1.10575297e+35   0.0792081159   9.090495e+14   -0.522620483   1.07339918   0.501695692   0   325.097739   0   500.388916   0.0248695572   0.463849445   1153.99644
3.426   1.10505952e+35   0.0795447241   9.08830258e+14   -0.522659548   1.07361857   0.5015891   0   325.142581   0   500.439336   0.0248643875   0.463752153   1153.9102
3.431   1.10436531e+35   0.0798822347   9.08610697e+14   -0.52269867   1.07383831   0.501482345   0   325.187503   0   500.489842   0.0248592102   0.463654711   1153.82384
3.436   1.10367034e+35   0.0802206485   9.08390818e+14   -0.522737849   1.07405839   0.501375426   0   325.232507   0   500.540436   0.0248540252   0.46355712   1153.73736
3.441   1.10297461e+35   0.0805599663   9.08170619e+14   -0.522777085   1.07427882   0.501268345   0   325.277592   0   500.591117   0.0248488326   0.46345938   1153.65078
3.446   1.10227812e+35   0.080900189   9.07950102e+14   -0.522816378   1.07449959   0.5011611   0   325.322758   0   500.641885   0.0248436324   0.46336149   1153.56408
3.451   1.10158087e+35   0.0812413174   9.07729265e+14   -0.522855728   1.07472071   0.501053692   0   325.368006   0   500.69274   0.0248384245   0.46326345   1153.47727
3.456   1.10088287e+35   0.0815833523   9.07508109e+14   -0.522895135   1.07494217   0.50094612   0   325.413335   0   500.743683   0.0248332089   0.463165261   1153.39034
3.461   1.10018411e+35   0.0819262945   9.07286633e+14   -0.5229346   1.07516398   0.500838385   0   325.458747   0   500.794713   0.0248279857   0.463066922   1153.30331
3.466   1.0994846e+35   0.082270145   9.07064837e+14   -0.522974121   1.07538614   0.500730486   0   325.50424   0   500.845831   0.0248227549   0.462968433   1153.21616
3.471   1.09878433e+35   0.0826149045   9.06842722e+14   -0.5230137   1.07560864   0.500622424   0   325.549815   0   500.897037   0.0248175163   0.462869794   1153.1289
3.476   1.09808331e+35   0.0829605739   9.06620286e+14   -0.523053336   1.07583149   0.500514197   0   325.595472   0   500.94833   0.0248122701   0.462771004   1153.04152
3.481   1.09738154e+35   0.0833071539   9.06397531e+14   -0.523093029   1.07605469   0.500405806   0   325.641211   0   500.999712   0.0248070163   0.462672065   1152.95404
3.486   1.09667902e+35   0.0836546454   9.06174455e+14   -0.523132778   1.07627823   0.500297252   0   325.687033   0   501.051181   0.0248017547   0.462572975   1152.86644
3.491   1.09597576e+35   0.0840030493   9.05951059e+14   -0.523172586   1.07650212   0.500188533   0   325.732937   0   501.102739   0.0247964855   0.462473735   1152.77873
3.496   1.09527174e+35   0.0843523663   9.05727342e+14   -0.52321245   1.07672635   0.50007965   0   325.778923   0   501.154385   0.0247912086   0.462374345   1152.6909
3.501   1.09456698e+35   0.0847025972   9.05503305e+14   -0.523252371   1.07695093   0.499970602   0   325.824992   0   501.206119   0.024785924   0.462274804   1152.60297
3.506   1.09386147e+35   0.0850537429   9.05278947e+14   -0.523292349   1.07717586   0.49986139   0   325.871143   0   501.257941   0.0247806317   0.462175112   1152.51492
3.511   1.09315522e+35   0.0854058042   9.05054268e+14   -0.523332385   1.07740114   0.499752014   0   325.917378   0   501.309853   0.0247753318   0.46207527   1152.42676
3.516   1.09244822e+35   0.0857587819   9.04829268e+14   -0.523372477   1.07762676   0.499642472   0   325.963695   0   501.361852   0.0247700241   0.461975277   1152.33849
3.521   1.09174048e+35   0.0861126768   9.04603946e+14   -0.523412627   1.07785273   0.499532766   0   326.010095   0   501.413941   0.0247647087   0.461875133   1152.2501
3.526   1.091032e+35   0.0864674897   9.04378304e+14   -0.523452834   1.07807905   0.499422895   0   326.056579   0   501.466118   0.0247593857   0.461774837   1152.1616
3.531   1.09032278e+35   0.0868232214   9.04152339e+14   -0.523493098   1.07830571   0.499312859   0   326.103145   0   501.518385   0.0247540549   0.461674391   1152.073
3.536   1.08961282e+35   0.0871798727   9.03926053e+14   -0.523533419   1.07853272   0.499202658   0   326.149795   0   501.57074   0.0247487165   0.461573794   1151.98427
3.541   1.08890212e+35   0.0875374444   9.03699445e+14   -0.523573797   1.07876008   0.499092291   0   326.196529   0   501.623185   0.0247433703   0.461473045   1151.89544
3.546   1.08819069e+35   0.0878959373   9.03472516e+14   -0.523614232   1.07898779   0.498981759   0   326.243346   0   501.675718   0.0247380164   0.461372144   1151.8065
3.551   1.08747852e+35   0.0882553522   9.03245264e+14   -0.523654724   1.07921584   0.498871062   0   326.290247   0   501.728341   0.0247326548   0.461271093   1151.71744
3.556   1.08676561e+35   0.0886156898   9.0301769e+14   -0.523695273   1.07944425   0.4987602   0   326.337231   0   501.781054   0.0247272855   0.461169889   1151.62828
3.561   1.08605197e+35   0.0889769511   9.02789793e+14   -0.523735879   1.07967299   0.498649171   0   326.384299   0   501.833856   0.0247219085   0.461068534   1151.539
3.566   1.0853376e+35   0.0893391367   9.02561574e+14   -0.523776543   1.07990209   0.498537977   0   326.431452   0   501.886748   0.0247165237   0.460967027   1151.44961
3.571   1.0846225e+35   0.0897022475   9.02333032e+14   -0.523817263   1.08013154   0.498426617   0   326.478688   0   501.939729   0.0247111312   0.460865369   1151.3601
3.576   1.08390666e+35   0.0900662841   9.02104167e+14   -0.523858041   1.08036133   0.498315091   0   326.526009   0   501.992801   0.024705731   0.460763558   1151.27049
3.581   1.0831901e+35   0.0904312475   9.01874979e+14   -0.523898876   1.08059147   0.498203399   0   326.573414   0   502.045962   0.0247003231   0.460661595   1151.18076
3.586   1.08247281e+35   0.0907971384   9.01645468e+14   -0.523939767   1.08082196   0.49809154   0   326.620904   0   502.099214   0.0246949074   0.46055948   1151.09093
3.591   1.08175479e+35   0.0911639576   9.01415634e+14   -0.523980716   1.0810528   0.497979516   0   326.668478   0   502.152555   0.0246894839   0.460457212   1151.00098
3.596   1.08103604e+35   0.0915317058   9.01185476e+14   -0.524021722   1.08128399   0.497867325   0   326.716137   0   502.205987   0.0246840527   0.460354793   1150.91092
3.601   1.08031657e+35   0.0919003838   9.00954995e+14   -0.524062785   1.08151552   0.497754967   0   326.763881   0   502.25951   0.0246786138   0.46025222   1150.82075
3.606   1.07959638e+35   0.0922699924   9.0072419e+14   -0.524103905   1.08174741   0.497642443   0   326.811709   0   502.313123   0.0246731671   0.460149495   1150.73047
3.611   1.07887546e+35   0.0926405324   9.0049306e+14   -0.524145082   1.08197964   0.497529752   0   326.859623   0   502.366826   0.0246677127   0.460046618   1150.64007
3.616   1.07815383e+35   0.0930120045   9.00261607e+14   -0.524186316   1.08221222   0.497416894   0   326.907622   0   502.42062   0.0246622505   0.459943587   1150.54957
3.621   1.07743147e+35   0.0933844096   9.00029829e+14   -0.524227607   1.08244515   0.497303869   0   326.955706   0   502.474505   0.0246567805   0.459840404   1150.45896
3.626   1.07670839e+35   0.0937577483   8.99797727e+14   -0.524268956   1.08267843   0.497190677   0   327.003875   0   502.528481   0.0246513028   0.459737068   1150.36823
3.631   1.0759846e+35   0.0941320214   8.995653e+14   -0.524310361   1.08291206   0.497077318   0   327.05213   0   502.582549   0.0246458173   0.459633578   1150.27739
3.636   1.07526008e+35   0.0945072297   8.99332549e+14   -0.524351823   1.08314603   0.496963792   0   327.100471   0   502.636707   0.024640324   0.459529935   1150.18645
3.641   1.07453485e+35   0.0948833739   8.99099472e+14   -0.524393343   1.08338036   0.496850098   0   327.148897   0   502.690956   0.0246348229   0.459426139   1150.09539
3.646   1.07380891e+35   0.0952604548   8.98866071e+14   -0.524434919   1.08361503   0.496736237   0   327.197409   0   502.745297   0.0246293141   0.45932219   1150.00422
3.651   1.07308225e+35   0.0956384732   8.98632344e+14   -0.524476553   1.08385006   0.496622208   0   327.246008   0   502.79973   0.0246237975   0.459218087   1149.91294
3.656   1.07235488e+35   0.0960174298   8.98398292e+14   -0.524518244   1.08408543   0.496508011   0   327.294692   0   502.854253   0.024618273   0.45911383   1149.82155
3.661   1.0716268e+35   0.0963973253   8.98163914e+14   -0.524559991   1.08432115   0.496393646   0   327.343462   0   502.908869   0.0246127408   0.45900942   1149.73005
3.666   1.07089801e+35   0.0967781606   8.9792921e+14   -0.524601796   1.08455723   0.496279113   0   327.392319   0   502.963577   0.0246072008   0.458904855   1149.63843
3.671   1.0701685e+35   0.0971599362   8.97694181e+14   -0.524643658   1.08479365   0.496164412   0   327.441263   0   503.018376   0.024601653   0.458800137   1149.54671
3.676   1.06943829e+35   0.0975426531   8.97458825e+14   -0.524685576   1.08503042   0.496049543   0   327.490292   0   503.073268   0.0245960974   0.458695265   1149.45488
3.681   1.06870738e+35   0.0979263118   8.97223143e+14   -0.524727552   1.08526754   0.495934506   0   327.539409   0   503.128251   0.024590534   0.458590239   1149.36294
3.686   1.06797575e+35   0.0983109133   8.96987135e+14   -0.524769585   1.08550502   0.4958193   0   327.588613   0   503.183327   0.0245849628   0.458485058   1149.27088
3.691   1.06724343e+35   0.0986964581   8.967508e+14   -0.524811675   1.08574284   0.495703925   0   327.637903   0   503.238496   0.0245793838   0.458379723   1149.17872
3.696   1.06651039e+35   0.099082947   8.96514138e+14   -0.524853822   1.08598101   0.495588382   0   327.68728   0   503.293756   0.0245737969   0.458274233   1149.08644
3.701   1.06577666e+35   0.0994703808   8.96277149e+14   -0.524896026   1.08621953   0.49547267   0   327.736745   0   503.34911   0.0245682023   0.458168589   1148.99406
3.706   1.06504222e+35   0.0998587601   8.96039833e+14   -0.524938287   1.0864584   0.495356789   0   327.786297   0   503.404556   0.0245625998   0.45806279   1148.90157
3.711   1.06430709e+35   0.100248086   8.9580219e+14   -0.524980605   1.08669763   0.495240739   0   327.835937   0   503.460095   0.0245569894   0.457956836   1148.80896
3.716   1.06357125e+35   0.100638358   8.95564219e+14   -0.52502298   1.0869372   0.49512452   0   327.885664   0   503.515727   0.0245513713   0.457850727   1148.71625
3.721   1.06283472e+35   0.101029579   8.95325921e+14   -0.525065412   1.08717712   0.495008131   0   327.935478   0   503.571452   0.0245457453   0.457744464   1148.62342
3.726   1.06209749e+35   0.101421748   8.95087295e+14   -0.525107901   1.0874174   0.494891573   0   327.985381   0   503.62727   0.0245401114   0.457638045   1148.53049
3.731   1.06135956e+35   0.101814866   8.94848341e+14   -0.525150447   1.08765802   0.494774845   0   328.035371   0   503.683182   0.0245344698   0.457531471   1148.43744
3.736   1.06062094e+35   0.102208934   8.94609059e+14   -0.525193051   1.087899   0.494657948   0   328.08545   0   503.739187   0.0245288202   0.457424741   1148.34429
3.741   1.05988163e+35   0.102603953   8.94369448e+14   -0.525235711   1.08814032   0.494540881   0   328.135616   0   503.795285   0.0245231628   0.457317856   1148.25103
3.746   1.05914162e+35   0.102999922   8.94129509e+14   -0.525278428   1.088382   0.494423644   0   328.185871   0   503.851477   0.0245174976   0.457210816   1148.15765
3.751   1.05840092e+35   0.103396844   8.93889241e+14   -0.525321202   1.08862403   0.494306237   0   328.236215   0   503.907763   0.0245118245   0.457103619   1148.06417
3.756   1.05765953e+35   0.103794719   8.93648645e+14   -0.525364033   1.08886641   0.49418866   0   328.286647   0   503.964143   0.0245061436   0.456996267   1147.97058
3.761   1.05691746e+35   0.104193547   8.93407719e+14   -0.525406922   1.08910914   0.494070912   0   328.337167   0   504.020617   0.0245004547   0.456888759   1147.87688
3.766   1.05617469e+35   0.104593329   8.93166464e+14   -0.525449867   1.08935222   0.493952994   0   328.387777   0   504.077185   0.024494758   0.456781095   1147.78306
3.771   1.05543124e+35   0.104994066   8.9292488e+14   -0.525492869   1.08959565   0.493834906   0   328.438476   0   504.133847   0.0244890535   0.456673275   1147.68914
3.776   1.0546871e+35   0.105395759   8.92682966e+14   -0.525535928   1.08983944   0.493716647   0   328.489263   0   504.190604   0.024483341   0.456565298   1147.59511
3.781   1.05394228e+35   0.105798408   8.92440722e+14   -0.525579045   1.09008357   0.493598217   0   328.54014   0   504.247455   0.0244776207   0.456457166   1147.50097
3.786   1.05319678e+35   0.106202013   8.92198149e+14   -0.525622218   1.09032806   0.493479616   0   328.591106   0   504.304401   0.0244718925   0.456348876   1147.40672
3.791   1.05245059e+35   0.106606577   8.91955245e+14   -0.525665448   1.0905729   0.493360844   0   328.642162   0   504.361441   0.0244661564   0.45624043   1147.31236
3.796   1.05170372e+35   0.107012098   8.91712011e+14   -0.525708735   1.09081809   0.493241901   0   328.693307   0   504.418576   0.0244604124   0.456131827   1147.2179
3.801   1.05095618e+35   0.107418579   8.91468446e+14   -0.52575208   1.09106363   0.493122787   0   328.744542   0   504.475807   0.0244546605   0.456023068   1147.12332
3.806   1.05020795e+35   0.107826019   8.91224551e+14   -0.525795481   1.09130953   0.493003501   0   328.795866   0   504.533132   0.0244489007   0.455914151   1147.02863
3.811   1.04945905e+35   0.10823442   8.90980325e+14   -0.525838939   1.09155577   0.492884044   0   328.847281   0   504.590553   0.024443133   0.455805078   1146.93384
3.816   1.04870947e+35   0.108643781   8.90735767e+14   -0.525882454   1.09180237   0.492764415   0   328.898786   0   504.648068   0.0244373574   0.455695847   1146.83894
3.821   1.04795921e+35   0.109054104   8.90490879e+14   -0.525926027   1.09204932   0.492644614   0   328.950381   0   504.70568   0.0244315738   0.455586459   1146.74392
3.826   1.04720828e+35   0.10946539   8.90245659e+14   -0.525969656   1.09229662   0.492524642   0   329.002067   0   504.763387   0.0244257824   0.455476914   1146.6488
3.831   1.04645668e+35   0.109877639   8.90000107e+14   -0.526013342   1.09254428   0.492404497   0   329.053843   0   504.821189   0.024419983   0.455367211   1146.55357
3.836   1.04570441e+35   0.110290851   8.89754224e+14   -0.526057085   1.09279228   0.49228418   0   329.10571   0   504.879088   0.0244141757   0.45525735   1146.45823
3.841   1.04495147e+35   0.110705028   8.89508008e+14   -0.526100885   1.09304064   0.492163691   0   329.157667   0   504.937082   0.0244083605   0.455147332   1146.36278
3.846   1.04419785e+35   0.111120169   8.89261461e+14   -0.526144742   1.09328936   0.492043029   0   329.209716   0   504.995173   0.0244025374   0.455037155   1146.26723
3.851   1.04344357e+35   0.111536277   8.89014581e+14   -0.526188656   1.09353842   0.491922195   0   329.261855   0   505.053359   0.0243967063   0.454926821   1146.17156
3.856   1.04268862e+35   0.111953351   8.88767368e+14   -0.526232627   1.09378784   0.491801188   0   329.314086   0   505.111642   0.0243908672   0.454816329   1146.07579
3.861   1.04193301e+35   0.112371392   8.88519823e+14   -0.526276655   1.09403761   0.491680008   0   329.366408   0   505.170022   0.0243850203   0.454705678   1145.97991
3.866   1.04117673e+35   0.1127904   8.88271945e+14   -0.52632074   1.09428773   0.491558656   0   329.418821   0   505.228498   0.0243791653   0.454594869   1145.88392
3.871   1.04041979e+35   0.113210377   8.88023733e+14   -0.526364882   1.0945382   0.49143713   0   329.471326   0   505.287071   0.0243733024   0.454483902   1145.78782
3.876   1.03966219e+35   0.113631323   8.87775188e+14   -0.526409081   1.09478903   0.491315431   0   329.523923   0   505.34574   0.0243674316   0.454372775   1145.69161
3.881   1.03890392e+35   0.114053239   8.8752631e+14   -0.526453337   1.09504021   0.491193558   0   329.576612   0   505.404507   0.0243615528   0.454261491   1145.5953
3.886   1.038145e+35   0.114476124   8.87277098e+14   -0.52649765   1.09529175   0.491071513   0   329.629392   0   505.46337   0.024355666   0.454150047   1145.49887
3.891   1.03738541e+35   0.114899981   8.87027552e+14   -0.526542019   1.09554364   0.490949293   0   329.682265   0   505.522331   0.0243497713   0.454038444   1145.40234
3.896   1.03662517e+35   0.115324809   8.86777672e+14   -0.526586446   1.09579588   0.4908269   0   329.73523   0   505.581389   0.0243438686   0.453926683   1145.3057
3.901   1.03586427e+35   0.11575061   8.86527457e+14   -0.526630929   1.09604847   0.490704333   0   329.788288   0   505.640545   0.0243379579   0.453814762   1145.20895
3.906   1.03510272e+35   0.116177383   8.86276908e+14   -0.52667547   1.09630142   0.490581591   0   329.841438   0   505.699798   0.0243320392   0.453702681   1145.1121
3.911   1.03434051e+35   0.11660513   8.86026024e+14   -0.526720068   1.09655472   0.490458676   0   329.894681   0   505.759149   0.0243261125   0.453590442   1145.01513
3.916   1.03357765e+35   0.117033851   8.85774806e+14   -0.526764722   1.09680837   0.490335586   0   329.948016   0   505.818598   0.0243201779   0.453478042   1144.91806
3.921   1.03281414e+35   0.117463547   8.85523252e+14   -0.526809433   1.09706238   0.490212322   0   330.001445   0   505.878145   0.0243142352   0.453365484   1144.82088
3.926   1.03204998e+35   0.117894218   8.85271363e+14   -0.526854202   1.09731674   0.490088883   0   330.054967   0   505.93779   0.0243082846   0.453252765   1144.72359
3.931   1.03128517e+35   0.118325865   8.85019141e+14   -0.526899027   1.09757146   0.489965271   0   330.108581   0   505.997533   0.024302326   0.453139887   1144.6262
3.936   1.03051971e+35   0.118758489   8.84766628e+14   -0.526943909   1.09782653   0.489841506   0   330.16228   0   506.057363   0.0242963606   0.453026869   1144.5287
3.941   1.0297536e+35   0.11919209   8.84513841e+14   -0.526988848   1.09808195   0.489717596   0   330.216059   0   506.117277   0.0242903887   0.452913717   1144.43109
3.946   1.02898685e+35   0.119626668   8.84260778e+14   -0.527033844   1.09833773   0.48959354   0   330.269919   0   506.177275   0.0242844104   0.452800432   1144.33337
3.951   1.02821945e+35   0.120062226   8.84007441e+14   -0.527078897   1.09859386   0.489469339   0   330.323861   0   506.237357   0.0242784256   0.452687013   1144.23555
3.956   1.02745141e+35   0.120498762   8.83753828e+14   -0.527124007   1.09885035   0.489344991   0   330.377883   0   506.297523   0.0242724343   0.45257346   1144.13762
3.961   1.02668272e+35   0.120936278   8.83499939e+14   -0.527169173   1.09910719   0.489220498   0   330.431987   0   506.357774   0.0242664366   0.452459772   1144.03958
3.966   1.0259134e+35   0.121374775   8.83245774e+14   -0.527214397   1.09936438   0.489095859   0   330.486172   0   506.418109   0.0242604324   0.45234595   1143.94144
3.971   1.02514344e+35   0.121814252   8.82991333e+14   -0.527259678   1.09962193   0.488971073   0   330.540439   0   506.478528   0.0242544217   0.452231994   1143.84319
3.976   1.02437283e+35   0.122254711   8.82736616e+14   -0.527305015   1.09987984   0.488846142   0   330.594788   0   506.539033   0.0242484045   0.452117903   1143.74483
3.981   1.02360159e+35   0.122696152   8.82481621e+14   -0.527350409   1.10013809   0.488721063   0   330.649219   0   506.599622   0.0242423807   0.452003678   1143.64637
3.986   1.02282972e+35   0.123138576   8.8222635e+14   -0.527395861   1.10039671   0.488595838   0   330.703731   0   506.660296   0.0242363505   0.451889317   1143.5478
3.991   1.02205721e+35   0.123581983   8.81970801e+14   -0.527441369   1.10065567   0.488470466   0   330.758326   0   506.721056   0.0242303137   0.451774822   1143.44913
3.996   1.02128406e+35   0.124026374   8.81714975e+14   -0.527486934   1.100915   0.488344946   0   330.813004   0   506.781901   0.0242242704   0.451660191   1143.35035
4.001   1.02051028e+35   0.124471749   8.81458871e+14   -0.527532556   1.10117467   0.48821928   0   330.867764   0   506.842831   0.0242182205   0.451545425   1143.25146
4.006   1.01973587e+35   0.12491811   8.81202489e+14   -0.527578235   1.10143471   0.488093466   0   330.922606   0   506.903847   0.024212164   0.451430523   1143.15247
4.011   1.01896083e+35   0.125365456   8.80945828e+14   -0.52762397   1.10169509   0.487967505   0   330.977531   0   506.964948   0.024206101   0.451315486   1143.05337
4.016   1.01818516e+35   0.125813789   8.80688889e+14   -0.527669763   1.10195583   0.487841396   0   331.03254   0   507.026136   0.0242000313   0.451200313   1142.95417
4.021   1.01740887e+35   0.126263108   8.80431671e+14   -0.527715612   1.10221693   0.487715138   0   331.087631   0   507.087409   0.0241939551   0.451085004   1142.85485
4.026   1.01663195e+35   0.126713415   8.80174174e+14   -0.527761519   1.10247838   0.487588733   0   331.142805   0   507.148768   0.0241878723   0.450969558   1142.75544
4.031   1.0158544e+35   0.12716471   8.79916397e+14   -0.527807482   1.10274019   0.48746218   0   331.198063   0   507.210214   0.0241817829   0.450853977   1142.65592
4.036   1.01507622e+35   0.127616994   8.7965834e+14   -0.527853502   1.10300235   0.487335478   0   331.253405   0   507.271746   0.0241756868   0.450738259   1142.55629
4.041   1.01429743e+35   0.128070267   8.79400004e+14   -0.527899579   1.10326487   0.487208627   0   331.30883   0   507.333365   0.0241695841   0.450622404   1142.45655
4.046   1.01351801e+35   0.128524529   8.79141386e+14   -0.527945713   1.10352775   0.487081628   0   331.364339   0   507.39507   0.0241634748   0.450506413   1142.35672
4.051   1.01273797e+35   0.128979782   8.78882489e+14   -0.527991903   1.10379097   0.48695448   0   331.419932   0   507.456863   0.0241573588   0.450390284   1142.25677
4.056   1.01195731e+35   0.129436026   8.7862331e+14   -0.528038151   1.10405456   0.486827182   0   331.475609   0   507.518742   0.0241512361   0.450274019   1142.15672
4.061   1.01117604e+35   0.129893261   8.7836385e+14   -0.528084455   1.1043185   0.486699735   0   331.53137   0   507.580708   0.0241451068   0.450157616   1142.05657
4.066   1.01039414e+35   0.130351489   8.78104109e+14   -0.528130816   1.1045828   0.486572139   0   331.587216   0   507.642762   0.0241389707   0.450041076   1141.95631
4.071   1.00961164e+35   0.130810709   8.77844086e+14   -0.528177235   1.10484745   0.486444393   0   331.643147   0   507.704903   0.024132828   0.449924398   1141.85594
4.076   1.00882851e+35   0.131270922   8.77583781e+14   -0.528223709   1.10511246   0.486316497   0   331.699162   0   507.767132   0.0241266785   0.449807583   1141.75547
4.081   1.00804478e+35   0.131732129   8.77323193e+14   -0.528270241   1.10537782   0.486188451   0   331.755262   0   507.829448   0.0241205224   0.449690629   1141.65489
4.086   1.00726043e+35   0.13219433   8.77062323e+14   -0.52831683   1.10564354   0.486060255   0   331.811447   0   507.891852   0.0241143595   0.449573538   1141.55421
4.091   1.00647547e+35   0.132657526   8.76801169e+14   -0.528363475   1.10590962   0.485931909   0   331.867718   0   507.954345   0.0241081898   0.449456308   1141.45343
4.096   1.0056899e+35   0.133121717   8.76539733e+14   -0.528410177   1.10617605   0.485803412   0   331.924074   0   508.016925   0.0241020134   0.44933894   1141.35254
4.101   1.00490372e+35   0.133586904   8.76278013e+14   -0.528456936   1.10644284   0.485674764   0   331.980515   0   508.079594   0.0240958303   0.449221434   1141.25154
4.106   1.00411693e+35   0.134053088   8.76016008e+14   -0.528503752   1.10670999   0.485545965   0   332.037042   0   508.142351   0.0240896403   0.449103788   1141.15044
4.111   1.00332954e+35   0.134520268   8.7575372e+14   -0.528550625   1.10697749   0.485417015   0   332.093655   0   508.205197   0.0240834436   0.448986004   1141.04923
4.116   1.00254155e+35   0.134988446   8.75491147e+14   -0.528597555   1.10724535   0.485287914   0   332.150354   0   508.268132   0.0240772401   0.44886808   1140.94792
4.121   1.00175295e+35   0.135457623   8.7522829e+14   -0.528644541   1.10751356   0.485158661   0   332.207139   0   508.331155   0.0240710297   0.448750017   1140.84651
4.126   1.00096375e+35   0.135927797   8.74965147e+14   -0.528691584   1.10778213   0.485029256   0   332.264011   0   508.394268   0.0240648126   0.448631815   1140.74499
4.131   1.00017394e+35   0.136398971   8.74701719e+14   -0.528738684   1.10805106   0.4848997   0   332.320969   0   508.45747   0.0240585886   0.448513473   1140.64337
4.136   9.9938354e+34   0.136871145   8.74438005e+14   -0.528785841   1.10832034   0.484769991   0   332.378014   0   508.520761   0.0240523577   0.448394992   1140.54164
4.141   9.98592538e+34   0.137344319   8.74174004e+14   -0.528833054   1.10858999   0.48464013   0   332.435145   0   508.584142   0.02404612   0.44827637   1140.43981
4.146   9.97800939e+34   0.137818493   8.73909718e+14   -0.528880325   1.10885998   0.484510117   0   332.492364   0   508.647612   0.0240398755   0.448157609   1140.33787
4.151   9.97008744e+34   0.138293669   8.73645145e+14   -0.528927652   1.10913034   0.484379951   0   332.549669   0   508.711173   0.024033624   0.448038707   1140.23583
4.156   9.96215954e+34   0.138769846   8.73380285e+14   -0.528975036   1.10940105   0.484249632   0   332.607063   0   508.774823   0.0240273657   0.447919664   1140.13369
4.161   9.9542257e+34   0.139247026   8.73115137e+14   -0.529022476   1.10967212   0.484119159   0   332.664543   0   508.838564   0.0240211004   0.447800481   1140.03144
4.166   9.94628594e+34   0.139725208   8.72849702e+14   -0.529069974   1.10994355   0.483988534   0   332.722111   0   508.902394   0.0240148283   0.447681157   1139.92909
4.171   9.93834027e+34   0.140204394   8.72583978e+14   -0.529117528   1.11021533   0.483857755   0   332.779767   0   508.966316   0.0240085492   0.447561692   1139.82663
4.176   9.9303887e+34   0.140684584   8.72317967e+14   -0.529165139   1.11048747   0.483726823   0   332.837511   0   509.030328   0.0240022632   0.447442086   1139.72407
4.181   9.92243123e+34   0.141165777   8.72051666e+14   -0.529212807   1.11075997   0.483595736   0   332.895344   0   509.094431   0.0239959702   0.447322338   1139.62141
4.186   9.9144679e+34   0.141647976   8.71785077e+14   -0.529260532   1.11103283   0.483464496   0   332.953264   0   509.158625   0.0239896702   0.447202449   1139.51864
4.191   9.9064987e+34   0.14213118   8.71518198e+14   -0.529308313   1.11130604   0.483333101   0   333.011273   0   509.222909   0.0239833633   0.447082418   1139.41577
4.196   9.89852365e+34   0.14261539   8.7125103e+14   -0.529356151   1.11157961   0.483201552   0   333.069371   0   509.287286   0.0239770494   0.446962245   1139.31279
4.201   9.89054276e+34   0.143100606   8.70983571e+14   -0.529404046   1.11185354   0.483069848   0   333.127558   0   509.351753   0.0239707285   0.44684193   1139.20971
4.206   9.88255605e+34   0.143586829   8.70715822e+14   -0.529451998   1.11212783   0.482937989   0   333.185834   0   509.416313   0.0239644006   0.446721472   1139.10653
4.211   9.87456352e+34   0.144074059   8.70447783e+14   -0.529500006   1.11240247   0.482805975   0   333.244198   0   509.480964   0.0239580657   0.446600872   1139.00325
4.216   9.86656519e+34   0.144562297   8.70179452e+14   -0.529548071   1.11267747   0.482673806   0   333.302653   0   509.545707   0.0239517237   0.44648013   1138.89986
4.221   9.85856108e+34   0.145051543   8.6991083e+14   -0.529596193   1.11295283   0.482541481   0   333.361197   0   509.610542   0.0239453746   0.446359244   1138.79637
4.226   9.85055119e+34   0.145541798   8.69641917e+14   -0.529644371   1.11322855   0.482409001   0   333.41983   0   509.67547   0.0239390185   0.446238215   1138.69277
4.231   9.84253553e+34   0.146033062   8.69372711e+14   -0.529692607   1.11350462   0.482276365   0   333.478554   0   509.74049   0.0239326554   0.446117044   1138.58908
4.236   9.83451413e+34   0.146525336   8.69103213e+14   -0.529740899   1.11378106   0.482143572   0   333.537367   0   509.805603   0.0239262851   0.445995728   1138.48527
4.241   9.82648698e+34   0.147018621   8.68833422e+14   -0.529789247   1.11405785   0.482010623   0   333.596271   0   509.870808   0.0239199077   0.445874269   1138.38137
4.246   9.81845411e+34   0.147512915   8.68563338e+14   -0.529837653   1.114335   0.481877518   0   333.655265   0   509.936106   0.0239135233   0.445752666   1138.27736
4.251   9.81041553e+34   0.148008221   8.6829296e+14   -0.529886115   1.1146125   0.481744256   0   333.71435   0   510.001498   0.0239071317   0.44563092   1138.17325
4.256   9.80237125e+34   0.148504539   8.68022289e+14   -0.529934634   1.11489037   0.481610836   0   333.773526   0   510.066983   0.0239007329   0.445509029   1138.06904
4.261   9.79432128e+34   0.149001869   8.67751323e+14   -0.52998321   1.11516859   0.48147726   0   333.832792   0   510.132561   0.023894327   0.445386993   1137.96473
4.266   9.78626563e+34   0.149500211   8.67480063e+14   -0.530031842   1.11544718   0.481343526   0   333.89215   0   510.198233   0.0238879139   0.445264813   1137.86031
4.271   9.77820432e+34   0.149999567   8.67208508e+14   -0.530080531   1.11572612   0.481209635   0   333.951599   0   510.263999   0.0238814937   0.445142488   1137.75579
4.276   9.77013736e+34   0.150499935   8.66936657e+14   -0.530129277   1.11600542   0.481075585   0   334.01114   0   510.329859   0.0238750662   0.445020018   1137.65117
4.281   9.76206476e+34   0.151001318   8.66664511e+14   -0.530178079   1.11628508   0.480941378   0   334.070773   0   510.395813   0.0238686316   0.444897403   1137.54644
4.286   9.75398654e+34   0.151503715   8.66392069e+14   -0.530226938   1.11656509   0.480807012   0   334.130497   0   510.461861   0.0238621897   0.444774642   1137.44161
4.291   9.74590271e+34   0.152007127   8.66119331e+14   -0.530275854   1.11684547   0.480672488   0   334.190313   0   510.528004   0.0238557406   0.444651736   1137.33668
4.296   9.73781327e+34   0.152511554   8.65846296e+14   -0.530324826   1.1171262   0.480537805   0   334.250222   0   510.594242   0.0238492843   0.444528684   1137.23165
4.301   9.72971825e+34   0.153016997   8.65572964e+14   -0.530373856   1.1174073   0.480402963   0   334.310223   0   510.660574   0.0238428207   0.444405486   1137.12652
4.306   9.72161766e+34   0.153523456   8.65299334e+14   -0.530422941   1.11768875   0.480267962   0   334.370317   0   510.727002   0.0238363498   0.444282142   1137.02128
4.311   9.7135115e+34   0.154030932   8.65025407e+14   -0.530472084   1.11797056   0.480132802   0   334.430503   0   510.793524   0.0238298716   0.444158652   1136.91594
4.316   9.70539979e+34   0.154539425   8.64751181e+14   -0.530521283   1.11825273   0.479997482   0   334.490783   0   510.860142   0.0238233861   0.444035014   1136.8105
4.321   9.69728255e+34   0.155048935   8.64476657e+14   -0.530570539   1.11853526   0.479862002   0   334.551155   0   510.926856   0.0238168934   0.44391123   1136.70496
4.326   9.68915979e+34   0.155559463   8.64201834e+14   -0.530619851   1.11881815   0.479726362   0   334.611621   0   510.993666   0.0238103932   0.443787299   1136.59932
4.331   9.68103151e+34   0.156071009   8.63926711e+14   -0.53066922   1.1191014   0.479590562   0   334.672181   0   511.060571   0.0238038858   0.443663221   1136.49357
4.336   9.67289774e+34   0.156583575   8.63651289e+14   -0.530718646   1.119385   0.479454601   0   334.732834   0   511.127573   0.023797371   0.443538996   1136.38772
4.341   9.66475848e+34   0.157097159   8.63375567e+14   -0.530768128   1.11966897   0.479318479   0   334.793582   0   511.19467   0.0237908488   0.443414622   1136.28177
4.346   9.65661375e+34   0.157611763   8.63099544e+14   -0.530817667   1.11995329   0.479182197   0   334.854423   0   511.261865   0.0237843192   0.443290101   1136.17572
4.351   9.64846356e+34   0.158127387   8.62823221e+14   -0.530867263   1.12023798   0.479045753   0   334.915359   0   511.329156   0.0237777822   0.443165432   1136.06957
4.356   9.64030792e+34   0.158644031   8.62546596e+14   -0.530916915   1.12052302   0.478909148   0   334.976389   0   511.396544   0.0237712379   0.443040615   1135.96332
4.361   9.63214685e+34   0.159161697   8.6226967e+14   -0.530966624   1.12080842   0.478772381   0   335.037515   0   511.464029   0.0237646861   0.442915649   1135.85696
4.366   9.62398036e+34   0.159680383   8.61992441e+14   -0.53101639   1.12109419   0.478635453   0   335.098735   0   511.531611   0.0237581268   0.442790534   1135.75051
4.371   9.61580846e+34   0.160200092   8.61714911e+14   -0.531066212   1.12138031   0.478498362   0   335.16005   0   511.59929   0.0237515601   0.442665271   1135.64395
4.376   9.60763116e+34   0.160720822   8.61437077e+14   -0.53111609   1.12166679   0.478361109   0   335.22146   0   511.667068   0.0237449859   0.442539858   1135.53729
4.381   9.59944848e+34   0.161242575   8.6115894e+14   -0.531166026   1.12195363   0.478223693   0   335.282966   0   511.734943   0.0237384043   0.442414296   1135.43053
4.386   9.59126043e+34   0.161765351   8.608805e+14   -0.531216018   1.12224083   0.478086114   0   335.344568   0   511.802916   0.0237318151   0.442288585   1135.32367
4.391   9.58306702e+34   0.16228915   8.60601756e+14   -0.531266066   1.12252839   0.477948373   0   335.406265   0   511.870987   0.0237252184   0.442162724   1135.21671
4.396   9.57486827e+34   0.162813973   8.60322707e+14   -0.531316171   1.12281631   0.477810468   0   335.468059   0   511.939156   0.0237186142   0.442036713   1135.10965
4.401   9.56666418e+34   0.16333982   8.60043354e+14   -0.531366333   1.1231046   0.477672399   0   335.529949   0   512.007424   0.0237120025   0.441910551   1135.00249
4.406   9.55845478e+34   0.163866691   8.59763696e+14   -0.531416551   1.12339324   0.477534167   0   335.591936   0   512.075791   0.0237053832   0.44178424   1134.89522
4.411   9.55024007e+34   0.164394588   8.59483732e+14   -0.531466826   1.12368224   0.477395771   0   335.654019   0   512.144257   0.0236987563   0.441657777   1134.78786
4.416   9.54202007e+34   0.16492351   8.59203462e+14   -0.531517157   1.1239716   0.47725721   0   335.716199   0   512.212821   0.0236921218   0.441531164   1134.68039
4.421   9.53379479e+34   0.165453457   8.58922885e+14   -0.531567545   1.12426132   0.477118485   0   335.778476   0   512.281486   0.0236854797   0.4414044   1134.57283
4.426   9.52556424e+34   0.16598443   8.58642002e+14   -0.53161799   1.1245514   0.476979595   0   335.840851   0   512.350249   0.0236788301   0.441277485   1134.46516
4.431   9.51732844e+34   0.16651643   8.58360812e+14   -0.531668491   1.12484184   0.476840541   0   335.903323   0   512.419113   0.0236721727   0.441150418   1134.3574
4.436   9.50908739e+34   0.167049457   8.58079314e+14   -0.531719049   1.12513264   0.476701321   0   335.965893   0   512.488076   0.0236655078   0.441023199   1134.24953
4.441   9.50084112e+34   0.167583511   8.57797509e+14   -0.531769663   1.1254238   0.476561935   0   336.02856   0   512.557139   0.0236588351   0.440895829   1134.14157
4.446   9.49258963e+34   0.168118592   8.57515395e+14   -0.531820334   1.12571532   0.476422384   0   336.091326   0   512.626303   0.0236521548   0.440768306   1134.0335
4.451   9.48433294e+34   0.168654701   8.57232972e+14   -0.531871061   1.12600721   0.476282667   0   336.15419   0   512.695567   0.0236454668   0.440640631   1133.92533
4.456   9.47607106e+34   0.169191839   8.5695024e+14   -0.531921845   1.12629945   0.476142784   0   336.217153   0   512.764932   0.0236387711   0.440512804   1133.81707
4.461   9.46780401e+34   0.169730005   8.56667198e+14   -0.531972685   1.12659205   0.476002734   0   336.280215   0   512.834397   0.0236320676   0.440384823   1133.7087
4.466   9.45953179e+34   0.170269201   8.56383846e+14   -0.532023582   1.12688502   0.475862517   0   336.343375   0   512.903964   0.0236253565   0.44025669   1133.60023
4.471   9.45125442e+34   0.170809425   8.56100184e+14   -0.532074535   1.12717834   0.475722134   0   336.406635   0   512.973632   0.0236186375   0.440128403   1133.49167
4.476   9.44297191e+34   0.171350679   8.55816212e+14   -0.532125545   1.12747202   0.475581583   0   336.469994   0   513.043401   0.0236119108   0.439999963   1133.383
4.481   9.43468429e+34   0.171892964   8.55531927e+14   -0.532176612   1.12776607   0.475440865   0   336.533452   0   513.113272   0.0236051763   0.439871369   1133.27423
4.486   9.42639155e+34   0.172436278   8.55247332e+14   -0.532227734   1.12806048   0.475299979   0   336.597011   0   513.183245   0.023598434   0.439742621   1133.16537
4.491   9.41809371e+34   0.172980624   8.54962424e+14   -0.532278914   1.12835524   0.475158926   0   336.660669   0   513.25332   0.0235916839   0.439613719   1133.0564
4.496   9.40979078e+34   0.173526   8.54677203e+14   -0.53233015   1.12865037   0.475017704   0   336.724428   0   513.323498   0.023584926   0.439484663   1132.94734
4.501   9.40148279e+34   0.174072408   8.5439167e+14   -0.532381442   1.12894586   0.474876314   0   336.788287   0   513.393777   0.0235781602   0.439355452   1132.83818
4.506   9.39316974e+34   0.174619848   8.54105823e+14   -0.532432791   1.12924171   0.474734755   0   336.852246   0   513.46416   0.0235713865   0.439226087   1132.72891
4.511   9.38485164e+34   0.17516832   8.53819663e+14   -0.532484196   1.12953792   0.474593027   0   336.916307   0   513.534645   0.0235646049   0.439096566   1132.61955
4.516   9.37652851e+34   0.175717824   8.53533188e+14   -0.532535658   1.12983449   0.47445113   0   336.980469   0   513.605234   0.0235578155   0.43896689   1132.51009
4.521   9.36820036e+34   0.176268361   8.53246399e+14   -0.532587176   1.13013142   0.474309063   0   337.044732   0   513.675925   0.0235510181   0.438837058   1132.40053
4.526   9.35986721e+34   0.176819931   8.52959295e+14   -0.532638751   1.13042871   0.474166827   0   337.109096   0   513.746721   0.0235442128   0.438707071   1132.29087
4.531   9.35152906e+34   0.177372535   8.52671875e+14   -0.532690382   1.13072637   0.474024421   0   337.173562   0   513.81762   0.0235373996   0.438576927   1132.18111
4.536   9.34318593e+34   0.177926172   8.52384139e+14   -0.53274207   1.13102438   0.473881844   0   337.238131   0   513.888622   0.0235305784   0.438446627   1132.07126
4.541   9.33483784e+34   0.178480844   8.52096087e+14   -0.532793814   1.13132276   0.473739097   0   337.302801   0   513.959729   0.0235237492   0.438316171   1131.9613
4.546   9.32648479e+34   0.179036549   8.51807719e+14   -0.532845614   1.13162149   0.47359618   0   337.367574   0   514.030941   0.0235169121   0.438185559   1131.85125
4.551   9.3181268e+34   0.17959329   8.51519033e+14   -0.532897471   1.13192059   0.473453091   0   337.432449   0   514.102256   0.0235100669   0.438054789   1131.74109
4.556   9.30976388e+34   0.180151066   8.51230029e+14   -0.532949384   1.13222005   0.473309831   0   337.497427   0   514.173677   0.0235032137   0.437923862   1131.63084
4.561   9.30139605e+34   0.180709876   8.50940707e+14   -0.533001354   1.13251987   0.473166399   0   337.562509   0   514.245203   0.0234963524   0.437792778   1131.52049
4.566   9.29302332e+34   0.181269723   8.50651067e+14   -0.53305338   1.13282005   0.473022796   0   337.627693   0   514.316833   0.0234894831   0.437661536   1131.41004
4.571   9.2846457e+34   0.181830605   8.50361108e+14   -0.533105463   1.1331206   0.472879021   0   337.692981   0   514.388569   0.0234826057   0.437530136   1131.2995
4.576   9.27626321e+34   0.182392524   8.50070829e+14   -0.533157602   1.1334215   0.472735073   0   337.758373   0   514.460411   0.0234757202   0.437398578   1131.18885
4.581   9.26787586e+34   0.18295548   8.49780231e+14   -0.533209797   1.13372277   0.472590953   0   337.823869   0   514.532358   0.0234688266   0.437266862   1131.07811
4.586   9.25948366e+34   0.183519472   8.49489312e+14   -0.533262049   1.13402439   0.47244666   0   337.889469   0   514.604412   0.0234619248   0.437134987   1130.96727
4.591   9.25108662e+34   0.184084501   8.49198073e+14   -0.533314357   1.13432638   0.472302194   0   337.955173   0   514.676572   0.023455015   0.437002953   1130.85633
4.596   9.24268476e+34   0.184650568   8.48906512e+14   -0.533366722   1.13462873   0.472157554   0   338.020982   0   514.748838   0.0234480969   0.43687076   1130.74529
4.601   9.2342781e+34   0.185217672   8.4861463e+14   -0.533419143   1.13493145   0.472012741   0   338.086896   0   514.821211   0.0234411707   0.436738408   1130.63415
4.606   9.22586664e+34   0.185785815   8.48322426e+14   -0.53347162   1.13523452   0.471867754   0   338.152915   0   514.89369   0.0234342363   0.436605896   1130.52292
4.611   9.2174504e+34   0.186354995   8.480299e+14   -0.533524153   1.13553795   0.471722593   0   338.219039   0   514.966277   0.0234272936   0.436473225   1130.41159
4.616   9.20902939e+34   0.186925215   8.4773705e+14   -0.533576743   1.13584175   0.471577257   0   338.285269   0   515.038971   0.0234203428   0.436340393   1130.30016
4.621   9.20060363e+34   0.187496473   8.47443877e+14   -0.53362939   1.13614591   0.471431747   0   338.351604   0   515.111773   0.0234133837   0.436207402   1130.18863
4.626   9.19217312e+34   0.18806877   8.4715038e+14   -0.533682092   1.13645043   0.471286062   0   338.418046   0   515.184682   0.0234064163   0.436074249   1130.07701
4.631   9.18373789e+34   0.188642106   8.46856559e+14   -0.533734851   1.13675531   0.471140201   0   338.484593   0   515.2577   0.0233994406   0.435940936   1129.96529
4.636   9.17529794e+34   0.189216482   8.46562414e+14   -0.533787667   1.13706056   0.470994166   0   338.551248   0   515.330825   0.0233924567   0.435807462   1129.85347
4.641   9.1668533e+34   0.189791898   8.46267943e+14   -0.533840539   1.13736616   0.470847954   0   338.618009   0   515.404059   0.0233854644   0.435673827   1129.74155
4.646   9.15840396e+34   0.190368355   8.45973146e+14   -0.533893467   1.13767213   0.470701566   0   338.684877   0   515.477402   0.0233784638   0.43554003   1129.62954
4.651   9.14994996e+34   0.190945851   8.45678024e+14   -0.533946451   1.13797846   0.470555002   0   338.751852   0   515.550853   0.0233714548   0.435406072   1129.51743
4.656   9.14149129e+34   0.191524388   8.45382575e+14   -0.533999491   1.13828515   0.470408261   0   338.818934   0   515.624414   0.0233644375   0.435271951   1129.40522
4.661   9.13302797e+34   0.192103967   8.45086799e+14   -0.534052588   1.1385922   0.470261344   0   338.886124   0   515.698084   0.0233574118   0.435137668   1129.29292
4.666   9.12456002e+34   0.192684586   8.44790695e+14   -0.534105742   1.13889962   0.470114249   0   338.953422   0   515.771863   0.0233503776   0.435003223   1129.18052
4.671   9.11608745e+34   0.193266247   8.44494264e+14   -0.534158951   1.13920739   0.469966977   0   339.020828   0   515.845752   0.0233433351   0.434868615   1129.06802
4.676   9.10761028e+34   0.193848949   8.44197504e+14   -0.534212217   1.13951553   0.469819527   0   339.088343   0   515.919751   0.0233362841   0.434733844   1128.95542
4.681   9.09912851e+34   0.194432693   8.43900416e+14   -0.534265539   1.13982403   0.4696719   0   339.155966   0   515.99386   0.0233292247   0.43459891   1128.84273
4.686   9.09064216e+34   0.19501748   8.43602998e+14   -0.534318917   1.14013289   0.469524094   0   339.223698   0   516.06808   0.0233221568   0.434463812   1128.72994
4.691   9.08215124e+34   0.195603309   8.43305251e+14   -0.534372352   1.14044212   0.469376109   0   339.291539   0   516.14241   0.0233150803   0.434328551   1128.61705
4.696   9.07365577e+34   0.19619018   8.43007173e+14   -0.534425843   1.1407517   0.469227946   0   339.359489   0   516.216851   0.0233079954   0.434193126   1128.50407
4.701   9.06515577e+34   0.196778094   8.42708765e+14   -0.53447939   1.14106165   0.469079604   0   339.427549   0   516.291404   0.023300902   0.434057536   1128.39099
4.706   9.05665123e+34   0.197367052   8.42410025e+14   -0.534532993   1.14137196   0.468931082   0   339.495719   0   516.366067   0.0232937999   0.433921782   1128.27782
4.711   9.04814218e+34   0.197957053   8.42110954e+14   -0.534586653   1.14168264   0.468782381   0   339.563998   0   516.440842   0.0232866894   0.433785863   1128.16455
4.716   9.03962864e+34   0.198548097   8.41811551e+14   -0.534640369   1.14199367   0.4686335   0   339.632388   0   516.515729   0.0232795702   0.433649779   1128.05118
4.721   9.0311106e+34   0.199140185   8.41511816e+14   -0.534694141   1.14230507   0.468484438   0   339.700889   0   516.590728   0.0232724425   0.43351353   1127.93772
4.726   9.0225881e+34   0.199733317   8.41211747e+14   -0.534747969   1.14261683   0.468335197   0   339.7695   0   516.665839   0.0232653061   0.433377116   1127.82416
4.731   9.01406114e+34   0.200327493   8.40911346e+14   -0.534801853   1.14292895   0.468185774   0   339.838222   0   516.741063   0.023258161   0.433240536   1127.7105
4.736   9.00552973e+34   0.200922714   8.4061061e+14   -0.534855794   1.14324143   0.468036171   0   339.907056   0   516.8164   0.0232510074   0.433103789   1127.59675
4.741   8.99699389e+34   0.201518979   8.4030954e+14   -0.534909791   1.14355428   0.467886386   0   339.976001   0   516.891849   0.023243845   0.432966877   1127.4829
4.746   8.98845363e+34   0.202116289   8.40008134e+14   -0.534963844   1.14386749   0.467736419   0   340.045058   0   516.967411   0.023236674   0.432829798   1127.36896
4.751   8.97990897e+34   0.202714645   8.39706394e+14   -0.535017953   1.14418106   0.467586271   0   340.114227   0   517.043087   0.0232294942   0.432692552   1127.25492
4.756   8.97135992e+34   0.203314045   8.39404318e+14   -0.535072119   1.14449499   0.467435941   0   340.183508   0   517.118877   0.0232223057   0.432555139   1127.14079
4.761   8.9628065e+34   0.203914491   8.39101906e+14   -0.53512634   1.14480928   0.467285428   0   340.252901   0   517.19478   0.0232151084   0.432417559   1127.02656
4.766   8.9542487e+34   0.204515982   8.38799157e+14   -0.535180618   1.14512394   0.467134732   0   340.322408   0   517.270798   0.0232079024   0.432279812   1126.91223
4.771   8.94568656e+34   0.205118519   8.3849607e+14   -0.535234952   1.14543896   0.466983854   0   340.392027   0   517.34693   0.0232006876   0.432141896   1126.79781
4.776   8.93712009e+34   0.205722103   8.38192646e+14   -0.535289342   1.14575434   0.466832792   0   340.46176   0   517.423176   0.023193464   0.432003813   1126.68329
4.781   8.92854929e+34   0.206326732   8.37888884e+14   -0.535343788   1.14607009   0.466681546   0   340.531606   0   517.499538   0.0231862315   0.431865561   1126.56868
4.786   8.91997418e+34   0.206932408   8.37584784e+14   -0.535398291   1.14638619   0.466530117   0   340.601566   0   517.576014   0.0231789902   0.431727141   1126.45398
4.791   8.91139478e+34   0.20753913   8.37280344e+14   -0.535452849   1.14670266   0.466378504   0   340.67164   0   517.652606   0.0231717401   0.431588552   1126.33917
4.796   8.9028111e+34   0.208146899   8.36975565e+14   -0.535507464   1.14701949   0.466226706   0   340.741828   0   517.729313   0.0231644811   0.431449793   1126.22428
4.801   8.89422316e+34   0.208755715   8.36670445e+14   -0.535562134   1.14733669   0.466074723   0   340.812131   0   517.806136   0.0231572131   0.431310866   1126.10929
4.806   8.88563095e+34   0.209365577   8.36364986e+14   -0.535616861   1.14765424   0.465922556   0   340.882548   0   517.883075   0.0231499363   0.431171769   1125.9942
4.811   8.87703451e+34   0.209976487   8.36059185e+14   -0.535671644   1.14797216   0.465770203   0   340.953081   0   517.960131   0.0231426505   0.431032502   1125.87902
4.816   8.86843385e+34   0.210588445   8.35753043e+14   -0.535726483   1.14829044   0.465617665   0   341.023729   0   518.037303   0.0231353557   0.430893065   1125.76374
4.821   8.85982897e+34   0.21120145   8.35446558e+14   -0.535781378   1.14860909   0.46546494   0   341.094492   0   518.114591   0.023128052   0.430753457   1125.64837
4.826   8.85121989e+34   0.211815502   8.35139732e+14   -0.53583633   1.14892809   0.46531203   0   341.165372   0   518.191997   0.0231207392   0.430613679   1125.53291
4.831   8.84260663e+34   0.212430603   8.34832562e+14   -0.535891337   1.14924746   0.465158933   0   341.236367   0   518.26952   0.0231134175   0.43047373   1125.41735
4.836   8.8339892e+34   0.213046751   8.3452505e+14   -0.5359464   1.14956719   0.46500565   0   341.307479   0   518.34716   0.0231060867   0.43033361   1125.30169
4.841   8.82536761e+34   0.213663948   8.34217193e+14   -0.536001519   1.14988729   0.464852179   0   341.378707   0   518.424918   0.0230987468   0.430193318   1125.18594
4.846   8.81674188e+34   0.214282193   8.33908992e+14   -0.536056695   1.15020774   0.464698521   0   341.450052   0   518.502794   0.0230913979   0.430052855   1125.0701
4.851   8.80811201e+34   0.214901486   8.33600446e+14   -0.536111926   1.15052856   0.464544676   0   341.521514   0   518.580788   0.0230840399   0.42991222   1124.95416
4.856   8.79947804e+34   0.215521828   8.33291555e+14   -0.536167214   1.15084974   0.464390642   0   341.593094   0   518.658901   0.0230766727   0.429771412   1124.83813
4.861   8.79083996e+34   0.216143219   8.32982318e+14   -0.536222557   1.15117128   0.464236421   0   341.664791   0   518.737132   0.0230692964   0.429630432   1124.72201
4.866   8.78219779e+34   0.216765659   8.32672735e+14   -0.536277957   1.15149319   0.46408201   0   341.736607   0   518.815483   0.023061911   0.42948928   1124.60579
4.871   8.77355154e+34   0.217389147   8.32362805e+14   -0.536333413   1.15181546   0.463927411   0   341.80854   0   518.893952   0.0230545164   0.429347954   1124.48948
4.876   8.76490124e+34   0.218013685   8.32052528e+14   -0.536388924   1.15213809   0.463772623   0   341.880592   0   518.972541   0.0230471126   0.429206455   1124.37307
4.881   8.75624689e+34   0.218639272   8.31741903e+14   -0.536444492   1.15246108   0.463617646   0   341.952763   0   519.05125   0.0230396996   0.429064782   1124.25657
4.886   8.74758851e+34   0.219265909   8.3143093e+14   -0.536500115   1.15278443   0.463462479   0   342.025052   0   519.130078   0.0230322773   0.428922936   1124.13998
4.891   8.73892611e+34   0.219893595   8.31119608e+14   -0.536555795   1.15310815   0.463307122   0   342.097461   0   519.209027   0.0230248458   0.428780916   1124.02329
4.896   8.7302597e+34   0.220522331   8.30807937e+14   -0.53661153   1.15343223   0.463151575   0   342.169989   0   519.288097   0.0230174051   0.428638721   1123.90651
4.901   8.72158931e+34   0.221152116   8.30495916e+14   -0.536667322   1.15375668   0.462995837   0   342.242637   0   519.367287   0.023009955   0.428496351   1123.78963
4.906   8.71291493e+34   0.221782952   8.30183546e+14   -0.536723169   1.15408148   0.462839908   0   342.315406   0   519.446598   0.0230024956   0.428353807   1123.67266
4.911   8.70423659e+34   0.222414837   8.29870824e+14   -0.536779073   1.15440665   0.462683789   0   342.388294   0   519.52603   0.0229950269   0.428211088   1123.5556
4.916   8.69555431e+34   0.223047773   8.29557752e+14   -0.536835032   1.15473218   0.462527478   0   342.461303   0   519.605584   0.0229875488   0.428068193   1123.43845
4.921   8.68686809e+34   0.223681758   8.29244327e+14   -0.536891047   1.15505807   0.462370975   0   342.534433   0   519.685259   0.0229800613   0.427925122   1123.3212
4.926   8.67817794e+34   0.224316794   8.28930551e+14   -0.536947118   1.15538433   0.46221428   0   342.607684   0   519.765056   0.0229725645   0.427781876   1123.20386
4.931   8.66948389e+34   0.22495288   8.28616422e+14   -0.537003246   1.15571094   0.462057392   0   342.681057   0   519.844976   0.0229650582   0.427638453   1123.08643
4.936   8.66078595e+34   0.225590017   8.28301941e+14   -0.537059429   1.15603792   0.461900312   0   342.754551   0   519.925018   0.0229575425   0.427494854   1122.9689
4.941   8.65208413e+34   0.226228204   8.27987105e+14   -0.537115668   1.15636527   0.46174304   0   342.828168   0   520.005183   0.0229500174   0.427351078   1122.85128
4.946   8.64337844e+34   0.226867442   8.27671916e+14   -0.537171962   1.15669297   0.461585574   0   342.901906   0   520.085471   0.0229424827   0.427207126   1122.73357
4.951   8.63466891e+34   0.227507731   8.27356372e+14   -0.537228313   1.15702104   0.461427914   0   342.975767   0   520.165882   0.0229349386   0.427062995   1122.61577
4.956   8.62595553e+34   0.22814907   8.27040473e+14   -0.53728472   1.15734947   0.461270061   0   343.049751   0   520.246416   0.0229273849   0.426918688   1122.49787
4.961   8.61723834e+34   0.228791461   8.26724218e+14   -0.537341182   1.15767826   0.461112013   0   343.123858   0   520.327075   0.0229198217   0.426774202   1122.37988
4.966   8.60851733e+34   0.229434902   8.26407608e+14   -0.5373977   1.15800741   0.460953771   0   343.198088   0   520.407857   0.022912249   0.426629539   1122.2618
4.971   8.59979253e+34   0.230079394   8.26090641e+14   -0.537454275   1.15833693   0.460795335   0   343.272442   0   520.488764   0.0229046667   0.426484697   1122.14363
4.976   8.59106395e+34   0.230724938   8.25773317e+14   -0.537510905   1.15866681   0.460636703   0   343.346919   0   520.569795   0.0228970747   0.426339676   1122.02536
4.981   8.5823316e+34   0.231371532   8.25455635e+14   -0.537567591   1.15899705   0.460477876   0   343.421521   0   520.650951   0.0228894732   0.426194476   1121.907
4.986   8.5735955e+34   0.232019178   8.25137596e+14   -0.537624332   1.15932765   0.460318854   0   343.496248   0   520.732232   0.022881862   0.426049098   1121.78855
4.991   8.56485566e+34   0.232667875   8.24819198e+14   -0.53768113   1.15965862   0.460159635   0   343.571099   0   520.813638   0.0228742411   0.42590354   1121.67001
4.996   8.5561121e+34   0.233317624   8.24500441e+14   -0.537737983   1.15998995   0.460000221   0   343.646075   0   520.89517   0.0228666106   0.425757802   1121.55137
5.001   8.54736482e+34   0.233968424   8.24181383e+14   -0.537794892   1.16032164   0.459840639   0   343.721163   0   520.976813   0.0228589719   0.42561191   1121.43265
5.006   8.53861385e+34   0.234620275   8.23862081e+14   -0.537851857   1.16065369   0.459680918   0   343.796349   0   521.058551   0.0228513266   0.42546589   1121.31383
5.011   8.5298592e+34   0.235273178   8.23542534e+14   -0.537908878   1.16098611   0.459521058   0   343.871635   0   521.140385   0.0228436747   0.425319742   1121.19492
5.016   8.52110088e+34   0.235927133   8.23222742e+14   -0.537965954   1.16131888   0.45936106   0   343.947019   0   521.222315   0.0228360162   0.425173465   1121.07591
5.021   8.5123389e+34   0.236582139   8.22902704e+14   -0.538023086   1.16165202   0.459200921   0   344.022502   0   521.304341   0.022828351   0.425027058   1120.95682
5.026   8.50357328e+34   0.237238197   8.2258242e+14   -0.538080274   1.16198552   0.459040642   0   344.098086   0   521.386464   0.0228206792   0.424880522   1120.83763
5.031   8.49480404e+34   0.237895307   8.22261887e+14   -0.538137518   1.16231939   0.458880222   0   344.173769   0   521.468684   0.0228130006   0.424733856   1120.71835
5.036   8.48603119e+34   0.238553468   8.21941106e+14   -0.538194818   1.16265361   0.458719662   0   344.249553   0   521.551002   0.0228053154   0.42458706   1120.59898
5.041   8.47725474e+34   0.239212681   8.21620076e+14   -0.538252173   1.1629882   0.458558959   0   344.325437   0   521.633417   0.0227976234   0.424440132   1120.47952
5.046   8.4684747e+34   0.239872946   8.21298795e+14   -0.538309584   1.16332315   0.458398115   0   344.401423   0   521.71593   0.0227899247   0.424293074   1120.35997
5.051   8.4596911e+34   0.240534263   8.20977264e+14   -0.538367051   1.16365846   0.458237128   0   344.477509   0   521.798542   0.0227822191   0.424145884   1120.24032
5.056   8.45090394e+34   0.241196632   8.20655482e+14   -0.538424573   1.16399414   0.458075999   0   344.553698   0   521.881252   0.0227745068   0.423998562   1120.12059
5.061   8.44211324e+34   0.241860052   8.20333446e+14   -0.538482151   1.16433017   0.457914726   0   344.629988   0   521.96406   0.0227667877   0.423851108   1120.00076
5.066   8.43331901e+34   0.242524525   8.20011158e+14   -0.538539785   1.16466657   0.457753309   0   344.70638   0   522.046969   0.0227590617   0.423703521   1119.88084
5.071   8.42452127e+34   0.243190049   8.19688616e+14   -0.538597474   1.16500333   0.457591748   0   344.782875   0   522.129976   0.0227513289   0.4235558   1119.76083
5.076   8.41572004e+34   0.243856626   8.19365818e+14   -0.538655219   1.16534045   0.457430043   0   344.859473   0   522.213084   0.0227435892   0.423407947   1119.64073
5.081   8.40691532e+34   0.244524254   8.19042766e+14   -0.53871302   1.16567794   0.457268192   0   344.936174   0   522.296291   0.0227358425   0.423259959   1119.52054
5.086   8.39810713e+34   0.245192934   8.18719456e+14   -0.538770876   1.16601578   0.457106196   0   345.012979   0   522.379599   0.022728089   0.423111837   1119.40026
5.091   8.38929549e+34   0.245862666   8.1839589e+14   -0.538828789   1.16635399   0.456944054   0   345.089887   0   522.463008   0.0227203285   0.42296358   1119.27989
5.096   8.3804804e+34   0.24653345   8.18072066e+14   -0.538886756   1.16669256   0.456781766   0   345.1669   0   522.546518   0.022712561   0.422815188   1119.15942
5.101   8.37166189e+34   0.247205286   8.17747982e+14   -0.53894478   1.16703149   0.45661933   0   345.244017   0   522.63013   0.0227047866   0.42266666   1119.03887
5.106   8.36283996e+34   0.247878174   8.17423639e+14   -0.539002858   1.16737079   0.456456748   0   345.321239   0   522.713843   0.0226970051   0.422517996   1118.91823
5.111   8.35401464e+34   0.248552114   8.17099036e+14   -0.539060993   1.16771044   0.456294017   0   345.398566   0   522.797659   0.0226892166   0.422369196   1118.79749
5.116   8.34518593e+34   0.249227105   8.16774171e+14   -0.539119183   1.16805046   0.456131138   0   345.475999   0   522.881576   0.0226814211   0.42222026   1118.67667
5.121   8.33635386e+34   0.249903149   8.16449044e+14   -0.539177429   1.16839084   0.455968111   0   345.553537   0   522.965597   0.0226736184   0.422071186   1118.55575
5.126   8.32751843e+34   0.250580245   8.16123655e+14   -0.53923573   1.16873158   0.455804934   0   345.631182   0   523.049721   0.0226658087   0.421921974   1118.43475
5.131   8.31867965e+34   0.251258392   8.15798001e+14   -0.539294087   1.16907268   0.455641608   0   345.708933   0   523.133948   0.0226579918   0.421772624   1118.31366
5.136   8.30983755e+34   0.251937591   8.15472083e+14   -0.539352499   1.16941414   0.455478131   0   345.786791   0   523.218278   0.0226501678   0.421623136   1118.19247
5.141   8.30099214e+34   0.252617842   8.151459e+14   -0.539410967   1.16975596   0.455314504   0   345.864757   0   523.302713   0.0226423367   0.421473509   1118.0712
5.146   8.29214343e+34   0.253299145   8.1481945e+14   -0.539469491   1.17009815   0.455150726   0   345.942829   0   523.387252   0.0226344983   0.421323743   1117.94983
5.151   8.28329143e+34   0.2539815   8.14492734e+14   -0.53952807   1.1704407   0.454986797   0   346.02101   0   523.471896   0.0226266528   0.421173837   1117.82838
5.156   8.27443617e+34   0.254664906   8.14165749e+14   -0.539586704   1.17078361   0.454822716   0   346.099299   0   523.556645   0.0226188   0.421023791   1117.70684
5.161   8.26557765e+34   0.255349364   8.13838496e+14   -0.539645395   1.17112688   0.454658482   0   346.177696   0   523.6415   0.0226109399   0.420873605   1117.58521
5.166   8.25671588e+34   0.256034874   8.13510973e+14   -0.53970414   1.17147051   0.454494095   0   346.256202   0   523.72646   0.0226030726   0.420723278   1117.46349
5.171   8.2478509e+34   0.256721436   8.1318318e+14   -0.539762941   1.1718145   0.454329555   0   346.334818   0   523.811526   0.022595198   0.420572809   1117.34167
5.176   8.2389827e+34   0.257409049   8.12855116e+14   -0.539821798   1.17215886   0.454164862   0   346.413543   0   523.896699   0.0225873161   0.420422198   1117.21978
5.181   8.2301113e+34   0.258097713   8.1252678e+14   -0.53988071   1.17250357   0.454000014   0   346.492378   0   523.981978   0.0225794268   0.420271446   1117.09779
5.186   8.22123672e+34   0.258787429   8.12198171e+14   -0.539939677   1.17284865   0.453835011   0   346.571323   0   524.067365   0.0225715301   0.420120551   1116.97571
5.191   8.21235897e+34   0.259478196   8.11869288e+14   -0.5399987   1.17319409   0.453669853   0   346.650379   0   524.152859   0.0225636261   0.419969512   1116.85354
5.196   8.20347806e+34   0.260170015   8.11540131e+14   -0.540057778   1.17353989   0.45350454   0   346.729546   0   524.23846   0.0225557147   0.419818331   1116.73129
5.201   8.19459402e+34   0.260862885   8.11210698e+14   -0.540116912   1.17388605   0.45333907   0   346.808824   0   524.32417   0.0225477958   0.419667005   1116.60895
5.206   8.18570685e+34   0.261556806   8.1088099e+14   -0.540176101   1.17423257   0.453173444   0   346.888213   0   524.409988   0.0225398695   0.419515536   1116.48652
5.211   8.17681657e+34   0.262251778   8.10551004e+14   -0.540235346   1.17457945   0.453007661   0   346.967715   0   524.495915   0.0225319357   0.419363921   1116.364
5.216   8.16792319e+34   0.262947801   8.1022074e+14   -0.540294646   1.17492669   0.45284172   0   347.047329   0   524.581952   0.0225239944   0.419212162   1116.24139
5.221   8.15902673e+34   0.263644875   8.09890198e+14   -0.540354001   1.1752743   0.452675621   0   347.127056   0   524.668097   0.0225160455   0.419060257   1116.11869
5.226   8.15012721e+34   0.264343   8.09559376e+14   -0.540413412   1.17562226   0.452509364   0   347.206896   0   524.754353   0.0225080892   0.418908206   1115.99591
5.231   8.14122463e+34   0.265042176   8.09228274e+14   -0.540472878   1.17597059   0.452342947   0   347.286849   0   524.840718   0.0225001252   0.418756008   1115.87303
5.236   8.13231901e+34   0.265742402   8.0889689e+14   -0.5405324   1.17631927   0.452176372   0   347.366917   0   524.927195   0.0224921537   0.418603664   1115.75007
5.241   8.12341037e+34   0.266443679   8.08565224e+14   -0.540591977   1.17666832   0.452009636   0   347.447098   0   525.013782   0.0224841746   0.418451173   1115.62703
5.246   8.11449872e+34   0.267146007   8.08233276e+14   -0.540651609   1.17701773   0.45184274   0   347.527394   0   525.10048   0.0224761878   0.418298534   1115.50389
5.251   8.10558407e+34   0.267849385   8.07901043e+14   -0.540711296   1.1773675   0.451675683   0   347.607804   0   525.18729   0.0224681934   0.418145746   1115.38067
5.256   8.09666644e+34   0.268553814   8.07568526e+14   -0.540771039   1.17771762   0.451508465   0   347.68833   0   525.274212   0.0224601912   0.417992811   1115.25736
5.261   8.08774585e+34   0.269259292   8.07235724e+14   -0.540830837   1.17806811   0.451341085   0   347.768972   0   525.361246   0.0224521814   0.417839726   1115.13396
5.266   8.0788223e+34   0.269965821   8.06902635e+14   -0.540890691   1.17841896   0.451173542   0   347.849729   0   525.448392   0.0224441639   0.417686492   1115.01047
5.271   8.06989582e+34   0.2706734   8.06569259e+14   -0.540950599   1.17877017   0.451005837   0   347.930603   0   525.535652   0.0224361386   0.417533108   1114.8869
5.276   8.06096642e+34   0.271382029   8.06235594e+14   -0.541010563   1.17912174   0.450837968   0   348.011594   0   525.623025   0.0224281055   0.417379574   1114.76324
5.281   8.0520341e+34   0.272091708   8.05901641e+14   -0.541070582   1.17947367   0.450669936   0   348.092701   0   525.710512   0.0224200646   0.417225889   1114.6395
5.286   8.04309889e+34   0.272802436   8.05567398e+14   -0.541130657   1.17982596   0.45050174   0   348.173926   0   525.798113   0.0224120159   0.417072053   1114.51566
5.291   8.03416081e+34   0.273514215   8.05232865e+14   -0.541190787   1.18017861   0.450333378   0   348.255269   0   525.885828   0.0224039593   0.416918065   1114.39174
5.296   8.02521986e+34   0.274227042   8.04898039e+14   -0.541250971   1.18053162   0.450164852   0   348.33673   0   525.973658   0.0223958949   0.416763926   1114.26773
5.301   8.01627606e+34   0.274940919   8.04562922e+14   -0.541311212   1.18088499   0.449996159   0   348.418309   0   526.061603   0.0223878226   0.416609634   1114.14364
5.306   8.00732942e+34   0.275655845   8.04227511e+14   -0.541371507   1.18123872   0.449827301   0   348.500008   0   526.149664   0.0223797424   0.416455189   1114.01946
5.311   7.99837997e+34   0.27637182   8.03891806e+14   -0.541431858   1.18159281   0.449658276   0   348.581826   0   526.237841   0.0223716543   0.416300591   1113.89519
5.316   7.9894277e+34   0.277088844   8.03555807e+14   -0.541492263   1.18194726   0.449489083   0   348.663763   0   526.326134   0.0223635581   0.416145839   1113.77084
5.321   7.98047265e+34   0.277806917   8.03219511e+14   -0.541552724   1.18230207   0.449319723   0   348.74582   0   526.414543   0.022355454   0.415990933   1113.6464
5.326   7.97151482e+34   0.278526039   8.02882919e+14   -0.54161324   1.18265724   0.449150195   0   348.827998   0   526.503069   0.0223473419   0.415835872   1113.52188
5.331   7.96255423e+34   0.279246209   8.02546029e+14   -0.541673811   1.18301277   0.448980498   0   348.910297   0   526.591713   0.0223392218   0.415680657   1113.39727
5.336   7.95359089e+34   0.279967427   8.02208841e+14   -0.541734438   1.18336866   0.448810633   0   348.992716   0   526.680475   0.0223310936   0.415525285   1113.27257
5.341   7.94462482e+34   0.280689694   8.01871353e+14   -0.541795119   1.1837249   0.448640597   0   349.075258   0   526.769354   0.0223229573   0.415369758   1113.14779
5.346   7.93565603e+34   0.281413009   8.01533565e+14   -0.541855856   1.18408151   0.448470391   0   349.157921   0   526.858352   0.022314813   0.415214075   1113.02292
5.351   7.92668454e+34   0.282137371   8.01195477e+14   -0.541916648   1.18443848   0.448300015   0   349.240707   0   526.947469   0.0223066605   0.415058235   1112.89797
5.356   7.91771036e+34   0.282862781   8.00857086e+14   -0.541977494   1.1847958   0.448129468   0   349.323615   0   527.036705   0.0222984998   0.414902237   1112.77293
5.361   7.90873351e+34   0.283589239   8.00518393e+14   -0.542038396   1.18515349   0.447958749   0   349.406646   0   527.12606   0.022290331   0.414746082   1112.6478
5.366   7.899754e+34   0.284316744   8.00179396e+14   -0.542099353   1.18551153   0.447787858   0   349.489801   0   527.215535   0.022282154   0.414589768   1112.52259
5.371   7.89077184e+34   0.285045297   7.99840095e+14   -0.542160365   1.18586993   0.447616794   0   349.57308   0   527.305131   0.0222739688   0.414433297   1112.3973
5.376   7.88178705e+34   0.285774896   7.99500488e+14   -0.542221432   1.18622869   0.447445557   0   349.656482   0   527.394847   0.0222657753   0.414276666   1112.27192
5.381   7.87279965e+34   0.286505542   7.99160575e+14   -0.542282554   1.18658781   0.447274147   0   349.74001   0   527.484685   0.0222575735   0.414119875   1112.14645
5.386   7.86380965e+34   0.287237235   7.98820355e+14   -0.542343731   1.18694729   0.447102562   0   349.823662   0   527.574644   0.0222493635   0.413962925   1112.0209
5.391   7.85481706e+34   0.287969975   7.98479827e+14   -0.542404963   1.18730713   0.446930803   0   349.90744   0   527.664724   0.0222411451   0.413805814   1111.89527
5.396   7.8458219e+34   0.288703761   7.9813899e+14   -0.542466251   1.18766733   0.446758869   0   349.991344   0   527.754927   0.0222329184   0.413648543   1111.76955
5.401   7.83682419e+34   0.289438593   7.97797843e+14   -0.542527593   1.18802788   0.446586759   0   350.075374   0   527.845252   0.0222246834   0.41349111   1111.64375
5.406   7.82782393e+34   0.290174471   7.97456386e+14   -0.54258899   1.18838879   0.446414474   0   350.159531   0   527.935701   0.0222164399   0.413333515   1111.51786
5.411   7.81882115e+34   0.290911394   7.97114617e+14   -0.542650442   1.18875006   0.446242011   0   350.243814   0   528.026272   0.0222081881   0.413175759   1111.39189
5.416   7.80981585e+34   0.291649364   7.96772535e+14   -0.542711949   1.18911169   0.446069372   0   350.328225   0   528.116968   0.0221999278   0.41301784   1111.26583
5.421   7.80080806e+34   0.292388378   7.96430141e+14   -0.542773511   1.18947368   0.445896555   0   350.412764   0   528.207787   0.022191659   0.412859757   1111.13969
5.426   7.79179779e+34   0.293128438   7.96087432e+14   -0.542835128   1.18983603   0.44572356   0   350.49743   0   528.298731   0.0221833818   0.412701512   1111.01346
5.431   7.78278505e+34   0.293869543   7.95744409e+14   -0.542896799   1.19019873   0.445550386   0   350.582226   0   528.389799   0.0221750961   0.412543102   1110.88715
5.436   7.77376985e+34   0.294611692   7.95401069e+14   -0.542958526   1.19056179   0.445377033   0   350.66715   0   528.480993   0.0221668018   0.412384528   1110.76076
5.441   7.76475222e+34   0.295354886   7.95057413e+14   -0.543020307   1.19092521   0.445203501   0   350.752204   0   528.572313   0.022158499   0.412225789   1110.63429
5.446   7.75573216e+34   0.296099125   7.94713439e+14   -0.543082144   1.19128899   0.445029788   0   350.837387   0   528.663758   0.0221501876   0.412066885   1110.50773
5.451   7.7467097e+34   0.296844407   7.94369147e+14   -0.543144035   1.19165312   0.444855895   0   350.922701   0   528.75533   0.0221418675   0.411907815   1110.38108
5.456   7.73768484e+34   0.297590733   7.94024535e+14   -0.543205981   1.19201762   0.444681821   0   351.008145   0   528.847029   0.0221335389   0.411748579   1110.25436
5.461   7.72865761e+34   0.298338103   7.93679603e+14   -0.543267982   1.19238246   0.444507565   0   351.093721   0   528.938855   0.0221252016   0.411589176   1110.12755
5.466   7.71962801e+34   0.299086516   7.9333435e+14   -0.543330038   1.19274767   0.444333127   0   351.179427   0   529.030808   0.0221168556   0.411429606   1110.00065
5.471   7.71059606e+34   0.299835972   7.92988775e+14   -0.543392149   1.19311324   0.444158507   0   351.265266   0   529.12289   0.022108501   0.411269869   1109.87368
5.476   7.70156178e+34   0.300586471   7.92642877e+14   -0.543454314   1.19347916   0.443983703   0   351.351236   0   529.2151   0.0221001376   0.411109964   1109.74662
5.481   7.69252518e+34   0.301338013   7.92296655e+14   -0.543516534   1.19384544   0.443808716   0   351.43734   0   529.307438   0.0220917654   0.41094989   1109.61948
5.486   7.68348628e+34   0.302090597   7.91950109e+14   -0.543578809   1.19421207   0.443633544   0   351.523576   0   529.399906   0.0220833845   0.410789647   1109.49225
5.491   7.67444509e+34   0.302844224   7.91603236e+14   -0.543641139   1.19457906   0.443458188   0   351.609946   0   529.492503   0.0220749948   0.410629235   1109.36494
5.496   7.66540162e+34   0.303598892   7.91256038e+14   -0.543703524   1.19494641   0.443282647   0   351.696449   0   529.58523   0.0220665963   0.410468654   1109.23755
5.501   7.65635589e+34   0.304354601   7.90908512e+14   -0.543765963   1.19531412   0.44310692   0   351.783087   0   529.678087   0.0220581889   0.410307902   1109.11008
5.506   7.64730792e+34   0.305111353   7.90560658e+14   -0.543828457   1.19568218   0.442931007   0   351.86986   0   529.771075   0.0220497727   0.410146979   1108.98253
5.511   7.63825772e+34   0.305869145   7.90212475e+14   -0.543891005   1.1960506   0.442754907   0   351.956767   0   529.864194   0.0220413475   0.409985885   1108.85489
5.516   7.62920531e+34   0.306627978   7.89863962e+14   -0.543953609   1.19641937   0.44257862   0   352.04381   0   529.957445   0.0220329135   0.409824619   1108.72717
5.521   7.62015069e+34   0.307387852   7.89515119e+14   -0.544016267   1.1967885   0.442402146   0   352.130989   0   530.050827   0.0220244705   0.409663182   1108.59937
5.526   7.6110939e+34   0.308148766   7.89165943e+14   -0.54407898   1.19715799   0.442225483   0   352.218305   0   530.144342   0.0220160185   0.409501572   1108.47149
5.531   7.60203493e+34   0.30891072   7.88816435e+14   -0.544141747   1.19752783   0.442048632   0   352.305757   0   530.23799   0.0220075575   0.409339789   1108.34352
5.536   7.5929738e+34   0.309673714   7.88466593e+14   -0.544204569   1.19789803   0.441871591   0   352.393346   0   530.33177   0.0219990875   0.409177832   1108.21548
5.541   7.58391054e+34   0.310437748   7.88116417e+14   -0.544267446   1.19826858   0.44169436   0   352.481073   0   530.425685   0.0219906085   0.409015702   1108.08735
5.546   7.57484515e+34   0.31120282   7.87765906e+14   -0.544330377   1.19863949   0.44151694   0   352.568938   0   530.519733   0.0219821204   0.408853397   1107.95914
5.551   7.56577765e+34   0.311968932   7.87415059e+14   -0.544393363   1.19901076   0.441339328   0   352.656941   0   530.613915   0.0219736232   0.408690917   1107.83085
5.556   7.55670805e+34   0.312736082   7.87063875e+14   -0.544456403   1.19938238   0.441161525   0   352.745084   0   530.708232   0.0219651169   0.408528262   1107.70248
5.561   7.54763638e+34   0.313504271   7.86712352e+14   -0.544519498   1.19975436   0.440983531   0   352.833365   0   530.802685   0.0219566015   0.408365432   1107.57403
5.566   7.53856264e+34   0.314273498   7.86360492e+14   -0.544582648   1.20012669   0.440805344   0   352.921786   0   530.897272   0.0219480769   0.408202425   1107.44549
5.571   7.52948685e+34   0.315043762   7.86008291e+14   -0.544645852   1.20049937   0.440626964   0   353.010348   0   530.991996   0.0219395431   0.408039242   1107.31688
5.576   7.52040902e+34   0.315815064   7.8565575e+14   -0.544709111   1.20087242   0.440448391   0   353.09905   0   531.086856   0.0219310001   0.407875881   1107.18819
5.581   7.51132918e+34   0.316587403   7.85302867e+14   -0.544772424   1.20124581   0.440269625   0   353.187893   0   531.181853   0.0219224479   0.407712344   1107.05941
5.586   7.50224733e+34   0.317360779   7.84949643e+14   -0.544835792   1.20161956   0.440090664   0   353.276877   0   531.276987   0.0219138864   0.407548628   1106.93055
5.591   7.49316349e+34   0.318135191   7.84596075e+14   -0.544899214   1.20199367   0.439911508   0   353.366004   0   531.372259   0.0219053156   0.407384733   1106.80162
5.596   7.48407768e+34   0.318910639   7.84242163e+14   -0.54496269   1.20236813   0.439732156   0   353.455272   0   531.467668   0.0218967355   0.40722066   1106.6726
5.601   7.47498991e+34   0.319687123   7.83887906e+14   -0.545026222   1.20274294   0.439552609   0   353.544684   0   531.563216   0.0218881461   0.407056407   1106.5435
5.606   7.46590019e+34   0.320464643   7.83533303e+14   -0.545089807   1.20311811   0.439372866   0   353.634238   0   531.658903   0.0218795473   0.406891975   1106.41433
5.611   7.45680854e+34   0.321243198   7.83178354e+14   -0.545153447   1.20349363   0.439192925   0   353.723936   0   531.754729   0.0218709391   0.406727362   1106.28507
5.616   7.44771498e+34   0.322022787   7.82823058e+14   -0.545217142   1.20386951   0.439012788   0   353.813779   0   531.850694   0.0218623215   0.406562569   1106.15573
5.621   7.43861952e+34   0.322803411   7.82467412e+14   -0.545280891   1.20424574   0.438832452   0   353.903765   0   531.9468   0.0218536945   0.406397594   1106.02631
5.626   7.42952218e+34   0.32358507   7.82111418e+14   -0.545344694   1.20462232   0.438651918   0   353.993897   0   532.043046   0.021845058   0.406232438   1105.89682
5.631   7.42042297e+34   0.324367762   7.81755073e+14   -0.545408552   1.20499926   0.438471185   0   354.084174   0   532.139433   0.0218364121   0.4060671   1105.76724
5.636   7.4113219e+34   0.325151487   7.81398378e+14   -0.545472464   1.20537655   0.438290252   0   354.174596   0   532.235961   0.0218277566   0.405901579   1105.63759
5.641   7.40221899e+34   0.325936246   7.8104133e+14   -0.54553643   1.20575419   0.438109119   0   354.265165   0   532.332631   0.0218190916   0.405735875   1105.50785
5.646   7.39311426e+34   0.326722038   7.8068393e+14   -0.545600451   1.20613219   0.437927786   0   354.355881   0   532.429444   0.021810417   0.405569987   1105.37804
5.651   7.38400772e+34   0.327508862   7.80326175e+14   -0.545664526   1.20651054   0.437746252   0   354.446744   0   532.526398   0.0218017329   0.405403916   1105.24814
5.656   7.37489939e+34   0.328296718   7.79968067e+14   -0.545728655   1.20688924   0.437564517   0   354.537754   0   532.623496   0.0217930392   0.40523766   1105.11817
5.661   7.36578927e+34   0.329085606   7.79609603e+14   -0.545792839   1.2072683   0.437382579   0   354.628912   0   532.720737   0.0217843358   0.40507122   1104.98812
5.666   7.3566774e+34   0.329875526   7.79250782e+14   -0.545857077   1.20764771   0.437200439   0   354.720219   0   532.818122   0.0217756227   0.404904594   1104.85799
5.671   7.34756377e+34   0.330666476   7.78891605e+14   -0.545921369   1.20802747   0.437018096   0   354.811675   0   532.915651   0.0217669   0.404737782   1104.72778
5.676   7.33844841e+34   0.331458457   7.78532069e+14   -0.545985715   1.20840758   0.436835549   0   354.90328   0   533.013325   0.0217581676   0.404570784   1104.5975
5.681   7.32933134e+34   0.332251468   7.78172175e+14   -0.546050116   1.20878805   0.436652798   0   354.995034   0   533.111144   0.0217494255   0.4044036   1104.46713
5.686   7.32021256e+34   0.333045509   7.77811921e+14   -0.546114571   1.20916886   0.436469843   0   355.086939   0   533.209108   0.0217406736   0.404236228   1104.33669
5.691   7.31109209e+34   0.33384058   7.77451306e+14   -0.54617908   1.20955003   0.436286682   0   355.178995   0   533.307219   0.0217319119   0.404068669   1104.20617
5.696   7.30196995e+34   0.334636679   7.7709033e+14   -0.546243643   1.20993155   0.436103316   0   355.271202   0   533.405475   0.0217231404   0.403900922   1104.07557
5.701   7.29284616e+34   0.335433807   7.76728991e+14   -0.546308261   1.21031343   0.435919744   0   355.36356   0   533.503879   0.0217143591   0.403732986   1103.94489
5.706   7.28372072e+34   0.336231964   7.76367289e+14   -0.546372932   1.21069565   0.435735965   0   355.456071   0   533.60243   0.0217055679   0.403564861   1103.81414
5.711   7.27459366e+34   0.337031148   7.76005223e+14   -0.546437658   1.21107822   0.435551979   0   355.548734   0   533.701128   0.0216967669   0.403396547   1103.68331
5.716   7.26546498e+34   0.33783136   7.75642792e+14   -0.546502438   1.21146115   0.435367785   0   355.64155   0   533.799974   0.0216879559   0.403228043   1103.5524
5.721   7.25633471e+34   0.338632599   7.75279995e+14   -0.546567272   1.21184443   0.435183383   0   355.734519   0   533.898969   0.0216791351   0.403059349   1103.42141
5.726   7.24720286e+34   0.339434865   7.74916832e+14   -0.54663216   1.21222805   0.434998773   0   355.827643   0   533.998113   0.0216703042   0.402890464   1103.29034
5.731   7.23806944e+34   0.340238157   7.74553301e+14   -0.546697103   1.21261203   0.434813953   0   355.92092   0   534.097406   0.0216614634   0.402721387   1103.1592
5.736   7.22893447e+34   0.341042474   7.74189402e+14   -0.546762099   1.21299636   0.434628923   0   356.014353   0   534.196849   0.0216526126   0.40255212   1103.02798
5.741   7.21979797e+34   0.341847818   7.73825133e+14   -0.546827149   1.21338104   0.434443684   0   356.10794   0   534.296442   0.0216437518   0.402382659   1102.89669
5.746   7.21065995e+34   0.342654186   7.73460494e+14   -0.546892253   1.21376607   0.434258233   0   356.201684   0   534.396186   0.021634881   0.402213007   1102.76531
5.751   7.20152042e+34   0.343461579   7.73095484e+14   -0.546957412   1.21415145   0.434072571   0   356.295583   0   534.496081   0.021626   0.402043161   1102.63386
5.756   7.1923794e+34   0.344269996   7.72730103e+14   -0.547022624   1.21453718   0.433886698   0   356.389639   0   534.596127   0.021617109   0.401873122   1102.50234
5.761   7.18323691e+34   0.345079436   7.72364348e+14   -0.547087891   1.21492325   0.433700612   0   356.483852   0   534.696326   0.0216082078   0.401702889   1102.37074
5.766   7.17409296e+34   0.3458899   7.71998221e+14   -0.547153211   1.21530968   0.433514314   0   356.578223   0   534.796677   0.0215992965   0.401532461   1102.23906
5.771   7.16494756e+34   0.346701387   7.71631718e+14   -0.547218585   1.21569646   0.433327802   0   356.672752   0   534.89718   0.021590375   0.401361839   1102.1073
5.776   7.15580073e+34   0.347513897   7.71264841e+14   -0.547284014   1.21608358   0.433141076   0   356.767439   0   534.997837   0.0215814433   0.401191021   1101.97547
5.781   7.1466525e+34   0.348327428   7.70897587e+14   -0.547349496   1.21647106   0.432954136   0   356.862286   0   535.098648   0.0215725014   0.401020007   1101.84356
5.786   7.13750286e+34   0.349141981   7.70529956e+14   -0.547415032   1.21685888   0.432766981   0   356.957291   0   535.199612   0.0215635493   0.400848798   1101.71158
5.791   7.12835184e+34   0.349957556   7.70161948e+14   -0.547480622   1.21724706   0.432579611   0   357.052457   0   535.300732   0.0215545868   0.400677391   1101.57952
5.796   7.11919946e+34   0.35077415   7.69793561e+14   -0.547546266   1.21763558   0.432392025   0   357.147783   0   535.402006   0.0215456141   0.400505788   1101.44739
5.801   7.11004572e+34   0.351591765   7.69424794e+14   -0.547611963   1.21802445   0.432204222   0   357.24327   0   535.503436   0.0215366311   0.400333987   1101.31518
5.806   7.10089064e+34   0.3524104   7.69055647e+14   -0.547677715   1.21841366   0.432016203   0   357.338918   0   535.605022   0.0215276377   0.400161987   1101.18289
5.811   7.09173425e+34   0.353230054   7.68686119e+14   -0.54774352   1.21880323   0.431827967   0   357.434728   0   535.706764   0.021518634   0.39998979   1101.05053
5.816   7.08257655e+34   0.354050726   7.68316209e+14   -0.54780938   1.21919314   0.431639512   0   357.5307   0   535.808662   0.0215096198   0.399817393   1100.9181
5.821   7.07341756e+34   0.354872417   7.67945915e+14   -0.547875293   1.2195834   0.431450839   0   357.626835   0   535.910718   0.0215005953   0.399644797   1100.78559
5.826   7.06425729e+34   0.355695126   7.67575239e+14   -0.547941259   1.21997401   0.431261947   0   357.723133   0   536.012932   0.0214915603   0.399472002   1100.653
5.831   7.05509576e+34   0.356518852   7.67204177e+14   -0.54800728   1.22036496   0.431072836   0   357.819595   0   536.115304   0.0214825148   0.399299006   1100.52034
5.836   7.04593299e+34   0.357343594   7.6683273e+14   -0.548073354   1.22075626   0.430883505   0   357.91622   0   536.217834   0.0214734588   0.399125809   1100.38761
5.841   7.036769e+34   0.358169353   7.66460898e+14   -0.548139482   1.22114791   0.430693954   0   358.013011   0   536.320523   0.0214643924   0.398952411   1100.2548
5.846   7.02760378e+34   0.358996128   7.66088678e+14   -0.548205664   1.22153991   0.430504181   0   358.109967   0   536.423372   0.0214553154   0.398778811   1100.12191
5.851   7.01843738e+34   0.359823918   7.6571607e+14   -0.548271899   1.22193225   0.430314188   0   358.207088   0   536.52638   0.0214462278   0.39860501   1099.98896
5.856   7.00926978e+34   0.360652724   7.65343073e+14   -0.548338188   1.22232494   0.430123972   0   358.304375   0   536.629549   0.0214371296   0.398431006   1099.85593
5.861   7.00010102e+34   0.361482543   7.64969698e+14   -0.548404531   1.22271797   0.42993354   0   358.401826   0   536.732876   0.0214280212   0.398256804   1099.72282
5.866   6.99093111e+34   0.362313377   7.64596084e+14   -0.548470928   1.22311135   0.429742961   0   358.499405   0   536.836321   0.021418906   0.398082468   1099.58964
5.871   6.98176006e+34   0.363145223   7.64222269e+14   -0.548537378   1.22350507   0.429552256   0   358.597102   0   536.939873   0.0214097851   0.397908014   1099.45639
5.876   6.97258789e+34   0.363978083   7.63848251e+14   -0.548603881   1.22389914   0.429361423   0   358.694919   0   537.043535   0.0214006585   0.397733443   1099.32306
5.881   6.96341461e+34   0.364811955   7.63474029e+14   -0.548670438   1.22429356   0.429170463   0   358.792855   0   537.147305   0.021391526   0.397558754   1099.18966
5.886   6.95424025e+34   0.365646839   7.630996e+14   -0.548737049   1.22468832   0.428979372   0   358.890911   0   537.251184   0.0213823876   0.397383944   1099.05619
5.891   6.9450648e+34   0.366482734   7.62724964e+14   -0.548803714   1.22508343   0.428788152   0   358.989088   0   537.355174   0.0213732434   0.397209015   1098.92265
5.896   6.9358883e+34   0.36731964   7.62350117e+14   -0.548870432   1.22547888   0.4285968   0   359.087387   0   537.459275   0.0213640932   0.397033964   1098.78903
5.901   6.92671076e+34   0.368157556   7.61975059e+14   -0.548937203   1.22587467   0.428405316   0   359.185808   0   537.563487   0.0213549369   0.396858791   1098.65534
5.906   6.91753218e+34   0.368996482   7.61599787e+14   -0.549004028   1.22627081   0.428213699   0   359.284352   0   537.667811   0.0213457746   0.396683496   1098.52158
5.911   6.9083526e+34   0.369836417   7.612243e+14   -0.549070906   1.22666729   0.428021948   0   359.383019   0   537.772248   0.0213366061   0.396508077   1098.38774
5.916   6.89917201e+34   0.370677361   7.60848597e+14   -0.549137838   1.22706412   0.427830062   0   359.48181   0   537.876799   0.0213274315   0.396332533   1098.25384
5.921   6.88999044e+34   0.371519313   7.60472674e+14   -0.549204824   1.22746129   0.427638039   0   359.580726   0   537.981463   0.0213182506   0.396156863   1098.11986
5.926   6.88080791e+34   0.372362272   7.60096531e+14   -0.549271862   1.2278588   0.42744588   0   359.679767   0   538.086242   0.0213090635   0.395981067   1097.9858
5.931   6.87162443e+34   0.373206238   7.59720165e+14   -0.549338955   1.22825666   0.427253583   0   359.778935   0   538.191137   0.02129987   0.395805145   1097.85168
5.936   6.86244001e+34   0.374051211   7.59343575e+14   -0.5494061   1.22865486   0.427061148   0   359.878229   0   538.296147   0.0212906701   0.395629094   1097.71748
5.941   6.85325467e+34   0.374897189   7.58966759e+14   -0.549473299   1.2290534   0.426868572   0   359.97765   0   538.401274   0.0212814638   0.395452914   1097.58321
5.946   6.84406843e+34   0.375744173   7.58589715e+14   -0.549540551   1.22945228   0.426675856   0   360.0772   0   538.506518   0.0212722509   0.395276605   1097.44887
5.951   6.8348813e+34   0.376592161   7.58212442e+14   -0.549607857   1.22985151   0.426482998   0   360.176878   0   538.61188   0.0212630316   0.395100164   1097.31446
5.956   6.82569329e+34   0.377441154   7.57834937e+14   -0.549675216   1.23025108   0.426289997   0   360.276685   0   538.71736   0.0212538056   0.394923593   1097.17998
5.961   6.81650443e+34   0.37829115   7.57457199e+14   -0.549742628   1.23065099   0.426096853   0   360.376622   0   538.82296   0.0212445729   0.394746889   1097.04542
5.966   6.80731473e+34   0.379142149   7.57079226e+14   -0.549810094   1.23105124   0.425903565   0   360.47669   0   538.928679   0.0212353336   0.394570052   1096.91079
5.971   6.7981242e+34   0.37999415   7.56701016e+14   -0.549877613   1.23145183   0.425710131   0   360.576889   0   539.034519   0.0212260875   0.394393081   1096.77609
5.976   6.78893285e+34   0.380847154   7.56322568e+14   -0.549945185   1.23185277   0.42551655   0   360.67722   0   539.140479   0.0212168346   0.394215975   1096.64132
5.981   6.77974071e+34   0.381701158   7.55943879e+14   -0.55001281   1.23225404   0.425322822   0   360.777684   0   539.246562   0.0212075748   0.394038733   1096.50648
5.986   6.77054779e+34   0.382556164   7.55564948e+14   -0.550080489   1.23265566   0.425128946   0   360.878281   0   539.352767   0.0211983081   0.393861355   1096.37157
5.991   6.76135411e+34   0.383412169   7.55185773e+14   -0.550148221   1.23305762   0.42493492   0   360.979012   0   539.459095   0.0211890344   0.393683839   1096.23658
5.996   6.75215968e+34   0.384269174   7.54806352e+14   -0.550216006   1.23345991   0.424740744   0   361.079877   0   539.565546   0.0211797537   0.393506185   1096.10152
6.001   6.74296451e+34   0.385127178   7.54426684e+14   -0.550283844   1.23386255   0.424546417   0   361.180878   0   539.672122   0.0211704659   0.393328392   1095.9664
6.006   6.73376863e+34   0.38598618   7.54046766e+14   -0.550351735   1.23426553   0.424351938   0   361.282015   0   539.778823   0.021161171   0.393150459   1095.8312
6.011   6.72457204e+34   0.386846179   7.53666597e+14   -0.550419679   1.23466884   0.424157306   0   361.383288   0   539.88565   0.0211518689   0.392972384   1095.69593
6.016   6.71537477e+34   0.387707176   7.53286175e+14   -0.550487677   1.2350725   0.423962519   0   361.484699   0   539.992602   0.0211425596   0.392794168   1095.56059
6.021   6.70617682e+34   0.388569169   7.52905498e+14   -0.550555728   1.23547649   0.423767578   0   361.586248   0   540.099682   0.021133243   0.39261581   1095.42518
6.026   6.69697822e+34   0.389432158   7.52524565e+14   -0.550623831   1.23588082   0.423572481   0   361.687935   0   540.20689   0.021123919   0.392437307   1095.28969
6.031   6.68777898e+34   0.390296142   7.52143373e+14   -0.550691988   1.23628549   0.423377226   0   361.789762   0   540.314225   0.0211145876   0.392258661   1095.15414
6.036   6.67857912e+34   0.39116112   7.51761922e+14   -0.550760198   1.2366905   0.423181814   0   361.891728   0   540.42169   0.0211052488   0.392079869   1095.01852
6.041   6.66937865e+34   0.392027093   7.51380208e+14   -0.55082846   1.23709585   0.422986243   0   361.993836   0   540.529284   0.0210959025   0.391900931   1094.88282
6.046   6.66017758e+34   0.392894058   7.50998231e+14   -0.550896776   1.23750154   0.422790512   0   362.096084   0   540.637009   0.0210865486   0.391721846   1094.74706
6.051   6.65097594e+34   0.393762016   7.50615988e+14   -0.550965145   1.23790756   0.422594621   0   362.198475   0   540.744864   0.0210771871   0.391542614   1094.61123
6.056   6.64177374e+34   0.394630966   7.50233478e+14   -0.551033566   1.23831392   0.422398567   0   362.301008   0   540.852851   0.021067818   0.391363233   1094.47532
6.061   6.63257099e+34   0.395500908   7.49850699e+14   -0.551102041   1.23872061   0.422202352   0   362.403685   0   540.960971   0.0210584411   0.391183702   1094.33935
6.066   6.62336772e+34   0.39637184   7.49467649e+14   -0.551170568   1.23912765   0.422005972   0   362.506507   0   541.069223   0.0210490565   0.391004021   1094.2033
6.071   6.61416392e+34   0.397243762   7.49084327e+14   -0.551239149   1.23953502   0.421809428   0   362.609472   0   541.177609   0.021039664   0.390824189   1094.06719
6.076   6.60495963e+34   0.398116673   7.4870073e+14   -0.551307782   1.23994272   0.421612718   0   362.712584   0   541.286129   0.0210302637   0.390644204   1093.931
6.081   6.59575486e+34   0.398990573   7.48316857e+14   -0.551376468   1.24035076   0.421415842   0   362.815841   0   541.394784   0.0210208554   0.390464067   1093.79475
6.086   6.58654962e+34   0.399865461   7.47932706e+14   -0.551445207   1.24075914   0.421218799   0   362.919246   0   541.503574   0.0210114392   0.390283775   1093.65842
6.091   6.57734392e+34   0.400741337   7.47548275e+14   -0.551513998   1.24116785   0.421021587   0   363.022798   0   541.612501   0.0210020149   0.390103329   1093.52203
6.096   6.56813779e+34   0.401618199   7.47163562e+14   -0.551582843   1.2415769   0.420824206   0   363.126499   0   541.721565   0.0209925826   0.389922728   1093.38556
6.101   6.55893124e+34   0.402496047   7.46778567e+14   -0.55165174   1.24198628   0.420626654   0   363.230348   0   541.830767   0.0209831421   0.38974197   1093.24903
6.106   6.54972428e+34   0.403374881   7.46393286e+14   -0.55172069   1.242396   0.420428932   0   363.334347   0   541.940107   0.0209736934   0.389561055   1093.11243
6.111   6.54051694e+34   0.404254699   7.46007718e+14   -0.551789693   1.24280605   0.420231037   0   363.438497   0   542.049585   0.0209642364   0.389379981   1092.97576
6.116   6.53130922e+34   0.405135502   7.45621862e+14   -0.551858748   1.24321644   0.420032969   0   363.542797   0   542.159204   0.0209547712   0.389198749   1092.83902
6.121   6.52210114e+34   0.406017287   7.45235716e+14   -0.551927856   1.24362716   0.419834727   0   363.64725   0   542.268963   0.0209452976   0.389017357   1092.7022
6.126   6.51289273e+34   0.406900055   7.44849277e+14   -0.551997017   1.24403821   0.419636309   0   363.751855   0   542.378863   0.0209358155   0.388835804   1092.56532
6.131   6.50368398e+34   0.407783805   7.44462544e+14   -0.552066231   1.2444496   0.419437716   0   363.856613   0   542.488904   0.0209263251   0.38865409   1092.42838
6.136   6.49447493e+34   0.408668536   7.44075516e+14   -0.552135497   1.24486132   0.419238946   0   363.961525   0   542.599088   0.0209168261   0.388472213   1092.29136
6.141   6.48526558e+34   0.409554248   7.43688191e+14   -0.552204815   1.24527337   0.419039998   0   364.066592   0   542.709415   0.0209073185   0.388290173   1092.15427
6.146   6.47605595e+34   0.410440939   7.43300566e+14   -0.552274187   1.24568575   0.418840871   0   364.171814   0   542.819886   0.0208978023   0.388107969   1092.01712
6.151   6.46684606e+34   0.411328609   7.4291264e+14   -0.55234361   1.24609847   0.418641565   0   364.277193   0   542.930502   0.0208882775   0.3879256   1091.87989
6.156   6.45763593e+34   0.412217257   7.42524411e+14   -0.552413087   1.24651151   0.418442077   0   364.382728   0   543.041262   0.0208787439   0.387743065   1091.7426
6.161   6.44842556e+34   0.413106883   7.42135878e+14   -0.552482616   1.24692489   0.418242408   0   364.48842   0   543.152168   0.0208692015   0.387560363   1091.60524
6.166   6.43921498e+34   0.413997486   7.41747039e+14   -0.552552197   1.2473386   0.418042556   0   364.594271   0   543.263221   0.0208596503   0.387377494   1091.46781
6.171   6.43000419e+34   0.414889065   7.41357892e+14   -0.552621831   1.24775264   0.417842521   0   364.700281   0   543.374421   0.0208500902   0.387194456   1091.33031
6.176   6.42079323e+34   0.415781619   7.40968435e+14   -0.552691517   1.24816701   0.417642301   0   364.806451   0   543.485768   0.0208405212   0.387011249   1091.19274
6.181   6.41158209e+34   0.416675148   7.40578667e+14   -0.552761256   1.24858172   0.417441896   0   364.91278   0   543.597265   0.0208309432   0.386827872   1091.05511
6.186   6.4023708e+34   0.41756965   7.40188585e+14   -0.552831047   1.24899675   0.417241304   0   365.019271   0   543.70891   0.0208213561   0.386644325   1090.9174
6.191   6.39315938e+34   0.418465126   7.39798189e+14   -0.552900891   1.24941211   0.417040525   0   365.125924   0   543.820706   0.0208117599   0.386460605   1090.77963
6.196   6.38394783e+34   0.419361575   7.39407476e+14   -0.552970787   1.2498278   0.416839558   0   365.23274   0   543.932652   0.0208021546   0.386276712   1090.64179
6.201   6.37473618e+34   0.420258995   7.39016444e+14   -0.553040735   1.25024382   0.416638401   0   365.339719   0   544.044749   0.02079254   0.386092646   1090.50389
6.206   6.36552444e+34   0.421157386   7.38625092e+14   -0.553110736   1.25066017   0.416437054   0   365.446861   0   544.156999   0.0207829162   0.385908406   1090.36591
6.211   6.35631263e+34   0.422056747   7.38233418e+14   -0.553180788   1.25107684   0.416235516   0   365.554169   0   544.269401   0.0207732831   0.385723991   1090.22787
6.216   6.34710075e+34   0.422957077   7.37841421e+14   -0.553250894   1.25149385   0.416033786   0   365.661642   0   544.381957   0.0207636406   0.385539399   1090.08976
6.221   6.33788884e+34   0.423858377   7.37449098e+14   -0.553321051   1.25191118   0.415831863   0   365.769281   0   544.494667   0.0207539887   0.385354631   1089.95158
6.226   6.3286769e+34   0.424760644   7.37056448e+14   -0.553391261   1.25232884   0.415629746   0   365.877088   0   544.607531   0.0207443273   0.385169685   1089.81333
6.231   6.31946495e+34   0.425663878   7.3666347e+14   -0.553461523   1.25274683   0.415427434   0   365.985062   0   544.720551   0.0207346564   0.38498456   1089.67502
6.236   6.310253e+34   0.426568078   7.3627016e+14   -0.553531837   1.25316514   0.415224926   0   366.093204   0   544.833728   0.0207249759   0.384799255   1089.53664
6.241   6.30104108e+34   0.427473243   7.35876519e+14   -0.553602203   1.25358378   0.415022222   0   366.201516   0   544.947061   0.0207152858   0.384613771   1089.39819
6.246   6.2918292e+34   0.428379374   7.35482543e+14   -0.553672622   1.25400275   0.414819319   0   366.309997   0   545.060552   0.020705586   0.384428105   1089.25968
6.251   6.28261736e+34   0.429286468   7.35088232e+14   -0.553743092   1.25442204   0.414616218   0   366.418649   0   545.174201   0.0206958764   0.384242258   1089.1211
6.256   6.2734056e+34   0.430194525   7.34693584e+14   -0.553813615   1.25484166   0.414412918   0   366.527473   0   545.288009   0.0206861571   0.384056227   1088.98245
6.261   6.26419393e+34   0.431103545   7.34298596e+14   -0.55388419   1.2552616   0.414209417   0   366.636468   0   545.401977   0.0206764279   0.383870013   1088.84373
6.266   6.25498235e+34   0.432013526   7.33903267e+14   -0.553954817   1.25568187   0.414005714   0   366.745637   0   545.516105   0.0206666888   0.383683615   1088.70495
6.271   6.2457709e+34   0.432924467   7.33507597e+14   -0.554025495   1.25610246   0.41380181   0   366.854979   0   545.630395   0.0206569397   0.383497031   1088.5661
6.276   6.23655957e+34   0.433836369   7.33111581e+14   -0.554096226   1.25652338   0.413597702   0   366.964496   0   545.744846   0.0206471807   0.383310261   1088.42718
6.281   6.2273484e+34   0.434749229   7.3271522e+14   -0.554167009   1.25694462   0.413393389   0   367.074188   0   545.85946   0.0206374116   0.383123304   1088.2882
6.286   6.21813738e+34   0.435663048   7.32318511e+14   -0.554237844   1.25736618   0.413188872   0   367.184055   0   545.974237   0.0206276323   0.382936159   1088.14915
6.291   6.20892655e+34   0.436577824   7.31921453e+14   -0.554308731   1.25778807   0.412984148   0   367.294099   0   546.089178   0.0206178429   0.382748825   1088.01003
6.296   6.19971592e+34   0.437493557   7.31524044e+14   -0.55437967   1.25821028   0.412779217   0   367.404321   0   546.204283   0.0206080433   0.382561302   1087.87085
6.301   6.1905055e+34   0.438410246   7.31126282e+14   -0.55445066   1.25863281   0.412574079   0   367.514721   0   546.319554   0.0205982334   0.382373589   1087.7316
6.306   6.1812953e+34   0.439327889   7.30728166e+14   -0.554521703   1.25905567   0.412368731   0   367.625299   0   546.434991   0.0205884132   0.382185684   1087.59228
6.311   6.17208535e+34   0.440246487   7.30329694e+14   -0.554592797   1.25947884   0.412163174   0   367.736058   0   546.550595   0.0205785826   0.381997588   1087.4529
6.316   6.16287566e+34   0.441166038   7.29930864e+14   -0.554663943   1.25990234   0.411957406   0   367.846997   0   546.666366   0.0205687416   0.381809298   1087.31345
6.321   6.15366624e+34   0.442086541   7.29531674e+14   -0.554735141   1.26032616   0.411751426   0   367.958116   0   546.782306   0.0205588901   0.381620815   1087.17394
6.326   6.14445712e+34   0.443007996   7.29132124e+14   -0.554806391   1.2607503   0.411545234   0   368.069418   0   546.898414   0.020549028   0.381432137   1087.03436
6.331   6.13524831e+34   0.443930402   7.2873221e+14   -0.554877693   1.26117476   0.411338829   0   368.180903   0   547.014692   0.0205391554   0.381243264   1086.89471
6.336   6.12603982e+34   0.444853757   7.28331933e+14   -0.554949046   1.26159954   0.411132209   0   368.292571   0   547.131141   0.0205292721   0.381054195   1086.755
6.341   6.11683167e+34   0.445778061   7.27931289e+14   -0.555020451   1.26202464   0.410925373   0   368.404423   0   547.24776   0.0205193781   0.380864929   1086.61522
6.346   6.10762387e+34   0.446703313   7.27530277e+14   -0.555091908   1.26245006   0.410718322   0   368.51646   0   547.364551   0.0205094734   0.380675465   1086.47538
6.351   6.09841645e+34   0.447629513   7.27128897e+14   -0.555163416   1.26287579   0.410511053   0   368.628683   0   547.481515   0.0204995579   0.380485803   1086.33547
6.356   6.08920942e+34   0.448556659   7.26727145e+14   -0.555234976   1.26330185   0.410303566   0   368.741092   0   547.598651   0.0204896315   0.380295941   1086.1955
6.361   6.08000279e+34   0.44948475   7.2632502e+14   -0.555306588   1.26372822   0.410095861   0   368.853689   0   547.715962   0.0204796942   0.380105879   1086.05546
6.366   6.07079659e+34   0.450413785   7.25922521e+14   -0.555378251   1.26415491   0.409887935   0   368.966473   0   547.833447   0.0204697459   0.379915616   1085.91535
6.371   6.06159081e+34   0.451343765   7.25519647e+14   -0.555449966   1.26458192   0.409679789   0   369.079447   0   547.951108   0.0204597867   0.379725151   1085.77518
6.376   6.05238549e+34   0.452274687   7.25116394e+14   -0.555521732   1.26500925   0.409471421   0   369.19261   0   548.068945   0.0204498163   0.379534483   1085.63495
6.381   6.04318064e+34   0.453206551   7.24712763e+14   -0.55559355   1.26543689   0.409262831   0   369.305963   0   548.186958   0.0204398349   0.379343612   1085.49465
6.386   6.03397627e+34   0.454139356   7.2430875e+14   -0.55566542   1.26586485   0.409054017   0   369.419508   0   548.305149   0.0204298423   0.379152536   1085.35428
6.391   6.0247724e+34   0.455073101   7.23904355e+14   -0.55573734   1.26629312   0.408844978   0   369.533244   0   548.423518   0.0204198385   0.378961256   1085.21385
6.396   6.01556905e+34   0.456007786   7.23499576e+14   -0.555809313   1.26672171   0.408635715   0   369.647173   0   548.542066   0.0204098233   0.378769769   1085.07336
6.401   6.00636623e+34   0.456943408   7.23094411e+14   -0.555881336   1.26715062   0.408426225   0   369.761296   0   548.660794   0.0203997969   0.378578076   1084.9328
6.406   5.99716395e+34   0.457879968   7.22688859e+14   -0.555953411   1.26757984   0.408216508   0   369.875612   0   548.779702   0.0203897591   0.378386175   1084.79217
6.411   5.98796224e+34   0.458817465   7.22282918e+14   -0.556025538   1.26800937   0.408006563   0   369.990124   0   548.898791   0.0203797098   0.378194065   1084.65148
6.416   5.97876111e+34   0.459755897   7.21876586e+14   -0.556097716   1.26843922   0.40779639   0   370.104832   0   549.018062   0.0203696491   0.378001747   1084.51073
6.421   5.96956058e+34   0.460695264   7.21469862e+14   -0.556169945   1.26886938   0.407585986   0   370.219736   0   549.137515   0.0203595768   0.377809219   1084.36991
6.426   5.96036066e+34   0.461635564   7.21062744e+14   -0.556242225   1.26929986   0.407375352   0   370.334837   0   549.257152   0.0203494929   0.377616479   1084.22902
6.431   5.95116137e+34   0.462576797   7.20655231e+14   -0.556314557   1.26973065   0.407164487   0   370.450137   0   549.376972   0.0203393974   0.377423529   1084.08808
6.436   5.94196272e+34   0.463518962   7.20247321e+14   -0.55638694   1.27016175   0.406953389   0   370.565635   0   549.496977   0.0203292902   0.377230366   1083.94706
6.441   5.93276473e+34   0.464462057   7.19839013e+14   -0.556459374   1.27059316   0.406742057   0   370.681333   0   549.617168   0.0203191713   0.377036989   1083.80599
6.446   5.92356742e+34   0.465406083   7.19430305e+14   -0.55653186   1.27102488   0.406530492   0   370.797232   0   549.737545   0.0203090405   0.376843399   1083.66485
6.451   5.9143708e+34   0.466351037   7.19021194e+14   -0.556604396   1.27145692   0.406318691   0   370.913332   0   549.858109   0.0202988979   0.376649594   1083.52364
6.456   5.9051749e+34   0.467296919   7.18611681e+14   -0.556676984   1.27188926   0.406106655   0   371.029634   0   549.97886   0.0202887434   0.376455574   1083.38237
6.461   5.89597971e+34   0.468243728   7.18201763e+14   -0.556749623   1.27232191   0.405894382   0   371.146138   0   550.099799   0.020278577   0.376261337   1083.24104
6.466   5.88678527e+34   0.469191463   7.17791438e+14   -0.556822313   1.27275488   0.405681871   0   371.262847   0   550.220928   0.0202683985   0.376066884   1083.09965
6.471   5.87759158e+34   0.470140124   7.17380706e+14   -0.556895054   1.27318815   0.405469121   0   371.37976   0   550.342246   0.020258208   0.375872212   1082.95819
6.476   5.86839867e+34   0.471089708   7.16969564e+14   -0.556967846   1.27362174   0.405256133   0   371.496878   0   550.463755   0.0202480054   0.375677322   1082.81666
6.481   5.85920655e+34   0.472040216   7.16558011e+14   -0.557040689   1.27405563   0.405042903   0   371.614202   0   550.585454   0.0202377906   0.375482212   1082.67508
6.486   5.85001523e+34   0.472991645   7.16146045e+14   -0.557113583   1.27448983   0.404829433   0   371.731732   0   550.707346   0.0202275636   0.375286882   1082.53342
6.491   5.84082473e+34   0.473943996   7.15733665e+14   -0.557186528   1.27492434   0.40461572   0   371.849471   0   550.829431   0.0202173243   0.375091331   1082.39171
6.496   5.83163507e+34   0.474897267   7.1532087e+14   -0.557259524   1.27535915   0.404401765   0   371.967418   0   550.951709   0.0202070727   0.374895558   1082.24993
6.501   5.82244626e+34   0.475851457   7.14907657e+14   -0.55733257   1.27579427   0.404187566   0   372.085573   0   551.074181   0.0201968088   0.374699563   1082.10809
6.506   5.81325833e+34   0.476806566   7.14494025e+14   -0.557405668   1.2762297   0.403973122   0   372.203939   0   551.196847   0.0201865324   0.374503344   1081.96619
6.511   5.80407128e+34   0.477762592   7.14079974e+14   -0.557478817   1.27666543   0.403758433   0   372.322516   0   551.31971   0.0201762435   0.374306902   1081.82422
6.516   5.79488513e+34   0.478719533   7.136655e+14   -0.557552016   1.27710147   0.403543497   0   372.441304   0   551.442768   0.0201659422   0.374110234   1081.68219
6.521   5.7856999e+34   0.47967739   7.13250604e+14   -0.557625266   1.27753782   0.403328315   0   372.560305   0   551.566024   0.0201556282   0.373913341   1081.5401
6.526   5.7765156e+34   0.480636162   7.12835282e+14   -0.557698567   1.27797447   0.403112884   0   372.679519   0   551.689477   0.0201453017   0.373716221   1081.39794
6.531   5.76733225e+34   0.481595846   7.12419534e+14   -0.557771919   1.27841142   0.402897204   0   372.798947   0   551.813129   0.0201349624   0.373518875   1081.25572
6.536   5.75814987e+34   0.482556442   7.12003359e+14   -0.557845321   1.27884868   0.402681275   0   372.918589   0   551.93698   0.0201246104   0.3733213   1081.11344
6.541   5.74896848e+34   0.483517949   7.11586754e+14   -0.557918775   1.27928624   0.402465095   0   373.038447   0   552.06103   0.0201142457   0.373123497   1080.97109
6.546   5.73978808e+34   0.484480366   7.11169718e+14   -0.557992278   1.2797241   0.402248664   0   373.158522   0   552.185282   0.0201038681   0.372925465   1080.82868
6.551   5.7306087e+34   0.485443692   7.10752251e+14   -0.558065833   1.28016227   0.40203198   0   373.278813   0   552.309735   0.0200934777   0.372727202   1080.68621
6.556   5.72143036e+34   0.486407926   7.10334349e+14   -0.558139438   1.28060073   0.401815043   0   373.399323   0   552.43439   0.0200830743   0.372528708   1080.54368
6.561   5.71225305e+34   0.487373067   7.09916012e+14   -0.558213094   1.2810395   0.401597853   0   373.520051   0   552.559247   0.0200726579   0.372329983   1080.40109
6.566   5.70307682e+34   0.488339114   7.09497239e+14   -0.5582868   1.28147857   0.401380407   0   373.640999   0   552.684309   0.0200622285   0.372131025   1080.25843
6.571   5.69390166e+34   0.489306066   7.09078027e+14   -0.558360557   1.28191794   0.401162706   0   373.762168   0   552.809574   0.020051786   0.371931834   1080.11571
6.576   5.6847276e+34   0.490273922   7.08658376e+14   -0.558434364   1.28235761   0.400944749   0   373.883557   0   552.935045   0.0200413304   0.371732409   1079.97293
6.581   5.67555465e+34   0.49124268   7.08238284e+14   -0.558508222   1.28279758   0.400726534   0   374.005169   0   553.060721   0.0200308616   0.37153275   1079.83008
6.586   5.66638282e+34   0.49221234   7.0781775e+14   -0.55858213   1.28323785   0.400508062   0   374.127003   0   553.186604   0.0200203795   0.371332855   1079.68718
6.591   5.65721215e+34   0.4931829   7.07396771e+14   -0.558656088   1.28367842   0.40028933   0   374.249062   0   553.312694   0.0200098842   0.371132724   1079.54421
6.596   5.64804263e+34   0.49415436   7.06975347e+14   -0.558730097   1.28411928   0.400070339   0   374.371344   0   553.438992   0.0199993755   0.370932357   1079.40118
6.601   5.63887429e+34   0.495126719   7.06553545e+14   -0.558804157   1.28456045   0.399851122   0   374.493832   0   553.565477   0.0199888554   0.370731783   1079.25809
6.606   5.62970715e+34   0.496099975   7.06131578e+14   -0.558878266   1.28500191   0.399631791   0   374.616466   0   553.692085   0.0199783299   0.370531102   1079.11494
6.611   5.62054121e+34   0.497074127   7.05709458e+14   -0.558952426   1.28544366   0.39941235   0   374.739242   0   553.818813   0.0199677993   0.370330319   1078.97173
6.616   5.6113765e+34   0.498049174   7.05287182e+14   -0.559026637   1.28588572   0.399192798   0   374.862161   0   553.945662   0.0199572635   0.370129433   1078.82846
6.621   5.60221303e+34   0.499025115   7.04864745e+14   -0.559100897   1.28632806   0.398973133   0   374.985225   0   554.072632   0.0199467224   0.369928441   1078.68513
6.626   5.59305082e+34   0.500001949   7.04442144e+14   -0.559175208   1.28677071   0.398753353   0   375.108435   0   554.199726   0.019936176   0.369727343   1078.54175
6.631   5.58388989e+34   0.500979674   7.04019377e+14   -0.559249569   1.28721365   0.398533457   0   375.231791   0   554.326943   0.019925624   0.369526136   1078.39831
6.636   5.57473025e+34   0.501958291   7.03596439e+14   -0.55932398   1.28765688   0.398313443   0   375.355296   0   554.454287   0.0199150665   0.369324819   1078.25481
6.641   5.56557192e+34   0.502937796   7.03173328e+14   -0.559398441   1.2881004   0.398093309   0   375.47895   0   554.581757   0.0199045033   0.36912339   1078.11125
6.646   5.55641491e+34   0.503918191   7.02750039e+14   -0.559472952   1.28854422   0.397873052   0   375.602756   0   554.709354   0.0198939342   0.368921848   1077.96764
6.651   5.54725924e+34   0.504899472   7.02326569e+14   -0.559547514   1.28898833   0.397652672   0   375.726712   0   554.837081   0.0198833593   0.368720191   1077.82397
6.656   5.53810493e+34   0.50588164   7.01902916e+14   -0.559622125   1.28943274   0.397432167   0   375.850823   0   554.964938   0.0198727783   0.368518417   1077.68024
6.661   5.52895199e+34   0.506864693   7.01479075e+14   -0.559696787   1.28987743   0.397211534   0   375.975087   0   555.092927   0.0198621913   0.368316526   1077.53645
6.666   5.51980044e+34   0.50784863   7.01055043e+14   -0.559771498   1.29032242   0.396990772   0   376.099507   0   555.221049   0.019851598   0.368114514   1077.39261
6.671   5.51065029e+34   0.508833449   7.00630817e+14   -0.55984626   1.2907677   0.396769879   0   376.224084   0   555.349304   0.0198409985   0.367912382   1077.2487
6.676   5.50150157e+34   0.509819151   7.00206393e+14   -0.559921071   1.29121326   0.396548854   0   376.348818   0   555.477695   0.0198303925   0.367710126   1077.10475
6.681   5.49235428e+34   0.510805732   6.99781769e+14   -0.559995932   1.29165912   0.396327694   0   376.473712   0   555.606222   0.01981978   0.367507746   1076.96073
6.686   5.48320845e+34   0.511793193   6.9935694e+14   -0.560070843   1.29210527   0.396106397   0   376.598767   0   555.734886   0.0198091609   0.367305239   1076.81666
6.691   5.47406409e+34   0.512781533   6.98931903e+14   -0.560145804   1.2925517   0.395884963   0   376.723983   0   555.86369   0.0197985351   0.367102605   1076.67253
6.696   5.46492121e+34   0.513770749   6.98506655e+14   -0.560220815   1.29299842   0.395663389   0   376.849362   0   555.992633   0.0197879024   0.366899842   1076.52834
6.701   5.45577984e+34   0.514760841   6.98081193e+14   -0.560295876   1.29344543   0.395441673   0   376.974905   0   556.121718   0.0197772628   0.366696947   1076.3841
6.706   5.44663999e+34   0.515751808   6.97655513e+14   -0.560370986   1.29389273   0.395219814   0   377.100614   0   556.250945   0.0197666162   0.36649392   1076.2398
6.711   5.43750167e+34   0.516743648   6.97229611e+14   -0.560446146   1.29434031   0.39499781   0   377.226489   0   556.380316   0.0197559625   0.366290759   1076.09545
6.716   5.42836491e+34   0.517736361   6.96803486e+14   -0.560521356   1.29478818   0.394775658   0   377.352533   0   556.509832   0.0197453016   0.366087462   1075.95104
6.721   5.41922972e+34   0.518729944   6.96377132e+14   -0.560596615   1.29523633   0.394553358   0   377.478745   0   556.639493   0.0197346333   0.365884028   1075.80657
6.726   5.41009611e+34   0.519724398   6.95950548e+14   -0.560671924   1.29568477   0.394330908   0   377.605128   0   556.769303   0.0197239576   0.365680456   1075.66204
6.731   5.40096411e+34   0.52071972   6.95523729e+14   -0.560747282   1.29613349   0.394108305   0   377.731682   0   556.899261   0.0197132744   0.365476742   1075.51746
6.736   5.39183372e+34   0.521715909   6.95096673e+14   -0.560822691   1.29658249   0.393885549   0   377.858409   0   557.029368   0.0197025836   0.365272887   1075.37283
6.741   5.38270497e+34   0.522712965   6.94669375e+14   -0.560898148   1.29703178   0.393662636   0   377.985311   0   557.159627   0.019691885   0.365068888   1075.22814
6.746   5.37357787e+34   0.523710886   6.94241834e+14   -0.560973655   1.29748135   0.393439566   0   378.112388   0   557.290038   0.0196811786   0.364864744   1075.08339
6.751   5.36445243e+34   0.524709671   6.93814044e+14   -0.561049212   1.2979312   0.393216337   0   378.239641   0   557.420602   0.0196704643   0.364660454   1074.93859
6.756   5.35532868e+34   0.525709318   6.93386004e+14   -0.561124818   1.29838134   0.392992947   0   378.367072   0   557.551322   0.0196597419   0.364456015   1074.79373
6.761   5.34620663e+34   0.526709827   6.9295771e+14   -0.561200474   1.29883175   0.392769394   0   378.494683   0   557.682197   0.0196490114   0.364251426   1074.64882
6.766   5.33708629e+34   0.527711197   6.92529158e+14   -0.561276178   1.29928244   0.392545676   0   378.622474   0   557.813229   0.0196382727   0.364046686   1074.50385
6.771   5.32796769e+34   0.528713425   6.92100346e+14   -0.561351933   1.29973342   0.392321792   0   378.750447   0   557.94442   0.0196275256   0.363841792   1074.35883
6.776   5.31885083e+34   0.529716511   6.91671269e+14   -0.561427736   1.30018467   0.39209774   0   378.878602   0   558.07577   0.0196167701   0.363636745   1074.21375
6.781   5.30973574e+34   0.530720454   6.91241926e+14   -0.561503589   1.3006362   0.391873519   0   379.006942   0   558.207282   0.0196060061   0.363431541   1074.06861
6.786   5.30062243e+34   0.531725252   6.90812312e+14   -0.561579491   1.30108801   0.391649126   0   379.135467   0   558.338955   0.0195952335   0.363226179   1073.92343
6.791   5.29151093e+34   0.532730904   6.90382425e+14   -0.561655442   1.3015401   0.391424559   0   379.264179   0   558.470792   0.0195844521   0.363020659   1073.77818
6.796   5.28240123e+34   0.533737409   6.89952261e+14   -0.561731443   1.30199246   0.391199818   0   379.393079   0   558.602793   0.0195736619   0.362814977   1073.63289
6.801   5.27329337e+34   0.534744765   6.89521817e+14   -0.561807492   1.3024451   0.3909749   0   379.522169   0   558.73496   0.0195628627   0.362609134   1073.48753
6.806   5.26418735e+34   0.535752971   6.8909109e+14   -0.561883591   1.30289801   0.390749804   0   379.651449   0   558.867294   0.0195520546   0.362403127   1073.34213
6.811   5.2550832e+34   0.536762026   6.88660076e+14   -0.561959739   1.3033512   0.390524528   0   379.78092   0   558.999796   0.0195412373   0.362196954   1073.19667
6.816   5.24598093e+34   0.537771929   6.88228773e+14   -0.562035936   1.30380466   0.390299069   0   379.910585   0   559.132468   0.0195304108   0.361990614   1073.05115
6.821   5.23688056e+34   0.538782679   6.87797177e+14   -0.562112182   1.3042584   0.390073428   0   380.040444   0   559.265311   0.0195195749   0.361784106   1072.90558
6.826   5.2277821e+34   0.539794273   6.87365285e+14   -0.562188477   1.30471241   0.389847601   0   380.170499   0   559.398325   0.0195087297   0.361577429   1072.75996
6.831   5.21868557e+34   0.540806712   6.86933094e+14   -0.562264821   1.30516669   0.389621587   0   380.300751   0   559.531513   0.0194978749   0.361370579   1072.61428
6.836   5.20959099e+34   0.541819993   6.86500601e+14   -0.562341214   1.30562124   0.389395384   0   380.431201   0   559.664875   0.0194870105   0.361163557   1072.46855
6.841   5.20049836e+34   0.542834116   6.86067802e+14   -0.562417655   1.30607607   0.389168992   0   380.561851   0   559.798413   0.0194761364   0.36095636   1072.32277
6.846   5.19140772e+34   0.543849078   6.85634695e+14   -0.562494146   1.30653116   0.388942407   0   380.692701   0   559.932127   0.0194652524   0.360748988   1072.17693
6.851   5.18231907e+34   0.544864879   6.85201276e+14   -0.562570685   1.30698653   0.388715628   0   380.823753   0   560.06602   0.0194543585   0.360541438   1072.03104
6.856   5.17323244e+34   0.545881518   6.84767543e+14   -0.562647273   1.30744216   0.388488654   0   380.955009   0   560.200093   0.0194434547   0.360333708   1071.88509
6.861   5.16414783e+34   0.546898993   6.84333491e+14   -0.56272391   1.30789806   0.388261483   0   381.08647   0   560.334346   0.0194325407   0.360125799   1071.7391
6.866   5.15506526e+34   0.547917303   6.83899119e+14   -0.562800596   1.30835423   0.388034113   0   381.218136   0   560.46878   0.0194216165   0.359917707   1071.59305
6.871   5.14598476e+34   0.548936446   6.83464422e+14   -0.56287733   1.30881067   0.387806542   0   381.35001   0   560.603398   0.019410682   0.359709432   1071.44694
6.876   5.13690633e+34   0.549956421   6.83029398e+14   -0.562954113   1.30926738   0.38757877   0   381.482092   0   560.7382   0.0193997371   0.359500971   1071.30079
6.881   5.12783e+34   0.550977227   6.82594044e+14   -0.563030945   1.30972435   0.387350793   0   381.614384   0   560.873188   0.0193887816   0.359292325   1071.15458
6.886   5.11875578e+34   0.551998863   6.82158357e+14   -0.563107825   1.31018159   0.387122612   0   381.746887   0   561.008363   0.0193778156   0.35908349   1071.00831
6.891   5.10968369e+34   0.553021326   6.81722334e+14   -0.563184754   1.31063909   0.386894223   0   381.879602   0   561.143725   0.0193668389   0.358874466   1070.862
6.896   5.10061374e+34   0.554044616   6.81285971e+14   -0.563261732   1.31109685   0.386665625   0   382.012531   0   561.279277   0.0193558514   0.358665251   1070.71563
6.901   5.09154595e+34   0.555068732   6.80849265e+14   -0.563338757   1.31155488   0.386436817   0   382.145675   0   561.41502   0.019344853   0.358455843   1070.56921
6.906   5.08248034e+34   0.556093672   6.80412214e+14   -0.563415832   1.31201317   0.386207797   0   382.279036   0   561.550954   0.0193338436   0.358246242   1070.42274
6.911   5.07341692e+34   0.557119434   6.79974815e+14   -0.563492954   1.31247173   0.385978563   0   382.412614   0   561.687081   0.0193228231   0.358036445   1070.27621
6.916   5.06435571e+34   0.558146018   6.79537064e+14   -0.563570126   1.31293054   0.385749113   0   382.546411   0   561.823403   0.0193117915   0.357826452   1070.12964
6.921   5.05529673e+34   0.559173422   6.79098958e+14   -0.563647345   1.31338962   0.385519447   0   382.680428   0   561.95992   0.0193007486   0.35761626   1069.98301
6.926   5.04623998e+34   0.560201645   6.78660495e+14   -0.563724613   1.31384896   0.385289562   0   382.814667   0   562.096633   0.0192896943   0.357405869   1069.83633
6.931   5.0371855e+34   0.561230685   6.78221672e+14   -0.563801929   1.31430855   0.385059456   0   382.949128   0   562.233545   0.0192786285   0.357195276   1069.6896
6.936   5.02813329e+34   0.562260541   6.77782485e+14   -0.563879293   1.31476841   0.384829129   0   383.083814   0   562.370656   0.0192675511   0.35698448   1069.54281
6.941   5.01908337e+34   0.563291212   6.77342931e+14   -0.563956706   1.31522852   0.384598578   0   383.218725   0   562.507967   0.0192564621   0.356773481   1069.39598
6.946   5.01003576e+34   0.564322696   6.76903009e+14   -0.564034166   1.31568889   0.384367803   0   383.353863   0   562.64548   0.0192453614   0.356562276   1069.24909
6.951   5.00099047e+34   0.565354991   6.76462713e+14   -0.564111675   1.31614952   0.3841368   0   383.489229   0   562.783196   0.0192342487   0.356350864   1069.10215
6.956   4.99194753e+34   0.566388097   6.76022043e+14   -0.564189232   1.31661041   0.383905569   0   383.624824   0   562.921116   0.0192231242   0.356139244   1068.95516
6.961   4.98290694e+34   0.567422012   6.75580994e+14   -0.564266837   1.31707155   0.383674108   0   383.76065   0   563.059242   0.0192119876   0.355927414   1068.80812
6.966   4.97386873e+34   0.568456735   6.75139564e+14   -0.56434449   1.31753294   0.383442415   0   383.896708   0   563.197574   0.0192008388   0.355715373   1068.66103
6.971   4.96483291e+34   0.569492263   6.74697751e+14   -0.564422191   1.31799459   0.383210489   0   384.032999   0   563.336114   0.0191896778   0.355503119   1068.51389
6.976   4.9557995e+34   0.570528596   6.7425555e+14   -0.564499941   1.31845649   0.382978329   0   384.169525   0   563.474863   0.0191785045   0.355290651   1068.3667
6.981   4.94676851e+34   0.571565733   6.7381296e+14   -0.564577738   1.31891864   0.382745932   0   384.306287   0   563.613823   0.0191673188   0.355077967   1068.21945
6.986   4.93773996e+34   0.572603671   6.73369977e+14   -0.564655582   1.31938105   0.382513297   0   384.443286   0   563.752994   0.0191561205   0.354865067   1068.07216
6.991   4.92871387e+34   0.57364241   6.72926598e+14   -0.564733475   1.31984371   0.382280423   0   384.580524   0   563.892378   0.0191449096   0.354651948   1067.92481
6.996   4.91969025e+34   0.574681948   6.72482821e+14   -0.564811416   1.32030662   0.382047308   0   384.718001   0   564.031976   0.0191336861   0.35443861   1067.77742
7.001   4.91066912e+34   0.575722283   6.72038643e+14   -0.564889404   1.32076978   0.38181395   0   384.85572   0   564.17179   0.0191224497   0.35422505   1067.62997
7.006   4.90165049e+34   0.576763415   6.71594061e+14   -0.56496744   1.32123318   0.381580348   0   384.993681   0   564.31182   0.0191112004   0.354011268   1067.48248
7.011   4.89263439e+34   0.577805341   6.71149071e+14   -0.565045524   1.32169684   0.3813465   0   385.131886   0   564.452068   0.0190999381   0.353797263   1067.33493
7.016   4.88362083e+34   0.578848061   6.70703673e+14   -0.565123655   1.32216074   0.381112405   0   385.270336   0   564.592534   0.0190886628   0.353583032   1067.18733
7.021   4.87460982e+34   0.579891573   6.70257861e+14   -0.565201835   1.32262489   0.380878061   0   385.409033   0   564.733222   0.0190773742   0.353368574   1067.03969
7.026   4.86560139e+34   0.580935875   6.69811634e+14   -0.565280061   1.32308929   0.380643466   0   385.547978   0   564.87413   0.0190660724   0.353153888   1066.89199
7.031   4.85659554e+34   0.581980966   6.6936499e+14   -0.565358336   1.32355393   0.38040862   0   385.687171   0   565.015262   0.0190547573   0.352938973   1066.74425
7.036   4.8475923e+34   0.583026844   6.68917924e+14   -0.565436657   1.32401882   0.38017352   0   385.826616   0   565.156617   0.0190434287   0.352723827   1066.59645
7.041   4.83859168e+34   0.584073508   6.68470435e+14   -0.565515027   1.32448395   0.379938165   0   385.966312   0   565.298198   0.0190320865   0.35250845   1066.44861
7.046   4.8295937e+34   0.585120957   6.6802252e+14   -0.565593443   1.32494933   0.379702553   0   386.106261   0   565.440005   0.0190207307   0.352292838   1066.30072
7.051   4.82059837e+34   0.586169189   6.67574175e+14   -0.565671908   1.32541494   0.379466684   0   386.246464   0   565.58204   0.0190093611   0.352076992   1066.15277
7.056   4.81160572e+34   0.587218202   6.67125399e+14   -0.565750419   1.3258808   0.379230555   0   386.386924   0   565.724303   0.0189979778   0.35186091   1066.00478
7.061   4.80261575e+34   0.588267995   6.66676188e+14   -0.565828978   1.3263469   0.378994165   0   386.52764   0   565.866797   0.0189865805   0.351644591   1065.85674
7.066   4.79362849e+34   0.589318566   6.6622654e+14   -0.565907584   1.32681324   0.378757512   0   386.668615   0   566.009523   0.0189751692   0.351428032   1065.70865
7.071   4.78464395e+34   0.590369915   6.65776452e+14   -0.565986238   1.32727982   0.378520595   0   386.809849   0   566.15248   0.0189637438   0.351211234   1065.56051
7.076   4.77566215e+34   0.591422039   6.65325922e+14   -0.566064938   1.32774664   0.378283413   0   386.951345   0   566.295672   0.0189523042   0.350994194   1065.41232
7.081   4.7666831e+34   0.592474937   6.64874946e+14   -0.566143686   1.3282137   0.378045964   0   387.093103   0   566.439099   0.0189408503   0.350776911   1065.26409
7.086   4.75770682e+34   0.593528607   6.64423523e+14   -0.566222481   1.32868099   0.377808246   0   387.235125   0   566.582762   0.018929382   0.350559385   1065.1158
7.091   4.74873333e+34   0.594583049   6.63971649e+14   -0.566301324   1.32914852   0.377570258   0   387.377412   0   566.726663   0.0189178993   0.350341612   1064.96747
7.096   4.73976264e+34   0.59563826   6.63519322e+14   -0.566380213   1.32961629   0.377331998   0   387.519966   0   566.870803   0.018906402   0.350123594   1064.81909
7.101   4.73079478e+34   0.596694239   6.63066539e+14   -0.566459149   1.33008429   0.377093466   0   387.662787   0   567.015183   0.01889489   0.349905327   1064.67066
7.106   4.72182974e+34   0.597750984   6.62613297e+14   -0.566538132   1.33055252   0.376854659   0   387.805878   0   567.159803   0.0188833633   0.349686811   1064.52218
7.111   4.71286757e+34   0.598808495   6.62159595e+14   -0.566617163   1.33102099   0.376615576   0   387.949239   0   567.304667   0.0188718218   0.349468044   1064.37365
7.116   4.70390826e+34   0.599866768   6.61705429e+14   -0.56669624   1.33148969   0.376376216   0   388.092871   0   567.449774   0.0188602653   0.349249025   1064.22508
7.121   4.69495183e+34   0.600925803   6.61250797e+14   -0.566775364   1.33195863   0.376136578   0   388.236777   0   567.595126   0.0188486939   0.349029754   1064.07646
7.126   4.68599831e+34   0.601985599   6.60795696e+14   -0.566854535   1.33242779   0.375896659   0   388.380957   0   567.740724   0.0188371073   0.348810228   1063.92779
7.131   4.67704772e+34   0.603046153   6.60340124e+14   -0.566933752   1.33289718   0.375656458   0   388.525413   0   567.88657   0.0188255056   0.348590446   1063.77907
7.136   4.66810005e+34   0.604107464   6.59884079e+14   -0.567013017   1.33336681   0.375415975   0   388.670146   0   568.032664   0.0188138885   0.348370407   1063.63031
7.141   4.65915534e+34   0.60516953   6.59427557e+14   -0.567092328   1.33383666   0.375175207   0   388.815158   0   568.179009   0.0188022561   0.34815011   1063.4815
7.146   4.6502136e+34   0.606232351   6.58970556e+14   -0.567171686   1.33430674   0.374934153   0   388.960449   0   568.325604   0.0187906082   0.347929554   1063.33264
7.151   4.64127485e+34   0.607295923   6.58513074e+14   -0.56725109   1.33477705   0.374692812   0   389.106021   0   568.472451   0.0187789448   0.347708737   1063.18373
7.156   4.6323391e+34   0.608360247   6.58055108e+14   -0.567330541   1.33524758   0.374451182   0   389.251876   0   568.619552   0.0187672657   0.347487658   1063.03478
7.161   4.62340636e+34   0.60942532   6.57596656e+14   -0.567410039   1.33571834   0.374209262   0   389.398015   0   568.766908   0.0187555709   0.347266316   1062.88578
7.166   4.61447667e+34   0.61049114   6.57137716e+14   -0.567489583   1.33618932   0.37396705   0   389.544439   0   568.91452   0.0187438603   0.34704471   1062.73674
7.171   4.60555002e+34   0.611557706   6.56678284e+14   -0.567569174   1.33666053   0.373724546   0   389.69115   0   569.062389   0.0187321338   0.346822838   1062.58764
7.176   4.59662644e+34   0.612625017   6.56218358e+14   -0.567648811   1.33713196   0.373481747   0   389.838148   0   569.210517   0.0187203913   0.346600699   1062.4385
7.181   4.58770594e+34   0.613693071   6.55757936e+14   -0.567728494   1.33760361   0.373238653   0   389.985436   0   569.358904   0.0187086327   0.346378292   1062.28932
7.186   4.57878855e+34   0.614761866   6.55297016e+14   -0.567808224   1.33807548   0.372995261   0   390.133014   0   569.507552   0.018696858   0.346155616   1062.14008
7.191   4.56987428e+34   0.615831401   6.54835596e+14   -0.567888   1.33854758   0.372751572   0   390.280884   0   569.656462   0.0186850669   0.345932669   1061.9908
7.196   4.56096314e+34   0.616901673   6.54373672e+14   -0.567967823   1.33901989   0.372507582   0   390.429047   0   569.805635   0.0186732596   0.345709451   1061.84148
7.201   4.55205515e+34   0.617972682   6.53911242e+14   -0.568047691   1.33949242   0.372263292   0   390.577505   0   569.955073   0.0186614358   0.34548596   1061.69211
7.206   4.54315033e+34   0.619044425   6.53448304e+14   -0.568127606   1.33996517   0.372018699   0   390.726258   0   570.104776   0.0186495955   0.345262195   1061.54269
7.211   4.53424869e+34   0.620116901   6.52984857e+14   -0.568207567   1.34043814   0.371773802   0   390.875309   0   570.254747   0.0186377386   0.345038155   1061.39323
7.216   4.52535026e+34   0.621190109   6.52520896e+14   -0.568287574   1.34091132   0.371528601   0   391.024659   0   570.404986   0.018625865   0.344813838   1061.24372
7.221   4.51645505e+34   0.622264046   6.52056421e+14   -0.568367628   1.34138472   0.371283093   0   391.174308   0   570.555494   0.0186139746   0.344589244   1061.09416
7.226   4.50756306e+34   0.623338712   6.51591429e+14   -0.568447727   1.34185833   0.371037277   0   391.324259   0   570.706272   0.0186020673   0.344364371   1060.94456
7.231   4.49867433e+34   0.624414104   6.51125917e+14   -0.568527872   1.34233215   0.370791152   0   391.474512   0   570.857322   0.0185901431   0.344139218   1060.79492
7.236   4.48978887e+34   0.625490221   6.50659883e+14   -0.568608063   1.34280619   0.370544717   0   391.625069   0   571.008646   0.0185782019   0.343913785   1060.64523
7.241   4.48090669e+34   0.626567061   6.50193325e+14   -0.568688301   1.34328044   0.37029797   0   391.775932   0   571.160243   0.0185662436   0.343688069   1060.49549
7.246   4.47202781e+34   0.627644623   6.49726241e+14   -0.568768583   1.3437549   0.37005091   0   391.927101   0   571.312116   0.018554268   0.34346207   1060.34571
7.251   4.46315225e+34   0.628722904   6.49258771e+14   -0.568848912   1.34422957   0.369803611   0   392.078533   0   571.464219   0.0185422791   0.343235854   1060.19588
7.256   4.45428002e+34   0.629801904   6.4879121e+14   -0.568929287   1.34470445   0.369556228   0   392.230134   0   571.616453   0.0185302851   0.34300956   1060.04602
7.261   4.44541114e+34   0.63088162   6.48323562e+14   -0.569009707   1.34517954   0.369308763   0   392.381903   0   571.768819   0.0185182861   0.34278319   1059.89611
7.266   4.43654563e+34   0.631962051   6.47855819e+14   -0.569090173   1.34565484   0.369061212   0   392.533842   0   571.921317   0.018506282   0.34255674   1059.74616
7.271   4.4276835e+34   0.633043194   6.47387977e+14   -0.569170685   1.34613034   0.368813572   0   392.685954   0   572.073952   0.0184942724   0.342330209   1059.59617
7.276   4.41882477e+34   0.634125049   6.46920029e+14   -0.569251242   1.34660605   0.36856584   0   392.838241   0   572.226724   0.0184822574   0.342103592   1059.44614
7.281   4.40996947e+34   0.635207613   6.46451968e+14   -0.569331845   1.34708196   0.368318012   0   392.990705   0   572.379635   0.0184702367   0.341876887   1059.29607
7.286   4.40111759e+34   0.636290885   6.45983789e+14   -0.569412493   1.34755807   0.368070085   0   393.143349   0   572.532689   0.0184582102   0.341650091   1059.14596
7.291   4.39226917e+34   0.637374863   6.45515485e+14   -0.569493187   1.34803439   0.367822057   0   393.296175   0   572.685888   0.0184461776   0.341423201   1058.99581
7.296   4.38342422e+34   0.638459545   6.4504705e+14   -0.569573926   1.34851091   0.367573923   0   393.449184   0   572.839232   0.0184341389   0.341196214   1058.84562
7.301   4.37458276e+34   0.63954493   6.44578478e+14   -0.569654711   1.34898763   0.367325681   0   393.60238   0   572.992726   0.0184220939   0.340969127   1058.69539
7.306   4.36574479e+34   0.640631015   6.44109763e+14   -0.569735541   1.34946455   0.367077327   0   393.755765   0   573.14637   0.0184100423   0.340741937   1058.54512
7.311   4.35691035e+34   0.6417178   6.43640899e+14   -0.569816416   1.34994167   0.366828858   0   393.909341   0   573.300168   0.0183979841   0.340514642   1058.39481
7.316   4.34807944e+34   0.642805281   6.4317188e+14   -0.569897337   1.35041899   0.36658027   0   394.063109   0   573.454121   0.018385919   0.340287237   1058.24446
7.321   4.33925208e+34   0.643893458   6.42702699e+14   -0.569978303   1.3508965   0.366331562   0   394.217074   0   573.608232   0.018373847   0.340059721   1058.09408
7.326   4.33042829e+34   0.644982329   6.42233351e+14   -0.570059314   1.35137421   0.366082728   0   394.371236   0   573.762502   0.0183617677   0.339832091   1057.94365
7.331   4.32160808e+34   0.646071892   6.4176383e+14   -0.57014037   1.35185212   0.365833766   0   394.525598   0   573.916935   0.0183496812   0.339604343   1057.79318
7.336   4.31279148e+34   0.647162145   6.4129413e+14   -0.570221471   1.35233022   0.365584674   0   394.680163   0   574.071531   0.0183375872   0.339376475   1057.64267
7.341   4.3039785e+34   0.648253086   6.40824244e+14   -0.570302617   1.35280851   0.365335447   0   394.834933   0   574.226295   0.0183254855   0.339148483   1057.49213
7.346   4.29516915e+34   0.649344714   6.40354167e+14   -0.570383809   1.35328699   0.365086083   0   394.989909   0   574.381226   0.018313376   0.338920366   1057.34154
7.351   4.28636346e+34   0.650437027   6.39883893e+14   -0.570465045   1.35376567   0.364836578   0   395.145095   0   574.536329   0.0183012585   0.338692119   1057.19092
7.356   4.27756144e+34   0.651530022   6.39413416e+14   -0.570546326   1.35424454   0.364586929   0   395.300492   0   574.691604   0.0182891329   0.338463741   1057.04025
7.361   4.2687631e+34   0.652623698   6.38942731e+14   -0.570627652   1.35472359   0.364337134   0   395.456103   0   574.847055   0.0182769991   0.338235229   1056.88955
7.366   4.25996847e+34   0.653718054   6.3847183e+14   -0.570709023   1.35520283   0.364087188   0   395.611931   0   575.002683   0.0182648567   0.338006578   1056.73881
7.371   4.25117756e+34   0.654813087   6.3800071e+14   -0.570790438   1.35568226   0.36383709   0   395.767977   0   575.158491   0.0182527058   0.337777788   1056.58803
7.376   4.24239039e+34   0.655908795   6.37529362e+14   -0.570871898   1.35616188   0.363586835   0   395.924243   0   575.31448   0.018240546   0.337548855   1056.43721
7.381   4.23360697e+34   0.657005178   6.37057783e+14   -0.570953403   1.35664168   0.363336421   0   396.080733   0   575.470654   0.0182283774   0.337319775   1056.28636
7.386   4.22482732e+34   0.658102232   6.36585966e+14   -0.571034953   1.35712167   0.363085844   0   396.237448   0   575.627014   0.0182161996   0.337090548   1056.13546
7.391   4.21605146e+34   0.659199957   6.36113905e+14   -0.571116547   1.35760184   0.362835102   0   396.394391   0   575.783562   0.0182040126   0.336861168   1055.98453
7.396   4.2072794e+34   0.660298349   6.35641595e+14   -0.571198186   1.35808219   0.362584191   0   396.551565   0   575.9403   0.0181918162   0.336631635   1055.83356
7.401   4.19851116e+34   0.661397409   6.35169029e+14   -0.571279869   1.35856272   0.362333108   0   396.70897   0   576.097232   0.0181796102   0.336401944   1055.68255
7.406   4.18974677e+34   0.662497133   6.34696203e+14   -0.571361596   1.35904343   0.362081851   0   396.86661   0   576.254358   0.0181673946   0.336172093   1055.53151
7.411   4.18098622e+34   0.663597519   6.3422311e+14   -0.571443368   1.35952433   0.361830415   0   397.024487   0   576.411681   0.018155169   0.33594208   1055.38042
7.416   4.17222955e+34   0.664698566   6.33749746e+14   -0.571525185   1.36000539   0.361578799   0   397.182603   0   576.569204   0.0181429334   0.335711902   1055.2293
7.421   4.16347677e+34   0.665800273   6.33276103e+14   -0.571607046   1.36048664   0.361327   0   397.340961   0   576.726928   0.0181306876   0.335481556   1055.07814
7.426   4.15472789e+34   0.666902636   6.32802178e+14   -0.571688951   1.36096806   0.361075013   0   397.499563   0   576.884856   0.0181184314   0.335251039   1054.92695
7.431   4.14598294e+34   0.668005654   6.32327963e+14   -0.5717709   1.36144966   0.360822836   0   397.658411   0   577.04299   0.0181061648   0.335020349   1054.77571
7.436   4.13724192e+34   0.669109326   6.31853455e+14   -0.571852893   1.36193143   0.360570467   0   397.817507   0   577.201332   0.0180938875   0.334789483   1054.62444
7.441   4.12850486e+34   0.670213649   6.31378646e+14   -0.571934931   1.36241338   0.360317902   0   397.976855   0   577.359884   0.0180815994   0.334558437   1054.47313
7.446   4.11977178e+34   0.671318621   6.30903532e+14   -0.572017012   1.36289549   0.360065137   0   398.136455   0   577.518648   0.0180693003   0.334327211   1054.32179
7.451   4.11104268e+34   0.672424241   6.30428107e+14   -0.572099138   1.36337778   0.359812171   0   398.296311   0   577.677627   0.0180569901   0.3340958   1054.17041
7.456   4.10231759e+34   0.673530507   6.29952366e+14   -0.572181307   1.36386024   0.359559001   0   398.456425   0   577.836823   0.0180446687   0.333864202   1054.01899
7.461   4.09359652e+34   0.674637416   6.29476303e+14   -0.572263521   1.36434286   0.359305622   0   398.616799   0   577.996237   0.0180323358   0.333632414   1053.86753
7.466   4.0848795e+34   0.675744967   6.28999913e+14   -0.572345778   1.36482565   0.359052033   0   398.777435   0   578.155872   0.0180199914   0.333400435   1053.71604
7.471   4.07616652e+34   0.676853159   6.28523191e+14   -0.572428079   1.36530861   0.358798231   0   398.938336   0   578.315731   0.0180076352   0.333168261   1053.56451
7.476   4.06745763e+34   0.677961988   6.2804613e+14   -0.572510424   1.36579174   0.358544212   0   399.099504   0   578.475815   0.0179952672   0.332935889   1053.41295
7.481   4.05875282e+34   0.679071453   6.27568726e+14   -0.572592813   1.36627502   0.358289974   0   399.260941   0   578.636127   0.0179828871   0.332703317   1053.26135
7.486   4.05005212e+34   0.680181553   6.27090974e+14   -0.572675245   1.36675848   0.358035513   0   399.42265   0   578.796668   0.0179704949   0.332470543   1053.10971
7.491   4.04135554e+34   0.681292284   6.26612868e+14   -0.572757721   1.36724209   0.357780827   0   399.584633   0   578.957441   0.0179580903   0.332237563   1052.95804
7.496   4.0326631e+34   0.682403646   6.26134402e+14   -0.572840241   1.36772586   0.357525914   0   399.746893   0   579.118448   0.0179456733   0.332004376   1052.80633
7.501   4.02397482e+34   0.683515636   6.25655573e+14   -0.572922804   1.3682098   0.357270769   0   399.909431   0   579.279691   0.0179332437   0.331770978   1052.65458
7.506   4.01529072e+34   0.684628252   6.25176374e+14   -0.573005411   1.36869389   0.357015391   0   400.072249   0   579.441173   0.0179208012   0.331537367   1052.5028
7.511   4.00661081e+34   0.685741492   6.246968e+14   -0.573088061   1.36917814   0.356759777   0   400.235352   0   579.602894   0.0179083459   0.331303541   1052.35099
7.516   3.9979351e+34   0.686855355   6.24216846e+14   -0.573170755   1.36966255   0.356503923   0   400.398739   0   579.764859   0.0178958775   0.331069496   1052.19913
7.521   3.98926362e+34   0.687969838   6.23736507e+14   -0.573253491   1.37014711   0.356247827   0   400.562415   0   579.927068   0.017883396   0.330835231   1052.04725
7.526   3.98059638e+34   0.689084939   6.23255778e+14   -0.573336272   1.37063183   0.355991486   0   400.726381   0   580.089524   0.017870901   0.330600743   1051.89532
7.531   3.9719334e+34   0.690200657   6.22774654e+14   -0.573419095   1.3711167   0.355734897   0   400.890639   0   580.252229   0.0178583926   0.330366029   1051.74337
7.536   3.9632747e+34   0.69131699   6.22293129e+14   -0.573501962   1.37160172   0.355478058   0   401.055193   0   580.415184   0.0178458705   0.330131087   1051.59137
7.541   3.95462028e+34   0.692433934   6.21811199e+14   -0.573584871   1.3720869   0.355220966   0   401.220043   0   580.578394   0.0178333346   0.329895915   1051.43935
7.546   3.94597018e+34   0.693551489   6.21328859e+14   -0.573667824   1.37257222   0.354963618   0   401.385193   0   580.741858   0.0178207848   0.329660509   1051.28728
7.551   3.9373244e+34   0.694669653   6.20846103e+14   -0.57375082   1.37305769   0.35470601   0   401.550645   0   580.90558   0.0178082209   0.329424868   1051.13519
7.556   3.92868296e+34   0.695788423   6.20362927e+14   -0.573833859   1.37354331   0.354448142   0   401.716401   0   581.069562   0.0177956428   0.329188989   1050.98305
7.561   3.92004588e+34   0.696907797   6.19879325e+14   -0.573916941   1.37402908   0.354190009   0   401.882463   0   581.233805   0.0177830503   0.328952869   1050.83089
7.566   3.91141318e+34   0.698027774   6.19395293e+14   -0.574000065   1.37451499   0.35393161   0   402.048834   0   581.398313   0.0177704434   0.328716507   1050.67869
7.571   3.90278487e+34   0.69914835   6.18910826e+14   -0.574083233   1.37500104   0.353672941   0   402.215516   0   581.563086   0.0177578218   0.328479899   1050.52645
7.576   3.89416097e+34   0.700269525   6.1842592e+14   -0.574166443   1.37548724   0.353414   0   402.382512   0   581.728127   0.0177451854   0.328243043   1050.37418
7.581   3.88554149e+34   0.701391296   6.17940568e+14   -0.574249696   1.37597358   0.353154784   0   402.549823   0   581.893438   0.0177325341   0.328005938   1050.22188
7.586   3.87692646e+34   0.702513662   6.17454767e+14   -0.574332992   1.37646006   0.35289529   0   402.717452   0   582.059022   0.0177198677   0.327768579   1050.06954
7.591   3.86831589e+34   0.703636619   6.16968511e+14   -0.574416331   1.37694668   0.352635516   0   402.885401   0   582.22488   0.0177071861   0.327530966   1049.91717
7.596   3.8597098e+34   0.704760166   6.16481796e+14   -0.574499712   1.37743344   0.35237546   0   403.053673   0   582.391014   0.0176944892   0.327293096   1049.76476
7.601   3.85110819e+34   0.705884302   6.15994618e+14   -0.574583135   1.37792033   0.352115118   0   403.22227   0   582.557427   0.0176817768   0.327054966   1049.61232
7.606   3.8425111e+34   0.707009023   6.1550697e+14   -0.574666601   1.37840736   0.351854488   0   403.391195   0   582.724121   0.0176690488   0.326816574   1049.45985
7.611   3.83391854e+34   0.708134328   6.1501885e+14   -0.57475011   1.37889453   0.351593567   0   403.560449   0   582.891097   0.017656305   0.326577917   1049.30734
7.616   3.82533051e+34   0.709260215   6.14530251e+14   -0.574833661   1.37938182   0.351332353   0   403.730034   0   583.058358   0.0176435453   0.326338994   1049.1548
7.621   3.81674705e+34   0.710386682   6.14041169e+14   -0.574917254   1.37986925   0.351070843   0   403.899954   0   583.225907   0.0176307696   0.326099802   1049.00223
7.626   3.80816816e+34   0.711513727   6.13551601e+14   -0.575000889   1.38035682   0.350809036   0   404.070211   0   583.393744   0.0176179778   0.325860339   1048.84962
7.631   3.79959387e+34   0.712641346   6.1306154e+14   -0.575084567   1.38084451   0.350546927   0   404.240806   0   583.561872   0.0176051696   0.325620602   1048.69698
7.636   3.79102419e+34   0.71376954   6.12570984e+14   -0.575168287   1.38133233   0.350284515   0   404.411742   0   583.730293   0.017592345   0.32538059   1048.5443
7.641   3.78245914e+34   0.714898304   6.12079926e+14   -0.575252049   1.38182027   0.350021797   0   404.583022   0   583.89901   0.0175795039   0.325140299   1048.3916
7.646   3.77389873e+34   0.716027637   6.11588364e+14   -0.575335853   1.38230835   0.349758771   0   404.754648   0   584.068024   0.0175666461   0.324899729   1048.23886
7.651   3.76534299e+34   0.717157538   6.11096291e+14   -0.575419699   1.38279654   0.349495433   0   404.926621   0   584.237337   0.0175537714   0.324658875   1048.08609
7.656   3.75679192e+34   0.718288003   6.10603704e+14   -0.575503586   1.38328486   0.349231783   0   405.098945   0   584.406951   0.0175408797   0.324417737   1047.93328
7.661   3.74824554e+34   0.719419031   6.10110599e+14   -0.575587516   1.38377331   0.348967817   0   405.271621   0   584.576869   0.017527971   0.324176312   1047.78045
7.666   3.73970388e+34   0.72055062   6.0961697e+14   -0.575671488   1.38426187   0.348703532   0   405.444653   0   584.747093   0.0175150451   0.323934598   1047.62758
7.671   3.73116694e+34   0.721682768   6.09122814e+14   -0.575755501   1.38475056   0.348438927   0   405.618041   0   584.917624   0.0175021018   0.323692592   1047.47467
7.676   3.72263475e+34   0.722815472   6.08628126e+14   -0.575839557   1.38523936   0.348173999   0   405.791789   0   585.088464   0.017489141   0.323450293   1047.32174
7.681   3.71410732e+34   0.72394873   6.08132902e+14   -0.575923654   1.38572828   0.347908745   0   405.965899   0   585.259616   0.0174761626   0.323207698   1047.16877
7.686   3.70558466e+34   0.725082541   6.07637137e+14   -0.576007792   1.38621732   0.347643164   0   406.140373   0   585.431082   0.0174631664   0.322964805   1047.01578
7.691   3.6970668e+34   0.726216901   6.07140828e+14   -0.576091972   1.38670647   0.347377252   0   406.315214   0   585.602864   0.0174501524   0.322721613   1046.86274
7.696   3.68855375e+34   0.727351809   6.0664397e+14   -0.576176194   1.38719574   0.347111007   0   406.490423   0   585.774963   0.0174371204   0.322478118   1046.70968
7.701   3.68004554e+34   0.728487263   6.0614656e+14   -0.576260457   1.38768511   0.346844428   0   406.666003   0   585.947382   0.0174240702   0.322234319   1046.55659
7.706   3.67154216e+34   0.72962326   6.05648592e+14   -0.576344762   1.3881746   0.346577511   0   406.841957   0   586.120123   0.0174110018   0.321990214   1046.40346
7.711   3.66304365e+34   0.730759798   6.05150062e+14   -0.576429107   1.3886642   0.346310255   0   407.018286   0   586.293188   0.0173979151   0.3217458   1046.25031
7.716   3.65455002e+34   0.731896875   6.04650968e+14   -0.576513495   1.38915391   0.346042656   0   407.194993   0   586.466578   0.0173848098   0.321501076   1046.09712
7.721   3.64606128e+34   0.733034489   6.04151303e+14   -0.576597923   1.38964372   0.345774714   0   407.37208   0   586.640297   0.0173716859   0.321256039   1045.9439
7.726   3.63757746e+34   0.734172637   6.03651066e+14   -0.576682393   1.39013364   0.345506424   0   407.54955   0   586.814345   0.0173585433   0.321010688   1045.79065
7.731   3.62909856e+34   0.735311318   6.0315025e+14   -0.576766903   1.39062366   0.345237787   0   407.727404   0   586.988725   0.0173453817   0.32076502   1045.63736
7.736   3.62062461e+34   0.73645053   6.02648853e+14   -0.576851455   1.39111379   0.344968798   0   407.905645   0   587.163438   0.0173322012   0.320519033   1045.48405
7.741   3.61215562e+34   0.737590269   6.0214687e+14   -0.576936048   1.39160402   0.344699455   0   408.084276   0   587.338488   0.0173190016   0.320272726   1045.3307
7.746   3.6036916e+34   0.738730535   6.01644298e+14   -0.577020682   1.39209435   0.344429757   0   408.263298   0   587.513875   0.0173057827   0.320026096   1045.17733
7.751   3.59523258e+34   0.739871324   6.01141133e+14   -0.577105356   1.39258478   0.344159702   0   408.442714   0   587.689603   0.0172925445   0.319779141   1045.02392
7.756   3.58677858e+34   0.741012634   6.0063737e+14   -0.577190072   1.39307531   0.343889286   0   408.622526   0   587.865672   0.0172792868   0.31953186   1044.87049
7.761   3.5783296e+34   0.742154463   6.00133006e+14   -0.577274828   1.39356593   0.343618509   0   408.802737   0   588.042084   0.0172660095   0.31928425   1044.71702
7.766   3.56988567e+34   0.743296809   5.99628037e+14   -0.577359625   1.39405665   0.343347367   0   408.983348   0   588.218843   0.0172527125   0.319036309   1044.56352
7.771   3.5614468e+34   0.74443967   5.99122459e+14   -0.577444463   1.39454746   0.343075859   0   409.164363   0   588.395949   0.0172393956   0.318788037   1044.40999
7.776   3.55301301e+34   0.745583043   5.98616269e+14   -0.577529342   1.39503837   0.342803982   0   409.345782   0   588.573405   0.0172260588   0.318539429   1044.25643
7.781   3.54458432e+34   0.746726926   5.98109462e+14   -0.577614261   1.39552937   0.342531734   0   409.527609   0   588.751212   0.0172127019   0.318290486   1044.10284
7.786   3.53616074e+34   0.747871317   5.97602035e+14   -0.57769922   1.39602045   0.342259114   0   409.709846   0   588.929373   0.0171993249   0.318041204   1043.94922
7.791   3.52774228e+34   0.749016214   5.97093985e+14   -0.57778422   1.39651163   0.341986119   0   409.892494   0   589.10789   0.0171859275   0.317791583   1043.79557
7.796   3.51932897e+34   0.750161614   5.96585307e+14   -0.57786926   1.39700289   0.341712746   0   410.075558   0   589.286764   0.0171725097   0.317541619   1043.64189
7.801   3.51092083e+34   0.751307515   5.96075999e+14   -0.577954341   1.39749424   0.341438995   0   410.259037   0   589.465997   0.0171590714   0.317291312   1043.48819
7.806   3.50251786e+34   0.752453916   5.95566056e+14   -0.578039462   1.39798567   0.341164862   0   410.442936   0   589.645592   0.0171456125   0.317040659   1043.33445
7.811   3.49412008e+34   0.753600812   5.95055474e+14   -0.578124623   1.39847719   0.340890347   0   410.627255   0   589.82555   0.0171321327   0.316789658   1043.18068
7.816   3.48572752e+34   0.754748203   5.94544251e+14   -0.578209824   1.39896878   0.340615446   0   410.811998   0   590.005873   0.0171186321   0.316538309   1043.02688
7.821   3.47734018e+34   0.755896085   5.94032383e+14   -0.578295066   1.39946046   0.340340158   0   410.997167   0   590.186564   0.0171051106   0.316286608   1042.87305
7.826   3.46895809e+34   0.757044457   5.93519866e+14   -0.578380347   1.39995222   0.340064481   0   411.182763   0   590.367623   0.0170915679   0.316034555   1042.71919
7.831   3.46058127e+34   0.758193316   5.93006899e+14   -0.578465669   1.40044405   0.33978852   0   411.368717   0   590.548982   0.0170780105   0.315782243   1042.56531
7.836   3.45220973e+34   0.759342659   5.9249394e+14   -0.57855103   1.40093596   0.33951252   0   411.554868   0   590.730475   0.0170644528   0.315529893   1042.41141
7.841   3.44384348e+34   0.760492485   5.91980996e+14   -0.578636431   1.40142795   0.339236484   0   411.741212   0   590.912101   0.0170508951   0.315277509   1042.25749
7.846   3.43548255e+34   0.76164279   5.91468055e+14   -0.578721873   1.40192   0.338960407   0   411.927754   0   591.093865   0.0170373371   0.315025084   1042.10355
7.851   3.42712695e+34   0.762793574   5.90955107e+14   -0.578807353   1.40241213   0.338684282   0   412.114498   0   591.275769   0.0170237782   0.314772613   1041.94959
7.856   3.4187767e+34   0.763944832   5.9044214e+14   -0.578892874   1.40290433   0.338408104   0   412.301449   0   591.457819   0.017010218   0.314520091   1041.79561
7.861   3.41043181e+34   0.765096563   5.89929144e+14   -0.578978434   1.4033966   0.338131866   0   412.488611   0   591.640018   0.0169966563   0.314267513   1041.64161
7.866   3.4020923e+34   0.766248765   5.89416106e+14   -0.579064034   1.40388893   0.337855563   0   412.675988   0   591.822371   0.0169830926   0.314014872   1041.48759
7.871   3.39375819e+34   0.767401434   5.88903016e+14   -0.579149673   1.40438133   0.337579188   0   412.863584   0   592.004882   0.0169695265   0.313762165   1041.33356
7.876   3.38542949e+34   0.76855457   5.88389862e+14   -0.579235352   1.4048738   0.337302737   0   413.051405   0   592.187554   0.0169559576   0.313509385   1041.1795
7.881   3.37710623e+34   0.769708168   5.87876635e+14   -0.57932107   1.40536632   0.337026202   0   413.239454   0   592.370393   0.0169423855   0.313256527   1041.02543
7.886   3.36878842e+34   0.770862227   5.87363322e+14   -0.579406827   1.40585891   0.336749578   0   413.427735   0   592.553402   0.0169288098   0.313003586   1040.87134
7.891   3.36047607e+34   0.772016744   5.86849914e+14   -0.579492624   1.40635156   0.33647286   0   413.616253   0   592.736586   0.0169152302   0.312750557   1040.71722
7.896   3.35216921e+34   0.773171717   5.86336398e+14   -0.579578459   1.40684427   0.336196041   0   413.805013   0   592.919948   0.0169016462   0.312497435   1040.56309
7.901   3.34386785e+34   0.774327142   5.85822766e+14   -0.579664334   1.40733703   0.335919116   0   413.994018   0   593.103493   0.0168880576   0.312244214   1040.40894
7.906   3.33557201e+34   0.775483019   5.85309005e+14   -0.579750248   1.40782985   0.335642079   0   414.183272   0   593.287224   0.0168744638   0.31199089   1040.25478
7.911   3.32728171e+34   0.776639343   5.84795106e+14   -0.579836202   1.40832272   0.335364924   0   414.372782   0   593.471146   0.0168608645   0.311737456   1040.10059
7.916   3.31899695e+34   0.777796114   5.84281057e+14   -0.579922194   1.40881564   0.335087646   0   414.562549   0   593.655264   0.0168472594   0.311483909   1039.94638
7.921   3.31071777e+34   0.778953327   5.83766848e+14   -0.580008225   1.40930862   0.334810238   0   414.752579   0   593.83958   0.016833648   0.311230242   1039.79216
7.926   3.30244417e+34   0.780110982   5.83252468e+14   -0.580094294   1.40980164   0.334532696   0   414.942877   0   594.0241   0.01682003   0.310976451   1039.63792
7.931   3.29417618e+34   0.781269075   5.82737908e+14   -0.580180403   1.41029471   0.334255014   0   415.133446   0   594.208826   0.0168064051   0.310722531   1039.48365
7.936   3.28591381e+34   0.782427603   5.82223156e+14   -0.58026655   1.41078783   0.333977186   0   415.324291   0   594.393764   0.0167927727   0.310468477   1039.32937
7.941   3.27765708e+34   0.783586565   5.81708203e+14   -0.580352736   1.41128099   0.333699206   0   415.515415   0   594.578918   0.0167791326   0.310214283   1039.17507
7.946   3.269406e+34   0.784745957   5.81193038e+14   -0.58043896   1.41177419   0.33342107   0   415.706824   0   594.76429   0.0167654844   0.309959945   1039.02076
7.951   3.26116059e+34   0.785905778   5.80677652e+14   -0.580525223   1.41226743   0.333142771   0   415.898522   0   594.949886   0.0167518277   0.309705458   1038.86642
7.956   3.25292087e+34   0.787066024   5.80162032e+14   -0.580611525   1.41276072   0.332864304   0   416.090513   0   595.13571   0.0167381622   0.309450817   1038.71206
7.961   3.24468687e+34   0.788226692   5.79646171e+14   -0.580697865   1.41325404   0.332585664   0   416.282801   0   595.321765   0.0167244874   0.309196017   1038.55769
7.966   3.23645858e+34   0.789387782   5.79130057e+14   -0.580784243   1.41374739   0.332306845   0   416.47539   0   595.508056   0.016710803   0.308941053   1038.40329
7.971   3.22823603e+34   0.790549289   5.78613682e+14   -0.580870659   1.41424079   0.332027842   0   416.668285   0   595.694586   0.0166971088   0.308685921   1038.24888
7.976   3.22001925e+34   0.791711212   5.78097033e+14   -0.580957114   1.41473421   0.331748649   0   416.86149   0   595.88136   0.0166834042   0.308430614   1038.09445
7.981   3.21180823e+34   0.792873547   5.77580103e+14   -0.581043607   1.41522767   0.331469261   0   417.05501   0   596.068381   0.0166696889   0.30817513   1037.94
7.986   3.20360301e+34   0.794036293   5.7706288e+14   -0.581130138   1.41572116   0.331189674   0   417.248849   0   596.255654   0.0166559626   0.307919462   1037.78554
7.991   3.1954036e+34   0.795199446   5.76545356e+14   -0.581216707   1.41621467   0.33090988   0   417.44301   0   596.443182   0.0166422249   0.307663607   1037.63105
7.996   3.18721001e+34   0.796363005   5.76027521e+14   -0.581303313   1.41670821   0.330629876   0   417.637498   0   596.63097   0.0166284754   0.307407559   1037.47655
8.001   3.17902226e+34   0.797526966   5.75509364e+14   -0.581389958   1.41720178   0.330349656   0   417.832318   0   596.819022   0.0166147138   0.307151313   1037.32202
8.006   3.17084038e+34   0.798691327   5.74990877e+14   -0.581476641   1.41769537   0.330069214   0   418.027474   0   597.00734   0.0166009398   0.306894866   1037.16748
8.011   3.16266437e+34   0.799856085   5.74472049e+14   -0.581563361   1.41818898   0.329788547   0   418.22297   0   597.19593   0.0165871529   0.306638211   1037.01292
8.016   3.15449425e+34   0.801021237   5.73952872e+14   -0.581650119   1.41868261   0.329507648   0   418.418809   0   597.384796   0.0165733529   0.306381346   1036.85834
8.021   3.14633005e+34   0.802186782   5.73433335e+14   -0.581736914   1.41917626   0.329226512   0   418.614998   0   597.57394   0.0165595394   0.306124265   1036.70375
8.026   3.13817177e+34   0.803352716   5.72913431e+14   -0.581823748   1.41966993   0.328945134   0   418.811539   0   597.763368   0.0165457119   0.305866963   1036.54913
8.031   3.13001944e+34   0.804519036   5.72393148e+14   -0.581910618   1.42016361   0.32866351   0   419.008437   0   597.953083   0.0165318703   0.305609436   1036.3945
8.036   3.12187308e+34   0.805685741   5.71872478e+14   -0.581997526   1.4206573   0.328381634   0   419.205696   0   598.143088   0.0165180141   0.30535168   1036.23984
8.041   3.11373269e+34   0.806852827   5.71351412e+14   -0.582084472   1.42115101   0.328099501   0   419.403321   0   598.333389   0.0165041429   0.30509369   1036.08517
8.046   3.10559829e+34   0.808020292   5.70829941e+14   -0.582171454   1.42164473   0.327817106   0   419.601315   0   598.523988   0.0164902565   0.304835461   1035.93048
8.051   3.09746991e+34   0.809188133   5.70308055e+14   -0.582258474   1.42213845   0.327534444   0   419.799683   0   598.71489   0.0164763545   0.304576989   1035.77578
8.056   3.08934756e+34   0.810356348   5.69785745e+14   -0.582345531   1.42263219   0.327251511   0   419.99843   0   598.906098   0.0164624365   0.30431827   1035.62105
8.061   3.08123125e+34   0.811524934   5.69263003e+14   -0.582432625   1.42312592   0.326968301   0   420.197559   0   599.097617   0.0164485022   0.304059299   1035.4663
8.066   3.07312101e+34   0.812693888   5.6873982e+14   -0.582519757   1.42361966   0.32668481   0   420.397074   0   599.289449   0.0164345513   0.303800072   1035.31154
8.071   3.06501685e+34   0.813863207   5.68216186e+14   -0.582606925   1.4241134   0.326401032   0   420.59698   0   599.4816   0.0164205834   0.303540584   1035.15676
8.076   3.05691879e+34   0.815032889   5.67692094e+14   -0.58269413   1.42460715   0.326116964   0   420.797281   0   599.674072   0.0164065981   0.303280832   1035.00196
8.081   3.04882684e+34   0.81620293   5.67167534e+14   -0.582781371   1.42510089   0.325832599   0   420.997981   0   599.86687   0.0163925953   0.30302081   1034.84714
8.086   3.04074103e+34   0.817373329   5.66642497e+14   -0.58286865   1.42559462   0.325547934   0   421.199084   0   600.059998   0.0163785744   0.302760516   1034.6923
8.091   3.03266136e+34   0.818544083   5.66116975e+14   -0.582955965   1.42608835   0.325262964   0   421.400595   0   600.253459   0.0163645351   0.302499943   1034.53745
8.096   3.02458786e+34   0.819715189   5.6559096e+14   -0.583043317   1.42658207   0.324977683   0   421.602517   0   600.447256   0.0163504772   0.302239089   1034.38258
8.101   3.01652054e+34   0.820886643   5.65064443e+14   -0.583130706   1.42707579   0.324692088   0   421.804856   0   600.641395   0.0163364003   0.301977949   1034.22768
8.106   3.00845943e+34   0.822058445   5.64537415e+14   -0.58321813   1.42756949   0.324406174   0   422.007614   0   600.835878   0.0163223041   0.301716519   1034.07277
8.111   3.00040452e+34   0.82323059   5.64009868e+14   -0.583305592   1.42806318   0.324119935   0   422.210797   0   601.030709   0.0163081882   0.301454795   1033.91784
8.116   2.99235585e+34   0.824403076   5.63481794e+14   -0.583393089   1.42855686   0.323833369   0   422.414407   0   601.225892   0.0162940523   0.301192772   1033.7629
8.121   2.98431344e+34   0.825575901   5.62953184e+14   -0.583480623   1.42905052   0.323546469   0   422.618451   0   601.421432   0.016279896   0.300930447   1033.60793
8.126   2.97627728e+34   0.826749061   5.62424031e+14   -0.583568193   1.42954417   0.323259231   0   422.822931   0   601.61733   0.0162657191   0.300667816   1033.45295
8.131   2.96824742e+34   0.827922553   5.61894326e+14   -0.5836558   1.43003779   0.322971652   0   423.027852   0   601.813592   0.0162515212   0.300404874   1033.29794
8.136   2.96022385e+34   0.829096376   5.61364061e+14   -0.583743442   1.4305314   0.322683726   0   423.233217   0   602.010221   0.016237302   0.300141617   1033.14292
8.141   2.95220661e+34   0.830270525   5.60833228e+14   -0.58383112   1.43102498   0.32239545   0   423.439032   0   602.20722   0.0162230612   0.299878043   1032.98788
8.146   2.9441957e+34   0.831444999   5.6030182e+14   -0.583918835   1.43151853   0.322106818   0   423.6453   0   602.404593   0.0162087984   0.299614146   1032.83282
8.151   2.93619114e+34   0.832619794   5.59769827e+14   -0.584006585   1.43201206   0.321817827   0   423.852025   0   602.602345   0.0161945133   0.299349922   1032.67775
8.156   2.92819295e+34   0.833794909   5.59237243e+14   -0.58409437   1.43250556   0.321528471   0   424.059211   0   602.800478   0.0161802056   0.299085369   1032.52265
8.161   2.92020115e+34   0.834970339   5.5870406e+14   -0.584182192   1.43299903   0.321238748   0   424.266863   0   602.998996   0.0161658749   0.298820482   1032.36754
8.166   2.91221574e+34   0.836146083   5.5817027e+14   -0.584270049   1.43349247   0.320948652   0   424.474984   0   603.197903   0.016151521   0.298555257   1032.2124
8.171   2.90423676e+34   0.837322137   5.57635864e+14   -0.584357942   1.43398587   0.320658179   0   424.683579   0   603.397203   0.0161371435   0.29828969   1032.05725
8.176   2.89626421e+34   0.838498499   5.57100837e+14   -0.58444587   1.43447924   0.320367325   0   424.892652   0   603.596899   0.0161227421   0.298023778   1031.90208
8.181   2.88829812e+34   0.839675165   5.56565179e+14   -0.584533834   1.43497257   0.320076086   0   425.102206   0   603.796994   0.0161083165   0.297757517   1031.74689
8.186   2.8803385e+34   0.840852133   5.56028885e+14   -0.584621833   1.43546586   0.319784458   0   425.312247   0   603.997493   0.0160938664   0.297490904   1031.59169
8.191   2.87238536e+34   0.8420294   5.55491945e+14   -0.584709867   1.43595911   0.319492437   0   425.522777   0   604.198399   0.0160793914   0.297223934   1031.43646
8.196   2.86443873e+34   0.843206964   5.54954354e+14   -0.584797937   1.43645232   0.319200018   0   425.733801   0   604.399715   0.0160648912   0.296956604   1031.28122
8.201   2.85649862e+34   0.84438482   5.54416103e+14   -0.584886042   1.43694548   0.318907197   0   425.945323   0   604.601445   0.0160503656   0.29668891   1031.12595
8.206   2.84856505e+34   0.845562967   5.53877185e+14   -0.584974181   1.4374386   0.318613972   0   426.157348   0   604.803593   0.0160358142   0.296420849   1030.97067
8.211   2.84063803e+34   0.846741402   5.53337594e+14   -0.585062356   1.43793166   0.318320336   0   426.369878   0   605.006161   0.0160212367   0.296152417   1030.81537
8.216   2.83271759e+34   0.847920122   5.52797322e+14   -0.585150566   1.43842468   0.318026288   0   426.582918   0   605.209155   0.0160066327   0.295883611   1030.66005
8.221   2.82480373e+34   0.849099123   5.52256361e+14   -0.58523881   1.43891764   0.317731821   0   426.796473   0   605.412576   0.0159920021   0.295614427   1030.50471
8.226   2.81689647e+34   0.850278404   5.51714706e+14   -0.585327089   1.43941055   0.317436934   0   427.010546   0   605.616429   0.0159773444   0.295344862   1030.34935
8.231   2.80899584e+34   0.851457961   5.51172349e+14   -0.585415403   1.43990341   0.317141622   0   427.225141   0   605.820717   0.0159626593   0.295074912   1030.19397
8.236   2.80110184e+34   0.85263779   5.50629284e+14   -0.585503752   1.4403962   0.31684588   0   427.440262   0   606.025444   0.0159479466   0.294804574   1030.03857
8.241   2.79321451e+34   0.85381789   5.50085503e+14   -0.585592135   1.44088893   0.316549706   0   427.655913   0   606.230613   0.015933206   0.294533845   1029.88316
8.246   2.78533384e+34   0.854998258   5.49541e+14   -0.585680553   1.44138161   0.316253096   0   427.872098   0   606.436227   0.0159184371   0.29426272   1029.72772
8.251   2.77745986e+34   0.856178889   5.48995768e+14   -0.585769005   1.44187422   0.315956045   0   428.088821   0   606.64229   0.0159036396   0.293991198   1029.57227
8.256   2.76959259e+34   0.857359782   5.484498e+14   -0.585857491   1.44236676   0.31565855   0   428.306086   0   606.848805   0.0158888132   0.293719274   1029.41679
8.261   2.76173205e+34   0.858540934   5.4790309e+14   -0.585946012   1.44285923   0.315360608   0   428.523898   0   607.055777   0.0158739577   0.293446945   1029.2613
8.266   2.75387824e+34   0.859722341   5.47355632e+14   -0.586034566   1.44335164   0.315062215   0   428.742259   0   607.263207   0.0158590726   0.293174208   1029.10578
8.271   2.74603118e+34   0.860904001   5.46807419e+14   -0.586123155   1.44384397   0.314763367   0   428.961174   0   607.4711   0.0158441578   0.292901061   1028.95025
8.276   2.7381909e+34   0.862085911   5.46258445e+14   -0.586211778   1.44433623   0.31446406   0   429.180647   0   607.679458   0.0158292129   0.292627498   1028.7947
8.281   2.73035741e+34   0.863268068   5.45708703e+14   -0.586300435   1.44482842   0.314164291   0   429.400681   0   607.888286   0.0158142376   0.292353519   1028.63913
8.286   2.72253073e+34   0.864450469   5.45158187e+14   -0.586389126   1.44532052   0.313864058   0   429.621281   0   608.097587   0.0157992317   0.292079118   1028.48354
8.291   2.71471086e+34   0.86563311   5.44606891e+14   -0.58647785   1.44581255   0.313563355   0   429.842451   0   608.307363   0.0157841948   0.291804294   1028.32792
8.296   2.70689784e+34   0.866815989   5.44054809e+14   -0.586566609   1.4463045   0.31326218   0   430.064194   0   608.517619   0.0157691265   0.291529044   1028.17229
8.301   2.69909168e+34   0.867999103   5.43501936e+14   -0.586655401   1.44679636   0.312960529   0   430.286515   0   608.728357   0.0157540268   0.291253363   1028.01664
8.306   2.69129239e+34   0.869182448   5.42948264e+14   -0.586744226   1.44728814   0.312658399   0   430.509417   0   608.939582   0.0157388951   0.29097725   1027.86097
8.311   2.68349999e+34   0.870366023   5.42393787e+14   -0.586833085   1.44777983   0.312355787   0   430.732903   0   609.151295   0.0157237313   0.290700701   1027.70528
8.316   2.67571449e+34   0.871549824   5.41838501e+14   -0.586921978   1.44827143   0.312052689   0   430.956979   0   609.363501   0.0157085351   0.290423714   1027.54956
8.321   2.66793592e+34   0.872733847   5.41282399e+14   -0.587010903   1.44876294   0.311749102   0   431.181648   0   609.576202   0.015693306   0.290146285   1027.39383
8.326   2.66016428e+34   0.873918091   5.40725476e+14   -0.587099862   1.44925435   0.311445022   0   431.406913   0   609.789402   0.015678044   0.289868412   1027.23808
8.331   2.6523996e+34   0.875102551   5.40167726e+14   -0.587188855   1.44974567   0.311140448   0   431.632779   0   610.003105   0.0156627486   0.289590091   1027.0823
8.336   2.6446419e+34   0.876287226   5.39609143e+14   -0.58727788   1.4502369   0.310835374   0   431.859249   0   610.217313   0.0156474196   0.289311321   1026.92651
8.341   2.63689118e+34   0.87747211   5.39049721e+14   -0.587366938   1.45072802   0.310529799   0   432.086327   0   610.432029   0.0156320567   0.289032097   1026.77069
8.346   2.62914747e+34   0.878657202   5.38489457e+14   -0.58745603   1.45121904   0.310223719   0   432.314017   0   610.647258   0.0156166596   0.288752419   1026.61486
8.351   2.62141079e+34   0.879842499   5.37928381e+14   -0.587545154   1.45170996   0.309917152   0   432.542308   0   610.862986   0.0156012294   0.2884723   1026.459
8.356   2.61368116e+34   0.881027996   5.37367216e+14   -0.587634311   1.45220077   0.309610489   0   432.770912   0   611.078933   0.0155857904   0.288192093   1026.30314
8.361   2.60595858e+34   0.882213691   5.36806221e+14   -0.587723501   1.45269147   0.309303869   0   432.999727   0   611.294999   0.0155703517   0.287911922   1026.14727
8.366   2.59824308e+34   0.883399581   5.36245375e+14   -0.587812723   1.45318207   0.308997283   0   433.22876   0   611.511192   0.0155549127   0.287631778   1025.99139
8.371   2.59053467e+34   0.884585663   5.35684659e+14   -0.587901978   1.45367255   0.308690719   0   433.458021   0   611.727519   0.0155394729   0.287351651   1025.83551
8.376   2.58283337e+34   0.885771934   5.35124053e+14   -0.587991265   1.45416291   0.308384166   0   433.687518   0   611.943988   0.0155240317   0.287071532   1025.67963
8.381   2.5751392e+34   0.88695839   5.34563537e+14   -0.588080585   1.45465316   0.308077614   0   433.917258   0   612.160606   0.0155085886   0.286791411   1025.52374
8.386   2.56745217e+34   0.888145029   5.34003091e+14   -0.588169937   1.4551433   0.307771052   0   434.147251   0   612.377383   0.0154931431   0.286511277   1025.36785
8.391   2.5597723e+34   0.889331846   5.33442695e+14   -0.588259322   1.45563331   0.307464469   0   434.377505   0   612.594326   0.0154776946   0.286231123   1025.21195
8.396   2.55209962e+34   0.890518838   5.32882331e+14   -0.588348738   1.4561232   0.307157855   0   434.608027   0   612.811442   0.0154622426   0.285950937   1025.05605
8.401   2.54443414e+34   0.891706003   5.32321979e+14   -0.588438187   1.45661296   0.3068512   0   434.838827   0   613.028739   0.0154467867   0.285670712   1024.90014
8.406   2.53677587e+34   0.892893336   5.3176162e+14   -0.588527668   1.45710259   0.306544493   0   435.069912   0   613.246226   0.0154313262   0.285390436   1024.74423
8.411   2.52912484e+34   0.894080835   5.31201234e+14   -0.58861718   1.4575921   0.306237723   0   435.30129   0   613.463909   0.0154158606   0.285110102   1024.58832
8.416   2.52148105e+34   0.895268496   5.30640804e+14   -0.588706725   1.45808147   0.305930881   0   435.532971   0   613.681796   0.0154003895   0.284829699   1024.4324
8.421   2.51384454e+34   0.896456315   5.30080309e+14   -0.588796301   1.4585707   0.305623956   0   435.764962   0   613.899896   0.0153849124   0.284549219   1024.27648
8.426   2.50621532e+34   0.897644291   5.29519732e+14   -0.588885909   1.45905981   0.305316937   0   435.997272   0   614.118215   0.0153694287   0.284268653   1024.12055
8.431   2.49859339e+34   0.898832418   5.28959054e+14   -0.588975548   1.45954877   0.305009816   0   436.229909   0   614.336762   0.0153539379   0.28398799   1023.96462
8.436   2.49097879e+34   0.900020694   5.28398256e+14   -0.589065219   1.46003759   0.304702581   0   436.46288   0   614.555544   0.0153384395   0.283707223   1023.80869
8.441   2.48337153e+34   0.901209116   5.27837321e+14   -0.589154922   1.46052626   0.304395223   0   436.696194   0   614.774568   0.015322933   0.283426341   1023.65275
8.446   2.47577163e+34   0.90239768   5.27276229e+14   -0.589244655   1.4610148   0.304087732   0   436.92986   0   614.993843   0.0153074179   0.283145338   1023.49681
8.451   2.4681791e+34   0.903586382   5.26714964e+14   -0.58933442   1.46150318   0.303780098   0   437.163885   0   615.213375   0.0152918938   0.282864202   1023.34086
8.456   2.46059396e+34   0.90477522   5.26153507e+14   -0.589424216   1.46199141   0.303472311   0   437.398278   0   615.433173   0.0152763602   0.282582926   1023.18492
8.461   2.45301624e+34   0.905964189   5.2559184e+14   -0.589514044   1.46247949   0.303164362   0   437.633047   0   615.653243   0.0152608164   0.282301502   1023.02896
8.466   2.44544594e+34   0.907153288   5.25029946e+14   -0.589603902   1.46296741   0.30285624   0   437.868199   0   615.873593   0.0152452622   0.282019919   1022.87301
8.471   2.43788308e+34   0.908342511   5.24467807e+14   -0.589693791   1.46345518   0.302547937   0   438.103744   0   616.09423   0.0152296969   0.281738169   1022.71705
8.476   2.43032769e+34   0.909531856   5.23905406e+14   -0.589783712   1.46394279   0.302239443   0   438.339688   0   616.315163   0.0152141202   0.281456245   1022.56108
8.481   2.42277978e+34   0.910721319   5.23342726e+14   -0.589873662   1.46443023   0.301930747   0   438.576041   0   616.536398   0.0151985315   0.281174137   1022.40512
8.486   2.41523936e+34   0.911910898   5.22779749e+14   -0.589963644   1.46491751   0.301621842   0   438.81281   0   616.757943   0.0151829304   0.280891837   1022.24915
8.491   2.40770645e+34   0.913100588   5.22216459e+14   -0.590053656   1.46540463   0.301312717   0   439.050003   0   616.979804   0.0151673163   0.280609337   1022.09317
8.496   2.40018108e+34   0.914290386   5.21652838e+14   -0.590143699   1.46589157   0.301003363   0   439.287628   0   617.20199   0.0151516889   0.280326627   1021.9372
8.501   2.39266326e+34   0.915480288   5.2108887e+14   -0.590233772   1.46637834   0.300693771   0   439.525694   0   617.424508   0.0151360477   0.280043701   1021.78122
8.506   2.38515301e+34   0.916670291   5.20524538e+14   -0.590323875   1.46686494   0.300383933   0   439.764207   0   617.647364   0.0151203921   0.279760549   1021.62524
8.511   2.37765034e+34   0.917860392   5.19959827e+14   -0.590414009   1.46735137   0.300073838   0   440.003177   0   617.870567   0.0151047219   0.279477164   1021.46925
8.516   2.37015527e+34   0.919050588   5.19394719e+14   -0.590504173   1.46783761   0.299763478   0   440.242611   0   618.094122   0.0150890364   0.279193538   1021.31326
8.521   2.36266782e+34   0.920240874   5.18829198e+14   -0.590594367   1.46832367   0.299452843   0   440.482517   0   618.318038   0.0150733353   0.278909662   1021.15727
8.526   2.35518801e+34   0.921431247   5.18263248e+14   -0.590684591   1.46880955   0.299141926   0   440.722904   0   618.542322   0.0150576181   0.278625528   1021.00128
8.531   2.34771585e+34   0.922621704   5.17696853e+14   -0.590774845   1.46929525   0.298830717   0   440.963778   0   618.76698   0.0150418843   0.278341129   1020.84528
8.536   2.34025136e+34   0.923812242   5.17129998e+14   -0.590865129   1.46978075   0.298519207   0   441.205148   0   618.992019   0.0150261336   0.278056456   1020.68928
8.541   2.33279455e+34   0.925002856   5.16562667e+14   -0.590955442   1.47026607   0.298207389   0   441.447021   0   619.217448   0.0150103654   0.277771502   1020.53328
8.546   2.32534546e+34   0.926193543   5.15994843e+14   -0.591045785   1.47075119   0.297895252   0   441.689407   0   619.443272   0.0149945794   0.27748626   1020.37727
8.551   2.31790409e+34   0.9273843   5.15426513e+14   -0.591136158   1.47123611   0.297582789   0   441.932311   0   619.6695   0.0149787752   0.27720072   1020.22126
8.556   2.31047046e+34   0.928575123   5.1485766e+14   -0.59122656   1.47172084   0.297269991   0   442.175743   0   619.896136   0.0149629522   0.276914877   1020.06525
8.561   2.30304458e+34   0.929766009   5.14288269e+14   -0.591316992   1.47220537   0.29695685   0   442.419709   0   620.12319   0.0149471101   0.276628722   1019.90924
8.566   2.29562649e+34   0.930956954   5.13718325e+14   -0.591407453   1.4726897   0.296643357   0   442.664218   0   620.350667   0.0149312484   0.276342248   1019.75322
8.571   2.28821618e+34   0.932147954   5.13147814e+14   -0.591497943   1.47317381   0.296329505   0   442.909278   0   620.578575   0.0149153668   0.276055447   1019.5972
8.576   2.28081368e+34   0.933339007   5.1257672e+14   -0.591588462   1.47365773   0.296015284   0   443.154896   0   620.80692   0.0148994648   0.275768312   1019.44118
8.581   2.27341901e+34   0.934530108   5.12005029e+14   -0.59167901   1.47414143   0.295700688   0   443.40108   0   621.035709   0.014883542   0.275480835   1019.28516
8.586   2.26603218e+34   0.935721254   5.11432727e+14   -0.591769587   1.47462492   0.295385707   0   443.647837   0   621.264949   0.014867598   0.275193011   1019.12914
8.591   2.25865322e+34   0.936912441   5.10859798e+14   -0.591860193   1.47510819   0.295070333   0   443.895176   0   621.494647   0.0148516324   0.27490483   1018.97311
8.596   2.25128213e+34   0.938103665   5.1028623e+14   -0.591950828   1.47559125   0.29475456   0   444.143103   0   621.724809   0.0148356448   0.274616286   1018.81708
8.601   2.24391894e+34   0.939294924   5.09712007e+14   -0.592041492   1.47607408   0.294438379   0   444.391627   0   621.955443   0.0148196348   0.274327373   1018.66105
8.606   2.23656366e+34   0.940486213   5.09137115e+14   -0.592132184   1.4765567   0.294121781   0   444.640755   0   622.186554   0.014803602   0.274038083   1018.50501
8.611   2.22921632e+34   0.941677529   5.08561542e+14   -0.592222905   1.47703908   0.29380476   0   444.890495   0   622.41815   0.014787546   0.273748409   1018.34898
8.616   2.22187692e+34   0.942868869   5.07985272e+14   -0.592313654   1.47752124   0.293487308   0   445.140855   0   622.650237   0.0147714664   0.273458344   1018.19294
8.621   2.21454548e+34   0.944060228   5.07408293e+14   -0.592404431   1.47800317   0.293169417   0   445.391841   0   622.882822   0.0147553628   0.273167882   1018.0369
8.626   2.20722203e+34   0.945251603   5.06830591e+14   -0.592495237   1.47848487   0.29285108   0   445.643461   0   623.115911   0.014739235   0.272877015   1017.88085
8.631   2.19990657e+34   0.94644299   5.06252153e+14   -0.59258607   1.47896633   0.292532289   0   445.895724   0   623.349511   0.0147230824   0.272585738   1017.72481
8.636   2.19259913e+34   0.947634386   5.05672965e+14   -0.592676932   1.47944756   0.292213037   0   446.148635   0   623.583628   0.0147069047   0.272294043   1017.56876
8.641   2.18529972e+34   0.948825788   5.05093015e+14   -0.592767822   1.47992854   0.291893316   0   446.402204   0   623.818269   0.0146907015   0.272001924   1017.41271
8.646   2.17800837e+34   0.95001719   5.04512289e+14   -0.592858739   1.48040928   0.291573119   0   446.656437   0   624.05344   0.0146744725   0.271709374   1017.25666
8.651   2.17072508e+34   0.95120859   5.03930775e+14   -0.592949685   1.48088977   0.29125244   0   446.911342   0   624.289148   0.0146582173   0.271416388   1017.10061
8.656   2.16344987e+34   0.952399984   5.0334846e+14   -0.593040658   1.48137002   0.29093127   0   447.166925   0   624.525399   0.0146419356   0.271122958   1016.94455
8.661   2.15618277e+34   0.953591369   5.02765332e+14   -0.593131659   1.48185002   0.290609604   0   447.423195   0   624.7622   0.0146256269   0.270829078   1016.7885
8.666   2.14892378e+34   0.95478274   5.02181378e+14   -0.593222687   1.48232976   0.290287433   0   447.680159   0   624.999556   0.014609291   0.270534742   1016.63244
8.671   2.14167293e+34   0.955974094   5.01596585e+14   -0.593313742   1.48280925   0.289964752   0   447.937824   0   625.237474   0.0145929274   0.270239945   1016.47638
8.676   2.13443023e+34   0.957165428   5.01010943e+14   -0.593404825   1.48328848   0.289641552   0   448.196198   0   625.47596   0.0145765359   0.269944679   1016.32031
8.681   2.1271957e+34   0.958356737   5.00424437e+14   -0.593495935   1.48376744   0.289317828   0   448.455288   0   625.715021   0.014560116   0.269648939   1016.16425
8.686   2.11996936e+34   0.959548018   4.99837058e+14   -0.593587073   1.48424615   0.288993573   0   448.7151   0   625.954662   0.0145436675   0.269352719   1016.00818
8.691   2.11275122e+34   0.960739267   4.99248793e+14   -0.593678237   1.48472459   0.28866878   0   448.975643   0   626.194891   0.0145271901   0.269056012   1015.85211
8.696   2.1055413e+34   0.96193048   4.98659631e+14   -0.593769428   1.48520275   0.288343443   0   449.236923   0   626.435712   0.0145106833   0.268758814   1015.69604
8.701   2.09833961e+34   0.963121654   4.98069559e+14   -0.593860646   1.48568065   0.288017554   0   449.498947   0   626.677132   0.0144941468   0.268461118   1015.53997
8.706   2.09114619e+34   0.964312785   4.97478567e+14   -0.593951891   1.48615828   0.287691108   0   449.761724   0   626.919158   0.0144775804   0.268162919   1015.38389
8.711   2.08396103e+34   0.965503869   4.96886644e+14   -0.594043162   1.48663562   0.287364099   0   450.02526   0   627.161794   0.0144609836   0.26786421   1015.22782
8.716   2.07678416e+34   0.966694902   4.96293778e+14   -0.59413446   1.48711269   0.28703652   0   450.289561   0   627.405048   0.0144443563   0.267564987   1015.07174
8.721   2.06961559e+34   0.967885881   4.95699958e+14   -0.594225785   1.48758947   0.286708364   0   450.554636   0   627.648925   0.014427698   0.267265244   1014.91566
8.726   2.06245534e+34   0.969076802   4.95105174e+14   -0.594317136   1.48806597   0.286379626   0   450.820492   0   627.893431   0.0144110084   0.266964975   1014.75958
8.731   2.05530343e+34   0.97026766   4.94509415e+14   -0.594408513   1.48854219   0.2860503   0   451.087134   0   628.138573   0.0143942873   0.266664174   1014.60349
8.736   2.04815988e+34   0.971458453   4.93912671e+14   -0.594499916   1.48901811   0.285720379   0   451.354571   0   628.384355   0.0143775344   0.266362838   1014.44741
8.741   2.0410247e+34   0.972649176   4.9331493e+14   -0.594591345   1.48949374   0.285389858   0   451.622809   0   628.630783   0.0143607492   0.266060959   1014.29132
8.746   2.03389791e+34   0.973839826   4.92716183e+14   -0.594682801   1.48996907   0.285058731   0   451.891856   0   628.877865   0.0143439316   0.265758534   1014.13523
8.751   2.02677952e+34   0.975030398   4.9211642e+14   -0.594774282   1.49044411   0.284726992   0   452.161718   0   629.125604   0.0143270813   0.265455557   1013.97913
8.756   2.01966956e+34   0.97622089   4.9151563e+14   -0.594865789   1.49091885   0.284394636   0   452.432402   0   629.374008   0.0143101978   0.265152022   1013.82304
8.761   2.01256803e+34   0.977411296   4.90913804e+14   -0.594957322   1.49139328   0.284061656   0   452.703915   0   629.623082   0.0142932811   0.264847926   1013.66694
8.766   2.00547496e+34   0.978601614   4.90310932e+14   -0.59504888   1.4918674   0.283728047   0   452.976265   0   629.872831   0.0142763307   0.264543262   1013.51084
8.771   1.99839036e+34   0.97979184   4.89707004e+14   -0.595140464   1.49234122   0.283393804   0   453.249457   0   630.123261   0.0142593464   0.264238026   1013.35474
8.776   1.99131425e+34   0.980981969   4.8910201e+14   -0.595232073   1.49281473   0.28305892   0   453.523499   0   630.374378   0.0142423279   0.263932214   1013.19864
8.781   1.98424664e+34   0.982171997   4.88495942e+14   -0.595323707   1.49328792   0.282723392   0   453.798398   0   630.626187   0.014225275   0.26362582   1013.04253
8.786   1.97718756e+34   0.983361922   4.8788879e+14   -0.595415367   1.49376079   0.282387213   0   454.074159   0   630.878695   0.0142081873   0.26331884   1012.88642
8.791   1.97013701e+34   0.984551739   4.87280546e+14   -0.595507052   1.49423335   0.282050379   0   454.350791   0   631.131905   0.0141910646   0.263011269   1012.73031
8.796   1.96309502e+34   0.985741444   4.86671199e+14   -0.595598762   1.49470558   0.281712883   0   454.6283   0   631.385825   0.0141739067   0.262703102   1012.5742
8.801   1.95606159e+34   0.986931033   4.86060741e+14   -0.595690497   1.49517748   0.281374722   0   454.906692   0   631.640459   0.0141567132   0.262394336   1012.41808
8.806   1.94903676e+34   0.988120503   4.85449164e+14   -0.595782256   1.49564906   0.281035889   0   455.185975   0   631.895813   0.014139484   0.262084965   1012.26196
8.811   1.94202052e+34   0.98930985   4.84836458e+14   -0.59587404   1.49612031   0.28069638   0   455.466154   0   632.151892   0.0141222187   0.261774985   1012.10584
8.816   1.93501291e+34   0.990499069   4.84222616e+14   -0.595965849   1.49659123   0.280356191   0   455.747237   0   632.408701   0.0141049171   0.261464393   1011.94972
8.821   1.92801394e+34   0.991688156   4.8360763e+14   -0.596057683   1.4970618   0.280015316   0   456.02923   0   632.666246   0.0140875791   0.261153183   1011.79359
8.826   1.92102363e+34   0.992877107   4.82992235e+14   -0.59614954   1.49753204   0.279674161   0   456.311803   0   632.924217   0.0140702228   0.26084172   1011.63747
8.831   1.91404199e+34   0.994065917   4.8237729e+14   -0.596241422   1.49800193   0.279333197   0   456.59457   0   633.182248   0.0140528695   0.260530428   1011.48137
8.836   1.90706905e+34   0.995254584   4.81762757e+14   -0.596333329   1.49847148   0.278992405   0   456.877546   0   633.440355   0.0140355183   0.260219289   1011.32529
8.841   1.90010481e+34   0.996443102   4.81148601e+14   -0.596425259   1.49894068   0.278651765   0   457.160749   0   633.698555   0.014018168   0.259908285   1011.16924
8.846   1.8931493e+34   0.997631469   4.80534783e+14   -0.596517213   1.49940953   0.278311256   0   457.444197   0   633.956862   0.0140008178   0.259597397   1011.0132
8.851   1.88620254e+34   0.998819678   4.79921267e+14   -0.596609192   1.49987803   0.277970858   0   457.727905   0   634.215292   0.0139834665   0.259286607   1010.85718
8.856   1.87926453e+34   1.00000773   4.79308017e+14   -0.596701194   1.50034617   0.277630551   0   458.011891   0   634.47386   0.0139661131   0.258975897   1010.70118
8.861   1.87233531e+34   1.00119561   4.78694996e+14   -0.59679322   1.50081395   0.277290315   0   458.296171   0   634.732582   0.0139487567   0.258665249   1010.5452
8.866   1.86541489e+34   1.00238332   4.78082169e+14   -0.596885269   1.50128136   0.276950131   0   458.580763   0   634.991473   0.0139313963   0.258354645   1010.38924
8.871   1.8585033e+34   1.00357086   4.77469501e+14   -0.596977342   1.5017484   0.276609978   0   458.865683   0   635.250548   0.0139140307   0.258044068   1010.2333
8.876   1.85160054e+34   1.00475822   4.76856956e+14   -0.597069438   1.50221508   0.276269839   0   459.150948   0   635.509822   0.0138966591   0.2577335   1010.07739
8.881   1.84470663e+34   1.0059454   4.762445e+14   -0.597161558   1.50268138   0.275929693   0   459.436575   0   635.769311   0.0138792805   0.257422924   1009.92148
8.886   1.8378216e+34   1.00713239   4.75632097e+14   -0.5972537   1.50314731   0.275589521   0   459.72258   0   636.029029   0.0138618939   0.257112323   1009.7656
8.891   1.83094546e+34   1.00831919   4.75019714e+14   -0.597345866   1.50361286   0.275249305   0   460.008979   0   636.288992   0.0138444984   0.256801679   1009.60974
8.896   1.82407824e+34   1.00950579   4.74407316e+14   -0.597438055   1.50407802   0.274909026   0   460.29579   0   636.549214   0.0138270929   0.256490976   1009.4539
8.901   1.81721994e+34   1.01069219   4.7379487e+14   -0.597530267   1.5045428   0.274568665   0   460.583029   0   636.80971   0.0138096765   0.256180196   1009.29808
8.906   1.81037059e+34   1.01187838   4.73182343e+14   -0.597622501   1.50500719   0.274228204   0   460.870712   0   637.070494   0.0137922483   0.255869324   1009.14227
8.911   1.80353021e+34   1.01306437   4.72569702e+14   -0.597714758   1.50547118   0.273887624   0   461.158855   0   637.331582   0.0137748073   0.255558342   1008.98649
8.916   1.79669881e+34   1.01425014   4.71956913e+14   -0.597807038   1.50593478   0.273546908   0   461.447475   0   637.592987   0.0137573526   0.255247235   1008.83072
8.921   1.78987642e+34   1.01543569   4.71343945e+14   -0.59789934   1.50639798   0.273206037   0   461.736588   0   637.854725   0.0137398833   0.254935985   1008.67497
8.926   1.78306305e+34   1.01662102   4.70730764e+14   -0.597991664   1.50686078   0.272864994   0   462.026211   0   638.11681   0.0137223984   0.254624578   1008.51924
8.931   1.77625871e+34   1.01780613   4.7011734e+14   -0.598084011   1.50732318   0.272523761   0   462.316359   0   638.379255   0.0137048971   0.254312996   1008.36353
8.936   1.76946344e+34   1.018991   4.69503641e+14   -0.59817638   1.50778517   0.272182321   0   462.607049   0   638.642076   0.0136873784   0.254001225   1008.20784
8.941   1.76267724e+34   1.02017563   4.68889636e+14   -0.598268771   1.50824674   0.271840655   0   462.898296   0   638.905287   0.0136698414   0.253689248   1008.05217
8.946   1.75590013e+34   1.02136002   4.68275293e+14   -0.598361183   1.5087079   0.271498748   0   463.190117   0   639.168901   0.0136522853   0.253377051   1007.89651
8.951   1.74913214e+34   1.02254417   4.67660582e+14   -0.598453618   1.50916864   0.271156582   0   463.482527   0   639.432933   0.0136347091   0.253064617   1007.74088
8.956   1.74237327e+34   1.02372806   4.67045473e+14   -0.598546074   1.50962896   0.27081414   0   463.775543   0   639.697396   0.0136171119   0.252751931   1007.58526
8.961   1.73562356e+34   1.02491171   4.66429936e+14   -0.598638552   1.51008886   0.270471406   0   464.06918   0   639.962305   0.013599493   0.252438979   1007.42966
8.966   1.72888301e+34   1.02609509   4.65813941e+14   -0.598731051   1.51054832   0.270128362   0   464.363454   0   640.227673   0.0135818514   0.252125746   1007.27407
8.971   1.72215165e+34   1.02727821   4.65197458e+14   -0.598823572   1.51100736   0.269784994   0   464.65838   0   640.493515   0.0135641863   0.251812216   1007.11851
8.976   1.71542949e+34   1.02846106   4.64580459e+14   -0.598916114   1.51146596   0.269441283   0   464.953975   0   640.759842   0.0135464967   0.251498375   1006.96296
8.981   1.70871655e+34   1.02964363   4.63962914e+14   -0.599008677   1.51192412   0.269097215   0   465.250254   0   641.02667   0.013528782   0.251184208   1006.80744
8.986   1.70201284e+34   1.03082593   4.63344796e+14   -0.599101261   1.51238185   0.268752774   0   465.547233   0   641.294012   0.0135110412   0.250869702   1006.65193
8.991   1.6953184e+34   1.03200795   4.62726075e+14   -0.599193866   1.51283912   0.268407943   0   465.844926   0   641.56188   0.0134932735   0.250554842   1006.49643
8.996   1.68863323e+34   1.03318968   4.62106725e+14   -0.599286492   1.51329595   0.268062707   0   466.143349   0   641.830289   0.0134754781   0.250239614   1006.34096
9.001   1.68195736e+34   1.03437112   4.61486717e+14   -0.599379139   1.51375233   0.267717051   0   466.442518   0   642.099252   0.0134576542   0.249924003   1006.1855
9.006   1.6752908e+34   1.03555226   4.60866025e+14   -0.599471806   1.51420826   0.26737096   0   466.742448   0   642.368782   0.013439801   0.249607997   1006.03006
9.011   1.66863356e+34   1.0367331   4.6024462e+14   -0.599564494   1.51466372   0.267024418   0   467.043154   0   642.638891   0.0134219176   0.249291581   1005.87464
9.016   1.66198567e+34   1.03791364   4.59622477e+14   -0.599657202   1.51511873   0.26667741   0   467.344651   0   642.909593   0.0134040032   0.248974743   1005.71923
9.021   1.65534715e+34   1.03909387   4.58999569e+14   -0.59974993   1.51557327   0.266329922   0   467.646955   0   643.180901   0.0133860572   0.248657468   1005.56384
9.026   1.64871801e+34   1.04027378   4.58375871e+14   -0.599842679   1.51602734   0.265981939   0   467.95008   0   643.452828   0.0133680786   0.248339744   1005.40847
9.031   1.64209827e+34   1.04145337   4.57751355e+14   -0.599935447   1.51648094   0.265633447   0   468.254042   0   643.725386   0.0133500668   0.248021557   1005.25311
9.036   1.63548795e+34   1.04263264   4.57125997e+14   -0.600028236   1.51693407   0.265284431   0   468.558854   0   643.998588   0.013332021   0.247702895   1005.09778
9.041   1.62888706e+34   1.04381158   4.56499772e+14   -0.600121044   1.51738672   0.264934877   0   468.864533   0   644.272447   0.0133139403   0.247383745   1004.94245
9.046   1.62229563e+34   1.04499018   4.55872655e+14   -0.600213872   1.51783888   0.264584771   0   469.171093   0   644.546975   0.0132958241   0.247064094   1004.78715
9.051   1.61571367e+34   1.04616845   4.5524462e+14   -0.60030672   1.51829056   0.2642341   0   469.478548   0   644.822185   0.0132776716   0.24674393   1004.63186
9.056   1.60914121e+34   1.04734637   4.54615644e+14   -0.600399587   1.51874176   0.263882849   0   469.786914   0   645.098088   0.0132594821   0.246423241   1004.47659
9.061   1.60257824e+34   1.04852395   4.53985703e+14   -0.600492474   1.51919246   0.263531005   0   470.096204   0   645.374698   0.0132412549   0.246102014   1004.32133
9.066   1.59602481e+34   1.04970117   4.53354774e+14   -0.60058538   1.51964267   0.263178556   0   470.406434   0   645.652027   0.0132229891   0.245780237   1004.16609
9.071   1.58948092e+34   1.05087804   4.52722832e+14   -0.600678305   1.52009237   0.262825486   0   470.717617   0   645.930085   0.0132046842   0.245457898   1004.01086
9.076   1.58294659e+34   1.05205454   4.52089855e+14   -0.600771248   1.52054158   0.262471785   0   471.029769   0   646.208887   0.0131863394   0.245134987   1003.85565
9.081   1.57642184e+34   1.05323068   4.51455819e+14   -0.600864211   1.52099028   0.262117438   0   471.342903   0   646.488443   0.013167954   0.24481149   1003.70046
9.086   1.56990668e+34   1.05440645   4.50820703e+14   -0.600957193   1.52143847   0.261762434   0   471.657034   0   646.768765   0.0131495273   0.244487398   1003.54528
9.091   1.56340114e+34   1.05558184   4.50184484e+14   -0.601050193   1.52188615   0.261406758   0   471.972176   0   647.049866   0.0131310586   0.244162697   1003.39012
9.096   1.55690523e+34   1.05675684   4.4954714e+14   -0.601143212   1.52233331   0.2610504   0   472.288343   0   647.331756   0.0131125473   0.243837378   1003.23497
9.101   1.55041897e+34   1.05793147   4.4890865e+14   -0.60123625   1.52277996   0.260693347   0   472.605548   0   647.614448   0.0130939926   0.243511429   1003.07983
9.106   1.54394237e+34   1.0591057   4.48268992e+14   -0.601329305   1.52322608   0.260335587   0   472.923807   0   647.897953   0.013075394   0.24318484   1002.92471
9.111   1.53747546e+34   1.06027953   4.47628146e+14   -0.601422379   1.52367167   0.259977107   0   473.243133   0   648.182282   0.0130567507   0.242857599   1002.76961
9.116   1.53101825e+34   1.06145297   4.4698609e+14   -0.601515471   1.52411674   0.259617897   0   473.56354   0   648.467447   0.0130380622   0.242529697   1002.61451
9.121   1.52457076e+34   1.062626   4.46342804e+14   -0.601608581   1.52456127   0.259257945   0   473.885041   0   648.753458   0.0130193277   0.242201122   1002.45944
9.126   1.51813301e+34   1.06379862   4.45698268e+14   -0.601701709   1.52500526   0.258897238   0   474.207651   0   649.040329   0.0130005467   0.241871865   1002.30437
9.131   1.51170501e+34   1.06497082   4.45052463e+14   -0.601794854   1.52544871   0.258535767   0   474.531382   0   649.328068   0.0129817185   0.241541916   1002.14932
9.136   1.50528678e+34   1.06614261   4.44405368e+14   -0.601888018   1.52589162   0.258173519   0   474.856249   0   649.616688   0.0129628426   0.241211263   1001.99428
9.141   1.49887834e+34   1.06731396   4.43756964e+14   -0.601981198   1.52633399   0.257810484   0   475.182265   0   649.906199   0.0129439182   0.240879899   1001.83926
9.146   1.4924797e+34   1.06848489   4.43107233e+14   -0.602074396   1.5267758   0.257446651   0   475.509444   0   650.196612   0.0129249448   0.240547812   1001.68424
9.151   1.48609089e+34   1.06965539   4.42456156e+14   -0.602167612   1.52721705   0.25708201   0   475.837798   0   650.487937   0.0129059218   0.240214994   1001.52924
9.156   1.47971193e+34   1.07082544   4.41803715e+14   -0.602260844   1.52765775   0.256716549   0   476.167341   0   650.780187   0.0128868486   0.239881434   1001.37426
9.161   1.47334281e+34   1.07199506   4.4114989e+14   -0.602354094   1.52809789   0.256350259   0   476.498087   0   651.07337   0.0128677247   0.239547125   1001.21928
9.166   1.46698357e+34   1.07316422   4.40494666e+14   -0.60244736   1.52853746   0.25598313   0   476.830048   0   651.367498   0.0128485494   0.239212056   1001.06432
9.171   1.46063423e+34   1.07433292   4.39838023e+14   -0.602540644   1.52897646   0.255615151   0   477.163238   0   651.662581   0.0128293223   0.238876219   1000.90936
9.176   1.45429479e+34   1.07550117   4.39179945e+14   -0.602633944   1.52941489   0.255246313   0   477.497669   0   651.95863   0.0128100426   0.238539605   1000.75442
9.181   1.44796528e+34   1.07666896   4.38520415e+14   -0.60272726   1.52985275   0.254876605   0   477.833355   0   652.255654   0.01279071   0.238202205   1000.59949
9.186   1.44164572e+34   1.07783627   4.37859417e+14   -0.602820593   1.53029002   0.254506019   0   478.170308   0   652.553663   0.0127713239   0.237864011   1000.44457
9.191   1.43533611e+34   1.07900311   4.37196933e+14   -0.602913942   1.53072672   0.254134545   0   478.508541   0   652.852669   0.0127518836   0.237525014   1000.28966
9.196   1.42903649e+34   1.08016947   4.36532949e+14   -0.603007307   1.53116282   0.253762174   0   478.848067   0   653.15268   0.0127323888   0.237185206   1000.13475
9.201   1.42274685e+34   1.08133535   4.35867447e+14   -0.603100689   1.53159833   0.253388897   0   479.188898   0   653.453707   0.0127128388   0.23684458   999.979861
9.206   1.41646723e+34   1.08250074   4.35200414e+14   -0.603194086   1.53203326   0.253014704   0   479.531048   0   653.75576   0.0126932332   0.236503126   999.824978
9.211   1.41019764e+34   1.08366563   4.34531833e+14   -0.603287499   1.53246758   0.252639588   0   479.874529   0   654.058848   0.0126735715   0.236160838   999.670103
9.216   1.40393809e+34   1.08483003   4.33861689e+14   -0.603380928   1.5329013   0.252263539   0   480.219352   0   654.36298   0.0126538532   0.235817708   999.515236
9.221   1.3976886e+34   1.08599392   4.33189969e+14   -0.603474373   1.53333442   0.25188655   0   480.565531   0   654.668168   0.0126340777   0.235473727   999.360377
9.226   1.39144919e+34   1.0871573   4.32516657e+14   -0.603567833   1.53376693   0.251508611   0   480.913078   0   654.974419   0.0126142447   0.23512889   999.205525
9.231   1.38521988e+34   1.08832017   4.31841739e+14   -0.603661308   1.53419883   0.251129715   0   481.262004   0   655.281743   0.0125943536   0.234783188   999.05068
9.236   1.37900067e+34   1.08948252   4.31165202e+14   -0.603754798   1.53463011   0.250749853   0   481.612323   0   655.59015   0.0125744039   0.234436614   998.895842
9.241   1.37279159e+34   1.09064434   4.30487032e+14   -0.603848304   1.53506077   0.250369018   0   481.964046   0   655.899649   0.0125543953   0.234089162   998.74101
9.246   1.36659266e+34   1.09180564   4.29807219e+14   -0.603941824   1.53549081   0.249987204   0   482.317185   0   656.210248   0.0125343273   0.233740826   998.586184
9.251   1.3604039e+34   1.0929664   4.29127172e+14   -0.604035359   1.53592022   0.249605196   0   482.671021   0   656.521298   0.0125142446   0.233392313   998.431389
9.256   1.35422533e+34   1.09412662   4.28448085e+14   -0.604128909   1.536349   0.24922366   0   483.024944   0   656.83225   0.012494185   0.233044221   998.276646
9.261   1.34805696e+34   1.09528629   4.27769883e+14   -0.604222474   1.53677715   0.248842553   0   483.378992   0   657.143136   0.012474146   0.232696513   998.121956
9.266   1.34189882e+34   1.09644541   4.27092493e+14   -0.604316053   1.53720465   0.248461836   0   483.733201   0   657.453989   0.0124541254   0.232349152   997.967318
9.271   1.33575091e+34   1.09760397   4.26415842e+14   -0.604409646   1.53763151   0.248081467   0   484.08761   0   657.764844   0.0124341209   0.232002102   997.812731
9.276   1.32961327e+34   1.09876197   4.25739859e+14   -0.604503254   1.53805773   0.247701408   0   484.442254   0   658.075731   0.0124141302   0.231655326   997.658193
9.281   1.32348591e+34   1.0999194   4.25064471e+14   -0.604596875   1.53848329   0.247321618   0   484.79717   0   658.386684   0.0123941512   0.231308788   997.503706
9.286   1.31736886e+34   1.10107626   4.24389609e+14   -0.604690511   1.5389082   0.246942058   0   485.152395   0   658.697734   0.0123741814   0.230962455   997.349268
9.291   1.31126213e+34   1.10223253   4.23715204e+14   -0.60478416   1.53933244   0.246562691   0   485.507964   0   659.008914   0.0123542189   0.23061629   997.194879
9.296   1.30516575e+34   1.10338822   4.23041187e+14   -0.604877823   1.53975602   0.246183477   0   485.863915   0   659.320255   0.0123342613   0.230270259   997.040538
9.301   1.29907973e+34   1.10454332   4.22367489e+14   -0.604971499   1.54017893   0.245804378   0   486.220283   0   659.631789   0.0123143066   0.229924327   996.886245
9.306   1.29300409e+34   1.10569781   4.21694044e+14   -0.605065189   1.54060117   0.245425357   0   486.577104   0   659.943548   0.0122943525   0.229578461   996.731999
9.311   1.28693887e+34   1.1068517   4.21020784e+14   -0.605158892   1.54102273   0.245046377   0   486.934413   0   660.255561   0.012274397   0.229232627   996.5778
9.316   1.28088407e+34   1.10800498   4.20347644e+14   -0.605252609   1.54144361   0.244667402   0   487.292247   0   660.567861   0.0122544381   0.228886792   996.423647
9.321   1.27483971e+34   1.10915764   4.1967456e+14   -0.605346338   1.5418638   0.244288394   0   487.65064   0   660.880478   0.0122344735   0.228540923   996.26954
9.326   1.26880583e+34   1.11030968   4.19001466e+14   -0.605440081   1.5422833   0.243909319   0   488.009628   0   661.193441   0.0122145013   0.228194988   996.115478
9.331   1.26278243e+34   1.11146109   4.18328299e+14   -0.605533836   1.5427021   0.24353014   0   488.369245   0   661.506783   0.0121945194   0.227848954   995.961461
9.336   1.25676953e+34   1.11261187   4.17654998e+14   -0.605627603   1.5431202   0.243150823   0   488.729527   0   661.820532   0.0121745258   0.22750279   995.807489
9.341   1.25076717e+34   1.113762   4.16981498e+14   -0.605721384   1.5435376   0.242771332   0   489.090508   0   662.134718   0.0121545186   0.227156464   995.65356
9.346   1.24477535e+34   1.11491149   4.1630774e+14   -0.605815176   1.5439543   0.242391633   0   489.452222   0   662.449371   0.0121344957   0.226809945   995.499674
9.351   1.23879409e+34   1.11606032   4.15633663e+14   -0.605908981   1.54437027   0.242011693   0   489.814705   0   662.764521   0.0121144552   0.226463203   995.345832
9.356   1.23282343e+34   1.1172085   4.14959207e+14   -0.606002798   1.54478554   0.241631479   0   490.177988   0   663.080196   0.0120943952   0.226116208   995.192032
9.361   1.22686337e+34   1.11835601   4.14284313e+14   -0.606096627   1.54520007   0.241250956   0   490.542108   0   663.396424   0.0120743138   0.225768929   995.038274
9.366   1.22091394e+34   1.11950284   4.13608923e+14   -0.606190468   1.54561389   0.240870092   0   490.907098   0   663.713236   0.0120542091   0.225421336   994.884558
9.371   1.21497516e+34   1.120649   4.12932979e+14   -0.60628432   1.54602697   0.240488856   0   491.27299   0   664.030659   0.0120340792   0.225073401   994.730883
9.376   1.20904704e+34   1.12179448   4.12256425e+14   -0.606378184   1.54643932   0.240107214   0   491.639819   0   664.348722   0.0120139223   0.224725095   994.577248
9.381   1.20312961e+34   1.12293927   4.11579204e+14   -0.60647206   1.54685092   0.239725136   0   492.007617   0   664.667452   0.0119937365   0.224376389   994.423653
9.386   1.19722289e+34   1.12408336   4.10901262e+14   -0.606565947   1.54726179   0.239342591   0   492.376418   0   664.986877   0.01197352   0.224027255   994.270098
9.391   1.1913269e+34   1.12522674   4.10222543e+14   -0.606659845   1.5476719   0.238959547   0   492.746254   0   665.307025   0.0119532711   0.223677666   994.116582
9.396   1.18544165e+34   1.12636942   4.09542995e+14   -0.606753754   1.54808126   0.238575975   0   493.117158   0   665.627923   0.011932988   0.223327593   993.963104
9.401   1.17956717e+34   1.12751139   4.08862563e+14   -0.606847673   1.54848987   0.238191844   0   493.489162   0   665.949598   0.0119126689   0.222977011   993.809665
9.406   1.17370348e+34   1.12865263   4.08181196e+14   -0.606941604   1.54889771   0.237807125   0   493.862299   0   666.272077   0.011892312   0.222625892   993.656263
9.411   1.16785059e+34   1.12979315   4.07498842e+14   -0.607035545   1.54930479   0.23742179   0   494.2366   0   666.595387   0.0118719158   0.222274209   993.502898
9.416   1.16200853e+34   1.13093293   4.06815451e+14   -0.607129497   1.54971109   0.237035809   0   494.612097   0   666.919553   0.0118514784   0.221921938   993.349569
9.421   1.15617732e+34   1.13207197   4.06130971e+14   -0.607223459   1.55011662   0.236649154   0   494.988823   0   667.244602   0.0118309982   0.221569052   993.196276
9.426   1.15035697e+34   1.13321027   4.05445354e+14   -0.607317432   1.55052137   0.236261796   0   495.366807   0   667.57056   0.0118104736   0.221215526   993.043018
9.431   1.1445475e+34   1.13434782   4.04758551e+14   -0.607411414   1.55092533   0.23587371   0   495.746082   0   667.897453   0.0117899029   0.220861336   992.889794
9.436   1.13874894e+34   1.1354846   4.04070515e+14   -0.607505406   1.5513285   0.235484867   0   496.126678   0   668.225305   0.0117692844   0.220506457   992.736605
9.441   1.13296131e+34   1.13662063   4.03381197e+14   -0.607599408   1.55173089   0.235095241   0   496.508627   0   668.554143   0.0117486167   0.220150864   992.583449
9.446   1.12718462e+34   1.13775588   4.02690551e+14   -0.60769342   1.55213247   0.234704805   0   496.891958   0   668.883991   0.0117278981   0.219794534   992.430325
9.451   1.12141889e+34   1.13889035   4.01998533e+14   -0.607787441   1.55253325   0.234313534   0   497.276703   0   669.214873   0.011707127   0.219437444   992.277234
9.456   1.11566415e+34   1.14002404   4.01305096e+14   -0.607881472   1.55293322   0.233921401   0   497.662891   0   669.546815   0.011686302   0.219079571   992.124173
9.461   1.10992041e+34   1.14115694   4.00610196e+14   -0.607975512   1.55333238   0.233528383   0   498.050552   0   669.879841   0.0116654214   0.218720891   991.971144
9.466   1.10418769e+34   1.14228904   3.9991379e+14   -0.608069561   1.55373072   0.233134454   0   498.439717   0   670.213974   0.0116444838   0.218361383   991.818144
9.471   1.09846601e+34   1.14342034   3.99215835e+14   -0.608163619   1.55412824   0.232739589   0   498.830414   0   670.549238   0.0116234876   0.218001024   991.665173
9.476   1.09275539e+34   1.14455083   3.98516288e+14   -0.608257685   1.55452494   0.232343766   0   499.222674   0   670.885657   0.0116024315   0.217639793   991.51223
9.481   1.08705585e+34   1.1456805   3.97815109e+14   -0.608351761   1.5549208   0.23194696   0   499.616525   0   671.223255   0.0115813139   0.217277669   991.359315
9.486   1.08136742e+34   1.14680935   3.97112257e+14   -0.608445845   1.55531583   0.231549148   0   500.011996   0   671.562054   0.0115601335   0.216914631   991.206427
9.491   1.0756901e+34   1.14793738   3.96407691e+14   -0.608539937   1.55571002   0.231150307   0   500.409116   0   671.902076   0.0115388887   0.216550658   991.053565
9.496   1.07002392e+34   1.14906456   3.95701372e+14   -0.608634038   1.55610337   0.230750415   0   500.807914   0   672.243346   0.0115175783   0.216185731   990.900727
9.501   1.06436889e+34   1.15019091   3.94993261e+14   -0.608728146   1.55649586   0.230349451   0   501.208418   0   672.585885   0.0114962008   0.215819828   990.747914
9.506   1.05872504e+34   1.15131641   3.94283321e+14   -0.608822263   1.55688751   0.229947391   0   501.610655   0   672.929715   0.0114747548   0.215452932   990.595124
9.511   1.05309239e+34   1.15244105   3.93571515e+14   -0.608916387   1.55727829   0.229544216   0   502.014655   0   673.274859   0.011453239   0.215085022   990.442356
9.516   1.04747095e+34   1.15356484   3.92857806e+14   -0.609010519   1.55766821   0.229139905   0   502.420444   0   673.621337   0.0114316522   0.21471608   990.289609
9.521   1.04186074e+34   1.15468775   3.92142158e+14   -0.609104659   1.55805727   0.228734436   0   502.828051   0   673.969171   0.0114099929   0.214346088   990.136882
9.526   1.03626179e+34   1.15580979   3.91424535e+14   -0.609198805   1.55844545   0.22832779   0   503.237502   0   674.318383   0.0113882599   0.213975028   989.984175
9.531   1.0306741e+34   1.15693096   3.90704904e+14   -0.609292959   1.55883275   0.227919947   0   503.648824   0   674.668993   0.0113664519   0.213602881   989.831486
9.536   1.02509771e+34   1.15805123   3.89983232e+14   -0.609387121   1.55921917   0.227510888   0   504.062045   0   675.021022   0.0113445676   0.213229632   989.678814
9.541   1.01953262e+34   1.15917061   3.89259484e+14   -0.609481289   1.55960471   0.227100594   0   504.477191   0   675.374491   0.0113226059   0.212855261   989.526157
9.546   1.01397886e+34   1.16028909   3.88533628e+14   -0.609575464   1.55998935   0.226689047   0   504.894288   0   675.729419   0.0113005655   0.212479754   989.373516
9.551   1.00843645e+34   1.16140667   3.87805633e+14   -0.609669645   1.5603731   0.226276228   0   505.313363   0   676.085828   0.0112784451   0.212103094   989.220888
9.556   1.0029054e+34   1.16252333   3.87075468e+14   -0.609763833   1.56075595   0.22586212   0   505.734442   0   676.443735   0.0112562436   0.211725264   989.068273
9.561   9.97385729e+33   1.16363907   3.86343102e+14   -0.609858027   1.5611379   0.225446705   0   506.15755   0   676.803162   0.0112339599   0.21134625   988.915668
9.566   9.91877463e+33   1.16475388   3.85608507e+14   -0.609952228   1.56151893   0.225029966   0   506.582714   0   677.164128   0.0112115927   0.210966036   988.763074
9.571   9.86380617e+33   1.16586777   3.84871652e+14   -0.610046434   1.56189905   0.224611887   0   507.009958   0   677.52665   0.011189141   0.210584606   988.610488
9.576   9.80895208e+33   1.16698071   3.8413251e+14   -0.610140647   1.56227825   0.224192451   0   507.439307   0   677.890749   0.0111666036   0.210201948   988.457909
9.581   9.75421254e+33   1.16809271   3.83391052e+14   -0.610234865   1.56265652   0.223771643   0   507.870788   0   678.256443   0.0111439794   0.209818046   988.305336
9.586   9.69958774e+33   1.16920375   3.82647253e+14   -0.610329089   1.56303387   0.223349446   0   508.304424   0   678.62375   0.0111212674   0.209432886   988.152767
9.591   9.64507787e+33   1.17031384   3.81901086e+14   -0.610423318   1.56341028   0.222925847   0   508.74024   0   678.992688   0.0110984664   0.209046456   988.000201
9.596   9.59068311e+33   1.17142296   3.81152525e+14   -0.610517552   1.56378576   0.22250083   0   509.17826   0   679.363275   0.0110755754   0.208658741   987.847636
9.601   9.53640362e+33   1.1725311   3.80401545e+14   -0.610611792   1.56416029   0.222074381   0   509.618508   0   679.735529   0.0110525935   0.20826973   987.695071
9.606   9.48223957e+33   1.17363827   3.79648121e+14   -0.610706036   1.56453388   0.221646486   0   510.061009   0   680.109467   0.0110295195   0.207879409   987.542504
9.611   9.42819114e+33   1.17474445   3.78892231e+14   -0.610800286   1.56490651   0.221217131   0   510.505786   0   680.485107   0.0110063525   0.207487767   987.389934
9.616   9.37425854e+33   1.17584965   3.78133851e+14   -0.61089454   1.56527819   0.220786302   0   510.952862   0   680.862464   0.0109830914   0.207094791   987.237358
9.621   9.32044199e+33   1.17695384   3.77372959e+14   -0.610988798   1.5656489   0.220353989   0   511.402261   0   681.241556   0.0109597355   0.206700471   987.084775
9.626   9.26674166e+33   1.17805702   3.76609614e+14   -0.611083061   1.56601865   0.219920222   0   511.853959   0   681.622359   0.0109362864   0.206304835   986.932185
9.631   9.21315773e+33   1.17915919   3.75846798e+14   -0.611177329   1.56638742   0.219486687   0   512.306217   0   682.003377   0.0109128461   0.205909406   986.779634
9.636   9.15969039e+33   1.18026034   3.75085926e+14   -0.6112716   1.56675522   0.219054183   0   512.758207   0   682.383897   0.0108894633   0.205514902   986.627143
9.641   9.10633988e+33   1.18136046   3.74326839e+14   -0.611365875   1.56712204   0.218622621   0   513.210016   0   682.763995   0.0108661326   0.205121244   986.474713
9.646   9.05310645e+33   1.18245955   3.73569384e+14   -0.611460154   1.56748786   0.218191915   0   513.661733   0   683.143746   0.0108428489   0.204728352   986.322343
9.651   8.9999904e+33   1.18355758   3.72813408e+14   -0.611554436   1.56785269   0.217761978   0   514.113446   0   683.523225   0.0108196072   0.204336151   986.170032
9.656   8.94699196e+33   1.18465457   3.72058763e+14   -0.611648722   1.56821652   0.217332726   0   514.56524   0   683.902504   0.0107964024   0.203944561   986.017781
9.661   8.89411138e+33   1.18575049   3.71305298e+14   -0.611743011   1.56857935   0.216904076   0   515.017203   0   684.281659   0.0107732296   0.203553508   985.865589
9.666   8.8413489e+33   1.18684534   3.70552869e+14   -0.611837304   1.56894116   0.216475944   0   515.469421   0   684.66076   0.0107500839   0.203162916   985.713454
9.671   8.78870478e+33   1.18793911   3.6980133e+14   -0.611931599   1.56930195   0.21604825   0   515.921977   0   685.039881   0.0107269604   0.202772711   985.561377
9.676   8.73617927e+33   1.1890318   3.69050541e+14   -0.612025897   1.56966171   0.215620913   0   516.374958   0   685.419091   0.0107038546   0.202382821   985.409358
9.681   8.68377263e+33   1.19012338   3.6830036e+14   -0.612120198   1.57002045   0.215193853   0   516.828447   0   685.798462   0.0106807615   0.201993174   985.257396
9.686   8.63148509e+33   1.19121387   3.67550651e+14   -0.612214501   1.57037814   0.214766993   0   517.282528   0   686.178064   0.0106576768   0.201603699   985.10549
9.691   8.57931689e+33   1.19230324   3.66801276e+14   -0.612308807   1.5707348   0.214340255   0   517.737284   0   686.557965   0.0106345957   0.201214325   984.953641
9.696   8.5272683e+33   1.19339148   3.66052103e+14   -0.612403115   1.5710904   0.213913564   0   518.192796   0   686.938233   0.0106115138   0.200824984   984.801848
9.701   8.47533956e+33   1.1944786   3.65302999e+14   -0.612497424   1.57144495   0.213486844   0   518.649148   0   687.318937   0.0105884267   0.200435608   984.65011
9.706   8.42353093e+33   1.19556458   3.64553834e+14   -0.612591736   1.57179843   0.213060023   0   519.106419   0   687.700143   0.01056533   0.200046131   984.498428
9.711   8.37184264e+33   1.19664941   3.63804481e+14   -0.612686049   1.57215085   0.212633027   0   519.564691   0   688.081919   0.0105422194   0.199656485   984.3468
9.716   8.32027493e+33   1.19773309   3.63054813e+14   -0.612780364   1.5725022   0.212205785   0   520.024043   0   688.464328   0.0105190906   0.199266606   984.195228
9.721   8.26882806e+33   1.1988156   3.62304707e+14   -0.61287468   1.57285246   0.211778227   0   520.484555   0   688.847437   0.0104959394   0.19887643   984.043709
9.726   8.21750228e+33   1.19989694   3.61554041e+14   -0.612968998   1.57320164   0.211350283   0   520.946306   0   689.231309   0.0104727618   0.198485894   983.892245
9.731   8.16629785e+33   1.20097709   3.60802696e+14   -0.613063316   1.57354973   0.210921885   0   521.409372   0   689.616007   0.0104495536   0.198094936   983.740834
9.736   8.11521498e+33   1.20205605   3.60050552e+14   -0.613157636   1.57389672   0.210492966   0   521.873833   0   690.001596   0.0104263109   0.197703496   983.589476
9.741   8.06425393e+33   1.20313382   3.59297495e+14   -0.613251956   1.5742426   0.21006346   0   522.339764   0   690.388135   0.0104030296   0.197311512   983.438172
9.746   8.01341495e+33   1.20421038   3.58543411e+14   -0.613346276   1.57458738   0.209633302   0   522.807242   0   690.775688   0.0103797059   0.196918927   983.28692
9.751   7.96269827e+33   1.20528572   3.57788187e+14   -0.613440597   1.57493103   0.209202427   0   523.276342   0   691.164315   0.0103563359   0.196525682   983.13572
9.756   7.91210417e+33   1.20635983   3.57031714e+14   -0.613534918   1.57527356   0.208770774   0   523.747139   0   691.554075   0.0103329158   0.196131719   982.984572
9.761   7.86163286e+33   1.20743271   3.56273883e+14   -0.61362924   1.57561497   0.208338281   0   524.219707   0   691.945027   0.0103094418   0.195736984   982.833475
9.766   7.81128458e+33   1.20850435   3.55514589e+14   -0.613723561   1.57595524   0.207904887   0   524.69412   0   692.337231   0.0102859104   0.19534142   982.68243
9.771   7.76105958e+33   1.20957473   3.54753727e+14   -0.613817881   1.57629436   0.207470532   0   525.170451   0   692.730743   0.0102623178   0.194944974   982.531434
9.776   7.71095811e+33   1.21064385   3.53991196e+14   -0.613912202   1.57663234   0.207035157   0   525.648772   0   693.125622   0.0102386604   0.194547592   982.380489
9.781   7.66098041e+33   1.21171171   3.53226894e+14   -0.614006521   1.57696916   0.206598707   0   526.129154   0   693.521922   0.0102149349   0.194149223   982.229594
9.786   7.61112672e+33   1.21277828   3.52460724e+14   -0.61410084   1.57730483   0.206161123   0   526.611669   0   693.919701   0.0101911375   0.193749815   982.078747
9.791   7.56139726e+33   1.21384357   3.51692589e+14   -0.614195158   1.57763932   0.205722352   0   527.096387   0   694.319012   0.0101672651   0.193349318   981.927949
9.796   7.51179229e+33   1.21490756   3.50922395e+14   -0.614289475   1.57797265   0.205282338   0   527.583377   0   694.71991   0.010143314   0.192947683   981.777199
9.801   7.46231204e+33   1.21597025   3.50150049e+14   -0.61438379   1.57830479   0.204841029   0   528.072709   0   695.122449   0.0101192812   0.192544861   981.626497
9.806   7.41295676e+33   1.21703162   3.49375461e+14   -0.614478104   1.57863575   0.204398372   0   528.56445   0   695.526681   0.0100951632   0.192140805   981.475841
9.811   7.36372667e+33   1.21809167   3.48598541e+14   -0.614572417   1.57896552   0.203954317   0   529.058669   0   695.932658   0.0100709568   0.191735468   981.325232
9.816   7.31462201e+33   1.21915038   3.47819202e+14   -0.614666727   1.57929409   0.203508812   0   529.555432   0   696.340432   0.0100466589   0.191328806   981.174668
9.821   7.26564301e+33   1.22020776   3.47037361e+14   -0.614761036   1.57962145   0.203061811   0   530.054805   0   696.750053   0.0100222664   0.190920773   981.024148
9.826   7.21678993e+33   1.22126379   3.46252932e+14   -0.614855342   1.57994761   0.202613264   0   530.556856   0   697.161571   0.00999777614   0.190511327   980.873673
9.831   7.16806298e+33   1.22231845   3.45465836e+14   -0.614949646   1.58027255   0.202163124   0   531.061647   0   697.575035   0.00997318513   0.190100424   980.723242
9.836   7.11946239e+33   1.22337175   3.44675993e+14   -0.615043947   1.58059626   0.201711347   0   531.569244   0   697.990494   0.00994849038   0.189688023   980.572853
9.841   7.07098839e+33   1.22442367   3.43883324e+14   -0.615138246   1.58091875   0.201257886   0   532.079711   0   698.407996   0.00992368896   0.189274084   980.422506
9.846   7.02264122e+33   1.22547421   3.43087754e+14   -0.615232542   1.58124   0.200802699   0   532.59311   0   698.827587   0.009898778   0.188858565   980.272199
9.851   6.97442111e+33   1.22652335   3.4228921e+14   -0.615326834   1.58156001   0.200345742   0   533.109504   0   699.249314   0.00987375465   0.18844143   980.121933
9.856   6.92632829e+33   1.22757109   3.41487619e+14   -0.615421124   1.58187877   0.199886975   0   533.628954   0   699.673222   0.00984861612   0.188022639   979.971706
9.861   6.87836298e+33   1.22861741   3.4068291e+14   -0.61551541   1.58219627   0.199426355   0   534.151522   0   700.099358   0.00982335968   0.187602156   979.821517
9.866   6.8305254e+33   1.22966231   3.39875015e+14   -0.615609693   1.58251252   0.198963843   0   534.677267   0   700.527764   0.00979798261   0.187179944   979.671366
9.871   6.78281578e+33   1.23070578   3.39063868e+14   -0.615703971   1.5828275   0.198499401   0   535.206251   0   700.958484   0.00977248228   0.186755969   979.52125
9.876   6.73523436e+33   1.23174781   3.38249403e+14   -0.615798246   1.5831412   0.198032991   0   535.738531   0   701.391561   0.00974685608   0.186330197   979.37117
9.881   6.68778134e+33   1.2327884   3.37431558e+14   -0.615892517   1.58345363   0.197564577   0   536.274166   0   701.827038   0.00972110144   0.185902593   979.221124
9.886   6.64045694e+33   1.23382752   3.36610269e+14   -0.615986783   1.58376477   0.197094122   0   536.813215   0   702.264955   0.00969521586   0.185473126   979.07111
9.891   6.59326139e+33   1.23486518   3.3578548e+14   -0.616081045   1.58407462   0.196621591   0   537.355733   0   702.705354   0.00966919686   0.185041764   978.921128
9.896   6.54619491e+33   1.23590136   3.3495713e+14   -0.616175302   1.58438317   0.196146952   0   537.901778   0   703.148274   0.00964304202   0.184608477   978.771177
9.901   6.49925771e+33   1.23693605   3.34125164e+14   -0.616269555   1.58469042   0.195670172   0   538.451405   0   703.593755   0.00961674896   0.184173234   978.621254
9.906   6.45245e+33   1.23796926   3.33289528e+14   -0.616363802   1.58499636   0.195191218   0   539.00467   0   704.041835   0.00959031535   0.183736008   978.47136
9.911   6.405772e+33   1.23900096   3.32450168e+14   -0.616458044   1.58530098   0.194710059   0   539.561627   0   704.492552   0.00956373889   0.183296769   978.321491
9.916   6.35922393e+33   1.24003114   3.31607034e+14   -0.616552281   1.58560428   0.194226667   0   540.122329   0   704.945944   0.00953701735   0.182855491   978.171648
9.921   6.31280599e+33   1.24105981   3.30760076e+14   -0.616646512   1.58590624   0.193741012   0   540.686831   0   705.402047   0.00951014852   0.182412149   978.021828
9.926   6.26651839e+33   1.24208694   3.29909247e+14   -0.616740738   1.58620688   0.193253067   0   541.255185   0   705.860897   0.00948313023   0.181966715   977.87203
9.931   6.22036133e+33   1.24311254   3.29054501e+14   -0.616834957   1.58650617   0.192762803   0   541.827442   0   706.322529   0.00945596039   0.181519167   977.722252
9.936   6.17433502e+33   1.24413659   3.28195793e+14   -0.61692917   1.58680412   0.192270196   0   542.403654   0   706.786978   0.00942863691   0.18106948   977.572492
9.941   6.12843966e+33   1.24515908   3.2733308e+14   -0.617023377   1.58710071   0.19177522   0   542.983873   0   707.254277   0.00940115776   0.180617632   977.42275
9.946   6.08267541e+33   1.24618   3.26466322e+14   -0.617117578   1.58739595   0.191277851   0   543.568147   0   707.72446   0.00937352095   0.1801636   977.273022
9.951   6.03704251e+33   1.24719935   3.25595478e+14   -0.617211772   1.58768982   0.190778065   0   544.156527   0   708.197559   0.00934572456   0.179707364   977.123308
9.956   5.9915412e+33   1.24821712   3.24720513e+14   -0.617305959   1.58798232   0.190275842   0   544.74906   0   708.673606   0.00931776671   0.179248904   976.973604
9.961   5.94617174e+33   1.24923329   3.23842287e+14   -0.617400139   1.58827344   0.189771672   0   545.345188   0   709.15214   0.00928967805   0.178788667   976.823923
9.966   5.90093432e+33   1.25024786   3.22967183e+14   -0.617494311   1.58856317   0.189269204   0   545.940617   0   709.629682   0.0092616893   0.178329968   976.674348
9.971   5.85582922e+33   1.25126081   3.22096151e+14   -0.617588476   1.58885151   0.188768983   0   546.53469   0   710.105704   0.0092338352   0.177873299   976.524893
9.976   5.81085678e+33   1.25227213   3.21228824e+14   -0.617682634   1.58913845   0.188270799   0   547.127646   0   710.580397   0.00920610282   0.177418472   976.375557
9.981   5.76601742e+33   1.25328181   3.2036484e+14   -0.617776784   1.58942398   0.187774447   0   547.719717   0   711.053952   0.00917847953   0.176965297   976.226337
9.986   5.72131147e+33   1.25428984   3.19503845e+14   -0.617870925   1.58970809   0.187279724   0   548.311136   0   711.526555   0.0091509529   0.17651359   976.07723
9.991   5.67673928e+33   1.2552962   3.1864549e+14   -0.617965059   1.58999077   0.186786432   0   548.902132   0   711.998392   0.00912351073   0.176063169   975.928236
9.996   5.63230121e+33   1.25630089   3.17789433e+14   -0.618059184   1.59027201   0.186294375   0   549.492935   0   712.469646   0.00909614107   0.175613857   975.779351
10.001   5.58799761e+33   1.25730388   3.16935337e+14   -0.618153301   1.59055181   0.185803361   0   550.08377   0   712.940498   0.00906883221   0.175165477   975.630574
10.006   5.54382884e+33   1.25830516   3.16082874e+14   -0.618247408   1.59083015   0.185313202   0   550.67486   0   713.411125   0.00904157264   0.174717858   975.481903
10.011   5.49979523e+33   1.25930473   3.15231719e+14   -0.618341507   1.59110703   0.184823712   0   551.266427   0   713.881703   0.00901435106   0.17427083   975.333337
10.016   5.45589714e+33   1.26030257   3.14381555e+14   -0.618435597   1.59138244   0.184334711   0   551.85869   0   714.352405   0.00898715641   0.173824227   975.184875
10.021   5.41213493e+33   1.26129866   3.13532072e+14   -0.618529677   1.59165636   0.18384602   0   552.451867   0   714.823403   0.00895997784   0.173377887   975.036514
10.026   5.36850894e+33   1.26229299   3.12682964e+14   -0.618623748   1.59192879   0.183357465   0   553.04617   0   715.294865   0.00893280469   0.17293165   974.888254
10.031   5.32501952e+33   1.26328556   3.11833933e+14   -0.618717809   1.59219973   0.182868874   0   553.641814   0   715.766955   0.0089056265   0.172485359   974.740093
10.036   5.28166703e+33   1.26427634   3.10984685e+14   -0.61881186   1.59246915   0.18238008   0   554.239008   0   716.239839   0.00887843303   0.172038861   974.59203
10.041   5.23845181e+33   1.26526533   3.10134936e+14   -0.6189059   1.59273706   0.181890918   0   554.837959   0   716.713676   0.00885121423   0.171592006   974.444063
10.046   5.19537421e+33   1.2662525   3.09284404e+14   -0.618999931   1.59300344   0.181401227   0   555.438873   0   717.188625   0.00882396021   0.171144646   974.296192
10.051   5.15243458e+33   1.26723786   3.08432815e+14   -0.619093951   1.59326829   0.18091085   0   556.041952   0   717.664842   0.0087966613   0.170696636   974.148414
10.056   5.10963326e+33   1.26822137   3.07579901e+14   -0.61918796   1.59353159   0.180419632   0   556.647397   0   718.14248   0.00876930801   0.170247836   974.000729
10.061   5.06697061e+33   1.26920304   3.067254e+14   -0.619281958   1.59379333   0.179927423   0   557.255405   0   718.62169   0.00874189104   0.169798108   973.853136
10.066   5.02444696e+33   1.27018285   3.05869056e+14   -0.619375945   1.59405352   0.179434076   0   557.866173   0   719.10262   0.00871440125   0.169347315   973.705633
10.071   4.98206266e+33   1.27116078   3.05010618e+14   -0.619469921   1.59431213   0.178939445   0   558.479893   0   719.585417   0.00868682967   0.168895327   973.558218
10.076   4.93981807e+33   1.27213682   3.04149842e+14   -0.619563885   1.59456916   0.178443391   0   559.096755   0   720.070223   0.00865916754   0.168442015   973.41089
10.081   4.89771352e+33   1.27311096   3.0328649e+14   -0.619657837   1.59482461   0.177945777   0   559.716949   0   720.557179   0.00863140625   0.167987251   973.263649
10.086   4.85574933e+33   1.27408318   3.02420329e+14   -0.619751777   1.59507845   0.177446467   0   560.34066   0   721.046424   0.00860353735   0.167530914   973.116491
10.091   4.81392587e+33   1.27505347   3.01551132e+14   -0.619845705   1.59533069   0.176945331   0   560.968071   0   721.538093   0.00857555256   0.167072882   972.969416
10.096   4.77224348e+33   1.27602183   3.0067868e+14   -0.619939621   1.5955813   0.176442243   0   561.599363   0   722.032319   0.00854744379   0.16661304   972.822421
10.101   4.73070247e+33   1.27698822   2.99802756e+14   -0.620033524   1.5958303   0.175937076   0   562.234714   0   722.529232   0.00851920307   0.166151272   972.675506
10.106   4.68930319e+33   1.27795265   2.98923152e+14   -0.620127414   1.59607766   0.175429711   0   562.8743   0   723.028962   0.00849082261   0.165687467   972.528668
10.111   4.64804598e+33   1.27891509   2.98039663e+14   -0.620221291   1.59632337   0.17492003   0   563.518295   0   723.531634   0.0084622948   0.165221518   972.381905
10.116   4.60693117e+33   1.27987554   2.97152093e+14   -0.620315155   1.59656743   0.174407918   0   564.16687   0   724.03737   0.00843361214   0.164753319   972.235215
10.121   4.56595909e+33   1.28083397   2.96260249e+14   -0.620409006   1.59680983   0.173893264   0   564.820193   0   724.546291   0.00840476732   0.164282767   972.088597
10.126   4.52513005e+33   1.28179039   2.95363944e+14   -0.620502842   1.59705056   0.17337596   0   565.478431   0   725.058516   0.00837575316   0.163809763   971.942046
10.131   4.4844444e+33   1.28274477   2.94462997e+14   -0.620596665   1.59728961   0.172855901   0   566.141747   0   725.574159   0.00834656265   0.16333421   971.795563
10.136   4.44390245e+33   1.28369709   2.93557233e+14   -0.620690474   1.59752697   0.172332985   0   566.810302   0   726.093335   0.0083171889   0.162856014   971.649143
10.141   4.40350452e+33   1.28464736   2.92646482e+14   -0.620784268   1.59776263   0.171807113   0   567.484256   0   726.616153   0.00828762519   0.162375085   971.502783
10.146   4.36325094e+33   1.28559554   2.91730581e+14   -0.620878048   1.59799659   0.171278191   0   568.163764   0   727.142721   0.00825786495   0.161891333   971.356483
10.151   4.32314202e+33   1.28654164   2.90809368e+14   -0.620971814   1.59822883   0.170746125   0   568.84898   0   727.673145   0.00822790172   0.161404674   971.210237
10.156   4.28317806e+33   1.28748563   2.89882692e+14   -0.621065564   1.59845934   0.170210827   0   569.540057   0   728.207528   0.00819772921   0.160915025   971.064043
10.161   4.24335938e+33   1.28842751   2.88950404e+14   -0.621159299   1.59868812   0.16967221   0   570.237144   0   728.745972   0.00816734127   0.160422306   970.917898
10.166   4.2036863e+33   1.28936726   2.88012361e+14   -0.621253018   1.59891516   0.169130192   0   570.940387   0   729.288573   0.00813673188   0.15992644   970.771798
10.171   4.1641591e+33   1.29030486   2.87068426e+14   -0.621346722   1.59914045   0.168584691   0   571.649931   0   729.835428   0.00810589516   0.159427352   970.62574
10.176   4.12477809e+33   1.2912403   2.86118465e+14   -0.62144041   1.59936399   0.168035631   0   572.365918   0   730.38663   0.00807482535   0.158924971   970.479719
10.181   4.08554357e+33   1.29217358   2.85162354e+14   -0.621534083   1.59958575   0.167482938   0   573.088488   0   730.94227   0.00804351688   0.158419229   970.333732
10.186   4.04645583e+33   1.29310467   2.84199968e+14   -0.621627738   1.59980573   0.166926541   0   573.817778   0   731.502436   0.00801196424   0.157910058   970.187774
10.191   4.00751515e+33   1.29403356   2.83231192e+14   -0.621721378   1.60002394   0.166366371   0   574.553924   0   732.067215   0.00798016212   0.157397395   970.041841
10.196   3.96872182e+33   1.29496025   2.82255913e+14   -0.621815   1.60024034   0.165802363   0   575.297058   0   732.63669   0.0079481053   0.156881179   969.895928
10.201   3.93007613e+33   1.29588471   2.81274026e+14   -0.621908606   1.60045495   0.165234455   0   576.047311   0   733.210941   0.00791578871   0.156361351   969.75003
10.206   3.89157834e+33   1.29680694   2.80285427e+14   -0.622002194   1.60066775   0.164662587   0   576.804811   0   733.790049   0.00788320741   0.155837856   969.604142
10.211   3.85322874e+33   1.29772692   2.79290021e+14   -0.622095765   1.60087872   0.164086702   0   577.569685   0   734.37409   0.00785035659   0.155310641   969.458257
10.216   3.81502758e+33   1.29864463   2.78287716e+14   -0.622189318   1.60108787   0.163506747   0   578.342055   0   734.963137   0.00781723158   0.154779654   969.312371
10.221   3.77697512e+33   1.29956008   2.77278425e+14   -0.622282854   1.60129519   0.162922671   0   579.122044   0   735.557262   0.00778382782   0.154244847   969.166478
10.226   3.73907163e+33   1.30047323   2.76262064e+14   -0.622376371   1.60150066   0.162334426   0   579.909771   0   736.156535   0.0077501409   0.153706175   969.02057
10.231   3.70131733e+33   1.30138409   2.75238557e+14   -0.62246987   1.60170428   0.161741965   0   580.705354   0   736.761024   0.00771616651   0.153163595   968.874642
10.236   3.66371248e+33   1.30229263   2.74207831e+14   -0.622563351   1.60190604   0.161145245   0   581.508907   0   737.370792   0.00768190049   0.152617064   968.728685
10.241   3.62625736e+33   1.30319885   2.73169818e+14   -0.622656812   1.60210594   0.160544229   0   582.320542   0   737.985902   0.00764733886   0.152066546   968.582694
10.246   3.58895218e+33   1.30410273   2.7212452e+14   -0.622750255   1.60230396   0.159938915   0   583.140319   0   738.606376   0.00761248037   0.15151204   968.436661
10.251   3.55179722e+33   1.30500427   2.71079494e+14   -0.622843679   1.60250009   0.159333656   0   583.962345   0   739.227816   0.00757762789   0.150957569   968.290725
10.256   3.51479301e+33   1.30590343   2.70039499e+14   -0.622937083   1.60269433   0.158731196   0   584.782869   0   739.847432   0.00754297291   0.150405669   968.144981
10.261   3.47794012e+33   1.3068002   2.69003944e+14   -0.623030467   1.60288666   0.158131195   0   585.602339   0   740.465552   0.00750849186   0.149856021   967.999422
10.266   3.44123906e+33   1.30769455   2.6797225e+14   -0.623123831   1.60307707   0.15753332   0   586.421198   0   741.082502   0.00747416184   0.149308315   967.854044
10.271   3.4046904e+33   1.30858648   2.66943855e+14   -0.623217175   1.60326553   0.156937247   0   587.239881   0   741.6986   0.00743996064   0.148762249   967.70884
10.276   3.36829471e+33   1.30947596   2.65918211e+14   -0.623310499   1.60345205   0.156342662   0   588.058817   0   742.314159   0.0074058667   0.148217528   967.563806
10.281   3.33205254e+33   1.31036296   2.64894783e+14   -0.623403802   1.6036366   0.155749256   0   588.878429   0   742.929485   0.00737185907   0.147673866   967.418937
10.286   3.29596446e+33   1.31124746   2.63873054e+14   -0.623497085   1.60381917   0.15515673   0   589.699133   0   743.544877   0.00733791743   0.147130981   967.27423
10.291   3.26003105e+33   1.31212945   2.62852517e+14   -0.623590346   1.60399975   0.154564794   0   590.521337   0   744.160629   0.007304022   0.146588604   967.129681
10.296   3.22425284e+33   1.3130089   2.61832683e+14   -0.623683585   1.60417832   0.153973164   0   591.345443   0   744.777028   0.00727015357   0.146046468   966.985285
10.301   3.18863044e+33   1.3138858   2.60813076e+14   -0.623776804   1.60435487   0.153381566   0   592.171848   0   745.394354   0.0072362935   0.145504318   966.841039
10.306   3.15316439e+33   1.31476011   2.59793234e+14   -0.62387   1.60452938   0.152789732   0   593.00094   0   746.012881   0.00720242367   0.144961902   966.69694
10.311   3.11785527e+33   1.31563182   2.58772708e+14   -0.623963174   1.60470184   0.152197405   0   593.8331   0   746.632877   0.00716852644   0.14441898   966.552984
10.316   3.08270366e+33   1.31650091   2.57751067e+14   -0.624056326   1.60487224   0.151604333   0   594.668703   0   747.2546   0.00713458473   0.143875316   966.409167
10.321   3.04771011e+33   1.31736735   2.56727889e+14   -0.624149455   1.60504056   0.151010273   0   595.508116   0   747.878306   0.00710058188   0.143330681   966.265487
10.326   3.01287521e+33   1.31823113   2.5570277e+14   -0.624242561   1.60520678   0.150414992   0   596.351699   0   748.504242   0.00706650176   0.142784857   966.121939
10.331   2.97819954e+33   1.31909222   2.54675317e+14   -0.624335645   1.6053709   0.14981826   0   597.199807   0   749.132646   0.00703232868   0.142237627   965.97852
10.336   2.94368366e+33   1.31995059   2.53645152e+14   -0.624428704   1.60553289   0.149219861   0   598.052785   0   749.763754   0.00699804739   0.141688788   965.835226
10.341   2.90932815e+33   1.32080623   2.5261191e+14   -0.624521741   1.60569275   0.148619582   0   598.910972   0   750.39779   0.0069636431   0.141138138   965.692053
10.346   2.87513357e+33   1.32165912   2.51575241e+14   -0.624614753   1.60585045   0.148017219   0   599.7747   0   751.034974   0.00692910143   0.140585485   965.548998
10.351   2.84110051e+33   1.32250922   2.50534807e+14   -0.624707741   1.60600599   0.147412578   0   600.644294   0   751.67552   0.00689440845   0.140030645   965.406056
10.356   2.80722954e+33   1.32335653   2.49490284e+14   -0.624800705   1.60615935   0.146805469   0   601.52007   0   752.319632   0.00685955064   0.139473438   965.263222
10.361   2.77352122e+33   1.32420101   2.4844136e+14   -0.624893645   1.60631051   0.146195712   0   602.402341   0   752.96751   0.00682451485   0.138913692   965.120493
10.366   2.73997614e+33   1.32504264   2.47387739e+14   -0.624986559   1.60645946   0.145583135   0   603.291408   0   753.619345   0.00678928839   0.138351242   964.977864
10.371   2.70659484e+33   1.32588141   2.46329136e+14   -0.625079448   1.60660619   0.144967572   0   604.187568   0   754.275322   0.00675385891   0.137785931   964.835328
10.376   2.6733779e+33   1.32671728   2.45265279e+14   -0.625172312   1.60675068   0.144348865   0   605.091108   0   754.935619   0.00671821446   0.137217606   964.692881
10.381   2.64032589e+33   1.32755024   2.44195908e+14   -0.62526515   1.60689291   0.143726863   0   606.002311   0   755.600407   0.0066823435   0.136646122   964.550516
10.386   2.60743935e+33   1.32838026   2.43120779e+14   -0.625357962   1.60703288   0.143101424   0   606.921452   0   756.26985   0.00664623482   0.136071342   964.408229
10.391   2.57471885e+33   1.32920733   2.42039657e+14   -0.625450748   1.60717056   0.142472411   0   607.848795   0   756.944104   0.00660987763   0.135493132   964.266011
10.396   2.54216495e+33   1.33003141   2.40952322e+14   -0.625543507   1.60730595   0.141839696   0   608.784603   0   757.62332   0.00657326147   0.134911367   964.123856
10.401   2.50977819e+33   1.33085249   2.39858565e+14   -0.62563624   1.60743902   0.141203157   0   609.729126   0   758.307641   0.00653637625   0.134325928   963.981756
10.406   2.47755911e+33   1.33167053   2.3875819e+14   -0.625728946   1.60756977   0.140562681   0   610.682612   0   758.997204   0.00649921225   0.133736703   963.839703
10.411   2.44550825e+33   1.33248553   2.37651012e+14   -0.625821624   1.60769817   0.139918159   0   611.645298   0   759.692138   0.00646176011   0.133143584   963.69769
10.416   2.41362616e+33   1.33329746   2.36536859e+14   -0.625914274   1.60782422   0.139269492   0   612.617415   0   760.392565   0.00642401082   0.132546471   963.555706
10.421   2.38191334e+33   1.33410629   2.35415572e+14   -0.626006897   1.6079479   0.138616586   0   613.599188   0   761.098602   0.0063859557   0.13194527   963.413743
10.426   2.35037034e+33   1.334912   2.34287001e+14   -0.626099492   1.6080692   0.137959355   0   614.590833   0   761.810356   0.00634758646   0.131339892   963.271789
10.431   2.31899765e+33   1.33571457   2.33151009e+14   -0.626192058   1.6081881   0.137297718   0   615.592561   0   762.527932   0.00630889514   0.130730256   963.129835
10.436   2.2877958e+33   1.33651398   2.32007471e+14   -0.626284595   1.60830459   0.136631604   0   616.604574   0   763.251423   0.00626987413   0.130116285   962.987868
10.441   2.25676526e+33   1.3373102   2.30856273e+14   -0.626377104   1.60841865   0.135960943   0   617.627069   0   763.98092   0.00623051617   0.129497908   962.845876
10.446   2.22590655e+33   1.33810322   2.2969731e+14   -0.626469583   1.60853027   0.135285678   0   618.660233   0   764.716504   0.00619081436   0.128875061   962.703847
10.451   2.19522012e+33   1.338893   2.28530492e+14   -0.626562033   1.60863945   0.134605754   0   619.70425   0   765.458251   0.00615076212   0.128247685   962.561767
10.456   2.16470645e+33   1.33967954   2.27355735e+14   -0.626654453   1.60874615   0.133921124   0   620.759293   0   766.206231   0.00611035325   0.127615727   962.41962
10.461   2.134366e+33   1.34046281   2.2617297e+14   -0.626746842   1.60885038   0.133231747   0   621.825532   0   766.960506   0.0060695819   0.126979138   962.277392
10.466   2.10419922e+33   1.34124278   2.24982136e+14   -0.626839202   1.60895211   0.132537587   0   622.903126   0   767.721132   0.00602844254   0.126337876   962.135067
10.471   2.07420653e+33   1.34201944   2.23783182e+14   -0.62693153   1.60905134   0.131838616   0   623.992232   0   768.488161   0.00598693004   0.125691905   961.992626
10.476   2.04438835e+33   1.34279276   2.22576069e+14   -0.627023828   1.60914806   0.131134811   0   625.092995   0   769.261635   0.00594503958   0.125041193   961.850053
10.481   2.01474503e+33   1.34356273   2.21360762e+14   -0.627116094   1.60924224   0.130426151   0   626.205561   0   770.041595   0.00590276662   0.124385711   961.707327
10.486   1.98527709e+33   1.34432932   2.20138212e+14   -0.627208329   1.60933389   0.129713193   0   627.329136   0   770.827498   0.00586015728   0.123725996   961.564438
10.491   1.95598528e+33   1.34509251   2.18916816e+14   -0.627300532   1.60942297   0.12900082   0   628.455807   0   771.614382   0.0058176417   0.123066837   961.421469
10.496   1.92687046e+33   1.34585225   2.17697434e+14   -0.627392702   1.60950947   0.12828953   0   629.584794   0   772.401698   0.00577525852   0.122408698   961.278465
10.501   1.89793376e+33   1.34660851   2.16478768e+14   -0.627484841   1.60959336   0.127578563   0   630.717387   0   773.190177   0.00573293456   0.1217508   961.135455
10.506   1.86917616e+33   1.34736126   2.1525957e+14   -0.627576946   1.60967461   0.126867187   0   631.854849   0   773.980526   0.00569059919   0.121092393   960.992467
10.511   1.84059861e+33   1.34811046   2.1403864e+14   -0.627669019   1.60975322   0.126154699   0   632.998414   0   774.773425   0.00564818413   0.120432754   960.84953
10.516   1.81220196e+33   1.34885607   2.12814828e+14   -0.627761058   1.60982914   0.125440422   0   634.149288   0   775.569532   0.00560562316   0.119771189   960.706673
10.521   1.78398702e+33   1.34959806   2.11587034e+14   -0.627853063   1.60990237   0.124723712   0   635.308649   0   776.369474   0.00556285187   0.119107026   960.563926
10.526   1.75595449e+33   1.35033641   2.10354204e+14   -0.627945034   1.60997289   0.124003948   0   636.477647   0   777.173855   0.00551980744   0.11843962   960.421319
10.531   1.72810503e+33   1.35107108   2.09115334e+14   -0.628036972   1.61004067   0.123280538   0   637.657409   0   777.983249   0.00547642841   0.11776835   960.278886
10.536   1.70043917e+33   1.35180205   2.07869463e+14   -0.628128874   1.6101057   0.122552916   0   638.849034   0   778.798203   0.00543265446   0.117092614   960.136658
10.541   1.67295739e+33   1.3525293   2.06615677e+14   -0.628220742   1.61016798   0.121820543   0   640.0536   0   779.619236   0.00538842628   0.116411837   959.994673
10.546   1.64566001e+33   1.3532528   2.05353105e+14   -0.628312574   1.61022748   0.121082903   0   641.272162   0   780.446839   0.00534368534   0.115725459   959.852967
10.551   1.61854731e+33   1.35397255   2.04080919e+14   -0.628404371   1.61028419   0.120339506   0   642.505754   0   781.281476   0.0052983738   0.115032945   959.711582
10.556   1.59161942e+33   1.35468851   2.0280069e+14   -0.628496132   1.61033812   0.11959126   0   643.7531   0   782.122019   0.0052525213   0.11433505   959.570575
10.561   1.56487668e+33   1.35540067   2.01522847e+14   -0.628587856   1.61038924   0.118844253   0   645.004186   0   782.961561   0.00520651197   0.113637396   959.430036
10.566   1.53831951e+33   1.35610902   2.0024674e+14   -0.628679544   1.61043755   0.118098109   0   646.259549   0   783.800668   0.00516036027   0.112939736   959.289929
10.571   1.51194846e+33   1.35681351   1.98970139e+14   -0.628771196   1.61048303   0.117351532   0   647.521289   0   784.640965   0.00511402226   0.112240966   959.150205
10.576   1.48576409e+33   1.35751413   1.97690913e+14   -0.62886281   1.61052566   0.116603283   0   648.791448   0   785.484016   0.00506745584   0.111540031   959.010817
10.581   1.45976701e+33   1.35821085   1.96407035e+14   -0.628954387   1.61056543   0.115852183   0   650.072004   0   786.331319   0.0050206215   0.110835924   958.871715
10.586   1.4339579e+33   1.35890364   1.9511658e+14   -0.629045926   1.61060232   0.11509711   0   651.36487   0   787.184319   0.00497348277   0.110127692   958.732851
10.591   1.40833746e+33   1.35959246   1.93817722e+14   -0.629137427   1.6106363   0.114337001   0   652.671892   0   788.0444   0.00492600671   0.109414432   958.594173
10.596   1.38290647e+33   1.36027728   1.92508733e+14   -0.629228889   1.61066737   0.113570851   0   653.994844   0   788.912895   0.00487816445   0.108695297   958.455628
10.601   1.35766577e+33   1.36095808   1.91187986e+14   -0.629320313   1.61069549   0.112797712   0   655.33543   0   789.791085   0.00482993147   0.107969493   958.317157
10.606   1.33261625e+33   1.3616348   1.89853949e+14   -0.629411698   1.61072064   0.112016692   0   656.695282   0   790.6802   0.00478128805   0.107236283   958.178697
10.611   1.30775888e+33   1.36230741   1.8850519e+14   -0.629503043   1.61074281   0.111226959   0   658.075954   0   791.581422   0.00473221958   0.106494985   958.04018
10.616   1.28309471e+33   1.36297588   1.87140372e+14   -0.629594348   1.61076196   0.110427733   0   659.478925   0   792.495884   0.00468271685   0.105744976   957.901531
10.621   1.25862485e+33   1.36364015   1.85760554e+14   -0.629685613   1.61077807   0.109619638   0   660.903291   0   793.423036   0.00463284581   0.104986888   957.762703
10.626   1.23435055e+33   1.36430018   1.84379525e+14   -0.629776838   1.61079111   0.108810724   0   662.335382   0   794.353148   0.00458303876   0.104227936   957.623897
10.631   1.21027309e+33   1.36495593   1.82997444e+14   -0.629868022   1.61080104   0.108001079   0   663.775171   0   795.286036   0.00453328243   0.103468141   957.485164
10.636   1.18639379e+33   1.36560733   1.81611609e+14   -0.629959165   1.61080784   0.107189119   0   665.225536   0   796.223565   0.00448347616   0.102706032   957.346515
10.641   1.16271391e+33   1.36625435   1.80219472e+14   -0.630050267   1.61081147   0.106373351   0   666.689248   0   797.16751   0.00443352556   0.101940216   957.207959
10.646   1.13923474e+33   1.36689694   1.78818634e+14   -0.630141326   1.61081191   0.105552366   0   668.168972   0   798.119561   0.00438334232   0.101169385   957.069507
10.651   1.11595752e+33   1.36753504   1.77406844e+14   -0.630232344   1.61080912   0.104724844   0   669.667266   0   799.081323   0.00433284409   0.100392307   956.931169
10.656   1.09288348e+33   1.36816861   1.75982e+14   -0.630323318   1.61080308   0.103889546   0   671.186576   0   800.054318   0.00428195432   0.0996078313   956.792956
10.661   1.07001382e+33   1.3687976   1.74542139e+14   -0.63041425   1.61079375   0.103045321   0   672.729244   0   801.039981   0.00423060211   0.0988148848   956.65488
10.666   1.04734972e+33   1.36942196   1.73085444e+14   -0.630505139   1.6107811   0.102191098   0   674.297505   0   802.03967   0.0041787221   0.0980124714   956.516954
10.671   1.02489231e+33   1.37004166   1.71610235e+14   -0.630595984   1.61076512   0.101325887   0   675.893486   0   803.054658   0.00412625432   0.0971996708   956.379191
10.676   1.00264269e+33   1.37065663   1.70114968e+14   -0.630686785   1.61074576   0.100448776   0   677.519209   0   804.08614   0.00407314405   0.0963756371   956.241606
10.681   9.80601904e+32   1.37126685   1.68601131e+14   -0.630777541   1.61072301   0.0995606251   0   679.173447   0   805.133222   0.00401944748   0.0955411776   956.104301
10.686   9.58771357e+32   1.37187225   1.67084411e+14   -0.630868253   1.61069682   0.0986705865   0   680.839444   0   806.185102   0.00396574303   0.0947048435   955.967749
10.691   9.371527e+32   1.37247277   1.6556455e+14   -0.630958919   1.61066717   0.0977785188   0   682.517598   0   807.241949   0.00391203323   0.0938664856   955.831884
10.696   9.15747642e+32   1.37306835   1.6403838e+14   -0.63104954   1.610634   0.0968825816   0   684.211527   0   808.305965   0.00385821541   0.0930243662   955.696537
10.701   8.94557876e+32   1.37365893   1.62502961e+14   -0.631140115   1.61059729   0.0959810663   0   685.924669   0   809.37922   0.00380419595   0.0921768704   955.561531
10.706   8.73585087e+32   1.37424444   1.60955572e+14   -0.631230644   1.61055698   0.095072396   0   687.660282   0   810.463643   0.00374989031   0.0913225057   955.426676
10.711   8.52830946e+32   1.37482483   1.59393718e+14   -0.631321126   1.61051305   0.0941551231   0   689.421441   0   811.56103   0.00369522292   0.0904599002   955.291766
10.716   8.32297101e+32   1.37540001   1.57815118e+14   -0.631411561   1.61046545   0.0932279278   0   691.21104   0   812.67304   0.00364012713   0.0895878007   955.156572
10.721   8.11985172e+32   1.37596995   1.56217705e+14   -0.631501948   1.61041414   0.0922896165   0   693.03179   0   813.801195   0.00358454513   0.0887050713   955.020837
10.726   7.91896743e+32   1.37653457   1.54599618e+14   -0.631592287   1.61035908   0.0913391191   0   694.88622   0   814.946886   0.00352842785   0.0878106912   954.884274
10.731   7.7203335e+32   1.3770938   1.52959202e+14   -0.631682578   1.61030025   0.0903754869   0   696.776681   0   816.111371   0.00347173475   0.0869037522   954.746557
10.736   7.52396531e+32   1.37764761   1.51299379e+14   -0.63177282   1.61023759   0.0894004685   0   698.700258   0   817.292622   0.00341459886   0.0859858697   954.607261
10.741   7.32988258e+32   1.37819589   1.49633492e+14   -0.631863013   1.61017107   0.0884219035   0   700.641875   0   818.481158   0.00335752404   0.0850643794   954.466316
10.746   7.13810757e+32   1.37873859   1.47956783e+14   -0.631953157   1.61010063   0.0874369136   0   702.607456   0   819.680599   0.00330030541   0.0841366082   954.324557
10.751   6.9486612e+32   1.37927561   1.46263157e+14   -0.63204325   1.61002622   0.0864418254   0   704.604657   0   820.895592   0.00324268851   0.0831991369   954.182941
10.756   6.76156245e+32   1.37980689   1.44547043e+14   -0.632133292   1.6099478   0.0854332648   0   706.640703   0   822.130462   0.00318443879   0.0822488261   954.042532
10.761   6.57682845e+32   1.38033236   1.42807121e+14   -0.632223284   1.60986532   0.0844103409   0   708.717949   0   823.386519   0.00312547666   0.0812848643   953.904611
10.766   6.39447904e+32   1.38085194   1.41055137e+14   -0.632313224   1.60977875   0.083379927   0   710.822992   0   824.655384   0.00306624215   0.0803136849   953.769615
10.771   6.21453681e+32   1.38136555   1.3928785e+14   -0.632403113   1.60968802   0.0823402539   0   712.959932   0   825.939261   0.00300668372   0.0793335701   953.63605
10.776   6.03702424e+32   1.3818731   1.37500481e+14   -0.632492949   1.60959309   0.0812886628   0   715.134809   0   827.241486   0.00294669804   0.0783419648   953.502145
10.7785   5.94918576e+32   1.38212458   1.36597913e+14   -0.632537843   1.60954403   0.0807576533   0   716.238224   0   827.900424   0.0029165186   0.0778411347   953.43445
10.7835   5.77534135e+32   1.38262294   1.34826116e+14   -0.6326276   1.60944273   0.0797163946   0   718.41214   0   829.195178   0.00285757682   0.0768588178   953.28412
10.7885   5.60370646e+32   1.38311583   1.33511291e+14   -0.632717303   1.60933765   0.0789519785   0   720.016728   0   830.147955   0.00281448751   0.076137491   953.036246
10.791   5.51861292e+32   1.38336052   1.3269817e+14   -0.63276213   1.60928391   0.0784793062   0   721.012613   0   830.738056   0.0027879236   0.0756913826   952.896538
10.7935   5.43399993e+32   1.38360405   1.31530288e+14   -0.632806944   1.60922938   0.0777929308   0   722.463835   0   831.596225   0.00274947608   0.0750434548   952.81465
10.79475   5.39200467e+32   1.38372499   1.30759399e+14   -0.632829345   1.60920154   0.0773309641   0   723.444004   0   832.17465   0.00272369421   0.0746072699   952.880733
10.7950625   5.38155229e+32   1.3837551   1.30543926e+14   -0.632834944   1.60919449   0.0772001187   0   723.722126   0   832.3386   0.00271640711   0.0744837116   952.921622
10.7952188   5.37633741e+32   1.38377013   1.30432662e+14   -0.632837744   1.60919095   0.0771322197   0   723.866539   0   832.423698   0.00271262841   0.0744195913   952.947062
