r (km)   P (dyn/cm^2)   M/M_solar   rho (g/cm^3)   g_{tt}   g_{rr}   n_b (fm^{-3})   A_eq   A   Z_eq   Z   n_e (fm^{-3})   n_n(n_nf) (fm^{-3})   mu_n(mu_nf) (MeV)
10.7952969   5.37373798e+32   1.38377761   1.28447706e+14   -0.632839144   1.60918916   0.0759576551   1424.75114   615.749738   53.1571002   53.1571002   0.00283396067   0.0627548135   953.02154
10.8002969   5.21106183e+32   1.38424667   1.26128086e+14   -0.632928719   1.60906747   0.0745950809   1304.43165   532.703155   48.6725103   48.6725103   0.00278338067   0.0617519107   952.849913
10.8027969   5.13090864e+32   1.38447809   1.24960679e+14   -0.632973482   1.60900448   0.0739060547   1263.83149   503.307978   47.124249   47.124249   0.00275572128   0.0612393541   952.804832
10.8052969   5.0515324e+32   1.38470746   1.23798115e+14   -0.63301823   1.60894007   0.0732200359   1228.91838   477.920338   45.8053659   45.8053659   0.00272912391   0.0607251947   952.75754
10.8077969   4.97292783e+32   1.38493481   1.22645391e+14   -0.633062964   1.60887426   0.0725410075   1197.85322   455.524048   44.6574044   44.6574044   0.00270441573   0.0602118381   952.694306
10.8102969   4.89508892e+32   1.38516013   1.2149948e+14   -0.633107685   1.60880707   0.0718664078   1174.44043   437.483098   43.7583482   43.7583482   0.00267766268   0.059697493   952.625009
10.8127969   4.81801158e+32   1.38538345   1.20358191e+14   -0.63315239   1.60873849   0.0711947272   1156.16785   422.397901   43.0287147   43.0287147   0.00264963052   0.059182115   952.552428
10.8152969   4.7416929e+32   1.38560477   1.19219492e+14   -0.633197082   1.60866853   0.07052456   1140.27463   408.911326   42.3914332   42.3914332   0.00262185713   0.0586656925   952.479298
10.8177969   4.66613112e+32   1.38582409   1.18082082e+14   -0.633241759   1.6085972   0.069854969   1124.45154   395.984798   41.7875523   41.7875523   0.00259599287   0.0581485263   952.407936
10.8202969   4.59132408e+32   1.3860414   1.1694861e+14   -0.633286421   1.60852449   0.0691876428   1111.41787   384.724142   41.2799813   41.2799813   0.00256974867   0.0576320622   952.336635
10.8227969   4.51726928e+32   1.38625673   1.15818373e+14   -0.633331069   1.60845042   0.0685221998   1101.11255   374.994286   40.8608071   40.8608071   0.00254276676   0.0571149864   952.264936
10.8252969   4.44396463e+32   1.38647006   1.14689876e+14   -0.633375702   1.60837498   0.0678577491   1092.47212   366.275314   40.5002055   40.5002055   0.00251562739   0.0565955204   952.192983
10.8277969   4.37140868e+32   1.3866814   1.13561737e+14   -0.633420321   1.60829818   0.0671934655   1084.35635   358.057989   40.1689577   40.1689577   0.00248911852   0.0560719305   952.120922
10.8302969   4.29960037e+32   1.38689075   1.12434662e+14   -0.633464924   1.60822002   0.0665298225   1076.86066   350.378156   39.8691184   39.8691184   0.00246316489   0.055543066   952.047931
10.8327969   4.22853836e+32   1.38709811   1.11309965e+14   -0.633509513   1.6081405   0.0658676011   1070.83723   343.551953   39.6187662   39.6187662   0.00243696523   0.0550102444   951.973878
10.8352969   4.15822119e+32   1.38730349   1.10186739e+14   -0.633554087   1.60805962   0.0652061578   1065.85506   337.354483   39.4048921   39.4048921   0.00241068576   0.0544754587   951.900335
10.8377969   4.08864747e+32   1.38750687   1.09064147e+14   -0.633598646   1.60797739   0.0645448892   1061.45187   331.563769   39.2146492   39.2146492   0.00238456898   0.0539407083   951.828928
10.8402969   4.0198159e+32   1.38770826   1.07941848e+14   -0.633643189   1.6078938   0.0638834807   1057.26296   326.014042   39.0380815   39.0380815   0.00235881575   0.0534079493   951.761436
10.8427969   3.95172512e+32   1.38790767   1.06822146e+14   -0.633687718   1.60780886   0.0632232229   1053.82683   320.924827   38.8859444   38.8859444   0.00233292099   0.0528775929   951.698981
10.8452969   3.88437362e+32   1.38810509   1.0570468e+14   -0.633732231   1.60772257   0.0625640126   1051.14492   316.279944   38.7584965   38.7584965   0.0023069008   0.0523485209   951.640058
10.8477969   3.81776002e+32   1.38830052   1.04588522e+14   -0.633776729   1.60763493   0.0619054306   1049.04301   311.993698   38.6525502   38.6525502   0.00228093867   0.0518195965   951.58282
10.8502969   3.7518831e+32   1.38849396   1.03472825e+14   -0.633821211   1.60754594   0.0612471031   1047.33818   307.982405   38.5650151   38.5650151   0.00225523667   0.0512897235   951.525362
10.8527969   3.68674176e+32   1.38868542   1.02356815e+14   -0.633865678   1.60745561   0.060588701   1045.83798   304.163669   38.4928688   38.4928688   0.00223001359   0.0507578407   951.465696
10.8552969   3.62233506e+32   1.3888749   1.0124019e+14   -0.633910129   1.60736393   0.0599301585   1044.40328   300.481661   38.4330951   38.4330951   0.00220537556   0.0502231403   951.401955
10.8577969   3.55866219e+32   1.38906238   1.00125383e+14   -0.633954565   1.60727091   0.0592728643   1043.36244   297.066984   38.383448   38.383448   0.00218054324   0.0496868153   951.334737
10.8602969   3.49572222e+32   1.38924787   9.90124745e+13   -0.633998985   1.60717654   0.058616783   1042.7286   293.911795   38.3436378   38.3436378   0.00215548006   0.0491495142   951.265283
10.8627969   3.43351406e+32   1.38943138   9.79009561e+13   -0.634043389   1.60708084   0.0579615431   1042.41368   290.968594   38.313603   38.313603   0.00213035919   0.0486116052   951.194686
10.8652969   3.37203642e+32   1.3896129   9.67903698e+13   -0.634087777   1.60698379   0.0573068044   1042.32582   288.190728   38.2933008   38.2933008   0.00210535578   0.0480734749   951.124078
10.8677969   3.31128782e+32   1.38979242   9.56803079e+13   -0.63413215   1.6068854   0.0566522561   1042.36934   285.532155   38.2827047   38.2827047   0.00208064599   0.0475355297   951.054635
10.8702969   3.25126658e+32   1.38996997   9.45707012e+13   -0.634176506   1.60678567   0.055997794   1042.47467   282.95961   38.2815967   38.2815967   0.0020563425   0.0469982961   950.987478
10.8727969   3.19197111e+32   1.39014552   9.34637232e+13   -0.634220846   1.60668462   0.0553447245   1042.82188   280.544434   38.2879353   38.2879353   0.00203202031   0.0464627123   950.922266
10.8752969   3.13340001e+32   1.39031909   9.23593954e+13   -0.634265171   1.60658222   0.0546931072   1043.40826   278.285049   38.3007276   38.3007276   0.00200763774   0.0459283412   950.858258
10.8777969   3.07555175e+32   1.39049068   9.1257161e+13   -0.634309479   1.6064785   0.0540426524   1044.16786   276.155433   38.3194023   38.3194023   0.0019832847   0.0453945013   950.79482
10.8802969   3.01842459e+32   1.39066028   9.01565228e+13   -0.63435377   1.60637345   0.0533931047   1045.03292   274.130193   38.3434049   38.3434049   0.00195905162   0.0448605433   950.731293
10.8827969   2.96201665e+32   1.3908279   8.90570396e+13   -0.634398045   1.60626708   0.052744242   1045.93368   272.184431   38.3721936   38.3721936   0.00193502924   0.0443258478   950.666994
10.8852969   2.90632586e+32   1.39099355   8.79585362e+13   -0.634442304   1.60615939   0.0520959972   1046.80949   270.298932   38.4053986   38.4053986   0.00191130054   0.0437899269   950.601226
10.8877969   2.85135026e+32   1.39115722   8.68630559e+13   -0.634486547   1.60605037   0.0514495801   1047.73426   268.512879   38.4442593   38.4442593   0.00188782698   0.0432536599   950.533863
10.8902969   2.79708811e+32   1.39131892   8.57708617e+13   -0.634530772   1.60594004   0.0508051132   1048.72785   266.826909   38.4884813   38.4884813   0.00186455585   0.0427175813   950.465461
10.8927969   2.74353745e+32   1.39147864   8.46815683e+13   -0.634574981   1.6058284   0.0501623356   1049.77778   265.225331   38.537237   38.537237   0.00184145431   0.0421819547   950.39662
10.8952969   2.69069604e+32   1.39163639   8.35948386e+13   -0.634619174   1.60571545   0.049521015   1050.87149   263.692866   38.5897159   38.5897159   0.00181849248   0.0416470584   950.327965
10.8977969   2.63856138e+32   1.39179218   8.25103807e+13   -0.634663349   1.6056012   0.0488809465   1051.99638   262.214578   38.6451213   38.6451213   0.00179564317   0.0411131865   950.260142
10.9002969   2.58713072e+32   1.39194602   8.14280724e+13   -0.634707508   1.60548564   0.0482420262   1053.14317   260.777989   38.7027701   38.7027701   0.0017728834   0.0405806842   950.193812
10.9027969   2.53640132e+32   1.39209789   8.03497898e+13   -0.63475165   1.60536879   0.0476053556   1054.353   259.406682   38.7637115   38.7637115   0.00175023002   0.0400502879   950.129153
10.9052969   2.4863708e+32   1.39224781   7.92758707e+13   -0.634795774   1.60525065   0.0469711634   1055.61802   258.102525   38.8280143   38.8280143   0.00172770545   0.0395219095   950.065656
10.9077969   2.43703654e+32   1.39239579   7.82058969e+13   -0.634839882   1.60513122   0.0463392329   1056.90756   256.854573   38.8951427   38.8951427   0.00170532518   0.0389952097   950.00275
10.9102969   2.38839566e+32   1.39254182   7.71395027e+13   -0.634883973   1.6050105   0.0457093778   1058.19073   255.652236   38.9645739   38.9645739   0.0016831053   0.0384698773   949.939849
10.9127969   2.34044499e+32   1.39268592   7.6076371e+13   -0.634928046   1.60488851   0.04508144   1059.43641   254.48523   39.0357954   39.0357954   0.00166106229   0.0379456276   949.876346
10.9152969   2.29318106e+32   1.39282808   7.50162841e+13   -0.634972102   1.60476525   0.0444553191   1060.61461   253.344228   39.1083339   39.1083339   0.0016392132   0.0374222304   949.811614
10.9177969   2.24660048e+32   1.39296833   7.39608379e+13   -0.635016141   1.60464073   0.0438319668   1061.74854   252.243948   39.1827721   39.1827721   0.00161757507   0.0369005189   949.745407
10.9202969   2.20070023e+32   1.39310665   7.29107609e+13   -0.635060162   1.60451495   0.043211795   1062.85346   251.18944   39.2592832   39.2592832   0.0015961411   0.0363809391   949.678075
10.9227969   2.1554771e+32   1.39324306   7.18659245e+13   -0.635104166   1.60438791   0.0425947083   1063.92361   250.174684   39.3375566   39.3375566   0.00157489855   0.0358634659   949.61001
10.9252969   2.11092764e+32   1.39337757   7.08262279e+13   -0.635148152   1.60425963   0.0419806285   1064.9533   249.193864   39.4172891   39.4172891   0.00155383581   0.0353480871   949.541615
10.9277969   2.06704812e+32   1.39351018   6.97915967e+13   -0.63519212   1.60413011   0.0413694935   1065.93697   248.241354   39.4981848   39.4981848   0.00153294232   0.0348348021   949.473302
10.9302969   2.02383452e+32   1.39364091   6.87619804e+13   -0.635236071   1.60399935   0.0407612556   1066.86919   247.31171   39.5799541   39.5799541   0.00151220847   0.0343236214   949.405495
10.9327969   1.98128256e+32   1.39376975   6.77373503e+13   -0.635280004   1.60386737   0.0401558807   1067.74462   246.399659   39.6623143   39.6623143   0.00149162555   0.0338145652   949.338631
10.9352969   1.93938772e+32   1.39389673   6.6718013e+13   -0.63532392   1.60373418   0.0395535386   1068.56468   245.503923   39.7451435   39.7451435   0.00147118943   0.0333077564   949.273033
10.9377969   1.89814585e+32   1.39402184   6.57054213e+13   -0.635367817   1.60359977   0.0389551076   1069.35139   244.637658   39.8289218   39.8289218   0.00145091683   0.0328037087   949.208294
10.9390469   1.87776791e+32   1.39408371   6.52016635e+13   -0.635389758   1.60353212   0.0386573676   1069.72868   244.214691   39.8711248   39.8711248   0.00144084455   0.0325527672   949.176164
10.9402969   1.85755169e+32   1.39414511   6.4699583e+13   -0.635411694   1.60346417   0.0383606042   1070.09245   243.797581   39.9134944   39.9134944   0.00143081633   0.0323025707   949.144165
10.9415469   1.83749665e+32   1.39420606   6.41991627e+13   -0.635433625   1.60339592   0.0380648084   1070.44066   243.385648   39.9559998   39.9559998   0.00142083306   0.0320531336   949.11227
10.9427969   1.81760221e+32   1.39426654   6.37003875e+13   -0.635455553   1.60332738   0.0377699723   1070.77125   242.978228   39.9986109   39.9986109   0.00141089559   0.0318044703   949.080457
10.9440469   1.79786778e+32   1.39432657   6.32032436e+13   -0.635477475   1.60325853   0.037476089   1071.08221   242.574671   40.041298   40.041298   0.00140100473   0.0315565957   949.048702
10.9452969   1.77829275e+32   1.39438614   6.27077184e+13   -0.635499393   1.6031894   0.037183152   1071.37155   242.174338   40.0840317   40.0840317   0.00139116131   0.0313095252   949.016978
10.9465469   1.75887648e+32   1.39444525   6.22138011e+13   -0.635521307   1.60311997   0.0368911561   1071.63729   241.776606   40.1267832   40.1267832   0.0013813661   0.031063274   948.985261
10.9477969   1.73961832e+32   1.39450391   6.17214818e+13   -0.635543216   1.60305024   0.0366000964   1071.87748   241.380863   40.1695242   40.1695242   0.00137161988   0.0308178579   948.953527
10.9490469   1.72051758e+32   1.39456212   6.12307519e+13   -0.63556512   1.60298023   0.0363099688   1072.0902   240.98651   40.2122268   40.2122268   0.00136192337   0.0305732927   948.921748
10.9502969   1.70157359e+32   1.39461989   6.0741773e+13   -0.63558702   1.60290993   0.0360208664   1072.27764   240.594661   40.254925   40.254925   0.00135227783   0.0303296574   948.889993
10.9515469   1.68278573e+32   1.3946772   6.02548326e+13   -0.635608916   1.60283934   0.0357329538   1072.44599   240.20785   40.2977047   40.2977047   0.00134268395   0.0300870619   948.858402
10.9527969   1.6641534e+32   1.39473406   5.97699169e+13   -0.635630806   1.60276846   0.0354462243   1072.59487   239.825692   40.3405468   40.3405468   0.00133314089   0.0298454921   948.826946
10.9540469   1.64567597e+32   1.39479048   5.92870075e+13   -0.635652692   1.60269729   0.0351606685   1072.72372   239.447752   40.3834302   40.3834302   0.0013236478   0.0296049325   948.795591
10.9552969   1.62735282e+32   1.39484646   5.88060878e+13   -0.635674574   1.60262584   0.0348762777   1072.83205   239.073608   40.4263345   40.4263345   0.0013142039   0.0293653684   948.764303
10.9565469   1.60918333e+32   1.39490199   5.83271424e+13   -0.635696451   1.60255411   0.0345930445   1072.91935   238.702848   40.4692393   40.4692393   0.00130480841   0.0291267863   948.733051
10.9577969   1.59116683e+32   1.39495708   5.78501577e+13   -0.635718323   1.60248209   0.034310962   1072.98513   238.33507   40.5121248   40.5121248   0.00129546061   0.0288891734   948.701799
10.9590469   1.57330266e+32   1.39501173   5.73751214e+13   -0.635740191   1.60240979   0.0340300242   1073.02891   237.969883   40.5549717   40.5549717   0.00128615982   0.0286525178   948.670513
10.9602969   1.55559016e+32   1.39506595   5.69020225e+13   -0.635762054   1.60233721   0.033750226   1073.05022   237.606908   40.5977607   40.5977607   0.00127690538   0.0284168084   948.639159
10.9615469   1.53802864e+32   1.39511973   5.64308513e+13   -0.635783913   1.60226436   0.0334715628   1073.04861   237.245773   40.6404732   40.6404732   0.00126769667   0.0281820348   948.607702
10.9627969   1.5206174e+32   1.39517307   5.59615994e+13   -0.635805767   1.60219123   0.0331940308   1073.02364   236.886116   40.6830907   40.6830907   0.0012585331   0.0279481875   948.576106
10.9640469   1.50335573e+32   1.39522598   5.54942592e+13   -0.635827616   1.60211782   0.0329176268   1072.97488   236.527586   40.7255951   40.7255951   0.0012494141   0.0277152575   948.544337
10.9652969   1.48624292e+32   1.39527846   5.50288247e+13   -0.635849461   1.60204413   0.0326423483   1072.90191   236.169841   40.7679688   40.7679688   0.00124033915   0.0274832366   948.512358
10.9665469   1.46927824e+32   1.39533051   5.45652905e+13   -0.635871301   1.60197018   0.0323681934   1072.80432   235.812547   40.8101944   40.8101944   0.00123130774   0.0272521173   948.480132
10.9677969   1.45246095e+32   1.39538214   5.41036524e+13   -0.635893136   1.60189595   0.0320951605   1072.68173   235.455379   40.8522548   40.8522548   0.00122231938   0.0270218925   948.447623
10.9690469   1.43579031e+32   1.39543334   5.36439438e+13   -0.635914966   1.60182145   0.031823271   1072.53494   235.098369   40.894145   40.894145   0.00121337348   0.0267925825   948.414779
10.9702969   1.41926559e+32   1.39548411   5.31864501e+13   -0.635936792   1.60174668   0.0315526976   1072.3725   234.743929   40.935942   40.935942   0.00120446896   0.0265643866   948.381481
10.9715469   1.40288613e+32   1.39553446   5.27312251e+13   -0.635958614   1.60167165   0.0312834705   1072.19472   234.3923   40.9776505   40.9776505   0.00119560663   0.0263373338   948.34776
10.9727969   1.38665124e+32   1.3955844   5.22782603e+13   -0.63598043   1.60159635   0.0310155827   1071.99985   234.043141   41.0192556   41.0192556   0.00118678759   0.0261114084   948.313678
10.9740469   1.37056022e+32   1.39563391   5.18275484e+13   -0.636002242   1.60152079   0.0307490275   1071.78618   233.69612   41.060743   41.060743   0.00117801287   0.0258865951   948.279297
10.9752969   1.35461236e+32   1.39568301   5.13790826e+13   -0.636024049   1.60144496   0.0304837987   1071.55205   233.350916   41.1020985   41.1020985   0.00116928346   0.0256628796   948.244679
10.9765469   1.33880694e+32   1.39573169   5.09328569e+13   -0.636045852   1.60136887   0.0302198906   1071.29585   233.007216   41.1433082   41.1433082   0.00116060029   0.0254402483   948.209887
10.9777969   1.32314323e+32   1.39577996   5.04888659e+13   -0.636067649   1.60129252   0.0299572982   1071.016   232.664719   41.1843588   41.1843588   0.00115196423   0.0252186881   948.174984
10.9790469   1.30762048e+32   1.39582782   5.0047105e+13   -0.636089442   1.60121591   0.0296960167   1070.71098   232.323132   41.225237   41.225237   0.00114337609   0.0249981866   948.140031
10.9802969   1.29223794e+32   1.39587527   4.960757e+13   -0.636111231   1.60113904   0.0294360417   1070.37931   231.982173   41.2659303   41.2659303   0.00113483662   0.024778732   948.105093
10.9815469   1.27699483e+32   1.39592232   4.91702573e+13   -0.636133014   1.60106192   0.0291773693   1070.01956   231.641566   41.306426   41.306426   0.00112634655   0.0245603132   948.070232
10.9827969   1.26189038e+32   1.39596895   4.8735164e+13   -0.636154793   1.60098455   0.0289199958   1069.63035   231.301048   41.3467121   41.3467121   0.00111790652   0.0243429195   948.035513
10.9840469   1.2469238e+32   1.39601519   4.83022874e+13   -0.636176567   1.60090692   0.0286639181   1069.21032   230.960363   41.3867769   41.3867769   0.00110951714   0.0241265408   948.000998
10.9852969   1.23209428e+32   1.39606102   4.78716253e+13   -0.636198336   1.60082904   0.0284091331   1068.7582   230.619262   41.4266089   41.4266089   0.00110117897   0.0239111676   947.966753
10.9865469   1.21740101e+32   1.39610646   4.74431759e+13   -0.636220101   1.60075091   0.0281556382   1068.27271   230.277507   41.466197   41.466197   0.0010928925   0.0236967906   947.932842
10.9877969   1.20284318e+32   1.3961515   4.70169377e+13   -0.63624186   1.60067253   0.0279034308   1067.75268   229.934867   41.5055304   41.5055304   0.0010846582   0.0234834013   947.899328
10.9890469   1.18841998e+32   1.39619614   4.6593056e+13   -0.636263615   1.60059391   0.0276526022   1067.20312   229.59247   41.5446488   41.5446488   0.00107647516   0.0232710316   947.866053
10.9902969   1.17413061e+32   1.39624039   4.61716867e+13   -0.636285366   1.60051504   0.0274032513   1066.63051   229.251634   41.5835969   41.5835969   0.00106834161   0.0230597376   947.832794
10.9915469   1.15997431e+32   1.39628425   4.5752811e+13   -0.636307111   1.60043593   0.0271553662   1066.03441   228.912106   41.6223601   41.6223601   0.00106025699   0.0228495395   947.79958
10.9927969   1.14595031e+32   1.39632772   4.53364109e+13   -0.636328852   1.60035658   0.0269089356   1065.41438   228.573643   41.6609243   41.6609243   0.00105222076   0.0226404568   947.766437
10.9940469   1.13205783e+32   1.39637081   4.49224694e+13   -0.636350587   1.60027698   0.0266639489   1064.77003   228.23601   41.6992755   41.6992755   0.00104423239   0.0224325087   947.733393
10.9952969   1.11829608e+32   1.39641351   4.45109707e+13   -0.636372318   1.60019715   0.0264203961   1064.10096   227.89898   41.7374005   41.7374005   0.00103629138   0.0222257139   947.700475
10.9965469   1.10466427e+32   1.39645583   4.41019001e+13   -0.636394044   1.60011709   0.026178268   1063.40682   227.562338   41.7752863   41.7752863   0.00102839724   0.0220200909   947.667711
10.9977969   1.0911616e+32   1.39649776   4.36952436e+13   -0.636415766   1.60003678   0.0259375558   1062.68726   227.225874   41.8129203   41.8129203   0.0010205495   0.0218156574   947.635129
10.9990469   1.07778728e+32   1.39653932   4.32909884e+13   -0.636437482   1.59995625   0.0256982513   1061.94198   226.889388   41.8502905   41.8502905   0.00101274769   0.0216124313   947.602756
11.0002969   1.0645405e+32   1.39658051   4.28891224e+13   -0.636459194   1.59987548   0.0254603468   1061.17067   226.552688   41.8873852   41.8873852   0.00100499136   0.0214104295   947.570619
11.0015469   1.05142046e+32   1.39662132   4.24896341e+13   -0.636480901   1.59979448   0.0252238353   1060.37306   226.21559   41.924193   41.924193   0.000997280086   0.0212096688   947.538746
11.0027969   1.03842634e+32   1.39666176   4.20925132e+13   -0.636502603   1.59971325   0.0249887099   1059.5489   225.877918   41.960703   41.960703   0.000989613444   0.0210101656   947.507165
11.0040469   1.02555731e+32   1.39670182   4.16977499e+13   -0.6365243   1.5996318   0.0247549646   1058.69795   225.539502   41.9969048   41.9969048   0.000981991028   0.0208119356   947.475904
11.0052969   1.01281257e+32   1.39674153   4.13053348e+13   -0.636545992   1.59955012   0.0245225935   1057.82001   225.200182   42.032788   42.032788   0.000974412438   0.0206149945   947.444991
11.0065469   1.00019129e+32   1.39678086   4.09152597e+13   -0.63656768   1.59946821   0.0242915911   1056.91487   224.859802   42.0683429   42.0683429   0.00096687729   0.0204193572   947.414452
11.0077969   9.87692642e+31   1.39681984   4.05275493e+13   -0.636589362   1.59938609   0.0240619711   1055.98365   224.51844   42.1035679   42.1035679   0.000959384961   0.0202250516   947.384347
11.0090469   9.75315801e+31   1.39685845   4.01424624e+13   -0.63661104   1.59930374   0.0238338812   1055.03652   224.177828   42.1385203   42.1385203   0.000951933384   0.0200321855   947.35491
11.0102969   9.63059961e+31   1.3968967   3.97600125e+13   -0.636632713   1.59922117   0.0236073313   1054.0738   223.838097   42.1732062   42.1732062   0.000944522911   0.0198407394   947.326087
11.0115469   9.50924313e+31   1.3969346   3.93801478e+13   -0.636654381   1.59913839   0.0233822942   1053.0932   223.498935   42.2076167   42.2076167   0.000937154391   0.0196506657   947.297756
11.0127969   9.3890805e+31   1.39697214   3.90028194e+13   -0.636676044   1.59905539   0.0231587445   1052.09254   223.160042   42.2417433   42.2417433   0.000929828606   0.0194619191   947.269797
11.0140469   9.27010363e+31   1.39700933   3.86279813e+13   -0.636697702   1.59897218   0.0229366579   1051.06973   222.821132   42.2755776   42.2755776   0.000922546277   0.0192744568   947.24209
11.0152969   9.15230444e+31   1.39704617   3.82555899e+13   -0.636719355   1.59888876   0.022716012   1050.02275   222.481931   42.3091115   42.3091115   0.000915308065   0.0190882376   947.214515
11.0165469   9.03567487e+31   1.39708267   3.78856045e+13   -0.636741003   1.59880512   0.0224967856   1048.94967   222.142178   42.3423372   42.3423372   0.000908114575   0.0189032227   947.186951
11.0177969   8.92020684e+31   1.39711882   3.75179864e+13   -0.636762647   1.59872128   0.0222789587   1047.84864   221.80162   42.3752471   42.3752471   0.000900966361   0.0187193751   947.159279
11.0190469   8.80589228e+31   1.39715462   3.71526997e+13   -0.636784285   1.59863723   0.0220625128   1046.7179   221.460019   42.4078338   42.4078338   0.000893863925   0.0185366596   947.131378
11.0202969   8.69272315e+31   1.39719008   3.67897103e+13   -0.636805919   1.59855297   0.0218474304   1045.55575   221.117145   42.4400901   42.4400901   0.000886807722   0.0183550429   947.103129
11.0215469   8.58069139e+31   1.39722521   3.64289866e+13   -0.636827547   1.59846851   0.0216336954   1044.36057   220.772779   42.4720092   42.4720092   0.000879798162   0.0181744931   947.07441
11.0227969   8.46978896e+31   1.39726   3.60704989e+13   -0.636849171   1.59838384   0.0214212926   1043.13081   220.426711   42.5035843   42.5035843   0.000872835612   0.0179949803   947.0451
11.0240469   8.36000777e+31   1.39729445   3.57144548e+13   -0.63687079   1.59829898   0.021210346   1041.88779   220.08002   42.5348502   42.5348502   0.000865907919   0.017816625   947.015147
11.0252969   8.25133966e+31   1.39732857   3.53611301e+13   -0.636892404   1.59821392   0.0210010169   1040.65785   219.734229   42.565855   42.565855   0.000859001102   0.0176396019   946.984621
11.0265469   8.14377644e+31   1.39736236   3.50104803e+13   -0.636914013   1.59812865   0.0207932779   1039.43538   219.389166   42.5965916   42.5965916   0.00085211912   0.0174638899   946.953564
11.0277969   8.03730996e+31   1.39739582   3.46624617e+13   -0.636935617   1.5980432   0.0205871018   1038.21488   219.04466   42.6270528   42.6270528   0.000845265747   0.017289468   946.922019
11.0290469   7.93193212e+31   1.39742896   3.43170331e+13   -0.636957216   1.59795755   0.0203824631   1036.99108   218.700548   42.6572317   42.6572317   0.000838444485   0.0171163162   946.890027
11.0302969   7.82763487e+31   1.39746178   3.39741551e+13   -0.63697881   1.5978717   0.0201793375   1035.75896   218.356676   42.6871219   42.6871219   0.000831658588   0.0169444157   946.857627
11.0315469   7.72441018e+31   1.39749427   3.36337909e+13   -0.637000399   1.59778567   0.0199777021   1034.51375   218.012899   42.7167168   42.7167168   0.000824911068   0.0167737488   946.824861
11.0327969   7.62225008e+31   1.39752644   3.32959054e+13   -0.637021983   1.59769944   0.0197775352   1033.25087   217.669076   42.7460107   42.7460107   0.000818204711   0.0166042986   946.791768
11.0340469   7.52114664e+31   1.3975583   3.29604658e+13   -0.637043562   1.59761303   0.0195788164   1031.96598   217.325078   42.7749975   42.7749975   0.000811542088   0.0164360495   946.758387
11.0352969   7.42109195e+31   1.39758984   3.26274408e+13   -0.637065136   1.59752644   0.0193815263   1030.65492   216.98078   42.8036719   42.8036719   0.000804925564   0.0162689864   946.724758
11.0365469   7.32207815e+31   1.39762107   3.22968012e+13   -0.637086705   1.59743965   0.0191856468   1029.31377   216.636065   42.8320285   42.8320285   0.00079835731   0.0161030954   946.690919
11.0377969   7.22409743e+31   1.39765199   3.19685193e+13   -0.63710827   1.59735269   0.0189911606   1027.93877   216.290823   42.8600623   42.8600623   0.000791839311   0.0159383633   946.656909
11.0390469   7.127142e+31   1.3976826   3.16425691e+13   -0.637129829   1.59726554   0.0187980516   1026.52637   215.944949   42.8877683   42.8877683   0.000785373377   0.0157747778   946.622766
11.0402969   7.03120412e+31   1.3977129   3.13189264e+13   -0.637151383   1.59717822   0.0186063046   1025.07321   215.598346   42.915142   42.915142   0.000778961146   0.0156123272   946.58853
11.0415469   6.93627608e+31   1.3977429   3.0997568e+13   -0.637172932   1.59709071   0.0184159054   1023.57612   215.250922   42.9421789   42.9421789   0.000772604099   0.0154510007   946.554236
11.0427969   6.84235021e+31   1.3977726   3.06784725e+13   -0.637194476   1.59700303   0.0182268404   1022.03208   214.902592   42.968875   42.968875   0.000766303561   0.0152907881   946.519925
11.0440469   6.74941887e+31   1.397802   3.03616197e+13   -0.637216015   1.59691518   0.018039097   1020.43829   214.553275   42.995226   42.995226   0.000760060714   0.0151316799   946.485632
11.0452969   6.65747446e+31   1.3978311   3.00469908e+13   -0.63723755   1.59682715   0.0178526636   1018.7921   214.202896   43.0212284   43.0212284   0.000753876596   0.0149736671   946.451397
11.0465469   6.56650941e+31   1.39785991   2.9734568e+13   -0.637259079   1.59673895   0.017667529   1017.09103   213.851386   43.0468784   43.0468784   0.000747752114   0.0148167416   946.417257
11.0477969   6.47651621e+31   1.39788842   2.94243348e+13   -0.637280603   1.59665058   0.0174836828   1015.33281   213.49868   43.0721728   43.0721728   0.000741688048   0.0146608955   946.38325
11.0490469   6.38748733e+31   1.39791664   2.91162758e+13   -0.637302122   1.59656204   0.0173011155   1013.51528   213.144721   43.0971083   43.0971083   0.000735685055   0.0145061216   946.349413
11.0502969   6.29941534e+31   1.39794457   2.88103767e+13   -0.637323636   1.59647333   0.0171198179   1011.63651   212.789452   43.121682   43.121682   0.000729743675   0.0143524134   946.315784
11.0515469   6.21229279e+31   1.39797222   2.8506624e+13   -0.637345145   1.59638446   0.0169397818   1009.69469   212.432826   43.145891   43.145891   0.000723864339   0.0141997646   946.2824
11.0527969   6.1261123e+31   1.39799958   2.82050051e+13   -0.637366649   1.59629542   0.0167609992   1007.6882   212.074797   43.1697328   43.1697328   0.000718047368   0.0140481694   946.2493
11.0540469   6.0408665e+31   1.39802665   2.79055087e+13   -0.637388148   1.59620623   0.0165834628   1005.61556   211.715325   43.193205   43.193205   0.000712292984   0.0138976225   946.216521
11.0552969   5.956548e+31   1.39805345   2.76083289e+13   -0.637409642   1.59611687   0.01640729   1003.4993   211.355345   43.216338   43.216338   0.000706590421   0.0137482212   946.183953
11.0565469   5.87314903e+31   1.39807997   2.73138548e+13   -0.637431131   1.59602735   0.0162327167   1001.38845   210.996778   43.2391972   43.2391972   0.00070091645   0.0136001597   946.151313
11.0577969   5.79066174e+31   1.39810621   2.7022032e+13   -0.637452615   1.59593767   0.0160597104   999.283563   210.639485   43.2617807   43.2617807   0.000695269785   0.0134534113   946.118602
11.0590469   5.70907835e+31   1.39813217   2.67327953e+13   -0.637474093   1.59584783   0.0158882325   997.183641   210.283276   43.2840845   43.2840845   0.000689649897   0.013307944   946.085834
11.0602969   5.62839118e+31   1.39815786   2.64460832e+13   -0.637495567   1.59575785   0.0157182463   995.087742   209.927968   43.3061047   43.3061047   0.00068405628   0.0131637277   946.053021
11.0615469   5.54859265e+31   1.39818329   2.61618377e+13   -0.637517036   1.5956677   0.0155497173   992.994982   209.573392   43.327838   43.327838   0.000678488455   0.0130207339   946.020174
11.0627969   5.46967523e+31   1.39820844   2.58800039e+13   -0.637538499   1.59557741   0.0153826129   990.904527   209.219385   43.3492808   43.3492808   0.000672945967   0.0128789357   945.987307
11.0640469   5.39163152e+31   1.39823333   2.56005302e+13   -0.637559958   1.59548697   0.0152169023   988.815593   208.865797   43.3704299   43.3704299   0.000667428388   0.0127383079   945.95443
11.0652969   5.31445416e+31   1.39825795   2.5323368e+13   -0.637581411   1.59539637   0.0150525567   986.727444   208.512484   43.3912824   43.3912824   0.000661935313   0.0125988267   945.921556
11.0665469   5.2381359e+31   1.39828232   2.50484715e+13   -0.63760286   1.59530563   0.0148895488   984.639389   208.159312   43.4118353   43.4118353   0.000656466364   0.0124604696   945.888696
11.0677969   5.16266955e+31   1.39830642   2.47757976e+13   -0.637624303   1.59521475   0.014727853   982.550783   207.806155   43.4320858   43.4320858   0.000651021185   0.0123232155   945.855861
11.0690469   5.088048e+31   1.39833027   2.45053061e+13   -0.637645741   1.59512372   0.0145674452   980.461018   207.452896   43.4520314   43.4520314   0.000645599444   0.0121870449   945.823063
11.0702969   5.0142642e+31   1.39835386   2.4236959e+13   -0.637667174   1.59503255   0.0144083031   978.369532   207.099422   43.4716696   43.4716696   0.000640200834   0.0120519391   945.790314
11.0715469   4.94131119e+31   1.39837719   2.39707208e+13   -0.637688602   1.59494124   0.0142504053   976.275796   206.74563   43.490998   43.490998   0.000634825068   0.0119178808   945.757624
11.0727969   4.86918207e+31   1.39840027   2.37065583e+13   -0.637710025   1.59484978   0.0140937322   974.179322   206.391425   43.5100145   43.5100145   0.000629471884   0.0117848539   945.725005
11.0740469   4.79787e+31   1.39842311   2.34444406e+13   -0.637731443   1.59475819   0.0139382654   972.079656   206.036715   43.5287168   43.5287168   0.00062414104   0.0116528433   945.692468
11.0752969   4.72736821e+31   1.39844569   2.31843386e+13   -0.637752856   1.59466646   0.0137839876   969.976381   205.681417   43.547103   43.547103   0.000618832314   0.0115218349   945.660025
11.0765469   4.65767e+31   1.39846803   2.29262253e+13   -0.637774263   1.5945746   0.0136308828   967.869109   205.325453   43.5651714   43.5651714   0.000613545507   0.0113918155   945.627685
11.0777969   4.58876872e+31   1.39849013   2.26700757e+13   -0.637795666   1.5944826   0.013478936   965.75749   204.968753   43.58292   43.58292   0.000608280438   0.011262773   945.595461
11.0790469   4.52065778e+31   1.39851198   2.24158665e+13   -0.637817063   1.59439047   0.0133281334   963.641202   204.61125   43.6003474   43.6003474   0.000603036946   0.0111346961   945.563364
11.0802969   4.45333065e+31   1.3985336   2.21635761e+13   -0.637838456   1.59429821   0.0131784622   961.519952   204.252885   43.617452   43.617452   0.000597814888   0.0110075744   945.531405
11.0815469   4.38678086e+31   1.39855497   2.19131844e+13   -0.637859843   1.59420582   0.0130299105   959.393481   203.893603   43.6342324   43.6342324   0.000592614139   0.0108813983   945.499595
11.0827969   4.321002e+31   1.39857611   2.16646729e+13   -0.637881225   1.5941133   0.0128824672   957.261555   203.533355   43.6506875   43.6506875   0.000587434592   0.0107561587   945.467946
11.0840469   4.2559877e+31   1.39859701   2.14180248e+13   -0.637902602   1.59402065   0.0127361224   955.123969   203.172096   43.666816   43.666816   0.000582276156   0.0106318476   945.436468
11.0852969   4.19173164e+31   1.39861768   2.11732242e+13   -0.637923974   1.59392787   0.0125908667   952.980545   202.809788   43.682617   43.682617   0.000577138756   0.0105084575   945.405172
11.0865469   4.12822757e+31   1.39863811   2.09303331e+13   -0.63794534   1.59383497   0.0124467367   950.825772   202.446731   43.6981008   43.6981008   0.000572027781   0.010386021   945.374069
11.0877969   4.06546877e+31   1.39865832   2.06898444e+13   -0.637966702   1.59374195   0.0123040255   948.622489   202.085157   43.7133434   43.7133434   0.00056698012   0.0102647937   945.343145
11.0890469   4.00344822e+31   1.3986783   2.04517723e+13   -0.637988058   1.5936488   0.0121627419   946.365214   201.725256   43.7283531   43.7283531   0.000561999388   0.0101447825   945.312379
11.0902969   3.94215897e+31   1.39869806   2.02160286e+13   -0.63800941   1.59355553   0.0120228338   944.055819   201.366761   43.743123   43.743123   0.000557081781   0.0100259409   945.281754
11.0915469   3.8815942e+31   1.39871759   1.99825304e+13   -0.638030756   1.59346215   0.0118842524   941.696092   201.009424   43.7576465   43.7576465   0.000552223718   0.00990822555   945.25125
11.0927969   3.82174723e+31   1.3987369   1.97512e+13   -0.638052097   1.59336865   0.0117469522   939.28775   200.65301   43.7719175   43.7719175   0.000547421832   0.00979159564   945.220852
11.0940469   3.76261151e+31   1.39875599   1.95219649e+13   -0.638073433   1.59327503   0.0116108902   936.832441   200.297299   43.7859299   43.7859299   0.000542672951   0.00967601308   945.19054
11.0952969   3.70418059e+31   1.39877486   1.92947575e+13   -0.638094764   1.59318129   0.0114760267   934.331754   199.942083   43.7996782   43.7996782   0.000537974092   0.00956144227   945.160299
11.0965469   3.64644815e+31   1.39879351   1.90695144e+13   -0.638116089   1.59308744   0.0113423245   931.787225   199.587169   43.8131569   43.8131569   0.000533322446   0.00944784999   945.13011
11.0977969   3.58940796e+31   1.39881195   1.8846177e+13   -0.63813741   1.59299348   0.011209749   929.20034   199.232373   43.8263607   43.8263607   0.000528715369   0.0093352053   945.099958
11.0990469   3.53305391e+31   1.39883018   1.86246905e+13   -0.638158725   1.59289941   0.011078268   926.57254   198.877524   43.8392846   43.8392846   0.000524150373   0.00922347944   945.069825
11.1002969   3.47738e+31   1.3988482   1.84050045e+13   -0.638180035   1.59280522   0.0109478517   923.905231   198.522461   43.8519238   43.8519238   0.000519625113   0.0091126457   945.039695
11.1015469   3.42238031e+31   1.39886601   1.81870721e+13   -0.63820134   1.59271093   0.0108184727   921.199783   198.167034   43.8642736   43.8642736   0.000515137386   0.00900267935   945.00955
11.1027969   3.36804903e+31   1.39888361   1.797085e+13   -0.63822264   1.59261653   0.0106901055   918.457534   197.811102   43.8763296   43.8763296   0.000510685117   0.00889355754   944.979374
11.1040469   3.31438042e+31   1.398901   1.77562984e+13   -0.638243935   1.59252203   0.0105627268   915.679798   197.454534   43.8880873   43.8880873   0.000506266355   0.00878525921   944.949149
11.1052969   3.26136885e+31   1.39891819   1.75433809e+13   -0.638265224   1.59242742   0.010436315   912.867862   197.097207   43.8995425   43.8995425   0.000501879265   0.00867776499   944.918859
11.1065469   3.20900876e+31   1.39893518   1.7332064e+13   -0.638286509   1.5923327   0.0103108505   910.022996   196.739009   43.9106913   43.9106913   0.000497522124   0.00857105714   944.888487
11.1077969   3.15729467e+31   1.39895197   1.71223174e+13   -0.638307788   1.59223788   0.0101863156   907.146447   196.379833   43.9215297   43.9215297   0.000493193315   0.00846511945   944.858015
11.1090469   3.1062212e+31   1.39896856   1.69141134e+13   -0.638329062   1.59214296   0.010062694   904.239451   196.019583   43.932054   43.932054   0.000488891318   0.00835993719   944.827426
11.1102969   3.05578303e+31   1.39898495   1.67074682e+13   -0.638350331   1.59204794   0.00993999567   901.306423   195.658348   43.9422663   43.9422663   0.000484614251   0.00825551781   944.796693
11.1115469   3.00597447e+31   1.39900114   1.65029061e+13   -0.638371594   1.59195282   0.00981853304   898.389755   195.298444   43.9522403   43.9522403   0.000480355571   0.00815212626   944.765699
11.1127969   2.95678934e+31   1.39901714   1.63005266e+13   -0.638392853   1.5918576   0.00969836527   895.495948   194.940408   43.9619969   43.9619969   0.000476115503   0.00804981465   944.734435
11.1140469   2.90822149e+31   1.39903295   1.61002484e+13   -0.638414106   1.59176229   0.00957944384   892.617311   194.583999   43.9715328   43.9715328   0.000471896325   0.00794854394   944.702932
11.1152969   2.86026489e+31   1.39904856   1.59019959e+13   -0.638435355   1.59166688   0.00946172345   889.746731   194.228989   43.9808447   43.9808447   0.000467700049   0.00784827767   944.671221
11.1165469   2.81291363e+31   1.39906399   1.57056983e+13   -0.638456598   1.59157137   0.00934516187   886.877632   193.875166   43.9899295   43.9899295   0.000463528448   0.00774898186   944.63933
11.1177969   2.7661619e+31   1.39907923   1.55112899e+13   -0.638477835   1.59147577   0.00922971971   884.00393   193.522332   43.9987844   43.9987844   0.000459383079   0.00765062488   944.607289
11.1190469   2.72000398e+31   1.39909428   1.53187094e+13   -0.638499068   1.59138008   0.0091153604   881.120004   193.170302   44.0074065   44.0074065   0.000455265308   0.00755317734   944.575125
11.1202969   2.67443427e+31   1.39910915   1.51279e+13   -0.638520295   1.5912843   0.00900204995   878.220662   192.818904   44.0157932   44.0157932   0.000451176323   0.007456612   944.542867
11.1215469   2.62944725e+31   1.39912383   1.49388092e+13   -0.638541518   1.59118843   0.00888975687   875.301112   192.467974   44.023942   44.023942   0.000447117152   0.00736090363   944.510543
11.1227969   2.58503749e+31   1.39913834   1.47513881e+13   -0.638562735   1.59109247   0.00877845205   872.356946   192.117365   44.0318504   44.0318504   0.00044308868   0.00726602897   944.478179
11.1240469   2.54119966e+31   1.39915266   1.4565592e+13   -0.638583947   1.59099642   0.00866810864   869.384112   191.766936   44.0395162   44.0395162   0.000439091658   0.00717196657   944.445803
11.1252969   2.49792849e+31   1.39916681   1.43813795e+13   -0.638605153   1.59090029   0.00855870189   866.378901   191.416558   44.0469371   44.0469371   0.000435126713   0.00707869673   944.413442
11.1265469   2.45521882e+31   1.39918078   1.41987127e+13   -0.638626355   1.59080407   0.00845020912   863.337928   191.066112   44.0541109   44.0541109   0.000431194365   0.00698620144   944.381124
11.1277969   2.41306554e+31   1.39919458   1.40175569e+13   -0.638647551   1.59070777   0.00834260955   860.258121   190.715487   44.0610357   44.0610357   0.000427295027   0.00689446424   944.348874
11.1290469   2.37146363e+31   1.3992082   1.38378805e+13   -0.638668742   1.59061138   0.00823588425   857.136708   190.364583   44.0677095   44.0677095   0.000423429018   0.00680347019   944.316721
11.1302969   2.33040815e+31   1.39922165   1.36596548e+13   -0.638689928   1.59051491   0.008130016   853.971202   190.013305   44.0741305   44.0741305   0.000419596569   0.00671320574   944.284691
11.1315469   2.2898942e+31   1.39923493   1.34828537e+13   -0.638711109   1.59041836   0.00802498922   850.759398   189.661571   44.0802971   44.0802971   0.000415797827   0.00662365871   944.252812
11.1327969   2.24991698e+31   1.39924804   1.33074539e+13   -0.638732285   1.59032173   0.0079207899   847.499359   189.309302   44.0862076   44.0862076   0.000412032864   0.00653481817   944.221112
11.1340469   2.21047174e+31   1.39926098   1.31334344e+13   -0.638753455   1.59022502   0.00781740547   844.189409   188.956432   44.0918605   44.0918605   0.000408301677   0.00644667442   944.189618
11.1352969   2.17155378e+31   1.39927376   1.29607767e+13   -0.63877462   1.59012824   0.00771482477   840.828127   188.602898   44.0972545   44.0972545   0.0004046042   0.00635921886   944.158358
11.1365469   2.13315847e+31   1.39928637   1.27894642e+13   -0.63879578   1.59003137   0.00761303794   837.414339   188.248647   44.1023884   44.1023884   0.0004009403   0.006272444   944.12736
11.1377969   2.09528126e+31   1.39929882   1.26194828e+13   -0.638816935   1.58993443   0.00751203636   833.94711   187.893632   44.1072611   44.1072611   0.000397309788   0.00618634333   944.096654
11.1390469   2.0579175e+31   1.3993111   1.24510888e+13   -0.638838084   1.58983742   0.00741197282   830.465156   187.539055   44.111947   44.111947   0.000393702914   0.00610104715   944.066211
11.1402969   2.02106194e+31   1.39932323   1.22846983e+13   -0.638859229   1.58974033   0.00731309538   827.030455   187.186914   44.1165633   44.1165633   0.000390104902   0.00601676531   944.035931
11.1415469   1.98470919e+31   1.39933519   1.2120225e+13   -0.638880368   1.58964316   0.00721535313   823.631468   186.836929   44.1210858   44.1210858   0.000386519004   0.0059334533   944.005798
11.1427969   1.94885395e+31   1.399347   1.19575803e+13   -0.638901502   1.58954593   0.00711869355   820.256363   186.488799   44.1254893   44.1254893   0.000382948369   0.00585106536   943.975795
11.1440469   1.91349107e+31   1.39935865   1.17966819e+13   -0.638922631   1.58944862   0.00702306802   816.894327   186.142243   44.1297501   44.1297501   0.000379395751   0.00576955912   943.945907
11.1452969   1.87861551e+31   1.39937014   1.1637454e+13   -0.638943754   1.58935125   0.00692843165   813.535471   185.797002   44.1338462   44.1338462   0.000375863558   0.00568889545   943.916121
11.1465469   1.84422233e+31   1.39938149   1.14798266e+13   -0.638964872   1.5892538   0.00683474308   810.17075   185.452831   44.1377564   44.1377564   0.000372353884   0.00560903826   943.886422
11.1477969   1.8103067e+31   1.39939268   1.13237355e+13   -0.638985985   1.58915629   0.00674196429   806.791893   185.109507   44.1414612   44.1414612   0.00036886855   0.00552995437   943.856794
11.1490469   1.77686391e+31   1.39940372   1.11691217e+13   -0.639007093   1.58905871   0.00665006042   803.391351   184.766821   44.1449419   44.1449419   0.000365409126   0.00545161334   943.827226
11.1502969   1.7438893e+31   1.39941461   1.10159313e+13   -0.639028196   1.58896107   0.00655899962   799.962242   184.424578   44.1481808   44.1481808   0.000361976961   0.00537398733   943.797701
11.1515469   1.71137836e+31   1.39942536   1.08641152e+13   -0.639049293   1.58886336   0.00646875287   796.498314   184.082599   44.1511611   44.1511611   0.000358573201   0.00529705095   943.768207
11.1527969   1.67932662e+31   1.39943595   1.0713629e+13   -0.639070386   1.58876558   0.00637929384   792.993903   183.74072   44.1538669   44.1538669   0.00035519881   0.00522078115   943.738729
11.1540469   1.64772973e+31   1.39944641   1.05644324e+13   -0.639091473   1.58866775   0.00629059878   789.44391   183.398787   44.1562829   44.1562829   0.000351854585   0.00514515709   943.709252
11.1552969   1.6165834e+31   1.39945672   1.04164891e+13   -0.639112554   1.58856985   0.00620264629   785.843767   183.056662   44.158395   44.158395   0.000348541168   0.00507015998   943.679764
11.1565469   1.58588343e+31   1.39946688   1.02697669e+13   -0.639133631   1.58847189   0.00611541728   782.18942   182.714217   44.1601892   44.1601892   0.00034525906   0.00499577302   943.650249
11.1577969   1.55562568e+31   1.39947691   1.0124237e+13   -0.639154702   1.58837387   0.00602889481   778.477307   182.371335   44.1616528   44.1616528   0.000342008633   0.00492198126   943.620693
11.1590469   1.52580609e+31   1.39948679   9.97987407e+12   -0.639175768   1.58827579   0.00594306394   774.704339   182.027913   44.1627733   44.1627733   0.000338790132   0.0048487715   943.59108
11.1602969   1.49642068e+31   1.39949654   9.83665606e+12   -0.639196829   1.58817765   0.00585791165   770.867888   181.683855   44.1635392   44.1635392   0.000335603694   0.00477613221   943.561396
11.1615469   1.46746552e+31   1.39950615   9.6945639e+12   -0.639217885   1.58807945   0.00577342674   766.965774   181.339079   44.1639394   44.1639394   0.000332449344   0.0047040534   943.531625
11.1627969   1.43893673e+31   1.39951562   9.55365345e+12   -0.639238935   1.5879812   0.00568964254   763.009937   180.993868   44.1639924   44.1639924   0.000329323797   0.0046325651   943.50175
11.1640469   1.41083005e+31   1.39952496   9.41444503e+12   -0.639259981   1.58788289   0.00560686855   759.100143   180.650847   44.1639184   44.1639184   0.000326203713   0.00456194547   943.471746
11.1652969   1.3831408e+31   1.39953416   9.27695901e+12   -0.639281021   1.58778453   0.00552511689   755.240808   180.310226   44.163768   44.163768   0.000323088978   0.0044922047   943.441621
11.1665469   1.35586438e+31   1.39954323   9.14109758e+12   -0.639302056   1.58768611   0.00544432936   751.414137   179.97162   44.1635439   44.1635439   0.000319984502   0.00442328973   943.411389
11.1677969   1.32899632e+31   1.39955217   9.00677108e+12   -0.639323085   1.58758764   0.0053644526   747.60406   179.634677   44.1632485   44.1632485   0.000316894552   0.00435515188   943.381061
11.1690469   1.30253225e+31   1.39956098   8.8738976e+12   -0.639344109   1.58748911   0.00528543787   743.796047   179.299069   44.1628842   44.1628842   0.00031382283   0.0042877466   943.350651
11.1702969   1.27646791e+31   1.39956966   8.74240248e+12   -0.639365129   1.58739054   0.00520724074   739.976964   178.964494   44.162453   44.162453   0.000310772545   0.00422103322   943.320169
11.1715469   1.25079915e+31   1.39957821   8.61221794e+12   -0.639386142   1.58729191   0.00512982089   736.134944   178.630671   44.1619568   44.1619568   0.000307746468   0.00415497471   943.289627
11.1727969   1.22552192e+31   1.39958664   8.48328269e+12   -0.639407151   1.58719324   0.00505314184   732.259286   178.297343   44.1613975   44.1613975   0.000304746979   0.00408953751   943.259036
11.1740469   1.20063224e+31   1.39959494   8.35554158e+12   -0.639428155   1.58709451   0.00497717075   728.340368   177.964273   44.1607767   44.1607767   0.000301776114   0.00402469126   943.228407
11.1752969   1.17612625e+31   1.39960312   8.22894519e+12   -0.639449153   1.58699574   0.00490187822   724.369578   177.631241   44.1600961   44.1600961   0.000298835594   0.0039604087   943.197752
11.1765469   1.15200015e+31   1.39961117   8.10344957e+12   -0.639470146   1.58689692   0.00482723808   720.339255   177.298048   44.159357   44.159357   0.000295926855   0.00389666539   943.167081
11.1777969   1.12825023e+31   1.39961911   7.97901587e+12   -0.639491134   1.58679805   0.00475322722   716.242637   176.96451   44.158561   44.158561   0.000293051074   0.00383343964   943.136406
11.1790469   1.10487287e+31   1.39962692   7.85561006e+12   -0.639512116   1.58669914   0.00467982535   712.073827   176.630462   44.1577094   44.1577094   0.000290209189   0.00377071226   943.105737
11.1796719   1.09332241e+31   1.39963078   7.7942813e+12   -0.639522605   1.58664967   0.00464334606   709.960666   176.463194   44.1572631   44.1572631   0.000288801146   0.00373952915   943.090408
11.1802969   1.08186377e+31   1.39963461   7.73319878e+12   -0.639533093   1.58660019   0.00460701264   707.827618   176.295743   44.1568035   44.1568035   0.000287401829   0.00370846453   943.075085
11.1809219   1.0704965e+31   1.39963842   7.6723595e+12   -0.639543579   1.58655069   0.00457082329   705.674171   176.128092   44.1563306   44.1563306   0.000286011296   0.00367751664   943.059769
11.1815469   1.05922018e+31   1.39964219   7.61176067e+12   -0.639554064   1.58650118   0.00453477635   703.499865   175.960227   44.1558446   44.1558446   0.000284629592   0.00364668387   943.044461
11.1821719   1.04803439e+31   1.39964593   7.55139975e+12   -0.639564548   1.58645167   0.00449887032   701.304287   175.792132   44.1553456   44.1553456   0.000283256751   0.00361596475   943.029164
11.1827969   1.0369387e+31   1.39964965   7.49128436e+12   -0.63957503   1.58640214   0.00446310973   699.089488   175.623847   44.1548292   44.1548292   0.000281892163   0.00358536275   943.013874
11.1834219   1.02593264e+31   1.39965333   7.43154634e+12   -0.639585511   1.5863526   0.00442757328   696.887787   175.456086   44.1542315   44.1542315   0.000280527367   0.00355494253   942.998539
11.1840469   1.0150157e+31   1.39965699   7.37221717e+12   -0.639595991   1.58630305   0.00439227975   694.706896   175.289032   44.1535354   44.1535354   0.000279160435   0.00352472012   942.983145
11.1846719   1.00418736e+31   1.39966062   7.31328404e+12   -0.639606469   1.58625349   0.0043572215   692.543743   175.122631   44.1527448   44.1527448   0.000277792256   0.00349468987   942.967697
11.1852969   9.93447099e+30   1.39966422   7.25473469e+12   -0.639616947   1.58620392   0.00432239123   690.395426   174.956828   44.1518636   44.1518636   0.000276423656   0.00346484638   942.9522
11.1859219   9.82794409e+30   1.39966779   7.19655746e+12   -0.639627422   1.58615434   0.00428778197   688.259212   174.791575   44.1508953   44.1508953   0.0002750554   0.0034351845   942.936657
11.1865469   9.72228788e+30   1.39967133   7.13874122e+12   -0.639637897   1.58610475   0.00425338709   686.132517   174.626823   44.1498433   44.1498433   0.0002736882   0.00340569936   942.921072
11.1871719   9.6174974e+30   1.39967485   7.08127537e+12   -0.63964837   1.58605515   0.00421920027   684.012905   174.462525   44.148711   44.148711   0.000272322718   0.00337638628   942.905451
11.1877969   9.51356776e+30   1.39967833   7.02414981e+12   -0.639658842   1.58600554   0.00418521548   681.898074   174.298638   44.1475015   44.1475015   0.000270959567   0.00334724086   942.889798
11.1884219   9.41049411e+30   1.39968179   6.96735497e+12   -0.639669313   1.58595593   0.00415142701   679.785853   174.135118   44.146218   44.146218   0.000269599317   0.0033182589   942.874115
11.1890469   9.30827167e+30   1.39968522   6.91088172e+12   -0.639679782   1.5859063   0.00411782943   677.674191   173.971925   44.1448633   44.1448633   0.000268242497   0.00328943643   942.858408
11.1896719   9.20689571e+30   1.39968863   6.85472143e+12   -0.63969025   1.58585666   0.00408441757   675.561155   173.80902   44.1434404   44.1434404   0.000266889596   0.00326076969   942.842681
11.1902969   9.10636157e+30   1.399692   6.79886591e+12   -0.639700717   1.58580701   0.00405118656   673.44492   173.646367   44.1419518   44.1419518   0.000265541066   0.00323225514   942.826937
11.1909219   9.00666461e+30   1.39969535   6.74330741e+12   -0.639711182   1.58575735   0.00401813177   671.323768   173.483928   44.1404004   44.1404004   0.000264197327   0.00320388943   942.811181
11.1915469   8.90780028e+30   1.39969868   6.6880386e+12   -0.639721646   1.58570768   0.00398524882   669.196081   173.321671   44.1387887   44.1387887   0.000262858765   0.00317566941   942.795416
11.1921719   8.80976405e+30   1.39970197   6.63305258e+12   -0.639732109   1.58565801   0.0039525336   667.060339   173.159563   44.1371191   44.1371191   0.000261525736   0.00314759214   942.779647
11.1927969   8.71255147e+30   1.39970524   6.57834282e+12   -0.639742571   1.58560832   0.00391998222   664.915113   172.997573   44.135394   44.135394   0.000260198567   0.00311965483   942.763878
11.1934219   8.61615811e+30   1.39970848   6.5239032e+12   -0.639753031   1.58555862   0.00388759101   662.759064   172.835671   44.1336158   44.1336158   0.000258877558   0.00309185491   942.748112
11.1940469   8.52057961e+30   1.39971169   6.46972797e+12   -0.63976349   1.58550892   0.00385535655   660.59094   172.673829   44.1317868   44.1317868   0.000257562983   0.00306418995   942.732354
11.1946719   8.42581162e+30   1.39971488   6.41581172e+12   -0.639773947   1.58545921   0.0038232756   658.409572   172.512021   44.1299091   44.1299091   0.000256255091   0.00303665772   942.716608
11.1952969   8.33184989e+30   1.39971804   6.36214942e+12   -0.639784403   1.58540949   0.00379134517   656.213872   172.35022   44.127985   44.127985   0.000254954108   0.00300925613   942.700878
11.1959219   8.23869017e+30   1.39972118   6.30873635e+12   -0.639794858   1.58535976   0.00375956243   654.002831   172.188403   44.1260164   44.1260164   0.000253660238   0.00298198326   942.685168
11.1965469   8.14632826e+30   1.39972429   6.25556815e+12   -0.639805312   1.58531002   0.00372792478   651.775516   172.026546   44.1240055   44.1240055   0.000252373662   0.00295483734   942.669482
11.1971719   8.05476002e+30   1.39972737   6.20264075e+12   -0.639815764   1.58526027   0.00369642978   649.531068   171.864628   44.1219543   44.1219543   0.000251094542   0.00292781676   942.653824
11.1977969   7.96398133e+30   1.39973043   6.14995039e+12   -0.639826215   1.58521051   0.0036650752   647.268702   171.702629   44.1198646   44.1198646   0.00024982302   0.00290092005   942.638199
11.1984219   7.87398813e+30   1.39973346   6.09749362e+12   -0.639836665   1.58516075   0.00363385897   644.987703   171.540529   44.1177384   44.1177384   0.000248559219   0.00287414585   942.62261
11.1990469   7.78477638e+30   1.39973647   6.04526725e+12   -0.639847114   1.58511098   0.00360277918   642.687425   171.378309   44.1155777   44.1155777   0.000247303243   0.00284749299   942.607063
11.1996719   7.69634208e+30   1.39973945   5.9932684e+12   -0.639857561   1.5850612   0.00357183411   640.367291   171.215953   44.1133841   44.1133841   0.000246055181   0.00282096037   942.591561
11.2002969   7.60868128e+30   1.39974241   5.94149442e+12   -0.639868006   1.58501141   0.00354102218   638.02679   171.053445   44.1111595   44.1111595   0.000244815102   0.00279454706   942.576109
11.2009219   7.52179006e+30   1.39974534   5.88994294e+12   -0.639878451   1.58496161   0.00351034196   635.665476   170.890769   44.1089056   44.1089056   0.000243583061   0.00276825223   942.560711
11.2015469   7.43566453e+30   1.39974825   5.83861184e+12   -0.639888894   1.58491181   0.00347979219   633.282965   170.727912   44.1066242   44.1066242   0.000242359095   0.00274207517   942.545371
11.2021719   7.35030084e+30   1.39975113   5.78749922e+12   -0.639899336   1.584862   0.00344937173   630.87894   170.564861   44.104317   44.104317   0.000241143228   0.00271601528   942.530095
11.2027969   7.2656952e+30   1.39975398   5.73660344e+12   -0.639909776   1.58481218   0.00341907959   628.453141   170.401604   44.1019856   44.1019856   0.000239935469   0.00269007208   942.514887
11.2034219   7.18184373e+30   1.39975681   5.68595395e+12   -0.639920216   1.58476235   0.00338893333   626.014753   170.238317   44.0996345   44.0996345   0.000238733545   0.00266425996   942.499746
11.2040469   7.09874211e+30   1.39975962   5.63567986e+12   -0.639930654   1.58471251   0.00335900988   623.603015   170.075783   44.0972759   44.0972759   0.000237528014   0.00263864066   942.484645
11.2046719   7.01638564e+30   1.3997624   5.58578206e+12   -0.63994109   1.58466267   0.00332930982   621.218059   169.914023   44.0949083   44.0949083   0.000236318969   0.00261321422   942.469579
11.2052969   6.93476963e+30   1.39976516   5.53624558e+12   -0.639951526   1.58461282   0.00329982424   618.855277   169.752962   44.0925288   44.0925288   0.000235107626   0.00258797305   942.454546
11.2059219   6.85388949e+30   1.39976789   5.48705622e+12   -0.63996196   1.58456296   0.00327054471   616.510365   169.592528   44.0901346   44.0901346   0.000233895105   0.00256290998   942.439542
11.2065469   6.7737407e+30   1.3997706   5.43820051e+12   -0.639972392   1.5845131   0.00324146325   614.179297   169.432653   44.0877231   44.0877231   0.000232682435   0.00253801822   942.424566
11.2071719   6.69431879e+30   1.39977329   5.38966573e+12   -0.639982824   1.58446322   0.00321257228   611.858305   169.273272   44.0852917   44.0852917   0.000231470563   0.00251329132   942.409615
11.2077969   6.61561937e+30   1.39977595   5.34143983e+12   -0.639993254   1.58441335   0.00318386466   609.543867   169.114322   44.0828378   44.0828378   0.000230260359   0.00248872319   942.394687
11.2084219   6.53763812e+30   1.39977859   5.29351143e+12   -0.640003683   1.58436346   0.00315533364   607.232681   168.955745   44.0803591   44.0803591   0.000229052626   0.0024643081   942.379778
11.2090469   6.46037077e+30   1.3997812   5.24586983e+12   -0.64001411   1.58431357   0.00312697284   604.921661   168.797482   44.0778533   44.0778533   0.000227848099   0.00244004064   942.364887
11.2096719   6.38381311e+30   1.3997838   5.19850493e+12   -0.640024536   1.58426367   0.00309877628   602.60792   168.639481   44.0753182   44.0753182   0.000226647454   0.0024159157   942.350011
11.2102969   6.30796099e+30   1.39978636   5.15140723e+12   -0.640034961   1.58421376   0.00307073832   600.288756   168.48169   44.0727516   44.0727516   0.000225451312   0.0023919285   942.335147
11.2109219   6.23281032e+30   1.39978891   5.10456785e+12   -0.640045385   1.58416385   0.00304285368   597.961648   168.32406   44.0701514   44.0701514   0.00022426024   0.00236807455   942.320295
11.2115469   6.15835707e+30   1.39979143   5.05797844e+12   -0.640055807   1.58411393   0.00301511741   595.624245   168.166544   44.0675157   44.0675157   0.000223074757   0.00234434965   942.30545
11.2121719   6.08459726e+30   1.39979393   5.01163123e+12   -0.640066228   1.584064   0.00298752489   593.274357   168.009097   44.0648424   44.0648424   0.000221895337   0.00232074988   942.29061
11.2127969   6.01152695e+30   1.39979641   4.96551894e+12   -0.640076648   1.58401407   0.0029600718   590.90995   167.851678   44.0621298   44.0621298   0.000220722409   0.00229727157   942.275773
11.2134219   5.93914228e+30   1.39979886   4.91963483e+12   -0.640087066   1.58396413   0.00293275415   588.529137   167.694245   44.0593759   44.0593759   0.000219556364   0.00227391133   942.260937
11.2140469   5.86743942e+30   1.39980129   4.87397265e+12   -0.640097483   1.58391419   0.00290556821   586.130177   167.536761   44.0565791   44.0565791   0.000218397552   0.00225066602   942.246099
11.2146719   5.79641458e+30   1.3998037   4.82852661e+12   -0.640107899   1.58386424   0.00287851056   583.711467   167.37919   44.0537377   44.0537377   0.000217246287   0.00222753272   942.231257
11.2152969   5.72606405e+30   1.39980609   4.78329138e+12   -0.640118313   1.58381428   0.00285157804   581.271539   167.221497   44.05085   44.05085   0.00021610285   0.00220450876   942.216407
11.2159219   5.65638412e+30   1.39980846   4.73826209e+12   -0.640128726   1.58376432   0.00282476774   578.809054   167.06365   44.0479144   44.0479144   0.000214967487   0.00218159169   942.201548
11.2165469   5.58737117e+30   1.3998108   4.69343427e+12   -0.640139138   1.58371435   0.00279807704   576.322802   166.905618   44.0449294   44.0449294   0.000213840412   0.00215877928   942.186677
11.2171719   5.5190216e+30   1.39981312   4.64880388e+12   -0.640149548   1.58366438   0.00277150352   573.811697   166.747372   44.0418936   44.0418936   0.000212721811   0.00213606949   942.17179
11.2177969   5.45133186e+30   1.39981542   4.60436727e+12   -0.640159958   1.5836144   0.00274504502   571.274773   166.588885   44.0388055   44.0388055   0.000211611837   0.00211346051   942.156886
11.2184219   5.38429844e+30   1.3998177   4.56012117e+12   -0.640170365   1.58356442   0.00271869962   568.711183   166.430131   44.0356638   44.0356638   0.000210510618   0.0020909507   942.141962
11.2190469   5.31791787e+30   1.39981995   4.51606267e+12   -0.640180772   1.58351443   0.00269246558   566.120197   166.271088   44.0324671   44.0324671   0.000209418252   0.00206853861   942.127014
11.2196719   5.25218671e+30   1.39982219   4.4721945e+12   -0.640191177   1.58346443   0.00266634453   563.503205   166.111768   44.0292157   44.0292157   0.000208334323   0.00204622563   942.11204
11.2202969   5.18710127e+30   1.3998244   4.42863605e+12   -0.640201581   1.58341443   0.00264040758   560.90578   165.952972   44.0259407   44.0259407   0.000207247691   0.00202407182   942.097038
11.2209219   5.12265733e+30   1.39982659   4.38542667e+12   -0.640211984   1.58336442   0.00261467817   558.34249   165.794979   44.0226539   44.0226539   0.000206154957   0.00200209695   942.082009
11.2215469   5.05885064e+30   1.39982876   4.34255236e+12   -0.640222385   1.58331441   0.00258914794   555.807629   165.637709   44.0193533   44.0193533   0.000205057671   0.0019802939   942.066952
11.2221719   4.99567704e+30   1.39983091   4.2999999e+12   -0.640232785   1.58326439   0.00256380904   553.295912   165.481088   44.0160368   44.0160368   0.000203957251   0.00195865597   942.05187
11.2227969   4.93313238e+30   1.39983304   4.25775683e+12   -0.640243184   1.58321437   0.00253865405   550.802441   165.325045   44.0127027   44.0127027   0.000202854994   0.00193717685   942.036762
11.2234219   4.87121261e+30   1.39983515   4.21581145e+12   -0.640253581   1.58316434   0.00251367599   548.322677   165.169513   44.0093489   44.0093489   0.000201752086   0.00191585061   942.02163
11.2240469   4.80991371e+30   1.39983723   4.17415274e+12   -0.640263977   1.58311431   0.00248886833   545.852412   165.014427   44.0059739   44.0059739   0.000200649612   0.00189467166   942.006474
11.2246719   4.74923171e+30   1.3998393   4.13277041e+12   -0.640274372   1.58306428   0.00246422491   543.387745   164.859728   44.0025759   44.0025759   0.000199548563   0.00187363479   941.991295
11.2252969   4.68916271e+30   1.39984135   4.09165478e+12   -0.640284766   1.58301423   0.00243974   540.925067   164.705357   43.9991534   43.9991534   0.000198449842   0.0018527351   941.976092
11.2259219   4.62970285e+30   1.39984337   4.05079686e+12   -0.640295158   1.58296419   0.00241540822   538.461038   164.551261   43.9957047   43.9957047   0.000197354273   0.00183196803   941.960868
11.2265469   4.57084829e+30   1.39984538   4.01018822e+12   -0.640305549   1.58291414   0.00239122457   535.992574   164.397387   43.9922286   43.9922286   0.000196262603   0.00181132931   941.945621
11.2271719   4.51259528e+30   1.39984737   3.96982106e+12   -0.640315938   1.58286408   0.0023671844   533.51683   164.243688   43.9887235   43.9887235   0.000195175511   0.00179081499   941.930354
11.2277969   4.45494009e+30   1.39984933   3.92968813e+12   -0.640326327   1.58281402   0.00234328339   531.031191   164.090116   43.9851882   43.9851882   0.00019409361   0.0017704214   941.915065
11.2284219   4.39787903e+30   1.39985128   3.88978272e+12   -0.640336714   1.58276396   0.00231951756   528.533262   163.936628   43.9816213   43.9816213   0.000193017451   0.00175014516   941.899756
11.2290469   4.34140848e+30   1.39985321   3.85009865e+12   -0.640347099   1.58271389   0.00229588321   526.020853   163.783184   43.9780218   43.9780218   0.000191947527   0.00172998313   941.884427
11.2296719   4.28552482e+30   1.39985511   3.81063025e+12   -0.640357484   1.58266382   0.00227237699   523.491974   163.629744   43.9743884   43.9743884   0.000190884279   0.00170993244   941.869079
11.2302969   4.2302245e+30   1.399857   3.77137233e+12   -0.640367867   1.58261375   0.00224899578   520.944827   163.476272   43.9707201   43.9707201   0.000189828094   0.00168999046   941.853711
11.2309219   4.17550401e+30   1.39985887   3.73232015e+12   -0.640378248   1.58256367   0.00222573678   518.377799   163.322735   43.9670158   43.9670158   0.000188779312   0.00167015482   941.838324
11.2315469   4.12135985e+30   1.39986072   3.69346944e+12   -0.640388629   1.58251358   0.00220259745   515.789453   163.169099   43.9632745   43.9632745   0.000187738225   0.00165042334   941.822919
11.2321719   4.06778859e+30   1.39986255   3.65481634e+12   -0.640399008   1.58246349   0.00217957548   513.178526   163.015337   43.9594955   43.9594955   0.000186705082   0.00163079409   941.807495
11.2327969   4.01478681e+30   1.39986436   3.61635742e+12   -0.640409386   1.5824134   0.00215666883   510.54392   162.861419   43.9556777   43.9556777   0.000185680088   0.00161126531   941.792054
11.2334219   3.96235113e+30   1.39986615   3.57808962e+12   -0.640419762   1.58236331   0.00213387569   507.884701   162.70732   43.9518205   43.9518205   0.000184663411   0.00159183549   941.776595
11.2340469   3.91047823e+30   1.39986793   3.54001027e+12   -0.640430138   1.58231321   0.00211119446   505.20009   162.553018   43.947923   43.947923   0.000183655176   0.00157250326   941.761118
11.2346719   3.85916477e+30   1.39986968   3.50211705e+12   -0.640440511   1.58226311   0.00208862376   502.48946   162.398489   43.9439846   43.9439846   0.000182655474   0.00155326746   941.745624
11.2352969   3.8084075e+30   1.39987142   3.46440801e+12   -0.640450884   1.582213   0.00206616244   499.752332   162.243714   43.9400047   43.9400047   0.00018166436   0.00153412711   941.730114
11.2359219   3.75820316e+30   1.39987314   3.4268815e+12   -0.640461255   1.58216289   0.00204380951   496.988372   162.088675   43.9359827   43.9359827   0.000180681852   0.00151508137   941.714586
11.2365469   3.70854847e+30   1.39987484   3.38958353e+12   -0.640471625   1.58211278   0.00202159244   494.219554   161.93372   43.9319344   43.9319344   0.000179702454   0.0014961527   941.699016
11.2371719   3.65943968e+30   1.39987652   3.35261723e+12   -0.640481994   1.58206266   0.00199957278   491.493957   161.779649   43.9278959   43.9278959   0.000178714353   0.00147739152   941.683346
11.2377969   3.61087287e+30   1.39987818   3.31597048e+12   -0.640492361   1.58201255   0.0019777433   488.805251   161.626388   43.9238631   43.9238631   0.000177719298   0.00145879206   941.667585
11.2384219   3.56284414e+30   1.39987983   3.27962724e+12   -0.640502727   1.58196242   0.00195609441   486.145478   161.473831   43.919831   43.919831   0.000176719398   0.00144034664   941.651743
11.2390469   3.5153497e+30   1.39988145   3.24357252e+12   -0.640513092   1.5819123   0.00193461718   483.507357   161.321875   43.9157945   43.9157945   0.000175716562   0.00142204808   941.63583
11.2396719   3.4683858e+30   1.39988306   3.20779231e+12   -0.640523456   1.58186217   0.00191330323   480.884219   161.170426   43.9117488   43.9117488   0.000174712514   0.00140388969   941.619856
11.2402969   3.42194873e+30   1.39988465   3.17227359e+12   -0.640533818   1.58181204   0.0018921448   478.26996   161.019394   43.9076895   43.9076895   0.000173708811   0.00138586525   941.603833
11.2409219   3.37603487e+30   1.39988623   3.13700428e+12   -0.640544179   1.58176191   0.00187113465   475.658989   160.868695   43.903612   43.903612   0.000172706859   0.00136796902   941.587769
11.2415469   3.33064064e+30   1.39988779   3.10197317e+12   -0.640554538   1.58171177   0.00185026611   473.046199   160.718247   43.8995125   43.8995125   0.000171707923   0.00135019568   941.571676
11.2421719   3.28576252e+30   1.39988933   3.06716992e+12   -0.640564897   1.58166163   0.00182953298   470.426925   160.567975   43.8953868   43.8953868   0.000170713141   0.00133254031   941.555562
11.2427969   3.24139703e+30   1.39989085   3.03258498e+12   -0.640575253   1.58161149   0.00180892957   467.796921   160.417808   43.8912313   43.8912313   0.000169723533   0.00131499843   941.539439
11.2434219   3.19754075e+30   1.39989235   2.99820962e+12   -0.640585609   1.58156135   0.00178845067   465.152333   160.267679   43.8870424   43.8870424   0.000168740012   0.00129756592   941.523315
11.2440469   3.1541903e+30   1.39989384   2.96403585e+12   -0.640595963   1.5815112   0.00176809148   462.489677   160.117525   43.8828166   43.8828166   0.000167763386   0.00128023904   941.507202
11.2446719   3.11134237e+30   1.39989531   2.93005639e+12   -0.640606316   1.58146105   0.00174784767   459.805823   159.967286   43.8785506   43.8785506   0.000166794369   0.00126301442   941.49111
11.2452969   3.06899368e+30   1.39989677   2.89626466e+12   -0.640616668   1.5814109   0.00172771529   457.097977   159.816906   43.8742412   43.8742412   0.000165833588   0.001245889   941.475049
11.2459219   3.02714097e+30   1.39989821   2.86265474e+12   -0.640627019   1.58136075   0.00170769081   454.363667   159.666334   43.8698856   43.8698856   0.000164881583   0.00122886008   941.45903
11.2465469   2.98578107e+30   1.39989963   2.82922134e+12   -0.640637368   1.58131059   0.00168777106   451.600731   159.515521   43.8654808   43.8654808   0.000163938815   0.00121192524   941.443064
11.2471719   2.94491083e+30   1.39990103   2.79595977e+12   -0.640647716   1.58126044   0.00166795323   448.807308   159.364421   43.861024   43.861024   0.000163005672   0.00119508238   941.427161
11.2477969   2.90452712e+30   1.39990242   2.76286592e+12   -0.640658062   1.58121028   0.00164823486   445.981822   159.212991   43.8565128   43.8565128   0.000162082465   0.00117832968   941.411335
11.2484219   2.86462689e+30   1.39990379   2.72993622e+12   -0.640668407   1.58116012   0.00162861382   443.122979   159.061193   43.8519445   43.8519445   0.000161169441   0.00116166558   941.395595
11.2490469   2.82520702e+30   1.39990515   2.6972162e+12   -0.640678751   1.58110995   0.00160911727   440.257122   158.909418   43.8473374   43.8473374   0.000160259776   0.00114511233   941.379913
11.2496719   2.78626404e+30   1.39990649   2.66479856e+12   -0.640689094   1.58105979   0.00158980062   437.436162   158.758486   43.842731   43.842731   0.000159340281   0.00112871485   941.364216
11.2502969   2.74779428e+30   1.39990781   2.63267246e+12   -0.640699435   1.58100962   0.00157065739   434.653008   158.608318   43.8381224   43.8381224   0.000158412963   0.00111246765   941.348505
11.2509219   2.70979415e+30   1.39990912   2.60082476e+12   -0.640709775   1.58095945   0.00155167974   431.899534   158.45881   43.8335078   43.8335078   0.000157480063   0.00109636413   941.332787
11.2515469   2.6722601e+30   1.39991041   2.56924325e+12   -0.640720114   1.58090928   0.0015328604   429.168387   158.309869   43.8288833   43.8288833   0.000156543589   0.0010803982   941.317068
11.2521719   2.63518862e+30   1.39991169   2.53791669e+12   -0.640730451   1.58085911   0.00151419267   426.452916   158.161405   43.8242455   43.8242455   0.000155605341   0.00106456421   941.301353
11.2527969   2.59857623e+30   1.39991295   2.5068347e+12   -0.640740787   1.58080894   0.00149567035   423.747116   158.013333   43.819591   43.819591   0.000154666924   0.00104885698   941.285648
11.2534219   2.56241953e+30   1.3999142   2.47598774e+12   -0.640751122   1.58075877   0.00147728777   421.045575   157.865575   43.8149168   43.8149168   0.000153729773   0.00103327173   941.269959
11.2540469   2.52671513e+30   1.39991543   2.44536709e+12   -0.640761456   1.58070859   0.00145903971   418.343428   157.718058   43.8102198   43.8102198   0.000152795158   0.0010178041   941.254292
11.2546719   2.49145968e+30   1.39991665   2.41496478e+12   -0.640771788   1.58065841   0.00144092143   415.636325   157.570713   43.8054972   43.8054972   0.000151864204   0.00100245012   941.238652
11.2552969   2.45664989e+30   1.39991785   2.38477361e+12   -0.640782119   1.58060824   0.00142292861   412.920392   157.423475   43.8007466   43.8007466   0.000150937897   0.000987206187   941.223046
11.2559219   2.42228249e+30   1.39991903   2.35478702e+12   -0.640792448   1.58055806   0.00140505738   410.192203   157.276286   43.7959653   43.7959653   0.000150017098   0.000972069041   941.20748
11.2565469   2.38835424e+30   1.3999202   2.32499916e+12   -0.640802776   1.58050788   0.00138730422   407.448757   157.12909   43.7911511   43.7911511   0.00014910255   0.000957035762   941.19196
11.2571719   2.35486196e+30   1.39992136   2.2954048e+12   -0.640813103   1.5804577   0.00136966601   404.687453   156.981835   43.7863019   43.7863019   0.000148194882   0.000942103746   941.176492
11.2577969   2.32180246e+30   1.3999225   2.26599929e+12   -0.640823429   1.58040752   0.00135213999   401.90607   156.834474   43.7814156   43.7814156   0.000147294623   0.000927270691   941.161083
11.2584219   2.28917263e+30   1.39992363   2.23677858e+12   -0.640833753   1.58035734   0.00133472373   399.102747   156.686964   43.7764905   43.7764905   0.000146402201   0.00091253458   941.145739
11.2590469   2.25696936e+30   1.39992474   2.20773914e+12   -0.640844076   1.58030715   0.00131741514   396.27597   156.539264   43.7715246   43.7715246   0.000145517956   0.00089789367   941.130466
11.2596719   2.22518958e+30   1.39992584   2.17887797e+12   -0.640854398   1.58025697   0.00130021241   393.42455   156.391338   43.7665166   43.7665166   0.000144642138   0.000883346472   941.115272
11.2602969   2.19383024e+30   1.39992692   2.15019253e+12   -0.640864719   1.58020679   0.00128311404   390.547613   156.243153   43.7614648   43.7614648   0.000143774915   0.000868891741   941.100163
11.2609219   2.16288833e+30   1.39992799   2.12168076e+12   -0.640875038   1.5801566   0.00126611879   387.644582   156.09468   43.7563681   43.7563681   0.000142916379   0.000854528463   941.085146
11.2615469   2.13236081e+30   1.39992905   2.09337827e+12   -0.640885356   1.58010642   0.00124924794   384.74131   155.946283   43.7512441   43.7512441   0.000142059483   0.000840272914   941.070196
11.2621719   2.10224434e+30   1.39993009   2.06537012e+12   -0.640895672   1.58005623   0.00123255229   381.896637   155.798858   43.7461362   43.7461362   0.000141188466   0.000826164308   941.05524
11.2627969   2.07253543e+30   1.39993112   2.03764123e+12   -0.640905988   1.58000605   0.00121602283   379.097916   155.652266   43.7410377   43.7410377   0.000140307024   0.000812196191   941.040288
11.2634219   2.04323066e+30   1.39993213   2.01017295e+12   -0.640916301   1.57995586   0.00119964845   376.330597   155.506324   43.7359398   43.7359398   0.000139419311   0.000798360466   941.025357
11.2640469   2.01432668e+30   1.39993313   1.98294819e+12   -0.640926614   1.57990567   0.00118341893   373.5817   155.360865   43.730834   43.730834   0.000138528993   0.000784649749   941.010464
11.2646719   1.9858202e+30   1.39993412   1.95595131e+12   -0.640936925   1.57985549   0.00116732495   370.839652   155.215728   43.7257125   43.7257125   0.000137639314   0.000771057331   940.995624
11.2652969   1.95770796e+30   1.39993509   1.92916808e+12   -0.640947236   1.5798053   0.001151358   368.094142   155.070767   43.7205681   43.7205681   0.00013675313   0.000757577151   940.980854
11.2659219   1.92998679e+30   1.39993605   1.90258559e+12   -0.640957544   1.57975512   0.00113551037   365.336008   154.925841   43.7153935   43.7153935   0.000135872954   0.000744203771   940.96617
11.2665469   1.90265356e+30   1.399937   1.87619218e+12   -0.640967852   1.57970493   0.00111977511   362.55715   154.780822   43.7101824   43.7101824   0.00013500099   0.000730932345   940.951591
11.2671719   1.87570519e+30   1.39993793   1.8499774e+12   -0.640978158   1.57965474   0.00110414597   359.750446   154.635586   43.7049282   43.7049282   0.000134139153   0.000717758594   940.937132
11.2677969   1.84913865e+30   1.39993885   1.82393193e+12   -0.640988463   1.57960456   0.00108861737   356.909693   154.490021   43.6996253   43.6996253   0.000133289098   0.000704678772   940.922812
11.2684219   1.82295095e+30   1.39993976   1.79804753e+12   -0.640998766   1.57955437   0.0010731844   354.029557   154.34402   43.6942678   43.6942678   0.000132452237   0.00069168965   940.908649
11.2690469   1.79713916e+30   1.39994066   1.77231697e+12   -0.641009069   1.57950419   0.00105784274   351.105525   154.197484   43.6888505   43.6888505   0.000131629753   0.000678788481   940.894663
11.2696719   1.7717004e+30   1.39994154   1.74674042e+12   -0.641019369   1.579454   0.00104259247   348.139589   154.050399   43.6833723   43.6833723   0.000130820959   0.000665975786   940.880881
11.2702969   1.7466316e+30   1.39994241   1.72141346e+12   -0.641029669   1.57940382   0.00102749044   345.217254   153.903939   43.6778894   43.6778894   0.000130001074   0.000653293658   940.867433
11.2709219   1.72192948e+30   1.39994327   1.6963595e+12   -0.641039967   1.57935364   0.00101255062   342.356722   153.758405   43.6724173   43.6724173   0.00012916508   0.000640752122   940.85433
11.2715469   1.69759073e+30   1.39994411   1.67156612e+12   -0.641050265   1.57930346   0.000997765666   339.544588   153.613658   43.6669503   43.6669503   0.00012831712   0.000628345503   940.841533
11.2721719   1.67361208e+30   1.39994494   1.64702198e+12   -0.64106056   1.57925327   0.000983128879   336.769029   153.469566   43.6614828   43.6614828   0.000127460844   0.000616068642   940.829002
11.2727969   1.64999028e+30   1.39994576   1.6227168e+12   -0.641070855   1.57920309   0.000968634177   334.019632   153.326011   43.6560097   43.6560097   0.000126599454   0.000603916865   940.8167
11.2734219   1.62672213e+30   1.39994657   1.59864124e+12   -0.641081148   1.57915291   0.000954276053   331.287253   153.18288   43.6505265   43.6505265   0.000125735753   0.00059188596   940.804588
11.2740469   1.60380443e+30   1.39994737   1.57478691e+12   -0.64109144   1.57910273   0.000940049546   328.563896   153.040072   43.6450287   43.6450287   0.000124872178   0.000579972147   940.792629
11.2746719   1.58123401e+30   1.39994815   1.55114625e+12   -0.64110173   1.57905255   0.000925950206   325.84261   152.89749   43.6395123   43.6395123   0.000124010839   0.000568172059   940.780786
11.2752969   1.55900776e+30   1.39994893   1.52771256e+12   -0.64111202   1.57900238   0.00091197407   323.117406   152.755048   43.6339737   43.6339737   0.00012315354   0.000556482714   940.769021
11.2759219   1.53712255e+30   1.39994969   1.50447987e+12   -0.641122307   1.5789522   0.000898117628   320.383177   152.612665   43.6284093   43.6284093   0.000122301813   0.000544901496   940.757295
11.2765469   1.51557529e+30   1.39995044   1.48144295e+12   -0.641132594   1.57890203   0.0008843778   317.635637   152.470269   43.6228161   43.6228161   0.000121456933   0.000533426125   940.74557
11.2771719   1.49436293e+30   1.39995118   1.45859725e+12   -0.64114288   1.57885185   0.000870751909   314.871257   152.327791   43.6171913   43.6171913   0.000120619941   0.000522054646   940.733806
11.2777969   1.4734824e+30   1.3999519   1.43593883e+12   -0.641153164   1.57880168   0.00085723765   312.087221   152.185172   43.6115322   43.6115322   0.000119791664   0.000510785396   940.721966
11.2784219   1.45293068e+30   1.39995262   1.41346438e+12   -0.641163446   1.57875151   0.000843833076   309.281369   152.042357   43.6058364   43.6058364   0.000118972724   0.000499616996   940.710007
11.2790469   1.43270477e+30   1.39995332   1.39117112e+12   -0.641173728   1.57870134   0.000830536564   306.45216   151.899295   43.600102   43.600102   0.000118163562   0.00048854832   940.697888
11.2796719   1.41280167e+30   1.39995402   1.36905679e+12   -0.641184008   1.57865117   0.000817346801   303.598624   151.755945   43.594327   43.594327   0.000117364444   0.000477578486   940.685569
11.2802969   1.39321841e+30   1.3999547   1.34711962e+12   -0.641194287   1.57860101   0.000804262758   300.720328   151.612268   43.5885098   43.5885098   0.000116575475   0.00046670683   940.673005
11.2809219   1.37395204e+30   1.39995537   1.32535827e+12   -0.641204564   1.57855084   0.000791283671   297.81733   151.46823   43.5826491   43.5826491   0.000115796615   0.000455932896   940.660153
11.2815469   1.35499961e+30   1.39995603   1.30377183e+12   -0.641214841   1.57850068   0.000778409022   294.890145   151.323804   43.5767437   43.5767437   0.000115027684   0.00044525641   940.646968
11.2821719   1.33635819e+30   1.39995668   1.28235983e+12   -0.641225116   1.57845052   0.000765638553   291.939776   151.178967   43.5707927   43.5707927   0.000114268358   0.0004346773   940.633403
11.2827969   1.31802482e+30   1.39995732   1.26117153e+12   -0.641235389   1.57840036   0.000753001784   289.023707   151.034588   43.5648489   43.5648489   0.000113500755   0.000424216161   940.61927
11.2834219   1.29999637e+30   1.39995795   1.24024236e+12   -0.641245662   1.5783502   0.000740519873   286.179022   150.891294   43.5589481   43.5589481   0.000112713596   0.000413887744   940.604514
11.2840469   1.28226967e+30   1.39995857   1.21956191e+12   -0.641255933   1.57830005   0.000728186485   283.389581   150.748892   43.553076   43.553076   0.000111912235   0.000403687719   940.589261
11.2846719   1.26484157e+30   1.39995918   1.19912075e+12   -0.641266203   1.57824989   0.000715995898   280.641473   150.607203   43.5472191   43.5472191   0.000111101292   0.000393612195   940.573631
11.2852969   1.24770893e+30   1.39995977   1.17891041e+12   -0.641276471   1.57819974   0.000703942957   277.922759   150.466064   43.5413653   43.5413653   0.000110284734   0.000383657695   940.557745
11.2859219   1.2308686e+30   1.39996036   1.15892331e+12   -0.641286738   1.57814959   0.000692023044   275.223246   150.325326   43.535503   43.535503   0.00010946594   0.000373821128   940.541724
11.2865469   1.21431748e+30   1.39996094   1.13915267e+12   -0.641297004   1.57809945   0.000680232036   272.534312   150.18485   43.5296218   43.5296218   0.000108647763   0.000364099763   940.525687
11.2871719   1.19805244e+30   1.39996151   1.11959251e+12   -0.641307269   1.5780493   0.000668566274   269.848742   150.044511   43.5237119   43.5237119   0.00010783258   0.000354491207   940.509755
11.2877969   1.18207037e+30   1.39996207   1.10023752e+12   -0.641317532   1.57799916   0.00065702253   267.160597   149.904194   43.5177644   43.5177644   0.000107022338   0.000344993376   940.494047
11.2884219   1.16636819e+30   1.39996262   1.0810831e+12   -0.641327794   1.57794902   0.000645597975   264.465099   149.763794   43.511771   43.511771   0.000106218595   0.000335604473   940.478686
11.2890469   1.1509428e+30   1.39996316   1.06212523e+12   -0.641338055   1.57789888   0.000634290151   261.758524   149.623218   43.5057242   43.5057242   0.000105422555   0.000326322966   940.463796
11.2896719   1.13579113e+30   1.39996369   1.04336048e+12   -0.641348314   1.57784875   0.000623096944   259.038108   149.482379   43.499617   43.499617   0.0001046351   0.000317147568   940.4495
11.2902969   1.12091009e+30   1.39996421   1.02478591e+12   -0.641358573   1.57779862   0.000612016551   256.301963   149.341202   43.4934432   43.4934432   0.000103856821   0.000308077211   940.435926
11.2909219   1.10629663e+30   1.39996472   1.00640517e+12   -0.641368829   1.57774849   0.000601051068   253.557424   149.199767   43.4872026   43.4872026   0.000103085247   0.000299113251   940.423238
11.2915469   1.09194762e+30   1.39996522   9.88257729e+11   -0.641379085   1.57769836   0.000590223951   250.85956   149.059033   43.4809357   43.4809357   0.000102302219   0.000290270181   940.411633
11.2921719   1.0778599e+30   1.39996571   9.70341119e+11   -0.641389339   1.57764824   0.000579533977   248.202396   148.918943   43.4746535   43.4746535   0.000101510055   0.000281547231   940.400765
11.2927969   1.06403033e+30   1.3999662   9.52644291e+11   -0.641399592   1.57759812   0.000568974843   245.569052   148.779226   43.4683589   43.4683589   0.000100714656   0.000272940544   940.390208
11.2934219   1.05045583e+30   1.39996667   9.35157426e+11   -0.641409844   1.577548   0.000558540957   242.945407   148.639635   43.4620546   43.4620546   9.99209571e-05   0.00026444675   940.379538
11.2940469   1.03713332e+30   1.39996714   9.17871841e+11   -0.641420094   1.57749789   0.000548227386   240.319776   148.499942   43.4557435   43.4557435   9.91330347e-05   0.000256062933   940.368326
11.2946719   1.02405976e+30   1.3999676   9.00779907e+11   -0.641430343   1.57744777   0.00053802981   237.68265   148.359939   43.4494281   43.4494281   9.83542027e-05   0.000247786602   940.356144
11.2952969   1.01123216e+30   1.39996805   8.83880477e+11   -0.641440591   1.57739767   0.000527947772   235.039506   148.21967   43.4431255   43.4431255   9.75823242e-05   0.00023961623   940.342536
11.2959219   9.98647557e+29   1.39996849   8.67191755e+11   -0.641450837   1.57734756   0.000517992139   232.43143   148.079856   43.4368771   43.4368771   9.68025748e-05   0.000231554542   940.327408
11.2965469   9.86302962e+29   1.39996892   8.507162e+11   -0.641461083   1.57729746   0.000508164063   229.851349   147.940406   43.4306567   43.4306567   9.60181399e-05   0.000223604993   940.311263
11.2971719   9.74195323e+29   1.39996935   8.34454169e+11   -0.641471327   1.57724736   0.000498463446   227.289105   147.801151   43.4244337   43.4244337   9.52333058e-05   0.000215770639   940.294637
11.2977969   9.62321525e+29   1.39996976   8.18405903e+11   -0.641481569   1.57719727   0.000488890143   224.736535   147.66194   43.4181803   43.4181803   9.4451578e-05   0.000208054231   940.278062
11.2984219   9.50678396e+29   1.39997017   8.02571519e+11   -0.641491811   1.57714717   0.000479443961   222.187262   147.522636   43.4118709   43.4118709   9.36757541e-05   0.000200458223   940.26207
11.2990469   9.39262714e+29   1.39997057   7.86951013e+11   -0.641502051   1.57709709   0.000470124653   219.636509   147.383118   43.4054822   43.4054822   9.29079932e-05   0.000192984775   940.247193
11.2996719   9.28071234e+29   1.39997096   7.71544405e+11   -0.641512289   1.577047   0.000460932074   217.098578   147.243635   43.3990203   43.3990203   9.21424756e-05   0.000185632787   940.233824
11.3002969   9.17100849e+29   1.39997135   7.56353359e+11   -0.641522527   1.57699692   0.000451867399   214.604525   147.104808   43.392535   43.392535   9.13665351e-05   0.00017839749   940.221686
11.3009219   9.06348472e+29   1.39997173   7.41380285e+11   -0.641532763   1.57694685   0.000442932307   212.142458   146.966405   43.3860253   43.3860253   9.0585696e-05   0.000171280725   940.210348
11.3015469   8.95810949e+29   1.3999721   7.26627141e+11   -0.641542998   1.57689677   0.000434128188   209.701375   146.828183   43.3794884   43.3794884   8.98051276e-05   0.000164284252   940.199382
11.3021719   8.85485065e+29   1.39997246   7.12095445e+11   -0.641553231   1.57684671   0.000425456153   207.272585   146.689925   43.3729222   43.3729222   8.90290272e-05   0.000157409493   940.188366
11.3027969   8.75367554e+29   1.39997282   6.97786301e+11   -0.641563464   1.57679664   0.000416917048   204.84946   146.55144   43.3663249   43.3663249   8.82607166e-05   0.000150657554   940.176881
11.3034219   8.65455099e+29   1.39997316   6.8370042e+11   -0.641573695   1.57674658   0.000408511465   202.42719   146.412556   43.3596953   43.3596953   8.75027345e-05   0.000144029238   940.164514
11.3040469   8.55744414e+29   1.39997351   6.69828421e+11   -0.641583924   1.57669652   0.00040023391   200.024054   146.273665   43.3530654   43.3530654   8.67464014e-05   0.000137515642   940.150976
11.3046719   8.4623248e+29   1.39997384   6.56163296e+11   -0.641594153   1.57664647   0.000392080077   197.663817   146.135351   43.3464652   43.3464652   8.59807608e-05   0.000131108945   940.136501
11.3052969   8.3691624e+29   1.39997417   6.4271589e+11   -0.64160438   1.57659642   0.000384056265   195.336614   145.997373   43.3398673   43.3398673   8.5211611e-05   0.000124818106   940.121456
11.3059219   8.27792483e+29   1.39997449   6.29495485e+11   -0.641614606   1.57654638   0.000376167859   193.03448   145.859511   43.3332466   43.3332466   8.44438497e-05   0.000118650971   940.106203
11.3065469   8.18857861e+29   1.3999748   6.16509773e+11   -0.64162483   1.57649634   0.000368419308   190.751441   145.721574   43.3265811   43.3265811   8.36814075e-05   0.000112614187   940.091095
11.3071719   8.1010891e+29   1.39997511   6.03764984e+11   -0.641635053   1.57644631   0.000360814205   188.483286   145.583399   43.3198517   43.3198517   8.29273417e-05   0.000106713272   940.076478
11.3077969   8.01542066e+29   1.39997541   5.91266006e+11   -0.641645275   1.57639628   0.000353355359   186.22734   145.444852   43.3130421   43.3130421   8.21839344e-05   0.000100952682   940.062688
11.3084219   7.93153862e+29   1.39997571   5.78982598e+11   -0.641655496   1.57634625   0.000346024704   184.000563   145.30662   43.3061991   43.3061991   8.14400482e-05   9.53095397e-05   940.049836
11.3090469   7.84941385e+29   1.399976   5.66898076e+11   -0.641665715   1.57629623   0.000338812405   181.816725   145.169183   43.2993627   43.2993627   8.06876334e-05   8.9769864e-05   940.037659
11.3096719   7.76901584e+29   1.39997628   5.55035288e+11   -0.641675933   1.57624622   0.000331732201   179.669903   145.032127   43.2925086   43.2925086   7.9932804e-05   8.43499032e-05   940.025918
11.3102969   7.690311e+29   1.39997656   5.4341352e+11   -0.64168615   1.57619621   0.000324795693   177.555766   144.895089   43.285616   43.285616   7.91806539e-05   7.90634592e-05   940.014376
11.3109219   7.61326315e+29   1.39997683   5.32048809e+11   -0.641696366   1.5761462   0.000318012537   175.471445   144.75777   43.2786682   43.2786682   7.84353208e-05   7.39220006e-05   940.002803
11.3115469   7.53783392e+29   1.3999771   5.20954255e+11   -0.64170658   1.5760962   0.000311390626   173.415368   144.619937   43.2716523   43.2716523   7.7700074e-05   6.89348058e-05   939.990979
11.3121719   7.46398327e+29   1.39997736   5.10140035e+11   -0.641716793   1.5760462   0.000304936099   171.38708   144.481427   43.2645599   43.2645599   7.69773667e-05   6.41089176e-05   939.9787
11.3127969   7.39167456e+29   1.39997761   4.99537664e+11   -0.641727004   1.57599621   0.000298608029   169.390502   144.343427   43.2574666   43.2574666   7.62559097e-05   5.93949381e-05   939.966121
11.3134219   7.32088227e+29   1.39997786   4.89122932e+11   -0.641737215   1.57594623   0.00029239191   167.431812   144.206395   43.2504013   43.2504013   7.55296575e-05   5.47754737e-05   939.95342
11.3140469   7.25157654e+29   1.39997811   4.78938614e+11   -0.641747424   1.57589625   0.000286313285   165.515206   144.069637   43.2433201   43.2433201   7.4803623e-05   5.02814328e-05   939.940549
11.3146719   7.18372052e+29   1.39997835   4.6902078e+11   -0.641757632   1.57584627   0.000280393696   163.644557   143.932586   43.2361878   43.2361878   7.40822347e-05   4.59387618e-05   939.927462
11.3152969   7.11727179e+29   1.39997858   4.59399526e+11   -0.641767838   1.5757963   0.000274651115   161.823508   143.794836   43.2289789   43.2289789   7.33693602e-05   4.17685549e-05   939.914115
11.3159219   7.05218376e+29   1.39997881   4.50099721e+11   -0.641778043   1.57574634   0.000269100395   160.055514   143.656156   43.2216785   43.2216785   7.26683539e-05   3.7787318e-05   939.900474
11.3165469   6.98840708e+29   1.39997904   4.41140689e+11   -0.641788247   1.57569638   0.00026375308   158.343675   143.516519   43.214285   43.214285   7.19820401e-05   3.40065607e-05   939.886505
11.3171719   6.92589999e+29   1.39997926   4.32416169e+11   -0.64179845   1.57564643   0.000258545932   156.66966   143.378653   43.2070221   43.2070221   7.13028917e-05   3.03464434e-05   939.871536
11.3177969   6.86464032e+29   1.39997947   4.23888924e+11   -0.641808651   1.57559648   0.000253456708   155.031912   143.242889   43.1999095   43.1999095   7.06261487e-05   2.67824543e-05   939.855593
11.3184219   6.8045978e+29   1.39997969   4.15612403e+11   -0.641818851   1.57554654   0.000248517127   153.445253   143.107367   43.1927824   43.1927824   6.99542408e-05   2.33569547e-05   939.839327
11.3190469   6.74573037e+29   1.39997989   4.07631629e+11   -0.64182905   1.57549661   0.000243753907   151.921531   142.970658   43.1855107   43.1855107   6.92899613e-05   2.01043719e-05   939.823331
11.3196719   6.68798769e+29   1.3999801   3.99984477e+11   -0.641839247   1.57544668   0.000239189537   150.469941   142.831864   43.1780059   43.1780059   6.86364812e-05   1.70512318e-05   939.808114
11.3202969   6.63131463e+29   1.3999803   3.92702978e+11   -0.641849444   1.57539676   0.000234843053   149.097441   142.690653   43.1702238   43.1702238   6.79973249e-05   1.42165864e-05   939.794073
11.3209219   6.57565436e+29   1.3999805   3.85812552e+11   -0.641859638   1.57534685   0.000230729587   147.808502   142.547305   43.1621667   43.1621667   6.73762927e-05   1.16110734e-05   939.781466
11.3215469   6.52096743e+29   1.39998069   3.79171799e+11   -0.641869832   1.57529694   0.000226764976   146.555279   142.405851   43.1540717   43.1540717   6.67722929e-05   9.11408797e-06   939.769409
11.3221719   6.46722559e+29   1.39998088   3.7287335e+11   -0.641880024   1.57524703   0.000223004433   145.385641   142.263091   43.1458521   43.1458521   6.61806505e-05   6.82238028e-06   939.758278
11.3227969   6.41434063e+29   1.39998107   3.67167937e+11   -0.641890215   1.57519714   0.000219597418   144.384599   142.115592   43.1374073   43.1374073   6.56085437e-05   4.92703773e-06   939.749024
11.3234219   6.36220235e+29   1.39998125   3.6219986e+11   -0.641900405   1.57514725   0.000216630137   143.563749   141.968385   43.1290166   43.1290166   6.50794146e-05   3.46238794e-06   939.741448
11.3240469   6.31073786e+29   1.39998143   3.57716136e+11   -0.641910594   1.57509737   0.000213951858   142.848744   141.826169   43.1209213   43.1209213   6.45844058e-05   2.23247716e-06   939.734402
11.3246719   6.25991407e+29   1.39998162   3.53419056e+11   -0.641920781   1.5750475   0.000211384995   142.175163   141.687497   43.1130303   43.1130303   6.4100139e-05   1.07710906e-06   939.727363
11.3259219   6.160277e+29   1.39998197   3.43088355e+11   -0.641941152   1.57494777   0.00020534911   120   120   38   38   6.50272181e-05   0   0
11.3265469   6.11164783e+29   1.39998214   3.37879834e+11   -0.641951335   1.57489791   0.000202341089   120   120   38   38   6.40746782e-05   0   0
11.3271719   6.06371914e+29   1.39998231   3.33299812e+11   -0.641961517   1.57484807   0.00019968288   120   120   38   38   6.32329119e-05   0   0
11.3277969   6.01639208e+29   1.39998248   3.28945836e+11   -0.641971698   1.57479823   0.000197143941   120   120   38   38   6.24289146e-05   0   0
11.3284219   5.96960068e+29   1.39998264   3.24801029e+11   -0.641981878   1.5747484   0.000194716776   120   120   38   38   6.16603123e-05   0   0
11.3290469   5.92329799e+29   1.39998281   3.20851402e+11   -0.641992056   1.57469858   0.000192395165   120   120   38   38   6.09251356e-05   0   0
11.3296719   5.87744845e+29   1.39998297   3.17084836e+11   -0.642002233   1.57464876   0.000190173661   120   120   38   38   6.02216594e-05   0   0
11.3309219   5.78700509e+29   1.39998329   3.10059026e+11   -0.642022584   1.57454915   0.000186011758   120   120   38   38   5.89037235e-05   0   0
11.3321719   5.69809487e+29   1.39998361   3.03647796e+11   -0.642042929   1.57444957   0.000182195265   120   120   38   38   5.76951673e-05   0   0
11.3334219   5.61059515e+29   1.39998392   2.97786518e+11   -0.64206327   1.57435003   0.000178692378   120   120   38   38   5.65859197e-05   0   0
11.3346719   5.52441212e+29   1.39998423   2.92418168e+11   -0.642083605   1.57425051   0.000175473921   120   120   38   38   5.55667416e-05   0   0
11.3359219   5.43947169e+29   1.39998453   2.874916e+11   -0.642103935   1.57415103   0.000172512839   120   120   38   38   5.46290656e-05   0   0
11.3371719   5.35571359e+29   1.39998483   2.82960387e+11   -0.64212426   1.57405158   0.000169783886   120   120   38   38   5.37648971e-05   0   0
11.3384219   5.27308761e+29   1.39998512   2.78782043e+11   -0.64214458   1.57395216   0.000167263425   120   120   38   38   5.29667512e-05   0   0
11.3396719   5.19155137e+29   1.39998541   2.74917459e+11   -0.642164895   1.57385277   0.000164929301   120   120   38   38   5.22276121e-05   0   0
11.3409219   5.11106868e+29   1.3999857   2.71330487e+11   -0.642185205   1.57375341   0.000162760734   120   120   38   38   5.1540899e-05   0   0
11.3421719   5.03160826e+29   1.39998598   2.67987602e+11   -0.642205509   1.57365409   0.000160738224   120   120   38   38   5.09004378e-05   0   0
11.3434219   4.95314295e+29   1.39998626   2.64857643e+11   -0.642225809   1.5735548   0.000158843485   122   122   40   40   5.20798311e-05   0   0
11.3446719   4.87564894e+29   1.39998654   2.61911596e+11   -0.642246103   1.57345554   0.000157059364   122   122   40   40   5.14948736e-05   0   0
11.3459219   4.79910539e+29   1.39998681   2.59122418e+11   -0.642266393   1.57335632   0.000155369791   122   122   40   40   5.0940915e-05   0   0
11.3471719   4.72349393e+29   1.39998708   2.56464888e+11   -0.642286677   1.57325712   0.000153759712   122   122   40   40   5.04130203e-05   0   0
11.3484219   4.64879846e+29   1.39998735   2.53915478e+11   -0.642306956   1.57315796   0.000152215045   122   122   40   40   4.99065721e-05   0   0
11.3496719   4.5750048e+29   1.39998762   2.51452243e+11   -0.64232723   1.57305883   0.000150722627   122   122   40   40   4.94172547e-05   0   0
11.3509219   4.50210056e+29   1.39998788   2.49054728e+11   -0.642347499   1.57295973   0.000149270173   122   122   40   40   4.89410404e-05   0   0
11.3521719   4.43007497e+29   1.39998814   2.46703883e+11   -0.642367763   1.57286067   0.000147846238   122   122   40   40   4.84741764e-05   0   0
11.3534219   4.35891875e+29   1.39998839   2.44381991e+11   -0.642388021   1.57276164   0.000146440178   122   122   40   40   4.80131731e-05   0   0
11.3546719   4.28862405e+29   1.39998864   2.42072606e+11   -0.642408275   1.57266264   0.000145042121   122   122   40   40   4.75547936e-05   0   0
11.3559219   4.21918431e+29   1.39998889   2.39760493e+11   -0.642428523   1.57256367   0.000143642937   122   122   40   40   4.70960449e-05   0   0
11.3571719   4.15059429e+29   1.39998914   2.37431579e+11   -0.642448767   1.57246474   0.000142234216   122   122   40   40   4.66341692e-05   0   0
11.3584219   4.08284998e+29   1.39998938   2.35072914e+11   -0.642469005   1.57236583   0.000140808243   122   122   40   40   4.6166637e-05   0   0
11.3596719   4.01594866e+29   1.39998962   2.32672628e+11   -0.642489238   1.57226696   0.000139357982   122   122   40   40   4.56911415e-05   0   0
11.3609219   3.94988884e+29   1.39998986   2.30219904e+11   -0.642509466   1.57216813   0.000137877059   122   122   40   40   4.52055931e-05   0   0
11.3621719   3.88467036e+29   1.39999009   2.27704947e+11   -0.64252969   1.57206932   0.000136359753   122   122   40   40   4.47081158e-05   0   0
11.3634219   3.8202944e+29   1.39999033   2.25118965e+11   -0.642549907   1.57197055   0.000134800986   122   122   40   40   4.41970445e-05   0   0
11.3646719   3.75676356e+29   1.39999055   2.22454152e+11   -0.64257012   1.57187181   0.000133196314   122   122   40   40   4.36709228e-05   0   0
11.3659219   3.69408196e+29   1.39999078   2.19703676e+11   -0.642590328   1.5717731   0.000131541933   122   122   40   40   4.31285026e-05   0   0
11.3671719   3.63225546e+29   1.399991   2.16861682e+11   -0.642610531   1.57167442   0.000129834672   122   122   40   40   4.25687451e-05   0   0
11.3684219   3.57129183e+29   1.39999122   2.13923291e+11   -0.642630729   1.57157578   0.00012807201   122   122   40   40   4.19908229e-05   0   0
11.3696719   3.5112008e+29   1.39999144   2.10892535e+11   -0.642650921   1.57147716   0.000126256662   122   122   40   40   4.1395627e-05   0   0
11.3709219   3.45198335e+29   1.39999165   2.07892051e+11   -0.642671109   1.57137858   0.00012445995   122   122   40   40   4.08065411e-05   0   0
11.3721719   3.39362409e+29   1.39999187   2.04959941e+11   -0.642691291   1.57128003   0.000122703919   122   122   40   40   4.0230793e-05   0   0
11.3734219   3.33610683e+29   1.39999207   2.02090366e+11   -0.642711469   1.57118152   0.000120985126   122   122   40   40   3.96672543e-05   0   0
11.3746719   3.27941652e+29   1.39999228   1.99277924e+11   -0.642731641   1.57108303   0.000119300384   122   122   40   40   3.91148801e-05   0   0
11.3759219   3.2235391e+29   1.39999248   1.96517619e+11   -0.642751808   1.57098458   0.000117646744   122   122   40   40   3.85727028e-05   0   0
11.3771719   3.16846138e+29   1.39999268   1.93804828e+11   -0.642771971   1.57088616   0.000116021474   122   122   40   40   3.80398274e-05   0   0
11.3784219   3.114171e+29   1.39999288   1.91135284e+11   -0.642792128   1.57078778   0.000114422051   122   122   40   40   3.75154266e-05   0   0
11.3796719   3.06065633e+29   1.39999307   1.88505046e+11   -0.64281228   1.57068942   0.000112846148   122   122   40   40   3.69987369e-05   0   0
11.3809219   3.00790646e+29   1.39999326   1.85910486e+11   -0.642832427   1.5705911   0.000111291617   124   124   44   44   3.94905739e-05   0   0
11.3821719   2.95591108e+29   1.39999345   1.83348266e+11   -0.642852569   1.57049281   0.000109756487   124   124   44   44   3.89458501e-05   0   0
11.3834219   2.90466048e+29   1.39999364   1.80815324e+11   -0.642872706   1.57039455   0.000108238945   124   124   44   44   3.84073676e-05   0   0
11.3846719   2.85414552e+29   1.39999382   1.78308853e+11   -0.642892838   1.57029632   0.000106737335   124   124   44   44   3.78745382e-05   0   0
11.3859219   2.80435755e+29   1.399994   1.75826295e+11   -0.642912965   1.57019813   0.000105250144   124   124   44   44   3.73468253e-05   0   0
11.3871719   2.75528842e+29   1.39999418   1.73365319e+11   -0.642933086   1.57009997   0.000103775997   124   124   44   44   3.6823741e-05   0   0
11.3884219   2.70693044e+29   1.39999435   1.70923814e+11   -0.642953203   1.57000184   0.000102313649   124   124   44   44   3.63048434e-05   0   0
11.3896719   2.65927633e+29   1.39999453   1.68499875e+11   -0.642973315   1.56990374   0.000100861979   124   124   44   44   3.57897344e-05   0   0
11.3909219   2.61231923e+29   1.3999947   1.66091792e+11   -0.642993421   1.56980567   9.94199799e-05   124   124   44   44   3.52780574e-05   0   0
11.3921719   2.56605269e+29   1.39999487   1.63698044e+11   -0.643013523   1.56970764   9.79867589e-05   124   124   44   44   3.47694951e-05   0   0
11.3934219   2.52047059e+29   1.39999503   1.61317283e+11   -0.64303362   1.56960964   9.65615268e-05   124   124   44   44   3.42637676e-05   0   0
11.3946719   2.47556721e+29   1.3999952   1.5894833e+11   -0.643053711   1.56951167   9.51435948e-05   124   124   44   44   3.37606304e-05   0   0
11.3959219   2.43133716e+29   1.39999536   1.56590165e+11   -0.643073798   1.56941373   9.37323697e-05   124   124   44   44   3.32598731e-05   0   0
11.3971719   2.38777538e+29   1.39999552   1.54241921e+11   -0.643093879   1.56931583   9.23273485e-05   124   124   44   44   3.27613172e-05   0   0
11.3984219   2.34487713e+29   1.39999567   1.51902874e+11   -0.643113956   1.56921796   9.0928115e-05   124   124   44   44   3.2264815e-05   0   0
11.3996719   2.302638e+29   1.39999583   1.49572438e+11   -0.643134027   1.56912012   8.95343351e-05   124   124   44   44   3.17702479e-05   0   0
11.4009219   2.26105388e+29   1.39999598   1.4725016e+11   -0.643154094   1.56902231   8.81457531e-05   124   124   44   44   3.12775253e-05   0   0
11.4021719   2.22012099e+29   1.39999613   1.44935711e+11   -0.643174155   1.56892454   8.67621888e-05   124   124   44   44   3.07865831e-05   0   0
11.4034219   2.1798358e+29   1.39999628   1.42628883e+11   -0.643194211   1.56882679   8.53835331e-05   124   124   44   44   3.02973827e-05   0   0
11.4046719   2.14019515e+29   1.39999642   1.40329585e+11   -0.643214263   1.56872908   8.4009746e-05   124   124   44   44   2.98099099e-05   0   0
11.4059219   2.10119612e+29   1.39999657   1.38037832e+11   -0.643234309   1.5686314   8.26408528e-05   124   124   44   44   2.93241736e-05   0   0
11.4071719   2.06283614e+29   1.39999671   1.35753749e+11   -0.643254351   1.56853375   8.12769422e-05   124   124   44   44   2.88402053e-05   0   0
11.4084219   2.02511291e+29   1.39999684   1.33477563e+11   -0.643274387   1.56843614   7.99181629e-05   124   124   44   44   2.83580578e-05   0   0
11.4090469   2.00648877e+29   1.39999691   1.32342487e+11   -0.643284403   1.56838734   7.92407353e-05   124   124   44   44   2.81176803e-05   0   0
11.4096719   1.98802304e+29   1.39999698   1.3120951e+11   -0.643294417   1.56833856   7.85646703e-05   124   124   44   44   2.78777862e-05   0   0
11.4102969   1.96971609e+29   1.39999705   1.30073171e+11   -0.643304431   1.56828978   7.78867558e-05   124   124   44   44   2.76372359e-05   0   0
11.4109219   1.95157103e+29   1.39999711   1.28920641e+11   -0.643314443   1.56824101   7.71994524e-05   126   126   44   44   2.69585389e-05   0   0
11.4115469   1.93359289e+29   1.39999718   1.27754644e+11   -0.643324454   1.56819224   7.65043773e-05   126   126   44   44   2.67158143e-05   0   0
11.4121719   1.91578657e+29   1.39999725   1.26578601e+11   -0.643334464   1.56814349   7.58035544e-05   126   126   44   44   2.64710825e-05   0   0
11.4127969   1.89815663e+29   1.39999731   1.25395793e+11   -0.643344472   1.56809474   7.50989177e-05   126   126   44   44   2.62250189e-05   0   0
11.4134219   1.88070715e+29   1.39999737   1.24209336e+11   -0.643354479   1.568046   7.43923024e-05   126   126   44   44   2.59782643e-05   0   0
11.4140469   1.86344156e+29   1.39999744   1.23022172e+11   -0.643364485   1.56799727   7.36854352e-05   126   126   44   44   2.57314218e-05   0   0
11.4146719   1.84636239e+29   1.3999975   1.21837045e+11   -0.64337449   1.56794855   7.29799246e-05   126   126   44   44   2.54850531e-05   0   0
11.4152969   1.82947114e+29   1.39999756   1.2065649e+11   -0.643384493   1.56789983   7.2277253e-05   126   126   44   44   2.52396757e-05   0   0
11.4159219   1.81276813e+29   1.39999762   1.1948282e+11   -0.643394495   1.56785112   7.15787708e-05   126   126   44   44   2.49957612e-05   0   0
11.4165469   1.79625245e+29   1.39999769   1.18318124e+11   -0.643404496   1.56780242   7.0885695e-05   126   126   44   44   2.47537348e-05   0   0
11.4171719   1.77992197e+29   1.39999775   1.17164272e+11   -0.643414496   1.56775373   7.01991124e-05   126   126   44   44   2.45139758e-05   0   0
11.4177969   1.76377343e+29   1.3999978   1.16022923e+11   -0.643424494   1.56770505   6.95199867e-05   126   126   44   44   2.42768208e-05   0   0
11.4184219   1.7478026e+29   1.39999786   1.14895548e+11   -0.643434491   1.56765637   6.88491694e-05   126   126   44   44   2.40425671e-05   0   0
11.4190469   1.73200448e+29   1.39999792   1.13783446e+11   -0.643444487   1.5676077   6.81874131e-05   126   126   44   44   2.38114776e-05   0   0
11.4196719   1.71637352e+29   1.39999798   1.12687774e+11   -0.643454482   1.56755904   6.75353863e-05   126   126   44   44   2.35837857e-05   0   0
11.4202969   1.70090381e+29   1.39999804   1.11609565e+11   -0.643464475   1.56751039   6.68936871e-05   126   126   44   44   2.33597003e-05   0   0
11.4209219   1.68558927e+29   1.39999809   1.10549756e+11   -0.643474468   1.56746175   6.62628563e-05   126   126   44   44   2.31394102e-05   0   0
11.4215469   1.67042379e+29   1.39999815   1.09509198e+11   -0.643484459   1.56741311   6.56433887e-05   126   126   44   44   2.29230881e-05   0   0
11.4221719   1.65540134e+29   1.3999982   1.08488681e+11   -0.643494448   1.56736448   6.50357422e-05   126   126   44   44   2.27108941e-05   0   0
11.4227969   1.64051609e+29   1.39999826   1.07488941e+11   -0.643504437   1.56731586   6.44403462e-05   126   126   44   44   2.2502978e-05   0   0
11.4240469   1.61113603e+29   1.39999837   1.05554603e+11   -0.64352441   1.56721865   6.32879523e-05   126   126   44   44   2.21005548e-05   0   0
11.4252969   1.58224062e+29   1.39999847   1.03711272e+11   -0.643544379   1.56712146   6.21892056e-05   126   126   44   44   2.17168655e-05   0   0
11.4265469   1.5537926e+29   1.39999858   1.01963733e+11   -0.643564343   1.56702431   6.11469542e-05   126   126   44   44   2.13529046e-05   0   0
11.4277969   1.52575907e+29   1.39999868   1.00316486e+11   -0.643584302   1.56692719   6.0163906e-05   126   126   44   44   2.1009618e-05   0   0
11.4290469   1.49811101e+29   1.39999878   9.87737988e+10   -0.643604256   1.56683011   5.92426572e-05   126   126   44   44   2.0687912e-05   0   0
11.4302969   1.47082287e+29   1.39999889   9.73397468e+10   -0.643624205   1.56673305   5.83857109e-05   126   126   44   44   2.03886609e-05   0   0
11.4315469   1.44387216e+29   1.39999899   9.60192393e+10   -0.643644149   1.56663603   5.75960913e-05   78   78   28   28   2.067552e-05   0   0
11.4327969   1.41723658e+29   1.39999908   9.48342093e+10   -0.643664088   1.56653904   5.68870961e-05   78   78   28   28   2.04210089e-05   0   0
11.4340469   1.39089537e+29   1.39999918   9.37727363e+10   -0.643684021   1.56644209   5.62517683e-05   78   78   28   28   2.01929425e-05   0   0
11.4352969   1.36483288e+29   1.39999928   9.28102436e+10   -0.64370395   1.56634516   5.56755052e-05   78   78   28   28   1.99860788e-05   0   0
11.4365469   1.33903785e+29   1.39999937   9.19238417e+10   -0.643723874   1.56624827   5.51446726e-05   78   78   28   28   1.97955235e-05   0   0
11.4377969   1.31350207e+29   1.39999947   9.10920976e+10   -0.643743793   1.56615141   5.46464811e-05   78   78   28   28   1.96166855e-05   0   0
11.4390469   1.28821975e+29   1.39999956   9.0294886e+10   -0.643763708   1.56605458   5.41689065e-05   78   78   28   28   1.94452485e-05   0   0
11.4402969   1.26318706e+29   1.39999966   8.95132872e+10   -0.643783617   1.56595779   5.37006357e-05   78   78   28   28   1.92771513e-05   0   0
11.4415469   1.23840196e+29   1.39999975   8.87295178e+10   -0.643803521   1.56586103   5.323103e-05   78   78   28   28   1.91085749e-05   0   0
11.4427969   1.21386406e+29   1.39999984   8.79268874e+10   -0.64382342   1.5657643   5.27501024e-05   78   78   28   28   1.89359342e-05   0   0
11.4440469   1.18957467e+29   1.39999993   8.70897773e+10   -0.643843314   1.56566761   5.22485087e-05   78   78   28   28   1.87558749e-05   0   0
11.4452969   1.165537e+29   1.40000002   8.62036423e+10   -0.643863203   1.56557094   5.17175515e-05   78   78   28   28   1.85652749e-05   0   0
11.4465469   1.14175647e+29   1.40000011   8.52550393e+10   -0.643883088   1.56547431   5.11492011e-05   78   78   28   28   1.83612517e-05   0   0
11.4477969   1.11824131e+29   1.40000019   8.4231692e+10   -0.643902967   1.56537771   5.05361389e-05   78   78   28   28   1.81411781e-05   0   0
11.4490469   1.09500356e+29   1.40000028   8.31241559e+10   -0.643922841   1.56528115   4.98727577e-05   78   78   28   28   1.79030412e-05   0   0
11.4502969   1.07205769e+29   1.40000037   8.1970206e+10   -0.643942711   1.56518461   4.91816704e-05   78   78   28   28   1.76549586e-05   0   0
11.4515469   1.04941532e+29   1.40000045   8.07922997e+10   -0.643962575   1.56508811   4.84762963e-05   78   78   28   28   1.74017474e-05   0   0
11.4527969   1.02708775e+29   1.40000053   7.95938055e+10   -0.643982435   1.56499164   4.7758638e-05   78   78   28   28   1.71441265e-05   0   0
11.4540469   1.00508642e+29   1.40000062   7.83780527e+10   -0.64400229   1.5648952   4.70306725e-05   78   78   28   28   1.68828055e-05   0   0
11.4546719   9.94211289e+28   1.40000066   7.77647095e+10   -0.644012215   1.564847   4.66634206e-05   78   78   28   28   1.67509715e-05   0   0
11.4552969   9.83421876e+28   1.4000007   7.7148269e+10   -0.644022139   1.5647988   4.62943138e-05   78   78   28   28   1.66184716e-05   0   0
11.4559219   9.72719482e+28   1.40000074   7.65291245e+10   -0.644032061   1.56475061   4.59235851e-05   78   78   28   28   1.64853895e-05   0   0
11.4565469   9.62105339e+28   1.40000078   7.59076613e+10   -0.644041983   1.56470243   4.55514625e-05   78   78   28   28   1.63518071e-05   0   0
11.4571719   9.51580585e+28   1.40000082   7.52842548e+10   -0.644051903   1.56465425   4.51781682e-05   78   78   28   28   1.6217804e-05   0   0
11.4577969   9.41146253e+28   1.40000086   7.46592694e+10   -0.644061822   1.56460608   4.48039177e-05   78   78   28   28   1.60834576e-05   0   0
11.4584219   9.30803242e+28   1.40000089   7.4033056e+10   -0.644071739   1.56455793   4.44289185e-05   78   78   28   28   1.59488425e-05   0   0
11.4590469   9.20552296e+28   1.40000093   7.3405951e+10   -0.644081656   1.56450978   4.40533693e-05   78   78   28   28   1.581403e-05   0   0
11.4596719   9.10393994e+28   1.40000097   7.27782745e+10   -0.644091571   1.56446163   4.36774591e-05   78   78   28   28   1.56790879e-05   0   0
11.4602969   9.00328725e+28   1.40000101   7.21503287e+10   -0.644101485   1.5644135   4.33013661e-05   78   78   28   28   1.55440802e-05   0   0
11.4609219   8.90356678e+28   1.40000105   7.15223964e+10   -0.644111398   1.56436537   4.29252573e-05   78   78   28   28   1.54090667e-05   0   0
11.4615469   8.80477829e+28   1.40000108   7.089474e+10   -0.644121309   1.56431725   4.25492869e-05   78   78   28   28   1.5274103e-05   0   0
11.4621719   8.70691929e+28   1.40000112   7.02676002e+10   -0.64413122   1.56426914   4.21735967e-05   78   78   28   28   1.51392399e-05   0   0
11.4627969   8.60998514e+28   1.40000116   6.9641196e+10   -0.644141129   1.56422104   4.17983153e-05   78   78   28   28   1.50045235e-05   0   0
11.4634219   8.51396904e+28   1.40000119   6.90157244e+10   -0.644151036   1.56417295   4.14235583e-05   78   78   28   28   1.48699953e-05   0   0
11.4640469   8.41886214e+28   1.40000123   6.83913609e+10   -0.644160943   1.56412486   4.10494282e-05   78   78   28   28   1.47356922e-05   0   0
11.4646719   8.32465366e+28   1.40000126   6.77682596e+10   -0.644170848   1.56407678   4.06760151e-05   78   78   28   28   1.46016465e-05   0   0
11.4652969   8.23133108e+28   1.4000013   6.71465549e+10   -0.644180753   1.56402871   4.03033973e-05   78   78   28   28   1.44678862e-05   0   0
11.4659219   8.13888021e+28   1.40000133   6.65263612e+10   -0.644190655   1.56398065   3.99316409e-05   78   78   28   28   1.43344352e-05   0   0
11.4665469   8.04728564e+28   1.40000137   6.59067749e+10   -0.644200557   1.56393259   3.95601984e-05   78   78   28   28   1.42010968e-05   0   0
11.4671719   7.95654538e+28   1.4000014   6.52812549e+10   -0.644210457   1.56388455   3.91851213e-05   78   78   28   28   1.40664538e-05   0   0
11.4677969   7.86666666e+28   1.40000143   6.46498423e+10   -0.644220357   1.56383651   3.88064339e-05   78   78   28   28   1.39305147e-05   0   0
11.4684219   7.77765862e+28   1.40000147   6.40140141e+10   -0.644230255   1.56378848   3.84250275e-05   78   78   28   28   1.37935996e-05   0   0
11.4690469   7.68952882e+28   1.4000015   6.33751744e+10   -0.644240151   1.56374046   3.80417511e-05   78   78   28   28   1.36560132e-05   0   0
11.4696719   7.60228357e+28   1.40000153   6.2734657e+10   -0.644250047   1.56369244   3.76574119e-05   78   78   28   28   1.35180453e-05   0   0
11.4702969   7.5159278e+28   1.40000157   6.20937234e+10   -0.644259941   1.56364443   3.72727745e-05   78   78   28   28   1.33799703e-05   0   0
11.4709219   7.43046487e+28   1.4000016   6.1453563e+10   -0.644269834   1.56359644   3.68885607e-05   78   78   28   28   1.32420474e-05   0   0
11.4715469   7.34589651e+28   1.40000163   6.08152923e+10   -0.644279726   1.56354845   3.65054487e-05   78   78   28   28   1.310452e-05   0   0
11.4721719   7.26222269e+28   1.40000166   6.0179955e+10   -0.644289617   1.56350046   3.6124073e-05   78   78   28   28   1.29676159e-05   0   0
11.4727969   7.17944156e+28   1.40000169   5.95485231e+10   -0.644299506   1.56345249   3.5745025e-05   78   78   28   28   1.28315474e-05   0   0
11.4734219   7.09754945e+28   1.40000172   5.89218973e+10   -0.644309394   1.56340452   3.53688534e-05   78   78   28   28   1.26965115e-05   0   0
11.4740469   7.01654087e+28   1.40000175   5.83009092e+10   -0.644319281   1.56335656   3.49960648e-05   78   78   28   28   1.25626899e-05   0   0
11.4746719   6.93640857e+28   1.40000178   5.76863237e+10   -0.644329167   1.56330861   3.46271255e-05   78   78   28   28   1.24302502e-05   0   0
11.4752969   6.85714358e+28   1.40000181   5.70788409e+10   -0.644339051   1.56326067   3.42624625e-05   78   78   28   28   1.22993455e-05   0   0
11.4759219   6.7787354e+28   1.40000184   5.64791002e+10   -0.644348934   1.56321273   3.39024657e-05   78   78   28   28   1.21701159e-05   0   0
11.4765469   6.70117209e+28   1.40000187   5.58876829e+10   -0.644358816   1.56316481   3.35474896e-05   78   78   28   28   1.20426886e-05   0   0
11.4771719   6.62444044e+28   1.4000019   5.53051167e+10   -0.644368697   1.56311689   3.3197856e-05   78   78   28   28   1.19171791e-05   0   0
11.4777969   6.54852615e+28   1.40000193   5.4731879e+10   -0.644378577   1.56306898   3.28538558e-05   78   78   28   28   1.17936918e-05   0   0
11.4784219   6.47341403e+28   1.40000196   5.41684009e+10   -0.644388455   1.56302107   3.25157515e-05   80   80   30   30   1.21934068e-05   0   0
11.4790469   6.39908815e+28   1.40000199   5.36150714e+10   -0.644398332   1.56297318   3.21837797e-05   80   80   30   30   1.20689174e-05   0   0
11.4796719   6.32553202e+28   1.40000202   5.3072241e+10   -0.644408208   1.56292529   3.18581531e-05   80   80   30   30   1.19468074e-05   0   0
11.4802969   6.25272876e+28   1.40000204   5.25402252e+10   -0.644418083   1.56287741   3.15390631e-05   80   80   30   30   1.18271487e-05   0   0
11.4809219   6.18066127e+28   1.40000207   5.20193082e+10   -0.644427956   1.56282954   3.12266814e-05   80   80   30   30   1.17100055e-05   0   0
11.4815469   6.1093123e+28   1.4000021   5.15097457e+10   -0.644437828   1.56278168   3.09211623e-05   80   80   30   30   1.15954359e-05   0   0
11.4821719   6.03866466e+28   1.40000212   5.10117684e+10   -0.644447699   1.56273382   3.06226442e-05   80   80   30   30   1.14834916e-05   0   0
11.4827969   5.96870118e+28   1.40000215   5.05255836e+10   -0.644457569   1.56268598   3.03312512e-05   80   80   30   30   1.13742192e-05   0   0
11.4834219   5.89940524e+28   1.40000218   5.00510437e+10   -0.644467437   1.56263814   3.0046902e-05   80   80   30   30   1.12675882e-05   0   0
11.4840469   5.8307617e+28   1.4000022   4.95868744e+10   -0.644477305   1.56259031   2.97688458e-05   80   80   30   30   1.11633172e-05   0   0
11.4846719   5.76275751e+28   1.40000223   4.91321678e+10   -0.644487171   1.56254248   2.94965245e-05   80   80   30   30   1.10611967e-05   0   0
11.4852969   5.69538088e+28   1.40000225   4.86861018e+10   -0.644497035   1.56249467   2.92294323e-05   80   80   30   30   1.09610371e-05   0   0
11.4859219   5.62862114e+28   1.40000228   4.82478999e+10   -0.644506899   1.56244686   2.89670918e-05   80   80   30   30   1.08626594e-05   0   0
11.4865469   5.56246867e+28   1.4000023   4.78168275e+10   -0.644516761   1.56239906   2.87090522e-05   80   80   30   30   1.07658946e-05   0   0
11.4871719   5.49691474e+28   1.40000233   4.73921896e+10   -0.644526623   1.56235127   2.84548876e-05   80   80   30   30   1.06705829e-05   0   0
11.4877969   5.43195143e+28   1.40000235   4.69733287e+10   -0.644536483   1.56230349   2.82041954e-05   80   80   30   30   1.05765733e-05   0   0
11.4884219   5.3675716e+28   1.40000238   4.65596227e+10   -0.644546341   1.56225571   2.79565949e-05   80   80   30   30   1.04837231e-05   0   0
11.4890469   5.30376877e+28   1.4000024   4.61504833e+10   -0.644556199   1.56220794   2.77117262e-05   80   80   30   30   1.03918973e-05   0   0
11.4896719   5.24053714e+28   1.40000243   4.57453544e+10   -0.644566055   1.56216018   2.74692494e-05   80   80   30   30   1.03009685e-05   0   0
11.4902969   5.1778715e+28   1.40000245   4.53437107e+10   -0.64457591   1.56211243   2.72288433e-05   80   80   30   30   1.02108162e-05   0   0
11.4909219   5.11576722e+28   1.40000247   4.49450566e+10   -0.644585764   1.56206469   2.69902047e-05   80   80   30   30   1.01213267e-05   0   0
11.4915469   5.05422019e+28   1.4000025   4.4548925e+10   -0.644595616   1.56201695   2.67530476e-05   80   80   30   30   1.00323928e-05   0   0
11.4921719   4.99322682e+28   1.40000252   4.41548761e+10   -0.644605468   1.56196923   2.65171027e-05   80   80   30   30   9.94391351e-06   0   0
11.4927969   4.93278402e+28   1.40000254   4.37624971e+10   -0.644615318   1.56192151   2.62821167e-05   80   80   30   30   9.85579376e-06   0   0
11.4934219   4.87288919e+28   1.40000256   4.33714008e+10   -0.644625167   1.5618738   2.60478518e-05   80   80   30   30   9.76794442e-06   0   0
11.4940469   4.81354023e+28   1.40000259   4.29812255e+10   -0.644635015   1.56182609   2.58140852e-05   80   80   30   30   9.68028196e-06   0   0
11.4946719   4.75473547e+28   1.40000261   4.25916338e+10   -0.644644861   1.5617784   2.55806089e-05   80   80   30   30   9.59272835e-06   0   0
11.4952969   4.69647375e+28   1.40000263   4.22023129e+10   -0.644654706   1.56173071   2.53472291e-05   80   80   30   30   9.50521092e-06   0   0
11.4959219   4.63875441e+28   1.40000265   4.18129735e+10   -0.64466455   1.56168303   2.51137662e-05   80   80   30   30   9.41766234e-06   0   0
11.4965469   4.58157652e+28   1.40000268   4.1425533e+10   -0.644674393   1.56163536   2.48813643e-05   80   80   30   30   9.33051162e-06   0   0
11.4971719   4.52493551e+28   1.4000027   4.10438359e+10   -0.644684235   1.56158769   2.46523327e-05   80   80   30   30   9.24462475e-06   0   0
11.4977969   4.46882559e+28   1.40000272   4.06673749e+10   -0.644694075   1.56154004   2.44263763e-05   80   80   30   30   9.15989109e-06   0   0
11.4984219   4.4132413e+28   1.40000274   4.02955567e+10   -0.644703914   1.56149239   2.42031478e-05   80   80   30   30   9.07618041e-06   0   0
11.4990469   4.35817764e+28   1.40000276   3.99278208e+10   -0.644713752   1.56144475   2.39823186e-05   80   80   30   30   8.99336946e-06   0   0
11.4996719   4.30362999e+28   1.40000278   3.95636378e+10   -0.644723589   1.56139712   2.3763578e-05   80   80   30   30   8.91134175e-06   0   0
11.5002969   4.24959414e+28   1.4000028   3.92025081e+10   -0.644733424   1.5613495   2.35466327e-05   80   80   30   30   8.82998727e-06   0   0
11.5009219   4.19606622e+28   1.40000282   3.88439606e+10   -0.644743259   1.56130188   2.33312061e-05   80   80   30   30   8.74920228e-06   0   0
11.5015469   4.14304271e+28   1.40000284   3.84875522e+10   -0.644753092   1.56125427   2.31170377e-05   80   80   30   30   8.66888914e-06   0   0
11.5021719   4.09052044e+28   1.40000286   3.81328664e+10   -0.644762924   1.56120667   2.2903883e-05   80   80   30   30   8.58895613e-06   0   0
11.5027969   4.03849655e+28   1.40000288   3.77795126e+10   -0.644772754   1.56115908   2.26915126e-05   80   80   30   30   8.50931724e-06   0   0
11.5034219   3.98696849e+28   1.4000029   3.74271253e+10   -0.644782584   1.5611115   2.24797122e-05   80   80   30   30   8.42989206e-06   0   0
11.5040469   3.93593404e+28   1.40000292   3.70753632e+10   -0.644792412   1.56106392   2.22682816e-05   80   80   30   30   8.35060561e-06   0   0
11.5046719   3.88539125e+28   1.40000294   3.67239088e+10   -0.644802239   1.56101635   2.20570352e-05   80   80   30   30   8.27138821e-06   0   0
11.5052969   3.8353385e+28   1.40000296   3.63724677e+10   -0.644812065   1.56096879   2.1845801e-05   80   80   30   30   8.19217538e-06   0   0
11.5059219   3.78577445e+28   1.40000298   3.60207679e+10   -0.644821889   1.56092124   2.16344205e-05   80   80   30   30   8.11290769e-06   0   0
11.5065469   3.73669807e+28   1.400003   3.56685593e+10   -0.644831713   1.5608737   2.14227486e-05   80   80   30   30   8.03353071e-06   0   0
11.5071719   3.68810863e+28   1.40000302   3.53156135e+10   -0.644841535   1.56082616   2.1210653e-05   80   80   30   30   7.95399488e-06   0   0
11.5077969   3.64000571e+28   1.40000303   3.49617233e+10   -0.644851356   1.56077863   2.09980146e-05   80   80   30   30   7.87425548e-06   0   0
11.5084219   3.59238921e+28   1.40000305   3.46067023e+10   -0.644861175   1.56073111   2.07847267e-05   80   80   30   30   7.7942725e-06   0   0
11.5090469   3.54525936e+28   1.40000307   3.42503846e+10   -0.644870994   1.5606836   2.05706951e-05   80   80   30   30   7.71401065e-06   0   0
11.5096719   3.49861673e+28   1.40000309   3.38926245e+10   -0.644880811   1.56063609   2.0355838e-05   80   80   30   30   7.63343926e-06   0   0
11.5102969   3.45246222e+28   1.40000311   3.35332968e+10   -0.644890627   1.5605886   2.01400861e-05   80   80   30   30   7.5525323e-06   0   0
11.5109219   3.40679708e+28   1.40000312   3.31722955e+10   -0.644900442   1.56054111   1.99233819e-05   80   80   30   30   7.4712682e-06   0   0
11.5115469   3.36162378e+28   1.40000314   3.28083141e+10   -0.644910255   1.56049363   1.9704932e-05   80   80   30   30   7.38934948e-06   0   0
11.5121719   3.31694713e+28   1.40000316   3.24404901e+10   -0.644920068   1.56044616   1.94842014e-05   80   80   30   30   7.30657552e-06   0   0
11.5127969   3.27277251e+28   1.40000317   3.20699207e+10   -0.644929879   1.56039869   1.92618477e-05   80   80   30   30   7.22319288e-06   0   0
11.5134219   3.22910436e+28   1.40000319   3.16976482e+10   -0.644939689   1.56035123   1.90384949e-05   80   80   30   30   7.13943558e-06   0   0
11.5140469   3.18594617e+28   1.40000321   3.13246532e+10   -0.644949498   1.56030378   1.88147299e-05   80   80   30   30   7.05552372e-06   0   0
11.5146719   3.14330039e+28   1.40000322   3.09518539e+10   -0.644959305   1.56025634   1.85911021e-05   80   80   30   30   6.97166327e-06   0   0
11.5152969   3.10116829e+28   1.40000324   3.0580106e+10   -0.644969111   1.56020891   1.83681229e-05   80   80   30   30   6.88804608e-06   0   0
11.5159219   3.05954992e+28   1.40000326   3.0210203e+10   -0.644978917   1.56016149   1.81462664e-05   80   80   30   30   6.80484989e-06   0   0
11.5165469   3.01844405e+28   1.40000327   2.98428763e+10   -0.64498872   1.56011407   1.79259693e-05   80   80   30   30   6.72223849e-06   0   0
11.5171719   2.97784814e+28   1.40000329   2.94787966e+10   -0.644998523   1.56006666   1.77076321e-05   80   80   30   30   6.64036203e-06   0   0
11.5177969   2.93775836e+28   1.4000033   2.91185757e+10   -0.645008325   1.56001926   1.74916196e-05   80   80   30   30   6.55935735e-06   0   0
11.5184219   2.89816963e+28   1.40000332   2.87627684e+10   -0.645018125   1.55997186   1.72782629e-05   80   80   30   30   6.47934858e-06   0   0
11.5190469   2.85907571e+28   1.40000333   2.84118759e+10   -0.645027924   1.55992448   1.70678605e-05   80   80   30   30   6.40044769e-06   0   0
11.5196719   2.82046928e+28   1.40000335   2.80663484e+10   -0.645037722   1.5598771   1.68606808e-05   80   80   30   30   6.3227553e-06   0   0
11.5202969   2.78234209e+28   1.40000336   2.77265887e+10   -0.645047518   1.55982973   1.66569638e-05   82   82   32   32   6.50027854e-06   0   0
11.5209219   2.74468509e+28   1.40000338   2.73929561e+10   -0.645057314   1.55978237   1.64569233e-05   82   82   32   32   6.42221398e-06   0   0
11.5215469   2.70748855e+28   1.40000339   2.706577e+10   -0.645067108   1.55973501   1.62607497e-05   82   82   32   32   6.34565841e-06   0   0
11.5221719   2.67074221e+28   1.40000341   2.67453134e+10   -0.645076901   1.55968767   1.60686113e-05   82   82   32   32   6.27067759e-06   0   0
11.5227969   2.63443545e+28   1.40000342   2.64318369e+10   -0.645086693   1.55964033   1.58806574e-05   82   82   32   32   6.19732974e-06   0   0
11.5234219   2.59855736e+28   1.40000343   2.61255618e+10   -0.645096483   1.559593   1.56970199e-05   82   82   32   32   6.12566629e-06   0   0
11.5240469   2.56309692e+28   1.40000345   2.58266837e+10   -0.645106273   1.55954568   1.5517815e-05   82   82   32   32   6.05573269e-06   0   0
11.5246719   2.52804303e+28   1.40000346   2.55353751e+10   -0.645116061   1.55949836   1.53431456e-05   82   82   32   32   5.98756903e-06   0   0
11.5252969   2.49338471e+28   1.40000347   2.52517607e+10   -0.645125848   1.55945106   1.5173088e-05   82   82   32   32   5.92120509e-06   0   0
11.5259219   2.45911153e+28   1.40000349   2.49752611e+10   -0.645135633   1.55940376   1.50073266e-05   82   82   32   32   5.85651769e-06   0   0
11.5265469   2.42521461e+28   1.4000035   2.47051025e+10   -0.645145418   1.55935647   1.48454005e-05   82   82   32   32   5.79332701e-06   0   0
11.5271719   2.39168606e+28   1.40000351   2.44406651e+10   -0.645155201   1.55930918   1.46869287e-05   82   82   32   32   5.73148438e-06   0   0
11.5277969   2.35851886e+28   1.40000353   2.41813687e+10   -0.645164983   1.55926191   1.45315553e-05   82   82   32   32   5.67085084e-06   0   0
11.5284219   2.32570673e+28   1.40000354   2.392667e+10   -0.645174764   1.55921464   1.43789471e-05   82   82   32   32   5.61129641e-06   0   0
11.5290469   2.29324405e+28   1.40000355   2.36760598e+10   -0.645184544   1.55916738   1.42287923e-05   82   82   32   32   5.55269945e-06   0   0
11.5296719   2.26112578e+28   1.40000356   2.34290612e+10   -0.645194322   1.55912013   1.40807993e-05   82   82   32   32   5.49494606e-06   0   0
11.5302969   2.22934743e+28   1.40000357   2.31852275e+10   -0.6452041   1.55907289   1.39346947e-05   82   82   32   32   5.43792963e-06   0   0
11.5309219   2.19790501e+28   1.40000359   2.29441407e+10   -0.645213876   1.55902565   1.37902229e-05   82   82   32   32   5.38155041e-06   0   0
11.5315469   2.16679498e+28   1.4000036   2.270541e+10   -0.64522365   1.55897842   1.3647145e-05   82   82   32   32   5.32571512e-06   0   0
11.5321719   2.13601422e+28   1.40000361   2.24686706e+10   -0.645233424   1.5589312   1.35052376e-05   82   82   32   32   5.27033663e-06   0   0
11.5327969   2.10556004e+28   1.40000362   2.22335827e+10   -0.645243197   1.55888399   1.33642925e-05   82   82   32   32   5.21533367e-06   0   0
11.5334219   2.07543009e+28   1.40000363   2.19998302e+10   -0.645252968   1.55883679   1.32241159e-05   82   82   32   32   5.1606306e-06   0   0
11.5340469   2.04562243e+28   1.40000365   2.17671202e+10   -0.645262738   1.55878959   1.30845277e-05   82   82   32   32   5.10615714e-06   0   0
11.5346719   2.01613546e+28   1.40000366   2.15351819e+10   -0.645272507   1.5587424   1.29453611e-05   82   82   32   32   5.05184824e-06   0   0
11.5352969   1.98696793e+28   1.40000367   2.13037663e+10   -0.645282274   1.55869522   1.28064624e-05   82   82   32   32   4.99764387e-06   0   0
11.5359219   1.95811897e+28   1.40000368   2.10726457e+10   -0.645292041   1.55864805   1.26676903e-05   82   82   32   32   4.9434889e-06   0   0
11.5365469   1.92958805e+28   1.40000369   2.08417096e+10   -0.645301806   1.55860089   1.2528973e-05   82   82   32   32   4.88935532e-06   0   0
11.5371719   1.90137397e+28   1.4000037   2.06123658e+10   -0.64531157   1.55855373   1.239114e-05   82   82   32   32   4.83556682e-06   0   0
11.5377969   1.87347431e+28   1.40000371   2.03850813e+10   -0.645321332   1.55850658   1.22544754e-05   82   82   32   32   4.78223429e-06   0   0
11.5384219   1.84588645e+28   1.40000372   2.01597875e+10   -0.645331094   1.55845944   1.21189479e-05   82   82   32   32   4.72934552e-06   0   0
11.5390469   1.81860782e+28   1.40000373   1.99364198e+10   -0.645340854   1.55841231   1.19845284e-05   82   82   32   32   4.67688913e-06   0   0
11.5396719   1.79163591e+28   1.40000374   1.97149182e+10   -0.645350614   1.55836518   1.18511897e-05   82   82   32   32   4.62485451e-06   0   0
11.5402969   1.76496824e+28   1.40000375   1.94952263e+10   -0.645360372   1.55831807   1.17189064e-05   82   82   32   32   4.57323178e-06   0   0
11.5409219   1.73860236e+28   1.40000376   1.92772913e+10   -0.645370128   1.55827096   1.15876552e-05   82   82   32   32   4.52201179e-06   0   0
11.5415469   1.71253586e+28   1.40000377   1.90610643e+10   -0.645379884   1.55822386   1.14574143e-05   82   82   32   32   4.47118606e-06   0   0
11.5421719   1.68676637e+28   1.40000378   1.88464995e+10   -0.645389638   1.55817676   1.13281636e-05   82   82   32   32   4.42074677e-06   0   0
11.5427969   1.66129156e+28   1.40000379   1.86335546e+10   -0.645399391   1.55812968   1.11998848e-05   82   82   32   32   4.37068674e-06   0   0
11.5434219   1.63610912e+28   1.4000038   1.84221901e+10   -0.645409143   1.5580826   1.1072561e-05   82   82   32   32   4.3209994e-06   0   0
11.5440469   1.61121677e+28   1.40000381   1.82123698e+10   -0.645418894   1.55803553   1.09461768e-05   82   82   32   32   4.27167874e-06   0   0
11.5446719   1.58661226e+28   1.40000382   1.80040602e+10   -0.645428644   1.55798847   1.08207183e-05   82   82   32   32   4.22271934e-06   0   0
11.5452969   1.56229338e+28   1.40000383   1.77972304e+10   -0.645438392   1.55794141   1.0696173e-05   82   82   32   32   4.17411629e-06   0   0
11.5459219   1.53825795e+28   1.40000384   1.75918524e+10   -0.645448139   1.55789437   1.05725296e-05   82   82   32   32   4.1258652e-06   0   0
11.5465469   1.5145038e+28   1.40000385   1.73879002e+10   -0.645457885   1.55784733   1.0449778e-05   82   82   32   32   4.07796215e-06   0   0
11.5471719   1.49102879e+28   1.40000386   1.71853506e+10   -0.64546763   1.5578003   1.03279095e-05   82   82   32   32   4.03040371e-06   0   0
11.5477969   1.46783083e+28   1.40000387   1.69841824e+10   -0.645477373   1.55775328   1.02069163e-05   82   82   32   32   3.98318685e-06   0   0
11.5484219   1.44490782e+28   1.40000388   1.67843766e+10   -0.645487115   1.55770626   1.00867918e-05   82   82   32   32   3.93630899e-06   0   0
11.5490469   1.4222577e+28   1.40000389   1.65859353e+10   -0.645496857   1.55765925   9.96754164e-06   82   82   32   32   3.88977235e-06   0   0
11.5496719   1.399878e+28   1.4000039   1.63903085e+10   -0.645506597   1.55761226   9.85002878e-06   82   82   32   32   3.84391367e-06   0   0
11.5502969   1.3777652e+28   1.4000039   1.61980672e+10   -0.645516335   1.55756526   9.7345851e-06   82   82   32   32   3.79886248e-06   0   0
11.5509219   1.35591591e+28   1.40000391   1.60087548e+10   -0.645526073   1.55751828   9.62093114e-06   82   82   32   32   3.75450971e-06   0   0
11.5515469   1.33432704e+28   1.40000392   1.58219463e+10   -0.645535809   1.55747131   9.50880701e-06   82   82   32   32   3.71075395e-06   0   0
11.5521719   1.31299582e+28   1.40000393   1.56372466e+10   -0.645545544   1.55742434   9.39797127e-06   82   82   32   32   3.66750098e-06   0   0
11.5527969   1.29191975e+28   1.40000394   1.54542889e+10   -0.645555278   1.55737738   9.28819997e-06   82   82   32   32   3.6246634e-06   0   0
11.5534219   1.2710966e+28   1.40000395   1.52727335e+10   -0.645565011   1.55733043   9.17928575e-06   82   82   32   32   3.58216029e-06   0   0
11.5540469   1.25052438e+28   1.40000395   1.50922668e+10   -0.645574742   1.55728348   9.0710371e-06   82   82   32   32   3.53991692e-06   0   0
11.5546719   1.23020137e+28   1.40000396   1.49126001e+10   -0.645584473   1.55723655   8.96327761e-06   82   82   32   32   3.49786443e-06   0   0
11.5552969   1.21012605e+28   1.40000397   1.47334684e+10   -0.645594202   1.55718962   8.85584538e-06   82   82   32   32   3.45593966e-06   0   0
11.5559219   1.19029716e+28   1.40000398   1.45546299e+10   -0.64560393   1.5571427   8.74859241e-06   82   82   32   32   3.41408484e-06   0   0
11.5565469   1.17071364e+28   1.40000398   1.43758651e+10   -0.645613656   1.55709578   8.64138412e-06   82   82   32   32   3.37224746e-06   0   0
11.5571719   1.15137466e+28   1.40000399   1.41969761e+10   -0.645623382   1.55704888   8.5340989e-06   82   82   32   32   3.33038006e-06   0   0
11.5577969   1.13227964e+28   1.400004   1.4017786e+10   -0.645633106   1.55700198   8.4266277e-06   82   82   32   32   3.28844008e-06   0   0
11.5584219   1.1134282e+28   1.40000401   1.38381384e+10   -0.645642829   1.55695509   8.31887369e-06   82   82   32   32   3.24638973e-06   0   0
11.5590469   1.09482021e+28   1.40000401   1.36578967e+10   -0.645652551   1.55690821   8.21075201e-06   82   82   32   32   3.20419591e-06   0   0
11.5596719   1.0764558e+28   1.40000402   1.34769441e+10   -0.645662272   1.55686134   8.10218942e-06   82   82   32   32   3.16183002e-06   0   0
11.5602969   1.05833531e+28   1.40000403   1.32951832e+10   -0.645671992   1.55681447   7.99312422e-06   82   82   32   32   3.11926799e-06   0   0
11.5609219   1.04045942e+28   1.40000404   1.31123964e+10   -0.64568171   1.55676762   7.88342557e-06   82   82   32   32   3.07645876e-06   0   0
11.5615469   1.02283001e+28   1.40000404   1.2927665e+10   -0.645691427   1.55672077   7.7725648e-06   82   82   32   32   3.03319602e-06   0   0
11.5621719   1.00544979e+28   1.40000405   1.27414816e+10   -0.645701143   1.55667392   7.66084057e-06   82   82   32   32   2.98959632e-06   0   0
11.5627969   9.88320994e+27   1.40000406   1.25545918e+10   -0.645710858   1.55662709   7.54869777e-06   82   82   32   32   2.94583328e-06   0   0
11.5634219   9.71445114e+27   1.40000406   1.23676854e+10   -0.645720571   1.55658026   7.43654738e-06   82   82   32   32   2.90206727e-06   0   0
11.5640469   9.54822885e+27   1.40000407   1.21813954e+10   -0.645730284   1.55653344   7.32476652e-06   82   82   32   32   2.85844547e-06   0   0
11.5646719   9.38454184e+27   1.40000408   1.19962987e+10   -0.645739995   1.55648663   7.21369855e-06   82   82   32   32   2.81510187e-06   0   0
11.5652969   9.22338e+27   1.40000408   1.18129168e+10   -0.645749705   1.55643983   7.10365369e-06   82   82   32   32   2.77215754e-06   0   0
11.5659219   9.06472446e+27   1.40000409   1.16317172e+10   -0.645759413   1.55639303   6.99491008e-06   82   82   32   32   2.72972101e-06   0   0
11.5665469   8.90854745e+27   1.40000409   1.14531155e+10   -0.645769121   1.55634625   6.88771493e-06   82   82   32   32   2.68788875e-06   0   0
11.5671719   8.75481328e+27   1.4000041   1.12774785e+10   -0.645778827   1.55629947   6.78228653e-06   82   82   32   32   2.64674596e-06   0   0
11.5677969   8.60347867e+27   1.40000411   1.11051273e+10   -0.645788533   1.5562527   6.67881596e-06   82   82   32   32   2.6063672e-06   0   0
11.5684219   8.45449416e+27   1.40000411   1.09363413e+10   -0.645798237   1.55620593   6.57746962e-06   84   84   34   34   2.66230913e-06   0   0
11.5690469   8.30780488e+27   1.40000412   1.07713615e+10   -0.645807939   1.55615918   6.47839136e-06   84   84   34   34   2.62220603e-06   0   0
11.5696719   8.16335191e+27   1.40000412   1.06103954e+10   -0.645817641   1.55611243   6.381705e-06   84   84   34   34   2.58307107e-06   0   0
11.5702969   8.02107335e+27   1.40000413   1.045362e+10   -0.645827341   1.55606569   6.28751662e-06   84   84   34   34   2.5449472e-06   0   0
11.5709219   7.88090532e+27   1.40000413   1.03011861e+10   -0.645837041   1.55601895   6.19591674e-06   84   84   34   34   2.50787106e-06   0   0
11.5715469   7.74278302e+27   1.40000414   1.01532217e+10   -0.645846739   1.55597223   6.10698241e-06   84   84   34   34   2.47187383e-06   0   0
11.5721719   7.60664194e+27   1.40000414   1.00097317e+10   -0.645856435   1.55592551   6.02071409e-06   84   84   34   34   2.4369557e-06   0   0
11.5727969   7.47242407e+27   1.40000415   9.87025484e+09   -0.645866131   1.5558788   5.9368292e-06   84   84   34   34   2.4030023e-06   0   0
11.5734219   7.3400795e+27   1.40000416   9.73435554e+09   -0.645875825   1.5558321   5.85507185e-06   84   84   34   34   2.36991003e-06   0   0
11.5740469   7.20956427e+27   1.40000416   9.60164253e+09   -0.645885519   1.55578541   5.77521237e-06   84   84   34   34   2.33758596e-06   0   0
11.5746719   7.0808395e+27   1.40000417   9.47175535e+09   -0.645895211   1.55573872   5.69703884e-06   84   84   34   34   2.30594429e-06   0   0
11.5752969   6.95387059e+27   1.40000417   9.34436179e+09   -0.645904902   1.55569204   5.62035569e-06   84   84   34   34   2.27490588e-06   0   0
11.5759219   6.82862684e+27   1.40000418   9.21915582e+09   -0.645914591   1.55564537   5.54498257e-06   84   84   34   34   2.24439771e-06   0   0
11.5765469   6.70508097e+27   1.40000418   9.09585572e+09   -0.64592428   1.55559871   5.47075336e-06   84   84   34   34   2.21435255e-06   0   0
11.5771719   6.58320885e+27   1.40000418   8.97420252e+09   -0.645933967   1.55555206   5.3975153e-06   84   84   34   34   2.18470857e-06   0   0
11.5777969   6.46298912e+27   1.40000419   8.85395854e+09   -0.645943653   1.55550541   5.3251282e-06   84   84   34   34   2.15540903e-06   0   0
11.5784219   6.34440306e+27   1.40000419   8.73490624e+09   -0.645953338   1.55545877   5.25346384e-06   84   84   34   34   2.12640203e-06   0   0
11.5790469   6.2274344e+27   1.4000042   8.61684719e+09   -0.645963022   1.55541214   5.18240534e-06   84   84   34   34   2.09764026e-06   0   0
11.5796719   6.11206922e+27   1.4000042   8.49960109e+09   -0.645972704   1.55536551   5.11184667e-06   84   84   34   34   2.0690808e-06   0   0
11.5802969   5.99829573e+27   1.40000421   8.38300495e+09   -0.645982386   1.5553189   5.04169216e-06   84   84   34   34   2.04068492e-06   0   0
11.5809219   5.88610434e+27   1.40000421   8.26691243e+09   -0.645992066   1.55527229   4.97185613e-06   84   84   34   34   2.01241796e-06   0   0
11.5815469   5.77548758e+27   1.40000422   8.15119324e+09   -0.646001745   1.55522569   4.90226259e-06   84   84   34   34   1.98424914e-06   0   0
11.5821719   5.66644014e+27   1.40000422   8.03573266e+09   -0.646011422   1.5551791   4.83284492e-06   84   84   34   34   1.95615152e-06   0   0
11.5827969   5.55895621e+27   1.40000423   7.92102288e+09   -0.646021099   1.55513251   4.76389885e-06   84   84   34   34   1.92824477e-06   0   0
11.5834219   5.4530221e+27   1.40000423   7.80767401e+09   -0.646030774   1.55508594   4.69578692e-06   84   84   34   34   1.90067566e-06   0   0
11.5840469   5.34862148e+27   1.40000423   7.69561095e+09   -0.646040449   1.55503937   4.62846083e-06   84   84   34   34   1.87342462e-06   0   0
11.5846719   5.24573847e+27   1.40000424   7.5847638e+09   -0.646050122   1.55499281   4.56187564e-06   84   84   34   34   1.84647347e-06   0   0
11.5852969   5.1443575e+27   1.40000424   7.4750685e+09   -0.646059793   1.55494625   4.49599011e-06   84   84   34   34   1.81980552e-06   0   0
11.5859219   5.04446336e+27   1.40000425   7.36646653e+09   -0.646069464   1.55489971   4.4307665e-06   84   84   34   34   1.79340549e-06   0   0
11.5865469   4.94604114e+27   1.40000425   7.25890459e+09   -0.646079134   1.55485317   4.36617034e-06   84   84   34   34   1.76725942e-06   0   0
11.5871719   4.8490762e+27   1.40000425   7.15233432e+09   -0.646088802   1.55480664   4.30217031e-06   84   84   34   34   1.74135465e-06   0   0
11.5877969   4.75355421e+27   1.40000426   7.04671202e+09   -0.646098469   1.55476012   4.23873797e-06   84   84   34   34   1.71567965e-06   0   0
11.5884219   4.6594611e+27   1.40000426   6.94199842e+09   -0.646108135   1.5547136   4.17584767e-06   84   84   34   34   1.69022406e-06   0   0
11.5890469   4.56678306e+27   1.40000426   6.83815839e+09   -0.646117799   1.55466709   4.11347634e-06   84   84   34   34   1.66497852e-06   0   0
11.5896719   4.47550651e+27   1.40000427   6.73516069e+09   -0.646127463   1.5546206   4.05160338e-06   84   84   34   34   1.6399347e-06   0   0
11.5902969   4.38561813e+27   1.40000427   6.63297784e+09   -0.646137125   1.5545741   3.99021048e-06   84   84   34   34   1.61508519e-06   0   0
11.5909219   4.29710438e+27   1.40000427   6.53186389e+09   -0.646146786   1.55452762   3.92945073e-06   84   84   34   34   1.59049196e-06   0   0
11.5915469   4.2099488e+27   1.40000428   6.43245398e+09   -0.646156446   1.55448114   3.86971063e-06   84   84   34   34   1.56631145e-06   0   0
11.5921719   4.12413366e+27   1.40000428   6.33465252e+09   -0.646166105   1.55443468   3.81093335e-06   84   84   34   34   1.54252064e-06   0   0
11.5927969   4.03964191e+27   1.40000429   6.23833675e+09   -0.646175763   1.55438822   3.75304546e-06   84   84   34   34   1.51908983e-06   0   0
11.5934219   3.95645711e+27   1.40000429   6.1433939e+09   -0.646185419   1.55434176   3.69597951e-06   84   84   34   34   1.49599171e-06   0   0
11.5940469   3.87456341e+27   1.40000429   6.04972059e+09   -0.646195074   1.55429532   3.63967363e-06   84   84   34   34   1.47320123e-06   0   0
11.5946719   3.79394553e+27   1.40000429   5.95722228e+09   -0.646204728   1.55424888   3.58407128e-06   84   84   34   34   1.45069552e-06   0   0
11.5952969   3.71458867e+27   1.4000043   5.86581275e+09   -0.646214381   1.55420245   3.52912087e-06   84   84   34   34   1.42845368e-06   0   0
11.5956094   3.67537742e+27   1.4000043   5.82049008e+09   -0.646219207   1.55417924   3.50187445e-06   84   84   34   34   1.41742537e-06   0   0
11.5959219   3.63647612e+27   1.4000043   5.77541081e+09   -0.646224033   1.55415603   3.4747738e-06   84   84   34   34   1.40645606e-06   0   0
11.5962344   3.59788307e+27   1.4000043   5.73056631e+09   -0.646228858   1.55413282   3.44781374e-06   84   84   34   34   1.39554366e-06   0   0
11.5965469   3.55959656e+27   1.4000043   5.68594836e+09   -0.646233683   1.55410962   3.42098935e-06   84   84   34   34   1.38468617e-06   0   0
11.5968594   3.52161495e+27   1.40000431   5.64154917e+09   -0.646238508   1.55408641   3.39429599e-06   84   84   34   34   1.37388171e-06   0   0
11.5971719   3.4839366e+27   1.40000431   5.59736138e+09   -0.646243332   1.55406321   3.36772924e-06   84   84   34   34   1.3631285e-06   0   0
11.5974844   3.44655991e+27   1.40000431   5.55337799e+09   -0.646248156   1.55404001   3.34128492e-06   84   84   34   34   1.35242485e-06   0   0
11.5977969   3.40948329e+27   1.40000431   5.50959241e+09   -0.64625298   1.55401681   3.31495909e-06   84   84   34   34   1.34176916e-06   0   0
11.5981094   3.37270519e+27   1.40000431   5.46599843e+09   -0.646257803   1.55399362   3.28874804e-06   84   84   34   34   1.33115992e-06   0   0
11.5984219   3.33622406e+27   1.40000431   5.42259019e+09   -0.646262627   1.55397042   3.26264826e-06   84   84   34   34   1.32059573e-06   0   0
11.5987344   3.3000384e+27   1.40000431   5.37936218e+09   -0.64626745   1.55394723   3.23665647e-06   84   84   34   34   1.31007524e-06   0   0
11.5990469   3.26414672e+27   1.40000432   5.33630925e+09   -0.646272272   1.55392404   3.21076957e-06   84   84   34   34   1.29959721e-06   0   0
11.5993594   3.22854755e+27   1.40000432   5.29342656e+09   -0.646277095   1.55390085   3.18498469e-06   84   84   34   34   1.28916047e-06   0   0
11.5996719   3.19323945e+27   1.40000432   5.25070959e+09   -0.646281917   1.55387766   3.15929914e-06   84   84   34   34   1.27876394e-06   0   0
11.5999844   3.15822098e+27   1.40000432   5.20815417e+09   -0.646286738   1.55385448   3.13371039e-06   84   84   34   34   1.26840659e-06   0   0
11.6002969   3.12349075e+27   1.40000432   5.16575638e+09   -0.64629156   1.5538313   3.10821614e-06   84   84   34   34   1.25808749e-06   0   0
11.6006094   3.08904736e+27   1.40000432   5.12351264e+09   -0.646296381   1.55380812   3.08281423e-06   84   84   34   34   1.24780576e-06   0   0
11.6009219   3.05488946e+27   1.40000432   5.08141961e+09   -0.646301202   1.55378494   3.05750269e-06   84   84   34   34   1.23756061e-06   0   0
11.6012344   3.0210157e+27   1.40000433   5.03947426e+09   -0.646306022   1.55376176   3.03227969e-06   84   84   34   34   1.2273513e-06   0   0
11.6015469   2.98742474e+27   1.40000433   4.99767381e+09   -0.646310843   1.55373858   3.0071436e-06   84   84   34   34   1.21717717e-06   0   0
11.6018594   2.95411528e+27   1.40000433   4.95601575e+09   -0.646315663   1.55371541   2.9820929e-06   84   84   34   34   1.2070376e-06   0   0
11.6021719   2.92108603e+27   1.40000433   4.9144978e+09   -0.646320482   1.55369224   2.95712626e-06   84   84   34   34   1.19693206e-06   0   0
11.6024844   2.88833571e+27   1.40000433   4.87311794e+09   -0.646325302   1.55366907   2.93224246e-06   84   84   34   34   1.18686004e-06   0   0
11.6027969   2.85586306e+27   1.40000433   4.83187439e+09   -0.646330121   1.5536459   2.90744045e-06   84   84   34   34   1.17682114e-06   0   0
11.6031094   2.82366685e+27   1.40000433   4.79076557e+09   -0.64633494   1.55362274   2.88271931e-06   84   84   34   34   1.16681496e-06   0   0
11.6034219   2.79174584e+27   1.40000433   4.74979014e+09   -0.646339758   1.55359958   2.85807823e-06   84   84   34   34   1.15684119e-06   0   0
11.6037344   2.76009883e+27   1.40000434   4.70894698e+09   -0.646344576   1.55357641   2.83351655e-06   84   84   34   34   1.14689956e-06   0   0
11.6040469   2.72872462e+27   1.40000434   4.66823516e+09   -0.646349394   1.55355325   2.80903373e-06   84   84   34   34   1.13698984e-06   0   0
11.6043594   2.69762204e+27   1.40000434   4.62765395e+09   -0.646354212   1.5535301   2.78462935e-06   84   84   34   34   1.12711188e-06   0   0
11.6046719   2.66678993e+27   1.40000434   4.58720282e+09   -0.646359029   1.55350694   2.7603031e-06   84   84   34   34   1.11726554e-06   0   0
11.6049844   2.63622712e+27   1.40000434   4.54688141e+09   -0.646363846   1.55348379   2.73605478e-06   84   84   34   34   1.10745074e-06   0   0
11.6052969   2.6059325e+27   1.40000434   4.50668956e+09   -0.646368663   1.55346064   2.7118843e-06   84   84   34   34   1.09766745e-06   0   0
11.6056094   2.57590494e+27   1.40000434   4.46662728e+09   -0.646373479   1.55343749   2.68779167e-06   84   84   34   34   1.08791568e-06   0   0
11.6059219   2.54614334e+27   1.40000434   4.42669473e+09   -0.646378295   1.55341434   2.66377703e-06   84   84   34   34   1.07819546e-06   0   0
11.6062344   2.51664659e+27   1.40000435   4.38689225e+09   -0.646383111   1.55339119   2.63984056e-06   84   84   34   34   1.06850689e-06   0   0
11.6065469   2.48741363e+27   1.40000435   4.34722032e+09   -0.646387927   1.55336805   2.61598258e-06   84   84   34   34   1.05885009e-06   0   0
11.6068594   2.45844338e+27   1.40000435   4.30767959e+09   -0.646392742   1.55334491   2.59220349e-06   84   84   34   34   1.04922522e-06   0   0
11.6071719   2.4297348e+27   1.40000435   4.26827083e+09   -0.646397557   1.55332176   2.56850377e-06   84   84   34   34   1.03963248e-06   0   0
11.6074844   2.40128684e+27   1.40000435   4.22899496e+09   -0.646402372   1.55329863   2.54488398e-06   84   84   34   34   1.03007209e-06   0   0
11.6077969   2.37309847e+27   1.40000435   4.18985305e+09   -0.646407186   1.55327549   2.52134476e-06   84   84   34   34   1.02054431e-06   0   0
11.6081094   2.34516868e+27   1.40000435   4.1508496e+09   -0.646412   1.55325236   2.49788887e-06   84   84   34   34   1.01105026e-06   0   0
11.6084219   2.31749652e+27   1.40000435   4.11202005e+09   -0.646416814   1.55322922   2.47453776e-06   84   84   34   34   1.00159862e-06   0   0
11.6087344   2.2900811e+27   1.40000435   4.07337897e+09   -0.646421627   1.55320609   2.45130021e-06   84   84   34   34   9.92192944e-07   0   0
11.6090469   2.26292148e+27   1.40000436   4.03493279e+09   -0.64642644   1.55318296   2.42818006e-06   84   84   34   34   9.82834788e-07   0   0
11.6093594   2.2360167e+27   1.40000436   3.99668765e+09   -0.646431253   1.55315984   2.40518096e-06   84   84   34   34   9.73525629e-07   0   0
11.6096719   2.20936573e+27   1.40000436   3.9586494e+09   -0.646436066   1.55313671   2.3823064e-06   84   84   34   34   9.64266875e-07   0   0
11.6099844   2.1829675e+27   1.40000436   3.92082359e+09   -0.646440878   1.55311359   2.35955967e-06   84   84   34   34   9.55059867e-07   0   0
11.6102969   2.1568209e+27   1.40000436   3.88321549e+09   -0.64644569   1.55309047   2.33694393e-06   84   84   34   34   9.45905875e-07   0   0
11.6106094   2.1309248e+27   1.40000436   3.84583011e+09   -0.646450502   1.55306735   2.31446214e-06   84   84   34   34   9.36806103e-07   0   0
11.6109219   2.10527798e+27   1.40000436   3.80867216e+09   -0.646455313   1.55304423   2.29211711e-06   84   84   34   34   9.27761689e-07   0   0
11.6112344   2.07987921e+27   1.40000436   3.7717461e+09   -0.646460124   1.55302112   2.26991151e-06   84   84   34   34   9.18773707e-07   0   0
11.6115469   2.05472722e+27   1.40000436   3.73505613e+09   -0.646464935   1.552998   2.24784782e-06   84   84   34   34   9.09843167e-07   0   0
11.6118594   2.02982069e+27   1.40000436   3.69860618e+09   -0.646469746   1.55297489   2.22592839e-06   84   84   34   34   9.00971016e-07   0   0
11.6121719   2.00515826e+27   1.40000437   3.66239995e+09   -0.646474556   1.55295178   2.20415541e-06   84   84   34   34   8.92158141e-07   0   0
11.6124844   1.98073853e+27   1.40000437   3.62644087e+09   -0.646479366   1.55292868   2.18253092e-06   84   84   34   34   8.83405371e-07   0   0
11.6127969   1.95656008e+27   1.40000437   3.59073214e+09   -0.646484176   1.55290557   2.16105682e-06   84   84   34   34   8.74713476e-07   0   0
11.6131094   1.93262142e+27   1.40000437   3.55527673e+09   -0.646488985   1.55288247   2.13973489e-06   84   84   34   34   8.66083169e-07   0   0
11.6134219   1.90892106e+27   1.40000437   3.52007738e+09   -0.646493794   1.55285937   2.11856674e-06   84   84   34   34   8.57515107e-07   0   0
11.6137344   1.88545745e+27   1.40000437   3.4851366e+09   -0.646498603   1.55283627   2.09755386e-06   84   84   34   34   8.49009897e-07   0   0
11.6140469   1.86222903e+27   1.40000437   3.4504567e+09   -0.646503411   1.55281317   2.07669763e-06   84   84   34   34   8.40568088e-07   0   0
11.6143594   1.83923418e+27   1.40000437   3.41603976e+09   -0.646508219   1.55279007   2.05599928e-06   84   84   34   34   8.32190184e-07   0   0
11.6146719   1.81647128e+27   1.40000437   3.38188766e+09   -0.646513027   1.55276698   2.03545992e-06   84   84   34   34   8.23876636e-07   0   0
11.6149844   1.79393866e+27   1.40000437   3.3480021e+09   -0.646517835   1.55274389   2.01508056e-06   84   84   34   34   8.15627847e-07   0   0
11.6152969   1.77163463e+27   1.40000437   3.31438456e+09   -0.646522642   1.5527208   1.99486208e-06   84   84   34   34   8.07444176e-07   0   0
11.6156094   1.74955747e+27   1.40000438   3.28103634e+09   -0.646527449   1.55269771   1.97480525e-06   84   84   34   34   7.99325933e-07   0   0
11.6159219   1.72770544e+27   1.40000438   3.24795857e+09   -0.646532256   1.55267462   1.95491073e-06   84   84   34   34   7.9127339e-07   0   0
11.6162344   1.70607677e+27   1.40000438   3.21515221e+09   -0.646537062   1.55265154   1.93517908e-06   84   84   34   34   7.83286771e-07   0   0
11.6165469   1.68466967e+27   1.40000438   3.18261803e+09   -0.646541868   1.55262845   1.91561077e-06   84   84   34   34   7.75366263e-07   0   0
11.6168594   1.66348234e+27   1.40000438   3.15035666e+09   -0.646546674   1.55260537   1.89620615e-06   84   84   34   34   7.67512012e-07   0   0
11.6171719   1.64251294e+27   1.40000438   3.11836854e+09   -0.64655148   1.55258229   1.87696549e-06   86   86   36   36   7.85706486e-07   0   0
11.6174844   1.62175963e+27   1.40000438   3.08665401e+09   -0.646556285   1.55255922   1.85788899e-06   86   86   36   36   7.77720971e-07   0   0
11.6177969   1.60122055e+27   1.40000438   3.05521321e+09   -0.64656109   1.55253614   1.83897671e-06   86   86   36   36   7.69804206e-07   0   0
11.6181094   1.58089381e+27   1.40000438   3.02404619e+09   -0.646565895   1.55251307   1.82022869e-06   86   86   36   36   7.61956196e-07   0   0
11.6184219   1.56077754e+27   1.40000438   2.99315282e+09   -0.646570699   1.55249   1.80164484e-06   86   86   36   36   7.54176911e-07   0   0
11.6187344   1.54086982e+27   1.40000438   2.96253289e+09   -0.646575503   1.55246693   1.78322503e-06   86   86   36   36   7.46466291e-07   0   0
11.6190469   1.52116874e+27   1.40000438   2.93218602e+09   -0.646580307   1.55244386   1.76496903e-06   86   86   36   36   7.38824244e-07   0   0
11.6193594   1.50167238e+27   1.40000439   2.90211175e+09   -0.64658511   1.5524208   1.74687655e-06   86   86   36   36   7.3125065e-07   0   0
11.6196719   1.48237881e+27   1.40000439   2.87230949e+09   -0.646589913   1.55239774   1.72894725e-06   86   86   36   36   7.23745359e-07   0   0
11.6199844   1.4632861e+27   1.40000439   2.84277855e+09   -0.646594716   1.55237467   1.71118069e-06   86   86   36   36   7.16308198e-07   0   0
11.6202969   1.44439229e+27   1.40000439   2.81351814e+09   -0.646599519   1.55235161   1.69357642e-06   86   86   36   36   7.08938965e-07   0   0
11.6206094   1.42569544e+27   1.40000439   2.78452736e+09   -0.646604321   1.55232856   1.67613387e-06   86   86   36   36   7.01637436e-07   0   0
11.6209219   1.4071936e+27   1.40000439   2.75580523e+09   -0.646609123   1.5523055   1.65885248e-06   86   86   36   36   6.94403364e-07   0   0
11.6212344   1.38888483e+27   1.40000439   2.72735069e+09   -0.646613925   1.55228245   1.64173159e-06   86   86   36   36   6.87236481e-07   0   0
11.6215469   1.37076717e+27   1.40000439   2.69916258e+09   -0.646618726   1.5522594   1.62477052e-06   86   86   36   36   6.80136496e-07   0   0
11.6218594   1.35283866e+27   1.40000439   2.67123968e+09   -0.646623527   1.55223635   1.60796852e-06   86   86   36   36   6.73103103e-07   0   0
11.6221719   1.33509737e+27   1.40000439   2.64358069e+09   -0.646628328   1.5522133   1.59132483e-06   86   86   36   36   6.66135973e-07   0   0
11.6224844   1.31754133e+27   1.40000439   2.61618424e+09   -0.646633129   1.55219025   1.5748386e-06   86   86   36   36   6.59234764e-07   0   0
11.6227969   1.30016862e+27   1.40000439   2.58904889e+09   -0.646637929   1.55216721   1.558509e-06   86   86   36   36   6.52399115e-07   0   0
11.6231094   1.2829773e+27   1.40000439   2.56217316e+09   -0.646642729   1.55214417   1.54233512e-06   86   86   36   36   6.45628653e-07   0   0
11.6234219   1.26596543e+27   1.4000044   2.53557836e+09   -0.646647528   1.55212113   1.52632973e-06   86   86   36   36   6.38928723e-07   0   0
11.6237344   1.2491306e+27   1.4000044   2.50951206e+09   -0.646652328   1.55209809   1.51064105e-06   86   86   36   36   6.32361371e-07   0   0
11.6240469   1.23246994e+27   1.4000044   2.48400583e+09   -0.646657127   1.55207505   1.49528807e-06   86   86   36   36   6.25934541e-07   0   0
11.6243594   1.21598069e+27   1.4000044   2.45901561e+09   -0.646661926   1.55205202   1.48024443e-06   86   86   36   36   6.19637205e-07   0   0
11.6246719   1.19966028e+27   1.4000044   2.43449977e+09   -0.646666724   1.55202898   1.46548525e-06   86   86   36   36   6.13458944e-07   0   0
11.6249844   1.18350629e+27   1.4000044   2.41041899e+09   -0.646671522   1.55200595   1.45098701e-06   86   86   36   36   6.0738991e-07   0   0
11.6252969   1.16751646e+27   1.4000044   2.38673611e+09   -0.64667632   1.55198292   1.43672747e-06   86   86   36   36   6.01420799e-07   0   0
11.6256094   1.15168869e+27   1.4000044   2.36341607e+09   -0.646681118   1.5519599   1.42268563e-06   86   86   36   36   5.95542821e-07   0   0
11.6259219   1.13602097e+27   1.4000044   2.34042574e+09   -0.646685915   1.55193687   1.40884166e-06   86   86   36   36   5.89747673e-07   0   0
11.6262344   1.12051146e+27   1.4000044   2.31773387e+09   -0.646690712   1.55191385   1.39517686e-06   86   86   36   36   5.84027521e-07   0   0
11.6265469   1.10515838e+27   1.4000044   2.295311e+09   -0.646695509   1.55189083   1.38167355e-06   86   86   36   36   5.78374975e-07   0   0
11.6268594   1.0899601e+27   1.4000044   2.27312935e+09   -0.646700305   1.55186781   1.36831511e-06   86   86   36   36   5.72783068e-07   0   0
11.6271719   1.07491506e+27   1.4000044   2.25116277e+09   -0.646705101   1.55184479   1.35508585e-06   86   86   36   36   5.67245241e-07   0   0
11.6274844   1.06002181e+27   1.4000044   2.22938666e+09   -0.646709897   1.55182178   1.34197106e-06   86   86   36   36   5.61755326e-07   0   0
11.6277969   1.04527897e+27   1.4000044   2.20777792e+09   -0.646714693   1.55179876   1.32895687e-06   86   86   36   36   5.56307526e-07   0   0
11.6281094   1.03068526e+27   1.4000044   2.18631488e+09   -0.646719488   1.55177575   1.3160303e-06   86   86   36   36   5.50896403e-07   0   0
11.6284219   1.01623946e+27   1.40000441   2.16497723e+09   -0.646724283   1.55175274   1.30317918e-06   86   86   36   36   5.45516867e-07   0   0
11.6287344   1.00194045e+27   1.40000441   2.14374599e+09   -0.646729077   1.55172974   1.29039215e-06   86   86   36   36   5.40164156e-07   0   0
11.6290469   9.87787167e+26   1.40000441   2.12260344e+09   -0.646733872   1.55170673   1.27765859e-06   86   86   36   36   5.3483383e-07   0   0
11.6293594   9.73778617e+26   1.40000441   2.10153311e+09   -0.646738666   1.55168373   1.26496864e-06   86   86   36   36   5.29521756e-07   0   0
11.6296719   9.59913878e+26   1.40000441   2.08051969e+09   -0.64674346   1.55166072   1.25231313e-06   86   86   36   36   5.24224101e-07   0   0
11.6299844   9.4619209e+26   1.40000441   2.05954902e+09   -0.646748253   1.55163772   1.23968359e-06   86   86   36   36   5.18937318e-07   0   0
11.6302969   9.32612458e+26   1.40000441   2.03860803e+09   -0.646753046   1.55161473   1.22707222e-06   86   86   36   36   5.13658137e-07   0   0
11.6306094   9.19174247e+26   1.40000441   2.01768474e+09   -0.646757839   1.55159173   1.21447184e-06   86   86   36   36   5.0838356e-07   0   0
11.6309219   9.05876784e+26   1.40000441   1.9967682e+09   -0.646762632   1.55156874   1.20187591e-06   86   86   36   36   5.03110848e-07   0   0
11.6312344   8.92719453e+26   1.40000441   1.97584844e+09   -0.646767424   1.55154574   1.18927851e-06   86   86   36   36   4.97837516e-07   0   0
11.6315469   8.79701699e+26   1.40000441   1.9549165e+09   -0.646772216   1.55152275   1.17667427e-06   86   86   36   36   4.92561324e-07   0   0
11.6318594   8.66823024e+26   1.40000441   1.93396434e+09   -0.646777008   1.55149977   1.16405843e-06   86   86   36   36   4.87280273e-07   0   0
11.6321719   8.54082989e+26   1.40000441   1.91298486e+09   -0.646781799   1.55147678   1.15142676e-06   86   86   36   36   4.81992596e-07   0   0
11.6324844   8.4148121e+26   1.40000441   1.89197183e+09   -0.64678659   1.55145379   1.13877557e-06   86   86   36   36   4.76696751e-07   0   0
11.6327969   8.29017365e+26   1.40000441   1.87091992e+09   -0.646791381   1.55143081   1.12610172e-06   86   86   36   36   4.71391419e-07   0   0
11.6331094   8.16691188e+26   1.40000441   1.84982466e+09   -0.646796172   1.55140783   1.11340258e-06   86   86   36   36   4.66075498e-07   0   0
11.6334219   8.04502475e+26   1.40000441   1.82868239e+09   -0.646800962   1.55138485   1.10067601e-06   86   86   36   36   4.60748096e-07   0   0
11.6337344   7.92451081e+26   1.40000441   1.80749031e+09   -0.646805752   1.55136187   1.08792037e-06   86   86   36   36   4.55408528e-07   0   0
11.6340469   7.80536924e+26   1.40000441   1.78624639e+09   -0.646810542   1.5513389   1.07513453e-06   86   86   36   36   4.50056316e-07   0   0
11.6343594   7.68759987e+26   1.40000442   1.76494941e+09   -0.646815331   1.55131593   1.06231782e-06   86   86   36   36   4.4469118e-07   0   0
11.6346719   7.57120318e+26   1.40000442   1.74359895e+09   -0.64682012   1.55129295   1.04947003e-06   86   86   36   36   4.39313038e-07   0   0
11.6349844   7.45618037e+26   1.40000442   1.72219532e+09   -0.646824909   1.55126999   1.03659145e-06   86   86   36   36   4.33922004e-07   0   0
11.6352969   7.34253334e+26   1.40000442   1.70073965e+09   -0.646829697   1.55124702   1.02368281e-06   86   86   36   36   4.28518385e-07   0   0
11.6356094   7.23026473e+26   1.40000442   1.6792338e+09   -0.646834486   1.55122405   1.0107453e-06   86   86   36   36   4.23102682e-07   0   0
11.6359219   7.11937803e+26   1.40000442   1.6576804e+09   -0.646839273   1.55120109   9.9778057e-07   86   86   36   36   4.17675588e-07   0   0
11.6362344   7.00987756e+26   1.40000442   1.63608284e+09   -0.646844061   1.55117813   9.84790743e-07   86   86   36   36   4.12237986e-07   0   0
11.6365469   6.9017685e+26   1.40000442   1.61444529e+09   -0.646848848   1.55115517   9.71778385e-07   86   86   36   36   4.06790952e-07   0   0
11.6368594   6.79505785e+26   1.40000442   1.5927224e+09   -0.646853635   1.55113221   9.5871724e-07   86   86   36   36   4.01323496e-07   0   0
11.6371719   6.68976307e+26   1.40000442   1.57076257e+09   -0.646858422   1.55110925   9.45519525e-07   86   86   36   36   3.95798871e-07   0   0
11.6374844   6.58590631e+26   1.40000442   1.54864223e+09   -0.646863209   1.5510863   9.32230702e-07   86   86   36   36   3.90236108e-07   0   0
11.6377969   6.48350601e+26   1.40000442   1.5264542e+09   -0.646867995   1.55106335   9.18905533e-07   86   86   36   36   3.8465813e-07   0   0
11.6381094   6.38257557e+26   1.40000442   1.50428427e+09   -0.646872781   1.5510404   9.05594499e-07   86   86   36   36   3.79086069e-07   0   0
11.6384219   6.28312278e+26   1.40000442   1.48221121e+09   -0.646877566   1.55101745   8.92343786e-07   86   86   36   36   3.73539259e-07   0   0
11.6387344   6.18514909e+26   1.40000442   1.46030659e+09   -0.646882352   1.5509945   8.79195281e-07   66   66   28   28   3.72991937e-07   0   0
11.6390469   6.08864925e+26   1.40000442   1.43863489e+09   -0.646887137   1.55097156   8.66186639e-07   66   66   28   28   3.6747312e-07   0   0
11.6393594   5.99361145e+26   1.40000442   1.4172537e+09   -0.646891921   1.55094862   8.53351442e-07   66   66   28   28   3.62027885e-07   0   0
11.6396719   5.90001718e+26   1.40000442   1.39621395e+09   -0.646896706   1.55092567   8.40719367e-07   66   66   28   28   3.56668822e-07   0   0
11.6399844   5.80784214e+26   1.40000442   1.37556039e+09   -0.64690149   1.55090274   8.28316482e-07   66   66   28   28   3.51406992e-07   0   0
11.6402969   5.71705666e+26   1.40000442   1.35533202e+09   -0.646906274   1.5508798   8.16165527e-07   66   66   28   28   3.46252042e-07   0   0
11.6406094   5.62762678e+26   1.40000442   1.33556269e+09   -0.646911057   1.55085686   8.04286266e-07   66   66   28   28   3.41212355e-07   0   0
11.6409219   5.53951517e+26   1.40000442   1.31628167e+09   -0.64691584   1.55083393   7.92695835e-07   66   66   28   28   3.36295203e-07   0   0
11.6412344   5.45268203e+26   1.40000442   1.29751417e+09   -0.646920623   1.550811   7.81409074e-07   64   64   28   28   3.4186647e-07   0   0
11.6415469   5.36708612e+26   1.40000442   1.27928197e+09   -0.646925406   1.55078807   7.70438864e-07   64   64   28   28   3.37067003e-07   0   0
11.6418594   5.28268546e+26   1.40000442   1.26160385e+09   -0.646930188   1.55076514   7.59796414e-07   64   64   28   28   3.32410931e-07   0   0
11.6421719   5.19943802e+26   1.40000443   1.24449606e+09   -0.64693497   1.55074222   7.49491515e-07   64   64   28   28   3.27902538e-07   0   0
11.6424844   5.11730229e+26   1.40000443   1.22797271e+09   -0.646939752   1.55071929   7.39532778e-07   64   64   28   28   3.2354559e-07   0   0
11.6427969   5.03623763e+26   1.40000443   1.2120461e+09   -0.646944534   1.55069637   7.29927809e-07   64   64   28   28   3.19343416e-07   0   0
11.6431094   4.95620521e+26   1.40000443   1.19670655e+09   -0.646949315   1.55067345   7.20669261e-07   64   64   28   28   3.15292801e-07   0   0
11.6434219   4.87717105e+26   1.40000443   1.18188248e+09   -0.646954096   1.55065053   7.11714155e-07   64   64   28   28   3.11374943e-07   0   0
11.6437344   4.79910702e+26   1.40000443   1.16749697e+09   -0.646958876   1.55062762   7.03018536e-07   64   64   28   28   3.0757061e-07   0   0
11.6440469   4.72198976e+26   1.40000443   1.15347887e+09   -0.646963657   1.5506047   6.94541485e-07   64   64   28   28   3.038619e-07   0   0
11.6443594   4.64579983e+26   1.40000443   1.13976226e+09   -0.646968437   1.55058179   6.86244912e-07   64   64   28   28   3.00232149e-07   0   0
11.6446719   4.57052126e+26   1.40000443   1.12628606e+09   -0.646973216   1.55055888   6.78093415e-07   64   64   28   28   2.96665869e-07   0   0
11.6449844   4.49614111e+26   1.40000443   1.11299368e+09   -0.646977996   1.55053597   6.70054154e-07   64   64   28   28   2.93148692e-07   0   0
11.6452969   4.42264916e+26   1.40000443   1.09983276e+09   -0.646982775   1.55051307   6.62096749e-07   64   64   28   28   2.89667328e-07   0   0
11.6456094   4.35003777e+26   1.40000443   1.08675498e+09   -0.646987554   1.55049016   6.54193206e-07   64   64   28   28   2.86209528e-07   0   0
11.6459219   4.27830167e+26   1.40000443   1.07371583e+09   -0.646992332   1.55046726   6.4631786e-07   64   64   28   28   2.82764064e-07   0   0
11.6462344   4.207438e+26   1.40000443   1.06067454e+09   -0.646997111   1.55044436   6.38447329e-07   64   64   28   28   2.79320706e-07   0   0
11.6465469   4.13744633e+26   1.40000443   1.04759396e+09   -0.647001889   1.55042146   6.305605e-07   64   64   28   28   2.75870219e-07   0   0
11.6468594   4.06832712e+26   1.40000443   1.03452228e+09   -0.647006666   1.55039856   6.22687173e-07   64   64   28   28   2.72425638e-07   0   0
11.6471719   4.00007563e+26   1.40000443   1.02157247e+09   -0.647011444   1.55037567   6.1489448e-07   64   64   28   28   2.69016335e-07   0   0
11.6474844   3.93268466e+26   1.40000443   1.00874179e+09   -0.647016221   1.55035278   6.07179762e-07   64   64   28   28   2.65641146e-07   0   0
11.6477969   3.86614706e+26   1.40000443   996026326   -0.647020998   1.55032988   5.99539699e-07   64   64   28   28   2.62298618e-07   0   0
11.6481094   3.80045576e+26   1.40000443   983422417   -0.647025774   1.550307   5.91971198e-07   64   64   28   28   2.58987399e-07   0   0
11.6484219   3.73560372e+26   1.40000443   970926701   -0.64703055   1.55028411   5.84471375e-07   64   64   28   28   2.55706227e-07   0   0
11.6487344   3.67158393e+26   1.40000443   958536071   -0.647035326   1.55026122   5.7703755e-07   64   64   28   28   2.52453928e-07   0   0
11.6490469   3.60838941e+26   1.40000443   946247670   -0.647040102   1.55023834   5.69667229e-07   64   64   28   28   2.49229413e-07   0   0
11.6493594   3.54601326e+26   1.40000443   934058877   -0.647044877   1.55021546   5.623581e-07   64   64   28   28   2.46031669e-07   0   0
11.6496719   3.48444857e+26   1.40000443   921967297   -0.647049652   1.55019258   5.5510802e-07   64   64   28   28   2.42859759e-07   0   0
11.6499844   3.42368849e+26   1.40000443   909970745   -0.647054427   1.5501697   5.47915005e-07   64   64   28   28   2.39712815e-07   0   0
11.6502969   3.36372621e+26   1.40000443   898067240   -0.647059202   1.55014682   5.40777225e-07   64   64   28   28   2.36590036e-07   0   0
11.6506094   3.30455492e+26   1.40000443   886254987   -0.647063976   1.55012395   5.33692991e-07   64   64   28   28   2.33490683e-07   0   0
11.6509219   3.24616789e+26   1.40000443   874532375   -0.64706875   1.55010108   5.26660751e-07   64   64   28   28   2.30414079e-07   0   0
11.6512344   3.18855839e+26   1.40000443   862897960   -0.647073523   1.55007821   5.19679082e-07   64   64   28   28   2.27359598e-07   0   0
11.6515469   3.13171973e+26   1.40000443   851350460   -0.647078297   1.55005534   5.12746683e-07   64   64   28   28   2.24326674e-07   0   0
11.6518594   3.07564524e+26   1.40000443   839888740   -0.64708307   1.55003247   5.05862365e-07   64   64   28   28   2.21314785e-07   0   0
11.6521719   3.02032829e+26   1.40000443   828512616   -0.647087842   1.55000961   4.9902557e-07   64   64   28   28   2.18323687e-07   0   0
11.6524844   2.96576195e+26   1.40000443   817260906   -0.647092615   1.54998674   4.92261038e-07   64   64   28   28   2.15364204e-07   0   0
11.6527969   2.91193855e+26   1.40000443   806150497   -0.647097387   1.54996388   4.85579965e-07   64   64   28   28   2.12441235e-07   0   0
11.6531094   2.85885046e+26   1.40000443   795174947   -0.647102159   1.54994103   4.7897861e-07   64   64   28   28   2.09553142e-07   0   0
11.6534219   2.80649016e+26   1.40000443   784328267   -0.647106931   1.54991817   4.72453496e-07   64   64   28   28   2.06698405e-07   0   0
11.6537344   2.75485027e+26   1.40000443   773604895   -0.647111702   1.54989531   4.66001394e-07   64   64   28   28   2.0387561e-07   0   0
11.6540469   2.70392354e+26   1.40000444   762999677   -0.647116473   1.54987246   4.59619312e-07   64   64   28   28   2.01083449e-07   0   0
11.6543594   2.65370285e+26   1.40000444   752507840   -0.647121243   1.54984961   4.53304481e-07   64   64   28   28   1.98320711e-07   0   0
11.6546719   2.60418118e+26   1.40000444   742124981   -0.647126014   1.54982676   4.47054348e-07   64   64   28   28   1.95586277e-07   0   0
11.6549844   2.55535163e+26   1.40000444   731847038   -0.647130784   1.54980391   4.4086656e-07   64   64   28   28   1.9287912e-07   0   0
11.6552969   2.50720742e+26   1.40000444   721670281   -0.647135554   1.54978107   4.34738957e-07   64   64   28   28   1.90198293e-07   0   0
11.6556094   2.45974185e+26   1.40000444   711591288   -0.647140323   1.54975822   4.28669559e-07   64   64   28   28   1.87542932e-07   0   0
11.6559219   2.41294834e+26   1.40000444   701606929   -0.647145093   1.54973538   4.22656561e-07   64   64   28   28   1.84912246e-07   0   0
11.6562344   2.36682037e+26   1.40000444   691714354   -0.647149862   1.54971254   4.16698319e-07   64   64   28   28   1.82305515e-07   0   0
11.6565469   2.32135156e+26   1.40000444   681910972   -0.64715463   1.5496897   4.10793343e-07   64   64   28   28   1.79722088e-07   0   0
11.6568594   2.27653557e+26   1.40000444   672194444   -0.647159399   1.54966687   4.04940289e-07   64   64   28   28   1.77161377e-07   0   0
11.6571719   2.23236617e+26   1.40000444   662562659   -0.647164167   1.54964403   3.99137949e-07   64   64   28   28   1.74622853e-07   0   0
11.6574844   2.1888372e+26   1.40000444   653013729   -0.647168934   1.5496212   3.93385246e-07   64   64   28   28   1.72106045e-07   0   0
11.6577969   2.14594259e+26   1.40000444   643545973   -0.647173702   1.54959837   3.87681223e-07   64   64   28   28   1.69610535e-07   0   0
11.6581094   2.10367633e+26   1.40000444   634157902   -0.647178469   1.54957554   3.82025038e-07   64   64   28   28   1.67135954e-07   0   0
11.6584219   2.06203247e+26   1.40000444   624848212   -0.647183236   1.54955271   3.76415957e-07   64   64   28   28   1.64681981e-07   0   0
11.6587344   2.02100516e+26   1.40000444   615615771   -0.647188003   1.54952989   3.70853348e-07   64   64   28   28   1.6224834e-07   0   0
11.6590469   1.98058858e+26   1.40000444   606459606   -0.647192769   1.54950707   3.6533667e-07   64   64   28   28   1.59834793e-07   0   0
11.6593594   1.940777e+26   1.40000444   597378894   -0.647197535   1.54948425   3.59865474e-07   64   64   28   28   1.57441145e-07   0   0
11.6596719   1.90156472e+26   1.40000444   588372955   -0.647202301   1.54946143   3.54439391e-07   64   64   28   28   1.55067233e-07   0   0
11.6599844   1.86294613e+26   1.40000444   579441236   -0.647207066   1.54943861   3.49058129e-07   64   64   28   28   1.52712931e-07   0   0
11.6602969   1.82491565e+26   1.40000444   570583310   -0.647211831   1.54941579   3.43721468e-07   64   64   28   28   1.50378142e-07   0   0
11.6606094   1.78746776e+26   1.40000444   561798859   -0.647216596   1.54939298   3.38429254e-07   64   64   28   28   1.48062799e-07   0   0
11.6609219   1.750597e+26   1.40000444   553087672   -0.647221361   1.54937017   3.33181394e-07   64   64   28   28   1.4576686e-07   0   0
11.6612344   1.71429793e+26   1.40000444   544449634   -0.647226125   1.54934736   3.27977852e-07   64   64   28   28   1.4349031e-07   0   0
11.6615469   1.67856519e+26   1.40000444   535884720   -0.647230889   1.54932455   3.22818641e-07   64   64   28   28   1.41233156e-07   0   0
11.6617031   1.66090896e+26   1.40000444   531629563   -0.647233271   1.54931315   3.20255597e-07   64   64   28   28   1.40111824e-07   0   0
11.6618594   1.64339233e+26   1.40000444   527392717   -0.647235653   1.54930175   3.17703665e-07   64   64   28   28   1.38995353e-07   0   0
11.6620156   1.62601464e+26   1.40000444   523174799   -0.647238035   1.54929034   3.15163218e-07   64   64   28   28   1.37883908e-07   0   0
11.6621719   1.608775e+26   1.40000444   519001003   -0.647240416   1.54927894   3.12649404e-07   64   64   28   28   1.36784114e-07   0   0
11.6623281   1.5916723e+26   1.40000444   514882286   -0.647242798   1.54926754   3.10168801e-07   64   64   28   28   1.35698851e-07   0   0
11.6624844   1.57470528e+26   1.40000444   510815494   -0.647245179   1.54925614   3.07719506e-07   64   64   28   28   1.34627284e-07   0   0
11.6626406   1.55787278e+26   1.40000444   506797612   -0.647247561   1.54924474   3.05299697e-07   64   64   28   28   1.33568618e-07   0   0
11.6627969   1.54117367e+26   1.40000444   502825753   -0.647249942   1.54923334   3.02907632e-07   64   64   28   28   1.32522089e-07   0   0
11.6629531   1.52460687e+26   1.40000444   498897152   -0.647252324   1.54922194   3.0054164e-07   64   64   28   28   1.31486968e-07   0   0
11.6631094   1.50817134e+26   1.40000444   495009161   -0.647254705   1.54921054   2.98200124e-07   64   64   28   28   1.30462554e-07   0   0
11.6632656   1.49186607e+26   1.40000444   491159248   -0.647257086   1.54919914   2.95881555e-07   64   64   28   28   1.2944818e-07   0   0
11.6634219   1.47569009e+26   1.40000444   487344992   -0.647259467   1.54918775   2.9358447e-07   64   64   28   28   1.28443206e-07   0   0
11.6635781   1.45964247e+26   1.40000444   483564077   -0.647261848   1.54917635   2.91307473e-07   64   64   28   28   1.2744702e-07   0   0
11.6637344   1.4437223e+26   1.40000444   479814291   -0.647264229   1.54916495   2.89049229e-07   64   64   28   28   1.26459038e-07   0   0
11.6638906   1.42792873e+26   1.40000444   476093524   -0.64726661   1.54915355   2.86808464e-07   64   64   28   28   1.25478703e-07   0   0
11.6640469   1.41226091e+26   1.40000444   472399761   -0.647268991   1.54914216   2.8458396e-07   64   64   28   28   1.24505483e-07   0   0
11.6642031   1.39671804e+26   1.40000444   468731082   -0.647271371   1.54913076   2.82374561e-07   64   64   28   28   1.2353887e-07   0   0
11.6643594   1.38129933e+26   1.40000444   465085658   -0.647273752   1.54911937   2.80179161e-07   64   64   28   28   1.22578383e-07   0   0
11.6645156   1.36600404e+26   1.40000444   461461749   -0.647276132   1.54910797   2.7799671e-07   64   64   28   28   1.2162356e-07   0   0
11.6646719   1.35083145e+26   1.40000444   457857699   -0.647278513   1.54909658   2.75826209e-07   64   64   28   28   1.20673966e-07   0   0
11.6648281   1.33578085e+26   1.40000444   454271939   -0.647280893   1.54908519   2.73666709e-07   64   64   28   28   1.19729185e-07   0   0
11.6649844   1.32085158e+26   1.40000444   450702976   -0.647283274   1.54907379   2.71517311e-07   64   64   28   28   1.18788824e-07   0   0
11.6651406   1.30604298e+26   1.40000444   447149398   -0.647285654   1.5490624   2.69377161e-07   64   64   28   28   1.17852508e-07   0   0
11.6652969   1.29135443e+26   1.40000444   443609871   -0.647288034   1.54905101   2.67245454e-07   64   64   28   28   1.16919886e-07   0   0
11.6654531   1.27678534e+26   1.40000444   440083132   -0.647290414   1.54903962   2.65121427e-07   64   64   28   28   1.15990624e-07   0   0
11.6656094   1.26233512e+26   1.40000444   436567991   -0.647292794   1.54902822   2.63004362e-07   64   64   28   28   1.15064408e-07   0   0
11.6657656   1.24800323e+26   1.40000444   433063329   -0.647295174   1.54901683   2.60893581e-07   64   64   28   28   1.14140942e-07   0   0
11.6659219   1.23378912e+26   1.40000444   429568094   -0.647297554   1.54900544   2.5878845e-07   64   64   28   28   1.13219947e-07   0   0
11.6660781   1.21969228e+26   1.40000444   426081301   -0.647299934   1.54899405   2.56688374e-07   64   64   28   28   1.12301164e-07   0   0
11.6662344   1.20571223e+26   1.40000444   422602030   -0.647302314   1.54898266   2.54592796e-07   64   64   28   28   1.11384348e-07   0   0
11.6663906   1.19184848e+26   1.40000444   419129421   -0.647304694   1.54897127   2.52501196e-07   64   64   28   28   1.10469273e-07   0   0
11.6665469   1.1781006e+26   1.40000444   415662680   -0.647307073   1.54895989   2.50413094e-07   64   64   28   28   1.09555729e-07   0   0
11.6667031   1.16446815e+26   1.40000444   412201069   -0.647309453   1.5489485   2.48328043e-07   64   64   28   28   1.08643519e-07   0   0
11.6668594   1.15095071e+26   1.40000444   408743908   -0.647311832   1.54893711   2.46245633e-07   64   64   28   28   1.07732464e-07   0   0
11.6670156   1.1375479e+26   1.40000444   405290576   -0.647314212   1.54892572   2.44165486e-07   64   64   28   28   1.068224e-07   0   0
11.6671719   1.12425934e+26   1.40000444   401840505   -0.647316591   1.54891434   2.42087258e-07   64   64   28   28   1.05913175e-07   0   0
11.6673281   1.11108468e+26   1.40000444   398393182   -0.64731897   1.54890295   2.40010639e-07   64   64   28   28   1.05004655e-07   0   0
11.6674844   1.09802359e+26   1.40000444   394948146   -0.64732135   1.54889157   2.37935349e-07   64   64   28   28   1.04096715e-07   0   0
11.6676406   1.08507574e+26   1.40000444   391504989   -0.647323729   1.54888018   2.35861139e-07   64   64   28   28   1.03189248e-07   0   0
11.6677969   1.07224085e+26   1.40000444   388063350   -0.647326108   1.5488688   2.33787791e-07   64   64   28   28   1.02282159e-07   0   0
11.6679531   1.05951862e+26   1.40000444   384622920   -0.647328487   1.54885741   2.31715116e-07   64   64   28   28   1.01375363e-07   0   0
11.6681094   1.04690881e+26   1.40000444   381183436   -0.647330866   1.54884603   2.29642953e-07   64   64   28   28   1.00468792e-07   0   0
11.6682656   1.03441116e+26   1.40000444   377744683   -0.647333244   1.54883464   2.27571171e-07   64   64   28   28   9.95623873e-08   0   0
11.6684219   1.02202547e+26   1.40000444   374306490   -0.647335623   1.54882326   2.25499665e-07   64   64   28   28   9.86561035e-08   0   0
11.6685781   1.00975152e+26   1.40000444   370868734   -0.647338002   1.54881188   2.23428358e-07   64   64   28   28   9.77499068e-08   0   0
11.6687344   9.97589134e+25   1.40000444   367431332   -0.64734038   1.5488005   2.21357199e-07   64   64   28   28   9.68437747e-08   0   0
11.6688906   9.85538142e+25   1.40000444   363994247   -0.647342759   1.54878912   2.19286163e-07   64   64   28   28   9.59376964e-08   0   0
11.6690469   9.73598402e+25   1.40000444   360557484   -0.647345137   1.54877773   2.17215251e-07   64   64   28   28   9.50316721e-08   0   0
11.6692031   9.61769789e+25   1.40000444   357121088   -0.647347516   1.54876635   2.15144487e-07   64   64   28   28   9.41257129e-08   0   0
11.6693594   9.50052197e+25   1.40000444   353685145   -0.647349894   1.54875497   2.13073922e-07   64   64   28   28   9.32198408e-08   0   0
11.6695156   9.38445542e+25   1.40000444   350249782   -0.647352272   1.54874359   2.1100363e-07   64   64   28   28   9.2314088e-08   0   0
11.6696719   9.26949761e+25   1.40000444   346815165   -0.647354651   1.54873222   2.08933709e-07   64   64   28   28   9.14084975e-08   0   0
11.6698281   9.15564813e+25   1.40000444   343381499   -0.647357029   1.54872084   2.06864279e-07   64   64   28   28   9.05031222e-08   0   0
11.6699844   9.04290676e+25   1.40000444   339949025   -0.647359407   1.54870946   2.04795486e-07   64   64   28   28   8.95980253e-08   0   0
11.6701406   8.93127356e+25   1.40000444   336518026   -0.647361785   1.54869808   2.02727497e-07   64   64   28   28   8.869328e-08   0   0
11.6702969   8.82074878e+25   1.40000444   333088818   -0.647364163   1.5486867   2.00660501e-07   64   64   28   28   8.7788969e-08   0   0
11.6704531   8.71133288e+25   1.40000444   329661549   -0.64736654   1.54867533   1.98594579e-07   64   64   28   28   8.68851282e-08   0   0
11.6706094   8.60302795e+25   1.40000444   326232993   -0.647368918   1.54866395   1.9652768e-07   64   64   28   28   8.59808599e-08   0   0
11.6707656   8.49583732e+25   1.40000444   322805328   -0.647371296   1.54865258   1.94461098e-07   64   64   28   28   8.50767303e-08   0   0
11.6709219   8.38976374e+25   1.40000444   319382876   -0.647373673   1.5486412   1.92397472e-07   64   64   28   28   8.4173894e-08   0   0
11.6710781   8.28480865e+25   1.40000444   315969715   -0.647376051   1.54862983   1.90339291e-07   64   64   28   28   8.327344e-08   0   0
11.6712344   8.18097216e+25   1.40000444   312569671   -0.647378428   1.54861845   1.88288897e-07   64   64   28   28   8.23763926e-08   0   0
11.6713906   8.07825302e+25   1.40000444   309186330   -0.647380806   1.54860708   1.86248484e-07   64   64   28   28   8.14837118e-08   0   0
11.6715469   7.97664862e+25   1.40000444   305823036   -0.647383183   1.5485957   1.842201e-07   64   64   28   28   8.05962936e-08   0   0
11.6717031   7.87615491e+25   1.40000444   302482896   -0.64738556   1.54858433   1.82205649e-07   64   64   28   28   7.97149714e-08   0   0
11.6718594   7.77676649e+25   1.40000444   299168787   -0.647387938   1.54857296   1.80206895e-07   64   64   28   28   7.88405168e-08   0   0
11.6720156   7.67847654e+25   1.40000444   295883357   -0.647390315   1.54856159   1.78225466e-07   64   64   28   28   7.79736414e-08   0   0
11.6721719   7.58127693e+25   1.40000444   292629040   -0.647392692   1.54855021   1.76262854e-07   64   64   28   28   7.71149987e-08   0   0
11.6723281   7.48515823e+25   1.40000444   289408058   -0.647395069   1.54853884   1.74320425e-07   64   64   28   28   7.62651859e-08   0   0
11.6724844   7.39010982e+25   1.40000444   286222430   -0.647397445   1.54852747   1.7239942e-07   64   64   28   28   7.54247461e-08   0   0
11.6726406   7.2961199e+25   1.40000444   283073986   -0.647399822   1.5485161   1.70500963e-07   64   64   28   28   7.45941713e-08   0   0
11.6727969   7.20317568e+25   1.40000444   279964373   -0.647402199   1.54850473   1.68626067e-07   64   64   28   28   7.37739044e-08   0   0
11.6729531   7.11126339e+25   1.40000444   276895068   -0.647404576   1.54849336   1.6677564e-07   64   64   28   28   7.29643426e-08   0   0
11.6731094   7.02036843e+25   1.40000444   273867385   -0.647406952   1.548482   1.64950491e-07   64   64   28   28   7.21658397e-08   0   0
11.6732656   6.93047549e+25   1.40000444   270882491   -0.647409329   1.54847063   1.63151335e-07   62   62   28   28   7.36812482e-08   0   0
11.6734219   6.84156861e+25   1.40000444   267941413   -0.647411705   1.54845926   1.61378805e-07   62   62   28   28   7.28807505e-08   0   0
11.6735781   6.75363135e+25   1.40000444   265045049   -0.647414082   1.54844789   1.5963345e-07   62   62   28   28   7.20925259e-08   0   0
11.6737344   6.66664683e+25   1.40000444   262194250   -0.647416458   1.54843653   1.57915793e-07   62   62   28   28   7.13168096e-08   0   0
11.6738906   6.58059793e+25   1.40000444   259396001   -0.647418834   1.54842516   1.56230096e-07   62   62   28   28   7.05555274e-08   0   0
11.6740469   6.4954679e+25   1.40000444   256652526   -0.64742121   1.54841379   1.54577711e-07   62   62   28   28   6.98092889e-08   0   0
11.6742031   6.41124083e+25   1.40000444   253961001   -0.647423586   1.54840243   1.52956904e-07   62   62   28   28   6.90773114e-08   0   0
11.6743594   6.32790164e+25   1.40000444   251318750   -0.647425962   1.54839106   1.51366034e-07   62   62   28   28   6.8358854e-08   0   0
11.6745156   6.24543607e+25   1.40000444   248723237   -0.647428338   1.5483797   1.49803548e-07   62   62   28   28   6.76532153e-08   0   0
11.6746719   6.16383052e+25   1.40000444   246172059   -0.647430714   1.54836833   1.48267975e-07   62   62   28   28   6.69597305e-08   0   0
11.6748281   6.08307208e+25   1.40000444   243662936   -0.64743309   1.54835697   1.46757919e-07   62   62   28   28   6.627777e-08   0   0
11.6749844   6.00314841e+25   1.40000444   241193705   -0.647435466   1.54834561   1.4527206e-07   62   62   28   28   6.56067366e-08   0   0
11.6751406   5.92404775e+25   1.40000444   238762315   -0.647437841   1.54833425   1.43809142e-07   62   62   28   28   6.49460643e-08   0   0
11.6752969   5.84575886e+25   1.40000444   236366820   -0.647440217   1.54832288   1.4236798e-07   62   62   28   28   6.42952166e-08   0   0
11.6754531   5.76827097e+25   1.40000444   234005373   -0.647442592   1.54831152   1.40947444e-07   62   62   28   28   6.36536844e-08   0   0
11.6756094   5.69157379e+25   1.40000444   231676224   -0.647444968   1.54830016   1.39546468e-07   62   62   28   28   6.30209853e-08   0   0
11.6757656   5.61565741e+25   1.40000444   229377711   -0.647447343   1.5482888   1.38164037e-07   62   62   28   28   6.2396662e-08   0   0
11.6759219   5.54051235e+25   1.40000444   227108259   -0.647449718   1.54827744   1.36799193e-07   62   62   28   28   6.17802806e-08   0   0
11.6760781   5.46612948e+25   1.40000444   224866374   -0.647452094   1.54826608   1.35451024e-07   62   62   28   28   6.11714303e-08   0   0
11.6762344   5.39250002e+25   1.40000444   222650642   -0.647454469   1.54825472   1.34118669e-07   62   62   28   28   6.05697216e-08   0   0
11.6763906   5.31961554e+25   1.40000444   220459720   -0.647456844   1.54824336   1.32801311e-07   62   62   28   28   5.99747858e-08   0   0
11.6765469   5.2474679e+25   1.40000444   218292340   -0.647459219   1.548232   1.31498177e-07   62   62   28   28   5.93862735e-08   0   0
11.6767031   5.17604924e+25   1.40000444   216147299   -0.647461594   1.54822065   1.30208535e-07   62   62   28   28   5.88038544e-08   0   0
11.6768594   5.105352e+25   1.40000444   214023460   -0.647463969   1.54820929   1.28931692e-07   62   62   28   28   5.82272159e-08   0   0
11.6770156   5.03536887e+25   1.40000444   211919749   -0.647466343   1.54819793   1.27666995e-07   62   62   28   28   5.76560624e-08   0   0
11.6771719   4.96609279e+25   1.40000444   209835149   -0.647468718   1.54818657   1.26413826e-07   62   62   28   28   5.70901148e-08   0   0
11.6773281   4.89751693e+25   1.40000444   207768702   -0.647471093   1.54817522   1.251716e-07   62   62   28   28   5.65291097e-08   0   0
11.6774844   4.82963469e+25   1.40000444   205719505   -0.647473467   1.54816386   1.23939768e-07   62   62   28   28   5.59727987e-08   0   0
11.6776406   4.76243969e+25   1.40000444   203686705   -0.647475842   1.54815251   1.22717812e-07   62   62   28   28   5.54209475e-08   0   0
11.6777969   4.69592572e+25   1.40000444   201669501   -0.647478216   1.54814115   1.21505243e-07   62   62   28   28   5.48733358e-08   0   0
11.6779531   4.63008681e+25   1.40000444   199667140   -0.647480591   1.5481298   1.20301603e-07   62   62   28   28   5.43297564e-08   0   0
11.6781094   4.56491714e+25   1.40000444   197678914   -0.647482965   1.54811845   1.19106461e-07   62   62   28   28   5.37900147e-08   0   0
11.6782656   4.50041107e+25   1.40000444   195704160   -0.647485339   1.54810709   1.17919413e-07   62   62   28   28   5.32539284e-08   0   0
11.6784219   4.43656315e+25   1.40000444   193742258   -0.647487713   1.54809574   1.16740081e-07   62   62   28   28   5.27213267e-08   0   0
11.6785781   4.37336808e+25   1.40000444   191792628   -0.647490087   1.54808439   1.15568111e-07   62   62   28   28   5.219205e-08   0   0
11.6787344   4.3108207e+25   1.40000444   189854729   -0.647492461   1.54807304   1.14403173e-07   62   62   28   28   5.16659493e-08   0   0
11.6788906   4.24891602e+25   1.40000444   187928059   -0.647494835   1.54806169   1.13244962e-07   62   62   28   28   5.11428861e-08   0   0
11.6790469   4.18764918e+25   1.40000444   186012151   -0.647497209   1.54805033   1.12093192e-07   62   62   28   28   5.06227318e-08   0   0
11.6792031   4.12701546e+25   1.40000444   184106574   -0.647499583   1.54803898   1.10947598e-07   62   62   28   28   5.0105367e-08   0   0
11.6793594   4.06701029e+25   1.40000444   182210929   -0.647501956   1.54802763   1.09807938e-07   62   62   28   28   4.95906818e-08   0   0
11.6795156   4.00762919e+25   1.40000444   180324849   -0.64750433   1.54801628   1.08673987e-07   62   62   28   28   4.90785748e-08   0   0
11.6796719   3.94886785e+25   1.40000444   178447999   -0.647506704   1.54800494   1.07545539e-07   62   62   28   28   4.85689532e-08   0   0
11.6798281   3.89072203e+25   1.40000444   176580074   -0.647509077   1.54799359   1.06422407e-07   62   62   28   28   4.80617324e-08   0   0
11.6799844   3.83318765e+25   1.40000444   174720796   -0.64751145   1.54798224   1.05304421e-07   62   62   28   28   4.75568352e-08   0   0
11.6801406   3.7762607e+25   1.40000444   172869916   -0.647513824   1.54797089   1.04191426e-07   62   62   28   28   4.70541923e-08   0   0
11.6802969   3.71993731e+25   1.40000444   171027211   -0.647516197   1.54795954   1.03083284e-07   62   62   28   28   4.65537413e-08   0   0
11.6804531   3.6642137e+25   1.40000444   169192482   -0.64751857   1.5479482   1.01979874e-07   62   62   28   28   4.60554271e-08   0   0
11.6806094   3.60908619e+25   1.40000444   167365555   -0.647520943   1.54793685   1.00881088e-07   62   62   28   28   4.55592008e-08   0   0
11.6807656   3.5545512e+25   1.40000444   165546281   -0.647523316   1.54792551   9.97868308e-08   62   62   28   28   4.50650203e-08   0   0
11.6809219   3.50060524e+25   1.40000444   163734533   -0.647525689   1.54791416   9.86970239e-08   62   62   28   28   4.45728495e-08   0   0
11.6810781   3.44724492e+25   1.40000444   161930204   -0.647528062   1.54790282   9.76116001e-08   62   62   28   28   4.40826581e-08   0   0
11.6812344   3.39446695e+25   1.40000444   160133208   -0.647530435   1.54789147   9.65305051e-08   62   62   28   28   4.35944217e-08   0   0
11.6813906   3.34226809e+25   1.40000444   158343482   -0.647532808   1.54788013   9.5453697e-08   62   62   28   28   4.31081212e-08   0   0
11.6815469   3.29064523e+25   1.40000444   156560979   -0.647535181   1.54786879   9.43811451e-08   62   62   28   28   4.2623743e-08   0   0
11.6817031   3.23959533e+25   1.40000444   154785672   -0.647537553   1.54785744   9.33128304e-08   62   62   28   28   4.21412783e-08   0   0
11.6818594   3.1891154e+25   1.40000444   153017552   -0.647539926   1.5478461   9.22487444e-08   62   62   28   28   4.16607233e-08   0   0
11.6820156   3.13920258e+25   1.40000444   151256625   -0.647542298   1.54783476   9.11888889e-08   62   62   28   28   4.11820789e-08   0   0
11.6821719   3.08985404e+25   1.40000444   149502916   -0.647544671   1.54782342   9.0133276e-08   62   62   28   28   4.07053504e-08   0   0
11.6823281   3.04106708e+25   1.40000444   147756465   -0.647547043   1.54781208   8.90819269e-08   62   62   28   28   4.02305476e-08   0   0
11.6824844   2.99283902e+25   1.40000444   146017326   -0.647549415   1.54780074   8.80348724e-08   62   62   28   28   3.97576843e-08   0   0
11.6826406   2.94516729e+25   1.40000444   144285569   -0.647551787   1.5477894   8.6992152e-08   62   62   28   28   3.92867783e-08   0   0
11.6827969   2.89804938e+25   1.40000444   142561276   -0.647554159   1.54777806   8.59538137e-08   62   62   28   28   3.88178513e-08   0   0
11.6829531   2.85148285e+25   1.40000444   140844545   -0.647556531   1.54776672   8.49199136e-08   62   62   28   28   3.83509287e-08   0   0
11.6831094   2.80546534e+25   1.40000444   139135486   -0.647558903   1.54775538   8.38905159e-08   62   62   28   28   3.78860394e-08   0   0
11.6832656   2.75999455e+25   1.40000444   137434219   -0.647561275   1.54774404   8.2865692e-08   62   62   28   28   3.74232157e-08   0   0
11.6834219   2.71506826e+25   1.40000444   135740879   -0.647563647   1.5477327   8.18455208e-08   62   62   28   28   3.69624932e-08   0   0
11.6835781   2.67068429e+25   1.40000445   134055610   -0.647566019   1.54772137   8.0830088e-08   62   62   28   28   3.65039107e-08   0   0
11.6837344   2.62684057e+25   1.40000445   132378569   -0.647568391   1.54771003   7.98194863e-08   62   62   28   28   3.60475099e-08   0   0
11.6838906   2.58353504e+25   1.40000445   130712181   -0.647570762   1.54769869   7.88151763e-08   62   62   28   28   3.55939506e-08   0   0
11.6840469   2.54076377e+25   1.40000445   129071017   -0.647573134   1.54768736   7.78259469e-08   62   62   28   28   3.51472018e-08   0   0
11.6842031   2.49852126e+25   1.40000445   127456367   -0.647575505   1.54767602   7.68525876e-08   62   62   28   28   3.47076202e-08   0   0
11.6843594   2.45680194e+25   1.40000445   125866749   -0.647577877   1.54766469   7.58942156e-08   62   62   28   28   3.4274807e-08   0   0
11.6845156   2.41560041e+25   1.40000445   124300768   -0.647580248   1.54765335   7.49499998e-08   62   62   28   28   3.3848387e-08   0   0
11.6846719   2.37491136e+25   1.40000445   122757113   -0.647582619   1.54764202   7.40191592e-08   62   62   28   28   3.34280074e-08   0   0
11.6848281   2.33472962e+25   1.40000445   121234554   -0.64758499   1.54763068   7.31009598e-08   62   62   28   28   3.30133367e-08   0   0
11.6849844   2.29505015e+25   1.40000445   119731935   -0.647587361   1.54761935   7.21947129e-08   62   62   28   28   3.26040639e-08   0   0
11.6851406   2.25586799e+25   1.40000445   118248173   -0.647589732   1.54760802   7.12997727e-08   62   62   28   28   3.21998973e-08   0   0
11.6852969   2.2171783e+25   1.40000445   116782257   -0.647592103   1.54759669   7.04155348e-08   62   62   28   28   3.18005641e-08   0   0
11.6854531   2.17897633e+25   1.40000445   115333237   -0.647594474   1.54758536   6.95414339e-08   62   62   28   28   3.14058089e-08   0   0
11.6856094   2.14125742e+25   1.40000445   113900229   -0.647596845   1.54757402   6.86769422e-08   62   62   28   28   3.10153932e-08   0   0
11.6857656   2.10401703e+25   1.40000445   112482408   -0.647599216   1.54756269   6.78215676e-08   62   62   28   28   3.0629095e-08   0   0
11.6859219   2.06725068e+25   1.40000445   111079007   -0.647601586   1.54755136   6.6974852e-08   62   62   28   28   3.02467073e-08   0   0
11.6860781   2.03095397e+25   1.40000445   109689313   -0.647603957   1.54754003   6.61363698e-08   62   62   28   28   2.9868038e-08   0   0
11.6862344   1.99512261e+25   1.40000445   108312662   -0.647606328   1.54752871   6.53057265e-08   62   62   28   28   2.94929087e-08   0   0
11.6863906   1.95975236e+25   1.40000445   106948444   -0.647608698   1.54751738   6.44825567e-08   62   62   28   28   2.91211546e-08   0   0
11.6865469   1.92483906e+25   1.40000445   105596092   -0.647611068   1.54750605   6.36665233e-08   62   62   28   28   2.87526234e-08   0   0
11.6867031   1.89037862e+25   1.40000445   104255087   -0.647613439   1.54749472   6.2857316e-08   62   62   28   28   2.8387175e-08   0   0
11.6868594   1.85636703e+25   1.40000445   102924948   -0.647615809   1.54748339   6.20546498e-08   62   62   28   28   2.80246805e-08   0   0
11.6870156   1.82280032e+25   1.40000445   101605240   -0.647618179   1.54747207   6.12582638e-08   62   62   28   28   2.76650224e-08   0   0
11.6871719   1.78967462e+25   1.40000445   100295560   -0.647620549   1.54746074   6.04679202e-08   62   62   28   28   2.7308093e-08   0   0
11.6873281   1.75698609e+25   1.40000445   98995547.8   -0.647622919   1.54744941   5.9683403e-08   62   62   28   28   2.69537949e-08   0   0
11.6874844   1.72473095e+25   1.40000445   97704873.1   -0.647625289   1.54743809   5.89045169e-08   62   62   28   28   2.66020399e-08   0   0
11.6876406   1.69290548e+25   1.40000445   96423240.4   -0.647627659   1.54742676   5.81310863e-08   62   62   28   28   2.62527487e-08   0   0
11.6877969   1.66150602e+25   1.40000445   95150385.1   -0.647630029   1.54741544   5.73629543e-08   62   62   28   28   2.59058503e-08   0   0
11.6879531   1.63052896e+25   1.40000445   93886071.8   -0.647632398   1.54740411   5.65999815e-08   62   62   28   28   2.5561282e-08   0   0
11.6881094   1.59997073e+25   1.40000445   92630093.1   -0.647634768   1.54739279   5.58420454e-08   62   62   28   28   2.52189882e-08   0   0
11.6882656   1.56982782e+25   1.40000445   91382268.2   -0.647637138   1.54738147   5.50890392e-08   62   62   28   28   2.48789209e-08   0   0
11.6884219   1.54009674e+25   1.40000445   90142440.8   -0.647639507   1.54737015   5.43408711e-08   62   62   28   28   2.45410386e-08   0   0
11.6885781   1.51077407e+25   1.40000445   88910478.4   -0.647641877   1.54735882   5.35974635e-08   62   62   28   28   2.42053061e-08   0   0
11.6887344   1.48185642e+25   1.40000445   87686270.8   -0.647644246   1.5473475   5.2858752e-08   62   62   28   28   2.38716944e-08   0   0
11.6888906   1.45334045e+25   1.40000445   86469728.5   -0.647646615   1.54733618   5.21246846e-08   62   62   28   28   2.35401801e-08   0   0
11.6890469   1.42522284e+25   1.40000445   85260781.6   -0.647648985   1.54732486   5.13952214e-08   62   62   28   28   2.32107451e-08   0   0
11.6892031   1.39750032e+25   1.40000445   84059379   -0.647651354   1.54731354   5.06703333e-08   62   62   28   28   2.28833763e-08   0   0
11.6893594   1.37016966e+25   1.40000445   82865486.7   -0.647653723   1.54730222   4.99500016e-08   62   62   28   28   2.25580653e-08   0   0
11.6895156   1.34322765e+25   1.40000445   81679086.9   -0.647656092   1.5472909   4.92342176e-08   62   62   28   28   2.22348079e-08   0   0
11.6896719   1.31667112e+25   1.40000445   80500177.1   -0.647658461   1.54727958   4.85229813e-08   62   62   28   28   2.19136044e-08   0   0
11.6898281   1.29049693e+25   1.40000445   79328768.9   -0.64766083   1.54726826   4.78163013e-08   62   62   28   28   2.15944586e-08   0   0
11.6899844   1.26470196e+25   1.40000445   78164887.1   -0.647663198   1.54725694   4.71141941e-08   62   62   28   28   2.1277378e-08   0   0
11.6901406   1.23928315e+25   1.40000445   77008568.7   -0.647665567   1.54724563   4.64166836e-08   62   62   28   28   2.09623732e-08   0   0
11.6902969   1.21423743e+25   1.40000445   75859862.2   -0.647667936   1.54723431   4.57238002e-08   62   62   28   28   2.06494582e-08   0   0
11.6904531   1.18956177e+25   1.40000445   74718826.2   -0.647670304   1.54722299   4.50355808e-08   62   62   28   28   2.03386494e-08   0   0
11.6906094   1.16525317e+25   1.40000445   73585529.3   -0.647672673   1.54721168   4.43520679e-08   62   62   28   28   2.00299661e-08   0   0
11.6907656   1.14130865e+25   1.40000445   72460048.9   -0.647675041   1.54720036   4.36733091e-08   62   62   28   28   1.97234299e-08   0   0
11.6909219   1.11772525e+25   1.40000445   71342470.2   -0.64767741   1.54718905   4.29993572e-08   62   62   28   28   1.94190645e-08   0   0
11.6910781   1.09450003e+25   1.40000445   70232885.9   -0.647679778   1.54717773   4.23302688e-08   62   62   28   28   1.91168956e-08   0   0
11.6912344   1.07163008e+25   1.40000445   69131395.4   -0.647682146   1.54716642   4.16661047e-08   62   62   28   28   1.88169505e-08   0   0
11.6913906   1.0491125e+25   1.40000445   68038103.9   -0.647684514   1.5471551   4.10069293e-08   62   62   28   28   1.85192584e-08   0   0
11.6914688   1.0379846e+25   1.40000445   67494550.3   -0.647685698   1.54714945   4.06792231e-08   62   62   28   28   1.8371262e-08   0   0
11.6915469   1.02694371e+25   1.40000445   66953088.3   -0.647686882   1.54714379   4.03527895e-08   62   62   28   28   1.82238404e-08   0   0
11.691625   1.01598949e+25   1.40000445   66413732.4   -0.647688066   1.54713813   4.00276374e-08   62   62   28   28   1.80769975e-08   0   0
11.6917031   1.00512159e+25   1.40000445   65876522.5   -0.64768925   1.54713248   3.97037909e-08   62   62   28   28   1.79307443e-08   0   0
11.6917813   9.94339528e+24   1.40000445   65345622.9   -0.647690434   1.54712682   3.93837583e-08   62   62   28   28   1.77862134e-08   0   0
11.6918594   9.83642727e+24   1.40000445   64823743   -0.647691618   1.54712117   3.90691709e-08   62   62   28   28   1.76441417e-08   0   0
11.6919375   9.73030508e+24   1.40000445   64310410.8   -0.647692802   1.54711551   3.87597435e-08   62   62   28   28   1.75044003e-08   0   0
11.6920156   9.62502227e+24   1.40000445   63805173.2   -0.647693986   1.54710985   3.84552026e-08   62   62   28   28   1.73668657e-08   0   0
11.6920937   9.52057252e+24   1.40000445   63307594.7   -0.64769517   1.5471042   3.8155285e-08   62   62   28   28   1.7231419e-08   0   0
11.6921719   9.41694967e+24   1.40000445   62817257   -0.647696354   1.54709854   3.78597381e-08   62   62   28   28   1.70979462e-08   0   0
11.69225   9.31414771e+24   1.40000445   62333758   -0.647697538   1.54709289   3.75683191e-08   62   62   28   28   1.69663377e-08   0   0
11.6923281   9.21216075e+24   1.40000445   61856711.7   -0.647698722   1.54708723   3.7280795e-08   62   62   28   28   1.68364881e-08   0   0
11.6924062   9.11098304e+24   1.40000445   61385747.6   -0.647699905   1.54708158   3.69969419e-08   62   62   28   28   1.67082964e-08   0   0
11.6924844   9.01060896e+24   1.40000445   60920510.1   -0.647701089   1.54707592   3.67165454e-08   62   62   28   28   1.65816657e-08   0   0
11.6925625   8.911033e+24   1.40000445   60460658.2   -0.647702273   1.54707027   3.64393994e-08   62   62   28   28   1.6456503e-08   0   0
11.6926406   8.81224977e+24   1.40000445   60005865   -0.647703457   1.54706461   3.61653066e-08   62   62   28   28   1.63327191e-08   0   0
11.6927187   8.71425399e+24   1.40000445   59555817.2   -0.647704641   1.54705896   3.5894078e-08   62   62   28   28   1.62102288e-08   0   0
11.6927969   8.6170405e+24   1.40000445   59110214.7   -0.647705824   1.5470533   3.56255325e-08   62   62   28   28   1.60889501e-08   0   0
11.692875   8.52060424e+24   1.40000445   58668770.3   -0.647707008   1.54704765   3.53594965e-08   62   62   28   28   1.59688049e-08   0   0
11.6929531   8.42494026e+24   1.40000445   58231209.2   -0.647708192   1.54704199   3.50958044e-08   62   62   28   28   1.58497181e-08   0   0
11.6930313   8.33004368e+24   1.40000445   57797268.6   -0.647709375   1.54703634   3.48342977e-08   62   62   28   28   1.57316183e-08   0   0
11.6931094   8.23590976e+24   1.40000445   57366697.7   -0.647710559   1.54703068   3.45748247e-08   62   62   28   28   1.56144369e-08   0   0
11.6931875   8.14253382e+24   1.40000445   56939256.7   -0.647711743   1.54702503   3.43172408e-08   62   62   28   28   1.54981088e-08   0   0
11.6932656   8.04991129e+24   1.40000445   56514716.9   -0.647712926   1.54701938   3.40614082e-08   62   62   28   28   1.53825714e-08   0   0
11.6933438   7.95803767e+24   1.40000445   56092860.4   -0.64771411   1.54701372   3.38071952e-08   62   62   28   28   1.52677656e-08   0   0
11.6934219   7.86690855e+24   1.40000445   55673479.5   -0.647715293   1.54700807   3.35544766e-08   62   62   28   28   1.51536346e-08   0   0
11.6935   7.77651962e+24   1.40000445   55256376.7   -0.647716477   1.54700241   3.33031332e-08   62   62   28   28   1.50401247e-08   0   0
11.6935781   7.68686663e+24   1.40000445   54841364.2   -0.647717661   1.54699676   3.30530516e-08   62   62   28   28   1.49271846e-08   0   0
11.6936563   7.59794541e+24   1.40000445   54428263.5   -0.647718844   1.54699111   3.28041242e-08   62   62   28   28   1.48147658e-08   0   0
11.6937344   7.50975187e+24   1.40000445   54016905.6   -0.647720028   1.54698545   3.25562489e-08   62   62   28   28   1.47028221e-08   0   0
11.6938125   7.422282e+24   1.40000445   53607130   -0.647721211   1.5469798   3.23093289e-08   62   62   28   28   1.45913098e-08   0   0
11.6938906   7.33553185e+24   1.40000445   53198785.2   -0.647722395   1.54697415   3.20632728e-08   62   62   28   28   1.44801877e-08   0   0
11.6939687   7.24949754e+24   1.40000445   52791727.8   -0.647723578   1.54696849   3.18179941e-08   62   62   28   28   1.43694167e-08   0   0
11.6940469   7.16417528e+24   1.40000445   52385822.6   -0.647724762   1.54696284   3.15734112e-08   62   62   28   28   1.42589599e-08   0   0
11.694125   7.0795613e+24   1.40000445   51980942.4   -0.647725945   1.54695719   3.13294473e-08   62   62   28   28   1.41487826e-08   0   0
11.6942031   6.99565195e+24   1.40000445   51576967.5   -0.647727128   1.54695154   3.10860301e-08   62   62   28   28   1.40388523e-08   0   0
11.6942812   6.9124436e+24   1.40000445   51173785.6   -0.647728312   1.54694588   3.08430919e-08   62   62   28   28   1.39291383e-08   0   0
11.6943594   6.8299327e+24   1.40000445   50771291.7   -0.647729495   1.54694023   3.06005693e-08   62   62   28   28   1.3819612e-08   0   0
11.6944375   6.74811576e+24   1.40000445   50369387.6   -0.647730679   1.54693458   3.03584031e-08   62   62   28   28   1.37102466e-08   0   0
11.6945156   6.66698933e+24   1.40000445   49967982.1   -0.647731862   1.54692893   3.01165381e-08   62   62   28   28   1.36010172e-08   0   0
11.6945937   6.58655004e+24   1.40000445   49566990.3   -0.647733045   1.54692327   2.98749231e-08   62   62   28   28   1.34919007e-08   0   0
11.6946719   6.50679456e+24   1.40000445   49166333.7   -0.647734228   1.54691762   2.96335107e-08   62   62   28   28   1.33828758e-08   0   0
11.69475   6.42771963e+24   1.40000445   48765940.1   -0.647735412   1.54691197   2.93922573e-08   62   62   28   28   1.32739227e-08   0   0
11.6948281   6.34932202e+24   1.40000445   48365743.1   -0.647736595   1.54690632   2.91511228e-08   62   62   28   28   1.31650232e-08   0   0
11.6949063   6.27159857e+24   1.40000445   47965682.1   -0.647737778   1.54690067   2.89100705e-08   62   62   28   28   1.30561609e-08   0   0
11.6949844   6.19454616e+24   1.40000445   47565702.2   -0.647738962   1.54689502   2.86690673e-08   62   62   28   28   1.29473207e-08   0   0
11.6950625   6.11816173e+24   1.40000445   47165753.9   -0.647740145   1.54688937   2.84280833e-08   62   62   28   28   1.28384892e-08   0   0
11.6951406   6.04244226e+24   1.40000445   46765792.7   -0.647741328   1.54688371   2.81870915e-08   62   62   28   28   1.27296542e-08   0   0
11.6952188   5.96738477e+24   1.40000445   46365779.6   -0.647742511   1.54687806   2.79460683e-08   62   62   28   28   1.2620805e-08   0   0
11.6952969   5.89298635e+24   1.40000445   45965680.1   -0.647743694   1.54687241   2.77049928e-08   62   62   28   28   1.25119322e-08   0   0
11.695375   5.8192441e+24   1.40000445   45565464.8   -0.647744877   1.54686676   2.74638473e-08   62   62   28   28   1.24030278e-08   0   0
11.6954531   5.74615519e+24   1.40000445   45165108.8   -0.647746061   1.54686111   2.72226166e-08   62   62   28   28   1.22940849e-08   0   0
11.6955313   5.67371684e+24   1.40000445   44764591.5   -0.647747244   1.54685546   2.69812882e-08   62   62   28   28   1.21850979e-08   0   0
11.6956094   5.60192628e+24   1.40000445   44363896.9   -0.647748427   1.54684981   2.67398523e-08   62   62   28   28   1.20760623e-08   0   0
11.6956875   5.53078082e+24   1.40000445   43963012.9   -0.64774961   1.54684416   2.64983016e-08   62   62   28   28   1.19669749e-08   0   0
11.6957656   5.46027778e+24   1.40000445   43561931.5   -0.647750793   1.54683851   2.62566311e-08   62   62   28   28   1.18578334e-08   0   0
11.6958437   5.39041453e+24   1.40000445   43160648.8   -0.647751976   1.54683286   2.60148384e-08   62   62   28   28   1.17486367e-08   0   0
11.6959219   5.32118849e+24   1.40000445   42759164.4   -0.647753159   1.54682721   2.57729231e-08   62   62   28   28   1.16393846e-08   0   0
11.696   5.25259711e+24   1.40000445   42357481.7   -0.647754342   1.54682156   2.55308872e-08   62   62   28   28   1.15300781e-08   0   0
11.6960781   5.18463787e+24   1.40000445   41955607.5   -0.647755525   1.54681591   2.52887347e-08   62   62   28   28   1.14207189e-08   0   0
11.6961562   5.1173083e+24   1.40000445   41553552   -0.647756708   1.54681026   2.50464716e-08   62   62   28   28   1.13113097e-08   0   0
11.6962344   5.05060595e+24   1.40000445   41151328.7   -0.647757891   1.54680461   2.48041059e-08   62   62   28   28   1.12018543e-08   0   0
11.6963125   4.98452843e+24   1.40000445   40748954.4   -0.647759074   1.54679896   2.45616476e-08   62   62   28   28   1.1092357e-08   0   0
11.6963906   4.91907336e+24   1.40000445   40346448.6   -0.647760257   1.54679331   2.43191085e-08   62   62   28   28   1.09828232e-08   0   0
11.6964687   4.85423843e+24   1.40000445   39943834   -0.647761439   1.54678766   2.4076502e-08   62   62   28   28   1.0873259e-08   0   0
11.6965469   4.79002131e+24   1.40000445   39541136   -0.647762622   1.54678201   2.38338434e-08   62   62   28   28   1.07636712e-08   0   0
11.696625   4.72641976e+24   1.40000445   39138382.8   -0.647763805   1.54677636   2.35911496e-08   62   62   28   28   1.06540675e-08   0   0
11.6967031   4.66343154e+24   1.40000445   38735605.1   -0.647764988   1.54677071   2.33484389e-08   62   62   28   28   1.05444563e-08   0   0
11.6967813   4.60105444e+24   1.40000445   38332836.2   -0.647766171   1.54676507   2.31057312e-08   62   62   28   28   1.04348464e-08   0   0
11.6968594   4.53928631e+24   1.40000445   37930111.7   -0.647767354   1.54675942   2.28630481e-08   62   62   28   28   1.03252475e-08   0   0
11.6969375   4.478125e+24   1.40000445   37527469.6   -0.647768536   1.54675377   2.26204122e-08   62   62   28   28   1.021567e-08   0   0
11.6970156   4.41756841e+24   1.40000445   37124950.2   -0.647769719   1.54674812   2.23778477e-08   62   62   28   28   1.01061247e-08   0   0
11.6970938   4.35761447e+24   1.40000445   36722595.6   -0.647770902   1.54674247   2.21353799e-08   62   62   28   28   9.99662318e-09   0   0
11.6971719   4.29826113e+24   1.40000445   36320450.4   -0.647772085   1.54673682   2.18930356e-08   62   62   28   28   9.88717736e-09   0   0
11.69725   4.23950638e+24   1.40000445   35918560.8   -0.647773267   1.54673118   2.16508425e-08   62   62   28   28   9.77779984e-09   0   0
11.6973281   4.18134824e+24   1.40000445   35516975   -0.64777445   1.54672553   2.14088296e-08   62   62   28   28   9.6685037e-09   0   0
11.6974063   4.12378476e+24   1.40000445   35115743.1   -0.647775633   1.54671988   2.11670269e-08   62   62   28   28   9.55930249e-09   0   0
11.6974844   4.066814e+24   1.40000445   34714916.6   -0.647776815   1.54671423   2.09254655e-08   62   62   28   28   9.45021023e-09   0   0
11.6975625   4.01043407e+24   1.40000445   34314549   -0.647777998   1.54670858   2.06841774e-08   62   62   28   28   9.34124141e-09   0   0
11.6976406   3.95464311e+24   1.40000445   33914695.1   -0.647779181   1.54670294   2.04431956e-08   62   62   28   28   9.2324109e-09   0   0
11.6977187   3.89943927e+24   1.40000445   33515411.2   -0.647780363   1.54669729   2.02025539e-08   62   62   28   28   9.12373401e-09   0   0
11.6977969   3.84482073e+24   1.40000445   33116754.9   -0.647781546   1.54669164   1.9962287e-08   62   62   28   28   9.01522637e-09   0   0
11.697875   3.79078588e+24   1.40000445   32718702.1   -0.647782728   1.54668599   1.97223808e-08   62   62   28   28   8.90688163e-09   0   0
11.6979531   3.7373339e+24   1.40000445   32321203.4   -0.647783911   1.54668035   1.94828069e-08   62   62   28   28   8.798687e-09   0   0
11.6980312   3.68446441e+24   1.40000445   31924448.2   -0.647785094   1.5466747   1.92436797e-08   62   62   28   28   8.69069404e-09   0   0
11.6981094   3.63217689e+24   1.40000445   31528626   -0.647786276   1.54666905   1.90051132e-08   62   62   28   28   8.58295435e-09   0   0
11.6981875   3.58047073e+24   1.40000445   31133919.1   -0.647787459   1.54666341   1.87672175e-08   62   62   28   28   8.47551756e-09   0   0
11.6982656   3.52934518e+24   1.40000445   30740502.6   -0.647788641   1.54665776   1.8530098e-08   62   62   28   28   8.36843135e-09   0   0
11.6983437   3.47879941e+24   1.40000445   30348544.4   -0.647789823   1.54665211   1.82938561e-08   62   62   28   28   8.26174145e-09   0   0
11.6984219   3.42883245e+24   1.40000445   29958205.6   -0.647791006   1.54664647   1.80585889e-08   62   62   28   28   8.15549174e-09   0   0
11.6985   3.37944321e+24   1.40000445   29569640.4   -0.647792188   1.54664082   1.78243893e-08   62   62   28   28   8.04972421e-09   0   0
11.6985781   3.33063048e+24   1.40000445   29182996.2   -0.647793371   1.54663518   1.75913464e-08   62   62   28   28   7.944479e-09   0   0
11.6986563   3.28239295e+24   1.40000445   28798413.9   -0.647794553   1.54662953   1.73595449e-08   62   62   28   28   7.83979447e-09   0   0
11.6987344   3.23472916e+24   1.40000445   28416027.6   -0.647795735   1.54662388   1.71290658e-08   62   62   28   28   7.73570715e-09   0   0
11.6988125   3.18763752e+24   1.40000445   28035965.1   -0.647796918   1.54661824   1.68999863e-08   62   62   28   28   7.63225186e-09   0   0
11.6988906   3.14111633e+24   1.40000445   27658347.8   -0.6477981   1.54661259   1.66723794e-08   62   62   28   28   7.52946166e-09   0   0
11.6989688   3.09516375e+24   1.40000445   27283290.9   -0.647799282   1.54660695   1.64463147e-08   62   62   28   28   7.42736794e-09   0   0
11.6990469   3.04977782e+24   1.40000445   26910903.6   -0.647800465   1.5466013   1.6221858e-08   62   62   28   28   7.32600041e-09   0   0
11.699125   3.00495644e+24   1.40000445   26541288.7   -0.647801647   1.54659566   1.59990715e-08   62   62   28   28   7.22538714e-09   0   0
11.6992031   2.96069738e+24   1.40000445   26174543.6   -0.647802829   1.54659001   1.57780138e-08   62   62   28   28   7.1255546e-09   0   0
11.6992813   2.91699828e+24   1.40000445   25810759.7   -0.647804012   1.54658437   1.55587399e-08   62   62   28   28   7.02652769e-09   0   0
11.6993594   2.87385665e+24   1.40000445   25450022.5   -0.647805194   1.54657872   1.53413016e-08   62   62   28   28   6.92832977e-09   0   0
11.6994375   2.83126986e+24   1.40000445   25092412.4   -0.647806376   1.54657308   1.51257474e-08   62   62   28   28   6.83098269e-09   0   0
11.6995156   2.78923517e+24   1.40000445   24738004.1   -0.647807558   1.54656743   1.49121222e-08   62   62   28   28   6.73450682e-09   0   0
11.6995938   2.74774968e+24   1.40000445   24386867   -0.64780874   1.54656179   1.47004681e-08   62   62   28   28   6.63892109e-09   0   0
11.6996719   2.70681038e+24   1.40000445   24039065.6   -0.647809922   1.54655614   1.44908238e-08   62   62   28   28   6.54424302e-09   0   0
11.69975   2.66641415e+24   1.40000445   23694659   -0.647811105   1.5465505   1.42832252e-08   62   62   28   28   6.45048879e-09   0   0
11.6998281   2.6265577e+24   1.40000445   23353701.7   -0.647812287   1.54654485   1.40777049e-08   62   62   28   28   6.35767319e-09   0   0
11.6999062   2.58723764e+24   1.40000445   23016243.2   -0.647813469   1.54653921   1.3874293e-08   62   62   28   28   6.26580974e-09   0   0
11.6999844   2.54845048e+24   1.40000445   22682328.4   -0.647814651   1.54653357   1.36730165e-08   62   62   28   28   6.17491069e-09   0   0
11.7000625   2.51019257e+24   1.40000445   22351997.7   -0.647815833   1.54652792   1.34738999e-08   62   62   28   28   6.08498707e-09   0   0
11.7001406   2.47246017e+24   1.40000445   22025287.3   -0.647817015   1.54652228   1.32769649e-08   62   62   28   28   5.99604868e-09   0   0
11.7002187   2.43524941e+24   1.40000445   21702228.8   -0.647818197   1.54651664   1.30822308e-08   62   62   28   28   5.90810422e-09   0   0
11.7002969   2.39855633e+24   1.40000445   21382849.9   -0.647819379   1.54651099   1.28897141e-08   62   62   28   28   5.82116121e-09   0   0
11.700375   2.36237684e+24   1.40000445   21067174.5   -0.647820561   1.54650535   1.26994293e-08   62   62   28   28   5.73522614e-09   0   0
11.7004531   2.32670676e+24   1.40000445   20755222.2   -0.647821743   1.54649971   1.25113884e-08   62   62   28   28   5.65030442e-09   0   0
11.7005312   2.29154181e+24   1.40000445   20447009.4   -0.647822925   1.54649406   1.2325601e-08   62   62   28   28   5.56640047e-09   0   0
11.7006094   2.25687761e+24   1.40000445   20142548.5   -0.647824107   1.54648842   1.2142075e-08   62   62   28   28   5.48351773e-09   0   0
11.7006875   2.22270969e+24   1.40000445   19841848.8   -0.647825289   1.54648278   1.19608157e-08   62   62   28   28   5.40165871e-09   0   0
11.7007656   2.18903349e+24   1.40000445   19544916.2   -0.647826471   1.54647713   1.17818269e-08   62   62   28   28   5.32082504e-09   0   0
11.7008438   2.15584437e+24   1.40000445   19251753.4   -0.647827653   1.54647149   1.16051101e-08   62   62   28   28   5.24101746e-09   0   0
11.7009219   2.12313762e+24   1.40000445   18962360.2   -0.647828835   1.54646585   1.14306652e-08   62   62   28   28   5.16223592e-09   0   0
11.701   2.09090843e+24   1.40000445   18676733.3   -0.647830016   1.54646021   1.12584904e-08   62   62   28   28   5.08447956e-09   0   0
11.7010781   2.05915197e+24   1.40000445   18394866.8   -0.647831198   1.54645456   1.10885822e-08   62   62   28   28   5.00774678e-09   0   0
11.7011563   2.02786329e+24   1.40000445   18116752.3   -0.64783238   1.54644892   1.09209353e-08   62   62   28   28   4.93203528e-09   0   0
11.7012344   1.99703742e+24   1.40000445   17842378.7   -0.647833562   1.54644328   1.07555431e-08   62   62   28   28   4.85734205e-09   0   0
11.7013125   1.96666932e+24   1.40000445   17571732.6   -0.647834744   1.54643764   1.05923977e-08   62   62   28   28   4.78366347e-09   0   0
11.7013906   1.9367539e+24   1.40000445   17304798.4   -0.647835925   1.54643199   1.04314896e-08   62   62   28   28   4.71099528e-09   0   0
11.7014688   1.90728604e+24   1.40000445   17041558.4   -0.647837107   1.54642635   1.02728081e-08   62   62   28   28   4.63933268e-09   0   0
11.7015469   1.87826057e+24   1.40000445   16781992.8   -0.647838289   1.54642071   1.01163414e-08   62   62   28   28   4.5686703e-09   0   0
11.701625   1.84967228e+24   1.40000445   16526080.1   -0.647839471   1.54641507   9.96207643e-09   62   62   28   28   4.49900226e-09   0   0
11.7017031   1.82151594e+24   1.40000445   16273796.8   -0.647840652   1.54640943   9.80999917e-09   62   62   28   28   4.43032221e-09   0   0
11.7017812   1.7937863e+24   1.40000445   16025118   -0.647841834   1.54640379   9.66009455e-09   62   62   28   28   4.36262335e-09   0   0
11.7018594   1.76647808e+24   1.40000445   15780017.1   -0.647843016   1.54639815   9.51234658e-09   62   62   28   28   4.29589845e-09   0   0
11.7019375   1.73958598e+24   1.40000445   15538466.2   -0.647844197   1.54639251   9.3667384e-09   62   62   28   28   4.23013992e-09   0   0
11.7020156   1.71310471e+24   1.40000445   15300435.9   -0.647845379   1.54638686   9.22325237e-09   62   62   28   28   4.16533978e-09   0   0
11.7020937   1.68702896e+24   1.40000445   15065895.7   -0.64784656   1.54638122   9.08187009e-09   62   62   28   28   4.10148972e-09   0   0
11.7021719   1.6613534e+24   1.40000445   14834814   -0.647847742   1.54637558   8.9425725e-09   62   62   28   28   4.03858113e-09   0   0
11.70225   1.63607275e+24   1.40000445   14607158   -0.647848923   1.54636994   8.80533989e-09   62   62   28   28   3.97660511e-09   0   0
11.7023281   1.61118168e+24   1.40000445   14382894.2   -0.647850105   1.5463643   8.67015199e-09   62   62   28   28   3.91555251e-09   0   0
11.7024062   1.58667491e+24   1.40000445   14161988   -0.647851287   1.54635866   8.53698802e-09   62   62   28   28   3.85541395e-09   0   0
11.7024844   1.56254715e+24   1.40000445   13944404.2   -0.647852468   1.54635302   8.40582672e-09   62   62   28   28   3.79617981e-09   0   0
11.7025625   1.53879315e+24   1.40000445   13730106.7   -0.64785365   1.54634738   8.2766464e-09   62   62   28   28   3.73784031e-09   0   0
11.7026406   1.51540766e+24   1.40000445   13519059   -0.647854831   1.54634174   8.14942503e-09   62   62   28   28   3.6803855e-09   0   0
11.7027188   1.49238545e+24   1.40000445   13311224   -0.647856012   1.5463361   8.0241402e-09   62   62   28   28   3.62380525e-09   0   0
11.7027969   1.46972134e+24   1.40000445   13106563.9   -0.647857194   1.54633046   7.90076926e-09   62   62   28   28   3.56808934e-09   0   0
11.702875   1.44741016e+24   1.40000445   12905040.8   -0.647858375   1.54632482   7.77928927e-09   62   62   28   28   3.51322741e-09   0   0
11.7029531   1.42544678e+24   1.40000445   12706616.4   -0.647859557   1.54631918   7.65967711e-09   62   62   28   28   3.45920902e-09   0   0
11.7030313   1.4038261e+24   1.40000445   12511251.8   -0.647860738   1.54631354   7.54190946e-09   62   62   28   28   3.40602363e-09   0   0
11.7031094   1.38254306e+24   1.40000445   12318908.3   -0.647861919   1.5463079   7.42596289e-09   62   62   28   28   3.35366066e-09   0   0
11.7031875   1.36159265e+24   1.40000445   12129546.6   -0.647863101   1.54630226   7.31181383e-09   62   62   28   28   3.30210947e-09   0   0
11.7032656   1.34096987e+24   1.40000445   11943127.7   -0.647864282   1.54629662   7.19943864e-09   62   62   28   28   3.25135939e-09   0   0
11.7033438   1.32066981e+24   1.40000445   11759612.2   -0.647865463   1.54629099   7.08881365e-09   62   62   28   28   3.20139971e-09   0   0
11.7034219   1.30068755e+24   1.40000445   11578960.8   -0.647866645   1.54628535   6.97991515e-09   62   62   28   28   3.15221975e-09   0   0
11.7035   1.28101827e+24   1.40000445   11401134.2   -0.647867826   1.54627971   6.87271944e-09   62   62   28   28   3.10380878e-09   0   0
11.7035781   1.26165716e+24   1.40000445   11226093   -0.647869007   1.54627407   6.76720284e-09   62   62   28   28   3.05615612e-09   0   0
11.7036562   1.24259948e+24   1.40000445   11053798.1   -0.647870189   1.54626843   6.66334172e-09   62   62   28   28   3.0092511e-09   0   0
11.7037344   1.22384054e+24   1.40000445   10884210.5   -0.64787137   1.54626279   6.56111253e-09   62   62   28   28   2.96308308e-09   0   0
11.7038125   1.20537569e+24   1.40000445   10717291.1   -0.647872551   1.54625715   6.46049181e-09   62   62   28   28   2.91764146e-09   0   0
11.7038906   1.18720034e+24   1.40000445   10553001.2   -0.647873732   1.54625152   6.3614562e-09   62   62   28   28   2.8729157e-09   0   0
11.7039687   1.16930995e+24   1.40000445   10391302.3   -0.647874913   1.54624588   6.26398247e-09   62   62   28   28   2.82889531e-09   0   0
11.7040469   1.15170005e+24   1.40000445   10232156.1   -0.647876094   1.54624024   6.16804751e-09   62   62   28   28   2.78556984e-09   0   0
11.704125   1.13436621e+24   1.40000445   10075524.5   -0.647877276   1.5462346   6.0736284e-09   62   62   28   28   2.74292895e-09   0   0
11.7042031   1.11730405e+24   1.40000445   9921369.7   -0.647878457   1.54622896   5.98070236e-09   62   62   28   28   2.70096235e-09   0   0
11.7042812   1.10050927e+24   1.40000445   9769654.28   -0.647879638   1.54622333   5.8892468e-09   62   62   28   28   2.65965984e-09   0   0
11.7043594   1.08397761e+24   1.40000445   9620341.05   -0.647880819   1.54621769   5.79923931e-09   62   62   28   28   2.6190113e-09   0   0
11.7044375   1.06770487e+24   1.40000445   9473393.19   -0.647882   1.54621205   5.71065771e-09   62   62   28   28   2.57900671e-09   0   0
11.7045156   1.05168691e+24   1.40000445   9328774.21   -0.647883181   1.54620642   5.62347999e-09   62   62   28   28   2.53963612e-09   0   0
11.7045938   1.03591963e+24   1.40000445   9186447.98   -0.647884362   1.54620078   5.53768439e-09   62   62   28   28   2.50088972e-09   0   0
11.7046719   1.02039902e+24   1.40000445   9046378.77   -0.647885543   1.54619514   5.45324935e-09   62   62   28   28   2.46275777e-09   0   0
11.70475   1.00512111e+24   1.40000445   8908531.22   -0.647886724   1.5461895   5.37015356e-09   62   62   28   28   2.42523064e-09   0   0
11.7048281   9.90081976e+23   1.40000445   8772870.35   -0.647887905   1.54618387   5.28837594e-09   62   62   28   28   2.38829881e-09   0   0
11.7049063   9.75277769e+23   1.40000445   8639361.6   -0.647889086   1.54617823   5.20789567e-09   62   62   28   28   2.35195288e-09   0   0
11.7049844   9.60704691e+23   1.40000445   8507970.82   -0.647890267   1.54617259   5.12869214e-09   62   62   28   28   2.31618355e-09   0   0
11.7050625   9.46358999e+23   1.40000445   8378664.27   -0.647891448   1.54616696   5.05074503e-09   62   62   28   28   2.28098162e-09   0   0
11.7051406   9.3223701e+23   1.40000445   8251408.65   -0.647892629   1.54616132   4.97403424e-09   62   62   28   28   2.24633805e-09   0   0
11.7052188   9.18335094e+23   1.40000445   8126171.06   -0.64789381   1.54615569   4.89853997e-09   62   62   28   28   2.21224386e-09   0   0
11.7052969   9.0464968e+23   1.40000445   8002919.06   -0.64789499   1.54615005   4.82424265e-09   62   62   28   28   2.17869023e-09   0   0
11.705375   8.9117725e+23   1.40000445   7881620.61   -0.647896171   1.54614441   4.75112297e-09   56   56   26   26   2.20587852e-09   0   0
11.7054531   8.77914341e+23   1.40000445   7762244.15   -0.647897352   1.54613878   4.67916189e-09   56   56   26   26   2.17246802e-09   0   0
11.7055312   8.64857548e+23   1.40000445   7644758.52   -0.647898533   1.54613314   4.60834065e-09   56   56   26   26   2.13958673e-09   0   0
11.7056094   8.52003515e+23   1.40000445   7529133.01   -0.647899714   1.54612751   4.53864072e-09   56   56   26   26   2.10722605e-09   0   0
11.7056875   8.39348943e+23   1.40000445   7415337.37   -0.647900894   1.54612187   4.47004387e-09   56   56   26   26   2.07537751e-09   0   0
11.7057656   8.26890587e+23   1.40000445   7303341.75   -0.647902075   1.54611624   4.40253211e-09   56   56   26   26   2.04403276e-09   0   0
11.7058437   8.1462525e+23   1.40000445   7193116.78   -0.647903256   1.5461106   4.33608773e-09   56   56   26   26   2.01318359e-09   0   0
11.7059219   8.02549791e+23   1.40000445   7084633.49   -0.647904437   1.54610497   4.27069326e-09   56   56   26   26   1.98282187e-09   0   0
11.706   7.90661118e+23   1.40000445   6977863.38   -0.647905617   1.54609933   4.20633154e-09   56   56   26   26   1.95293964e-09   0   0
11.7060781   7.78956192e+23   1.40000445   6872778.35   -0.647906798   1.5460937   4.14298561e-09   56   56   26   26   1.92352903e-09   0   0
11.7061562   7.67432021e+23   1.40000445   6769350.76   -0.647907979   1.54608806   4.08063881e-09   56   56   26   26   1.89458231e-09   0   0
11.7062344   7.56085664e+23   1.40000445   6667553.37   -0.647909159   1.54608243   4.01927474e-09   56   56   26   26   1.86609184e-09   0   0
11.7063125   7.44914229e+23   1.40000445   6567359.4   -0.64791034   1.54607679   3.95887724e-09   56   56   26   26   1.83805015e-09   0   0
11.7063906   7.33914873e+23   1.40000445   6468742.47   -0.647911521   1.54607116   3.8994304e-09   56   56   26   26   1.81044983e-09   0   0
11.7064688   7.23084797e+23   1.40000445   6371676.61   -0.647912701   1.54606552   3.84091858e-09   56   56   26   26   1.78328363e-09   0   0
11.7065469   7.12421252e+23   1.40000445   6276136.29   -0.647913882   1.54605989   3.78332638e-09   56   56   26   26   1.75654439e-09   0   0
11.706625   7.01921535e+23   1.40000445   6182096.38   -0.647915062   1.54605425   3.72663865e-09   56   56   26   26   1.73022509e-09   0   0
11.7067031   6.91582986e+23   1.40000445   6089532.14   -0.647916243   1.54604862   3.67084049e-09   56   56   26   26   1.7043188e-09   0   0
11.7067813   6.81402992e+23   1.40000445   5998419.27   -0.647917423   1.54604299   3.61591723e-09   56   56   26   26   1.67881871e-09   0   0
11.7068594   6.71378984e+23   1.40000445   5908733.82   -0.647918604   1.54603735   3.56185446e-09   56   56   26   26   1.65371814e-09   0   0
11.7069375   6.61508435e+23   1.40000445   5820452.28   -0.647919784   1.54603172   3.50863798e-09   56   56   26   26   1.62901049e-09   0   0
11.7070156   6.51788862e+23   1.40000445   5733551.5   -0.647920965   1.54602609   3.45625385e-09   56   56   26   26   1.60468929e-09   0   0
11.7070938   6.42217823e+23   1.40000445   5648008.72   -0.647922145   1.54602045   3.40468834e-09   56   56   26   26   1.58074816e-09   0   0
11.7071719   6.3279292e+23   1.40000445   5563801.57   -0.647923326   1.54601482   3.35392797e-09   56   56   26   26   1.55718085e-09   0   0
11.70725   6.23511791e+23   1.40000445   5480908.03   -0.647924506   1.54600919   3.30395948e-09   56   56   26   26   1.53398119e-09   0   0
11.7073281   6.14372119e+23   1.40000445   5399306.48   -0.647925687   1.54600355   3.25476981e-09   56   56   26   26   1.51114313e-09   0   0
11.7074063   6.05371625e+23   1.40000445   5318975.64   -0.647926867   1.54599792   3.20634615e-09   56   56   26   26   1.48866071e-09   0   0
11.7074844   5.96508066e+23   1.40000445   5239894.6   -0.647928047   1.54599229   3.15867589e-09   56   56   26   26   1.46652809e-09   0   0
11.7075625   5.87779241e+23   1.40000445   5162042.8   -0.647929228   1.54598665   3.11174663e-09   56   56   26   26   1.44473951e-09   0   0
11.7076406   5.79182984e+23   1.40000445   5085400.02   -0.647930408   1.54598102   3.06554619e-09   56   56   26   26   1.4232893e-09   0   0
11.7077187   5.70717168e+23   1.40000445   5009946.42   -0.647931588   1.54597539   3.02006261e-09   56   56   26   26   1.40217192e-09   0   0
11.7077969   5.623797e+23   1.40000445   4935662.44   -0.647932769   1.54596976   2.97528409e-09   56   56   26   26   1.3813819e-09   0   0
11.707875   5.54168524e+23   1.40000445   4862528.91   -0.647933949   1.54596412   2.93119908e-09   56   56   26   26   1.36091386e-09   0   0
11.7079531   5.46081619e+23   1.40000445   4790526.95   -0.647935129   1.54595849   2.88779619e-09   56   56   26   26   1.34076252e-09   0   0
11.7080312   5.38116998e+23   1.40000445   4719638.02   -0.647936309   1.54595286   2.84506426e-09   56   56   26   26   1.32092269e-09   0   0
11.7081094   5.30272708e+23   1.40000445   4649843.89   -0.64793749   1.54594723   2.80299229e-09   56   56   26   26   1.30138928e-09   0   0
11.7081875   5.2254683e+23   1.40000445   4581126.65   -0.64793867   1.5459416   2.76156948e-09   56   56   26   26   1.28215726e-09   0   0
11.7082656   5.14937477e+23   1.40000445   4513468.7   -0.64793985   1.54593597   2.72078523e-09   56   56   26   26   1.26322171e-09   0   0
11.7083437   5.07442793e+23   1.40000445   4446852.72   -0.64794103   1.54593033   2.68062909e-09   56   56   26   26   1.24457779e-09   0   0
11.7084219   5.00060955e+23   1.40000445   4381261.72   -0.64794221   1.5459247   2.64109082e-09   56   56   26   26   1.22622074e-09   0   0
11.7085   4.92790171e+23   1.40000445   4316678.99   -0.64794339   1.54591907   2.60216035e-09   56   56   26   26   1.20814588e-09   0   0
11.7085781   4.85628679e+23   1.40000445   4253088.08   -0.64794457   1.54591344   2.56382776e-09   56   56   26   26   1.1903486e-09   0   0
11.7086563   4.78574748e+23   1.40000445   4190472.88   -0.647945751   1.54590781   2.52608334e-09   56   56   26   26   1.17282441e-09   0   0
11.7087344   4.71626674e+23   1.40000445   4128817.5   -0.647946931   1.54590218   2.48891752e-09   56   56   26   26   1.15556885e-09   0   0
11.7088125   4.64782784e+23   1.40000445   4068106.37   -0.647948111   1.54589655   2.45232089e-09   56   56   26   26   1.13857756e-09   0   0
11.7088906   4.58041431e+23   1.40000445   4008324.16   -0.647949291   1.54589092   2.41628423e-09   56   56   26   26   1.12184625e-09   0   0
11.7089688   4.51401e+23   1.40000445   3949455.81   -0.647950471   1.54588529   2.38079846e-09   56   56   26   26   1.10537071e-09   0   0
11.7090469   4.44859899e+23   1.40000445   3891486.52   -0.647951651   1.54587966   2.34585466e-09   56   56   26   26   1.0891468e-09   0   0
11.709125   4.38416566e+23   1.40000445   3834401.76   -0.647952831   1.54587402   2.31144405e-09   56   56   26   26   1.07317045e-09   0   0
11.7092031   4.32069462e+23   1.40000445   3778187.23   -0.647954011   1.54586839   2.27755803e-09   56   56   26   26   1.05743766e-09   0   0
11.7092813   4.25817078e+23   1.40000445   3722828.89   -0.647955191   1.54586276   2.24418812e-09   56   56   26   26   1.04194449e-09   0   0
11.7093594   4.19657926e+23   1.40000445   3668312.92   -0.647956371   1.54585713   2.21132601e-09   56   56   26   26   1.02668708e-09   0   0
11.7094375   4.13590548e+23   1.40000445   3614625.77   -0.647957551   1.5458515   2.17896352e-09   56   56   26   26   1.01166164e-09   0   0
11.7095156   4.07613506e+23   1.40000445   3561754.11   -0.64795873   1.54584587   2.14709261e-09   56   56   26   26   9.96864428e-10   0   0
11.7095937   4.01725388e+23   1.40000445   3509684.82   -0.64795991   1.54584025   2.11570539e-09   56   56   26   26   9.82291787e-10   0   0
11.7096719   3.95924806e+23   1.40000445   3458405.04   -0.64796109   1.54583462   2.08479408e-09   56   56   26   26   9.67940107e-10   0   0
11.70975   3.90210395e+23   1.40000445   3407902.09   -0.64796227   1.54582899   2.05435106e-09   56   56   26   26   9.53805847e-10   0   0
11.7098281   3.84580812e+23   1.40000445   3358163.56   -0.64796345   1.54582336   2.02436882e-09   56   56   26   26   9.39885525e-10   0   0
11.7099062   3.79034737e+23   1.40000445   3309177.2   -0.64796463   1.54581773   1.99484001e-09   56   56   26   26   9.26175719e-10   0   0
11.7099844   3.73570873e+23   1.40000445   3260931   -0.647965809   1.5458121   1.96575737e-09   56   56   26   26   9.12673065e-10   0   0
11.7100625   3.68187943e+23   1.40000445   3213413.15   -0.647966989   1.54580647   1.93711379e-09   56   56   26   26   8.99374258e-10   0   0
11.7101406   3.62884692e+23   1.40000445   3166612.04   -0.647968169   1.54580084   1.90890226e-09   56   56   26   26   8.86276049e-10   0   0
11.7102187   3.57659885e+23   1.40000445   3120516.26   -0.647969349   1.54579521   1.88111591e-09   56   56   26   26   8.73375243e-10   0   0
11.7102969   3.52512308e+23   1.40000445   3075114.59   -0.647970528   1.54578958   1.85374797e-09   56   56   26   26   8.60668702e-10   0   0
11.710375   3.47440769e+23   1.40000445   3030396.01   -0.647971708   1.54578395   1.82679181e-09   56   56   26   26   8.4815334e-10   0   0
11.7104531   3.42444093e+23   1.40000445   2986349.68   -0.647972888   1.54577833   1.80024088e-09   56   56   26   26   8.35826124e-10   0   0
11.7105313   3.37521124e+23   1.40000445   2942964.95   -0.647974067   1.5457727   1.77408877e-09   56   56   26   26   8.23684072e-10   0   0
11.7106094   3.32670729e+23   1.40000445   2900231.35   -0.647975247   1.54576707   1.74832916e-09   56   56   26   26   8.11724254e-10   0   0
11.7106875   3.27891789e+23   1.40000445   2858138.58   -0.647976427   1.54576144   1.72295585e-09   56   56   26   26   7.99943788e-10   0   0
11.7107656   3.23183206e+23   1.40000445   2816676.52   -0.647977606   1.54575581   1.69796274e-09   56   56   26   26   7.88339843e-10   0   0
11.7108438   3.185439e+23   1.40000445   2775835.23   -0.647978786   1.54575019   1.67334383e-09   56   56   26   26   7.76909634e-10   0   0
11.7109219   3.13972808e+23   1.40000445   2735604.93   -0.647979965   1.54574456   1.64909322e-09   56   56   26   26   7.65650424e-10   0   0
11.711   3.09468885e+23   1.40000445   2695976   -0.647981145   1.54573893   1.62520513e-09   56   56   26   26   7.54559523e-10   0   0
11.7110781   3.05031101e+23   1.40000445   2656938.99   -0.647982325   1.5457333   1.60167384e-09   56   56   26   26   7.43634284e-10   0   0
11.7111563   3.00658447e+23   1.40000445   2618484.61   -0.647983504   1.54572768   1.57849377e-09   56   56   26   26   7.32872108e-10   0   0
11.7112344   2.96349926e+23   1.40000445   2580603.73   -0.647984684   1.54572205   1.5556594e-09   56   56   26   26   7.22270437e-10   0   0
11.7113125   2.92104559e+23   1.40000445   2543287.35   -0.647985863   1.54571642   1.53316532e-09   56   56   26   26   7.11826757e-10   0   0
11.7113906   2.87921385e+23   1.40000445   2506526.65   -0.647987043   1.54571079   1.51100621e-09   56   56   26   26   7.01538597e-10   0   0
11.7114687   2.83799455e+23   1.40000445   2470312.95   -0.647988222   1.54570517   1.48917682e-09   56   56   26   26   6.91403526e-10   0   0
11.7115469   2.79737839e+23   1.40000445   2434637.7   -0.647989401   1.54569954   1.46767202e-09   56   56   26   26   6.81419154e-10   0   0
11.711625   2.75735617e+23   1.40000445   2399492.52   -0.647990581   1.54569391   1.44648674e-09   56   56   26   26   6.71583131e-10   0   0
11.7117031   2.7179189e+23   1.40000445   2364869.14   -0.64799176   1.54568829   1.42561601e-09   56   56   26   26   6.61893148e-10   0   0
11.7117812   2.67905769e+23   1.40000445   2330759.45   -0.64799294   1.54568266   1.40505493e-09   56   56   26   26   6.52346933e-10   0   0
11.7118594   2.64076382e+23   1.40000445   2297155.46   -0.647994119   1.54567704   1.38479869e-09   56   56   26   26   6.4294225e-10   0   0
11.7119375   2.60302868e+23   1.40000445   2264049.34   -0.647995298   1.54567141   1.36484256e-09   56   56   26   26   6.33676904e-10   0   0
11.7120156   2.56584383e+23   1.40000445   2231433.35   -0.647996478   1.54566578   1.34518189e-09   56   56   26   26   6.24548734e-10   0   0
11.7120937   2.52920095e+23   1.40000445   2199299.91   -0.647997657   1.54566016   1.32581209e-09   56   56   26   26   6.15555615e-10   0   0
11.7121719   2.49309186e+23   1.40000445   2167641.55   -0.647998836   1.54565453   1.30672868e-09   56   56   26   26   6.06695458e-10   0   0
11.71225   2.4575085e+23   1.40000445   2136450.93   -0.648000015   1.54564891   1.28792722e-09   56   56   26   26   5.97966209e-10   0   0
11.7123281   2.42244295e+23   1.40000445   2105720.83   -0.648001195   1.54564328   1.26940336e-09   56   56   26   26   5.89365845e-10   0   0
11.7124063   2.38788741e+23   1.40000445   2075444.14   -0.648002374   1.54563765   1.25115282e-09   56   56   26   26   5.80892381e-10   0   0
11.7124844   2.3538342e+23   1.40000445   2045613.89   -0.648003553   1.54563203   1.23317139e-09   56   56   26   26   5.7254386e-10   0   0
11.7125625   2.32027578e+23   1.40000445   2016223.2   -0.648004732   1.5456264   1.21545493e-09   56   56   26   26   5.6431836e-10   0   0
11.7126406   2.28720472e+23   1.40000445   1987265.32   -0.648005912   1.54562078   1.19799937e-09   56   56   26   26   5.56213991e-10   0   0
11.7127188   2.25461369e+23   1.40000445   1958733.6   -0.648007091   1.54561515   1.18080069e-09   56   56   26   26   5.48228891e-10   0   0
11.7127969   2.22249551e+23   1.40000445   1930621.51   -0.64800827   1.54560953   1.16385496e-09   56   56   26   26   5.40361232e-10   0   0
11.712875   2.19084308e+23   1.40000445   1902922.6   -0.648009449   1.5456039   1.14715831e-09   56   56   26   26   5.32609214e-10   0   0
11.7129531   2.15964944e+23   1.40000445   1875630.56   -0.648010628   1.54559828   1.13070691e-09   56   56   26   26   5.24971066e-10   0   0
11.7130313   2.12890773e+23   1.40000445   1848739.17   -0.648011807   1.54559265   1.11449702e-09   56   56   26   26   5.17445047e-10   0   0
11.7131094   2.09861119e+23   1.40000445   1822242.3   -0.648012986   1.54558703   1.09852496e-09   56   56   26   26   5.10029443e-10   0   0
11.7131875   2.06875317e+23   1.40000445   1796133.94   -0.648014165   1.54558141   1.08278708e-09   56   56   26   26   5.02722571e-10   0   0
11.7132656   2.03932713e+23   1.40000445   1770408.15   -0.648015344   1.54557578   1.06727981e-09   56   56   26   26   4.95522771e-10   0   0
11.7133437   2.01032664e+23   1.40000445   1745059.12   -0.648016523   1.54557016   1.05199966e-09   56   56   26   26   4.88428412e-10   0   0
11.7134219   1.98174535e+23   1.40000445   1720081.11   -0.648017702   1.54556453   1.03694315e-09   56   56   26   26   4.81437891e-10   0   0
11.7135   1.95357702e+23   1.40000445   1695468.47   -0.648018881   1.54555891   1.02210689e-09   56   56   26   26   4.74549629e-10   0   0
11.7135781   1.92581551e+23   1.40000445   1671215.66   -0.64802006   1.54555329   1.00748754e-09   56   56   26   26   4.67762072e-10   0   0
11.7136562   1.89845478e+23   1.40000445   1647317.22   -0.648021239   1.54554766   9.93081798e-10   56   56   26   26   4.61073692e-10   0   0
11.7137344   1.87148887e+23   1.40000445   1623767.78   -0.648022418   1.54554204   9.78886431e-10   56   56   26   26   4.54482986e-10   0   0
11.7138125   1.84491192e+23   1.40000445   1600562.05   -0.648023597   1.54553642   9.64898252e-10   56   56   26   26   4.47988474e-10   0   0
11.7138906   1.81871817e+23   1.40000445   1577694.83   -0.648024776   1.54553079   9.51114126e-10   56   56   26   26   4.41588701e-10   0   0
11.7139687   1.79290195e+23   1.40000445   1555161   -0.648025955   1.54552517   9.37530968e-10   56   56   26   26   4.35282235e-10   0   0
11.7140469   1.76745765e+23   1.40000445   1532955.54   -0.648027134   1.54551955   9.24145743e-10   56   56   26   26   4.29067667e-10   0   0
11.714125   1.74237977e+23   1.40000445   1511073.47   -0.648028313   1.54551392   9.10955464e-10   56   56   26   26   4.22943608e-10   0   0
11.7142031   1.71766291e+23   1.40000445   1489509.93   -0.648029491   1.5455083   8.97957192e-10   56   56   26   26   4.16908696e-10   0   0
11.7142813   1.69330172e+23   1.40000445   1468260.12   -0.64803067   1.54550268   8.85148035e-10   56   56   26   26   4.10961588e-10   0   0
11.7143594   1.66929095e+23   1.40000445   1447319.32   -0.648031849   1.54549705   8.72525146e-10   56   56   26   26   4.0510096e-10   0   0
11.7144375   1.64562543e+23   1.40000445   1426682.88   -0.648033028   1.54549143   8.60085724e-10   56   56   26   26   3.99325515e-10   0   0
11.7145156   1.62230007e+23   1.40000445   1406346.22   -0.648034207   1.54548581   8.47827013e-10   56   56   26   26   3.9363397e-10   0   0
11.7145938   1.59930987e+23   1.40000445   1386304.86   -0.648035385   1.54548019   8.357463e-10   56   56   26   26   3.88025068e-10   0   0
11.7146719   1.57664988e+23   1.40000445   1366554.35   -0.648036564   1.54547457   8.23840916e-10   56   56   26   26   3.82497568e-10   0   0
11.71475   1.55431524e+23   1.40000445   1347090.35   -0.648037743   1.54546894   8.12108233e-10   56   56   26   26   3.77050251e-10   0   0
11.7148281   1.53230117e+23   1.40000445   1327908.55   -0.648038921   1.54546332   8.00545664e-10   56   56   26   26   3.71681916e-10   0   0
11.7149063   1.51060296e+23   1.40000445   1309004.75   -0.6480401   1.5454577   7.89150666e-10   56   56   26   26   3.6639138e-10   0   0
11.7149844   1.48921597e+23   1.40000445   1290374.77   -0.648041279   1.54545208   7.77920732e-10   56   56   26   26   3.61177483e-10   0   0
11.7150625   1.46813562e+23   1.40000445   1272014.54   -0.648042457   1.54544646   7.66853397e-10   56   56   26   26   3.56039077e-10   0   0
11.7151406   1.44735744e+23   1.40000445   1253920.03   -0.648043636   1.54544084   7.55946234e-10   56   56   26   26   3.50975037e-10   0   0
11.7152188   1.42687697e+23   1.40000445   1236087.26   -0.648044814   1.54543521   7.45196855e-10   56   56   26   26   3.45984254e-10   0   0
11.7152969   1.40668986e+23   1.40000445   1218512.35   -0.648045993   1.54542959   7.34602908e-10   56   56   26   26   3.41065636e-10   0   0
11.715375   1.38679182e+23   1.40000445   1201191.46   -0.648047172   1.54542397   7.24162078e-10   56   56   26   26   3.36218108e-10   0   0
11.7154531   1.36717862e+23   1.40000445   1184120.8   -0.64804835   1.54541835   7.13872088e-10   56   56   26   26   3.31440612e-10   0   0
11.7155312   1.34784608e+23   1.40000445   1167296.65   -0.648049529   1.54541273   7.03730695e-10   56   56   26   26   3.26732108e-10   0   0
11.7156094   1.32879011e+23   1.40000445   1150715.35   -0.648050707   1.54540711   6.9373569e-10   56   56   26   26   3.2209157e-10   0   0
11.7156875   1.31000666e+23   1.40000445   1134373.3   -0.648051886   1.54540149   6.83884901e-10   56   56   26   26   3.1751799e-10   0   0
11.7157656   1.29149176e+23   1.40000445   1118266.94   -0.648053064   1.54539587   6.74176189e-10   56   56   26   26   3.13010373e-10   0   0
11.7158437   1.27324149e+23   1.40000445   1102392.79   -0.648054243   1.54539025   6.64607446e-10   56   56   26   26   3.08567743e-10   0   0
11.7159219   1.25525199e+23   1.40000445   1086747.4   -0.648055421   1.54538463   6.551766e-10   56   56   26   26   3.04189136e-10   0   0
11.716   1.23751945e+23   1.40000445   1071327.39   -0.648056599   1.54537901   6.4588161e-10   56   56   26   26   2.99873605e-10   0   0
11.7160781   1.22004013e+23   1.40000445   1056129.42   -0.648057778   1.54537339   6.36720465e-10   56   56   26   26   2.95620216e-10   0   0
11.7161562   1.20281035e+23   1.40000445   1041150.21   -0.648058956   1.54536777   6.27691187e-10   56   56   26   26   2.91428051e-10   0   0
11.7162344   1.18582648e+23   1.40000445   1026386.53   -0.648060135   1.54536215   6.18791828e-10   56   56   26   26   2.87296206e-10   0   0
11.7163125   1.16908493e+23   1.40000445   1011835.2   -0.648061313   1.54535653   6.10020471e-10   56   56   26   26   2.8322379e-10   0   0
11.7163906   1.15258218e+23   1.40000445   997493.079   -0.648062491   1.54535091   6.01375226e-10   56   56   26   26   2.79209926e-10   0   0
11.7164688   1.13631477e+23   1.40000445   983357.09   -0.64806367   1.54534529   5.92854235e-10   56   56   26   26   2.75253752e-10   0   0
11.7165469   1.12027928e+23   1.40000445   969424.195   -0.648064848   1.54533967   5.84455667e-10   56   56   26   26   2.71354417e-10   0   0
11.716625   1.10447233e+23   1.40000445   955691.404   -0.648066026   1.54533405   5.76177719e-10   56   56   26   26   2.67511084e-10   0   0
11.7167031   1.08889061e+23   1.40000445   942155.771   -0.648067204   1.54532843   5.68018617e-10   56   56   26   26   2.63722929e-10   0   0
11.7167813   1.07353086e+23   1.40000445   928814.399   -0.648068383   1.54532281   5.59976614e-10   56   56   26   26   2.59989142e-10   0   0
11.7168594   1.05838986e+23   1.40000445   915664.431   -0.648069561   1.54531719   5.52049988e-10   56   56   26   26   2.56308923e-10   0   0
11.7169375   1.04346444e+23   1.40000445   902703.058   -0.648070739   1.54531157   5.44237044e-10   56   56   26   26   2.52681485e-10   0   0
11.7170156   1.02875147e+23   1.40000445   889927.512   -0.648071917   1.54530596   5.36536116e-10   56   56   26   26   2.49106054e-10   0   0
11.7170938   1.01424788e+23   1.40000445   877335.066   -0.648073095   1.54530034   5.28945558e-10   56   56   26   26   2.45581866e-10   0   0
11.7171719   9.99950643e+22   1.40000445   864923.037   -0.648074273   1.54529472   5.21463755e-10   56   56   26   26   2.42108172e-10   0   0
11.71725   9.85856772e+22   1.40000445   852688.781   -0.648075452   1.5452891   5.14089111e-10   56   56   26   26   2.3868423e-10   0   0
11.7173281   9.71963327e+22   1.40000445   840629.696   -0.64807663   1.54528348   5.06820058e-10   56   56   26   26   2.35309313e-10   0   0
11.7174062   9.58267411e+22   1.40000445   828743.218   -0.648077808   1.54527786   4.99655052e-10   56   56   26   26   2.31982703e-10   0   0
11.7174844   9.44766172e+22   1.40000445   817026.823   -0.648078986   1.54527225   4.92592569e-10   56   56   26   26   2.28703693e-10   0   0
11.7175625   9.31456799e+22   1.40000445   805478.025   -0.648080164   1.54526663   4.85631112e-10   56   56   26   26   2.25471588e-10   0   0
11.7176406   9.18336522e+22   1.40000445   794094.375   -0.648081342   1.54526101   4.78769206e-10   56   56   26   26   2.22285703e-10   0   0
11.7177187   9.05402613e+22   1.40000445   782873.463   -0.64808252   1.54525539   4.72005395e-10   56   56   26   26   2.19145362e-10   0   0
11.7177969   8.92652386e+22   1.40000445   771812.913   -0.648083698   1.54524978   4.6533825e-10   56   56   26   26   2.16049902e-10   0   0
11.717875   8.80083191e+22   1.40000445   760910.387   -0.648084876   1.54524416   4.58766359e-10   56   56   26   26   2.12998667e-10   0   0
11.7179531   8.67692422e+22   1.40000445   750163.581   -0.648086054   1.54523854   4.52288336e-10   56   56   26   26   2.09991013e-10   0   0
11.7180312   8.55477506e+22   1.40000445   739570.227   -0.648087232   1.54523292   4.45902811e-10   56   56   26   26   2.07026305e-10   0   0
11.7181094   8.43435914e+22   1.40000445   729128.091   -0.64808841   1.54522731   4.39608438e-10   56   56   26   26   2.04103918e-10   0   0
11.7181875   8.3156515e+22   1.40000445   718834.971   -0.648089588   1.54522169   4.33403892e-10   56   56   26   26   2.01223235e-10   0   0
11.7182656   8.19862756e+22   1.40000445   708688.699   -0.648090766   1.54521607   4.27287864e-10   56   56   26   26   1.98383651e-10   0   0
11.7183438   8.08326312e+22   1.40000445   698687.142   -0.648091943   1.54521046   4.21259068e-10   56   56   26   26   1.95584567e-10   0   0
11.7184219   7.96953431e+22   1.40000445   688828.196   -0.648093121   1.54520484   4.15316236e-10   56   56   26   26   1.92825395e-10   0   0
11.7185   7.85741762e+22   1.40000445   679109.789   -0.648094299   1.54519922   4.0945812e-10   56   56   26   26   1.90105556e-10   0   0
11.7185781   7.74688991e+22   1.40000445   669529.882   -0.648095477   1.54519361   4.0368349e-10   56   56   26   26   1.87424477e-10   0   0
11.7186563   7.63792834e+22   1.40000445   660086.464   -0.648096655   1.54518799   3.97991134e-10   56   56   26   26   1.84781598e-10   0   0
11.7187344   7.53051045e+22   1.40000445   650777.557   -0.648097833   1.54518237   3.9237986e-10   56   56   26   26   1.82176363e-10   0   0
11.7188125   7.42461406e+22   1.40000445   641601.21   -0.64809901   1.54517676   3.86848491e-10   56   56   26   26   1.79608228e-10   0   0
11.7188906   7.32021736e+22   1.40000445   632555.502   -0.648100188   1.54517114   3.81395871e-10   56   56   26   26   1.77076654e-10   0   0
11.7189688   7.21729885e+22   1.40000445   623638.542   -0.648101366   1.54516553   3.76020857e-10   56   56   26   26   1.74581112e-10   0   0
11.7190469   7.11583732e+22   1.40000445   614848.465   -0.648102544   1.54515991   3.70722328e-10   56   56   26   26   1.72121081e-10   0   0
11.719125   7.01581189e+22   1.40000445   606183.436   -0.648103721   1.5451543   3.65499176e-10   56   56   26   26   1.69696046e-10   0   0
11.7192031   6.91720201e+22   1.40000445   597641.646   -0.648104899   1.54514868   3.60350311e-10   56   56   26   26   1.67305502e-10   0   0
11.7192812   6.81998738e+22   1.40000445   589221.313   -0.648106077   1.54514306   3.55274659e-10   56   56   26   26   1.64948949e-10   0   0
11.7193594   6.72414803e+22   1.40000445   580920.682   -0.648107254   1.54513745   3.50271162e-10   56   56   26   26   1.62625896e-10   0   0
11.7194375   6.62966428e+22   1.40000445   572738.024   -0.648108432   1.54513183   3.45338777e-10   56   56   26   26   1.60335861e-10   0   0
11.7195156   6.53651673e+22   1.40000445   564671.635   -0.648109609   1.54512622   3.40476478e-10   56   56   26   26   1.58078365e-10   0   0
11.7195937   6.44468627e+22   1.40000445   556719.838   -0.648110787   1.5451206   3.35683254e-10   56   56   26   26   1.55852939e-10   0   0
11.7196719   6.35415406e+22   1.40000445   548880.98   -0.648111965   1.54511499   3.30958108e-10   56   56   26   26   1.53659121e-10   0   0
11.71975   6.26490155e+22   1.40000445   541153.431   -0.648113142   1.54510938   3.26300057e-10   56   56   26   26   1.51496455e-10   0   0
11.7198281   6.17691044e+22   1.40000445   533535.587   -0.64811432   1.54510376   3.21708136e-10   56   56   26   26   1.49364492e-10   0   0
11.7199062   6.09016271e+22   1.40000445   526025.867   -0.648115497   1.54509815   3.1718139e-10   56   56   26   26   1.47262788e-10   0   0
11.7199844   6.00464061e+22   1.40000445   518622.715   -0.648116675   1.54509253   3.12718882e-10   56   56   26   26   1.45190909e-10   0   0
11.7200625   5.92032663e+22   1.40000445   511324.595   -0.648117852   1.54508692   3.08319686e-10   56   56   26   26   1.43148426e-10   0   0
11.7201406   5.83720352e+22   1.40000445   504129.996   -0.64811903   1.5450813   3.03982891e-10   56   56   26   26   1.41134914e-10   0   0
11.7202188   5.7552543e+22   1.40000445   497037.428   -0.648120207   1.54507569   2.99707599e-10   56   56   26   26   1.39149957e-10   0   0
11.7202969   5.67446221e+22   1.40000445   490045.425   -0.648121385   1.54507008   2.95492927e-10   56   56   26   26   1.37193144e-10   0   0
11.720375   5.59481074e+22   1.40000445   483152.54   -0.648122562   1.54506446   2.91338001e-10   56   56   26   26   1.35264072e-10   0   0
11.7204531   5.51628364e+22   1.40000445   476357.349   -0.648123739   1.54505885   2.87241964e-10   56   56   26   26   1.3336234e-10   0   0
11.7205313   5.43886487e+22   1.40000445   469658.448   -0.648124917   1.54505324   2.8320397e-10   56   56   26   26   1.31487557e-10   0   0
11.7206094   5.36253864e+22   1.40000445   463054.455   -0.648126094   1.54504762   2.79223185e-10   56   56   26   26   1.29639336e-10   0   0
11.7206875   5.28728938e+22   1.40000445   456544.008   -0.648127271   1.54504201   2.75298788e-10   56   56   26   26   1.27817294e-10   0   0
11.7207656   5.21310175e+22   1.40000445   450125.763   -0.648128449   1.5450364   2.71429969e-10   56   56   26   26   1.26021057e-10   0   0
11.7208438   5.13996062e+22   1.40000445   443798.398   -0.648129626   1.54503078   2.67615931e-10   56   56   26   26   1.24250254e-10   0   0
11.7209219   5.06785111e+22   1.40000445   437560.61   -0.648130803   1.54502517   2.6385589e-10   56   56   26   26   1.2250452e-10   0   0
11.721   4.99675852e+22   1.40000445   431411.114   -0.648131981   1.54501956   2.6014907e-10   56   56   26   26   1.20783497e-10   0   0
11.7210781   4.92666838e+22   1.40000445   425348.646   -0.648133158   1.54501395   2.56494708e-10   56   56   26   26   1.19086829e-10   0   0
11.7211562   4.85756643e+22   1.40000445   419371.958   -0.648134335   1.54500833   2.52892054e-10   56   56   26   26   1.17414168e-10   0   0
11.7212344   4.78943862e+22   1.40000445   413479.822   -0.648135512   1.54500272   2.49340367e-10   56   56   26   26   1.1576517e-10   0   0
11.7213125   4.72227109e+22   1.40000445   407671.028   -0.64813669   1.54499711   2.45838917e-10   56   56   26   26   1.14139497e-10   0   0
11.7213906   4.65605018e+22   1.40000445   401944.381   -0.648137867   1.5449915   2.42386984e-10   56   56   26   26   1.12536814e-10   0   0
11.7214687   4.59076244e+22   1.40000445   396298.708   -0.648139044   1.54498588   2.38983861e-10   56   56   26   26   1.10956793e-10   0   0
11.7215469   4.52639462e+22   1.40000445   390732.85   -0.648140221   1.54498027   2.35628849e-10   56   56   26   26   1.09399109e-10   0   0
11.721625   4.46293363e+22   1.40000445   385245.665   -0.648141398   1.54497466   2.32321261e-10   56   56   26   26   1.07863443e-10   0   0
11.7217031   4.4003666e+22   1.40000445   379836.028   -0.648142575   1.54496905   2.29060418e-10   56   56   26   26   1.0634948e-10   0   0
11.7217812   4.33868083e+22   1.40000445   374502.832   -0.648143752   1.54496344   2.25845652e-10   56   56   26   26   1.0485691e-10   0   0
11.7218594   4.27786381e+22   1.40000445   369244.985   -0.648144929   1.54495783   2.22676305e-10   56   56   26   26   1.03385427e-10   0   0
11.7219375   4.21790321e+22   1.40000445   364061.41   -0.648146106   1.54495221   2.19551728e-10   56   56   26   26   1.01934731e-10   0   0
11.7220156   4.15878686e+22   1.40000445   358951.046   -0.648147284   1.5449466   2.16471282e-10   56   56   26   26   1.00504524e-10   0   0
11.7220938   4.1005028e+22   1.40000445   353912.849   -0.648148461   1.54494099   2.13434337e-10   56   56   26   26   9.90945138e-11   0   0
11.7221719   4.0430392e+22   1.40000445   348945.789   -0.648149638   1.54493538   2.10440273e-10   56   56   26   26   9.77044123e-11   0   0
11.72225   3.98638444e+22   1.40000445   344048.85   -0.648150815   1.54492977   2.07488477e-10   56   56   26   26   9.63339355e-11   0   0
11.7223281   3.93052704e+22   1.40000445   339221.033   -0.648151992   1.54492416   2.04578346e-10   56   56   26   26   9.49828035e-11   0   0
11.7224063   3.8754557e+22   1.40000445   334461.352   -0.648153168   1.54491855   2.01709287e-10   56   56   26   26   9.36507402e-11   0   0
11.7224844   3.82115927e+22   1.40000445   329768.836   -0.648154345   1.54491294   1.98880713e-10   56   56   26   26   9.23374741e-11   0   0
11.7225625   3.76762677e+22   1.40000445   325142.528   -0.648155522   1.54490733   1.96092049e-10   56   56   26   26   9.10427371e-11   0   0
11.7226406   3.71484737e+22   1.40000445   320581.484   -0.648156699   1.54490172   1.93342725e-10   56   56   26   26   8.97662652e-11   0   0
11.7227188   3.66281041e+22   1.40000445   316084.774   -0.648157876   1.54489611   1.90632181e-10   56   56   26   26   8.85077983e-11   0   0
11.7227969   3.61150536e+22   1.40000445   311651.483   -0.648159053   1.5448905   1.87959865e-10   56   56   26   26   8.726708e-11   0   0
11.722875   3.56092187e+22   1.40000445   307280.707   -0.64816023   1.54488489   1.85325232e-10   56   56   26   26   8.60438575e-11   0   0
11.7229531   3.5110497e+22   1.40000445   302971.557   -0.648161407   1.54487928   1.82727746e-10   56   56   26   26   8.4837882e-11   0   0
11.7230313   3.4618788e+22   1.40000445   298723.155   -0.648162583   1.54487367   1.80166878e-10   56   56   26   26   8.36489078e-11   0   0
11.7231094   3.41339923e+22   1.40000445   294534.638   -0.64816376   1.54486806   1.77642108e-10   56   56   26   26   8.24766931e-11   0   0
11.7231875   3.36560121e+22   1.40000445   290405.154   -0.648164937   1.54486245   1.75152922e-10   56   56   26   26   8.13209997e-11   0   0
11.7232656   3.3184751e+22   1.40000445   286333.863   -0.648166114   1.54485684   1.72698814e-10   56   56   26   26   8.01815924e-11   0   0
11.7233437   3.27201138e+22   1.40000445   282319.938   -0.64816729   1.54485123   1.70279286e-10   56   56   26   26   7.90582399e-11   0   0
11.7234219   3.22620069e+22   1.40000445   278362.563   -0.648168467   1.54484562   1.67893845e-10   56   56   26   26   7.79507138e-11   0   0
11.7235   3.18103379e+22   1.40000445   274460.936   -0.648169644   1.54484001   1.65542008e-10   56   56   26   26   7.68587894e-11   0   0
11.7235781   3.13650158e+22   1.40000445   270614.263   -0.648170821   1.5448344   1.63223297e-10   56   56   26   26   7.57822449e-11   0   0
11.7236562   3.09259509e+22   1.40000445   266821.765   -0.648171997   1.54482879   1.60937241e-10   56   56   26   26   7.47208618e-11   0   0
11.7237344   3.04930546e+22   1.40000445   263082.672   -0.648173174   1.54482318   1.58683377e-10   56   56   26   26   7.3674425e-11   0   0
11.7238125   3.00662397e+22   1.40000445   259396.226   -0.64817435   1.54481758   1.56461248e-10   56   56   26   26   7.26427221e-11   0   0
11.7238906   2.96454204e+22   1.40000445   255761.679   -0.648175527   1.54481197   1.54270403e-10   56   56   26   26   7.16255441e-11   0   0
11.7239687   2.9230512e+22   1.40000445   252178.295   -0.648176704   1.54480636   1.52110398e-10   56   56   26   26   7.06226847e-11   0   0
11.7240469   2.88214308e+22   1.40000445   248645.349   -0.64817788   1.54480075   1.49980796e-10   56   56   26   26   6.96339409e-11   0   0
11.724125   2.84180945e+22   1.40000445   245162.123   -0.648179057   1.54479514   1.47881165e-10   56   56   26   26   6.86591123e-11   0   0
11.7242031   2.80204222e+22   1.40000445   241727.915   -0.648180233   1.54478953   1.45811081e-10   56   56   26   26   6.76980017e-11   0   0
11.7242813   2.76283336e+22   1.40000445   238342.027   -0.64818141   1.54478393   1.43770123e-10   56   56   26   26   6.67504144e-11   0   0
11.7243594   2.72417501e+22   1.40000445   235003.775   -0.648182586   1.54477832   1.41757881e-10   56   56   26   26   6.58161588e-11   0   0
11.7244375   2.68605938e+22   1.40000445   231712.485   -0.648183763   1.54477271   1.39773945e-10   56   56   26   26   6.48950459e-11   0   0
11.7245156   2.64847882e+22   1.40000445   228467.489   -0.648184939   1.5447671   1.37817916e-10   56   56   26   26   6.39868894e-11   0   0
11.7245938   2.61142577e+22   1.40000445   225268.134   -0.648186116   1.5447615   1.35889397e-10   56   56   26   26   6.30915058e-11   0   0
11.7246719   2.5748928e+22   1.40000445   222113.771   -0.648187292   1.54475589   1.33988e-10   56   56   26   26   6.22087141e-11   0   0
11.72475   2.53887255e+22   1.40000445   219003.763   -0.648188469   1.54475028   1.32113339e-10   56   56   26   26   6.13383359e-11   0   0
11.7248281   2.5033578e+22   1.40000445   215937.483   -0.648189645   1.54474467   1.30265036e-10   56   56   26   26   6.04801954e-11   0   0
11.7249063   2.46834142e+22   1.40000445   212914.312   -0.648190821   1.54473907   1.28442719e-10   56   56   26   26   5.96341194e-11   0   0
11.7249844   2.43381637e+22   1.40000445   209933.638   -0.648191998   1.54473346   1.26646018e-10   56   56   26   26   5.87999371e-11   0   0
11.7250625   2.39977574e+22   1.40000445   206994.861   -0.648193174   1.54472785   1.24874573e-10   56   56   26   26   5.79774802e-11   0   0
11.7251406   2.36621267e+22   1.40000445   204097.388   -0.64819435   1.54472225   1.23128024e-10   56   56   26   26   5.71665827e-11   0   0
11.7252187   2.33312045e+22   1.40000445   201240.634   -0.648195527   1.54471664   1.21406021e-10   56   56   26   26   5.6367081e-11   0   0
11.7252969   2.30049244e+22   1.40000445   198424.023   -0.648196703   1.54471103   1.19708215e-10   56   56   26   26   5.55788139e-11   0   0
11.725375   2.26832208e+22   1.40000445   195646.988   -0.648197879   1.54470543   1.18034264e-10   56   56   26   26   5.48016226e-11   0   0
11.7254531   2.23660294e+22   1.40000445   192908.968   -0.648199056   1.54469982   1.16383832e-10   56   56   26   26   5.40353504e-11   0   0
11.7255312   2.20532865e+22   1.40000445   190209.412   -0.648200232   1.54469422   1.14756585e-10   56   56   26   26   5.3279843e-11   0   0
11.7256094   2.17449294e+22   1.40000445   187547.777   -0.648201408   1.54468861   1.13152196e-10   56   56   26   26   5.2534948e-11   0   0
11.7256875   2.14408963e+22   1.40000445   184923.526   -0.648202584   1.544683   1.11570341e-10   56   56   26   26   5.18005156e-11   0   0
11.7257656   2.11411263e+22   1.40000445   182336.131   -0.64820376   1.5446774   1.10010703e-10   56   56   26   26   5.10763978e-11   0   0
11.7258437   2.08455595e+22   1.40000445   179785.071   -0.648204937   1.54467179   1.08472967e-10   56   56   26   26   5.0362449e-11   0   0
11.7259219   2.05541365e+22   1.40000445   177269.833   -0.648206113   1.54466619   1.06956824e-10   56   56   26   26   4.96585254e-11   0   0
11.726   2.0266799e+22   1.40000445   174789.911   -0.648207289   1.54466058   1.05461969e-10   56   56   26   26   4.89644854e-11   0   0
11.7260781   1.99834894e+22   1.40000445   172344.806   -0.648208465   1.54465498   1.039881e-10   56   56   26   26   4.82801894e-11   0   0
11.7261563   1.97041512e+22   1.40000445   169934.026   -0.648209641   1.54464937   1.02534923e-10   56   56   26   26   4.76054999e-11   0   0
11.7262344   1.94287283e+22   1.40000445   167557.086   -0.648210817   1.54464377   1.01102144e-10   56   56   26   26   4.69402811e-11   0   0
11.7263125   1.91571656e+22   1.40000445   165213.51   -0.648211993   1.54463816   9.96894757e-11   56   56   26   26   4.62843994e-11   0   0
11.7263906   1.88894088e+22   1.40000445   162902.826   -0.648213169   1.54463256   9.82966342e-11   56   56   26   26   4.5637723e-11   0   0
11.7264688   1.86254044e+22   1.40000445   160624.569   -0.648214345   1.54462695   9.69233396e-11   56   56   26   26   4.50001219e-11   0   0
11.7265469   1.83650995e+22   1.40000445   158378.282   -0.648215521   1.54462135   9.5569316e-11   56   56   26   26   4.43714681e-11   0   0
11.726625   1.81084421e+22   1.40000445   156163.515   -0.648216697   1.54461574   9.42342916e-11   56   56   26   26   4.37516354e-11   0   0
11.7267031   1.78553808e+22   1.40000445   153979.821   -0.648217873   1.54461014   9.29179983e-11   56   56   26   26   4.31404992e-11   0   0
11.7267813   1.7605865e+22   1.40000445   151826.764   -0.648219049   1.54460453   9.16201719e-11   56   56   26   26   4.25379369e-11   0   0
11.7268594   1.7359845e+22   1.40000445   149703.911   -0.648220225   1.54459893   9.03405519e-11   56   56   26   26   4.19438277e-11   0   0
11.7269375   1.71172715e+22   1.40000445   147610.835   -0.648221401   1.54459333   8.90788816e-11   56   56   26   26   4.13580522e-11   0   0
11.7270156   1.6878096e+22   1.40000445   145547.118   -0.648222577   1.54458772   8.78349079e-11   56   56   26   26   4.0780493e-11   0   0
11.7270937   1.66422707e+22   1.40000445   143512.345   -0.648223753   1.54458212   8.66083813e-11   56   56   26   26   4.02110342e-11   0   0
11.7271719   1.64097487e+22   1.40000445   141506.108   -0.648224929   1.54457652   8.53990558e-11   56   56   26   26   3.96495616e-11   0   0
11.72725   1.61804833e+22   1.40000445   139528.005   -0.648226104   1.54457091   8.4206689e-11   56   56   26   26   3.90959627e-11   0   0
11.7273281   1.59544288e+22   1.40000445   137577.639   -0.64822728   1.54456531   8.30310418e-11   56   56   26   26   3.85501266e-11   0   0
11.7274062   1.57315401e+22   1.40000445   135654.621   -0.648228456   1.54455971   8.18718788e-11   56   56   26   26   3.80119437e-11   0   0
11.7274844   1.55117726e+22   1.40000445   133758.563   -0.648229632   1.5445541   8.07289675e-11   56   56   26   26   3.74813064e-11   0   0
11.7275625   1.52950826e+22   1.40000445   131889.087   -0.648230808   1.5445485   7.96020792e-11   56   56   26   26   3.69581082e-11   0   0
11.7276406   1.50814267e+22   1.40000445   130045.817   -0.648231983   1.5445429   7.84909879e-11   56   56   26   26   3.64422444e-11   0   0
11.7277187   1.48707623e+22   1.40000445   128228.386   -0.648233159   1.54453729   7.73954714e-11   56   56   26   26   3.59336117e-11   0   0
11.7277969   1.46630474e+22   1.40000445   126436.429   -0.648234335   1.54453169   7.63153101e-11   56   56   26   26   3.54321083e-11   0   0
11.727875   1.44582405e+22   1.40000445   124669.587   -0.648235511   1.54452609   7.52502879e-11   56   56   26   26   3.49376337e-11   0   0
11.7279531   1.42563008e+22   1.40000445   122927.506   -0.648236686   1.54452049   7.42001917e-11   56   56   26   26   3.4450089e-11   0   0
11.7280313   1.4057188e+22   1.40000445   121209.839   -0.648237862   1.54451488   7.31648112e-11   56   56   26   26   3.39693766e-11   0   0
11.7281094   1.38608624e+22   1.40000445   119516.241   -0.648239038   1.54450928   7.21439394e-11   56   56   26   26   3.34954004e-11   0   0
11.7281875   1.36672848e+22   1.40000445   117846.374   -0.648240213   1.54450368   7.1137372e-11   56   56   26   26   3.30280656e-11   0   0
11.7282656   1.34764166e+22   1.40000445   116199.903   -0.648241389   1.54449808   7.01449077e-11   56   56   26   26   3.25672786e-11   0   0
11.7283438   1.32882199e+22   1.40000445   114576.5   -0.648242564   1.54449247   6.91663481e-11   56   56   26   26   3.21129473e-11   0   0
11.7284219   1.3102657e+22   1.40000445   112975.84   -0.64824374   1.54448687   6.82014975e-11   56   56   26   26   3.1664981e-11   0   0
11.7285   1.2919691e+22   1.40000445   111397.602   -0.648244916   1.54448127   6.72501629e-11   56   56   26   26   3.12232899e-11   0   0
11.7285781   1.27392855e+22   1.40000445   109841.472   -0.648246091   1.54447567   6.63121544e-11   56   56   26   26   3.0787786e-11   0   0
11.7286563   1.25614044e+22   1.40000445   108307.138   -0.648247267   1.54447007   6.53872844e-11   56   56   26   26   3.0358382e-11   0   0
11.7287344   1.23860124e+22   1.40000445   106794.294   -0.648248442   1.54446447   6.44753681e-11   56   56   26   26   2.99349923e-11   0   0
11.7288125   1.22130745e+22   1.40000445   105302.638   -0.648249618   1.54445887   6.35762234e-11   56   56   26   26   2.95175323e-11   0   0
11.7288906   1.20425562e+22   1.40000445   103831.871   -0.648250793   1.54445326   6.26896706e-11   56   56   26   26   2.91059185e-11   0   0
11.7289687   1.18744236e+22   1.40000445   102381.701   -0.648251969   1.54444766   6.18155328e-11   56   56   26   26   2.87000688e-11   0   0
11.7290469   1.17086433e+22   1.40000445   100951.837   -0.648253144   1.54444206   6.09536353e-11   56   56   26   26   2.82999021e-11   0   0
11.729125   1.15451821e+22   1.40000445   99541.9936   -0.648254319   1.54443646   6.01038061e-11   56   56   26   26   2.79053385e-11   0   0
11.7292031   1.13840076e+22   1.40000445   98151.8899   -0.648255495   1.54443086   5.92658755e-11   56   56   26   26   2.75162994e-11   0   0
11.7292812   1.12250877e+22   1.40000445   96781.2482   -0.64825667   1.54442526   5.84396764e-11   56   56   26   26   2.71327069e-11   0   0
11.7293594   1.10683907e+22   1.40000445   95429.7951   -0.648257846   1.54441966   5.76250437e-11   56   56   26   26   2.67544846e-11   0   0
11.7294375   1.09138855e+22   1.40000445   94097.2609   -0.648259021   1.54441406   5.68218151e-11   56   56   26   26   2.6381557e-11   0   0
11.7295156   1.07615412e+22   1.40000445   92783.3796   -0.648260196   1.54440846   5.60298301e-11   56   56   26   26   2.60138497e-11   0   0
11.7295937   1.06113277e+22   1.40000445   91487.8893   -0.648261372   1.54440286   5.5248931e-11   56   56   26   26   2.56512894e-11   0   0
11.7296719   1.0463215e+22   1.40000445   90210.5316   -0.648262547   1.54439726   5.44789618e-11   56   56   26   26   2.52938037e-11   0   0
11.72975   1.03171736e+22   1.40000445   88951.0518   -0.648263722   1.54439166   5.37197691e-11   56   56   26   26   2.49413214e-11   0   0
11.7298281   1.01731745e+22   1.40000445   87709.1986   -0.648264897   1.54438606   5.29712015e-11   56   56   26   26   2.45937721e-11   0   0
11.7299063   1.00311891e+22   1.40000445   86484.7246   -0.648266073   1.54438046   5.22331097e-11   56   56   26   26   2.42510867e-11   0   0
11.7299844   9.89118907e+21   1.40000445   85277.3857   -0.648267248   1.54437486   5.15053467e-11   56   56   26   26   2.39131967e-11   0   0
11.7300625   9.75314662e+21   1.40000445   84086.9411   -0.648268423   1.54436926   5.07877673e-11   56   56   26   26   2.35800348e-11   0   0
11.7301406   9.61703429e+21   1.40000445   82913.1538   -0.648269598   1.54436366   5.00802286e-11   56   56   26   26   2.32515347e-11   0   0
11.7302188   9.48282502e+21   1.40000445   81755.7898   -0.648270773   1.54435806   4.93825897e-11   56   56   26   26   2.29276309e-11   0   0
11.7302969   9.35049213e+21   1.40000445   80614.6185   -0.648271949   1.54435246   4.86947114e-11   56   56   26   26   2.26082589e-11   0   0
11.730375   9.22000933e+21   1.40000445   79489.4127   -0.648273124   1.54434687   4.80164568e-11   56   56   26   26   2.22933549e-11   0   0
11.7304531   9.09135066e+21   1.40000445   78379.9481   -0.648274299   1.54434127   4.73476908e-11   56   56   26   26   2.19828564e-11   0   0
11.7305313   8.96449057e+21   1.40000445   77286.0039   -0.648275474   1.54433567   4.66882801e-11   56   56   26   26   2.16767015e-11   0   0
11.7306094   8.83940384e+21   1.40000445   76207.3622   -0.648276649   1.54433007   4.60380936e-11   56   56   26   26   2.13748292e-11   0   0
11.7306875   8.71606563e+21   1.40000445   75143.8082   -0.648277824   1.54432447   4.53970017e-11   56   56   26   26   2.10771794e-11   0   0
11.7307656   8.59445141e+21   1.40000445   74095.1302   -0.648278999   1.54431887   4.47648769e-11   56   56   26   26   2.07836928e-11   0   0
11.7308438   8.47453704e+21   1.40000445   73061.1196   -0.648280174   1.54431327   4.41415932e-11   56   56   26   26   2.04943111e-11   0   0
11.7309219   8.3562987e+21   1.40000445   72041.5704   -0.648281349   1.54430768   4.35270266e-11   56   56   26   26   2.02089766e-11   0   0
11.731   8.23971289e+21   1.40000445   71036.2797   -0.648282524   1.54430208   4.29210549e-11   56   56   26   26   1.99276326e-11   0   0
11.7310781   8.12475647e+21   1.40000445   70045.0476   -0.648283699   1.54429648   4.23235574e-11   56   56   26   26   1.96502231e-11   0   0
11.7311562   8.0114066e+21   1.40000445   69067.6769   -0.648284874   1.54429088   4.17344153e-11   56   56   26   26   1.93766928e-11   0   0
11.7312344   7.89964077e+21   1.40000445   68103.973   -0.648286049   1.54428529   4.11535114e-11   56   56   26   26   1.91069874e-11   0   0
11.7313125   7.78943681e+21   1.40000445   67153.7444   -0.648287224   1.54427969   4.05807301e-11   56   56   26   26   1.88410532e-11   0   0
11.7313906   7.68077282e+21   1.40000445   66216.8019   -0.648288399   1.54427409   4.00159574e-11   56   56   26   26   1.85788374e-11   0   0
11.7314687   7.57362723e+21   1.40000445   65292.9593   -0.648289574   1.54426849   3.94590812e-11   56   56   26   26   1.83202877e-11   0   0
11.7315469   7.46797878e+21   1.40000445   64382.0329   -0.648290749   1.5442629   3.89099906e-11   56   56   26   26   1.80653528e-11   0   0
11.731625   7.36380649e+21   1.40000445   63483.8416   -0.648291923   1.5442573   3.83685765e-11   56   56   26   26   1.7813982e-11   0   0
11.7317031   7.2610897e+21   1.40000445   62598.2067   -0.648293098   1.5442517   3.78347312e-11   56   56   26   26   1.75661252e-11   0   0
11.7317812   7.15980801e+21   1.40000445   61724.9523   -0.648294273   1.5442461   3.73083487e-11   56   56   26   26   1.73217333e-11   0   0
11.7318594   7.05994133e+21   1.40000445   60863.9048   -0.648295448   1.54424051   3.67893243e-11   56   56   26   26   1.70807577e-11   0   0
11.7319375   6.96146984e+21   1.40000445   60014.8931   -0.648296623   1.54423491   3.62775548e-11   56   56   26   26   1.68431504e-11   0   0
11.7320156   6.86437401e+21   1.40000445   59177.7483   -0.648297797   1.54422932   3.57729385e-11   56   56   26   26   1.66088643e-11   0   0
11.7320938   6.76863457e+21   1.40000445   58352.3043   -0.648298972   1.54422372   3.52753753e-11   56   56   26   26   1.63778528e-11   0   0
11.7321719   6.67423254e+21   1.40000445   57538.397   -0.648300147   1.54421812   3.47847661e-11   56   56   26   26   1.615007e-11   0   0
11.73225   6.58114918e+21   1.40000445   56735.8647   -0.648301322   1.54421253   3.43010136e-11   56   56   26   26   1.59254706e-11   0   0
11.7323281   6.48936604e+21   1.40000445   55944.548   -0.648302496   1.54420693   3.38240217e-11   56   56   26   26   1.57040101e-11   0   0
11.7324063   6.39886492e+21   1.40000445   55164.2898   -0.648303671   1.54420133   3.33536957e-11   56   56   26   26   1.54856444e-11   0   0
11.7324844   6.30962785e+21   1.40000445   54394.935   -0.648304846   1.54419574   3.28899421e-11   56   56   26   26   1.52703302e-11   0   0
11.7325625   6.22163716e+21   1.40000445   53636.3309   -0.64830602   1.54419014   3.24326688e-11   56   56   26   26   1.50580248e-11   0   0
11.7326406   6.1348754e+21   1.40000445   52888.3269   -0.648307195   1.54418455   3.1981785e-11   56   56   26   26   1.48486859e-11   0   0
11.7327188   6.04932536e+21   1.40000445   52150.7745   -0.648308369   1.54417895   3.15372013e-11   56   56   26   26   1.4642272e-11   0   0
11.7327969   5.96497008e+21   1.40000445   51423.5272   -0.648309544   1.54417336   3.10988293e-11   56   56   26   26   1.44387422e-11   0   0
11.732875   5.88179285e+21   1.40000445   50706.4407   -0.648310719   1.54416776   3.06665821e-11   56   56   26   26   1.4238056e-11   0   0
11.7329531   5.79977717e+21   1.40000445   49999.3726   -0.648311893   1.54416217   3.02403738e-11   56   56   26   26   1.40401736e-11   0   0
11.7330312   5.71890679e+21   1.40000445   49302.1827   -0.648313068   1.54415657   2.98201199e-11   56   56   26   26   1.38450557e-11   0   0
11.7331094   5.63916568e+21   1.40000445   48614.7325   -0.648314242   1.54415098   2.9405737e-11   56   56   26   26   1.36526636e-11   0   0
11.7331875   5.56053804e+21   1.40000445   47936.8857   -0.648315417   1.54414538   2.89971428e-11   56   56   26   26   1.34629592e-11   0   0
11.7332656   5.4830083e+21   1.40000445   47268.5078   -0.648316591   1.54413979   2.85942563e-11   56   56   26   26   1.32759047e-11   0   0
11.7333437   5.40656108e+21   1.40000445   46609.4662   -0.648317766   1.54413419   2.81969975e-11   56   56   26   26   1.30914631e-11   0   0
11.7334219   5.33118124e+21   1.40000445   45959.6301   -0.64831894   1.5441286   2.78052877e-11   56   56   26   26   1.29095978e-11   0   0
11.7335   5.25685385e+21   1.40000445   45318.8706   -0.648320114   1.544123   2.74190491e-11   56   56   26   26   1.27302728e-11   0   0
11.7335781   5.18356418e+21   1.40000445   44687.0607   -0.648321289   1.54411741   2.70382051e-11   56   56   26   26   1.25534524e-11   0   0
11.7336562   5.11129772e+21   1.40000445   44064.075   -0.648322463   1.54411182   2.66626802e-11   56   56   26   26   1.23791015e-11   0   0
11.7337344   5.04004015e+21   1.40000445   43449.79   -0.648323638   1.54410622   2.62924e-11   56   56   26   26   1.22071857e-11   0   0
11.7338125   4.96977735e+21   1.40000445   42844.084   -0.648324812   1.54410063   2.5927291e-11   56   56   26   26   1.20376708e-11   0   0
11.7338906   4.90049542e+21   1.40000445   42246.8367   -0.648325986   1.54409503   2.55672808e-11   56   56   26   26   1.18705232e-11   0   0
11.7339688   4.83218064e+21   1.40000445   41657.9298   -0.648327161   1.54408944   2.52122981e-11   56   56   26   26   1.17057098e-11   0   0
11.7340469   4.76481947e+21   1.40000445   41077.2466   -0.648328335   1.54408385   2.48622724e-11   56   56   26   26   1.15431979e-11   0   0
11.734125   4.69839858e+21   1.40000445   40504.6719   -0.648329509   1.54407825   2.45171344e-11   56   56   26   26   1.13829553e-11   0   0
11.7342031   4.63290481e+21   1.40000445   39940.0923   -0.648330683   1.54407266   2.41768157e-11   56   56   26   26   1.12249502e-11   0   0
11.7342813   4.56832521e+21   1.40000445   39383.3959   -0.648331858   1.54406707   2.38412489e-11   56   56   26   26   1.10691513e-11   0   0
11.7343594   4.50464698e+21   1.40000445   38834.4723   -0.648333032   1.54406147   2.35103673e-11   56   56   26   26   1.09155277e-11   0   0
11.7344375   4.44185753e+21   1.40000445   38293.2128   -0.648334206   1.54405588   2.31841056e-11   56   56   26   26   1.0764049e-11   0   0
11.7345156   4.37994441e+21   1.40000445   37759.5101   -0.64833538   1.54405029   2.2862399e-11   56   56   26   26   1.06146852e-11   0   0
11.7345938   4.31889539e+21   1.40000445   37233.2585   -0.648336554   1.5440447   2.25451837e-11   56   56   26   26   1.04674067e-11   0   0
11.7346719   4.25869837e+21   1.40000445   36714.3537   -0.648337729   1.5440391   2.2232397e-11   56   56   26   26   1.03221843e-11   0   0
11.73475   4.19934144e+21   1.40000445   36202.6929   -0.648338903   1.54403351   2.19239769e-11   56   56   26   26   1.01789893e-11   0   0
11.7348281   4.14081286e+21   1.40000445   35698.1749   -0.648340077   1.54402792   2.16198623e-11   56   56   26   26   1.00377932e-11   0   0
11.7349062   4.08310105e+21   1.40000445   35200.6996   -0.648341251   1.54402233   2.13199929e-11   56   56   26   26   9.89856813e-12   0   0
11.7349844   4.02619458e+21   1.40000445   34710.1685   -0.648342425   1.54401673   2.10243094e-11   56   56   26   26   9.7612865e-12   0   0
11.7350625   3.9700822e+21   1.40000445   34226.4845   -0.648343599   1.54401114   2.07327532e-11   56   56   26   26   9.62592112e-12   0   0
11.7351406   3.91475281e+21   1.40000445   33749.5519   -0.648344773   1.54400555   2.04452665e-11   56   56   26   26   9.49244518e-12   0   0
11.7352187   3.86019546e+21   1.40000445   33279.2761   -0.648345947   1.54399996   2.01617926e-11   56   56   26   26   9.36083226e-12   0   0
11.7352969   3.80639935e+21   1.40000445   32815.5641   -0.648347121   1.54399437   1.98822751e-11   56   56   26   26   9.2310563e-12   0   0
11.735375   3.75335385e+21   1.40000445   32358.324   -0.648348295   1.54398878   1.96066588e-11   56   56   26   26   9.1030916e-12   0   0
11.7354531   3.70104847e+21   1.40000445   31907.4654   -0.648349469   1.54398318   1.93348892e-11   56   56   26   26   8.97691283e-12   0   0
11.7355312   3.64947286e+21   1.40000445   31462.899   -0.648350643   1.54397759   1.90669123e-11   56   56   26   26   8.85249502e-12   0   0
11.7356094   3.59861681e+21   1.40000445   31024.5368   -0.648351817   1.543972   1.88026753e-11   56   56   26   26   8.72981354e-12   0   0
11.7356875   3.54847029e+21   1.40000445   30592.292   -0.648352991   1.54396641   1.85421258e-11   56   56   26   26   8.6088441e-12   0   0
11.7357656   3.49902335e+21   1.40000445   30166.0791   -0.648354165   1.54396082   1.82852121e-11   56   56   26   26   8.48956278e-12   0   0
11.7358438   3.45026624e+21   1.40000445   29745.8138   -0.648355339   1.54395523   1.80318836e-11   56   56   26   26   8.37194595e-12   0   0
11.7359219   3.40218931e+21   1.40000445   29331.4129   -0.648356513   1.54394964   1.778209e-11   56   56   26   26   8.25597036e-12   0   0
11.736   3.35478305e+21   1.40000445   28922.7944   -0.648357687   1.54394405   1.75357819e-11   56   56   26   26   8.14161304e-12   0   0
11.7360781   3.30803809e+21   1.40000445   28519.8774   -0.64835886   1.54393846   1.72929107e-11   56   56   26   26   8.02885139e-12   0   0
11.7361563   3.2619452e+21   1.40000445   28122.5823   -0.648360034   1.54393287   1.70534282e-11   56   56   26   26   7.91766307e-12   0   0
11.7362344   3.21649525e+21   1.40000445   27730.8304   -0.648361208   1.54392728   1.6817287e-11   56   56   26   26   7.80802611e-12   0   0
11.7363125   3.17167927e+21   1.40000445   27344.5442   -0.648362382   1.54392169   1.65844405e-11   56   56   26   26   7.69991881e-12   0   0
11.7363906   3.1274884e+21   1.40000445   26963.6475   -0.648363556   1.5439161   1.63548426e-11   56   56   26   26   7.59331979e-12   0   0
11.7364688   3.0839139e+21   1.40000445   26588.0647   -0.648364729   1.54391051   1.61284479e-11   56   56   26   26   7.48820797e-12   0   0
11.7365469   3.04094716e+21   1.40000445   26217.7216   -0.648365903   1.54390492   1.59052117e-11   56   56   26   26   7.38456255e-12   0   0
11.736625   2.99857969e+21   1.40000445   25852.545   -0.648367077   1.54389933   1.56850896e-11   56   56   26   26   7.28236305e-12   0   0
11.7367031   2.95680312e+21   1.40000445   25492.4627   -0.64836825   1.54389374   1.54680384e-11   56   56   26   26   7.18158925e-12   0   0
11.7367812   2.9156092e+21   1.40000445   25137.4035   -0.648369424   1.54388815   1.52540149e-11   56   56   26   26   7.08222122e-12   0   0
11.7368594   2.87498978e+21   1.40000445   24787.2972   -0.648370598   1.54388256   1.5042977e-11   56   56   26   26   6.98423931e-12   0   0
11.7369375   2.83493684e+21   1.40000445   24442.0745   -0.648371771   1.54387697   1.48348828e-11   56   56   26   26   6.88762417e-12   0   0
11.7370156   2.79544246e+21   1.40000445   24101.6672   -0.648372945   1.54387138   1.46296913e-11   56   56   26   26   6.79235668e-12   0   0
11.7370937   2.75649885e+21   1.40000445   23766.008   -0.648374119   1.54386579   1.44273619e-11   56   56   26   26   6.69841801e-12   0   0
11.7371719   2.71809831e+21   1.40000445   23435.0306   -0.648375292   1.5438602   1.42278545e-11   56   56   26   26   6.60578959e-12   0   0
11.73725   2.68023325e+21   1.40000445   23108.6695   -0.648376466   1.54385461   1.40311298e-11   56   56   26   26   6.51445312e-12   0   0
11.7373281   2.64289619e+21   1.40000445   22786.8603   -0.648377639   1.54384902   1.38371488e-11   56   56   26   26   6.42439053e-12   0   0
11.7374062   2.60607977e+21   1.40000445   22469.5393   -0.648378813   1.54384344   1.36458733e-11   56   56   26   26   6.33558405e-12   0   0
11.7374844   2.5697767e+21   1.40000445   22156.6438   -0.648379986   1.54383785   1.34572654e-11   56   56   26   26   6.2480161e-12   0   0
11.7375625   2.53397983e+21   1.40000445   21848.112   -0.64838116   1.54383226   1.32712879e-11   56   56   26   26   6.16166939e-12   0   0
11.7376406   2.49868207e+21   1.40000445   21543.8829   -0.648382333   1.54382667   1.3087904e-11   56   56   26   26   6.07652685e-12   0   0
11.7377188   2.46387647e+21   1.40000445   21243.8964   -0.648383507   1.54382108   1.29070774e-11   56   56   26   26   5.99257166e-12   0   0
11.7377969   2.42955614e+21   1.40000445   20948.0933   -0.64838468   1.54381549   1.27287725e-11   56   56   26   26   5.90978724e-12   0   0
11.737875   2.39571431e+21   1.40000445   20656.4151   -0.648385854   1.54380991   1.2552954e-11   56   56   26   26   5.82815723e-12   0   0
11.7379531   2.3623443e+21   1.40000445   20368.8042   -0.648387027   1.54380432   1.23795872e-11   56   56   26   26   5.7476655e-12   0   0
11.7380313   2.32943952e+21   1.40000445   20085.2037   -0.648388201   1.54379873   1.22086379e-11   56   56   26   26   5.66829616e-12   0   0
11.7381094   2.29699347e+21   1.40000445   19805.5577   -0.648389374   1.54379314   1.20400722e-11   56   56   26   26   5.59003351e-12   0   0
11.7381875   2.26499975e+21   1.40000445   19529.8109   -0.648390547   1.54378756   1.18738569e-11   56   56   26   26   5.51286212e-12   0   0
11.7382656   2.23345205e+21   1.40000445   19257.9088   -0.648391721   1.54378197   1.17099591e-11   56   56   26   26   5.43676672e-12   0   0
11.7383438   2.20234413e+21   1.40000445   18989.7978   -0.648392894   1.54377638   1.15483465e-11   56   56   26   26   5.3617323e-12   0   0
11.7384219   2.17166985e+21   1.40000445   18725.4249   -0.648394067   1.54377079   1.13889872e-11   56   56   26   26   5.28774404e-12   0   0
11.7385   2.14142316e+21   1.40000445   18464.7378   -0.648395241   1.54376521   1.12318496e-11   56   56   26   26   5.21478733e-12   0   0
11.7385781   2.1115981e+21   1.40000445   18207.6852   -0.648396414   1.54375962   1.10769028e-11   56   56   26   26   5.14284775e-12   0   0
11.7386563   2.08218877e+21   1.40000445   17954.2163   -0.648397587   1.54375403   1.09241162e-11   56   56   26   26   5.07191111e-12   0   0
11.7387344   2.05318937e+21   1.40000445   17704.281   -0.64839876   1.54374845   1.07734596e-11   56   56   26   26   5.0019634e-12   0   0
11.7388125   2.02459418e+21   1.40000445   17457.8299   -0.648399933   1.54374286   1.06249033e-11   56   56   26   26   4.93299081e-12   0   0
11.7388906   1.99639756e+21   1.40000445   17214.8145   -0.648401107   1.54373727   1.04784179e-11   56   56   26   26   4.86497972e-12   0   0
11.7389687   1.96859393e+21   1.40000445   16975.1867   -0.64840228   1.54373169   1.03339744e-11   56   56   26   26   4.79791671e-12   0   0
11.7390469   1.94117783e+21   1.40000445   16738.8992   -0.648403453   1.5437261   1.01915445e-11   56   56   26   26   4.73178853e-12   0   0
11.739125   1.91414383e+21   1.40000445   16505.9054   -0.648404626   1.54372052   1.00511e-11   56   56   26   26   4.66658215e-12   0   0
11.7392031   1.8874866e+21   1.40000445   16276.1594   -0.648405799   1.54371493   9.91261314e-12   56   56   26   26   4.60228467e-12   0   0
11.7392812   1.86120089e+21   1.40000445   16049.6157   -0.648406972   1.54370934   9.77605661e-12   56   56   26   26   4.53888343e-12   0   0
11.7393594   1.83528151e+21   1.40000445   15826.2297   -0.648408145   1.54370376   9.64140346e-12   56   56   26   26   4.47636589e-12   0   0
11.7394375   1.80972334e+21   1.40000445   15605.9572   -0.648409319   1.54369817   9.50862712e-12   56   56   26   26   4.41471973e-12   0   0
11.7395156   1.78452135e+21   1.40000445   15388.7549   -0.648410492   1.54369259   9.37770138e-12   56   56   26   26   4.35393278e-12   0   0
11.7395937   1.75967056e+21   1.40000445   15174.5798   -0.648411665   1.543687   9.24860041e-12   56   56   26   26   4.29399305e-12   0   0
11.7396719   1.73516608e+21   1.40000445   14963.3897   -0.648412838   1.54368142   9.12129874e-12   56   56   26   26   4.2348887e-12   0   0
11.73975   1.71100306e+21   1.40000445   14755.1429   -0.648414011   1.54367583   8.99577126e-12   56   56   26   26   4.17660808e-12   0   0
11.7398281   1.68717675e+21   1.40000445   14549.7983   -0.648415184   1.54367025   8.87199318e-12   56   56   26   26   4.11913969e-12   0   0
11.7399063   1.66368244e+21   1.40000445   14347.3155   -0.648416357   1.54366466   8.7499401e-12   56   56   26   26   4.06247219e-12   0   0
11.7399844   1.6405155e+21   1.40000445   14147.6544   -0.64841753   1.54365908   8.62958794e-12   56   56   26   26   4.0065944e-12   0   0
11.7400625   1.61767137e+21   1.40000445   13950.7758   -0.648418702   1.54365349   8.51091295e-12   56   56   26   26   3.9514953e-12   0   0
11.7401406   1.59514554e+21   1.40000445   13756.6407   -0.648419875   1.54364791   8.39389173e-12   56   56   26   26   3.89716402e-12   0   0
11.7402188   1.57293357e+21   1.40000445   13565.2108   -0.648421048   1.54364232   8.2785012e-12   56   56   26   26   3.84358984e-12   0   0
11.7402969   1.55103107e+21   1.40000445   13376.4484   -0.648422221   1.54363674   8.16471858e-12   56   56   26   26   3.7907622e-12   0   0
11.740375   1.52943374e+21   1.40000445   13190.3164   -0.648423394   1.54363116   8.05252146e-12   56   56   26   26   3.73867068e-12   0   0
11.7404531   1.50813731e+21   1.40000445   13006.7779   -0.648424567   1.54362557   7.94188769e-12   56   56   26   26   3.687305e-12   0   0
11.7405313   1.48713758e+21   1.40000445   12825.7967   -0.64842574   1.54361999   7.83279546e-12   56   56   26   26   3.63665503e-12   0   0
11.7406094   1.46643042e+21   1.40000445   12647.3373   -0.648426913   1.5436144   7.72522326e-12   56   56   26   26   3.5867108e-12   0   0
11.7406875   1.44601174e+21   1.40000445   12471.3643   -0.648428085   1.54360882   7.61914987e-12   56   56   26   26   3.53746244e-12   0   0
11.7407656   1.42587752e+21   1.40000445   12297.8432   -0.648429258   1.54360324   7.51455439e-12   56   56   26   26   3.48890025e-12   0   0
11.7408437   1.40602378e+21   1.40000445   12126.7396   -0.648430431   1.54359765   7.41141618e-12   56   56   26   26   3.44101465e-12   0   0
11.7409219   1.38644663e+21   1.40000445   11958.0199   -0.648431604   1.54359207   7.30971491e-12   56   56   26   26   3.39379621e-12   0   0
11.741   1.36714219e+21   1.40000445   11791.6508   -0.648432776   1.54358649   7.20943054e-12   56   56   26   26   3.34723561e-12   0   0
11.7410781   1.34810667e+21   1.40000445   11627.5994   -0.648433949   1.5435809   7.11054329e-12   56   56   26   26   3.30132367e-12   0   0
11.7411562   1.32933631e+21   1.40000445   11465.8335   -0.648435122   1.54357532   7.01303367e-12   56   56   26   26   3.25605135e-12   0   0
11.7412344   1.31082741e+21   1.40000445   11306.3212   -0.648436294   1.54356974   6.91688246e-12   56   56   26   26   3.21140971e-12   0   0
11.7413125   1.29257633e+21   1.40000445   11149.031   -0.648437467   1.54356415   6.8220707e-12   56   56   26   26   3.16738997e-12   0   0
11.7413906   1.27457947e+21   1.40000445   10993.9319   -0.64843864   1.54355857   6.72857971e-12   56   56   26   26   3.12398344e-12   0   0
11.7414687   1.25683328e+21   1.40000445   10840.9934   -0.648439812   1.54355299   6.63639106e-12   56   56   26   26   3.08118156e-12   0   0
11.7415469   1.23933427e+21   1.40000445   10690.1852   -0.648440985   1.54354741   6.54548659e-12   56   56   26   26   3.03897592e-12   0   0
11.741625   1.222079e+21   1.40000445   10541.4778   -0.648442157   1.54354182   6.45584837e-12   56   56   26   26   2.99735817e-12   0   0
11.7417031   1.20506405e+21   1.40000445   10394.8417   -0.64844333   1.54353624   6.36745875e-12   56   56   26   26   2.95632013e-12   0   0
11.7417813   1.18828608e+21   1.40000445   10250.2482   -0.648444502   1.54353066   6.2803003e-12   56   56   26   26   2.91585371e-12   0   0
11.7418594   1.17174178e+21   1.40000445   10107.6686   -0.648445675   1.54352508   6.19435586e-12   56   56   26   26   2.87595093e-12   0   0
11.7419375   1.1554279e+21   1.40000445   9967.07493   -0.648446848   1.5435195   6.10960848e-12   56   56   26   26   2.83660394e-12   0   0
11.7420156   1.13934122e+21   1.40000445   9828.43946   -0.64844802   1.54351391   6.02604147e-12   56   56   26   26   2.79780497e-12   0   0
11.7420938   1.12347858e+21   1.40000445   9691.73488   -0.648449192   1.54350833   5.94363836e-12   56   56   26   26   2.75954638e-12   0   0
11.7421719   1.10783684e+21   1.40000445   9556.93426   -0.648450365   1.54350275   5.86238293e-12   56   56   26   26   2.72182065e-12   0   0
11.74225   1.09241293e+21   1.40000445   9424.01103   -0.648451537   1.54349717   5.78225916e-12   56   56   26   26   2.68462033e-12   0   0
11.7423281   1.07720381e+21   1.40000445   9292.93902   -0.64845271   1.54349159   5.70325127e-12   56   56   26   26   2.64793809e-12   0   0
11.7424063   1.06220648e+21   1.40000445   9163.69241   -0.648453882   1.54348601   5.6253437e-12   56   56   26   26   2.61176672e-12   0   0
11.7424844   1.047418e+21   1.40000445   9036.24573   -0.648455055   1.54348043   5.5485211e-12   56   56   26   26   2.57609908e-12   0   0
11.7425625   1.03283545e+21   1.40000445   8910.57389   -0.648456227   1.54347484   5.47276833e-12   56   56   26   26   2.54092816e-12   0   0
11.7426406   1.01845595e+21   1.40000445   8786.65213   -0.648457399   1.54346926   5.39807049e-12   56   56   26   26   2.50624701e-12   0   0
11.7427187   1.00427668e+21   1.40000445   8664.45605   -0.648458572   1.54346368   5.32441285e-12   56   56   26   26   2.47204882e-12   0   0
11.7427969   9.90294843e+20   1.40000445   8543.96158   -0.648459744   1.5434581   5.25178092e-12   56   56   26   26   2.43832685e-12   0   0
11.742875   9.7650769e+20   1.40000445   8425.14499   -0.648460916   1.54345252   5.18016038e-12   56   56   26   26   2.40507446e-12   0   0
11.7429531   9.62912504e+20   1.40000445   8307.98289   -0.648462088   1.54344694   5.10953713e-12   56   56   26   26   2.3722851e-12   0   0
11.7430312   9.49506609e+20   1.40000445   8192.45219   -0.648463261   1.54344136   5.03989728e-12   56   56   26   26   2.33995231e-12   0   0
11.7431094   9.36287366e+20   1.40000445   8078.53017   -0.648464433   1.54343578   4.97122709e-12   56   56   26   26   2.30806972e-12   0   0
11.7431875   9.23252173e+20   1.40000445   7966.19437   -0.648465605   1.5434302   4.90351306e-12   56   56   26   26   2.27663107e-12   0   0
11.7432656   9.10398463e+20   1.40000445   7855.4227   -0.648466777   1.54342462   4.83674186e-12   56   56   26   26   2.24563015e-12   0   0
11.7433437   8.97723707e+20   1.40000445   7746.19333   -0.64846795   1.54341904   4.77090032e-12   56   56   26   26   2.21506086e-12   0   0
11.7434219   8.8522541e+20   1.40000445   7638.48476   -0.648469122   1.54341346   4.70597551e-12   56   56   26   26   2.1849172e-12   0   0
11.7435   8.72901112e+20   1.40000445   7532.27579   -0.648470294   1.54340788   4.64195462e-12   56   56   26   26   2.15519322e-12   0   0
11.7435781   8.60748387e+20   1.40000445   7427.54552   -0.648471466   1.5434023   4.57882506e-12   56   56   26   26   2.12588306e-12   0   0
11.7436563   8.48764844e+20   1.40000445   7324.27332   -0.648472638   1.54339672   4.51657441e-12   56   56   26   26   2.09698097e-12   0   0
11.7437344   8.36948124e+20   1.40000445   7222.43886   -0.64847381   1.54339114   4.4551904e-12   56   56   26   26   2.06848126e-12   0   0
11.7438125   8.25295901e+20   1.40000445   7122.02212   -0.648474982   1.54338556   4.39466096e-12   56   56   26   26   2.0403783e-12   0   0
11.7438906   8.13805884e+20   1.40000445   7023.00331   -0.648476154   1.54337999   4.33497418e-12   56   56   26   26   2.01266658e-12   0   0
11.7439688   8.0247581e+20   1.40000445   6925.36295   -0.648477326   1.54337441   4.2761183e-12   56   56   26   26   1.98534064e-12   0   0
11.7440469   7.91303451e+20   1.40000445   6829.08183   -0.648478498   1.54336883   4.21808174e-12   56   56   26   26   1.95839509e-12   0   0
11.744125   7.80286607e+20   1.40000445   6734.141   -0.64847967   1.54336325   4.16085309e-12   56   56   26   26   1.93182465e-12   0   0
11.7442031   7.69423113e+20   1.40000445   6640.52177   -0.648480842   1.54335767   4.10442107e-12   56   56   26   26   1.90562407e-12   0   0
11.7442813   7.58710829e+20   1.40000445   6548.20572   -0.648482014   1.54335209   4.04877459e-12   56   56   26   26   1.8797882e-12   0   0
11.7443594   7.4814765e+20   1.40000445   6457.17469   -0.648483186   1.54334651   3.9939027e-12   56   56   26   26   1.85431197e-12   0   0
11.7444375   7.37731496e+20   1.40000445   6367.41076   -0.648484358   1.54334094   3.93979459e-12   56   56   26   26   1.82919035e-12   0   0
11.7445156   7.27460318e+20   1.40000445   6278.89628   -0.64848553   1.54333536   3.88643963e-12   56   56   26   26   1.8044184e-12   0   0
11.7445937   7.17332097e+20   1.40000445   6191.61383   -0.648486702   1.54332978   3.83382731e-12   56   56   26   26   1.77999125e-12   0   0
11.7446719   7.07344839e+20   1.40000445   6105.54623   -0.648487874   1.5433242   3.78194729e-12   56   56   26   26   1.7559041e-12   0   0
11.74475   6.97496581e+20   1.40000445   6020.67656   -0.648489046   1.54331862   3.73078935e-12   56   56   26   26   1.7321522e-12   0   0
11.7448281   6.87785385e+20   1.40000445   5936.98811   -0.648490218   1.54331305   3.68034344e-12   56   56   26   26   1.70873088e-12   0   0
11.7449062   6.78209341e+20   1.40000445   5854.46444   -0.64849139   1.54330747   3.63059963e-12   56   56   26   26   1.68563554e-12   0   0
11.7449844   6.68766566e+20   1.40000445   5773.08929   -0.648492561   1.54330189   3.58154813e-12   56   56   26   26   1.66286163e-12   0   0
11.7450625   6.59455202e+20   1.40000445   5692.84667   -0.648493733   1.54329631   3.5331793e-12   56   56   26   26   1.64040467e-12   0   0
11.7451406   6.50273419e+20   1.40000445   5613.7208   -0.648494905   1.54329074   3.48548362e-12   56   56   26   26   1.61826025e-12   0   0
11.7452187   6.41219411e+20   1.40000445   5535.69611   -0.648496077   1.54328516   3.43845172e-12   56   56   26   26   1.59642401e-12   0   0
11.7452969   6.32291398e+20   1.40000445   5458.75725   -0.648497248   1.54327958   3.39207434e-12   56   56   26   26   1.57489166e-12   0   0
11.745375   6.23487623e+20   1.40000445   5382.88909   -0.64849842   1.54327401   3.34634236e-12   56   56   26   26   1.55365895e-12   0   0
11.7454531   6.14806356e+20   1.40000445   5308.07672   -0.648499592   1.54326843   3.30124678e-12   56   56   26   26   1.53272172e-12   0   0
11.7455313   6.0624589e+20   1.40000445   5234.30542   -0.648500764   1.54326285   3.25677875e-12   56   56   26   26   1.51207585e-12   0   0
11.7456094   5.97804542e+20   1.40000445   5161.56069   -0.648501935   1.54325728   3.21292951e-12   56   56   26   26   1.49171727e-12   0   0
11.7456875   5.89480651e+20   1.40000445   5089.82822   -0.648503107   1.5432517   3.16969045e-12   56   56   26   26   1.47164199e-12   0   0
11.7457656   5.81272583e+20   1.40000445   5019.0939   -0.648504279   1.54324612   3.12705305e-12   56   56   26   26   1.45184606e-12   0   0
11.7458438   5.73178722e+20   1.40000445   4949.34383   -0.64850545   1.54324055   3.08500895e-12   56   56   26   26   1.43232558e-12   0   0
11.7459219   5.65197478e+20   1.40000445   4880.5643   -0.648506622   1.54323497   3.04354986e-12   56   56   26   26   1.41307672e-12   0   0
11.746   5.57327282e+20   1.40000445   4812.74178   -0.648507793   1.54322939   3.00266765e-12   56   56   26   26   1.39409569e-12   0   0
11.7460781   5.49566586e+20   1.40000445   4745.86293   -0.648508965   1.54322382   2.96235426e-12   56   56   26   26   1.37537877e-12   0   0
11.7461563   5.41913866e+20   1.40000445   4679.91462   -0.648510137   1.54321824   2.92260179e-12   56   56   26   26   1.35692226e-12   0   0
11.7462344   5.34367618e+20   1.40000445   4614.88388   -0.648511308   1.54321267   2.88340241e-12   56   56   26   26   1.33872255e-12   0   0
11.7463125   5.26926357e+20   1.40000445   4550.75792   -0.64851248   1.54320709   2.84474842e-12   56   56   26   26   1.32077605e-12   0   0
11.7463906   5.19588621e+20   1.40000445   4487.52413   -0.648513651   1.54320152   2.80663221e-12   56   56   26   26   1.30307924e-12   0   0
11.7464688   5.12352969e+20   1.40000445   4425.1701   -0.648514823   1.54319594   2.7690463e-12   56   56   26   26   1.28562864e-12   0   0
11.7465469   5.05217978e+20   1.40000445   4363.68356   -0.648515994   1.54319037   2.73198331e-12   56   56   26   26   1.26842082e-12   0   0
11.746625   4.98182246e+20   1.40000445   4303.05243   -0.648517165   1.54318479   2.69543593e-12   56   56   26   26   1.2514524e-12   0   0
11.7467031   4.91244391e+20   1.40000445   4243.26479   -0.648518337   1.54317922   2.65939701e-12   56   56   26   26   1.23472004e-12   0   0
11.7467812   4.84403048e+20   1.40000445   4184.3089   -0.648519508   1.54317364   2.62385944e-12   56   56   26   26   1.21822045e-12   0   0
11.7468594   4.77656875e+20   1.40000445   4126.17316   -0.64852068   1.54316807   2.58881624e-12   56   56   26   26   1.2019504e-12   0   0
11.7469375   4.71004545e+20   1.40000445   4068.84615   -0.648521851   1.54316249   2.55426054e-12   56   56   26   26   1.18590668e-12   0   0
11.7470156   4.64444751e+20   1.40000445   4012.31662   -0.648523022   1.54315692   2.52018554e-12   56   56   26   26   1.17008614e-12   0   0
11.7470937   4.57976205e+20   1.40000445   3956.57344   -0.648524194   1.54315134   2.48658453e-12   56   56   26   26   1.15448568e-12   0   0
11.7471719   4.51597635e+20   1.40000445   3901.60567   -0.648525365   1.54314577   2.45345094e-12   56   56   26   26   1.13910222e-12   0   0
11.74725   4.45307789e+20   1.40000445   3847.4025   -0.648526536   1.5431402   2.42077823e-12   56   56   26   26   1.12393275e-12   0   0
11.7473281   4.3910543e+20   1.40000445   3793.95329   -0.648527708   1.54313462   2.38855999e-12   56   56   26   26   1.10897428e-12   0   0
11.7474062   4.32989341e+20   1.40000445   3741.24754   -0.648528879   1.54312905   2.3567899e-12   56   56   26   26   1.09422388e-12   0   0
11.7474844   4.26958319e+20   1.40000445   3689.27489   -0.64853005   1.54312347   2.3254617e-12   56   56   26   26   1.07967865e-12   0   0
11.7475625   4.21011181e+20   1.40000445   3638.02513   -0.648531221   1.5431179   2.29456926e-12   56   56   26   26   1.06533573e-12   0   0
11.7476406   4.15146758e+20   1.40000445   3587.4882   -0.648532393   1.54311233   2.26410649e-12   56   56   26   26   1.0511923e-12   0   0
11.7477188   4.09363897e+20   1.40000445   3537.65416   -0.648533564   1.54310675   2.23406741e-12   56   56   26   26   1.03724558e-12   0   0
11.7477969   4.03661465e+20   1.40000445   3488.51322   -0.648534735   1.54310118   2.20444613e-12   56   56   26   26   1.02349284e-12   0   0
11.747875   3.98038339e+20   1.40000445   3440.05575   -0.648535906   1.54309561   2.17523682e-12   56   56   26   26   1.00993138e-12   0   0
11.7479531   3.92493416e+20   1.40000445   3392.27221   -0.648537077   1.54309003   2.14643375e-12   56   56   26   26   9.96558526e-13   0   0
11.7480313   3.87025608e+20   1.40000445   3345.15322   -0.648538248   1.54308446   2.11803126e-12   56   56   26   26   9.83371655e-13   0   0
11.7481094   3.81633839e+20   1.40000445   3298.68953   -0.648539419   1.54307889   2.09002377e-12   56   56   26   26   9.70368178e-13   0   0
11.7481875   3.76317052e+20   1.40000445   3252.87201   -0.648540591   1.54307331   2.06240578e-12   56   56   26   26   9.57545541e-13   0   0
11.7482656   3.71074203e+20   1.40000445   3207.69167   -0.648541762   1.54306774   2.03517187e-12   56   56   26   26   9.44901225e-13   0   0
11.7483438   3.65904261e+20   1.40000445   3163.13963   -0.648542933   1.54306217   2.00831669e-12   56   56   26   26   9.32432749e-13   0   0
11.7484219   3.60806212e+20   1.40000445   3119.20715   -0.648544104   1.5430566   1.98183497e-12   56   56   26   26   9.20137663e-13   0   0
11.7485   3.55779055e+20   1.40000445   3075.88559   -0.648545275   1.54305102   1.9557215e-12   56   56   26   26   9.08013553e-13   0   0
11.7485781   3.50821802e+20   1.40000445   3033.16646   -0.648546446   1.54304545   1.92997116e-12   56   56   26   26   8.96058039e-13   0   0
11.7486562   3.45933481e+20   1.40000445   2991.04135   -0.648547617   1.54303988   1.90457889e-12   56   56   26   26   8.84268773e-13   0   0
11.7487344   3.41113132e+20   1.40000445   2949.50201   -0.648548788   1.54303431   1.87953972e-12   56   56   26   26   8.72643439e-13   0   0
11.7488125   3.36359808e+20   1.40000445   2908.54028   -0.648549959   1.54302874   1.85484871e-12   56   56   26   26   8.61179757e-13   0   0
11.7488906   3.31672577e+20   1.40000445   2868.14811   -0.64855113   1.54302317   1.83050102e-12   56   56   26   26   8.49875475e-13   0   0
11.7489687   3.27050518e+20   1.40000445   2828.31757   -0.6485523   1.54301759   1.80649188e-12   56   56   26   26   8.38728374e-13   0   0
11.7490469   3.22492723e+20   1.40000445   2789.04085   -0.648553471   1.54301202   1.78281657e-12   56   56   26   26   8.27736266e-13   0   0
11.749125   3.17998299e+20   1.40000445   2750.31024   -0.648554642   1.54300645   1.75947044e-12   56   56   26   26   8.16896992e-13   0   0
11.7492031   3.13566363e+20   1.40000445   2712.11813   -0.648555813   1.54300088   1.73644892e-12   56   56   26   26   8.06208426e-13   0   0
11.7492812   3.09196045e+20   1.40000445   2674.45702   -0.648556984   1.54299531   1.71374747e-12   56   56   26   26   7.95668468e-13   0   0
11.7493594   3.04886488e+20   1.40000445   2637.31953   -0.648558155   1.54298974   1.69136165e-12   56   56   26   26   7.85275052e-13   0   0
11.7494375   3.00636845e+20   1.40000445   2600.69837   -0.648559326   1.54298417   1.66928706e-12   56   56   26   26   7.75026135e-13   0   0
11.7495156   2.96446283e+20   1.40000445   2564.58634   -0.648560496   1.5429786   1.64751937e-12   56   56   26   26   7.64919707e-13   0   0
11.7495938   2.92313979e+20   1.40000445   2528.97636   -0.648561667   1.54297302   1.62605431e-12   56   56   26   26   7.54953785e-13   0   0
11.7496719   2.88239123e+20   1.40000445   2493.86145   -0.648562838   1.54296745   1.60488766e-12   56   56   26   26   7.45126412e-13   0   0
11.74975   2.84220914e+20   1.40000445   2459.2347   -0.648564009   1.54296188   1.58401527e-12   56   56   26   26   7.35435659e-13   0   0
11.7498281   2.80258565e+20   1.40000445   2425.08933   -0.648565179   1.54295631   1.56343304e-12   56   56   26   26   7.25879626e-13   0   0
11.7499063   2.76351297e+20   1.40000445   2391.41863   -0.64856635   1.54295074   1.54313694e-12   56   56   26   26   7.16456437e-13   0   0
11.7499844   2.72498344e+20   1.40000445   2358.216   -0.648567521   1.54294517   1.52312299e-12   56   56   26   26   7.07164243e-13   0   0
11.7500625   2.6869895e+20   1.40000445   2325.47493   -0.648568691   1.5429396   1.50338724e-12   56   56   26   26   6.98001221e-13   0   0
11.7501406   2.6495237e+20   1.40000445   2293.18898   -0.648569862   1.54293403   1.48392585e-12   56   56   26   26   6.88965572e-13   0   0
11.7502188   2.61257869e+20   1.40000445   2261.35182   -0.648571033   1.54292846   1.46473498e-12   56   56   26   26   6.80055524e-13   0   0
11.7502969   2.57614722e+20   1.40000445   2229.95722   -0.648572203   1.54292289   1.44581086e-12   56   56   26   26   6.71269329e-13   0   0
11.750375   2.54022213e+20   1.40000445   2198.999   -0.648573374   1.54291732   1.4271498e-12   56   56   26   26   6.62605263e-13   0   0
11.7504531   2.50479639e+20   1.40000445   2168.4711   -0.648574544   1.54291176   1.40874812e-12   56   56   26   26   6.54061626e-13   0   0
11.7505312   2.46986305e+20   1.40000445   2138.36752   -0.648575715   1.54290619   1.39060222e-12   56   56   26   26   6.45636743e-13   0   0
11.7506094   2.43541525e+20   1.40000445   2108.68236   -0.648576886   1.54290062   1.37270853e-12   56   56   26   26   6.3732896e-13   0   0
11.7506875   2.40144623e+20   1.40000445   2079.40981   -0.648578056   1.54289505   1.35506355e-12   56   56   26   26   6.29136648e-13   0   0
11.7507656   2.36794934e+20   1.40000445   2050.5441   -0.648579227   1.54288948   1.33766382e-12   56   56   26   26   6.210582e-13   0   0
11.7508437   2.334918e+20   1.40000445   2022.07959   -0.648580397   1.54288391   1.32050591e-12   56   56   26   26   6.13092032e-13   0   0
11.7509219   2.30234573e+20   1.40000445   1994.0107   -0.648581568   1.54287834   1.30358648e-12   56   56   26   26   6.0523658e-13   0   0
11.751   2.27022615e+20   1.40000445   1966.3319   -0.648582738   1.54287277   1.2869022e-12   56   56   26   26   5.97490305e-13   0   0
11.7510781   2.23855295e+20   1.40000445   1939.03779   -0.648583908   1.5428672   1.27044979e-12   56   56   26   26   5.89851687e-13   0   0
11.7511562   2.20731994e+20   1.40000445   1912.123   -0.648585079   1.54286164   1.25422603e-12   56   56   26   26   5.82319227e-13   0   0
11.7512344   2.17652097e+20   1.40000445   1885.58225   -0.648586249   1.54285607   1.23822774e-12   56   56   26   26   5.7489145e-13   0   0
11.7513125   2.14615001e+20   1.40000445   1859.41035   -0.64858742   1.5428505   1.22245178e-12   56   56   26   26   5.67566897e-13   0   0
11.7513906   2.11620111e+20   1.40000445   1833.60216   -0.64858859   1.54284493   1.20689506e-12   56   56   26   26   5.60344133e-13   0   0
11.7514688   2.0866684e+20   1.40000445   1808.15261   -0.64858976   1.54283936   1.19155452e-12   56   56   26   26   5.53221742e-13   0   0
11.7515469   2.05754608e+20   1.40000445   1783.05673   -0.648590931   1.5428338   1.17642717e-12   56   56   26   26   5.46198327e-13   0   0
11.751625   2.02882844e+20   1.40000445   1758.30958   -0.648592101   1.54282823   1.16151002e-12   56   56   26   26   5.3927251e-13   0   0
11.7517031   2.00050985e+20   1.40000445   1733.90631   -0.648593271   1.54282266   1.14680017e-12   56   56   26   26   5.32442935e-13   0   0
11.7517813   1.97258477e+20   1.40000445   1709.84215   -0.648594442   1.54281709   1.13229472e-12   56   56   26   26   5.25708261e-13   0   0
11.7518594   1.94504771e+20   1.40000445   1686.11237   -0.648595612   1.54281152   1.11799082e-12   56   56   26   26   5.19067169e-13   0   0
11.7519375   1.91789328e+20   1.40000445   1662.71232   -0.648596782   1.54280596   1.10388569e-12   56   56   26   26   5.12518356e-13   0   0
11.7520156   1.89111615e+20   1.40000445   1639.63741   -0.648597952   1.54280039   1.08997654e-12   56   56   26   26   5.06060539e-13   0   0
11.7520938   1.86471108e+20   1.40000445   1616.88313   -0.648599122   1.54279482   1.07626066e-12   56   56   26   26   4.99692451e-13   0   0
11.7521719   1.83867289e+20   1.40000445   1594.445   -0.648600293   1.54278926   1.06273536e-12   56   56   26   26   4.93412845e-13   0   0
11.75225   1.81299648e+20   1.40000445   1572.31863   -0.648601463   1.54278369   1.04939798e-12   56   56   26   26   4.8722049e-13   0   0
11.7523281   1.78767681e+20   1.40000445   1550.49969   -0.648602633   1.54277812   1.03624591e-12   56   56   26   26   4.81114171e-13   0   0
11.7524062   1.76270892e+20   1.40000445   1528.9839   -0.648603803   1.54277256   1.02327657e-12   56   56   26   26   4.75092693e-13   0   0
11.7524844   1.73808792e+20   1.40000445   1507.76704   -0.648604973   1.54276699   1.01048742e-12   56   56   26   26   4.69154873e-13   0   0
11.7525625   1.71380898e+20   1.40000445   1486.84495   -0.648606143   1.54276142   9.97875954e-13   56   56   26   26   4.6329955e-13   0   0
11.7526406   1.68986735e+20   1.40000445   1466.21353   -0.648607313   1.54275586   9.85439701e-13   56   56   26   26   4.57525575e-13   0   0
11.7527187   1.66625833e+20   1.40000445   1445.86874   -0.648608483   1.54275029   9.73176222e-13   56   56   26   26   4.51831817e-13   0   0
11.7527969   1.64297729e+20   1.40000445   1425.80659   -0.648609654   1.54274473   9.61083114e-13   56   56   26   26   4.4621716e-13   0   0
11.752875   1.62001968e+20   1.40000445   1406.02315   -0.648610824   1.54273916   9.49158008e-13   56   56   26   26   4.40680503e-13   0   0
11.7529531   1.59738099e+20   1.40000445   1386.51454   -0.648611994   1.54273359   9.37398566e-13   56   56   26   26   4.35220763e-13   0   0
11.7530312   1.5750568e+20   1.40000445   1367.27695   -0.648613164   1.54272803   9.25802485e-13   56   56   26   26   4.29836868e-13   0   0
11.7531094   1.55304271e+20   1.40000445   1348.3066   -0.648614334   1.54272246   9.14367492e-13   56   56   26   26   4.24527764e-13   0   0
11.7531875   1.53133443e+20   1.40000445   1329.59977   -0.648615503   1.5427169   9.03091347e-13   56   56   26   26   4.19292411e-13   0   0
11.7532656   1.5099277e+20   1.40000445   1311.1528   -0.648616673   1.54271133   8.9197184e-13   56   56   26   26   4.14129783e-13   0   0
11.7533438   1.48881833e+20   1.40000445   1292.96207   -0.648617843   1.54270577   8.81006794e-13   56   56   26   26   4.09038868e-13   0   0
11.7534219   1.46800217e+20   1.40000445   1275.02403   -0.648619013   1.5427002   8.70194058e-13   56   56   26   26   4.0401867e-13   0   0
11.7535   1.44747516e+20   1.40000445   1257.33515   -0.648620183   1.54269464   8.59531517e-13   56   56   26   26   3.99068204e-13   0   0
11.7535781   1.42723327e+20   1.40000445   1239.89197   -0.648621353   1.54268907   8.49017079e-13   56   56   26   26   3.94186501e-13   0   0
11.7536563   1.40727253e+20   1.40000445   1222.69108   -0.648622523   1.54268351   8.38648687e-13   56   56   26   26   3.89372605e-13   0   0
11.7537344   1.38758904e+20   1.40000445   1205.72911   -0.648623693   1.54267794   8.28424309e-13   56   56   26   26   3.84625572e-13   0   0
11.7538125   1.36817893e+20   1.40000445   1189.00272   -0.648624863   1.54267238   8.18341941e-13   56   56   26   26   3.79944473e-13   0   0
11.7538906   1.34903842e+20   1.40000445   1172.50866   -0.648626032   1.54266681   8.0839961e-13   56   56   26   26   3.7532839e-13   0   0
11.7539688   1.33016374e+20   1.40000445   1156.24367   -0.648627202   1.54266125   7.98595367e-13   56   56   26   26   3.7077642e-13   0   0
11.7540469   1.31155121e+20   1.40000445   1140.20459   -0.648628372   1.54265569   7.88927293e-13   56   56   26   26   3.66287672e-13   0   0
11.754125   1.29319718e+20   1.40000445   1124.38827   -0.648629542   1.54265012   7.79393494e-13   56   56   26   26   3.61861265e-13   0   0
11.7542031   1.27509805e+20   1.40000445   1108.79161   -0.648630711   1.54264456   7.69992103e-13   56   56   26   26   3.57496333e-13   0   0
11.7542813   1.25725027e+20   1.40000445   1093.41155   -0.648631881   1.54263899   7.60721278e-13   56   56   26   26   3.53192022e-13   0   0
11.7543594   1.23965036e+20   1.40000445   1078.24509   -0.648633051   1.54263343   7.51579205e-13   56   56   26   26   3.48947488e-13   0   0
11.7544375   1.22229487e+20   1.40000445   1063.28926   -0.64863422   1.54262787   7.42564093e-13   56   56   26   26   3.447619e-13   0   0
11.7545156   1.2051804e+20   1.40000445   1048.54112   -0.64863539   1.5426223   7.33674176e-13   56   56   26   26   3.40634439e-13   0   0
11.7545937   1.18830359e+20   1.40000445   1033.99779   -0.64863656   1.54261674   7.24907714e-13   56   56   26   26   3.36564296e-13   0   0
11.7546719   1.17166115e+20   1.40000445   1019.65642   -0.648637729   1.54261118   7.1626299e-13   56   56   26   26   3.32550674e-13   0   0
11.75475   1.15524981e+20   1.40000445   1005.5142   -0.648638899   1.54260561   7.07738312e-13   56   56   26   26   3.28592788e-13   0   0
11.7548281   1.13906637e+20   1.40000445   991.568368   -0.648640069   1.54260005   6.99332011e-13   56   56   26   26   3.24689862e-13   0   0
11.7549062   1.12310764e+20   1.40000445   977.816188   -0.648641238   1.54259449   6.91042441e-13   56   56   26   26   3.20841133e-13   0   0
11.7549844   1.10737052e+20   1.40000445   964.254968   -0.648642408   1.54258892   6.82867978e-13   56   56   26   26   3.17045847e-13   0   0
11.7550625   1.09185191e+20   1.40000445   950.882055   -0.648643577   1.54258336   6.74807023e-13   56   56   26   26   3.13303261e-13   0   0
11.7551406   1.07654878e+20   1.40000445   937.694831   -0.648644747   1.5425778   6.66857998e-13   56   56   26   26   3.09612642e-13   0   0
11.7552187   1.06145814e+20   1.40000445   924.690712   -0.648645916   1.54257224   6.59019346e-13   56   56   26   26   3.05973268e-13   0   0
11.7552969   1.04657703e+20   1.40000445   911.867155   -0.648647086   1.54256667   6.51289533e-13   56   56   26   26   3.02384426e-13   0   0
11.755375   1.03190254e+20   1.40000445   899.221649   -0.648648255   1.54256111   6.43667046e-13   56   56   26   26   2.98845414e-13   0   0
11.7554531   1.01743179e+20   1.40000445   886.751719   -0.648649425   1.54255555   6.36150393e-13   56   56   26   26   2.9535554e-13   0   0
11.7555313   1.00316196e+20   1.40000445   874.454924   -0.648650594   1.54254999   6.28738103e-13   56   56   26   26   2.91914119e-13   0   0
11.7556094   9.89090241e+19   1.40000445   862.328857   -0.648651763   1.54254443   6.21428725e-13   56   56   26   26   2.8852048e-13   0   0
11.7556875   9.75213894e+19   1.40000445   850.371146   -0.648652933   1.54253886   6.14220828e-13   56   56   26   26   2.85173956e-13   0   0
11.7557656   9.61530197e+19   1.40000445   838.579449   -0.648654102   1.5425333   6.07113003e-13   56   56   26   26   2.81873894e-13   0   0
11.7558438   9.48036473e+19   1.40000445   826.951459   -0.648655272   1.54252774   6.00103857e-13   56   56   26   26   2.78619648e-13   0   0
11.7559219   9.34730081e+19   1.40000445   815.484901   -0.648656441   1.54252218   5.93192019e-13   56   56   26   26   2.7541058e-13   0   0
11.756   9.21608418e+19   1.40000445   804.177531   -0.64865761   1.54251662   5.86376136e-13   56   56   26   26   2.72246063e-13   0   0
11.7560781   9.08668915e+19   1.40000445   793.027136   -0.64865878   1.54251106   5.79654876e-13   56   56   26   26   2.69125478e-13   0   0
11.7561563   8.95909041e+19   1.40000445   782.031534   -0.648659949   1.5425055   5.73026922e-13   56   56   26   26   2.66048214e-13   0   0
11.7562344   8.833263e+19   1.40000445   771.188573   -0.648661118   1.54249993   5.66490977e-13   56   56   26   26   2.63013668e-13   0   0
11.7563125   8.70918229e+19   1.40000445   760.496133   -0.648662287   1.54249437   5.60045764e-13   56   56   26   26   2.60021248e-13   0   0
11.7563906   8.58682401e+19   1.40000445   749.952121   -0.648663457   1.54248881   5.5369002e-13   56   56   26   26   2.57070367e-13   0   0
11.7564687   8.46616421e+19   1.40000445   739.554474   -0.648664626   1.54248325   5.47422503e-13   56   56   26   26   2.54160448e-13   0   0
11.7565469   8.3471793e+19   1.40000445   729.301159   -0.648665795   1.54247769   5.41241986e-13   56   56   26   26   2.51290922e-13   0   0
11.756625   8.22984599e+19   1.40000445   719.190168   -0.648666964   1.54247213   5.3514726e-13   56   56   26   26   2.48461228e-13   0   0
11.7567031   8.11414133e+19   1.40000445   709.219525   -0.648668133   1.54246657   5.29137133e-13   56   56   26   26   2.45670812e-13   0   0
11.7567812   8.0000427e+19   1.40000445   699.387278   -0.648669302   1.54246101   5.23210429e-13   56   56   26   26   2.42919128e-13   0   0
11.7568594   7.88752776e+19   1.40000445   689.691504   -0.648670472   1.54245545   5.17365989e-13   56   56   26   26   2.40205638e-13   0   0
11.7569375   7.77657451e+19   1.40000445   680.130308   -0.648671641   1.54244989   5.11602669e-13   56   56   26   26   2.37529811e-13   0   0
11.7570156   7.66716126e+19   1.40000445   670.701818   -0.64867281   1.54244433   5.05919342e-13   56   56   26   26   2.34891123e-13   0   0
11.7570937   7.55926659e+19   1.40000445   661.40419   -0.648673979   1.54243877   5.00314897e-13   56   56   26   26   2.32289059e-13   0   0
11.7571719   7.4528694e+19   1.40000445   652.235606   -0.648675148   1.54243321   4.94788237e-13   56   56   26   26   2.2972311e-13   0   0
11.75725   7.3479489e+19   1.40000445   643.194273   -0.648676317   1.54242765   4.89338282e-13   56   56   26   26   2.27192774e-13   0   0
11.7573281   7.24448455e+19   1.40000445   634.278422   -0.648677486   1.54242209   4.83963965e-13   56   56   26   26   2.24697555e-13   0   0
11.7574063   7.14245613e+19   1.40000445   625.486311   -0.648678655   1.54241653   4.78664236e-13   56   56   26   26   2.22236967e-13   0   0
11.7574844   7.04184368e+19   1.40000445   616.816218   -0.648679824   1.54241097   4.73438058e-13   56   56   26   26   2.19810527e-13   0   0
11.7575625   6.94262753e+19   1.40000445   608.26645   -0.648680993   1.54240542   4.6828441e-13   56   56   26   26   2.17417762e-13   0   0
11.7576406   6.84478827e+19   1.40000445   599.835334   -0.648682162   1.54239986   4.63202282e-13   56   56   26   26   2.15058202e-13   0   0
11.7577188   6.74830678e+19   1.40000445   591.521221   -0.648683331   1.5423943   4.58190683e-13   56   56   26   26   2.12731388e-13   0   0
11.7577969   6.65316419e+19   1.40000445   583.322486   -0.6486845   1.54238874   4.5324863e-13   56   56   26   26   2.10436864e-13   0   0
11.757875   6.55934189e+19   1.40000445   575.237526   -0.648685669   1.54238318   4.4837516e-13   56   56   26   26   2.08174181e-13   0   0
11.7579531   6.46682155e+19   1.40000445   567.26476   -0.648686838   1.54237762   4.43569318e-13   56   56   26   26   2.05942898e-13   0   0
11.7580313   6.37558507e+19   1.40000445   559.402629   -0.648688006   1.54237206   4.38830165e-13   56   56   26   26   2.03742576e-13   0   0
11.7581094   6.28561462e+19   1.40000445   551.649596   -0.648689175   1.54236651   4.34156774e-13   56   56   26   26   2.01572788e-13   0   0
11.7581875   6.19689261e+19   1.40000445   544.004146   -0.648690344   1.54236095   4.29548232e-13   56   56   26   26   1.99433108e-13   0   0
11.7582656   6.10940169e+19   1.40000445   536.464783   -0.648691513   1.54235539   4.25003637e-13   56   56   26   26   1.97323117e-13   0   0
11.7583437   6.02312477e+19   1.40000445   529.030034   -0.648692682   1.54234983   4.20522102e-13   56   56   26   26   1.95242405e-13   0   0
11.7584219   5.93804497e+19   1.40000445   521.698445   -0.64869385   1.54234427   4.16102751e-13   56   56   26   26   1.93190563e-13   0   0
11.7585   5.85414567e+19   1.40000445   514.468584   -0.648695019   1.54233872   4.11744719e-13   56   56   26   26   1.91167191e-13   0   0
11.7585781   5.77141046e+19   1.40000445   507.339038   -0.648696188   1.54233316   4.07447155e-13   56   56   26   26   1.89171893e-13   0   0
11.7586562   5.68982318e+19   1.40000445   500.308412   -0.648697357   1.5423276   4.03209218e-13   56   56   26   26   1.8720428e-13   0   0
11.7587344   5.60936788e+19   1.40000445   493.375332   -0.648698525   1.54232204   3.9903008e-13   56   56   26   26   1.85263966e-13   0   0
11.7588125   5.53002883e+19   1.40000445   486.538444   -0.648699694   1.54231649   3.94908925e-13   56   56   26   26   1.83350573e-13   0   0
11.7588906   5.45179053e+19   1.40000445   479.796411   -0.648700863   1.54231093   3.90844948e-13   56   56   26   26   1.81463726e-13   0   0
11.7589687   5.37463769e+19   1.40000445   473.147916   -0.648702031   1.54230537   3.86837353e-13   56   56   26   26   1.79603057e-13   0   0
11.7590469   5.29855523e+19   1.40000445   466.59166   -0.6487032   1.54229982   3.82885357e-13   56   56   26   26   1.77768202e-13   0   0
11.759125   5.22352829e+19   1.40000445   460.12636   -0.648704369   1.54229426   3.7898819e-13   56   56   26   26   1.75958802e-13   0   0
11.7592031   5.1495422e+19   1.40000445   453.750755   -0.648705537   1.5422887   3.75145087e-13   56   56   26   26   1.74174505e-13   0   0
11.7592813   5.0765825e+19   1.40000445   447.463597   -0.648706706   1.54228315   3.713553e-13   56   56   26   26   1.72414961e-13   0   0
11.7593594   5.00463494e+19   1.40000445   441.263659   -0.648707874   1.54227759   3.67618087e-13   56   56   26   26   1.70679826e-13   0   0
11.7594375   4.93368546e+19   1.40000445   435.149728   -0.648709043   1.54227203   3.63932719e-13   56   56   26   26   1.68968762e-13   0   0
11.7595156   4.86372021e+19   1.40000445   429.120612   -0.648710211   1.54226648   3.60298474e-13   56   56   26   26   1.67281434e-13   0   0
11.7595938   4.7947255e+19   1.40000445   423.17513   -0.64871138   1.54226092   3.56714643e-13   56   56   26   26   1.65617513e-13   0   0
11.7596719   4.72668786e+19   1.40000445   417.312123   -0.648712548   1.54225536   3.53180526e-13   56   56   26   26   1.63976673e-13   0   0
11.75975   4.659594e+19   1.40000445   411.530444   -0.648713717   1.54224981   3.49695433e-13   56   56   26   26   1.62358594e-13   0   0
11.7598281   4.59343081e+19   1.40000445   405.828964   -0.648714885   1.54224425   3.46258682e-13   56   56   26   26   1.60762959e-13   0   0
11.7599063   4.52818537e+19   1.40000445   400.20657   -0.648716054   1.5422387   3.42869602e-13   56   56   26   26   1.59189458e-13   0   0
11.7599844   4.46384493e+19   1.40000445   394.662162   -0.648717222   1.54223314   3.39527531e-13   56   56   26   26   1.57637782e-13   0   0
11.7600625   4.40039692e+19   1.40000445   389.194658   -0.648718391   1.54222759   3.36231817e-13   56   56   26   26   1.56107629e-13   0   0
11.7601406   4.33782895e+19   1.40000445   383.80299   -0.648719559   1.54222203   3.32981815e-13   56   56   26   26   1.545987e-13   0   0
11.7602187   4.2761288e+19   1.40000445   378.486104   -0.648720727   1.54221648   3.29776891e-13   56   56   26   26   1.53110699e-13   0   0
11.7602969   4.21528441e+19   1.40000445   373.242963   -0.648721896   1.54221092   3.26616418e-13   56   56   26   26   1.51643337e-13   0   0
11.760375   4.15528391e+19   1.40000445   368.072542   -0.648723064   1.54220537   3.2349978e-13   56   56   26   26   1.50196326e-13   0   0
11.7604531   4.09611557e+19   1.40000445   362.973831   -0.648724232   1.54219981   3.20426368e-13   56   56   26   26   1.48769385e-13   0   0
11.7605312   4.03776784e+19   1.40000445   357.945835   -0.648725401   1.54219426   3.17395581e-13   56   56   26   26   1.47362234e-13   0   0
11.7606094   3.98022933e+19   1.40000445   352.987572   -0.648726569   1.5421887   3.14406827e-13   56   56   26   26   1.45974598e-13   0   0
11.7606875   3.9234888e+19   1.40000445   348.098073   -0.648727737   1.54218315   3.11459524e-13   56   56   26   26   1.44606208e-13   0   0
11.7607656   3.86753517e+19   1.40000445   343.276384   -0.648728905   1.54217759   3.08553095e-13   56   56   26   26   1.43256794e-13   0   0
11.7608437   3.8123575e+19   1.40000445   338.521563   -0.648730074   1.54217204   3.05686973e-13   56   56   26   26   1.41926095e-13   0   0
11.7609219   3.75794504e+19   1.40000445   333.832681   -0.648731242   1.54216648   3.02860599e-13   56   56   26   26   1.40613849e-13   0   0
11.761   3.70428715e+19   1.40000445   329.208823   -0.64873241   1.54216093   3.00073419e-13   56   56   26   26   1.39319802e-13   0   0
11.7610781   3.65137336e+19   1.40000445   324.649087   -0.648733578   1.54215538   2.97324891e-13   56   56   26   26   1.38043699e-13   0   0
11.7611563   3.59919334e+19   1.40000445   320.152582   -0.648734746   1.54214982   2.94614477e-13   56   56   26   26   1.36785293e-13   0   0
11.7612344   3.54773689e+19   1.40000445   315.718429   -0.648735915   1.54214427   2.91941649e-13   56   56   26   26   1.35544337e-13   0   0
11.7613125   3.49699398e+19   1.40000445   311.345764   -0.648737083   1.54213872   2.89305884e-13   56   56   26   26   1.34320589e-13   0   0
11.7613906   3.44695469e+19   1.40000445   307.033733   -0.648738251   1.54213316   2.86706668e-13   56   56   26   26   1.3311381e-13   0   0
11.7614688   3.39760926e+19   1.40000445   302.781494   -0.648739419   1.54212761   2.84143494e-13   56   56   26   26   1.31923765e-13   0   0
11.7615469   3.34894806e+19   1.40000445   298.588216   -0.648740587   1.54212206   2.8161586e-13   56   56   26   26   1.30750221e-13   0   0
11.761625   3.30096158e+19   1.40000445   294.453082   -0.648741755   1.5421165   2.79123275e-13   56   56   26   26   1.29592949e-13   0   0
11.7617031   3.25364046e+19   1.40000445   290.375284   -0.648742923   1.54211095   2.76665251e-13   56   56   26   26   1.28451723e-13   0   0
11.7617813   3.20697547e+19   1.40000445   286.354027   -0.648744091   1.5421054   2.74241308e-13   56   56   26   26   1.27326321e-13   0   0
11.7618594   3.16095749e+19   1.40000445   282.388524   -0.648745259   1.54209984   2.71850973e-13   56   56   26   26   1.26216523e-13   0   0
11.7619375   3.11557755e+19   1.40000445   278.478003   -0.648746427   1.54209429   2.6949378e-13   56   56   26   26   1.25122112e-13   0   0
11.7620156   3.07082678e+19   1.40000445   274.6217   -0.648747595   1.54208874   2.67169269e-13   56   56   26   26   1.24042875e-13   0   0
11.7620938   3.02669645e+19   1.40000445   270.818862   -0.648748763   1.54208319   2.64876986e-13   56   56   26   26   1.22978601e-13   0   0
11.7621719   2.98317795e+19   1.40000445   267.068748   -0.648749931   1.54207763   2.62616483e-13   56   56   26   26   1.21929082e-13   0   0
11.76225   2.94026279e+19   1.40000445   263.370625   -0.648751099   1.54207208   2.6038732e-13   56   56   26   26   1.20894113e-13   0   0
11.7623281   2.8979426e+19   1.40000445   259.723772   -0.648752267   1.54206653   2.58189062e-13   56   56   26   26   1.19873493e-13   0   0
11.7624062   2.85620911e+19   1.40000445   256.127477   -0.648753435   1.54206098   2.56021279e-13   56   56   26   26   1.18867023e-13   0   0
11.7624844   2.81505417e+19   1.40000445   252.581038   -0.648754602   1.54205543   2.53883549e-13   56   56   26   26   1.17874505e-13   0   0
11.7625625   2.77446978e+19   1.40000445   249.083764   -0.64875577   1.54204987   2.51775454e-13   56   56   26   26   1.16895747e-13   0   0
11.7626406   2.73444799e+19   1.40000445   245.634972   -0.648756938   1.54204432   2.49696583e-13   56   56   26   26   1.15930557e-13   0   0
11.7627187   2.694981e+19   1.40000445   242.233989   -0.648758106   1.54203877   2.47646531e-13   56   56   26   26   1.14978747e-13   0   0
11.7627969   2.65606112e+19   1.40000445   238.880151   -0.648759274   1.54203322   2.45624897e-13   56   56   26   26   1.14040131e-13   0   0
11.762875   2.61768075e+19   1.40000445   235.572805   -0.648760441   1.54202767   2.43631288e-13   56   56   26   26   1.13114526e-13   0   0
11.7629531   2.5798324e+19   1.40000445   232.311305   -0.648761609   1.54202212   2.41665313e-13   56   56   26   26   1.12201752e-13   0   0
11.7630312   2.54250869e+19   1.40000445   229.095014   -0.648762777   1.54201657   2.3972659e-13   56   56   26   26   1.11301631e-13   0   0
11.7631094   2.50570234e+19   1.40000445   225.923306   -0.648763945   1.54201101   2.3781474e-13   56   56   26   26   1.10413987e-13   0   0
11.7631875   2.46940617e+19   1.40000445   222.795561   -0.648765112   1.54200546   2.35929391e-13   56   56   26   26   1.09538646e-13   0   0
11.7632656   2.43361309e+19   1.40000445   219.71117   -0.64876628   1.54199991   2.34070175e-13   56   56   26   26   1.08675438e-13   0   0
11.7633438   2.39831613e+19   1.40000445   216.66953   -0.648767448   1.54199436   2.32236729e-13   56   56   26   26   1.07824195e-13   0   0
11.7634219   2.3635084e+19   1.40000445   213.670049   -0.648768615   1.54198881   2.30428695e-13   56   56   26   26   1.06984751e-13   0   0
11.7635   2.32918312e+19   1.40000445   210.712142   -0.648769783   1.54198326   2.28645721e-13   56   56   26   26   1.06156942e-13   0   0
11.7635781   2.29533358e+19   1.40000445   207.795231   -0.648770951   1.54197771   2.26887458e-13   56   56   26   26   1.05340606e-13   0   0
11.7636563   2.26195318e+19   1.40000445   204.918748   -0.648772118   1.54197216   2.25153565e-13   56   56   26   26   1.04535584e-13   0   0
11.7637344   2.22903543e+19   1.40000445   202.082131   -0.648773286   1.54196661   2.23443703e-13   56   56   26   26   1.03741719e-13   0   0
11.7638125   2.19657389e+19   1.40000445   199.284829   -0.648774453   1.54196106   2.21757539e-13   56   56   26   26   1.02958857e-13   0   0
11.7638906   2.16456223e+19   1.40000445   196.526294   -0.648775621   1.54195551   2.20094743e-13   56   56   26   26   1.02186845e-13   0   0
11.7639688   2.13299422e+19   1.40000445   193.805989   -0.648776788   1.54194996   2.18454991e-13   56   56   26   26   1.01425532e-13   0   0
11.7640469   2.10186369e+19   1.40000445   191.123383   -0.648777956   1.54194441   2.16837964e-13   56   56   26   26   1.00674769e-13   0   0
11.764125   2.07116458e+19   1.40000445   188.477955   -0.648779123   1.54193886   2.15243347e-13   56   56   26   26   9.9934411e-14   0   0
11.7642031   2.04089091e+19   1.40000445   185.869187   -0.648780291   1.54193331   2.13670828e-13   56   56   26   26   9.92043128e-14   0   0
11.7642812   2.01103676e+19   1.40000445   183.296571   -0.648781458   1.54192776   2.121201e-13   56   56   26   26   9.84843323e-14   0   0
11.7643594   1.98159632e+19   1.40000445   180.759605   -0.648782626   1.54192221   2.10590862e-13   56   56   26   26   9.7774329e-14   0   0
11.7644375   1.95256385e+19   1.40000445   178.257795   -0.648783793   1.54191667   2.09082816e-13   56   56   26   26   9.70741645e-14   0   0
11.7645156   1.92393369e+19   1.40000445   175.790654   -0.648784961   1.54191112   2.07595667e-13   56   56   26   26   9.63837023e-14   0   0
11.7645937   1.89570025e+19   1.40000445   173.357699   -0.648786128   1.54190557   2.06129125e-13   56   56   26   26   9.57028079e-14   0   0
11.7646719   1.86785804e+19   1.40000445   170.958457   -0.648787295   1.54190002   2.04682904e-13   56   56   26   26   9.50313484e-14   0   0
11.76475   1.84040162e+19   1.40000445   168.592461   -0.648788463   1.54189447   2.03256723e-13   56   56   26   26   9.4369193e-14   0   0
11.7648281   1.81332564e+19   1.40000445   166.259248   -0.64878963   1.54188892   2.01850304e-13   56   56   26   26   9.37162126e-14   0   0
11.7649062   1.78662483e+19   1.40000445   163.958364   -0.648790797   1.54188337   2.00463372e-13   56   56   26   26   9.307228e-14   0   0
11.7649844   1.76029398e+19   1.40000445   161.689361   -0.648791965   1.54187783   1.99095657e-13   56   56   26   26   9.24372695e-14   0   0
11.7650625   1.73432796e+19   1.40000445   159.451796   -0.648793132   1.54187228   1.97746893e-13   56   56   26   26   9.18110574e-14   0   0
11.7651406   1.70872171e+19   1.40000445   157.245234   -0.648794299   1.54186673   1.96416816e-13   56   56   26   26   9.11935218e-14   0   0
11.7652188   1.68347023e+19   1.40000445   155.069243   -0.648795466   1.54186118   1.95105168e-13   56   56   26   26   9.05845421e-14   0   0
11.7652969   1.65856861e+19   1.40000445   152.923401   -0.648796634   1.54185563   1.93811692e-13   56   56   26   26   8.99839998e-14   0   0
11.765375   1.63401199e+19   1.40000445   150.807288   -0.648797801   1.54185009   1.92536137e-13   56   56   26   26   8.93917778e-14   0   0
11.7654531   1.60979559e+19   1.40000445   148.720493   -0.648798968   1.54184454   1.91278254e-13   56   56   26   26   8.88077607e-14   0   0
11.7655313   1.58591468e+19   1.40000445   146.662609   -0.648800135   1.54183899   1.90037798e-13   56   56   26   26   8.82318346e-14   0   0
11.7656094   1.56236462e+19   1.40000445   144.633234   -0.648801302   1.54183344   1.88814527e-13   56   56   26   26   8.76638874e-14   0   0
11.7656875   1.53914081e+19   1.40000445   142.631974   -0.648802469   1.5418279   1.87608203e-13   56   56   26   26   8.71038083e-14   0   0
11.7657656   1.51623874e+19   1.40000445   140.658439   -0.648803637   1.54182235   1.8641859e-13   56   56   26   26   8.65514883e-14   0   0
11.7658438   1.49365393e+19   1.40000445   138.712243   -0.648804804   1.5418168   1.85245458e-13   56   56   26   26   8.60068197e-14   0   0
11.7659219   1.47138199e+19   1.40000445   136.793008   -0.648805971   1.54181126   1.84088577e-13   56   56   26   26   8.54696964e-14   0   0
11.766   1.44941857e+19   1.40000445   134.900359   -0.648807138   1.54180571   1.82947722e-13   56   56   26   26   8.49400138e-14   0   0
11.7660781   1.42775941e+19   1.40000445   133.033929   -0.648808305   1.54180016   1.81822671e-13   56   56   26   26   8.44176686e-14   0   0
11.7661562   1.40640027e+19   1.40000445   131.193353   -0.648809472   1.54179462   1.80713204e-13   56   56   26   26   8.39025591e-14   0   0
11.7662344   1.385337e+19   1.40000445   129.378272   -0.648810639   1.54178907   1.79619106e-13   56   56   26   26   8.33945849e-14   0   0
11.7663125   1.3645655e+19   1.40000445   127.588334   -0.648811806   1.54178352   1.78540163e-13   56   56   26   26   8.28936471e-14   0   0
11.7663906   1.34408172e+19   1.40000445   125.82319   -0.648812973   1.54177798   1.77476165e-13   56   56   26   26   8.23996481e-14   0   0
11.7664687   1.32388166e+19   1.40000445   124.082495   -0.64881414   1.54177243   1.76426905e-13   56   56   26   26   8.19124917e-14   0   0
11.7665469   1.3039614e+19   1.40000445   122.365911   -0.648815307   1.54176689   1.75392179e-13   56   56   26   26   8.14320829e-14   0   0
11.766625   1.28431705e+19   1.40000445   120.673103   -0.648816474   1.54176134   1.74371784e-13   56   56   26   26   8.09583283e-14   0   0
11.7667031   1.26494479e+19   1.40000445   119.003741   -0.648817641   1.54175579   1.73365522e-13   56   56   26   26   8.04911354e-14   0   0
11.7667812   1.24584084e+19   1.40000445   117.357501   -0.648818808   1.54175025   1.72373198e-13   56   56   26   26   8.00304134e-14   0   0
11.7668594   1.22700148e+19   1.40000445   115.734062   -0.648819974   1.5417447   1.71394618e-13   56   56   26   26   7.95760725e-14   0   0
11.7669375   1.20842305e+19   1.40000445   114.133107   -0.648821141   1.54173916   1.70429591e-13   56   56   26   26   7.91280242e-14   0   0
11.7670156   1.19010193e+19   1.40000445   112.554325   -0.648822308   1.54173361   1.69477929e-13   56   56   26   26   7.86861813e-14   0   0
11.7670938   1.17203454e+19   1.40000445   110.997409   -0.648823475   1.54172807   1.68539447e-13   56   56   26   26   7.82504576e-14   0   0
11.7671719   1.15421738e+19   1.40000445   109.462054   -0.648824642   1.54172252   1.67613963e-13   56   56   26   26   7.78207685e-14   0   0
11.76725   1.13664696e+19   1.40000445   107.947963   -0.648825809   1.54171698   1.66701296e-13   56   56   26   26   7.73970301e-14   0   0
11.7673281   1.11931988e+19   1.40000445   106.45484   -0.648826975   1.54171143   1.65801268e-13   56   56   26   26   7.697916e-14   0   0
11.7674063   1.10223275e+19   1.40000445   104.982395   -0.648828142   1.54170589   1.64913704e-13   56   56   26   26   7.65670768e-14   0   0
11.7674844   1.08538225e+19   1.40000445   103.530341   -0.648829309   1.54170034   1.64038431e-13   56   56   26   26   7.61607002e-14   0   0
11.7675625   1.06876509e+19   1.40000445   102.098395   -0.648830475   1.5416948   1.6317528e-13   56   56   26   26   7.57599513e-14   0   0
11.7676406   1.05237805e+19   1.40000445   100.686279   -0.648831642   1.54168925   1.62324081e-13   56   56   26   26   7.53647518e-14   0   0
11.7677188   1.03621793e+19   1.40000445   99.2937166   -0.648832809   1.54168371   1.61484669e-13   56   56   26   26   7.4975025e-14   0   0
11.7677969   1.02028159e+19   1.40000445   97.9204379   -0.648833976   1.54167817   1.60656881e-13   56   56   26   26   7.45906948e-14   0   0
11.767875   1.00456592e+19   1.40000445   96.5661753   -0.648835142   1.54167262   1.59840556e-13   56   56   26   26   7.42116866e-14   0   0
11.7679531   9.8906786e+18   1.40000445   95.2306652   -0.648836309   1.54166708   1.59035534e-13   56   56   26   26   7.38379264e-14   0   0
11.7680312   9.73784401e+18   1.40000445   93.9136475   -0.648837475   1.54166153   1.58241659e-13   56   56   26   26   7.34693416e-14   0   0
11.7681094   9.58712564e+18   1.40000445   92.6148658   -0.648838642   1.54165599   1.57458776e-13   56   56   26   26   7.31058604e-14   0   0
11.7681875   9.43849415e+18   1.40000445   91.3340674   -0.648839809   1.54165045   1.56686734e-13   56   56   26   26   7.27474121e-14   0   0
11.7682656   9.29192061e+18   1.40000445   90.071003   -0.648840975   1.5416449   1.55925381e-13   56   56   26   26   7.23939269e-14   0   0
11.7683437   9.14737651e+18   1.40000445   88.8254268   -0.648842142   1.54163936   1.5517457e-13   56   56   26   26   7.20453359e-14   0   0
11.7684219   9.00483369e+18   1.40000445   87.5970962   -0.648843308   1.54163382   1.54434154e-13   56   56   26   26   7.17015714e-14   0   0
11.7685   8.86426443e+18   1.40000445   86.3857723   -0.648844475   1.54162827   1.53703989e-13   56   56   26   26   7.13625664e-14   0   0
11.7685781   8.72564136e+18   1.40000445   85.1912193   -0.648845641   1.54162273   1.52983934e-13   56   56   26   26   7.1028255e-14   0   0
11.7686562   8.5889375e+18   1.40000445   84.0132047   -0.648846808   1.54161719   1.52273848e-13   56   56   26   26   7.06985721e-14   0   0
11.7687344   8.45412626e+18   1.40000445   82.8514993   -0.648847974   1.54161164   1.51573592e-13   56   56   26   26   7.03734535e-14   0   0
11.7688125   8.3211814e+18   1.40000445   81.705877   -0.648849141   1.5416061   1.50883031e-13   56   56   26   26   7.0052836e-14   0   0
11.7688906   8.19007705e+18   1.40000445   80.5761149   -0.648850307   1.54160056   1.50202031e-13   56   56   26   26   6.97366571e-14   0   0
11.7689688   8.0607877e+18   1.40000445   79.4619931   -0.648851473   1.54159502   1.49530458e-13   56   56   26   26   6.94248555e-14   0   0
11.7690469   7.93328819e+18   1.40000445   78.363295   -0.64885264   1.54158947   1.48868182e-13   56   56   26   26   6.91173703e-14   0   0
11.769125   7.80755372e+18   1.40000445   77.2798066   -0.648853806   1.54158393   1.48215075e-13   56   56   26   26   6.88141418e-14   0   0
11.7692031   7.68355982e+18   1.40000445   76.2113172   -0.648854972   1.54157839   1.47571008e-13   56   56   26   26   6.85151109e-14   0   0
11.7692813   7.56128236e+18   1.40000445   75.157619   -0.648856139   1.54157285   1.46935857e-13   56   56   26   26   6.82202195e-14   0   0
11.7693594   7.44069757e+18   1.40000445   74.1185068   -0.648857305   1.54156731   1.46309499e-13   56   56   26   26   6.79294103e-14   0   0
11.7694375   7.32178197e+18   1.40000445   73.0937786   -0.648858471   1.54156176   1.45691811e-13   56   56   26   26   6.76426266e-14   0   0
11.7695156   7.20451244e+18   1.40000445   72.083235   -0.648859638   1.54155622   1.45082673e-13   56   56   26   26   6.73598126e-14   0   0
11.7695938   7.08886616e+18   1.40000445   71.0866794   -0.648860804   1.54155068   1.44481967e-13   56   56   26   26   6.70809134e-14   0   0
11.7696719   6.97482064e+18   1.40000445   70.1039181   -0.64886197   1.54154514   1.43889576e-13   56   56   26   26   6.68058746e-14   0   0
11.76975   6.8623537e+18   1.40000445   69.1347597   -0.648863136   1.5415396   1.43305385e-13   56   56   26   26   6.65346429e-14   0   0
11.7698281   6.75144345e+18   1.40000445   68.1790158   -0.648864303   1.54153406   1.42729279e-13   56   56   26   26   6.62671653e-14   0   0
11.7699063   6.64206832e+18   1.40000445   67.2365005   -0.648865469   1.54152852   1.42161148e-13   56   56   26   26   6.600339e-14   0   0
11.7699844   6.53420705e+18   1.40000445   66.3070305   -0.648866635   1.54152298   1.4160088e-13   56   56   26   26   6.57432655e-14   0   0
11.7700625   6.42783865e+18   1.40000445   65.3904249   -0.648867801   1.54151743   1.41048366e-13   56   56   26   26   6.54867414e-14   0   0
11.7701406   6.32294243e+18   1.40000445   64.4865057   -0.648868967   1.54151189   1.405035e-13   56   56   26   26   6.52337677e-14   0   0
11.7702187   6.21949801e+18   1.40000445   63.5950968   -0.648870133   1.54150635   1.39966174e-13   56   56   26   26   6.49842951e-14   0   0
11.7702969   6.11748525e+18   1.40000445   62.7160251   -0.648871299   1.54150081   1.39436285e-13   56   56   26   26   6.47382753e-14   0   0
11.770375   6.01688432e+18   1.40000445   61.8491195   -0.648872465   1.54149527   1.3891373e-13   56   56   26   26   6.44956603e-14   0   0
11.7704531   5.91767566e+18   1.40000445   60.9942115   -0.648873632   1.54148973   1.38398407e-13   56   56   26   26   6.4256403e-14   0   0
11.7705312   5.81983998e+18   1.40000445   60.1511348   -0.648874798   1.54148419   1.37890215e-13   56   56   26   26   6.40204569e-14   0   0
11.7706094   5.72335826e+18   1.40000445   59.3197254   -0.648875964   1.54147865   1.37389056e-13   56   56   26   26   6.3787776e-14   0   0
11.7706875   5.62821172e+18   1.40000445   58.4998219   -0.64887713   1.54147311   1.36894833e-13   56   56   26   26   6.35583152e-14   0   0
11.7707656   5.53438188e+18   1.40000445   57.6912646   -0.648878296   1.54146757   1.36407449e-13   56   56   26   26   6.33320298e-14   0   0
11.7708437   5.4418505e+18   1.40000445   56.8938964   -0.648879462   1.54146203   1.35926809e-13   56   56   26   26   6.31088758e-14   0   0
11.7709219   5.35059957e+18   1.40000445   56.1075624   -0.648880628   1.54145649   1.35452821e-13   56   56   26   26   6.28888098e-14   0   0
11.771   5.26061136e+18   1.40000445   55.3321095   -0.648881794   1.54145095   1.34985392e-13   56   56   26   26   6.26717891e-14   0   0
11.7710781   5.17186838e+18   1.40000445   54.5673872   -0.648882959   1.54144541   1.34524431e-13   56   56   26   26   6.24577714e-14   0   0
11.7711563   5.08435338e+18   1.40000445   53.8132466   -0.648884125   1.54143987   1.34069848e-13   56   56   26   26   6.22467152e-14   0   0
11.7712344   4.99804934e+18   1.40000445   53.0695412   -0.648885291   1.54143434   1.33621556e-13   56   56   26   26   6.20385795e-14   0   0
11.7713125   4.91293948e+18   1.40000445   52.3361264   -0.648886457   1.5414288   1.33179466e-13   56   56   26   26   6.18333237e-14   0   0
11.7713906   4.82900727e+18   1.40000445   51.6128598   -0.648887623   1.54142326   1.32743494e-13   56   56   26   26   6.1630908e-14   0   0
11.7714688   4.74623639e+18   1.40000445   50.8996006   -0.648888789   1.54141772   1.32313554e-13   56   56   26   26   6.1431293e-14   0   0
11.7715469   4.66461074e+18   1.40000445   50.1962102   -0.648889955   1.54141218   1.31889563e-13   56   56   26   26   6.12344399e-14   0   0
11.771625   4.58411448e+18   1.40000445   49.5025521   -0.64889112   1.54140664   1.31471438e-13   56   56   26   26   6.10403105e-14   0   0
11.7717031   4.50473194e+18   1.40000445   48.8184912   -0.648892286   1.5414011   1.31059098e-13   56   56   26   26   6.0848867e-14   0   0
11.7717813   4.42644771e+18   1.40000445   48.1438947   -0.648893452   1.54139556   1.30652463e-13   56   56   26   26   6.06600723e-14   0   0
11.7718594   4.34924657e+18   1.40000445   47.4786315   -0.648894618   1.54139003   1.30251455e-13   56   56   26   26   6.04738896e-14   0   0
11.7719375   4.27311351e+18   1.40000445   46.8225723   -0.648895783   1.54138449   1.29855994e-13   56   56   26   26   6.02902828e-14   0   0
11.7720156   4.19803374e+18   1.40000445   46.1755896   -0.648896949   1.54137895   1.29466004e-13   56   56   26   26   6.01092162e-14   0   0
11.7720937   4.12399268e+18   1.40000445   45.5375577   -0.648898115   1.54137341   1.2908141e-13   56   56   26   26   5.99306545e-14   0   0
11.7721719   4.05097594e+18   1.40000445   44.9083526   -0.648899281   1.54136787   1.28702136e-13   56   56   26   26   5.97545632e-14   0   0
11.77225   3.97896932e+18   1.40000445   44.287852   -0.648900446   1.54136234   1.28328109e-13   56   56   26   26   5.95809079e-14   0   0
11.7723281   3.90795883e+18   1.40000445   43.6759355   -0.648901612   1.5413568   1.27959257e-13   56   56   26   26   5.94096549e-14   0   0
11.7724062   3.83793069e+18   1.40000445   43.072484   -0.648902777   1.54135126   1.27595507e-13   56   56   26   26   5.92407711e-14   0   0
11.7724844   3.76887128e+18   1.40000445   42.4773803   -0.648903943   1.54134572   1.27236789e-13   56   56   26   26   5.90742235e-14   0   0
11.7725625   3.70076719e+18   1.40000445   41.8905089   -0.648905109   1.54134019   1.26883033e-13   56   56   26   26   5.89099798e-14   0   0
11.7726406   3.63360518e+18   1.40000445   41.3117557   -0.648906274   1.54133465   1.26534171e-13   56   56   26   26   5.8748008e-14   0   0
11.7727187   3.56737222e+18   1.40000445   40.7410083   -0.64890744   1.54132911   1.26190135e-13   56   56   26   26   5.85882768e-14   0   0
11.7727969   3.50205542e+18   1.40000445   40.1781558   -0.648908605   1.54132358   1.25850857e-13   56   56   26   26   5.84307551e-14   0   0
11.772875   3.43764211e+18   1.40000445   39.6230888   -0.648909771   1.54131804   1.25516273e-13   56   56   26   26   5.82754123e-14   0   0
11.7729531   3.37411977e+18   1.40000445   39.0756996   -0.648910936   1.5413125   1.25186316e-13   56   56   26   26   5.81222182e-14   0   0
11.7730313   3.31147606e+18   1.40000445   38.5358818   -0.648912102   1.54130697   1.24860924e-13   56   56   26   26   5.79711431e-14   0   0
11.7731094   3.24969882e+18   1.40000445   38.0035306   -0.648913267   1.54130143   1.24540032e-13   56   56   26   26   5.78221576e-14   0   0
11.7731875   3.18877604e+18   1.40000445   37.4785426   -0.648914433   1.54129589   1.24223578e-13   56   56   26   26   5.76752328e-14   0   0
11.7732656   3.1286959e+18   1.40000445   36.9608157   -0.648915598   1.54129036   1.23911502e-13   56   56   26   26   5.75303401e-14   0   0
11.7733438   3.06944672e+18   1.40000445   36.4502495   -0.648916764   1.54128482   1.23603741e-13   56   56   26   26   5.73874514e-14   0   0
11.7734219   3.011017e+18   1.40000445   35.9467448   -0.648917929   1.54127928   1.23300238e-13   56   56   26   26   5.7246539e-14   0   0
11.7735   2.95339539e+18   1.40000445   35.4502039   -0.648919094   1.54127375   1.23000932e-13   56   56   26   26   5.71075754e-14   0   0
11.7735781   2.89657071e+18   1.40000445   34.9605302   -0.64892026   1.54126821   1.22705765e-13   56   56   26   26   5.69705338e-14   0   0
11.7736563   2.84053191e+18   1.40000445   34.4776287   -0.648921425   1.54126268   1.22414681e-13   56   56   26   26   5.68353874e-14   0   0
11.7737344   2.78526811e+18   1.40000445   34.0014056   -0.64892259   1.54125714   1.22127622e-13   56   56   26   26   5.67021101e-14   0   0
11.7738125   2.73076859e+18   1.40000445   33.5317685   -0.648923756   1.54125161   1.21844533e-13   56   56   26   26   5.6570676e-14   0   0
11.7738906   2.67702276e+18   1.40000445   33.0686262   -0.648924921   1.54124607   1.21565359e-13   56   56   26   26   5.64410595e-14   0   0
11.7739687   2.62402019e+18   1.40000445   32.6118887   -0.648926086   1.54124054   1.21290046e-13   56   56   26   26   5.63132354e-14   0   0
11.7740469   2.57175058e+18   1.40000445   32.1614673   -0.648927251   1.541235   1.2101854e-13   56   56   26   26   5.61871791e-14   0   0
11.774125   2.52020379e+18   1.40000445   31.7172747   -0.648928417   1.54122947   1.20750788e-13   56   56   26   26   5.60628659e-14   0   0
11.7742031   2.46936981e+18   1.40000445   31.2792246   -0.648929582   1.54122393   1.20486739e-13   56   56   26   26   5.59402718e-14   0   0
11.7742812   2.41923877e+18   1.40000445   30.8472318   -0.648930747   1.5412184   1.20226342e-13   56   56   26   26   5.58193729e-14   0   0
11.7743594   2.36980093e+18   1.40000445   30.4212127   -0.648931912   1.54121286   1.19969545e-13   56   56   26   26   5.57001459e-14   0   0
11.7744375   2.32104671e+18   1.40000445   30.0010844   -0.648933078   1.54120733   1.19716299e-13   56   56   26   26   5.55825674e-14   0   0
11.7745156   2.27296664e+18   1.40000445   29.5867654   -0.648934243   1.54120179   1.19466555e-13   56   56   26   26   5.54666148e-14   0   0
11.7745937   2.22555138e+18   1.40000445   29.1781754   -0.648935408   1.54119626   1.19220264e-13   56   56   26   26   5.53522655e-14   0   0
11.7746719   2.17879173e+18   1.40000445   28.7752349   -0.648936573   1.54119072   1.18977379e-13   56   56   26   26   5.52394972e-14   0   0
11.77475   2.13267862e+18   1.40000445   28.3778657   -0.648937738   1.54118519   1.18737852e-13   56   56   26   26   5.51282883e-14   0   0
11.7748281   2.0872031e+18   1.40000445   27.9859909   -0.648938903   1.54117966   1.18501636e-13   56   56   26   26   5.50186169e-14   0   0
11.7749063   2.04235633e+18   1.40000445   27.5995342   -0.648940068   1.54117412   1.18268687e-13   56   56   26   26   5.49104619e-14   0   0
11.7749844   1.99812962e+18   1.40000445   27.2184206   -0.648941233   1.54116859   1.18038959e-13   56   56   26   26   5.48038022e-14   0   0
11.7750625   1.95451438e+18   1.40000445   26.8425763   -0.648942398   1.54116306   1.17812406e-13   56   56   26   26   5.46986173e-14   0   0
11.7751406   1.91150214e+18   1.40000445   26.4719283   -0.648943563   1.54115752   1.17588986e-13   56   56   26   26   5.45948865e-14   0   0
11.7752188   1.86908457e+18   1.40000445   26.1064047   -0.648944728   1.54115199   1.17368655e-13   56   56   26   26   5.44925899e-14   0   0
11.7752969   1.82725343e+18   1.40000445   25.7459344   -0.648945893   1.54114646   1.1715137e-13   56   56   26   26   5.43917075e-14   0   0
11.775375   1.7860006e+18   1.40000445   25.3904477   -0.648947058   1.54114092   1.16937089e-13   56   56   26   26   5.42922199e-14   0   0
11.7754531   1.74531808e+18   1.40000445   25.0398754   -0.648948223   1.54113539   1.1672577e-13   56   56   26   26   5.41941076e-14   0   0
11.7755313   1.70519797e+18   1.40000445   24.6941496   -0.648949388   1.54112986   1.16517373e-13   56   56   26   26   5.40973517e-14   0   0
11.7756094   1.66563249e+18   1.40000445   24.3532032   -0.648950553   1.54112432   1.16311856e-13   56   56   26   26   5.40019333e-14   0   0
11.7756875   1.62661397e+18   1.40000445   24.0169701   -0.648951718   1.54111879   1.16109181e-13   56   56   26   26   5.39078341e-14   0   0
11.7757656   1.58813482e+18   1.40000445   23.685385   -0.648952883   1.54111326   1.15909307e-13   56   56   26   26   5.38150356e-14   0   0
11.7758437   1.5501876e+18   1.40000445   23.3583835   -0.648954048   1.54110773   1.15712197e-13   56   56   26   26   5.37235199e-14   0   0
11.7759219   1.51276493e+18   1.40000445   23.0359023   -0.648955212   1.54110219   1.15517811e-13   56   56   26   26   5.36332693e-14   0   0
11.776   1.47585956e+18   1.40000445   22.7178788   -0.648956377   1.54109666   1.15326112e-13   56   56   26   26   5.35442662e-14   0   0
11.7760781   1.43946433e+18   1.40000445   22.4042512   -0.648957542   1.54109113   1.15137063e-13   56   56   26   26   5.34564934e-14   0   0
11.7761562   1.40357217e+18   1.40000445   22.0949588   -0.648958707   1.5410856   1.14950627e-13   56   56   26   26   5.33699338e-14   0   0
11.7762344   1.36817613e+18   1.40000445   21.7899416   -0.648959872   1.54108007   1.14766768e-13   56   56   26   26   5.32845707e-14   0   0
11.7763125   1.33326933e+18   1.40000445   21.4891404   -0.648961036   1.54107453   1.1458545e-13   56   56   26   26   5.32003875e-14   0   0
11.7763906   1.29884502e+18   1.40000445   21.1924968   -0.648962201   1.541069   1.14406639e-13   56   56   26   26   5.31173679e-14   0   0
11.7764687   1.26489651e+18   1.40000445   20.8999533   -0.648963366   1.54106347   1.14230299e-13   56   56   26   26   5.30354958e-14   0   0
11.7765469   1.23141721e+18   1.40000445   20.6114532   -0.64896453   1.54105794   1.14056396e-13   56   56   26   26   5.29547552e-14   0   0
11.7765859   1.21485109e+18   1.40000445   20.4686984   -0.648965113   1.54105517   1.13970346e-13   56   56   26   26   5.29148034e-14   0   0
11.776625   1.19839984e+18   1.40000445   20.3269336   -0.648965695   1.54105241   1.13884892e-13   56   56   26   26   5.28751287e-14   0   0
11.7766641   1.18206268e+18   1.40000445   20.1861519   -0.648966277   1.54104964   1.13800032e-13   56   56   26   26   5.2835729e-14   0   0
11.7767031   1.16583882e+18   1.40000445   20.0463465   -0.64896686   1.54104688   1.1371576e-13   56   56   26   26   5.27966026e-14   0   0
11.7767422   1.14972745e+18   1.40000445   19.9075106   -0.648967442   1.54104411   1.13632072e-13   56   56   26   26   5.27577476e-14   0   0
11.7767813   1.13372782e+18   1.40000445   19.7696374   -0.648968024   1.54104134   1.13548964e-13   56   56   26   26   5.27191619e-14   0   0
11.7768203   1.11783913e+18   1.40000445   19.6327203   -0.648968607   1.54103858   1.13466433e-13   56   56   26   26   5.26808439e-14   0   0
11.7768594   1.10206062e+18   1.40000445   19.4967526   -0.648969189   1.54103581   1.13384474e-13   56   56   26   26   5.26427915e-14   0   0
11.7768984   1.08639152e+18   1.40000445   19.3617278   -0.648969771   1.54103305   1.13303084e-13   56   56   26   26   5.26050031e-14   0   0
11.7769375   1.07083108e+18   1.40000445   19.2276393   -0.648970354   1.54103028   1.13222257e-13   56   56   26   26   5.25674766e-14   0   0
11.7769766   1.05537854e+18   1.40000445   19.0944806   -0.648970936   1.54102752   1.13141992e-13   56   56   26   26   5.25302104e-14   0   0
11.7770156   1.04003315e+18   1.40000445   18.9622452   -0.648971518   1.54102475   1.13062283e-13   56   56   26   26   5.24932026e-14   0   0
11.7770547   1.02479417e+18   1.40000445   18.8309268   -0.6489721   1.54102199   1.12983126e-13   56   56   26   26   5.24564514e-14   0   0
11.7770938   1.00966085e+18   1.40000445   18.700519   -0.648972683   1.54101922   1.12904519e-13   56   56   26   26   5.24199551e-14   0   0
11.7771328   9.94632475e+17   1.40000445   18.5710154   -0.648973265   1.54101646   1.12826456e-13   56   56   26   26   5.23837118e-14   0   0
11.7771719   9.797083e+17   1.40000445   18.4424098   -0.648973847   1.54101369   1.12748935e-13   56   56   26   26   5.23477198e-14   0   0
11.7772109   9.64887608e+17   1.40000445   18.3146959   -0.64897443   1.54101093   1.12671951e-13   56   56   26   26   5.23119774e-14   0   0
11.77725   9.50169681e+17   1.40000445   18.1878675   -0.648975012   1.54100816   1.12595501e-13   56   56   26   26   5.22764828e-14   0   0
11.7772891   9.35553804e+17   1.40000445   18.0619186   -0.648975594   1.5410054   1.12519582e-13   56   56   26   26   5.22412343e-14   0   0
11.7773281   9.2103927e+17   1.40000445   17.9368429   -0.648976176   1.54100263   1.12444188e-13   56   56   26   26   5.22062302e-14   0   0
11.7773672   9.06625375e+17   1.40000445   17.8126345   -0.648976759   1.54099987   1.12369318e-13   56   56   26   26   5.21714689e-14   0   0
11.7774063   8.9231142e+17   1.40000445   17.6892873   -0.648977341   1.5409971   1.12294966e-13   56   56   26   26   5.21369485e-14   0   0
11.7774453   8.78096711e+17   1.40000445   17.5667953   -0.648977923   1.54099433   1.1222113e-13   56   56   26   26   5.21026675e-14   0   0
11.7774844   8.6398056e+17   1.40000445   17.4451527   -0.648978505   1.54099157   1.12147806e-13   56   56   26   26   5.20686242e-14   0   0
11.7775234   8.49962282e+17   1.40000445   17.3243534   -0.648979088   1.5409888   1.1207499e-13   56   56   26   26   5.2034817e-14   0   0
11.7775625   8.36041198e+17   1.40000445   17.2043917   -0.64897967   1.54098604   1.1200268e-13   56   56   26   26   5.20012441e-14   0   0
11.7776016   8.22216634e+17   1.40000445   17.0852617   -0.648980252   1.54098327   1.1193087e-13   56   56   26   26   5.1967904e-14   0   0
11.7776406   8.08487918e+17   1.40000445   16.9669577   -0.648980834   1.54098051   1.11859559e-13   56   56   26   26   5.1934795e-14   0   0
11.7776797   7.94854387e+17   1.40000445   16.8494738   -0.648981416   1.54097775   1.11788741e-13   56   56   26   26   5.19019156e-14   0   0
11.7777188   7.81315378e+17   1.40000445   16.7328046   -0.648981999   1.54097498   1.11718415e-13   56   56   26   26   5.18692642e-14   0   0
11.7777578   7.67870237e+17   1.40000445   16.6169442   -0.648982581   1.54097222   1.11648577e-13   56   56   26   26   5.18368391e-14   0   0
11.7777969   7.54518311e+17   1.40000445   16.501887   -0.648983163   1.54096945   1.11579222e-13   56   56   26   26   5.18046389e-14   0   0
11.7778359   7.41258953e+17   1.40000445   16.3876276   -0.648983745   1.54096669   1.11510349e-13   56   56   26   26   5.17726619e-14   0   0
11.777875   7.28091522e+17   1.40000445   16.2741603   -0.648984327   1.54096392   1.11441953e-13   56   56   26   26   5.17409066e-14   0   0
11.7779141   7.15015378e+17   1.40000445   16.1614796   -0.64898491   1.54096116   1.11374031e-13   56   56   26   26   5.17093714e-14   0   0
11.7779531   7.02029888e+17   1.40000445   16.0495802   -0.648985492   1.54095839   1.1130658e-13   56   56   26   26   5.16780548e-14   0   0
11.7779922   6.89134423e+17   1.40000445   15.9384565   -0.648986074   1.54095563   1.11239596e-13   56   56   26   26   5.16469554e-14   0   0
11.7780312   6.76328359e+17   1.40000445   15.8281032   -0.648986656   1.54095286   1.11173077e-13   56   56   26   26   5.16160716e-14   0   0
11.7780703   6.63611073e+17   1.40000445   15.7185149   -0.648987238   1.5409501   1.11107019e-13   56   56   26   26   5.15854019e-14   0   0
11.7781094   6.50981951e+17   1.40000445   15.6096864   -0.648987821   1.54094733   1.11041419e-13   56   56   26   26   5.15549448e-14   0   0
11.7781484   6.38440381e+17   1.40000445   15.5016123   -0.648988403   1.54094457   1.10976274e-13   56   56   26   26   5.15246988e-14   0   0
11.7781875   6.25985754e+17   1.40000445   15.3942874   -0.648988985   1.5409418   1.10911581e-13   56   56   26   26   5.14946625e-14   0   0
11.7782266   6.13617467e+17   1.40000445   15.2877066   -0.648989567   1.54093904   1.10847336e-13   56   56   26   26   5.14648345e-14   0   0
11.7782656   6.01334921e+17   1.40000445   15.1818646   -0.648990149   1.54093628   1.10783536e-13   56   56   26   26   5.14352132e-14   0   0
11.7783047   5.89137521e+17   1.40000445   15.0767563   -0.648990731   1.54093351   1.10720179e-13   56   56   26   26   5.14057972e-14   0   0
11.7783437   5.77024676e+17   1.40000445   14.9723767   -0.648991313   1.54093075   1.1065726e-13   56   56   26   26   5.13765852e-14   0   0
11.7783828   5.64995799e+17   1.40000445   14.8687206   -0.648991896   1.54092798   1.10594778e-13   56   56   26   26   5.13475757e-14   0   0
11.7784219   5.53050308e+17   1.40000445   14.7657831   -0.648992478   1.54092522   1.1053273e-13   56   56   26   26   5.13187673e-14   0   0
11.7784609   5.41187623e+17   1.40000445   14.6635591   -0.64899306   1.54092245   1.10471111e-13   56   56   26   26   5.12901586e-14   0   0
11.7785   5.29407169e+17   1.40000445   14.5620438   -0.648993642   1.54091969   1.10409919e-13   56   56   26   26   5.12617482e-14   0   0
11.7785391   5.17708377e+17   1.40000445   14.4612322   -0.648994224   1.54091692   1.10349152e-13   56   56   26   26   5.12335347e-14   0   0
11.7785781   5.06090679e+17   1.40000445   14.3611193   -0.648994806   1.54091416   1.10288805e-13   56   56   26   26   5.12055168e-14   0   0
11.7786172   4.94553513e+17   1.40000445   14.2617005   -0.648995388   1.5409114   1.10228877e-13   56   56   26   26   5.11776931e-14   0   0
11.7786562   4.83096319e+17   1.40000445   14.1629708   -0.64899597   1.54090863   1.10169365e-13   56   56   26   26   5.11500623e-14   0   0
11.7786953   4.71718543e+17   1.40000445   14.0649254   -0.648996553   1.54090587   1.10110265e-13   56   56   26   26   5.1122623e-14   0   0
11.7787344   4.60419634e+17   1.40000445   13.9675597   -0.648997135   1.5409031   1.10051575e-13   56   56   26   26   5.10953739e-14   0   0
11.7787734   4.49199043e+17   1.40000445   13.8708688   -0.648997717   1.54090034   1.09993291e-13   56   56   26   26   5.10683137e-14   0   0
11.7788125   4.38056229e+17   1.40000445   13.7748482   -0.648998299   1.54089758   1.09935412e-13   56   56   26   26   5.10414411e-14   0   0
11.7788516   4.2699065e+17   1.40000445   13.6794931   -0.648998881   1.54089481   1.09877933e-13   56   56   26   26   5.10147547e-14   0   0
11.7788906   4.16001771e+17   1.40000445   13.584799   -0.648999463   1.54089205   1.09820853e-13   56   56   26   26   5.09882533e-14   0   0
11.7789297   4.05089059e+17   1.40000445   13.4907612   -0.649000045   1.54088928   1.09764169e-13   56   56   26   26   5.09619356e-14   0   0
11.7789688   3.94251987e+17   1.40000445   13.3973753   -0.649000627   1.54088652   1.09707878e-13   56   56   26   26   5.09358003e-14   0   0
11.7790078   3.83490028e+17   1.40000445   13.3046366   -0.649001209   1.54088376   1.09651976e-13   56   56   26   26   5.09098462e-14   0   0
11.7790469   3.72802663e+17   1.40000445   13.2125407   -0.649001791   1.54088099   1.09596463e-13   56   56   26   26   5.08840719e-14   0   0
11.7790859   3.62189373e+17   1.40000445   13.1210831   -0.649002373   1.54087823   1.09541334e-13   56   56   26   26   5.08584763e-14   0   0
11.779125   3.51649644e+17   1.40000445   13.0302594   -0.649002955   1.54087546   1.09486587e-13   56   56   26   26   5.08330581e-14   0   0
11.7791641   3.41182965e+17   1.40000445   12.9400652   -0.649003537   1.5408727   1.09432219e-13   56   56   26   26   5.08078161e-14   0   0
11.7792031   3.30788831e+17   1.40000445   12.8504962   -0.649004119   1.54086994   1.09378229e-13   56   56   26   26   5.0782749e-14   0   0
11.7792422   3.20466736e+17   1.40000445   12.7615479   -0.649004702   1.54086717   1.09324612e-13   56   56   26   26   5.07578556e-14   0   0
11.7792813   3.10216183e+17   1.40000445   12.6732162   -0.649005284   1.54086441   1.09271367e-13   56   56   26   26   5.07331348e-14   0   0
11.7793203   3.00036673e+17   1.40000445   12.5854966   -0.649005866   1.54086165   1.09218492e-13   56   56   26   26   5.07085853e-14   0   0
11.7793594   2.89927714e+17   1.40000445   12.498385   -0.649006448   1.54085888   1.09165982e-13   56   56   26   26   5.0684206e-14   0   0
11.7793984   2.79888817e+17   1.40000445   12.4118771   -0.64900703   1.54085612   1.09113837e-13   56   56   26   26   5.06599956e-14   0   0
11.7794375   2.69919495e+17   1.40000445   12.3259688   -0.649007612   1.54085335   1.09062053e-13   56   56   26   26   5.06359531e-14   0   0
11.7794766   2.60019266e+17   1.40000445   12.2406558   -0.649008194   1.54085059   1.09010628e-13   56   56   26   26   5.06120771e-14   0   0
11.7795156   2.5018765e+17   1.40000445   12.1559342   -0.649008776   1.54084783   1.08959559e-13   56   56   26   26   5.05883666e-14   0   0
11.7795547   2.40424171e+17   1.40000445   12.0717996   -0.649009358   1.54084506   1.08908844e-13   56   56   26   26   5.05648205e-14   0   0
11.7795938   2.30728356e+17   1.40000445   11.9882482   -0.64900994   1.5408423   1.08858481e-13   56   56   26   26   5.05414375e-14   0   0
11.7796328   2.21099737e+17   1.40000445   11.9052758   -0.649010522   1.54083954   1.08808466e-13   56   56   26   26   5.05182166e-14   0   0
11.7796719   2.11537845e+17   1.40000445   11.8228784   -0.649011104   1.54083677   1.08758799e-13   56   56   26   26   5.04951566e-14   0   0
11.7797109   2.02042219e+17   1.40000445   11.7410521   -0.649011686   1.54083401   1.08709475e-13   56   56   26   26   5.04722564e-14   0   0
11.77975   1.92612399e+17   1.40000445   11.6597928   -0.649012268   1.54083125   1.08660494e-13   56   56   26   26   5.04495149e-14   0   0
11.7797891   1.83247928e+17   1.40000445   11.5790966   -0.64901285   1.54082848   1.08611851e-13   56   56   26   26   5.0426931e-14   0   0
11.7798281   1.73948353e+17   1.40000445   11.4989597   -0.649013432   1.54082572   1.08563546e-13   56   56   26   26   5.04045036e-14   0   0
11.7798672   1.64713223e+17   1.40000445   11.4193781   -0.649014014   1.54082296   1.08515576e-13   56   56   26   26   5.03822317e-14   0   0
11.7799062   1.55542092e+17   1.40000445   11.340348   -0.649014596   1.54082019   1.08467938e-13   56   56   26   26   5.03601141e-14   0   0
11.7799453   1.46434515e+17   1.40000445   11.2618655   -0.649015178   1.54081743   1.0842063e-13   56   56   26   26   5.03381497e-14   0   0
11.7799844   1.37390051e+17   1.40000445   11.183927   -0.649015759   1.54081467   1.0837365e-13   56   56   26   26   5.03163376e-14   0   0
11.7800234   1.28408263e+17   1.40000445   11.1065285   -0.649016341   1.5408119   1.08326996e-13   56   56   26   26   5.02946766e-14   0   0
11.7800625   1.19488716e+17   1.40000445   11.0296663   -0.649016923   1.54080914   1.08280665e-13   56   56   26   26   5.02731657e-14   0   0
11.7801016   1.10630977e+17   1.40000445   10.9533368   -0.649017505   1.54080638   1.08234655e-13   56   56   26   26   5.02518039e-14   0   0
11.7801406   1.01834618e+17   1.40000445   10.8775362   -0.649018087   1.54080361   1.08188963e-13   56   56   26   26   5.02305901e-14   0   0
11.7801797   9.30992132e+16   1.40000445   10.8022609   -0.649018669   1.54080085   1.08143589e-13   56   56   26   26   5.02095233e-14   0   0
11.7802187   8.44243397e+16   1.40000445   10.7275072   -0.649019251   1.54079809   1.08098528e-13   56   56   26   26   5.01886025e-14   0   0
11.7802383   8.01094447e+16   1.40000445   10.6903246   -0.649019542   1.54079671   1.08076115e-13   56   56   26   26   5.01781964e-14   0   0
11.7802578   7.58095254e+16   1.40000445   10.653271   -0.649019833   1.54079532   1.0805378e-13   56   56   26   26   5.01678265e-14   0   0
11.7802773   7.15245298e+16   1.40000445   10.6163461   -0.649020124   1.54079394   1.08031522e-13   56   56   26   26   5.01574926e-14   0   0
11.7802969   6.72544061e+16   1.40000445   10.5795493   -0.649020415   1.54079256   1.08009342e-13   56   56   26   26   5.01471945e-14   0   0
11.7803164   6.29991025e+16   1.40000445   10.5428802   -0.649020706   1.54079118   1.07987239e-13   56   56   26   26   5.01369322e-14   0   0
11.7803359   5.87585676e+16   1.40000445   10.5063384   -0.649020997   1.5407898   1.07965212e-13   56   56   26   26   5.01267055e-14   0   0
11.7803555   5.453275e+16   1.40000445   10.4699233   -0.649021288   1.54078842   1.07943261e-13   56   56   26   26   5.01165143e-14   0   0
11.780375   5.03215987e+16   1.40000445   10.4336347   -0.649021579   1.54078704   1.07921387e-13   56   56   26   26   5.01063584e-14   0   0
11.7803945   4.61250626e+16   1.40000445   10.397472   -0.64902187   1.54078565   1.07899589e-13   56   56   26   26   5.00962378e-14   0   0
11.7804141   4.19430909e+16   1.40000445   10.3614349   -0.649022161   1.54078427   1.07877867e-13   56   56   26   26   5.00861523e-14   0   0
11.7804336   3.77756331e+16   1.40000445   10.3255228   -0.649022452   1.54078289   1.07856219e-13   56   56   26   26   5.00761018e-14   0   0
11.7804531   3.36226387e+16   1.40000445   10.2897353   -0.649022743   1.54078151   1.07834647e-13   56   56   26   26   5.00660862e-14   0   0
11.7804727   2.94840575e+16   1.40000445   10.254072   -0.649023034   1.54078013   1.0781315e-13   56   56   26   26   5.00561054e-14   0   0
11.7804922   2.53598393e+16   1.40000445   10.2185325   -0.649023325   1.54077875   1.07791728e-13   56   56   26   26   5.00461592e-14   0   0
11.7805117   2.12499344e+16   1.40000445   10.1831164   -0.649023615   1.54077737   1.07770379e-13   56   56   26   26   5.00362475e-14   0   0
11.7805312   1.71542928e+16   1.40000445   10.1478231   -0.649023906   1.54077598   1.07749105e-13   56   56   26   26   5.00263703e-14   0   0
11.7805508   1.30728652e+16   1.40000445   10.1126524   -0.649024197   1.5407746   1.07727905e-13   56   56   26   26   5.00165273e-14   0   0
