             0.5   0.7537688442   1.007537688   1.261306533   1.515075377   1.768844221   2.022613065   2.27638191   2.530150754   2.783919598   3.037688442   3.291457286   3.545226131   3.798994975   4.052763819   4.306532663   4.560301508   4.814070352   5.067839196   5.32160804   5.575376884   5.829145729   6.082914573   6.336683417   6.590452261   6.844221106   7.09798995   7.351758794   7.605527638   7.859296482   8.113065327   8.366834171   8.620603015   8.874371859   9.128140704   9.381909548   9.635678392   9.889447236   10.14321608   10.39698492   10.65075377   10.90452261   11.15829146   11.4120603   11.66582915   11.91959799   12.17336683   12.42713568   12.68090452   12.93467337   13.18844221   13.44221106   13.6959799   13.94974874   14.20351759   14.45728643   14.71105528   14.96482412   15.21859296   15.47236181   15.72613065   15.9798995   16.23366834   16.48743719   16.74120603   16.99497487   17.24874372   17.50251256   17.75628141   18.01005025   18.2638191   18.51758794   18.77135678   19.02512563   19.27889447   19.53266332   19.78643216   20.04020101   20.29396985   20.54773869   20.80150754   21.05527638   21.30904523   21.56281407   21.81658291   22.07035176   22.3241206   22.57788945   22.83165829   23.08542714   23.33919598   23.59296482   23.84673367   24.10050251   24.35427136   24.6080402   24.86180905   25.11557789   25.36934673   25.62311558   25.87688442   26.13065327   26.38442211   26.63819095   26.8919598   27.14572864   27.39949749   27.65326633   27.90703518   28.16080402   28.41457286   28.66834171   28.92211055   29.1758794   29.42964824   29.68341709   29.93718593   30.19095477   30.44472362   30.69849246   30.95226131   31.20603015   31.45979899   31.71356784   31.96733668   32.22110553   32.47487437   32.72864322   32.98241206   33.2361809   33.48994975   33.74371859   33.99748744   34.25125628   34.50502513   34.75879397   35.01256281   35.26633166   35.5201005   35.77386935   36.02763819   36.28140704   36.53517588   36.78894472   37.04271357   37.29648241   37.55025126   37.8040201   38.05778894   38.31155779   38.56532663   38.81909548   39.07286432   39.32663317   39.58040201   39.83417085   40.0879397   40.34170854   40.59547739   40.84924623   41.10301508   41.35678392   41.61055276   41.86432161   42.11809045   42.3718593   42.62562814   42.87939698   43.13316583   43.38693467   43.64070352   43.89447236   44.14824121   44.40201005   44.65577889   44.90954774   45.16331658   45.41708543   45.67085427   45.92462312   46.17839196   46.4321608   46.68592965   46.93969849   47.19346734   47.44723618   47.70100503   47.95477387   48.20854271   48.46231156   48.7160804   48.96984925   49.22361809   49.47738693   49.73115578   49.98492462   50.23869347   50.49246231   50.74623116   51   
0.5   5.239508938   6.366170127   7.672203083   9.169865747   10.86980153   12.78110648   14.9114758   17.26738148   19.85424837   22.67661284   25.73825963   29.04233807   32.5914611   36.38778996   40.43310708   44.72887866   49.27630817   54.07638202   59.12990792   64.43754712   69.99984117   75.81723407   81.8900904   88.21871018   94.80334101   101.6441879   108.7414212   116.095183   123.7055925   131.5727502   139.6967411   148.0776375   156.7155017   165.6103869   174.7623397   184.1714002   193.8376041   203.7609825   213.9415632   224.3793709   235.0744278   246.0267538   257.2363672   268.7032841   280.4275198   292.4090879   304.6480012   317.1442711   329.8979086   342.9089237   356.1773256   369.7031231   383.4863243   397.5269367   411.8249676   426.3804236   441.1933109   456.2636357   471.5914034   487.1766195   503.0192888   519.1194163   535.4770063   552.0920633   568.9645912   586.094594   603.4820754   621.1270388   639.0294878   657.1894254   675.6068548   694.2817788   713.2142004   732.4041221   751.8515467   771.5564765   791.5189139   811.7388612   832.2163206   852.9512943   873.9437841   895.1937922   916.7013203   938.4663702   960.4889438   982.7690427   1005.306668   1028.101823   1051.154507   1074.464722   1098.032471   1121.857754   1145.940572   1170.280927   1194.87882   1219.734252   1244.847225   1270.217739   1295.845796   1321.731396   1347.874541   1374.275231   1400.933469   1427.849253   1455.022587   1482.453469   1510.141902   1538.087885   1566.291421   1594.752509   1623.47115   1652.447346   1681.681096   1711.172402   1740.921264   1770.927683   1801.191659   1831.713194   1862.492287   1893.52894   1924.823152   1956.374925   1988.18426   2020.251155   2052.575613   2085.157634   2117.997218   2151.094365   2184.449077   2218.061353   2251.931194   2286.058601   2320.443574   2355.086113   2389.986219   2425.143892   2460.559133   2496.231942   2532.162319   2568.350265   2604.79578   2641.498865   2678.459519   2715.677744   2753.153539   2790.886905   2828.877843   2867.126351   2905.632432   2944.396085   2983.41731   3022.696107   3062.232478   3102.026422   3142.07794   3182.387031   3222.953696   3263.777936   3304.859751   3346.19914   3387.796104   3429.650644   3471.762759   3514.13245   3556.759717   3599.64456   3642.78698   3686.186976   3729.844549   3773.7597   3817.932427   3862.362733   3907.050615   3951.996076   3997.199115   4042.659732   4088.377928   4134.353702   4180.587055   4227.077987   4273.826498   4320.832589   4368.096259   4415.617509   4463.396338   4511.432748   4559.726737   4608.278307   4657.087457   4706.154188   4755.4785   4805.060393   4854.899866   4904.996921   4955.351557   5005.963774   5056.833573   5107.960954   5159.345917   5210.988461   
0.7537688442   2.349206479   2.861124916   3.455278445   4.136825872   4.909981963   5.778114589   6.743899649   7.809487324   8.97664674   10.24687434   11.62146601   13.10156083   14.68816625   16.38217294   18.18436493   20.09542818   22.11595898   24.24647257   26.48741197   28.83915655   31.3020303   33.87630941   36.5622292   39.35999009   42.26976304   45.29169407   48.42590818   51.6725127   55.03160005   58.50325011   62.08753218   65.78450667   69.59422638   73.51673776   77.55208176   81.70029472   85.96140898   90.33545346   94.82245413   99.4224344   104.1354155   108.9614166   113.9004553   118.9525477   124.1177084   129.3959512   134.7872883   140.2917316   145.9092916   151.6399784   157.4838014   163.4407691   169.5108898   175.694171   181.99062   188.4002434   194.9230476   201.5590385   208.3082219   215.170603   222.146187   229.2349786   236.4369823   243.7522024   251.1806432   258.7223084   266.3772019   274.145327   282.0266873   290.021286   298.1291261   306.3502106   314.6845423   323.132124   331.6929582   340.3670473   349.1543939   358.0550002   367.0688683   376.1960005   385.4363987   394.7900648   404.2570008   413.8372086   423.5306897   433.3374459   443.2574789   453.2907902   463.4373814   473.6972538   484.0704089   494.556848   505.1565725   515.8695837   526.6958828   537.635471   548.6883494   559.8545192   571.1339815   582.5267372   594.0327875   605.6521333   617.3847756   629.2307153   641.1899534   653.2624906   665.4483279   677.7474662   690.1599061   702.6856485   715.3246941   728.0770437   740.9426981   753.9216579   767.0139238   780.2194964   793.5383765   806.9705646   820.5160614   834.1748675   847.9469835   861.8324098   875.8311472   889.9431961   904.1685571   918.5072306   932.9592172   947.5245174   962.2031317   976.9950605   991.9003043   1006.918864   1022.050739   1037.29593   1052.654438   1068.126264   1083.711406   1099.409867   1115.221646   1131.146744   1147.185161   1163.336897   1179.601953   1195.98033   1212.472026   1229.077044   1245.795382   1262.627042   1279.572024   1296.630327   1313.801953   1331.086902   1348.485174   1365.996768   1383.621687   1401.359929   1419.211495   1437.176385   1455.2546   1473.446139   1491.751004   1510.169194   1528.700709   1547.34555   1566.103717   1584.97521   1603.96003   1623.058176   1642.269649   1661.594449   1681.032576   1700.584031   1720.248814   1740.026924   1759.918362   1779.923128   1800.041223   1820.272647   1840.617399   1861.07548   1881.64689   1902.331629   1923.129698   1944.041096   1965.065825   1986.203883   2007.455271   2028.819989   2050.298038   2071.889417   2093.594127   2115.412168   2137.34354   2159.388243   2181.546277   2203.817642   2226.202339   2248.700368   2271.311728   2294.03642   
1.007537688   1.312395968   1.605224074   1.946667364   2.339743704   2.786722769   3.28918938   3.848180303   4.464351128   5.13813285   5.869852776   6.659811882   7.508323708   8.415725851   9.382375592   10.40863864   11.49487675   12.64143729   13.84864565   15.11680083   16.44617337   17.83700528   19.28951114   20.80388004   22.38027787   24.01884977   25.71972256   27.48300698   29.30879982   31.19718572   33.1482389   35.16202455   37.23860009   39.37801623   41.58031796   43.84554523   46.17373372   48.56491537   51.01911887   53.5363701   56.11669246   58.76010721   61.46663367   64.23628952   67.06909096   69.96505285   72.92418889   75.94651173   79.03203309   82.18076384   85.3927141   88.66789328   92.00631018   95.40797303   98.87288955   102.401067   105.9925121   109.6472314   113.3652308   117.1465161   120.9910926   124.8989656   128.8701397   132.9046196   137.0024096   141.1635139   145.3879365   149.675681   154.0267511   158.4411501   162.9188813   167.4599478   172.0643526   176.7320986   181.4631884   186.2576246   191.1154099   196.0365465   201.0210367   206.0688828   211.180087   216.3546512   221.5925774   226.8938675   232.2585233   237.6865466   243.1779391   248.7327024   254.350838   260.0323476   265.7772326   271.5854943   277.4571342   283.3921536   289.3905537   295.4523359   301.5775012   307.7660509   314.0179861   320.3333079   326.7120174   333.1541155   339.6596033   346.2284817   352.8607517   359.5564141   366.3154699   373.1379199   380.023765   386.9730059   393.9856435   401.0616785   408.2011116   415.4039436   422.6701752   429.9998071   437.39284   444.8492744   452.3691111   459.9523506   467.5989935   475.3090405   483.0824921   490.9193489   498.8196114   506.7832801   514.8103556   522.9008384   531.0547289   539.2720277   547.5527352   555.8968519   564.3043783   572.7753147   581.3096616   589.9074194   598.5685885   607.2931694   616.0811624   624.932568   633.8473864   642.8256181   651.8672633   660.9723226   670.1407962   679.3726844   688.6679876   698.0267061   707.4488402   716.9343903   726.4833566   736.0957394   745.7715391   755.5107559   765.3133901   775.1794419   785.1089117   795.1017997   805.1581062   815.2778314   825.4609756   835.707539   846.0175219   856.3909244   866.8277469   877.3279896   887.8916526   898.5187362   909.2092407   919.9631662   930.7805129   941.6612811   952.6054709   963.6130825   974.6841162   985.8185721   997.0164504   1008.277751   1019.602475   1030.990622   1042.442191   1053.957185   1065.535601   1077.177441   1088.882705   1100.651393   1112.483505   1124.379042   1136.338003   1148.360388   1160.446198   1172.595433   1184.808093   1197.084178   1209.423689   1221.826625   1234.292986   1246.822773   1259.415987   1272.072626   1284.792691   
1.261306533   0.8175092858   1.005377267   1.226086774   1.48189751   1.774436035   2.104697506   2.473134681   2.879804424   3.324531027   3.807050444   4.327114532   4.884550812   5.479284836   6.111337133   6.780806412   7.487847917   8.232652399   9.015428456   9.836389091   10.6957423   11.59368504   12.53039982   13.50605308   14.52079499   15.57475989   16.66806736   17.80082342   18.9731219   20.18504575   21.43666833   22.72805453   24.05926189   25.43034182   26.84133869   28.29229413   29.78324404   31.31422097   32.88525418   34.49637011   36.14759268   37.83894361   39.5704427   41.34210802   43.15395611   45.00600217   46.89826022   48.83074316   50.80346295   52.81643069   54.86965668   56.96315052   59.09692117   61.27097701   63.48532586   65.7399751   68.03493164   70.37020198   72.74579224   75.16170822   77.61795538   80.11453889   82.65146365   85.22873428   87.84635521   90.50433062   93.20266448   95.94136059   98.72042256   101.5398538   104.3996577   107.2998372   110.2403955   113.2213354   116.2426596   119.3043708   122.4064714   125.548964   128.7318507   131.955134   135.2188158   138.5228982   141.8673833   145.2522729   148.6775689   152.143273   155.6493869   159.1959123   162.7828507   166.4102038   170.0779729   173.7861594   177.5347649   181.3237905   185.1532377   189.0231075   192.9334013   196.8841202   200.8752653   204.9068378   208.9788387   213.0912689   217.2441296   221.4374217   225.6711461   229.9453038   234.2598956   238.6149223   243.0103849   247.4462842   251.9226209   256.4393957   260.9966095   265.594263   270.2323569   274.9108919   279.6298685   284.3892876   289.1891497   294.0294555   298.9102055   303.8314004   308.7930407   313.7951269   318.8376597   323.9206396   329.044067   334.2079425   339.4122667   344.6570398   349.9422625   355.2679353   360.6340584   366.0406325   371.4876579   376.975135   382.5030643   388.0714462   393.680281   399.3295691   405.019311   410.749507   416.5201574   422.3312626   428.1828229   434.0748387   440.0073104   445.9802382   451.9936224   458.0474634   464.1417615   470.276517   476.4517301   482.6674012   488.9235305   495.2201183   501.5571649   507.9346706   514.3526355   520.81106   527.3099444   533.8492888   540.4290935   547.0493588   553.7100848   560.4112718   567.15292   573.9350297   580.7576011   587.6206343   594.5241296   601.4680872   608.4525073   615.4773901   622.5427357   629.6485444   636.7948164   643.9815518   651.2087509   658.4764137   665.7845405   673.1331315   680.5221868   687.9517066   695.421691   702.9321403   710.4830545   718.0744338   725.7062784   733.3785885   741.0913641   748.8446055   756.6383127   764.472486   772.3471254   780.262231   788.2178031   796.2138418   804.2503472   812.3273193   820.4447585   
1.515075377   0.541321509   0.6696983733   0.82194994   1.000052391   1.205470361   1.439094354   1.701263077   1.991862641   2.3104733   2.656525639   3.029433667   3.428686892   3.85389883   4.304819898   4.781326775   5.283399687   5.811096118   6.36452611   6.943831639   7.549170742   8.180706096   8.838597318   9.522996133   10.23404365   10.97186911   11.73658961   12.52831046   13.34712586   14.19311981   15.06636711   15.96693427   16.89488047   17.8502584   18.83311506   19.84349243   20.88142811   21.94695582   23.04010593   24.16090583   25.3093803   26.48555185   27.68944093   28.92106621   30.18044479   31.46759233   32.78252327   34.12525088   35.49578747   36.89414441   38.32033227   39.77436089   41.25623944   42.76597646   44.30357998   45.86905751   47.46241609   49.08366234   50.73280252   52.40984251   54.11478785   55.84764381   57.60841535   59.39710718   61.21372378   63.05826939   64.93074803   66.83116355   68.75951961   70.71581967   72.70006708   74.71226499   76.75241645   78.82052435   80.91659145   83.04062043   85.19261382   87.37257406   89.5805035   91.81640438   94.08027885   96.372129   98.69195682   101.0397642   103.4155531   105.8193251   108.2510821   110.7108257   113.1985574   115.7142789   118.2579915   120.8296968   123.4293962   126.0570909   128.7127822   131.3964715   134.1081599   136.8478485   139.6155387   142.4112313   145.2349276   148.0866285   150.966335   153.8740482   156.8097689   159.7734981   162.7652367   165.7849855   168.8327455   171.9085172   175.0123017   178.1440996   181.3039118   184.4917389   187.7075816   190.9514407   194.2233167   197.5232105   200.8511226   204.2070536   207.5910041   211.0029748   214.4429662   217.9109788   221.4070133   224.9310701   228.4831498   232.0632529   235.6713798   239.3075312   242.9717073   246.6639088   250.384136   254.1323894   257.9086695   261.7129766   265.5453112   269.4056736   273.2940643   277.2104837   281.1549321   285.1274099   289.1279174   293.1564551   297.2130232   301.2976221   305.4102522   309.5509137   313.719607   317.9163323   322.1410901   326.3938806   330.674704   334.9835607   339.320451   343.6853751   348.0783334   352.499326   356.9483532   361.4254153   365.9305126   370.4636452   375.0248135   379.6140176   384.2312579   388.8765345   393.5498476   398.2511975   402.9805844   407.7380085   412.52347   417.3369691   422.178506   427.048081   431.9456942   436.8713458   441.8250359   446.8067648   451.8165327   456.8543398   461.9201861   467.0140719   472.1359974   477.2859627   482.463968   487.6700134   492.9040991   498.1662253   503.4563921   508.7745997   514.1208482   519.4951378   524.8974685   530.3278406   535.7862542   541.2727095   546.7872065   552.3297453   557.9003262   563.4989493   569.1256146   
1.768844221   0.3719454489   0.4629049738   0.5719075628   0.7007953609   0.8510380418   1.023622715   1.219009111   1.437163237   1.67766026   1.93982815   2.222896248   2.526118874   2.84885817   3.190624831   3.551085047   3.93004558   4.327428035   4.743240448   5.177551039   5.630466389   6.102114605   6.592633094   7.102160162   7.630829585   8.178767366   8.746090032   9.332903977   9.939305478   10.56538113   11.21120849   11.87685688   12.56238817   13.26785757   13.99331439   14.7388027   15.50436197   16.2900276   17.09583143   17.92180216   18.76796574   19.63434565   20.52096327   21.42783804   22.35498774   23.30242865   24.27017573   25.25824273   26.26664238   27.2953864   28.34448571   29.41395042   30.50378996   31.61401313   32.74462813   33.89564267   35.06706395   36.25889876   37.47115347   38.70383409   39.95694627   41.23049539   42.52448649   43.83892437   45.17381357   46.52915842   47.90496299   49.3012312   50.71796675   52.15517316   53.61285382   55.09101193   56.58965055   58.10877268   59.64838102   61.20847836   62.78906717   64.39014999   66.01172918   67.65380699   69.31638561   70.99946713   72.70305357   74.42714687   76.17174888   77.93686141   79.72248618   81.52862486   83.35527906   85.20245033   87.07014018   88.95835001   90.86708127   92.79633528   94.74611336   96.71641676   98.70724671   100.7186044   102.7504909   104.8029075   106.8758551   108.9693348   111.0833475   113.2178944   115.3729763   117.5485942   119.744749   121.9614414   124.1986724   126.4564428   128.7347534   131.033605   133.3529983   135.692934   138.0534129   140.4344357   142.836003   145.2581154   147.7007738   150.1639786   152.6477304   155.1520299   157.6768777   160.2222743   162.7882202   165.3747161   167.9817623   170.6093595   173.2575081   175.9262087   178.6154616   181.3252674   184.0556265   186.8065393   189.5780064   192.370028   195.1826047   198.0157368   200.8694248   203.743669   206.6384697   209.5538274   212.4897425   215.4462152   218.423246   221.4208352   224.438983   227.4776899   230.5369561   233.616782   236.7171679   239.838114   242.9796207   246.1416883   249.3243169   252.5275071   255.7512588   258.9955726   262.2604486   265.545887   268.8518882   272.1784523   275.5255796   278.8932704   282.2815249   285.6903433   289.1197258   292.5696727   296.0401842   299.5312605   303.0429017   306.5751082   310.1278801   313.7012176   317.2951208   320.9095901   324.5446256   328.2002274   331.8763958   335.5731309   339.2904329   343.0283019   346.7867383   350.565742   354.3653133   358.1854524   362.0261593   365.8874343   369.7692775   373.6716891   377.5946692   381.5382179   385.5023355   389.487022   393.4922775   397.5181023   401.5644965   405.6314601   409.7189934   413.8270964   417.9557693   
2.022613065   0.2616818104   0.3275111634   0.4072292903   0.5025633342   0.6150100826   0.7457049336   0.8953268165   1.064065177   1.251660176   1.457506232   1.680791416   1.920638822   2.176222151   2.446841311   2.731957476   3.031196057   3.344329223   3.671248637   4.011936141   4.366436963   4.734837527   5.117248332   5.513791468   5.924591973   6.349772168   6.789448197   7.243728115   7.712711043   8.196487016   8.695137265   9.208734747   9.737344811   10.2810259   10.83983027   11.41380464   12.00299085   12.60742641   13.22714502   13.862177   14.51254971   15.17828793   15.8594141   16.55594865   17.26791018   17.99531573   18.7381809   19.49652001   20.27034628   21.05967192   21.86450819   22.68486559   23.52075383   24.372182   25.23915855   26.12169141   27.01978797   27.9334552   28.86269963   29.80752741   30.76794434   31.74395589   32.73556723   33.74278325   34.76560859   35.80404764   36.85810456   37.92778333   39.01308772   40.11402131   41.23058753   42.36278965   43.51063077   44.67411387   45.85324181   47.0480173   48.25844295   49.48452126   50.72625462   51.98364533   53.2566956   54.54540754   55.84978319   57.16982452   58.50553339   59.85691164   61.22396098   62.60668315   64.00507972   65.41915228   66.84890233   68.29433134   69.75544071   71.23223181   72.72470594   74.23286439   75.75670838   77.2962391   78.8514577   80.42236531   82.00896301   83.61125183   85.22923281   86.86290693   88.51227513   90.17733836   91.85809751   93.55455346   95.26670705   96.99455912   98.73811046   100.4973619   102.2723141   104.0629678   105.8693239   107.6913829   109.5291455   111.3826125   113.2517844   115.1366619   117.0372456   118.9535361   120.8855339   122.8332397   124.796654   126.7757774   128.7706103   130.7811532   132.8074068   134.8493714   136.9070475   138.9804357   141.0695363   143.1743498   145.2948767   147.4311173   149.5830722   151.7507416   153.934126   156.1332258   158.3480414   160.578573   162.8248212   165.0867863   167.3644685   169.6578683   171.9669859   174.2918218   176.6323761   178.9886494   181.3606417   183.7483535   186.1517851   188.5709367   191.0058086   193.4564011   195.9227144   198.4047489   200.9025048   203.4159824   205.9451818   208.4901035   211.0507475   213.6271141   216.2192036   218.8270162   221.4505522   224.0898117   226.7447949   229.4155022   232.1019336   234.8040894   237.5219698   240.2555751   243.0049053   245.7699607   248.5507414   251.3472477   254.1594798   256.9874378   259.8311219   262.6905322   265.565669   268.4565324   271.3631226   274.2854397   277.2234838   280.1772553   283.1467541   286.1319805   289.1329347   292.1496166   295.1820266   298.2301647   301.2940311   304.3736259   307.4689492   310.5800013   313.7067822   316.849292   320.0075309   
2.27638191   0.1870452182   0.235289505   0.2942957621   0.365649974   0.4508343653   0.5511009266   0.6673522464   0.8000575567   0.9492279659   1.114460524   1.295040955   1.490078513   1.69864079   1.919862491   2.153015181   2.397538052   2.65303811   2.919271142   3.196113715   3.483533593   3.781562909   4.090276018   4.40977242   4.740164288   5.081567803   5.434097443   5.797862444   6.172964802   6.559498348   6.9575485   7.367192465   7.788499695   8.221532481   8.666346596   9.122991956   9.591513241   10.07195049   10.56433961   11.06871291   11.58509947   12.11352554   12.65401491   13.20658913   13.77126785   14.34806895   14.93700882   15.53810247   16.1513637   16.77680525   17.41443887   18.06427543   18.72632504   19.40059709   20.08710034   20.78584296   21.49683259   22.22007639   22.95558109   23.703353   24.46339807   25.23572192   26.02032984   26.81722682   27.62641762   28.44790671   29.28169837   30.12779662   30.98620531   31.85692811   32.73996849   33.63532978   34.54301515   35.46302761   36.39537006   37.34004526   38.29705587   39.26640441   40.24809331   41.2421249   42.24850143   43.26722502   44.29829775   45.34172159   46.39749845   47.46563018   48.54611852   49.63896519   50.74417183   51.86174002   52.99167126   54.13396707   55.28862885   56.45565796   57.63505574   58.82682348   60.03096241   61.24747373   62.47635862   63.7176182   64.97125355   66.23726573   67.51565577   68.80642466   70.10957337   71.42510283   72.75301394   74.0933076   75.44598464   76.81104592   78.18849223   79.57832435   80.98054306   82.3951491   83.82214318   85.26152601   86.71329827   88.17746064   89.65401375   91.14295825   92.64429474   94.15802383   95.6841461   97.22266212   98.77357243   100.3368776   101.9125782   103.5006746   105.1011675   106.7140572   108.3393443   109.9770293   111.6271125   113.2895945   114.9644757   116.6517564   118.3514372   120.0635185   121.7880005   123.5248838   125.2741687   127.0358556   128.8099448   130.5964367   132.3953317   134.20663   136.0303321   137.8664383   139.7149488   141.575864   143.4491843   145.3349098   147.233041   149.143578   151.0665212   153.0018709   154.9496273   156.9097907   158.8823614   160.8673395   162.8647255   164.8745195   166.8967217   168.9313325   170.978352   173.0377805   175.1096181   177.1938652   179.2905219   181.3995885   183.5210652   185.6549521   187.8012495   189.9599575   192.1310764   194.3146064   196.5105476   198.7189003   200.9396646   203.1728407   205.4184287   207.6764289   209.9468414   212.2296665   214.5249041   216.8325546   219.1526181   221.4850947   223.8299845   226.1872878   228.5570047   230.9391354   233.3336799   235.7406384   238.1600111   240.5917981   243.0359996   245.4926156   247.9616463   250.4430919   252.9369524   
2.530150754   0.1351859597   0.1708103522   0.2147760239   0.268497054   0.3333822473   0.4107305089   0.501612965   0.6067632034   0.7265018782   0.860717938   1.008914976   1.170312412   1.343975884   1.528946152   1.724342015   1.929425255   2.143628025   2.366551041   2.597943586   2.837675233   3.085706346   3.342061481   3.60680749   3.880036653   4.161854359   4.45237053   4.751693949   5.059928727   5.377172285   5.703514391   6.03903687   6.383813761   6.737911723   7.101390586   7.474303957   7.856699838   8.24862122   8.650106641   9.061190695   9.481904492   9.912276063   10.35233073   10.80209142   11.26157893   11.73081222   12.20980857   12.69858378   13.19715236   13.70552766   14.22372197   14.75174665   15.28961223   15.83732848   16.39490448   16.96234872   17.5396691   18.12687302   18.72396742   19.33095881   19.94785333   20.57465672   21.21137444   21.85801163   22.51457312   23.18106353   23.85748721   24.54384829   25.2401507   25.94639818   26.66259428   27.38874238   28.12484571   28.87090735   29.62693025   30.39291721   31.16887093   31.95479398   32.75068883   33.55655784   34.37240328   35.19822733   36.03403207   36.87981952   37.7355916   38.60135019   39.47709705   40.36283393   41.25856247   42.16428428   43.0800009   44.00571382   44.94142448   45.88713427   46.84284452   47.80855654   48.78427157   49.76999084   50.76571552   51.77144673   52.78718559   53.81293316   54.84869047   55.89445853   56.9502383   58.01603073   59.09183673   60.1776572   61.27349299   62.37934495   63.49521387   64.62110057   65.75700582   66.90293032   68.05887484   69.22484009   70.40082674   71.58683547   72.78286693   73.98892176   75.20500057   76.43110397   77.66723255   78.91338688   80.16956751   81.43577501   82.71200989   83.99827267   85.29456387   86.60088398   87.91723347   89.24361283   90.5800225   91.92646295   93.2829346   94.64943789   96.02597325   97.41254107   98.80914177   100.2157757   101.6324433   103.0591449   104.4958809   105.9426517   107.3994575   108.8662988   110.3431759   111.8300891   113.3270387   114.834025   116.3510484   117.8781092   119.4152077   120.9623441   122.5195187   124.0867318   125.6639838   127.2512748   128.8486051   130.455975   132.0733848   133.7008346   135.3383248   136.9858555   138.643427   140.3110396   141.9886935   143.6763888   145.3741259   147.0819049   148.799726   150.5275894   152.2654954   154.0134442   155.7714359   157.5394707   159.3175488   161.1056705   162.9038358   164.7120451   166.5302983   168.3585958   170.1969377   172.0453242   173.9037554   175.7722315   177.6507526   179.539319   181.4379307   183.3465879   185.2652908   187.1940396   189.1328343   191.0816751   193.0405621   195.0094955   196.9884755   198.9775021   200.9765755   202.9856958   205.0048632   
2.783919598   0.09849840655   0.1249266863   0.1578018538   0.1983476378   0.2478489453   0.3075763083   0.3786868803   0.4621136913   0.5584635498   0.6679484335   0.7903712106   0.9251732929   1.071533919   1.228496283   1.395091147   1.570434681   1.753789364   1.944588671   2.142433777   2.347072995   2.558373489   2.77629205   3.000848865   3.232105984   3.470150743   3.715083662   3.967010015   4.226034247   4.492256486   4.76577054   5.046662924   5.335012556   5.630890881   5.934362256   6.245484466   6.564309304   6.890883161   7.225247596   7.567439874   7.917493453   8.275438425   8.641301915   9.015108425   9.396880146   9.786637226   10.184398   10.59017922   11.00399618   11.42586296   11.85579247   12.29379663   12.73988646   13.19407216   13.65636321   14.12676843   14.60529603   15.09195369   15.5867486   16.08968749   16.60077668   17.12002213   17.64742943   18.18300387   18.72675044   19.27867385   19.83877859   20.40706889   20.98354876   21.56822203   22.16109233   22.76216311   23.37143769   23.98891919   24.61461061   25.24851483   25.89063458   26.54097248   27.19953104   27.86631267   28.54131967   29.22455425   29.91601854   30.61571457   31.32364431   32.03980963   32.76421236   33.49685424   34.23773695   34.98686211   35.74423129   36.50984599   37.28370767   38.06581773   38.85617753   39.65478838   40.46165155   41.27676826   42.10013971   42.93176703   43.77165134   44.61979372   45.47619522   46.34085682   47.21377955   48.09496432   48.98441207   49.88212369   50.78810006   51.70234201   52.62485037   53.55562594   54.49466949   55.44198177   56.39756352   57.36141544   58.33353825   59.3139326   60.30259915   61.29953856   62.30475143   63.31823838   64.34   65.37003687   66.40834954   67.45493858   68.50980451   69.57294785   70.64436912   71.7240688   72.8120474   73.90830538   75.01284321   76.12566133   77.24676018   78.37614021   79.51380183   80.65974545   81.81397148   82.97648031   84.14727232   85.3263479   86.51370741   87.70935122   88.91327967   90.12549311   91.34599188   92.57477631   93.81184673   95.05720346   96.31084679   97.57277705   98.84299453   100.1214995   101.4082923   102.7033732   104.0067424   105.3184003   106.638347   107.9665829   109.3031082   110.6479232   112.001028   113.362423   114.7321084   116.1100844   117.4963512   118.8909091   120.2937583   121.704899   123.1243314   124.5520557   125.9880721   127.4323809   128.8849822   130.3458761   131.815063   133.292543   134.7783163   136.272383   137.7747434   139.2853975   140.8043457   142.3315879   143.8671245   145.4109556   146.9630813   148.5235019   150.0922173   151.6692279   153.2545337   154.848135   156.4500318   158.0602242   159.6787126   161.3054969   162.9405773   164.5839539   166.2356269   167.8955965   169.5638627   
3.037688442   0.07221039287   0.09187570312   0.116503948   0.1471260318   0.184871428   0.2309209225   0.2864343021   0.352456183   0.4298113002   0.5190087849   0.620179064   0.7330630351   0.857060395   0.99132687   1.134896352   1.286799751   1.446158379   1.612241421   1.784488398   1.96250476   2.146040992   2.33496449   2.52923072   2.728857433   2.933903531   3.14445283   3.360602202   3.582453321   3.810107192   4.043660727   4.283204775   4.52882316   4.780592368   5.038581664   5.302853453   5.573463777   5.850462874   6.133895748   6.423802723   6.720219955   7.023179914   7.332711805   7.648841955   7.97159415   8.30098993   8.637048857   8.979788739   9.32922583   9.685375008   10.04824992   10.41786313   10.79422621   11.17734987   11.56724402   11.96391788   12.36738001   12.77763841   13.19470053   13.61857338   14.0492635   14.48677704   14.93111978   15.38229719   15.84031441   16.30517628   16.77688742   17.25545217   17.74087465   18.23315879   18.73230831   19.23832675   19.75121747   20.2709837   20.79762849   21.33115477   21.87156534   22.41886286   22.9730499   23.5341289   24.10210222   24.67697209   25.25874068   25.84741006   26.44298223   27.04545909   27.6548425   28.27113422   28.89433595   29.52444935   30.16147599   30.8054174   31.45627507   32.1140504   32.77874478   33.45035954   34.12889595   34.81435525   35.50673865   36.20604731   36.91228235   37.62544486   38.34553588   39.07255647   39.80650759   40.5473902   41.29520524   42.04995361   42.8116362   43.58025386   44.3558074   45.13829764   45.92772535   46.72409131   47.52739624   48.33764087   49.15482589   49.97895198   50.81001982   51.64803004   52.49298327   53.34488012   54.20372119   55.06950707   55.94223831   56.82191547   57.70853909   58.6021097   59.5026278   60.4100939   61.32450849   62.24587204   63.17418502   64.10944788   65.05166107   66.00082502   66.95694016   67.9200069   68.89002564   69.86699679   70.85092072   71.84179783   72.83962847   73.84441302   74.85615183   75.87484524   76.90049359   77.93309723   78.97265646   80.01917163   81.07264302   82.13307096   83.20045575   84.27479767   85.35609701   86.44435406   87.5395691   88.6417424   89.75087421   90.86696482   91.99001446   93.12002339   94.25699186   95.40092011   96.55180838   97.7096569   98.87446589   100.0462356   101.2249662   102.410658   103.6033111   104.8029258   106.0095022   107.2230406   108.4435412   109.6710041   110.9054296   112.1468179   113.395169   114.6504833   115.9127608   117.1820018   118.4582064   119.7413748   121.0315072   122.3286037   123.6326645   124.9436898   126.2616797   127.5866343   128.9185538   130.2574384   131.6032882   132.9561034   134.315884   135.6826303   137.0563423   138.4370203   139.8246642   141.2192744   142.6208508   
3.291457286   0.05319671635   0.06786077031   0.0863297787   0.1094525696   0.1381914393   0.1735979301   0.2167671191   0.2687681804   0.3305544195   0.4028637489   0.486128363   0.5804162006   0.6854228282   0.8005200321   0.9248509564   1.057448521   1.197349973   1.343686343   1.495736943   1.652949988   1.814937328   1.981453402   2.152367369   2.327634711   2.50727192   2.6913358   2.879907564   3.073081247   3.270955631   3.473628897   3.681195276   3.893743126   4.111353979   4.334102243   4.562055302   4.79527387   5.033812475   5.277719998   5.52704023   5.781812404   6.042071706   6.30784973   6.579174895   6.856072822   7.138566656   7.426677363   7.720423979   8.019823837   8.324892759   8.635645224   8.95209452   9.274252873   9.602131557   9.935740993   10.27509084   10.62019007   10.97104702   11.32766949   11.69006474   12.05823958   12.43220039   12.81195318   13.19750358   13.5888569   13.98601817   14.38899211   14.79778321   15.21239572   15.63283365   16.05910084   16.49120092   16.92913733   17.37291337   17.82253217   18.27799674   18.73930991   19.20647443   19.67949289   20.15836781   20.64310157   21.13369647   21.6301547   22.13247837   22.64066952   23.15473008   23.67466193   24.20046687   24.73214664   25.2697029   25.81313726   26.36245128   26.91764644   27.47872419   28.04568592   28.61853299   29.19726668   29.78188825   30.37239892   30.96879987   31.57109223   32.1792771   32.79335555   33.41332862   34.0391973   34.67096256   35.30862535   35.95218659   36.60164715   37.2570079   37.91826967   38.58543328   39.25849952   39.93746915   40.62234292   41.31312155   42.00980575   42.71239623   43.42089358   44.13529855   44.85561171   45.5818337   46.31396511   47.05200654   47.79595855   48.54582169   49.30159652   50.06328356   50.83088333   51.60439633   52.38382305   53.16916398   53.96041957   54.7575903   55.56067661   56.36967893   57.18459769   58.0054333   58.83218619   59.66485674   60.50344534   61.34795238   62.19837822   63.05472324   63.9169878   64.78517223   65.65927688   66.53930209   67.42524818   68.31711548   69.2149043   70.11861494   71.02824772   71.94380292   72.86528083   73.79268175   74.72600594   75.66525368   76.61042524   77.56152087   78.51854085   79.48148541   80.45035481   81.42514929   82.40586909   83.39251444   84.38508557   85.38358271   86.38800608   87.3983559   88.41463237   89.43683571   90.46496613   91.49902382   92.53900899   93.58492183   94.63676253   95.69453128   96.75822826   97.82785366   98.90340766   99.98489044   101.0723022   102.165643   103.2649131   104.3701127   105.4812418   106.5983008   107.7212896   108.8502086   109.9850577   111.1258373   112.2725474   113.4251881   114.5837597   115.7482622   116.9186957   118.0950606   119.2773567   120.4655844   121.6597437   
3.545226131   0.03934611353   0.05029887748   0.06415809514   0.08160966227   0.1034526483   0.1305914616   0.1640120903   0.2047378115   0.2537623207   0.311963471   0.3800082608   0.4582671488   0.5467593562   0.6451469124   0.7527832351   0.8688061961   0.9922530904   1.122171282   1.257704167   1.398143073   1.542946328   1.691733319   1.844263415   2.00040841   2.1601246   2.323427957   2.490373854   2.661041518   2.835522695   3.013913772   3.196310543   3.38280495   3.573483197   3.768424829   3.967702433   4.171381746   4.379521994   4.592176364   4.809392536   5.031213221   5.257676688   5.48881725   5.724665722   5.965249821   6.210594533   6.460722429   6.715653957   6.975407683   7.240000508   7.509447863   7.783763871   8.062961492   8.34705265   8.636048341   8.929958733   9.228793247   9.532560632   9.841269034   10.15492605   10.47353876   10.79711383   11.12565748   11.45917557   11.79767359   12.14115675   12.48962992   12.84309775   13.20156461   13.56503463   13.93351177   14.30699974   14.6855021   15.06902222   15.45756332   15.85112847   16.24972058   16.65334246   17.06199676   17.47568604   17.89441275   18.31817922   18.7469877   19.18084034   19.6197392   20.06368626   20.51268344   20.96673256   21.42583539   21.88999362   22.35920888   22.83348278   23.31281679   23.7972124   24.28667103   24.78119401   25.28078271   25.78543837   26.29516222   26.80995546   27.32981924   27.85475468   28.38476285   28.9198448   29.46000155   30.00523408   30.55554333   31.11093024   31.6713957   32.23694058   32.80756573   33.38327196   33.96406008   34.54993085   35.14088503   35.73692336   36.33804654   36.94425527   37.55555022   38.17193205   38.79340139   39.41995888   40.05160511   40.68834068   41.33016616   41.97708211   42.62908909   43.28618761   43.94837821   44.6156614   45.28803766   45.96550748   46.64807133   47.33572968   48.02848297   48.72633165   49.42927614   50.13731686   50.85045423   51.56868864   52.2920205   53.02045017   53.75397804   54.49260448   55.23632984   55.98515447   56.73907872   57.49810293   58.26222742   59.03145252   59.80577855   60.58520581   61.3697346   62.15936523   62.95409798   63.75393315   64.55887101   65.36891183   66.18405588   67.00430343   67.82965474   68.66011005   69.49566963   70.3363337   71.18210252   72.03297632   72.88895532   73.75003975   74.61622985   75.48752581   76.36392787   77.24543622   78.13205108   79.02377265   79.92060112   80.8225367   81.72957958   82.64172994   83.55898797   84.48135386   85.40882778   86.34140991   87.27910042   88.22189949   89.16980728   90.12282396   91.08094968   92.04418462   93.01252892   93.98598274   94.96454623   95.94821955   96.93700283   97.93089623   98.92989989   99.93401394   100.9432385   101.9575738   102.9770199   104.0015769   105.0312449   
3.798994975   0.02919976323   0.0373920963   0.0477978109   0.06096284331   0.07753713136   0.09827706415   0.1240375009   0.1557484772   0.1943722222   0.2408385991   0.2959621366   0.3603509884   0.4343252839   0.5178657099   0.6106093056   0.7118978454   0.8208688926   0.936567555   1.058053586   1.184484204   1.315163713   1.449561228   1.587304222   1.728157485   1.871995922   2.018777111   2.168516958   2.321269848   2.477113437   2.636137574   2.798436601   2.964104253   3.133230467   3.305899556   3.482189304   3.662170687   3.84590797   4.03345905   4.224875916   4.420205169   4.619488552   4.822763462   5.030063431   5.241418569   5.456855958   5.67640001   5.900072779   6.127894241   6.359882535   6.596054173   6.836424231   7.081006505   7.329813658   7.582857339   7.840148291   8.101696448   8.367511015   8.637600542   8.911972986   9.19063577   9.473595829   9.760859655   10.05243334   10.3483226   10.64853282   10.95306908   11.26193615   11.57513857   11.8926806   12.21456632   12.54079956   12.87138397   13.20632303   13.54562004   13.88927814   14.23730034   14.58968949   14.94644833   15.30757947   15.67308541   16.04296854   16.41723115   16.79587544   17.17890351   17.56631739   17.95811902   18.35431027   18.75489293   19.15986873   19.56923933   19.98300633   20.40117128   20.82373567   21.25070092   21.68206844   22.11783955   22.55801555   23.00259769   23.45158717   23.90498517   24.36279281   24.82501118   25.29164136   25.76268436   26.23814118   26.71801278   27.2023001   27.69100404   28.18412549   28.6816653   29.1836243   29.69000329   30.20080306   30.71602437   31.23566796   31.75973455   32.28822484   32.8211395   33.35847921   33.9002446   34.44643631   34.99705493   35.5521011   36.11157535   36.67547828   37.24381043   37.81657233   38.39376452   38.9753875   39.56144179   40.15192785   40.74684616   41.3461972   41.94998142   42.55819926   43.17085115   43.78793751   44.40945876   45.03541531   45.66580754   46.30063584   46.9399006   47.58360218   48.23174094   48.88431724   49.54133142   50.20278382   50.86867477   51.5390046   52.21377363   52.89298216   53.57663051   54.26471897   54.95724783   55.65421738   56.3556279   57.06147967   57.77177296   58.48650804   59.20568515   59.92930457   60.65736653   61.38987129   62.12681908   62.86821014   63.6140447   64.36432299   65.11904524   65.87821165   66.64182246   67.40987786   68.18237807   68.95932329   69.74071372   70.52654955   71.31683099   72.11155822   72.91073142   73.71435078   74.52241649   75.33492871   76.15188763   76.9732934   77.79914621   78.62944622   79.46419359   80.30338848   81.14703105   81.99512145   82.84765984   83.70464636   84.56608117   85.4319644   86.30229621   87.17707674   88.05630611   88.93998448   89.82811196   90.7206887   91.61771483   
4.052763819   0.0217328982   0.02786851024   0.03568572947   0.04561395039   0.05817320175   0.07398215699   0.09376014988   0.1183191045   0.1485407   0.1853345956   0.2295759642   0.2820254747   0.34324178   0.4135034156   0.4927602152   0.5806305395   0.6764493368   0.7793572546   0.888409413   1.002679259   1.121338553   1.243704952   1.369258592   1.497635216   1.628605233   1.76204689   1.897919307   2.036238609   2.177058484   2.320455306   2.466517306   2.615337046   2.767006442   2.921613651   3.079241294   3.239965579   3.403856027   3.570975578   3.741380929   3.915122983   4.092247366   4.27279494   4.456802313   4.644302305   4.835324386   5.02989506   5.228038217   5.429775438   5.63512627   5.844108461   6.05673817   6.273030145   6.492997886   6.716653782   6.94400923   7.175074743   7.40986004   7.648374127   7.890625371   8.136621558   8.386369951   8.639877335   8.897150067   9.158194104   9.423015046   9.691618161   9.964008414   10.24019049   10.52016882   10.80394759   11.09153077   11.38292213   11.67812525   11.97714351   12.27998017   12.58663829   12.89712082   13.21143056   13.52957019   13.85154226   14.17734924   14.50699345   14.84047714   15.17780247   15.51897151   15.86398623   16.21284853   16.56556026   16.92212317   17.28253896   17.64680925   18.01493562   18.38691957   18.76276258   19.14246605   19.52603134   19.91345976   20.30475259   20.69991104   21.09893631   21.50182953   21.90859183   22.31922427   22.73372789   23.15210371   23.5743527   24.0004758   24.43047394   24.864348   25.30209886   25.74372735   26.18923428   26.63862045   27.09188663   27.54903357   28.01006198   28.47497259   28.94376608   29.41644311   29.89300434   30.3734504   30.85778191   31.34599948   31.83810368   32.3340951   32.83397428   33.33774177   33.8453981   34.35694378   34.87237932   35.39170521   35.91492193   36.44202995   36.97302973   37.50792171   38.04670631   38.58938401   39.13595517   39.68642022   40.24077956   40.79903357   41.36118264   41.92722714   42.49716743   43.07100386   43.6487368   44.23036657   44.81589351   45.40531795   45.99864021   46.5958606   47.19697943   47.801997   48.4109136   49.02372952   49.64044505   50.26106047   50.88557604   51.51399203   52.1463087   52.78252631   53.42264511   54.06666535   54.71458727   55.3664111   56.02213709   56.68176545   57.34529641   58.0127302   58.68406702   59.3593071   60.03845064   60.72149784   61.40844891   62.09930404   62.79406343   63.49272727   64.19529574   64.90176904   65.61214733   66.32643081   67.04461964   67.766714   68.49271405   69.22261996   69.95643191   70.69415003   71.4357745   72.18130548   72.9307431   73.68408753   74.44133892   75.2024974   75.96756313   76.73653623   77.50941687   78.28620516   79.06690124   79.85150526   80.64001733   
4.306532663   0.01621677005   0.02081778277   0.02669419628   0.034180634   0.04368786381   0.05571313107   0.07084764289   0.08977822318   0.1132791957   0.1421899952   0.1773745109   0.2196605274   0.2697623699   0.328196552   0.3952068241   0.4707180619   0.5543346835   0.6453883027   0.7430249801   0.8463112199   0.9543348424   1.066282396   1.18148492   1.299433523   1.419772188   1.542276959   1.666829506   1.793390623   1.921976824   2.052641295   2.185459334   2.320517757   2.457907546   2.597718987   2.740038632   2.884947571   3.032520577   3.182825851   3.335925127   3.491874003   3.650722394   3.812515032   3.977291977   4.145089112   4.315938607   4.489869345   4.6669073   4.847075884   5.030396244   5.216887535   5.406567145   5.599450905   5.795553268   5.994887458   6.197465614   6.4032989   6.612397617   6.824771286   7.040428731   7.259378148   7.481627165   7.707182898   7.936051997   8.168240687   8.403754807   8.642599844   8.884780961   9.130303021   9.379170619   9.631388092   9.886959548   10.14588888   10.40817977   10.67383574   10.94286011   11.21525605   11.49102659   11.77017461   12.05270285   12.33861394   12.6279104   12.92059461   13.21666889   13.51613543   13.81899635   14.12525367   14.43490934   14.74796522   15.06442312   15.38428476   15.7075518   16.03422584   16.36430844   16.69780113   17.03470515   17.3750221   17.71875322   18.06589983   18.41646315   18.7704444   19.12784474   19.4886653   19.85290716   20.22057139   20.591659   20.96617098   21.3441083   21.72547189   22.11026265   22.49848145   22.89012915   23.28520657   23.68371451   24.08565375   24.49102505   24.89982915   25.31206675   25.72773855   26.14684524   26.56938747   26.99536588   27.42478109   27.85763371   28.29392434   28.73365355   29.17682191   29.62342995   30.07347822   30.52696724   30.98389752   31.44426954   31.9080838   32.37534077   32.84604091   33.32018466   33.79777248   34.27880478   34.763282   35.25120453   35.74257278   36.23738715   36.73564801   37.23735574   37.7425107   38.25111329   38.76316378   39.27866258   39.79761001   40.32000639   40.84585205   41.37514731   41.90789246   42.44408782   42.98373369   43.52683034   44.07337807   44.62337717   45.17682787   45.73373049   46.29408526   46.85789245   47.42515231   47.99586509   48.57003104   49.14765038   49.72872336   50.3132502   50.90123114   51.49266639   52.08755616   52.68590069   53.28770016   53.89295479   54.50166478   55.11383034   55.72945164   56.3485289   56.97106228   57.59705199   58.2264982   58.85940109   59.49576084   60.13557762   60.77885159   61.42558293   62.0757718   62.72941837   63.38652278   64.04708521   64.71110579   65.37858469   66.04952205   66.72391802   67.40177273   68.08308635   68.76785899   69.45609081   70.14778194   70.84293251   71.54154264   
4.560301508   0.01212826994   0.01558276155   0.02000345024   0.02564926659   0.03284145868   0.04197425505   0.05352468528   0.06805960835   0.08623706523   0.1087981459   0.136545032   0.1703013792   0.210853504   0.2588754479   0.3148474764   0.3789839434   0.4511893595   0.5310578018   0.617920105   0.7109293342   0.8091641922   0.9117271426   1.017819472   1.12678541   1.238126827   1.351495779   1.466673859   1.583546142   1.702075149   1.822277878   1.944207146   2.06793732   2.193553958   2.321146616   2.450804096   2.58261149   2.716648483   2.852988536   2.991698636   3.132839407   3.276465441   3.422625741   3.571364215   3.722720186   3.876728869   4.033421836   4.192827427   4.354971131   4.519875915   4.68756253   4.858049765   5.031354679   5.207492801   5.386478308   5.568324173   5.7530423   5.940643643   6.131138302   6.324535616   6.520844241   6.720072216   6.922227022   7.127315639   7.335344589   7.546319979   7.760247536   7.977132641   8.19698036   8.419795464   8.645582458   8.8743456   9.106088919   9.340816232   9.578531162   9.819237148   10.06293746   10.30963521   10.55933336   10.81203475   11.06774206   11.32645788   11.58818466   11.85292478   12.12068046   12.39145392   12.66524718   12.94206226   13.22190105   13.5047654   13.79065707   14.07957775   14.37152909   14.66651265   14.96452994   15.26558243   15.56967153   15.8767986   16.18696494   16.50017183   16.81642049   17.13571211   17.45804782   17.78342874   18.11185594   18.44333045   18.77785328   19.11542541   19.45604778   19.7997213   20.14644687   20.49622534   20.84905755   21.20494431   21.56388642   21.92588463   22.29093969   22.65905237   23.03022325   23.40445314   23.78174265   24.16209244   24.54550314   24.93197537   25.32150972   25.71410677   26.10976709   26.50849125   26.91027977   27.31513318   27.723052   28.13403672   28.54808784   28.96520583   29.38539116   29.80864428   30.23496563   30.66435565   31.09681477   31.53234339   31.97094192   32.41261075   32.85735029   33.30516089   33.75604293   34.20999677   34.66702277   35.12712126   35.5902926   36.0565371   36.5258551   36.9982469   37.47371285   37.95225322   38.43386832   38.91855843   39.40632385   39.89716486   40.39108173   40.88807474   41.38814414   41.89129019   42.39751316   42.90681329   43.41919083   43.934646   44.45317906   44.97479024   45.49947975   46.02724782   46.55809468   47.09202053   47.62902558   48.16911005   48.71227413   49.25851803   49.80784194   50.36024606   50.91573057   51.47429566   52.03594152   52.60066832   53.16847623   53.73936544   54.31333611   54.89038842   55.47052252   56.05373858   56.64003676   57.22941721   57.8218801   58.41742556   59.01605376   59.61776484   60.22255894   60.83043621   61.44139679   62.0554408   62.6725684   63.29277972   63.91607488   
4.814070352   0.009089135532   0.01168596125   0.01501423588   0.01927325308   0.02471234309   0.03164077862   0.04043798749   0.05156292042   0.0655606812   0.08306362296   0.1047832222   0.131488537   0.1639675562   0.2029699926   0.2491345569   0.3029100442   0.3644857358   0.4337494026   0.5102875527   0.5934321225   0.6823442554   0.7761152881   0.8738623296   0.9748011663   1.078288897   1.183837842   1.291107891   1.399886029   1.510060666   1.621596047   1.734509708   1.848854179   1.964703007   2.08214061   2.20125524   2.322134339   2.444861648   2.569515558   2.696168318   2.82488579   2.955727572   3.088747322   3.2239932   3.361508354   3.501331419   3.643496995   3.788036097   3.934976566   4.084343435   4.236159266   4.390444437   4.547217401   4.706494912   4.868292219   5.032623242   5.199500721   5.368936345   5.540940868   5.715524208   5.892695535   6.072463347   6.254835535   6.439819448   6.627421937   6.817649405   7.010507849   7.206002893   7.404139819   7.604923601   7.808358925   8.014450215   8.22320165   8.434617189   8.648700579   8.865455378   9.084884963   9.306992547   9.531781185   9.759253792   9.989413142   10.22226189   10.45780256   10.69603758   10.93696926   11.18059982   11.42693139   11.675966   11.92770561   12.1821521   12.43930726   12.69917284   12.9617505   13.22704185   13.49504843   13.76577173   14.03921319   14.31537419   14.59425607   14.87586013   15.1601876   15.44723969   15.73701756   16.02952235   16.32475514   16.62271698   16.92340895   17.22683188   17.53298688   17.84187484   18.15349665   18.46785319   18.7849453   19.10477381   19.42733952   19.7526432   20.08068561   20.41146747   20.74498952   21.08125243   21.42025687   21.76200352   22.106493   22.45372593   22.80370293   23.15642458   23.51189145   23.8701041   24.23106309   24.59476893   24.96122216   25.33042327   25.70237276   26.07707111   26.45451879   26.83471626   27.21766397   27.60336235   27.99181183   28.38301283   28.77696576   29.17367101   29.57312898   29.97534004   30.38030458   30.78802294   31.1984955   31.61172259   32.02770456   32.44644175   32.86793448   33.29218306   33.71918783   34.14894907   34.58146709   35.0167422   35.45477466   35.89556478   36.33911282   36.78541905   37.23448377   37.68630718   38.14088958   38.59823122   39.05833233   39.52119316   39.98681395   40.45519493   40.92633633   41.40023836   41.87690126   42.35632524   42.8385105   43.32345726   43.81116573   44.30163609   44.79486856   45.29086332   45.78962056   46.29114048   46.79542325   47.30246905   47.81227807   48.32485048   48.84018644   49.35828613   49.87914972   50.40277736   50.92916922   51.45832546   51.99024622   52.52493167   53.06238195   53.60259721   54.1455776   54.69132326   55.23983433   55.79111094   56.34515325   56.90196137   57.46153545   
5.067839196   0.006824216349   0.00877865088   0.01128664464   0.01450098468   0.01861407218   0.0238665797   0.03055698437   0.03905137759   0.04979242996   0.06330567047   0.08020036415   0.1011614101   0.1269281986   0.158256863   0.1958645567   0.2403587558   0.2921607075   0.3514381314   0.418064955   0.4916222707   0.5714445065   0.6567015902   0.7464976681   0.8399643208   0.9363314829   1.03496872   1.135398441   1.237288084   1.340429836   1.444715336   1.550110519   1.656633479   1.764336515   1.873292436   1.983584613   2.095300092   2.208525054   2.323341985   2.439828074   2.558054438   2.678085896   2.799981089   2.923792806   3.04956842   3.177350371   3.307176656   3.439081299   3.5730948   3.70924453   3.847555104   3.988048703   4.130745359   4.275663214   4.422818734   4.57222691   4.723901423   4.877854796   5.034098516   5.192643153   5.353498454   5.516673432   5.682176437   5.850015226   6.02019702   6.192728551   6.367616113   6.544865598   6.724482533   6.906472111   7.090839218   7.277588461   7.466724186   7.658250503   7.852171299   8.048490261   8.247210883   8.448336487   8.651870229   8.857815113   9.066174004   9.27694963   9.490144597   9.705761394   9.923802402   10.1442699   10.36716606   10.59249298   10.82025266   11.05044702   11.28307792   11.51814711   11.75565632   11.99560718   12.23800126   12.4828401   12.73012514   12.97985782   13.23203949   13.48667146   13.74375501   14.00329136   14.26528169   14.52972716   14.79662887   15.06598789   15.33780526   15.61208199   15.88881904   16.16801737   16.44967789   16.73380148   17.020389   17.30944129   17.60095917   17.89494341   18.19139478   18.49031403   18.79170187   19.09555901   19.40188613   19.7106839   20.02195296   20.33569394   20.65190745   20.97059409   21.29175444   21.61538907   21.94149852   22.27008334   22.60114404   22.93468115   23.27069515   23.60918654   23.95015578   24.29360335   24.63952969   24.98793525   25.33882046   25.69218573   26.04803149   26.40635813   26.76716604   27.13045566   27.49622723   27.86448125   28.23521803   28.60843792   28.98414127   29.36232842   29.7429997   30.12615542   30.51179591   30.89992147   31.2905324   31.68362901   32.07921158   32.4772804   32.87783575   33.28087791   33.68640713   34.09442368   34.50492782   34.91791981   35.33339989   35.7513683   36.17182529   36.59477106   37.02020593   37.44813002   37.87854358   38.31144685   38.74684005   39.18472336   39.625097   40.06796118   40.51331608   40.96116191   41.41149886   41.8643271   42.31964684   42.77745825   43.23776151   43.70055679   44.16584427   44.63362411   45.10389649   45.57666156   46.0519195   46.52967045   47.00991457   47.49265202   47.97788294   48.4656075   48.95582582   49.44853806   49.94374436   50.44144485   50.94163968   51.44432898   51.94951288   
5.32160804   0.005132376088   0.006605055353   0.00849665642   0.01092397673   0.01403485094   0.01801542507   0.02309851673   0.0295728115   0.03779231008   0.04818493206   0.06125848367   0.07760134751   0.0978744174   0.1227903379   0.1530766007   0.1894211977   0.2324037946   0.2824213458   0.3396228917   0.4038708531   0.4747425947   0.5515760631   0.6335504129   0.7197825968   0.8094183815   0.9017014287   0.9960133295   1.091886192   1.188994699   1.287136026   1.386204922   1.486168957   1.58704678   1.688890499   1.791772242   1.89577441   2.000982925   2.107482788   2.215355313   2.324676563   2.435516597   2.547939256   2.662002284   2.777757658   2.895252015   3.014527132   3.135620408   3.258565331   3.383391915   3.510127096   3.638795097   3.769417742   3.902014741   4.036603941   4.173201546   4.311822301   4.452479666   4.595185959   4.73995248   4.886789628   5.035706988   5.186713427   5.339817158   5.495025811   5.652346487   5.811785808   5.973349965   6.137044753   6.302875609   6.470847639   6.64096565   6.813234172   6.987657481   7.164239618   7.34298441   7.523895479   7.706976265   7.892230034   8.079659891   8.269268793   8.461059555   8.655034863   8.851197281   9.049549258   9.250093134   9.452831151   9.657765454   9.864898098   10.07423106   10.28576622   10.49950541   10.71545036   10.93360276   11.15396422   11.3765363   11.60132049   11.82831824   12.05753093   12.2889599   12.52260646   12.75847186   12.99655729   13.23686392   13.4793929   13.72414529   13.97112212   14.22032456   14.47175343   14.72540976   14.98129447   15.23940847   15.49975261   15.76232777   16.02713475   16.29417435   16.56344736   16.83495452   17.10869656   17.38467421   17.66288815   17.94333906   18.22602755   18.51095432   18.79811996   19.08752508   19.37917026   19.67305608   19.96918309   20.26755185   20.56816287   20.87101668   21.17611377   21.48345465   21.79303979   22.10486966   22.41894472   22.73526541   23.05383217   23.37464542   23.69770557   24.02301305   24.35056823   24.68037152   25.01242329   25.34672389   25.68327373   26.02207312   26.36312244   26.70642199   27.05197215   27.39977322   27.74982551   28.10212935   28.45668504   28.81349287   29.17255314   29.53386614   29.89743215   30.26325144   30.63132428   31.00165095   31.37423169   31.74906676   32.12615642   32.50550091   32.88710046   33.27095532   33.65706572   34.04543187   34.43605401   34.82893236   35.22406712   35.62145851   36.02110674   36.423012   36.82717453   37.23359444   37.64227201   38.05320739   38.46640077   38.88185234   39.29956227   39.71953075   40.14175793   40.56624401   40.99298913   41.42199347   41.85325719   42.28678045   42.72256341   43.16060621   43.60090902   44.04347198   44.48829524   44.93537893   45.38472321   45.83632821   46.29019408   46.74632095   47.20470894   
5.575376884   0.003865962882   0.004976901486   0.006404933387   0.008239163216   0.01059282562   0.01360923561   0.01746883182   0.02239726627   0.02867429527   0.03664289792   0.04671755441   0.05938993551   0.07522942982   0.09487512493   0.119015413   0.1483518794   0.1835462369   0.2251532306   0.2735482496   0.3288640448   0.3909534335   0.4593913851   0.5335201201   0.6125282728   0.6955454779   0.7817313309   0.8703427633   0.9607729329   1.052563248   1.145395324   1.239071113   1.333488335   1.428616132   1.524473695   1.621112964   1.718605434   1.817032593   1.916479311   2.017029477   2.118763305   2.221755796   2.326076015   2.431786882   2.5389453   2.647602481   2.757804371   2.869592123   2.983002574   3.098068709   3.214820087   3.333283237   3.453482009   3.575437895   3.699170303   3.824696807   3.952033358   4.081194477   4.212193413   4.345042293   4.479752243   4.616333499   4.754795497   4.895146965   5.037395989   5.181550077   5.327616221   5.47560094   5.625510326   5.777350084   5.931125565   6.086841796   6.244503508   6.40411516   6.56568096   6.729204888   6.894690709   7.062141989   7.231562114   7.402954299   7.576321601   7.751666931   7.928993059   8.108302631   8.28959817   8.472882087   8.658156686   8.845424175   9.034686664   9.22594618   9.419204662   9.614463975   9.811725907   10.01099218   10.21226444   10.41554428   10.62083324   10.82813278   11.03744433   11.24876925   11.46210888   11.67746448   11.89483728   12.11422848   12.33563922   12.55907062   12.78452375   13.01199965   13.24149933   13.47302377   13.7065739   13.94215063   14.1797549   14.41938751   14.66104933   14.90474115   15.15046377   15.39821796   15.64800444   15.89982396   16.1536772   16.40956485   16.66748757   16.92744601   17.1894408   17.45347255   17.71954185   17.98764928   18.2577954   18.52998079   18.80420595   19.08047142   19.3587777   19.6391253   19.9215147   20.20594637   20.49242077   20.78093836   21.07149958   21.36410484   21.65875459   21.95544921   22.25418913   22.55497472   22.85780637   23.16268444   23.46960935   23.77858139   24.08960095   24.40266836   24.71778395   25.03494806   25.35416101   25.67542311   25.99873466   26.32409598   26.65150735   26.98096907   27.31248144   27.64604467   27.98165911   28.31932499   28.65904257   29.00081212   29.34463389   29.69050812   30.03843505   30.38841492   30.74044797   31.09453442   31.4506745   31.80886843   32.16911642   32.53141868   32.89577543   33.26218686   33.63065319   34.0011746   34.37375129   34.74838346   35.12507128   35.50381494   35.88461462   36.2674705   36.65238276   37.03935156   37.42837708   37.81945947   38.21259891   38.60779556   39.00504955   39.40436107   39.80573025   40.20915726   40.61464223   41.02218531   41.43178664   41.84344638   42.25716463   42.67294157   43.0907773   
5.829145729   0.00291618898   0.003755166444   0.00483424695   0.006221314937   0.008002907977   0.01028899304   0.01321874043   0.01696735568   0.02175392228   0.02785001352   0.03558851193   0.04537159239   0.05767616165   0.07305424431   0.09212501722   0.1155547655   0.1440215162   0.1781631684   0.2185120067   0.265424161   0.3190180906   0.3791385731   0.4453592396   0.5170271365   0.5933404925   0.6734414175   0.7565029369   0.841794778   0.9287212039   1.016832526   1.105816986   1.195481095   1.285725408   1.376520566   1.467886283   1.559874343   1.652555644   1.746010816   1.840323728   1.935577224   2.031850473   2.129217477   2.227746359   2.327499171   2.428532022   2.530895401   2.634634601   2.739790188   2.846398471   2.954491958   3.064099781   3.175248082   3.287960367   3.40225781   3.518159538   3.635682864   3.754843506   3.875655769   3.998132709   4.122286271   4.248127417   4.375666229   4.504912006   4.635873343   4.768558206   4.902973992   5.039127587   5.177025413   5.316673471   5.458077379   5.60124241   5.746173514   5.892875352   6.041352315   6.19160855   6.343647974   6.497474297   6.653091033   6.810501516   6.969708914   7.130716236   7.293526351   7.458141988   7.624565753   7.792800131   7.962847497   8.134710123   8.308390181   8.483889753   8.661210833   8.840355334   9.021325091   9.204121868   9.388747358   9.575203189   9.76349093   9.953612088   10.14556812   10.33936041   10.53499033   10.73245917   10.9317682   11.13291861   11.33591159   11.54074827   11.74742974   11.95595707   12.16633128   12.37855336   12.59262428   12.80854496   13.02631631   13.24593921   13.4674145   13.690743   13.91592553   14.14296285   14.37185572   14.60260486   14.835211   15.06967482   15.305997   15.54417819   15.78421903   16.02612013   16.26988211   16.51550554   16.762991   17.01233905   17.26355022   17.51662506   17.77156407   18.02836776   18.28703662   18.54757112   18.80997174   19.07423893   19.34037313   19.60837479   19.87824431   20.14998213   20.42358864   20.69906424   20.97640931   21.25562424   21.5367094   21.81966514   22.10449181   22.39118977   22.67975936   22.9702009   23.2625147   23.55670113   23.85276045   24.15069298   24.45049902   24.75217886   25.05573278   25.36116109   25.66846401   25.97764185   26.28869486   26.60162331   26.91642744   27.23310751   27.55166375   27.87209641   28.19440572   28.51859192   28.84465522   29.17259585   29.50241402   29.83410996   30.16768387   30.50313595   30.84046641   31.17967545   31.52076326   31.86373003   32.20857595   32.55530121   32.90390599   33.25439047   33.60675481   33.9609992   34.31712381   34.67512879   35.03501432   35.39678056   35.76042767   36.12595579   36.49336509   36.86265571   37.2338278   37.60688152   37.981817   38.35863438   38.7373338   39.11791541   39.50037933   
6.082914573   0.002202640475   0.002836904914   0.003653062247   0.004702785004   0.006052104747   0.007785194084   0.01000900983   0.01285890473   0.016505265   0.02116112622   0.02709052932   0.03461706642   0.04413159483   0.05609745102   0.07105071281   0.08959229241   0.1123682277   0.1400350183   0.1732088747   0.2124017323   0.2579524265   0.3099668096   0.3682829132   0.4324738732   0.501891959   0.5757450088   0.6531873459   0.7334050044   0.8156800308   0.8994273389   0.9842057569   1.069709853   1.155750482   1.242230902   1.32912318   1.416447525   1.504255573   1.592617653   1.681613578   1.771326271   1.861837579   1.953225683   2.045563634   2.138918666   2.233352004   2.328919007   2.425669478   2.523648095   2.622894866   2.723445601   2.825332358   2.928583864   3.033225898   3.139281636   3.246771958   3.355715721   3.466129995   3.578030277   3.691430669   3.806344042   3.922782173   4.040755867   4.160275065   4.28134893   4.403985938   4.528193938   4.653980224   4.781351582   4.910314342   5.04087442   5.173037353   5.306808336   5.442192251   5.579193691   5.717816984   5.858066216   5.999945251   6.143457742   6.288607154   6.435396773   6.583829722   6.733908967   6.885637334   7.039017515   7.194052077   7.350743471   7.509094038   7.669106016   7.830781547   7.994122683   8.159131391   8.325809555   8.494158985   8.66418142   8.835878528   9.009251916   9.184303129   9.361033655   9.539444924   9.719538319   9.90131517   10.08477676   10.26992433   10.45675908   10.64528216   10.83549469   11.02739775   11.22099239   11.41627962   11.61326041   11.81193572   12.01230646   12.21437353   12.41813779   12.62360008   12.8307612   13.03962195   13.2501831   13.46244539   13.67640953   13.89207624   14.1094462   14.32852006   14.54929848   14.77178209   14.99597149   15.22186728   15.44947004   15.67878033   15.90979871   16.14252571   16.37696186   16.61310765   16.8509636   17.09053018   17.33180785   17.57479711   17.81949838   18.06591211   18.31403872   18.56387864   18.81543227   19.06870002   19.32368227   19.5803794   19.8387918   20.09891983   20.36076383   20.62432417   20.88960118   21.1565952   21.42530656   21.69573557   21.96788255   22.24174781   22.51733164   22.79463434   23.0736562   23.35439751   23.63685853   23.92103954   24.2069408   24.49456259   24.78390514   25.07496872   25.36775356   25.66225991   25.95848801   26.2564381   26.55611036   26.85750507   27.16062243   27.46546267   27.77202593   28.08031251   28.39032256   28.70205629   29.01551392   29.33069561   29.64760157   29.96623197   30.28658701   30.60866686   30.9324717   31.2580017   31.58525703   31.91423786   32.24494436   32.57737668   32.91153504   33.24741945   33.5850302   33.92436741   34.26543121   34.60822176   34.9527392   35.29898367   35.64695532   35.99665427   36.34808068   
6.336683417   0.001665703597   0.002145691569   0.002763551569   0.003558596323   0.004581158416   0.005895555503   0.007583772754   0.009749983049   0.01252600882   0.01607778034   0.02061274233   0.02638797437   0.03371848529   0.04298468097   0.05463737337   0.0691979342   0.08725045023   0.1094223355   0.1363503306   0.1686308027   0.2067571623   0.2510526372   0.3016119028   0.3582673227   0.4205922125   0.4879443428   0.5595411044   0.6345487376   0.7121658545   0.791686351   0.8725353497   0.9542798221   1.036620374   1.119372002   1.202440531   1.285799383   1.369469234   1.453501571   1.537966182   1.622942098   1.708511337   1.7947548   1.881749724   1.969568258   2.058276786   2.147935752   2.238599797   2.330318078   2.423134684   2.517089098   2.612216653   2.708548982   2.806114428   2.904938427   3.005043842   3.106451274   3.209179325   3.313244834   3.41866309   3.525448004   3.633612271   3.743167509   3.854124376   3.966492677   4.08028145   4.195499055   4.312153234   4.430251181   4.549799589   4.6708047   4.79327235   4.917207999   5.042616772   5.169503482   5.297872659   5.427728571   5.55907525   5.691916503   5.826255936   5.962096965   6.09944283   6.23829661   6.378661233   6.520539484   6.663934019   6.808847368   6.95528195   7.103240073   7.252723944   7.403735677   7.556277295   7.710350737   7.865957863   8.023100458   8.181780235   8.341998843   8.503757864   8.667058824   8.831903189   8.998292372   9.166227735   9.335710592   9.506742209   9.679323809   9.853456572   10.02914164   10.20638012   10.38517306   10.56552152   10.74742648   10.9308889   11.11590973   11.30248988   11.49063021   11.68033159   11.87159484   12.06442076   12.25881013   12.45476371   12.65228223   12.8513664   13.05201693   13.25423447   13.45801969   13.66337323   13.8702957   14.07878771   14.28884985   14.50048268   14.71368677   14.92846266   15.14481088   15.36273195   15.58222636   15.80329461   16.02593717   16.25015452   16.47594711   16.70331538   16.93225977   17.1627807   17.39487858   17.62855382   17.86380682   18.10063796   18.33904764   18.57903616   18.82060395   19.06375134   19.30847868   19.5547863   19.80267453   20.0521437   20.30319413   20.55582611   20.81003997   21.06583599   21.32321446   21.58217567   21.84271991   22.10484743   22.36855851   22.63385342   22.90073241   23.16919573   23.43924364   23.71087637   23.98409416   24.25889725   24.53528586   24.81326023   25.09282056   25.37396709   25.65670001   25.94101956   26.2269259   26.51441926   26.80349984   27.09416783   27.38642342   27.68026679   27.97569815   28.27271764   28.57132546   28.87152179   29.1733068   29.47668065   29.78164351   30.08819554   30.39633691   30.70606777   31.01738828   31.33029859   31.64479885   31.96088921   32.27856981   32.59784079   32.91870231   33.24115449   33.56519747   
6.590452261   0.001261067937   0.00162465596   0.002092812602   0.002695440808   0.003470882363   0.004468225864   0.005750197873   0.007396753   0.009509480054   0.01221692498   0.01568088304   0.02010361172   0.02573573336   0.03288429762   0.04192002285   0.05328211844   0.06747834269   0.08507722293   0.1066889753   0.1329321312   0.1643848267   0.2015235344   0.2446573323   0.2938709414   0.3489919609   0.4095944273   0.4750418003   0.5445609144   0.6173296089   0.6925586441   0.7695533067   0.8477485029   0.9267189909   1.006171139   1.085923887   1.165885502   1.246030689   1.32638056   1.406986455   1.487917638   1.56925239   1.651071865   1.733456056   1.816481302   1.900218887   1.984734389   2.070087504   2.156332192   2.243516991   2.331685433   2.420876498   2.511125068   2.602462372   2.694916388   2.788512224   2.883272448   2.979217396   3.076365427   3.174733164   3.274335694   3.37518675   3.47729886   3.580683492   3.685351162   3.791311548   3.898573571   4.007145478   4.117034913   4.228248973   4.340794263   4.454676944   4.569902773   4.68647714   4.804405101   4.923691405   5.044340523   5.166356667   5.289743813   5.41450572   5.540645946   5.66816786   5.797074661   5.927369386   6.059054924   6.192134024   6.326609306   6.462483268   6.599758294   6.738436664   6.878520556   7.020012054   7.162913156   7.307225774   7.452951744   7.600092828   7.748650718   7.898627037   8.050023351   8.202841163   8.35708192   8.512747018   8.669837801   8.828355564   8.988301558   9.149676991   9.312483026   9.476720792   9.642391375   9.809495828   9.97803517   10.14801039   10.31942243   10.49227223   10.66656067   10.84228863   11.01945694   11.19806643   11.37811788   11.55961206   11.74254973   11.9269316   12.11275838   12.30003075   12.48874939   12.67891493   12.870528   13.06358923   13.2580992   13.4540585   13.65146769   13.85032732   14.05063793   14.25240004   14.45561416   14.66028079   14.86640041   15.07397349   15.2830005   15.49348189   15.70541809   15.91880954   16.13365664   16.34995983   16.56771948   16.78693599   17.00760975   17.22974113   17.45333048   17.67837818   17.90488456   18.13284996   18.36227476   18.59315919   18.82550366   19.05930844   19.29457385   19.53130019   19.76948775   20.00913682   20.25024768   20.4928206   20.73685588   20.98235374   21.22931444   21.47773828   21.72762548   21.9789763   22.23179096   22.48606972   22.74181279   22.99902041   23.25769279   23.51783016   23.77943273   24.04250071   24.30703431   24.57303373   24.84049916   25.10943082   25.37982888   25.65169353   25.92502497   26.19982337   26.47608891   26.75382178   27.03302213   27.31369015   27.59582599   27.87942984   28.16450181   28.45104212   28.73905087   29.02852828   29.31947445   29.61188955   29.90577371   30.20112708   30.49794981   30.79624203   31.09600389   
6.844221106   0.0009557188428   0.001231387264   0.001586416148   0.002043550916   0.002631989529   0.003389169349   0.004363020253   0.005614786838   0.007222532538   0.009285439661   0.01192900313   0.01531116822   0.01962936359   0.0251282019   0.03210732738   0.04092844849   0.05201998925   0.06587706226   0.0830537555   0.1041443467   0.1297505245   0.1604336107   0.1966545294   0.2387094754   0.2866742676   0.3403725019   0.3993793708   0.4630641406   0.5306629437   0.6013648897   0.6743924632   0.7490618988   0.8248174799   0.9012414111   0.9780455618   1.055052628   1.1321732   1.209383194   1.286704129   1.364187196   1.441901151   1.519923553   1.598334726   1.677213794   1.756636234   1.836672506   1.917387413   1.998839939   2.081083393   2.164165722   2.248129927   2.333014508   2.418853918   2.505678998   2.593517381   2.682393862   2.772330731   2.863348067   2.955464001   3.04869495   3.143055811   3.238560143   3.335220321   3.433047665   3.532052562   3.632244565   3.733632485   3.836224465   3.940028051   4.04505025   4.151297584   4.258776137   4.367491592   4.47744927   4.588654164   4.701110962   4.814824077   4.929797669   5.046035663   5.163541769   5.2823195   5.402372183   5.523702976   5.646314876   5.770210736   5.89539327   6.021865063   6.149628584   6.278686184   6.409040115   6.540692527   6.673645478   6.80790094   6.943460801   7.080326873   7.218500897   7.357984541   7.49877941   7.640887049   7.784308942   7.929046518   8.075101155   8.22247418   8.371166872   8.521180467   8.672516156   8.82517509   8.979158381   9.134467103   9.291102297   9.449064967   9.608356087   9.768976598   9.930927414   10.09420942   10.25882347   10.4247704   10.59205101   10.76066608   10.93061638   11.10190264   11.27452558   11.4484859   11.62378426   11.80042134   11.97839776   12.15771415   12.33837111   12.52036924   12.70370911   12.88839127   13.07441627   13.26178465   13.45049691   13.64055356   13.83195509   14.02470198   14.2187947   14.4142337   14.61101943   14.80915232   15.0086328   15.20946127   15.41163815   15.61516384   15.8200387   16.02626313   16.23383749   16.44276214   16.65303744   16.86466372   17.07764133   17.2919706   17.50765185   17.72468539   17.94307153   18.16281059   18.38390287   18.6063486   18.83014813   19.05530171   19.28180963   19.50967215   19.73888953   19.96946202   20.20138989   20.43467337   20.66931273   20.90530815   21.14265991   21.38136823   21.62143334   21.86285545   22.10563478   22.34977154   22.59526594   22.84211819   23.09032848   23.33989701   23.59082397   23.84310956   24.09675397   24.35175737   24.60811994   24.86584187   25.12492333   25.38536448   25.6471655   25.91032656   26.17484781   26.44072941   26.70797153   26.97657431   27.24653791   27.51786248   27.79054816   28.06459511   28.34000345   28.61677334   28.89490492   
7.09798995   0.0007250038069   0.0009341942514   0.001203653178   0.001550684345   0.001997520253   0.002572700167   0.003312816435   0.004264716363   0.005488260037   0.007059744179   0.009076103138   0.01165998209   0.01496573076   0.01918626886   0.0245605986   0.03138145275   0.04000213393   0.05084100887   0.06438140605   0.08116397012   0.1017681589   0.1267800291   0.1567453406   0.1921106911   0.2331605008   0.2799625956   0.3323372139   0.3898610527   0.4519092491   0.5177270615   0.5865145371   0.657505471   0.730026621   0.80353126   0.877608717   0.9519761143   1.026459729   1.100972357   1.175491062   1.25003774   1.32466343   1.399436392   1.474433491   1.54973425   1.625416959   1.701556267   1.778221843   1.85547775   1.933382289   2.011988144   2.0913427   2.171488448   2.25246343   2.334301688   2.417033696   2.500686755   2.585285363   2.670851541   2.757405127   2.844964034   2.933544481   3.023161185   3.113827542   3.205555776   3.298357071   3.392241688   3.487219065   3.583297904   3.680486251   3.778791558   3.878220749   3.978780266   4.080476118   4.183313918   4.287298924   4.392436065   4.498729974   4.60618501   4.71480528   4.824594663   4.935556822   5.047695227   5.161013164   5.275513752   5.391199952   5.508074582   5.626140322   5.745399725   5.865855229   5.987509159   6.110363736   6.234421084   6.359683237   6.486152142   6.613829664   6.742717594   6.872817649   7.004131478   7.136660667   7.270406741   7.405371166   7.541555354   7.678960666   7.817588412   7.957439858   8.098516221   8.240818681   8.384348373   8.529106397   8.675093813   8.822311649   8.970760898   9.120442522   9.271357451   9.423506586   9.576890803   9.731510946   9.887367839   10.04446228   10.20279503   10.36236686   10.52317848   10.68523061   10.84852393   11.01305911   11.1788368   11.34585763   11.51412222   11.68363117   11.85438506   12.02638445   12.19962989   12.37412194   12.5498611   12.72684789   12.9050828   13.08456633   13.26529895   13.44728111   13.63051327   13.81499587   14.00072934   14.18771409   14.37595054   14.56543908   14.75618011   14.94817401   15.14142115   15.33592189   15.5316766   15.72868561   15.92694928   16.12646793   16.3272419   16.52927149   16.73255703   16.93709881   17.14289715   17.34995233   17.55826463   17.76783435   17.97866176   18.19074712   18.40409074   18.61869276   18.83455356   19.05167334   19.27005235   19.48969083   19.71058902   19.93274714   20.15616542   20.38084408   20.60678338   20.83398342   21.06244453   21.29216686   21.52315063   21.75539602   21.98890325   22.22367249   22.45970394   22.69699779   22.9355542   23.17537337   23.41645546   23.65880065   23.90240912   24.14728101   24.39341651   24.64081577   24.88947894   25.13940619   25.39059767   25.64305352   25.8967739   26.15175896   26.40800882   26.66552365   26.92430357   
7.351758794   0.0005504773057   0.00070935159   0.0009140252826   0.00117766583   0.001517203059   0.00195438888   0.002517145397   0.003241273246   0.004172605482   0.005369705108   0.006907213784   0.008879960117   0.01140792005   0.01464207595   0.01877112533   0.02402881785   0.03070141742   0.03913436186   0.04973661237   0.06298048393   0.07939406793   0.09954300028   0.1239987843   0.1532927301   0.1878581901   0.2279687839   0.2736851357   0.3248246754   0.3809658845   0.4414897925   0.5056505948   0.5726589447   0.641759547   0.7122892762   0.7837100266   0.8556179471   0.9277351791   0.9998914144   1.072001546   1.144043721   1.216040186   1.288041821   1.360116406   1.432340131   1.50479175   1.577548746   1.650684975   1.724269345   1.798365208   1.873030209   1.948316436   2.024270732   2.100935101   2.178347146   2.256540517   2.335545334   2.415388583   2.496094476   2.577684779   2.660179099   2.743595142   2.827948935   2.913255027   2.999526655   3.086775901   3.17501382   3.264250551   3.354495422   3.445757034   3.538043337   3.631361698   3.725718958   3.821121484   3.917575213   4.015085693   4.11365812   4.213297366   4.314008007   4.415794352   4.518660458   4.622610159   4.727647076   4.833774635   4.940996086   5.049314508   5.15873283   5.269253833   5.380880168   5.493614358   5.607458809   5.722415821   5.838487587   5.955676208   6.073983691   6.193411962   6.313962863   6.435638164   6.558439561   6.682368684   6.807427101   6.933616318   7.060937783   7.189392893   7.318982992   7.449709374   7.58157329   7.714575945   7.848718503   7.984002085   8.12042778   8.257996635   8.396709665   8.536567853   8.677572148   8.81972347   8.963022711   9.107470734   9.253068376   9.399816448   9.547715739   9.696767012   9.846971009   9.99832845   10.15084004   10.30450644   10.45932834   10.61530636   10.77244113   10.93073326   11.09018334   11.25079194   11.41255964   11.57548696   11.73957445   11.90482263   12.07123199   12.23880303   12.40753623   12.57743205   12.74849096   12.9207134   13.09409981   13.2686506   13.4443662   13.62124701   13.79929342   13.97850582   14.15888459   14.34043009   14.52314269   14.70702275   14.8920706   15.07828657   15.26567102   15.45422424   15.64394657   15.83483831   16.02689976   16.22013122   16.41453298   16.61010532   16.80684853   17.00476287   17.20384861   17.40410602   17.60553534   17.80813684   18.01191076   18.21685735   18.42297682   18.63026944   18.83873541   19.04837496   19.25918832   19.4711757   19.68433731   19.89867335   20.11418404   20.33086958   20.54873012   20.76776595   20.98797718   21.20936402   21.43192664   21.65566524   21.88057999   22.10667106   22.33393862   22.56238285   22.7920039   23.02280193   23.25477712   23.4879296   23.72225955   23.9577671   24.19445242   24.43231564   24.6713569   24.91157636   25.15297416   
7.605527638   0.000418312366   0.000539066649   0.0006946474021   0.0008950779373   0.001153252559   0.001485749825   0.001913870191   0.002464956026   0.003174064281   0.004086075315   0.005258333818   0.006763926977   0.008695705759   0.01117113949   0.01433804865   0.01838116678   0.02352931317   0.03006268116   0.03831933052   0.04869940283   0.06166489196   0.07773213488   0.09745384022   0.1213879226   0.1500522349   0.1838678453   0.2230984331   0.2677981121   0.3177819727   0.3726305047   0.4317306199   0.4943452501   0.5596953276   0.6270360809   0.695714113   0.7651995917   0.8350951976   0.9051278709   0.9751305612   1.045020156   1.114775829   1.184420145   1.254003826   1.323594179   1.393266742   1.463099522   1.533169229   1.603548952   1.674306868   1.745505644   1.817202297   1.889448339   1.962290094   2.035769098   2.109922535   2.184783678   2.260382308   2.336745108   2.413896017   2.491856558   2.570646115   2.650282196   2.730780647   2.812155853   2.894420901   2.977587739   3.061667293   3.146669591   3.232603855   3.319478588   3.407301651   3.496080326   3.585821377   3.676531099   3.768215362   3.860879651   3.954529102   4.049168531   4.144802464   4.241435158   4.339070627   4.437712659   4.537364833   4.638030538   4.739712985   4.842415219   4.946140134   5.050890481   5.156668878   5.263477821   5.371319689   5.480196753   5.590111184   5.701065056   5.813060355   5.926098983   6.040182763   6.155313443   6.2714927   6.388722147   6.507003331   6.626337742   6.746726812   6.868171922   6.990674399   7.114235526   7.238856536   7.364538621   7.491282932   7.619090578   7.747962635   7.877900138   8.008904091   8.140975465   8.274115199   8.408324203   8.543603358   8.679953517   8.817375508   8.955870134   9.095438173   9.236080382   9.377797492   9.520590217   9.664459248   9.809405257   9.955428899   10.10253081   10.2507116   10.39997188   10.55031223   10.70173322   10.8542354   11.00781932   11.1624855   11.31823445   11.47506668   11.63298266   11.79198287   11.95206779   12.11323785   12.2754935   12.43883517   12.60326327   12.76877823   12.93538044   13.10307029   13.27184816   13.44171443   13.61266946   13.78471361   13.95784722   14.13207065   14.30738421   14.48378825   14.66128307   14.839869   15.01954633   15.20031537   15.38217641   15.56512974   15.74917563   15.93431437   16.12054622   16.30787146   16.49629032   16.68580309   16.87640999   17.06811128   17.26090719   17.45479796   17.64978383   17.845865   18.04304172   18.24131419   18.44068264   18.64114726   18.84270826   19.04536585   19.24912023   19.45397158   19.65992011   19.86696599   20.07510942   20.28435057   20.49468963   20.70612676   20.91866214   21.13229594   21.34702832   21.56285946   21.7797895   21.9978186   22.21694693   22.43717463   22.65850186   22.88092876   23.10445548   23.32908215   23.55480894   
7.859296482   0.0003181263666   0.0004099743655   0.0005283215616   0.000680800903   0.0008772358019   0.001130263361   0.001456131372   0.001875715196   0.002415811317   0.00311077645   0.004004593938   0.005153461406   0.006629002545   0.008522206546   0.01094818316   0.01405177675   0.01801399035   0.02305900407   0.02946130056   0.03755200107   0.04772295661   0.06042646442   0.07616782703   0.09548763098   0.1189310692   0.1470034263   0.1801143447   0.2185183264   0.2622635813   0.3111632635   0.3648000485   0.4225666954   0.4837346653   0.5475348493   0.6132326286   0.6801839665   0.7478669737   0.8158905913   0.8839863509   0.9519903122   1.019821261   1.087459341   1.154927411   1.222276028   1.289572039   1.356890346   1.424308237   1.49190167   1.559742998   1.627899691   1.696433757   1.765401607   1.834854203   1.904837367   1.975392186   2.046555441   2.118360042   2.190835446   2.264008045   2.337901517   2.412537148   2.487934114   2.56410973   2.641079668   2.718858157   2.797458142   2.876891438   2.957168855   3.038300308   3.12029492   3.203161101   3.286906625   3.371538695   3.457064002   3.54348877   3.630818805   3.719059532   3.808216031   3.898293064   3.989295108   4.081226373   4.174090828   4.26789222   4.362634088   4.458319784   4.554952482   4.652535195   4.751070785   4.850561971   4.951011344   5.05242137   5.154794402   5.258132688   5.362438372   5.467713507   5.573960057   5.681179902   5.789374844   5.898546613   6.008696867   6.1198272   6.231939143   6.34503417   6.459113696   6.574179087   6.690231656   6.80727267   6.92530335   7.044324875   7.164338382   7.285344969   7.407345698   7.530341595   7.654333652   7.779322829   7.905310056   8.032296231   8.160282226   8.289268886   8.419257029   8.550247449   8.682240916   8.815238177   8.949239958   9.084246963   9.220259877   9.357279364   9.495306071   9.634340626   9.77438364   9.915435708   10.05749741   10.2005693   10.34465195   10.48974586   10.63585158   10.7829696   10.93110042   11.08024453   11.23040238   11.38157444   11.53376116   11.68696297   11.84118032   11.99641356   12.15266316   12.3099295   12.46821296   12.62751392   12.78783275   12.94916981   13.11152545   13.27490003   13.43929387   13.60470732   13.77114068   13.93859428   14.10706843   14.27656343   14.44707957   14.61861715   14.79117645   14.96475775   15.13936133   15.31498744   15.49163635   15.66930833   15.84800361   16.02772245   16.20846509   16.39023176   16.5730227   16.75683813   16.94167829   17.12754339   17.31443364   17.50234926   17.69129045   17.88125742   18.07225036   18.26426948   18.45731497   18.65138701   18.8464858   19.04261151   19.23976433   19.43794442   19.63715197   19.83738715   20.03865012   20.24094104   20.44426009   20.64860741   20.85398316   21.06038751   21.26782059   21.47628256   21.68577356   21.89629375   22.10784325   
8.113065327   0.0002421106879   0.0003120203232   0.0004021053269   0.0005181808266   0.0006677332042   0.0008603972202   0.001108567249   0.001428178934   0.001839706468   0.002369431195   0.003051049035   0.003927696867   0.005054489934   0.00650167102   0.008358472704   0.01073777861   0.01378162564   0.01766749809   0.02261520104   0.02889383283   0.03682797474   0.04680166643   0.0592580741   0.07469211714   0.09363298757   0.1166139385   0.1441284867   0.1765756175   0.214201336   0.2570484832   0.304928623   0.3574267574   0.4139414381   0.4737524455   0.5361003181   0.6002602347   0.6655971681   0.73159686   0.7978742562   0.8641652841   0.9303089754   0.9962259239   1.061897188   1.1273459   1.192622447   1.257793221   1.322932511   1.388116903   1.453421632   1.518918336   1.584673806   1.650749414   1.717200986   1.784078951   1.851428653   1.919290744   1.987701617   2.056693834   2.126296539   2.196535845   2.26743518   2.339015604   2.411296089   2.484293766   2.558024144   2.632501297   2.707738036   2.783746051   2.860536035   2.938117802   3.016500375   3.095692075   3.175700596   3.256533064   3.338196097   3.420695854   3.50403808   3.588228143   3.673271066   3.759171564   3.845934064   3.933562731   4.022061493   4.111434056   4.201683922   4.292814405   4.384828648   4.477729631   4.571520183   4.666202996   4.761780632   4.858255532   4.955630023   5.053906328   5.15308657   5.253172778   5.354166895   5.456070781   5.558886219   5.66261492   5.767258526   5.872818611   5.979296692   6.086694224   6.195012611   6.304253201   6.414417293   6.525506143   6.637520956   6.7504629   6.864333099   6.97913264   7.094862574   7.211523915   7.329117644   7.447644713   7.567106038   7.687502512   7.808834995   7.931104324   8.054311307   8.178456732   8.303541358   8.429565927   8.556531155   8.684437739   8.813286357   8.943077667   9.073812308   9.205490902   9.338114053   9.47168235   9.606196366   9.741656658   9.878063768   10.01541823   10.15372054   10.29297123   10.43317076   10.57431963   10.71641829   10.85946719   11.00346679   11.14841751   11.29431977   11.44117398   11.58898054   11.73773987   11.88745232   12.03811828   12.18973811   12.34231216   12.4958408   12.65032436   12.80576317   12.96215756   13.11950786   13.27781437   13.4370774   13.59729725   13.75847422   13.92060858   14.08370064   14.24775065   14.41275889   14.57872563   14.74565112   14.91353562   15.08237937   15.25218263   15.42294562   15.59466859   15.76735177   15.94099538   16.11559964   16.29116478   16.467691   16.64517851   16.82362752   17.00303823   17.18341084   17.36474555   17.54704254   17.730302   17.91452412   18.09970907   18.28585704   18.47296821   18.66104273   18.85008078   19.04008254   19.23104815   19.42297778   19.61587159   19.80972973   20.00455236   20.20033962   20.39709166   20.59480863   20.79349067   
8.366834171   0.0001843839728   0.0002376300345   0.00030624583   0.0003946635703   0.0005085907305   0.0006553750871   0.0008444729966   0.001088049293   0.001401744429   0.001805653236   0.002325569918   0.002994565538   0.003854976563   0.004960894776   0.00638125728   0.008203635838   0.0105388095   0.01352616122   0.01733984942   0.02219554463   0.02835725788   0.03614339299   0.04593061411   0.05815347027   0.07329708909   0.09187992785   0.1144240077   0.1414118003   0.173232326   0.2101237014   0.2521238716   0.29904311   0.3504688542   0.4058053801   0.4643405763   0.5253243272   0.5880412694   0.6518650526   0.7162887547   0.7809330846   0.845538182   0.9099459201   0.9740786154   1.037918194   1.101488035   1.164838351   1.228035095   1.291151949   1.354264826   1.417448256   1.480773189   1.544305755   1.608106715   1.67223133   1.736729516   1.801646152   1.867021475   1.932891502   1.99928846   2.066241194   2.133775546   2.201914703   2.270679508   2.340088737   2.410159347   2.480906685   2.552344682   2.624486017   2.697342258   2.770923991   2.845240928   2.920301999   2.99611544   3.072688866   3.150029329   3.22814338   3.307037115   3.386716219   3.467186004   3.548451444   3.630517202   3.713387661   3.797066944   3.881558936   3.966867306   4.05299552   4.139946859   4.22772443   4.316331184   4.405769921   4.496043305   4.58715387   4.679104033   4.771896097   4.865532261   4.960014625   5.055345198   5.151525903   5.248558581   5.346444996   5.44518684   5.544785739   5.64524325   5.746560875   5.848740054   5.951782174   6.055688571   6.160460531   6.266099295   6.372606058   6.479981973   6.588228154   6.697345676   6.807335579   6.918198868   7.029936512   7.142549453   7.2560386   7.370404834   7.485649007   7.601771948   7.718774456   7.83665731   7.955421264   8.075067049   8.195595376   8.317006934   8.439302394   8.562482407   8.686547605   8.811498605   8.937336005   9.064060387   9.191672318   9.320172349   9.449561019   9.579838849   9.711006349   9.843064017   9.976012336   10.10985178   10.2445828   10.38020586   10.51672139   10.65412981   10.79243155   10.93162702   11.0717166   11.21270069   11.35457966   11.4973539   11.64102375   11.78558961   11.93105173   12.07741054   12.22466633   12.37281944   12.52187018   12.67181887   12.82266579   12.97441126   13.12705556   13.28059897   13.43504178   13.59038426   13.74662667   13.90376928   14.06181235   14.22075612   14.38060084   14.54134676   14.70299411   14.86554313   15.02899404   15.19334707   15.35860243   15.52476034   15.69182102   15.85978467   16.02865149   16.19842169   16.36909546   16.54067299   16.71315447   16.8865401   17.06083004   17.23602448   17.4121236   17.58912757   17.76703656   17.94585074   18.12557027   18.30619531   18.48772602   18.67016256   18.85350509   19.03775374   19.22290868   19.40897004   19.59593798   
8.620603015   0.0001405104399   0.0001810897806   0.0002333845249   0.0003007743828   0.0003876123609   0.0004995039328   0.0006436655457   0.0008293845184   0.001068608196   0.001376697346   0.001773387362   0.002284010905   0.00294104702   0.003786073851   0.004872213564   0.006267166333   0.008056930626   0.01035029198   0.01328411965   0.01702942238   0.02179795568   0.02784891449   0.03549485601   0.04510546648   0.05710714627   0.07197576991   0.09021966023   0.1123502495   0.1388396194   0.1700674501   0.206264516   0.2474642869   0.2934760047   0.3438896265   0.3981150728   0.4554481312   0.5151477403   0.5765076704   0.6389099325   0.7018546618   0.7649681028   0.8279944346   0.8907782493   0.9532435068   1.015372953   1.077190195   1.138745267   1.200103686   1.261338549   1.32252511   1.383737219   1.445045156   1.506514417   1.568205167   1.630172123   1.692464706   1.755127347   1.81819988   1.88171796   1.945713492   2.01021503   2.075248158   2.14083583   2.20699868   2.273755297   2.341122465   2.40911538   2.477747834   2.547032379   2.616980467   2.687602579   2.758908329   2.830906559   2.903605425   2.977012462   3.051134654   3.125978487   3.201549995   3.277854807   3.354898183   3.432685045   3.511220011   3.59050742   3.670551353   3.751355657   3.832923964   3.915259705   3.998366127   4.082246308   4.166903168   4.252339479   4.338557877   4.425560874   4.513350859   4.601930113   4.691300813   4.781465037   4.872424776   4.964181931   5.056738325   5.150095705   5.244255746   5.339220055   5.434990177   5.531567596   5.628953738   5.727149977   5.826157635   5.925977985   6.026612255   6.128061627   6.230327245   6.333410209   6.437311586   6.542032403   6.647573655   6.753936304   6.861121279   6.969129481   7.077961783   7.187619028   7.298102035   7.409411599   7.521548487   7.634513447   7.748307204   7.862930459   7.978383897   8.094668181   8.211783955   8.329731846   8.448512464   8.568126401   8.688574233   8.809856523   8.931973815   9.054926641   9.178715521   9.303340958   9.428803443   9.555103458   9.682241467   9.810217929   9.939033286   10.06868797   10.19918241   10.33051702   10.46269219   10.59570833   10.72956581   10.86426502   10.99980628   11.13619006   11.27341661   11.41148629   11.55039946   11.69015643   11.83075753   11.97220306   12.11449335   12.25762868   12.40160935   12.54643565   12.69210786   12.83862627   12.98599112   13.13420271   13.28326127   13.43316708   13.58392037   13.73552139   13.88797038   14.04126757   14.19541321   14.35040751   14.50625069   14.66294297   14.82048457   14.97887569   15.13811654   15.29820733   15.45914824   15.62093948   15.78358123   15.94707369   16.11141704   16.27661145   16.44265711   16.60955419   16.77730286   16.94590329   17.11535565   17.2856601   17.45681679   17.6288259   17.80168757   17.97540195   18.14996919   18.32538945   18.50166286   
8.874371859   0.0001071403621   0.0001380842183   0.0001779628526   0.000229354584   0.0002955807541   0.0003809191869   0.000490878535   0.0006325505869   0.00081506221   0.00105015431   0.001352922179   0.00174276004   0.002244562473   0.002890246609   0.003720670848   0.004788037097   0.006158871602   0.00791767976   0.01017135535   0.0130543825   0.01673478159   0.02142059432   0.02736644783   0.03487935562   0.04432238979   0.05611423052   0.07072199149   0.08864440907   0.1103829127   0.1363997897   0.1670659462   0.2026053069   0.2430472406   0.2882001829   0.3376566737   0.3908321898   0.4470302115   0.5055184509   0.5655995026   0.6266634394   0.6882171902   0.7498923206   0.8114368863   0.8726980835   0.93360144   0.9941304788   1.054309014   1.114186899   1.173829221   1.233308509   1.292699373   1.352075005   1.411505035   1.471054343   1.53078252   1.590743757   1.650986994   1.711556229   1.772490908   1.833826337   1.895594109   1.957822498   2.020536837   2.083759857   2.14751199   2.211811643   2.276675438   2.342118422   2.408154252   2.47479536   2.542053086   2.609937809   2.67845905   2.747625567   2.817445434   2.887926116   2.959074528   3.030897093   3.103399788   3.176588186   3.250467495   3.325042592   3.40031805   3.476298163   3.552986975   3.630388296   3.70850572   3.787342647   3.866902291   3.947187701   4.028201768   4.109947236   4.192426719   4.275642699   4.359597545   4.444293515   4.529732765   4.615917353   4.702849249   4.790530336   4.87896242   4.968147229   5.058086423   5.148781593   5.240234269   5.33244592   5.425417958   5.519151744   5.613648586   5.708909745   5.804936437   5.901729834   5.999291065   6.097621223   6.196721362   6.2965925   6.397235622   6.49865168   6.600841595   6.703806259   6.807546535   6.91206326   7.017357244   7.123429272   7.230280108   7.337910489   7.446321134   7.555512738   7.665485979   7.776241512   7.887779977   8.000101994   8.113208167   8.227099081   8.341775309   8.457237406   8.573485913   8.690521356   8.808344249   8.926955091   9.04635437   9.166542559   9.287520123   9.409287511   9.531845165   9.655193514   9.779332977   9.904263964   10.02998687   10.15650209   10.28381001   10.41191099   10.5408054   10.67049359   10.80097592   10.93225272   11.06432432   11.19719105   11.33085323   11.46531116   11.60056516   11.7366155   11.87346252   12.01110646   12.14954761   12.28878626   12.42882266   12.56965708   12.71128978   12.853721   12.996951   13.14098002   13.2858083   13.43143606   13.57786354   13.72509096   13.87311854   14.0219465   14.17157505   14.32200439   14.47323473   14.62526627   14.7780992   14.93173372   15.08617002   15.24140828   15.39744869   15.55429142   15.71193665   15.87038456   16.02963531   16.18968908   16.35054602   16.51220629   16.67467007   16.83793749   17.00200872   17.16688391   17.3325632   17.49904675   
9.128140704   8.174119905e-05   0.0001053504228   0.0001357773075   0.0001749896935   0.0002255228193   0.0002906425284   0.0003745551604   0.0004826773092   0.0006219822365   0.0008014442518   0.001032607978   0.001330316296   0.001713639051   0.002207054308   0.002841944958   0.003658485117   0.004708001798   0.006055905234   0.007785281472   0.01000122606   0.01283595608   0.01645465187   0.02106182603   0.026907766   0.03429421963   0.04357797872   0.05517039626   0.06953027618   0.08714727002   0.1085133402   0.1340815226   0.1642144647   0.1991296858   0.2388527891   0.2831915996   0.3317412853   0.3839227862   0.4390470723   0.4963903592   0.5552637708   0.6150651578   0.6753079936   0.7356289624   0.7957798431   0.8556103277   0.9150474417   0.9740754447   1.032718339   1.091025794   1.149062475   1.206900353   1.264613416   1.322274214   1.379951749   1.437710301   1.495608907   1.553701245   1.612035792   1.670656129   1.729601323   1.788906345   1.848602485   1.908717747   1.969277223   2.030303427   2.091816595   2.15383496   2.216374987   2.279451579   2.343078266   2.407267358   2.472030093   2.537376749   2.603316759   2.669858796   2.737010861   2.804780346   2.873174103   2.942198494   3.011859439   3.082162459   3.153112714   3.224715034   3.296973948   3.369893713   3.443478331   3.517731577   3.592657013   3.668258005   3.744537737   3.82149923   3.899145346   3.977478805   4.056502193   4.136217973   4.216628488   4.297735976   4.379542571   4.462050313   4.545261153   4.629176956   4.71379951   4.799130528   4.885171652   4.971924461   5.059390467   5.147571126   5.236467838   5.32608195   5.416414757   5.507467509   5.59924141   5.691737619   5.784957257   5.878901406   5.973571108   6.068967374   6.165091177   6.261943461   6.359525139   6.457837094   6.55688018   6.656655227   6.757163037   6.858404388   6.960380035   7.06309071   7.166537124   7.270719966   7.375639906   7.481297596   7.587693667   7.694828734   7.802703395   7.911318232   8.020673809   8.130770677   8.241609372   8.353190417   8.465514318   8.578581571   8.692392659   8.806948052   8.922248207   9.038293574   9.155084586   9.272621671   9.390905243   9.509935708   9.62971346   9.750238888   9.871512368   9.993534268   10.11630495   10.23982476   10.36409406   10.48911316   10.61488241   10.74140212   10.86867262   10.9966942   11.12546717   11.25499182   11.38526845   11.51629733   11.64807874   11.78061298   11.91390025   12.04794086   12.18273506   12.31828309   12.45458521   12.59164164   12.72945262   12.8680184   13.00733918   13.14741519   13.28824666   13.42983379   13.5721768   13.71527589   13.85913126   14.00374311   14.14911164   14.29523703   14.44211947   14.58975916   14.73815626   14.88731096   15.03722343   15.18789385   15.33932237   15.49150917   15.64445442   15.79815826   15.95262087   16.10784238   16.26382296   16.42056275   16.57806191   
9.381909548   6.2396157e-05   8.041859778e-05   0.0001036458113   0.0001335803692   0.0001721582681   0.0002218737198   0.0002859397157   0.0003684945195   0.0004748670556   0.0006119177111   0.0007884755132   0.001015898164   0.001308788174   0.001685906485   0.002171334528   0.002795946457   0.003599264786   0.004631783441   0.005957850009   0.007659199126   0.009839214287   0.01262795433   0.01618789612   0.02072019337   0.02647100377   0.03373706554   0.04286919737   0.05427178642   0.06839574144   0.08572208969   0.1067338176   0.1318752068   0.1615011149   0.1958230597   0.2348631791   0.2784288583   0.3261179246   0.3773566833   0.4314633963   0.487722523   0.5454534358   0.6040614937   0.6630664787   0.7221100025   0.7809474228   0.8394308257   0.8974886681   0.9551059082   1.012306719   1.069140583   1.125671751   1.18197165   1.238113659   1.294169707   1.350208182   1.406292787   1.462482018   1.518829058   1.575381936   1.632183825   1.68927343   1.746685394   1.804450715   1.862597137   1.921149518   1.98013016   2.039559115   2.099454444   2.15983246   2.22070793   2.282094256   2.344003638   2.406447207   2.46943515   2.532976811   2.597080786   2.661754999   2.727006778   2.79284291   2.859269699   2.926293012   2.993918319   3.062150732   3.130995038   3.200455723   3.270537006   3.341242853   3.412577003   3.484542986   3.557144137   3.630383611   3.7042644   3.778789341   3.853961129   3.929782326   4.006255371   4.083382588   4.161166191   4.239608297   4.318710926   4.398476011   4.4789054   4.560000864   4.6417641   4.724196736   4.807300334   4.891076395   4.97552636   5.060651615   5.146453496   5.232933285   5.320092221   5.407931496   5.49645226   5.585655622   5.675542654   5.766114389   5.857371827   5.949315935   6.041947646   6.135267865   6.229277466   6.323977297   6.419368179   6.515450906   6.61222625   6.709694958   6.807857756   6.906715348   7.006268417   7.106517627   7.207463623   7.309107031   7.41144846   7.514488502   7.618227734   7.722666716   7.827805993   7.933646096   8.040187542   8.147430835   8.255376465   8.36402491   8.473376636   8.583432097   8.694191737   8.805655988   8.917825271   9.030699997   9.144280569   9.258567378   9.373560808   9.489261232   9.605669016   9.722784516   9.840608083   9.959140056   10.07838077   10.19833061   10.31898971   10.44035858   10.56243744   10.68522661   10.80872637   10.93293701   11.05785881   11.18349204   11.30983698   11.43689388   11.56466301   11.69314462   11.82233895   11.95224624   12.08286675   12.21420069   12.3462483   12.4790098   12.61248542   12.74667536   12.88157984   13.01719907   13.15353325   13.29058258   13.42834726   13.56682749   13.70602344   13.84593531   13.98656328   14.12790752   14.26996823   14.41274556   14.55623969   14.70045078   14.84537901   14.99102452   15.13738749   15.28446806   15.43226639   15.58078264   15.73001694   
9.635678392   4.765301105e-05   6.141742791e-05   7.915717096e-05   0.0001020200436   0.0001314850466   0.000169457806   0.0002183934047   0.0002814544269   0.0003627142095   0.0004674180636   0.0006023187241   0.000776106658   0.0009999612966   0.001288255905   0.001659456825   0.002137267213   0.002752076057   0.003542784458   0.004559091882   0.005864332576   0.007538952516   0.009684702742   0.01242958434   0.01593349687   0.02039439224   0.02605449228   0.03320576177   0.04219332969   0.05341495059   0.06731401999   0.08436336472   0.1050374466   0.1297722488   0.1589152685   0.1926723883   0.2310625514   0.2738928522   0.3207637966   0.3711069548   0.4242476877   0.4794784495   0.5361265932   0.5936047303   0.6514387283   0.7092749459   0.7668721833   0.8240848247   0.8808426967   0.9371314202   0.9929753228   1.048423697   1.103540387   1.158396286   1.213064183   1.267615398   1.322117728   1.376634311   1.431223118   1.485936855   1.540823113   1.595924674   1.651279887   1.706923081   1.76288497   1.819193046   1.875871939   1.932943751   1.990428349   2.048343633   2.106705767   2.165529384   2.224827768   2.284613008   2.344896135   2.405687245   2.466995599   2.528829714   2.591197446   2.654106056   2.717562271   2.781572339   2.846142074   2.911276898   2.976981878   3.043261756   3.110120982   3.177563733   3.245593942   3.314215315   3.38343135   3.453245351   3.523660448   3.594679602   3.666305628   3.738541195   3.811388843   3.884850989   3.958929934   4.033627877   4.108946911   4.184889041   4.26145618   4.338650161   4.41647274   4.494925597   4.574010346   4.653728535   4.73408165   4.815071121   4.896698322   4.978964573   5.061871149   5.145419275   5.229610134   5.314444863   5.399924564   5.486050297   5.572823087   5.660243925   5.748313767   5.837033541   5.926404141   6.016426435   6.107101262   6.198429436   6.290411745   6.383048952   6.476341799   6.570291004   6.664897266   6.76016126   6.856083646   6.952665063   7.04990613   7.147807451   7.246369614   7.345593189   7.445478732   7.546026782   7.647237867   7.749112498   7.851651175   7.954854384   8.058722598   8.163256279   8.268455878   8.374321833   8.480854573   8.588054516   8.69592207   8.804457632   8.913661592   9.023534329   9.134076213   9.245287607   9.357168864   9.469720331   9.582942346   9.696835236   9.811399324   9.926634944   10.04254238   10.15912205   10.27637394   10.39429865   10.51289636   10.63216734   10.75211188   10.87273022   10.99402265   11.1159894   11.23863074   11.36194691   11.48593815   11.61060469   11.73594676   11.8619646   11.98865843   12.11602845   12.2440749   12.37279797   12.50219788   12.63227482   12.763029   12.8944606   13.02656983   13.15935686   13.29282189   13.42696509   13.56178664   13.69728672   13.8334655   13.97032314   14.10785982   14.2460757   14.38497093   14.52454567   14.66480008   14.80573432   14.94734852   
9.889447236   3.641047064e-05   4.69277366e-05   6.048265881e-05   7.795240171e-05   0.0001004672982   0.0001294838369   0.0001668786375   0.0002150694115   0.0002771706006   0.0003571935314   0.0004603036583   0.0005931509004   0.0007642933908   0.0009847403011   0.001268645955   0.001634195333   0.002104730335   0.002710176595   0.00348884177   0.004489666632   0.005775017738   0.007424110516   0.009537137248   0.01224013432   0.01569054069   0.02008325196   0.02565673341   0.03269839494   0.04154793785   0.05259679205   0.06628119257   0.08306615696   0.1034180385   0.1277649407   0.1564473939   0.1896659799   0.2274366913   0.2695664618   0.3156584854   0.3651494951   0.4173717635   0.4716255006   0.5272457849   0.5836522376   0.6403766001   0.6970698076   0.7534939743   0.8095056922   0.865036099   0.920071445   0.9746361974   1.028779457   1.082564667   1.136062199   1.189344266   1.242481597   1.295541411   1.348586298   1.401673723   1.454855924   1.508180069   1.561688558   1.615419398   1.669406613   1.723680641   1.778268729   1.833195289   1.888482224   1.944149228   2.00021404   2.056692683   2.113599661   2.170948141   2.228750105   2.287016488   2.345757299   2.404981715   2.464698183   2.524914488   2.585637828   2.646874873   2.708631815   2.770914419   2.833728059   2.897077757   2.960968217   3.025403848   3.090388791   3.155926946   3.222021986   3.288677378   3.355896399   3.423682149   3.492037567   3.56096544   3.630468416   3.700549011   3.771209622   3.842452531   3.914279915   3.986693852   4.059696326   4.133289237   4.207474399   4.282253553   4.357628365   4.433600435   4.510171297   4.587342425   4.665115234   4.743491087   4.822471294   4.902057117   4.982249771   5.063050427   5.144460215   5.226480224   5.309111507   5.392355079   5.476211922   5.560682985   5.645769186   5.731471413   5.817790525   5.904727353   5.992282706   6.080457362   6.16925208   6.258667595   6.348704618   6.439363842   6.530645937   6.622551555   6.715081331   6.808235878   6.902015796   6.996421666   7.091454055   7.187113512   7.283400573   7.380315759   7.47785958   7.576032529   7.674835088   7.774267727   7.874330903   7.975025064   8.076350644   8.178308068   8.280897749   8.384120094   8.487975495   8.592464338   8.697587001   8.803343849   8.909735242   9.016761532   9.12442306   9.232720162   9.341653166   9.451222392   9.561428153   9.672270755   9.783750491   9.895867685   10.00862259   10.1220155   10.23604669   10.35071643   10.46602498   10.58197261   10.69855956   10.81578608   10.93365243   11.05215883   11.17130552   11.29109273   11.41152069   11.53258961   11.65429974   11.77665123   11.89964432   12.02327922   12.14755614   12.27247526   12.39803677   12.52424088   12.65108776   12.77857759   12.90671056   13.03548684   13.16490661   13.29497004   13.42567728   13.55702852   13.68902391   13.8216636   13.95494776   14.08887654   14.22345009   
10.14321608   2.783263987e-05   3.58723063e-05   4.623412115e-05   5.958869343e-05   7.680022206e-05   9.898233204e-05   0.0001275699828   0.0001644120536   0.0002118905164   0.0002730737717   0.0003519138437   0.0004534998161   0.0005843832819   0.000752995819   0.0009701837749   0.001249892096   0.001610036693   0.002073613992   0.002670106533   0.003437254477   0.004423273097   0.005689603627   0.007314284873   0.00939601874   0.01205896323   0.01545820505   0.01978571833   0.02527637819   0.03221324224   0.04093082695   0.05181452285   0.06529373107   0.0818260216   0.1018700232   0.1258463466   0.1540889162   0.1867933193   0.2239728179   0.2654342997   0.3107836475   0.359462655   0.4108103241   0.464134392   0.5187774193   0.5741658061   0.6298369677   0.6854462542   0.7407589723   0.7956338367   0.8500032415   0.9038540347   0.9572108095   1.010122473   1.062652073   1.114869473   1.166846321   1.218652771   1.270355481   1.322016508   1.373692823   1.425436209   1.477293426   1.529306502   1.581513113   1.633946983   1.686638286   1.739614031   1.792898416   1.846513156   1.900477772   1.95480985   2.009525276   2.064638427   2.120162359   2.17610895   2.232489043   2.289312559   2.3465886   2.404325538   2.462531095   2.521212406   2.580376085   2.640028271   2.700174681   2.760820643   2.821971139   2.883630829   2.945804087   3.00849502   3.071707493   3.135445148   3.199711424   3.264509569   3.329842659   3.395713605   3.462125173   3.529079987   3.596580542   3.664629214   3.733228267   3.802379859   3.872086049   3.942348806   4.013170012   4.084551468   4.156494897   4.229001954   4.302074222   4.375713224   4.449920421   4.524697216   4.60004496   4.675964951   4.752458442   4.829526636   4.907170695   4.985391739   5.064190848   5.143569065   5.223527396   5.304066817   5.385188266   5.466892655   5.549180863   5.632053742   5.715512117   5.799556788   5.884188529   5.969408091   6.055216201   6.141613567   6.228600874   6.316178787   6.404347953   6.493109   6.582462537   6.672409158   6.76294944   6.854083944   6.945813215   7.038137785   7.13105817   7.224574875   7.318688389   7.413399191   7.508707746   7.604614507   7.701119919   7.798224411   7.895928406   7.994232313   8.093136534   8.19264146   8.292747473   8.393454946   8.494764244   8.596675722   8.699189729   8.802306604   8.906026679   9.01035028   9.115277725   9.220809324   9.326945381   9.433686194   9.541032054   9.648983246   9.757540035   9.866702679   9.976471574   10.08684683   10.19782875   10.30941759   10.4216136   10.53441702   10.64782809   10.76184704   10.87647409   10.99170947   11.10755339   11.22400608   11.34106774   11.45873859   11.57701881   11.69590861   11.81540819   11.93551774   12.05623744   12.17756749   12.29950805   12.42205932   12.54522146   12.66899465   12.79337906   12.91837485   13.04398218   13.17020122   13.29703213   13.42447505   13.55253015   
10.39698492   2.128453939e-05   2.743281567e-05   3.535698941e-05   4.556995276e-05   5.87326809e-05   7.56969577e-05   9.756040963e-05   0.0001257373809   0.0001620501883   0.0002088465816   0.0002691508752   0.0003468583084   0.000446984838   0.0005759879062   0.0007421779103   0.0009562452903   0.001231934507   0.001586903841   0.002043818921   0.002631738031   0.003387857973   0.00435969939   0.005607817596   0.007209124917   0.00926089647   0.01188549213   0.01523574706   0.01950083929   0.02491220838   0.03174874787   0.04034001498   0.05106562566   0.06434845014   0.08063894611   0.1003883736   0.1240102071   0.1518320988   0.1840449212   0.2206594058   0.2614824943   0.3061227527   0.3540269327   0.4045405897   0.4569787685   0.5106912799   0.5651110835   0.6197810786   0.6743608774   0.7286188644   0.7824157967   0.835685273   0.8884147097   0.9406288129   0.9923762944   1.043719813   1.094728735   1.145474156   1.196025671   1.246449389   1.296806852   1.347154545   1.397543816   1.448021021   1.498627831   1.549401599   1.600375759   1.651580228   1.703041782   1.754784414   1.806829654   1.859196858   1.911903463   1.964965219   2.018396385   2.072209904   2.126417558   2.181030097   2.23605736   2.291508374   2.347391441   2.403714218   2.460483782   2.517706691   2.575389036   2.633536484   2.692154321   2.751247486   2.810820602   2.870878006   2.931423773   2.992461734   3.053995502   3.116028488   3.178563912   3.241604824   3.305154114   3.369214523   3.433788653   3.498878979   3.564487858   3.630617534   3.697270148   3.764447741   3.832152267   3.900385591   3.969149499   4.038445701   4.108275837   4.178641478   4.249544133   4.320985251   4.392966224   4.465488392   4.538553042   4.612161415   4.686314705   4.761014065   4.836260604   4.912055394   4.988399469   5.065293829   5.142739437   5.220737227   5.299288101   5.378392932   5.458052565   5.538267817   5.619039483   5.700368328   5.782255099   5.864700516   5.947705281   6.031270073   6.115395552   6.20008236   6.285331118   6.371142432   6.45751689   6.544455064   6.631957511   6.72002477   6.80865737   6.897855823   6.987620628   7.077952272   7.168851228   7.260317958   7.352352913   7.444956531   7.53812924   7.631871457   7.726183591   7.821066038   7.916519187   8.012543416   8.109139096   8.206306587   8.304046244   8.40235841   8.501243424   8.600701614   8.700733303   8.801338807   8.902518432   9.004272482   9.106601251   9.209505028   9.312984095   9.41703873   9.521669202   9.626875778   9.732658704   9.839018274   9.945954698   10.05346823   10.16155912   10.27022759   10.37947388   10.48929821   10.59970081   10.71068188   10.82224165   10.93438031   11.04709809   11.16039517   11.27427176   11.38872805   11.50376422   11.61938047   11.73557698   11.85235393   11.9697115   12.08764985   12.20616917   12.32526961   12.44495134   12.56521454   12.68605934   12.80748591   12.92949441   
10.65075377   1.628344266e-05   2.098714264e-05   2.704951229e-05   3.486296554e-05   4.4933228e-05   5.791203909e-05   7.463928066e-05   9.619724174e-05   0.0001239805031   0.000159785917   0.0002059284249   0.000265390077   0.000342011675   0.0004407390704   0.0005679394464   0.000731807029   0.0009428827954   0.001214719011   0.001564726978   0.002015255214   0.0025949553   0.003340503168   0.004298753601   0.005529412704   0.007108313047   0.009131362202   0.01171919669   0.01502249392   0.01922775263   0.02456312075   0.031303503   0.03977370723   0.05034782123   0.0634424659   0.07950129812   0.098968539   0.1222508577   0.1496699414   0.181412205   0.2174860315   0.2576985046   0.3016608617   0.3488247108   0.3985419904   0.4501348427   0.5029601072   0.5564570948   0.6101740085   0.6637745778   0.7170301563   0.7698034678   0.8220292667   0.8736955107   0.9248270063   0.9754722689   1.025693575   1.075559801   1.125141508   1.174507741   1.223724077   1.272851553   1.321946187   1.371058897   1.420235652   1.469517772   1.518942296   1.568542378   1.618347683   1.668384764   1.718677413   1.76924698   1.82011266   1.871291747   1.92279986   1.97465114   2.026858424   2.079433398   2.132386723   2.18572816   2.23946666   2.29361046   2.348167152   2.403143759   2.458546785   2.51438227   2.570655838   2.62737273   2.684537846   2.742155774   2.800230813   2.858767006   2.917768155   2.977237842   3.037179451   3.097596177   3.158491044   3.21986692   3.281726522   3.344072433   3.406907108   3.470232884   3.534051987   3.59836654   3.66317857   3.728490012   3.794302718   3.86061846   3.927438932   3.994765762   4.062600508   4.130944666   4.199799675   4.269166914   4.339047713   4.409443348   4.48035505   4.551784004   4.623731352   4.696198195   4.769185597   4.842694582   4.916726142   4.991281234   5.066360782   5.141965682   5.2180968   5.294754973   5.371941012   5.449655705   5.527899812   5.606674072   5.685979201   5.765815894   5.846184826   5.927086649   6.008522001   6.090491499   6.172995744   6.256035317   6.339610787   6.423722705   6.508371609   6.59355802   6.679282448   6.765545387   6.852347319   6.939688716   7.027570034   7.115991721   7.204954211   7.29445793   7.38450329   7.475090697   7.566220544   7.657893217   7.750109091   7.842868533   7.936171902   8.030019548   8.124411813   8.219349031   8.314831531   8.41085963   8.507433642   8.604553874   8.702220623   8.800434182   8.899194839   8.998502873   9.098358559   9.198762166   9.299713956   9.401214188   9.503263114   9.60586097   9.709008025   9.812704507   9.916950713   10.02174664   10.12709276   10.23298925   10.33943619   10.44643393   10.55398263   10.66208249   10.77073372   10.8799365   10.98969104   11.09999751   11.21085611   11.32226701   11.4342304   11.54674646   11.65981534   11.77343722   11.88761229   12.00234067   12.11762255   12.23345809   12.34984743   
10.90452261   1.246210484e-05   1.606198544e-05   2.070171425e-05   2.668163449e-05   3.438882308e-05   4.43221275e-05   5.712442312e-05   7.362416874e-05   9.488893324e-05   0.0001222943295   0.0001576127696   0.0002031277078   0.000261780631   0.0003373600941   0.0004347446657   0.0005602149032   0.0007218535381   0.0009300581029   0.001198196408   0.001543442722   0.001987841229   0.002559653193   0.003295054677   0.004240261459   0.00545416471   0.007011560858   0.009007045231   0.01155960079   0.01481783473   0.01896567545   0.02422811359   0.03087622846   0.03923027432   0.04965904035   0.06257316051   0.0784097807   0.09760638984   0.1205631585   0.147596093   0.1788873883   0.2144432439   0.2540709625   0.297384437   0.343840031   0.3927959014   0.4435810859   0.4955592421   0.5481758337   0.6009841958   0.6536520384   0.7059535815   0.7577534434   0.808987489   0.8596441907   0.9097484445   0.9593485687   1.008506463   1.057290524   1.105770789   1.15401577   1.202090522   1.25005559   1.297966539   1.345873867   1.393823167   1.441855416   1.490007351   1.53831185   1.586798335   1.635493141   1.684419865   1.733599683   1.783051633   1.832792869   1.882838883   1.933203703   1.983900063   2.034939554   2.086332753   2.138089342   2.190218201   2.242727502   2.295624778   2.348916994   2.402610604   2.456711601   2.511225563   2.566157691   2.621512847   2.677295581   2.733510161   2.790160595   2.847250657   2.904783902   2.962763684   3.021193176   3.080075377   3.139413132   3.199209138   3.259465957   3.320186025   3.381371659   3.443025069   3.505148361   3.567743545   3.630812543   3.69435719   3.758379245   3.822880389   3.887862236   3.953326332   4.019274163   4.085707153   4.152626673   4.220034041   4.287930524   4.356317342   4.425195672   4.494566645   4.564431355   4.634790856   4.705646165   4.776998266   4.848848107   4.921196606   4.994044652   5.067393103   5.14124279   5.215594519   5.290449068   5.365807195   5.44166963   5.518037085   5.594910248   5.672289789   5.750176357   5.828570583   5.907473079   5.98688444   6.066805246   6.147236058   6.228177425   6.309629879   6.391593937   6.474070105   6.557058874   6.640560723   6.724576117   6.809105512   6.894149349   6.979708061   7.065782069   7.152371783   7.239477606   7.327099927   7.415239128   7.503895583   7.593069656   7.682761701   7.772972068   7.863701094   7.954949113   8.046716448   8.139003416   8.231810328   8.325137487   8.41898519   8.513353728   8.608243384   8.703654436   8.799587158   8.896041816   8.99301867   9.090517977   9.188539987   9.287084945   9.386153093   9.485744666   9.585859895   9.686499007   9.787662223   9.889349815   9.991561838   10.09429866   10.19756043   10.30134736   10.40565964   10.51049746   10.61586102   10.7217505   10.82816609   10.93510797   11.04257631   11.1505713   11.25909309   11.36814186   11.47771778   11.587821   11.69845168   11.80960999   
11.15829146   9.54094735e-06   1.229702068e-05   1.584921397e-05   2.042748063e-05   2.63281852e-05   3.393327693e-05   4.373499495e-05   5.636769824e-05   7.26488706e-05   9.36319381e-05   0.0001206742896   0.0001555248561   0.0002004368391   0.0002583127537   0.0003328909576   0.0004289853757   0.0005527933382   0.0007122904568   0.0009177364477   0.001182321906   0.001522993369   0.001961502636   0.002525735986   0.003251389248   0.004184064314   0.005381869473   0.006918605801   0.008887608094   0.011406271   0.01462121336   0.01871389511   0.02390627509   0.03046575998   0.03870823324   0.04899739986   0.06173815168   0.07736139389   0.09629816883   0.1189424336   0.1456047778   0.1764633945   0.2115224509   0.2505895366   0.2932811799   0.3390584007   0.387285415   0.4372979633   0.4884663193   0.5402419108   0.5921830427   0.6439612747   0.6953535958   0.7462264517   0.7965167737   0.8462135249   0.8953416807   0.943949361   0.992098094   1.039855808   1.087292027   1.134474741   1.181468498   1.228333365   1.27512446   1.321891877   1.368680839   1.415531994   1.462481778   1.509562807   1.556804263   1.60423227   1.651870236   1.699739166   1.747857946   1.796243595   1.844911481   1.893875522   1.943148351   1.992741467   2.042665366   2.092929654   2.143543142   2.194513937   2.245849515   2.297556787   2.349642157   2.402111572   2.454970567   2.508224303   2.561877603   2.615934985   2.670400681   2.725278671   2.780572699   2.836286292   2.89242278   2.94898531   3.005976859   3.06340025   3.121258158   3.179553127   3.238287573   3.297463796   3.357083989   3.417150242   3.477664549   3.538628817   3.600044867   3.661914444   3.724239218   3.787020788   3.850260689   3.913960396   3.978121322   4.042744826   4.107832217   4.173384752   4.239403641   4.305890052   4.372845109   4.440269895   4.508165456   4.576532803   4.64537291   4.71468672   4.784475143   4.854739059   4.925479322   4.996696756   5.068392159   5.140566305   5.213219945   5.286353804   5.359968587   5.434064979   5.508643643   5.583705223   5.659250345   5.735279617   5.811793629   5.888792956   5.966278156   6.044249772   6.122708333   6.201654352   6.28108833   6.361010756   6.441422102   6.522322833   6.603713399   6.68559424   6.767965783   6.850828448   6.93418264   7.018028759   7.102367192   7.187198318   7.2725225   7.358340121   7.444651512   7.531457025   7.618756997   7.706551757   7.794841628   7.883626923   7.972907951   8.062685012   8.152958402   8.243728408   8.334995312   8.426759391   8.519020914   8.611780147   8.705037348   8.798792772   8.893046666   8.987799275   9.083050837   9.178801587   9.275051753   9.37180156   9.46905123   9.566800977   9.665051015   9.76380155   9.863052788   9.962804929   10.06305817   10.1638127   10.26506871   10.36682639   10.46908592   10.57184748   10.67511124   10.77887738   10.88314606   10.98791746   11.09319177   11.19896905   11.30524957   
11.4120603   7.306995591e-06   9.417761703e-06   1.213825061e-05   1.564458051e-05   2.01637358e-05   2.598825452e-05   3.349515438e-05   4.317031892e-05   5.563991644e-05   7.171087553e-05   9.242302044e-05   0.0001191162131   0.0001535168015   0.0001978488916   0.0002549775176   0.00032859276   0.0004234463735   0.0005456556448   0.0007030931644   0.0009058861063   0.001167054631   0.001503326264   0.001936171613   0.002493116331   0.003209394413   0.004130017396   0.005312340716   0.006829208302   0.008772742858   0.01125881184   0.01443212239   0.01847176136   0.02359677332   0.03007103528   0.03820623101   0.04836118183   0.06093526632   0.07635340141   0.0950404494   0.1173844195   0.1436907298   0.1741337732   0.208715823   0.2472448151   0.28933989   0.3344666261   0.3819951453   0.4312677052   0.4816610039   0.5326322526   0.5837445715   0.6346732465   0.6851979435   0.7351868707   0.7845779854   0.8333607187   0.881560115   0.9292240961   0.9764138241   1.023196768   1.06964195   1.115816849   1.161785521   1.207607563   1.25333766   1.299025511   1.344715979   1.39044939   1.436261891   1.482185838   1.528250182   1.574480841   1.620901037   1.667531611   1.714391303   1.761496996   1.808863941   1.856505946   1.904435548   1.952664157   2.001202189   2.050059176   2.099243862   2.148764292   2.198627885   2.248841501   2.299411495   2.350343768   2.401643814   2.453316757   2.505367381   2.557800171   2.610619328   2.663828802   2.717432307   2.771433346   2.825835223   2.880641061   2.935853815   2.991476287   3.047511133   3.103960875   3.160827913   3.21811453   3.275822902   3.333955102   3.392513111   3.45149882   3.510914038   3.570760495   3.631039849   3.691753687   3.752903534   3.814490851   3.876517042   3.938983457   4.001891392   4.065242096   4.12903677   4.193276573   4.25796262   4.323095987   4.388677711   4.454708795   4.521190207   4.588122881   4.655507722   4.723345602   4.791637369   4.86038384   4.929585808   4.99924404   5.069359281   5.139932253   5.210963653   5.282454162   5.354404437   5.426815119   5.499686827   5.573020166   5.64681572   5.721074061   5.795795742   5.870981302   5.946631265   6.022746143   6.09932643   6.176372612   6.25388516   6.331864532   6.410311176   6.489225528   6.568608013   6.648459046   6.728779032   6.809568365   6.89082743   6.972556603   7.054756252   7.137426736   7.220568403   7.304181592   7.388266652   7.472823894   7.557853643   7.643356212   7.729331905   7.815781022   7.902703855   7.99010069   8.077971806   8.166317479   8.255137975   8.344433558   8.434204485   8.524451007   8.615173372   8.706371821   8.798046592   8.890197916   8.982826021   9.075931131   9.169513464   9.263573234   9.358110653   9.453125926   9.548619256   9.644590843   9.741040881   9.837969561   9.935377071   10.0332636   10.13162931   10.23047441   10.32979905   10.42960342   10.52988767   10.63065197   10.7318965   10.8336214   
11.66582915   5.597914959e-06   7.214986063e-06   9.299173427e-06   1.198540594e-05   1.544758411e-05   1.990983412e-05   2.566101031e-05   3.30733829e-05   4.262671704e-05   5.493929606e-05   7.080788728e-05   9.125922074e-05   0.0001176162857   0.0001515836897   0.0001953575297   0.0002517667575   0.0003244549788   0.0004181140983   0.0005387843479   0.0006942391428   0.0008944780635   0.0011523572   0.001484393248   0.001911786126   0.002461714338   0.003168967311   0.004077988304   0.005245408075   0.006743149255   0.008662167905   0.01111686163   0.01425009777   0.01823867955   0.02329884752   0.02969108301   0.03772303049   0.04774881549   0.06016251764   0.07538330184   0.09383009944   0.1158852198   0.141849137   0.1718926317   0.2060162091   0.244028204   0.2855503432   0.3300526681   0.3769110578   0.42547411   0.4751247627   0.5253258396   0.5756451286   0.6257615242   0.6754572816   0.724602311   0.7731355567   0.8210468961   0.8683614343   0.9151268943   0.9614040776   1.007260003   1.0527632   1.097980653   1.142975931   1.187808175   1.232531651   1.277195667   1.321844741   1.36651888   1.411253951   1.456082057   1.501031924   1.546129269   1.591397135   1.636856201   1.682525063   1.728420476   1.774557574   1.820950059   1.867610375   1.914549845   1.961778807   2.00930672   2.057142264   2.105293425   2.153767566   2.202571496   2.251711521   2.301193502   2.351022891   2.401204772   2.451743898   2.502644718   2.553911403   2.605547874   2.657557818   2.709944711   2.762711835   2.815862288   2.869399006   2.923324767   2.977642209   3.032353836   3.087462031   3.142969059   3.19887708   3.255188152   3.311904241   3.369027226   3.4265589   3.484500982   3.542855117   3.601622881   3.660805787   3.720405286   3.780422771   3.840859581   3.901717005   3.962996281   4.024698601   4.086825116   4.149376933   4.212355119   4.275760704   4.339594683   4.403858018   4.468551635   4.533676431   4.599233275   4.665223006   4.731646435   4.79850435   4.865797513   4.933526662   5.001692513   5.07029576   5.139337077   5.208817118   5.278736517   5.34909589   5.419895836   5.491136937   5.562819758   5.63494485   5.707512747   5.780523969   5.853979024   5.927878404   6.002222589   6.077012048   6.152247235   6.227928595   6.30405656   6.380631554   6.457653986   6.53512426   6.613042765   6.691409886   6.770225995   6.849491457   6.929206627   7.009371852   7.089987474   7.171053823   7.252571224   7.334539994   7.416960442   7.499832873   7.583157583   7.666934861   7.751164993   7.835848254   7.920984919   8.006575252   8.092619515   8.179117962   8.266070845   8.353478407   8.441340889   8.529658527   8.61843155   8.707660184   8.797344651   8.887485169   8.978081951   9.069135204   9.160645135   9.252611945   9.34503583   9.437916984   9.531255598   9.625051857   9.719305946   9.814018043   9.909188326   10.00481697   10.10090414   10.19745   10.29445473   10.39191848   
11.91959799   4.289900341e-06   5.529128372e-06   7.126329061e-06   9.18490612e-06   1.183813043e-05   1.525776562e-05   1.966518379e-05   2.534568983e-05   3.266697943e-05   4.210292229e-05   5.42642041e-05   6.993780114e-05   9.013782642e-05   0.0001161710112   0.0001497210152   0.0001929569465   0.0002486729896   0.0003204679691   0.000412976121   0.0005321634306   0.0006857077529   0.0008834857259   0.001138195352   0.001466150182   0.00188828932   0.002431456787   0.003130013664   0.004027855684   0.005180915404   0.006660227846   0.008555625127   0.01098008888   0.01407471418   0.01801410471   0.02301180046   0.02932501301   0.03725749801   0.04715886153   0.05941808528   0.0744488035   0.09266424981   0.1144412653   0.140075593   0.1697345744   0.2034170633   0.2409318387   0.2819031863   0.3258055164   0.3720203226   0.4199023722   0.4688406672   0.5183034805   0.5678631271   0.6172019986   0.666104856   0.7144432539   0.7621570873   0.8092366596   0.8557071279   0.9016160164   0.9470237718   0.9919969702   1.036603662   1.080910342   1.124980109   1.16887166   1.212638845   1.256330597   1.299991092   1.343660032   1.387373006   1.431161873   1.47505514   1.519078326   1.5632543   1.607603584   1.652144634   1.696894079   1.741866939   1.787076817   1.832536059   1.878255909   1.924246627   1.970517602   2.017077452   2.063934103   2.111094865   2.158566496   2.20635526   2.254466972   2.302907046   2.35168053   2.400792142   2.450246298   2.500047141   2.550198562   2.600704222   2.651567574   2.702791873   2.754380198   2.806335461   2.858660423   2.911357701   2.964429783   3.017879032   3.071707699   3.125917927   3.180511761   3.235491152   3.290857964   3.34661398   3.402760904   3.459300371   3.516233944   3.573563127   3.631289358   3.689414022   3.747938448   3.806863914   3.866191651   3.925922843   3.98605863   4.046600112   4.107548349   4.168904364   4.230669143   4.292843642   4.35542878   4.418425449   4.481834509   4.545656794   4.60989311   4.674544238   4.739610935   4.805093934   4.870993945   4.937311657   5.00404774   5.071202842   5.138777593   5.206772605   5.275188472   5.344025772   5.413285066   5.4829669   5.553071805   5.623600297   5.69455288   5.765930043   5.837732263   5.909960003   5.982613717   6.055693845   6.129200816   6.20313505   6.277496955   6.35228693   6.427505364   6.503152636   6.579229117   6.655735168   6.732671144   6.810037388   6.887834238   6.966062024   7.044721067   7.123811683   7.203334178   7.283288855   7.363676007   7.444495923   7.525748884   7.607435167   7.68955504   7.772108769   7.855096613   7.938518824   8.022375651   8.106667338   8.191394122   8.276556237   8.362153912   8.448187372   8.534656836   8.621562519   8.708904635   8.796683389   8.884898985   8.973551624   9.0626415   9.152168807   9.242133732   9.332536462   9.423377177   9.514656057   9.606373277   9.698529008   9.791123421   9.884156681   9.977628951   
12.17336683   3.288481209e-06   4.238430288e-06   5.462790102e-06   7.040827623e-06   9.074705924e-06   1.16960969e-05   1.507470334e-05   1.94292413e-05   2.504159255e-05   3.227504109e-05   4.1597771e-05   5.361314075e-05   6.909868411e-05   8.905634612e-05   0.0001147771788   0.0001479246395   0.0001906418084   0.0002456893405   0.0003166228729   0.0004080210262   0.0005257781825   0.0006774800389   0.0008728846691   0.001124537617   0.001448556526   0.001865628977   0.002402276428   0.003092446885   0.003979508085   0.005118719299   0.006580259643   0.008452877479   0.01084818915   0.01390558106   0.01779753637   0.02273499191   0.02897200784   0.03680859259   0.04658999842   0.05870029793   0.07354780254   0.09154026682   0.1130492805   0.1383660541   0.1676546512   0.200912381   0.2379485072   0.2783898447   0.3217150808   0.3673111859   0.4145389332   0.4627932213   0.5115476151   0.5603788238   0.6089726292   0.6571162192   0.7046827383   0.7516129972   0.7978977062   0.843562067   0.888653405   0.9332318171   0.9773634457   1.02111587   1.06455511   1.107743802   1.150740208   1.193597774   1.236365069   1.279085931   1.321799765   1.364541892   1.407343931   1.450234173   1.493237948   1.536377952   1.579674558   1.623146082   1.666809031   1.710678315   1.754767436   1.799088653   1.843653126   1.888471041   1.93355172   1.978903719   2.024534906   2.07045254   2.116663331   2.163173498   2.209988814   2.257114656   2.304556035   2.352317636   2.400403845   2.448818775   2.497566289   2.546650025   2.596073407   2.645839672   2.695951874   2.746412906   2.797225509   2.848392282   2.899915696   2.951798096   3.004041719   3.056648691   3.109621044   3.162960715   3.216669555   3.270749333   3.325201744   3.380028408   3.43523088   3.49081065   3.546769149   3.603107751   3.659827776   3.716930492   3.774417122   3.832288842   3.890546783   3.949192037   4.008225658   4.06764866   4.127462024   4.187666696   4.248263592   4.309253595   4.37063756   4.432416316   4.494590662   4.557161374   4.620129203   4.683494876   4.7472591   4.811422558   4.875985916   4.940949815   5.006314883   5.072081727   5.138250937   5.204823085   5.27179873   5.339178414   5.406962663   5.475151991   5.543746896   5.612747866   5.682155373   5.751969877   5.822191829   5.892821666   5.963859814   6.035306689   6.107162697   6.179428235   6.252103687   6.32518943   6.398685834   6.472593256   6.546912048   6.621642552   6.696785103   6.772340028   6.848307646   6.924688271   7.001482208   7.078689755   7.156311206   7.234346845   7.312796954   7.391661805   7.470941667   7.550636803   7.630747468   7.711273916   7.792216392   7.873575138   7.95535039   8.037542381   8.120151338   8.203177483   8.286621035   8.370482208   8.454761212   8.539458253   8.624573533   8.71010725   8.7960596   8.882430772   8.969220954   9.05643033   9.144059081   9.232107384   9.320575413   9.409463339   9.498771329   9.58849955   
12.42713568   2.521534949e-06   3.249936195e-06   4.188750707e-06   5.398759519e-06   6.958300496e-06   8.968339227e-06   1.155900424e-05   1.489800919e-05   1.920150648e-05   2.474807382e-05   3.189673701e-05   4.11101923e-05   5.298472583e-05   6.828875734e-05   8.801248721e-05   0.0001134318337   0.0001461907546   0.0001884072077   0.0002428094848   0.0003129115385   0.000403238309   0.0005196150664   0.0006695385572   0.0008626524168   0.001111355038   0.001431574975   0.001843757046   0.002374111378   0.003056187297   0.003932842945   0.005058687795   0.006503074934   0.008353706831   0.01072088232   0.01374233899   0.017588514   0.02246783274   0.02863131541   0.03637535645   0.04604101031   0.05800761809   0.07267836373   0.09045572813   0.1117062531   0.1367168021   0.1656483115   0.1984966438   0.2350715827   0.2750024415   0.3177720953   0.3627728577   0.4093713515   0.4569682104   0.5050421428   0.5531741239   0.6010532248   0.6484689849   0.6952960865   0.7414762233   0.7870004947   0.8318941396   0.8762042849   0.9199906828   0.9633190501   1.006256505   1.048868602   1.091217526   1.133361112   1.175352416   1.217239644   1.259066312   1.300871531   1.34269036   1.384554183   1.426491085   1.468526206   1.510682079   1.552978924   1.595434927   1.638066473   1.680888366   1.72391401   1.767155577   1.810624147   1.854329833   1.898281892   1.942488818   1.986958426   2.031697923   2.076713972   2.122012748   2.167599985   2.213481022   2.259660836   2.306144079   2.352935106   2.400038003   2.447456606   2.495194527   2.543255168   2.591641742   2.640357283   2.689404664   2.738786606   2.788505693   2.838564376   2.888964986   2.939709742   2.990800758   3.042240051   3.094029545   3.146171077   3.198666406   3.251517213   3.304725108   3.358291635   3.412218275   3.466506447   3.521157516   3.576172794   3.63155354   3.687300967   3.743416243   3.799900494   3.856754802   3.913980213   3.971577735   4.029548343   4.087892976   4.146612543   4.205707921   4.265179959   4.32502948   4.385257278   4.445864124   4.506850762   4.568217917   4.629966288   4.692096555   4.754609377   4.817505394   4.880785227   4.944449479   5.008498736   5.072933568   5.137754528   5.202962154   5.26855697   5.334539485   5.400910194   5.467669581   5.534818116   5.602356255   5.670284445   5.738603121   5.807312706   5.876413613   5.945906246   6.015790996   6.086068248   6.156738375   6.227801744   6.29925871   6.371109622   6.44335482   6.515994637   6.589029397   6.662459418   6.73628501   6.810506477   6.885124116   6.960138216   7.035549062   7.111356931   7.187562096   7.264164823   7.341165373   7.418564   7.496360954   7.574556481   7.65315082   7.732144207   7.811536871   7.891329037   7.971520929   8.052112761   8.133104748   8.214497097   8.296290013   8.378483696   8.461078345   8.544074151   8.627471304   8.711269991   8.795470394   8.880072693   8.965077063   9.050483678   9.136292707   9.222504317   
12.68090452   1.93397419e-06   2.492646217e-06   3.21270231e-06   4.140761002e-06   5.336906969e-06   6.878580572e-06   8.865590649e-06   1.142657486e-05   1.472732539e-05   1.898151818e-05   2.44645393e-05   3.153130117e-05   4.063919889e-05   5.237768685e-05   6.75063808e-05   8.700413596e-05   0.0001121322517   0.0001445158495   0.0001862486194   0.000240027591   0.0003093264506   0.0003986182842   0.0005136616016   0.0006618672253   0.0008527682468   0.001098620916   0.001415171135   0.001822629223   0.002346904582   0.003021161438   0.00388776571   0.00500069923   0.006428517252   0.008257912087   0.01059791012   0.01358465666   0.01738661309   0.02220977988   0.02830224241   0.03595690677   0.04551077656   0.05733862872   0.0718387036   0.08940840157   0.1104094075   0.1351244119   0.1637113637   0.1961647697   0.2322949642   0.2717337272   0.3139680342   0.3583954138   0.4043881876   0.4513525706   0.4987722716   0.5462324107   0.5934252513   0.6401426127   0.6862606654   0.7317219555   0.7765179544   0.820673931   0.8642368148   0.9072660179   0.9498268396   0.9919859466   1.033808436   1.075356053   1.116686217   1.157851598   1.198900052   1.239874777   1.280814599   1.32175432   1.362725097   1.403754809   1.444868416   1.486088286   1.527434496   1.5689251   1.610576367   1.652402997   1.694418298   1.736634357   1.779062175   1.821711796   1.864592412   1.907712458   1.951079696   1.994701282   2.038583835   2.082733486   2.127155932   2.171856473   2.216840054   2.262111294   2.307674521   2.35353379   2.399692914   2.446155479   2.492924864   2.54000426   2.587396683   2.635104984   2.683131868   2.731479898   2.780151512   2.829149023   2.878474637   2.928130453   2.978118474   3.02844061   3.079098688   3.130094453   3.181429576   3.233105656   3.285124226   3.337486757   3.390194659   3.443249287   3.496651944   3.550403881   3.604506303   3.658960371   3.7137672   3.768927868   3.824443412   3.880314835   3.936543103   3.99312915   4.050073878   4.107378159   4.165042837   4.223068727   4.281456619   4.340207277   4.399321443   4.458799835   4.518643147   4.578852055   4.639427214   4.700369259   4.761678807   4.823356457   4.88540279   4.947818373   5.010603755   5.07375947   5.137286038   5.201183966   5.265453746   5.330095856   5.395110764   5.460498923   5.526260778   5.59239676   5.658907288   5.725792775   5.793053619   5.86069021   5.928702931   5.997092152   6.065858235   6.135001537   6.204522401   6.274421167   6.344698164   6.415353714   6.486388134   6.557801731   6.629594807   6.701767657   6.774320568   6.847253823   6.920567699   6.994262464   7.068338383   7.142795716   7.217634716   7.29285563   7.368458703   7.444444171   7.52081227   7.597563226   7.674697266   7.752214607   7.830115466   7.908400054   7.987068578   8.066121241   8.145558243   8.225379778   8.30558604   8.386177216   8.467153491   8.548515047   8.63026206   8.712394709   8.794913162   8.877817589   
12.93467337   1.483704265e-06   1.91230611e-06   2.464718822e-06   3.176707466e-06   4.094368262e-06   5.277112703e-06   6.801513508e-06   8.766261263e-06   1.129855237e-05   1.456232147e-05   1.876885049e-05   2.419044004e-05   3.117802606e-05   4.01838789e-05   5.179084855e-05   6.675003974e-05   8.602934011e-05   0.0001108759165   0.0001428966813   0.0001841618641   0.0002373382729   0.0003058606679   0.0003941520065   0.0005079062608   0.0006544511894   0.0008432130201   0.001086310592   0.00139931324   0.001802204592   0.002320603345   0.002987301462   0.003844189049   0.004944641241   0.006356442092   0.008165307519   0.01047903405   0.01343222805   0.01719144157   0.02196033181   0.02798414861   0.0355524283   0.04499826237   0.05669202141   0.07102717555   0.08839622652   0.1091561819   0.1335857223   0.1618399401   0.1939120704   0.2296130247   0.2685770173   0.310295039   0.3541697093   0.3995789043   0.4459342725   0.4927243869   0.5395383959   0.5860716632   0.6321182198   0.6775556776   0.7223274052   0.7664252299   0.809874445   0.8527217825   0.8950263199   0.9368529461   0.9782678852   1.019335788   1.060117968   1.100671437   1.14104849   1.18129664   1.221458774   1.261573438   1.301675186   1.341794951   1.381960412   1.422196352   1.46252498   1.502966232   1.543538033   1.58425654   1.625136348   1.666190674   1.707431522   1.748869816   1.790515532   1.8323778   1.874464996   1.916784829   1.959344409   2.002150308   2.045208618   2.088524995   2.132104707   2.175952663   2.220073453   2.264471376   2.309150459   2.354114491   2.399367033   2.444911444   2.490750892   2.536888372   2.583326718   2.630068617   2.677116615   2.724473132   2.772140469   2.820120816   2.868416257   2.917028782   2.965960291   3.015212595   3.064787431   3.114686456   3.16491126   3.215463367   3.266344235   3.317555268   3.36909781   3.420973156   3.473182549   3.525727185   3.578608217   3.631826755   3.685383867   3.739280586   3.793517905   3.848096786   3.903018156   3.958282911   4.013891917   4.069846012   4.126146006   4.182792684   4.239786805   4.297129106   4.354820298   4.412861074   4.471252104   4.529994037   4.589087506   4.648533122   4.70833148   4.76848316   4.828988722   4.889848712   4.951063662   5.012634087   5.074560491   5.136843362   5.199483176   5.262480397   5.325835476   5.389548853   5.453620958   5.518052207   5.582843008   5.647993759   5.713504848   5.779376652   5.84560954   5.912203874   5.979160004   6.046478275   6.114159022   6.182202573   6.250609249   6.319379362   6.388513218   6.458011118   6.527873354   6.598100212   6.668691973   6.73964891   6.810971292   6.882659381   6.954713435   7.027133706   7.099920439   7.173073877   7.246594256   7.320481808   7.394736759   7.469359334   7.544349749   7.61970822   7.695434955   7.771530161   7.847994039   7.924826788   8.002028601   8.07959967   8.15754018   8.235850317   8.31453026   8.393580186   8.473000269   8.552790679   
13.18844221   1.138545153e-06   1.467440167e-06   1.891343756e-06   2.437701018e-06   3.141884968e-06   4.049486526e-06   5.219265925e-06   6.726956506e-06   8.670167019e-06   1.117469956e-05   1.440269172e-05   1.856310937e-05   2.392526816e-05   3.083625708e-05   3.974338866e-05   5.122312356e-05   6.601833273e-05   8.508629344e-05   0.0001096605004   0.0001413302498   0.0001821430752   0.0002347365473   0.0003025077681   0.0003898311999   0.0005023383791   0.0006472767067   0.000833969029   0.001074401252   0.001383971898   0.001782445296   0.002295158914   0.002954544596   0.003802032165   0.004890409867   0.006286715757   0.008075721299   0.01036403344   0.01328477009   0.01700263672   0.02171902455   0.02767644172   0.03516116692   0.04450251058   0.056066586   0.07024225675   0.08741729742   0.1079442074   0.1320978108   0.1600304658   0.1917342133   0.2270205651   0.2655261374   0.3067458526   0.3500873023   0.3949337777   0.4407022195   0.4868859343   0.5330779876   0.5789767556   0.6243784156   0.6691619764   0.713271601   0.7566994576   0.7994708581   0.8416323375   0.8832426436   0.9243662625   0.9650689841   1.005415022   1.045465267   1.085276334   1.124900148   1.164383888   1.203770138   1.24309717   1.282399296   1.321707227   1.36104845   1.400447574   1.439926652   1.479505481   1.519201863   1.559031844   1.599009918   1.639149212   1.679461647   1.719958076   1.760648405   1.801541703   1.842646292   1.883969829   1.925519375   1.96730146   2.009322135   2.051587021   2.094101347   2.136869995   2.179897522   2.223188198   2.266746028   2.310574771   2.354677969   2.399058957   2.443720883   2.488666723   2.533899292   2.57942126   2.625235157   2.671343386   2.717748234   2.764451876   2.811456385   2.858763735   2.906375815   2.954294425   3.002521289   3.051058054   3.099906301   3.149067542   3.198543228   3.248334751   3.298443448   3.348870605   3.399617458   3.450685194   3.502074959   3.553787855   3.605824945   3.658187253   3.710875767   3.763891441   3.817235198   3.870907926   3.924910488   3.979243714   4.033908411   4.088905357   4.144235307   4.199898992   4.25589712   4.312230378   4.368899432   4.425904927   4.483247492   4.540927733   4.598946244   4.657303597   4.71600035   4.775037047   4.834414214   4.894132365   4.954191998   5.0145936   5.075337643   5.136424589   5.197854884   5.259628967   5.321747263   5.384210187   5.447018145   5.510171531   5.57367073   5.637516117   5.70170806   5.766246916   5.831133036   5.896366759   5.96194842   6.027878345   6.094156852   6.160784251   6.227760847   6.295086938   6.362762814   6.430788759   6.499165053   6.567891967   6.636969768   6.706398717   6.77617907   6.846311075   6.916794979   6.987631021   7.058819436   7.130360455   7.202254303   7.274501202   7.347101368   7.420055014   7.493362348   7.567023575   7.641038896   7.715408506   7.790132599   7.865211365   7.940644989   8.016433653   8.092577537   8.169076817   8.245931665   
13.44221106   8.738863601e-07   1.126328735e-06   1.451694755e-06   1.87104992e-06   2.41154485e-06   3.108173008e-06   4.006036132e-06   5.163263963e-06   6.654777232e-06   8.577137357e-06   1.105479659e-05   1.424815278e-05   1.836392963e-05   2.366855301e-05   3.050538763e-05   3.931694631e-05   5.06735042e-05   6.530996101e-05   8.417332207e-05   0.000108483846   0.0001398137746   0.0001801886693   0.0002322177962   0.0002992618   0.0003856481947   0.0004969480729   0.0006403310417   0.0008250198638   0.001062871755   0.001369119874   0.001763316253   0.00227052611   0.002922832672   0.003761220185   0.004837908771   0.006219214358   0.007988994198   0.0102527038   0.01314202045   0.01681986245   0.0214854282   0.02737857297   0.03478242391   0.04402263438   0.05546120136   0.06948253649   0.08646984919   0.1067712902   0.1306579711   0.1582796308   0.1896271875   0.224512774   0.2625753744   0.3033137626   0.3461403866   0.3904438193   0.4356461578   0.4812453173   0.5268381743   0.572126033   0.6169071552   0.6610619039   0.7045352101   0.7473195684   0.7894403038   0.8309437552   0.8718883456   0.9123381652   0.9523585783   0.9920133704   1.031363018   1.070463746   1.109367121   1.148119993   1.186764649   1.225339096   1.263877404   1.302410073   1.340964399   1.379564821   1.41823324   1.456989319   1.495850737   1.534833432   1.573951799   1.613218879   1.652646511   1.692245477   1.732025618   1.771995942   1.812164716   1.852539547   1.893127451   1.933934915   1.97496795   2.016232141   2.057732685   2.09947443   2.141461905   2.183699353   2.226190752   2.268939839   2.311950132   2.355224944   2.398767405   2.442580471   2.48666694   2.531029463   2.575670555   2.620592605   2.665797884   2.711288553   2.757066672   2.803134203   2.849493023   2.896144921   2.943091608   2.990334724   3.037875836   3.085716449   3.133858004   3.182301884   3.231049418   3.280101883   3.329460508   3.379126472   3.429100913   3.479384927   3.529979569   3.580885858   3.632104775   3.683637268   3.735484253   3.787646615   3.840125208   3.89292086   3.946034369   3.999466511   4.053218036   4.107289669   4.161682114   4.216396054   4.271432149   4.326791043   4.382473358   4.438479698   4.494810651   4.551466788   4.608448662   4.665756813   4.723391764   4.781354026   4.839644095   4.898262452   4.957209568   5.0164859   5.076091894   5.136027984   5.196294594   5.256892135   5.31782101   5.37908161   5.44067432   5.502599511   5.564857549   5.627448789   5.690373577   5.753632254   5.817225151   5.88115259   5.94541489   6.010012357   6.074945295   6.140214   6.205818759   6.271759857   6.338037568   6.404652165   6.471603911   6.538893067   6.606519884   6.674484614   6.742787497   6.811428774   6.880408677   6.949727435   7.019385273   7.08938241   7.159719062   7.230395429   7.30141175   7.372768197   7.44446497   7.516502293   7.588880329   7.661599276   7.734659318   7.808060637   7.881803411   7.955887813   
13.6959799   6.708991896e-07   8.647040964e-07   1.114493961e-06   1.436441233e-06   1.851390069e-06   2.386205806e-06   3.075514218e-06   3.963943139e-06   5.109011517e-06   6.584852857e-06   8.487013966e-06   1.093863941e-05   1.409844169e-05   1.817097232e-05   2.341985771e-05   3.018485465e-05   3.890382617e-05   5.014105515e-05   6.462371912e-05   8.328887236e-05   0.0001073439509   0.000138344675   0.0001782953205   0.000229777733   0.0002961172393   0.0003815958721   0.0004917261687   0.0006336023733   0.0008163502935   0.001051702477   0.001354731888   0.0017447849   0.002246662998   0.002892111696   0.003721683612   0.004787048537   0.006153822903   0.007904978427   0.01014485535   0.01300373566   0.01664280683   0.02125914376   0.02709003305   0.03441555083   0.04355781083   0.05487482717   0.06874670586   0.08555224426   0.1056353949   0.129263693   0.1565843653   0.1875872742   0.2220851909   0.2597194339   0.29999255   0.3423217321   0.3861007067   0.4307565968   0.4757918066   0.5208069216   0.5655060939   0.6096896106   0.6532391479   0.6961003795   0.7382661131   0.7797616818   0.8206332294   0.8609388584   0.9007422701   0.9401084116   0.9791006485   1.017779052   1.056199465   1.094413103   1.132466494   1.170401635   1.208256272   1.246064241   1.283855834   1.321658161   1.359495493   1.397389585   1.435359966   1.473424197   1.511598109   1.549896003   1.588330832   1.626914358   1.665657291   1.70456941   1.743659663   1.782936264   1.822406772   1.862078156   1.901956862   1.942048865   1.982359711   2.022894567   2.063658248   2.104655257   2.145889808   2.187365855   2.229087111   2.271057072   2.313279032   2.3557561   2.398491213   2.441487152   2.484746551   2.528271911   2.572065605   2.616129889   2.660466912   2.70507872   2.749967265   2.795134409   2.840581931   2.886311534   2.932324844   2.978623421   3.025208758   3.072082288   3.119245387   3.166699375   3.21444552   3.262485042   3.310819117   3.359448872   3.408375398   3.457599743   3.507122918   3.5569459   3.607069631   3.65749502   3.708222946   3.75925426   3.810589782   3.862230308   3.914176606   3.966429423   4.01898948   4.071857475   4.125034088   4.178519974   4.232315773   4.286422103   4.340839565   4.395568742   4.450610202   4.505964496   4.561632158   4.617613709   4.673909657   4.730520493   4.787446698   4.844688737   4.902247067   4.960122129   5.018314355   5.076824166   5.13565197   5.194798169   5.254263151   5.314047297   5.374150978   5.434574556   5.495318383   5.556382806   5.61776816   5.679474776   5.741502975   5.803853071   5.866525371   5.929520176   5.992837778   6.056478466   6.12044252   6.184730215   6.249341819   6.314277596   6.379537804   6.445122694   6.511032514   6.577267505   6.643827904   6.710713944   6.777925851   6.845463848   6.913328154   6.981518984   7.050036545   7.118881046   7.188052687   7.257551666   7.327378178   7.397532413   7.468014559   7.538824798   7.609963309   7.681430273   
13.94974874   5.151731771e-07   6.639930411e-07   8.558029454e-07   1.103021505e-06   1.421654693e-06   1.8323321e-06   2.361642511e-06   3.043855269e-06   3.923138812e-06   5.056419996e-06   6.517069201e-06   8.399649682e-06   1.082603837e-05   1.395331397e-05   1.798392236e-05   2.317877618e-05   2.987413472e-05   3.850335364e-05   4.962490696e-05   6.395848648e-05   8.243150005e-05   0.0001062389538   0.0001369205521   0.0001764599371   0.0002274123733   0.0002930689512   0.0003776676146   0.0004866641388   0.0006270797131   0.0008079461592   0.001040875175   0.001340784441   0.001726820969   0.002223530596   0.00286233148   0.003683357847   0.004737746047   0.006090434499   0.007823536614   0.01004031169   0.01286968941   0.01647117991   0.02103980037   0.02681034861   0.03405994503   0.04310727511   0.05430649662   0.06803354854   0.08466296104   0.1045346309   0.1279126447   0.1549418184   0.1856110203   0.2197336749   0.2569534015   0.2967764436   0.3386246316   0.3818967217   0.4260247382   0.470515459   0.5149730814   0.5591045284   0.6027120555   0.6456786139   0.6879505957   0.7295211089   0.7704154897   0.8106796881   0.8503714906   0.8895542166   0.9282924035   0.9666490052   1.004683695   1.042451945   1.080004623   1.117387944   1.15464362   1.191809143   1.228918118   1.266000635   1.303083621   1.340191184   1.377344935   1.414564272   1.451866642   1.489267771   1.526781865   1.564421794   1.602199245   1.640124857   1.678208346   1.716458605   1.754883794   1.793491424   1.832288421   1.871281191   1.91047567   1.949877371   1.989491426   2.029322623   2.069375435   2.109654052   2.150162402   2.190904176   2.231882848   2.273101692   2.314563796   2.356272082   2.398229313   2.440438107   2.482900948   2.525620195   2.568598093   2.611836775   2.655338275   2.699104532   2.743137399   2.787438644   2.832009957   2.876852956   2.921969191   2.967360147   3.013027247   3.058971858   3.105195292   3.15169881   3.198483626   3.245550905   3.292901771   3.340537305   3.388458551   3.436666513   3.485162161   3.533946432   3.58302023   3.632384429   3.682039872   3.731987376   3.782227732   3.832761704   3.883590032   3.934713434   3.986132604   4.037848217   4.089860925   4.142171363   4.194780145   4.247687869   4.300895115   4.354402446   4.40821041   4.462319538   4.516730349   4.571443344   4.626459015   4.681777838   4.737400277   4.793326783   4.849557796   4.906093746   4.96293505   5.020082115   5.077535339   5.135295108   5.193361802   5.251735787   5.310417424   5.369407064   5.42870505   5.488311718   5.548227393   5.608452395   5.668987038   5.729831625   5.790986456   5.852451822   5.914228009   5.976315296   6.038713955   6.101424254   6.164446454   6.227780812   6.291427578   6.355386997   6.419659309   6.484244751   6.549143553   6.61435594   6.679882134   6.745722352   6.811876807   6.878345708   6.945129258   7.012227659   7.079641108   7.147369796   7.215413915   7.283773648   7.35244918   7.42144068   
14.20351759   3.956755211e-07   5.09975715e-07   6.5729417e-07   8.471689486e-07   1.091893377e-06   1.407311949e-06   1.813846126e-06   2.337816446e-06   3.013146514e-06   3.883559165e-06   5.005406928e-06   6.451319967e-06   8.314907503e-06   1.071681687e-05   1.381254203e-05   1.780248642e-05   2.294493035e-05   2.95727406e-05   3.811490071e-05   4.912425024e-05   6.331321988e-05   8.159986064e-05   0.0001051671217   0.0001355391726   0.0001746796407   0.0002251180077   0.0002901121551   0.0003738572616   0.0004817540445   0.0006207528315   0.0007997942803   0.001030372869   0.001327255654   0.00170939628   0.002201092616   0.0028334453   0.003646182751   0.004689923925   0.006028949643   0.007744540871   0.009938908579   0.01273967102   0.01630471179   0.02082705283   0.026539079   0.03371504554   0.04267031538   0.05375530994   0.0673419326   0.08380058364   0.1034672387   0.1266026568   0.1533493379   0.183695214   0.2174543754   0.2542727091   0.2936600804   0.3350428538   0.3778246963   0.4214424131   0.4654070458   0.5093263102   0.5529098265   0.5959617645   0.6383663131   0.6800705602   0.7210679016   0.7613836729   0.8010636307   0.8401652503   0.8787514758   0.9168864422   0.9546327001   0.9920495339   1.029192048   1.066110775   1.102851621   1.139456019   1.175961211   1.21240058   1.248804015   1.285198263   1.321607276   1.35805252   1.394553269   1.431126855   1.467788901   1.504553524   1.54143351   1.578440472   1.615584981   1.652876692   1.690324442   1.72793634   1.76571985   1.803681855   1.841828721   1.880166348   1.918700215   1.957435423   1.996376729   2.035528582   2.074895142   2.114480317   2.154287774   2.194320967   2.234583148   2.275077389   2.315806593   2.356773506   2.39798073   2.439430737   2.481125869   2.523068357   2.565260323   2.607703788   2.650400681   2.693352841   2.736562026   2.780029918   2.823758123   2.867748183   2.912001573   2.956519709   3.001303948   3.046355596   3.091675905   3.137266082   3.183127285   3.229260631   3.275667195   3.322348014   3.369304086   3.416536377   3.464045816   3.511833302   3.559899704   3.60824586   3.656872583   3.705780658   3.754970844   3.804443877   3.854200471   3.904241316   3.954567082   4.005178417   4.056075953   4.1072603   4.158732053   4.210491786   4.262540061   4.314877422   4.367504396   4.4204215   4.473629232   4.52712808   4.580918517   4.635001005   4.689375992   4.744043916   4.799005203   4.854260267   4.909809515   4.96565334   5.021792128   5.078226254   5.134956084   5.191981977   5.24930428   5.306923335   5.364839474   5.423053023   5.481564299   5.540373613   5.599481268   5.658887561   5.718592781   5.778597212   5.838901132   5.899504811   5.960408516   6.021612507   6.083117037   6.144922356   6.207028708   6.269436331   6.33214546   6.395156324   6.458469147   6.522084149   6.586001546   6.65022155   6.714744368   6.779570203   6.844699254   6.910131717   6.975867785   7.041907644   7.10825148   7.174899474   
14.45728643   3.039566119e-07   3.917616579e-07   5.049312402e-07   6.507924802e-07   8.387890936e-07   1.081092806e-06   1.393391384e-06   1.795904287e-06   2.314691701e-06   2.983341672e-06   3.845144545e-06   4.955895432e-06   6.387506063e-06   8.232659713e-06   1.061081031e-05   1.367591373e-05   1.762639106e-05   2.271796778e-05   2.928021804e-05   3.773788194e-05   4.863833041e-05   6.26869468e-05   8.079270071e-05   0.0001041268393   0.0001341984545   0.0001729517481   0.0002228911781   0.0002872423946   0.0003701590702   0.0004769884851   0.0006146121919   0.0007918823692   0.001020179726   0.001314125135   0.001692484566   0.002179315228   0.0028054096   0.003610102261   0.004643510039   0.005969275572   0.007667871986   0.009840492939   0.01261348412   0.01614315088   0.02062057934   0.02627581351   0.03338032952   0.04224626816   0.05322042852   0.06667080315   0.08296379267   0.1024315791   0.1253317084   0.1518044536   0.1818368643   0.2152437074   0.2516731038   0.2906384689   0.3315706009   0.373877963   0.4170020259   0.4604579891   0.5038569972   0.5469112973   0.5894269216   0.6312892613   0.6724460783   0.7128910448   0.7526494916   0.791766983   0.8303006877   0.8683131805   0.9058682019   0.9430279066   0.9798511972   1.01639282   1.052702976   1.08882727   1.124806863   1.160678751   1.196476099   1.232228599   1.267962825   1.303702572   1.339469168   1.375281762   1.411157574   1.44711213   1.483159456   1.519312257   1.555582072   1.591979408   1.628513859   1.665194207   1.702028512   1.739024192   1.776188087   1.813526525   1.85104537   1.888750067   1.926645687   1.96473696   2.003028305   2.041523861   2.080227509   2.119142896   2.158273455   2.197622419   2.237192842   2.276987609   2.31700945   2.357260953   2.397744572   2.438462638   2.479417369   2.520610873   2.56204516   2.603722147   2.645643663   2.687811456   2.730227195   2.77289248   2.815808843   2.858977749   2.902400606   2.946078765   2.990013521   3.034206122   3.078657765   3.123369603   3.168342746   3.213578263   3.259077183   3.304840501   3.350869174   3.397164128   3.443726255   3.49055642   3.537655456   3.585024171   3.632663344   3.680573731   3.728756064   3.777211051   3.82593938   3.874941714   3.924218701   3.973770966   4.023599118   4.073703745   4.124085421   4.174744703   4.225682131   4.276898231   4.328393514   4.380168479   4.432223607   4.484559371   4.537176229   4.590074626   4.643254998   4.696717768   4.750463349   4.804492143   4.858804543   4.913400931   4.968281681   5.023447156   5.078897712   5.134633697   5.190655447   5.246963296   5.303557564   5.36043857   5.41760662   5.475062016   5.532805054   5.590836021   5.649155199   5.707762864   5.766659286   5.825844728   5.88531945   5.945083704   6.005137737   6.065481792   6.126116106   6.187040912   6.248256438   6.309762906   6.371560537   6.433649543   6.496030136   6.558702521   6.6216669   6.684923472   6.748472431   6.812313968   6.876448269   6.940875518   
14.71105528   2.335431769e-07   3.010076508e-07   3.879608198e-07   5.000324404e-07   6.44478547e-07   8.306512332e-07   1.070604136e-06   1.379872818e-06   1.778480574e-06   2.292234755e-06   2.954397539e-06   3.807839268e-06   4.907813735e-06   6.325534986e-06   8.152787086e-06   1.050786503e-05   1.3543231e-05   1.745538101e-05   2.249755948e-05   2.899614301e-05   3.73717508e-05   4.816644309e-05   6.207875943e-05   8.000885022e-05   0.0001031165986   0.0001328964543   0.0001712737547   0.0002207286564   0.0002844555095   0.0003665676791   0.0004723605519   0.0006086488923   0.0007841989553   0.001010280969   0.001301373845   0.001676061305   0.002158166853   0.002778183722   0.003575064044   0.004598437055   0.005911325697   0.007593418676   0.00974492187   0.0124909454   0.01598626234   0.02042007955   0.02602016879   0.03305530895   0.04183451423   0.05270106974   0.06601917579   0.08215135698   0.1014261226   0.1240979139   0.1503048614   0.1800331817   0.2130983278   0.2491506213   0.2877069574   0.3282024711   0.3700503115   0.412696504   0.4556603041   0.4985561995   0.5410989964   0.5830965398   0.6244353896   0.6650639607   0.7049761909   0.7441974021   0.7827729681   0.8207597548   0.8582199741   0.8952169791   0.931812536   0.9680651732   1.004029286   1.03975475   1.075286875   1.110666555   1.145930547   1.1811118   1.216239814   1.251340993   1.286438979   1.321554965   1.356707977   1.391915127   1.427191843   1.462552063   1.498008414   1.533572362   1.569254351   1.605063916   1.641009784   1.677099967   1.713341837   1.749742195   1.78630733   1.823043071   1.85995483   1.89704765   1.93432623   1.971794965   2.009457968   2.0473191   2.085381984   2.123650033   2.162126463   2.200814308   2.239716438   2.278835566   2.318174266   2.357734977   2.397520016   2.437531589   2.477771791   2.518242621   2.558945985   2.599883701   2.641057506   2.682469061   2.724119956   2.766011713   2.808145791   2.850523588   2.893146447   2.936015658   2.979132458   3.022498039   3.066113548   3.109980087   3.154098719   3.198470468   3.243096323   3.287977235   3.333114124   3.378507879   3.424159358   3.47006939   3.516238776   3.562668294   3.609358694   3.656310703   3.703525027   3.751002346   3.798743324   3.846748601   3.895018802   3.943554528   3.992356368   4.04142489   4.090760649   4.140364181   4.190236009   4.240376642   4.290786574   4.341466286   4.392416246   4.443636909   4.495128719   4.546892109   4.598927499   4.6512353   4.703815912   4.756669724   4.809797117   4.863198463   4.916874123   4.97082445   5.025049789   5.079550477   5.134326843   5.189379209   5.244707887   5.300313185   5.356195402   5.412354832   5.468791761   5.525506468   5.582499229   5.639770312   5.697319978   5.755148485   5.813256084   5.871643021   5.930309537   5.989255869   6.048482246   6.107988896   6.167776041   6.227843898   6.288192681   6.348822597   6.409733853   6.470926649   6.532401181   6.594157644   6.656196226   6.718517115   
14.96482412   1.79474535e-07   2.31320009e-07   2.981422682e-07   3.842677037e-07   4.952724807e-07   6.383435611e-07   8.227440131e-07   1.060412731e-06   1.366737391e-06   1.761550679e-06   2.270414277e-06   2.92627373e-06   3.771591284e-06   4.861094753e-06   6.265320273e-06   8.075178184e-06   1.040783738e-05   1.341430872e-05   1.728921768e-05   2.228339793e-05   2.872011915e-05   3.701599646e-05   4.77079299e-05   6.148780918e-05   7.92472155e-05   0.0001021349901   0.0001316313553   0.000169643319   0.0002186274253   0.0002817476113   0.0003630780772   0.0004678637876   0.0006028546115   0.0007767333173   0.001000662784   0.001288983989   0.001660103575   0.002137617972   0.002751729661   0.003541019184   0.004554642038   0.005855019084   0.007521076928   0.009652061802   0.01237188352   0.01583382668   0.02022527272   0.02577178657   0.03273952777   0.0414344749   0.05219650227   0.06538613068   0.08136212626   0.1004494406   0.1228995123   0.148848409   0.1782815614   0.2110151155   0.246701561   0.2848612046   0.3249334245   0.3663359496   0.4085192529   0.4510065482   0.4934155841   0.5354636608   0.5769603886   0.617793464   0.6579119347   0.6973099938   0.7360129511   0.7740659907   0.8115256803   0.8484538749   0.8849135469   0.9209660814   0.9566696398   0.9920782721   1.027241537   1.062204455   1.097007657   1.131687664   1.166277217   1.200805628   1.235299132   1.269781222   1.304272958   1.338793246   1.373359094   1.407985831   1.442687311   1.477476082   1.512363544   1.547360073   1.582475148   1.617717445   1.653094926   1.688614921   1.72428419   1.760108984   1.796095098   1.832247913   1.868572442   1.905073357   1.941755027   1.978621542   2.015676738   2.052924221   2.090367383   2.12800942   2.165853351   2.203902026   2.242158147   2.280624269   2.31930282   2.358196103   2.397306311   2.436635527   2.476185739   2.515958841   2.555956643   2.59618087   2.636633174   2.677315137   2.718228272   2.759374028   2.800753797   2.842368913   2.884220659   2.926310266   2.968638918   3.011207755   3.054017875   3.097070333   3.140366148   3.183906302   3.227691742   3.271723383   3.316002107   3.360528768   3.405304191   3.450329173   3.495604485   3.541130874   3.586909064   3.632939755   3.679223624   3.725761332   3.772553514   3.819600791   3.866903763   3.914463013   3.962279107   4.010352596   4.058684014   4.10727388   4.156122701   4.205230967   4.254599157   4.304227736   4.354117157   4.404267861   4.454680278   4.505354826   4.556291913   4.607491938   4.658955287   4.710682339   4.762673463   4.814929018   4.867449357   4.920234821   4.973285745   5.026602458   5.080185277   5.134034515   5.188150476   5.24253346   5.297183756   5.352101651   5.407287422   5.462741343   5.518463679   5.574454691   5.630714636   5.687243762   5.744042314   5.801110533   5.858448652   5.916056902   5.973935508   6.03208469   6.090504664   6.149195643   6.208157834   6.267391441   6.326896663   6.386673697   6.446722734   6.507043963   
15.21859296   1.379480645e-07   1.777976373e-07   2.291586996e-07   2.953566134e-07   3.806773467e-07   4.906449645e-07   6.323792781e-07   8.150568075e-07   1.050504897e-06   1.353967451e-06   1.745091849e-06   2.249200942e-06   2.898932452e-06   3.736351883e-06   4.815675704e-06   6.206781005e-06   7.999728711e-06   1.031059296e-05   1.328897364e-05   1.712767776e-05   2.207519533e-05   2.845177554e-05   3.667014083e-05   4.726217466e-05   6.091330192e-05   7.850677304e-05   0.0001011806946   0.0001304014575   0.0001680582501   0.0002165846611   0.0002791150609   0.0003596855749   0.0004634921486   0.0005972215623   0.0007694754211   0.0009913122443   0.001276938914   0.001644589926   0.002117640962   0.002726011851   0.003507921904   0.004512066089   0.005800279992   0.007450749403   0.009561787753   0.01225613814   0.01568563849   0.02003589618   0.02553033156   0.0324325592   0.0410456087   0.05170604181   0.06477080723   0.08059502438   0.09950019616   0.1217348561   0.1474330838   0.1765795676   0.2089911528   0.2443224642   0.2820971541   0.3217587533   0.3627294679   0.4044641156   0.4464897751   0.488427376   0.5299966507   0.5710089292   0.6113530134   0.650978565   0.6898800226   0.7280826805   0.7656315346   0.8025828582   0.8389981556   0.8749400251   0.9104694778   0.9456443148   0.980518248   1.015140525   1.04955588   1.08380469   1.117923245   1.151944079   1.18589632   1.219806039   1.253696583   1.287588881   1.321501722   1.355452008   1.389454978   1.423524399   1.457672745   1.491911344   1.526250514   1.560699676   1.595267454   1.629961764   1.664789892   1.699758559   1.73487398   1.770141916   1.805567718   1.841156369   1.876912514   1.912840497   1.948944386   1.985227995   2.021694908   2.058348498   2.095191944   2.132228247   2.169460243   2.206890615   2.244521908   2.282356532   2.320396781   2.358644833   2.39710276   2.43577254   2.474656055   2.513755105   2.553071406   2.592606601   2.632362262   2.672339893   2.712540937   2.752966777   2.793618741   2.834498102   2.875606086   2.91694387   2.958512588   3.00031333   3.042347147   3.084615052   3.127118021   3.169856997   3.212832887   3.256046572   3.299498897   3.343190685   3.387122728   3.431295792   3.475710622   3.520367934   3.565268427   3.610412774   3.65580163   3.70143563   3.747315389   3.793441504   3.839814555   3.886435105   3.933303701   3.980420874   4.027787142   4.075403007   4.123268957   4.171385467   4.219753002   4.26837201   4.317242931   4.366366191   4.415742208   4.465371386   4.515254122   4.565390799   4.615781796   4.666427477   4.717328202   4.768484319   4.81989617   4.871564086   4.923488394   4.975669411   5.028107447   5.080802805   5.133755781   5.186966666   5.240435742   5.294163287   5.34814957   5.402394859   5.456899411   5.511663481   5.566687316   5.621971162   5.677515255   5.733319829   5.789385112   5.845711329   5.902298698   5.959147435   6.016257751   6.073629851   6.131263939   6.189160213   6.247318868   6.305740094   
15.47236181   1.060480588e-07   1.366825601e-07   1.761665618e-07   2.270564493e-07   2.926470785e-07   3.771850985e-07   4.861438981e-07   6.26577973e-07   8.075796597e-07   1.040867802e-06   1.341546457e-06   1.729082767e-06   2.228567276e-06   2.872338292e-06   3.702075421e-06   4.77149776e-06   6.14984136e-06   7.926340944e-06   1.021600581e-05   1.316706343e-05   1.697055203e-05   2.187268201e-05   2.81907646e-05   3.633373596e-05   4.682860002e-05   6.035449351e-05   7.778656377e-05   0.000100252476   0.0001292051678   0.0001665164948   0.0002145977178   0.0002765544484   0.0003563857778   0.0004592399723   0.0005917424479   0.0007624158651   0.0009822172363   0.001265223016   0.001629500259   0.00209820994   0.002700996966   0.003475729309   0.004470654022   0.00574703745   0.007382344897   0.0094739826   0.01214355905   0.01554150533   0.01985170379   0.02529548968   0.03213400343   0.04066740837   0.05122904736   0.06417239931   0.07984904341   0.09857713768   0.1206024028   0.1460570014   0.1749249202   0.2070237084   0.2420100942   0.2794110106   0.3186740538   0.359225808   0.4005253369   0.4421034933   0.483584312   0.5246898977   0.5652332562   0.6051042654   0.6442531829   0.6826746833   0.7203940426   0.7574560693   0.7939167472   0.8298372348   0.8652797634   0.9003049765   0.9349703218   0.9693291795   1.003430491   1.037318713   1.07103397   1.104612327   1.138086114   1.171484279   1.204832734   1.23815468   1.271470919   1.304800125   1.338159099   1.371562986   1.405025473   1.438558957   1.472174701   1.505882962   1.539693103   1.5736137   1.607652624   1.641817117   1.676113861   1.710549037   1.745128372   1.779857188   1.814740436   1.84978274   1.884988416   1.92036151   1.955905814   1.991624894   2.027522102   2.0636006   2.099863373   2.13631324   2.17295287   2.209784793   2.246811408   2.284034994   2.321457717   2.35908164   2.396908727   2.434940851   2.473179802   2.511627287   2.550284939   2.589154322   2.628236932   2.667534203   2.707047512   2.746778177   2.786727467   2.826896599   2.867286746   2.907899033   2.948734546   2.989794329   3.031079389   3.072590698   3.114329193   3.156295777   3.198491324   3.240916677   3.283572652   3.326460037   3.369579596   3.412932067   3.456518164   3.500338581   3.544393989   3.588685037   3.633212358   3.677976562   3.722978245   3.768217981   3.813696333   3.859413843   3.90537104   3.951568437   3.998006535   4.04468582   4.091606763   4.138769826   4.186175456   4.23382409   4.281716151   4.329852055   4.378232204   4.426856992   4.475726801   4.524842007   4.574202973   4.623810055   4.673663601   4.723763949   4.774111432   4.824706371   4.875549083   4.926639876   4.977979052   5.029566905   5.081403724   5.133489789   5.185825377   5.238410756   5.291246192   5.34433194   5.397668254   5.451255381   5.505093563   5.559183037   5.613524034   5.668116782   5.722961503   5.778058416   5.833407735   5.889009668   5.944864422   6.000972197   6.057333192   6.113947599   
15.72613065   8.153827758e-08   1.050925478e-07   1.354510271e-07   1.745792712e-07   2.250106322e-07   2.900102786e-07   3.737865967e-07   4.817636589e-07   6.209323988e-07   8.003032294e-07   1.031489405e-06   1.329458895e-06   1.713503435e-06   2.208487502e-06   2.846458029e-06   3.668719081e-06   4.728505735e-06   6.094430212e-06   7.85492321e-06   1.012395777e-05   1.30484258e-05   1.681764422e-05   2.167560499e-05   2.79367603e-05   3.600636161e-05   4.640666436e-05   5.981068591e-05   7.708568803e-05   9.934917486e-05   0.0001280409919   0.0001650161273   0.0002126641133   0.000274062575   0.0003531745637   0.0004551019466   0.0005864104233   0.0007555458296   0.0009733663971   0.001253821656   0.00161481572   0.002079300622   0.002676653745   0.003444401162   0.004430354065   0.005695224887   0.007315777853   0.009388536485   0.01203400531   0.01540124667   0.01967246468   0.02506696627   0.03184348545   0.04029939813   0.05076491773   0.0635901509   0.07912323813   0.09767909135   0.1195007061   0.1447183951   0.1733154819   0.2051102231   0.2397614185   0.2767992191   0.315675202   0.3558202343   0.3966975299   0.4378416288   0.478879598   0.5195358568   0.5596250451   0.5990380881   0.6377258223   0.675683149   0.7129353232   0.7495269678   0.7855137804   0.8209565799   0.8559172365   0.8904560329   0.9246300699   0.9584924021   0.9920916712   1.02547206   1.058673446   1.091731673   1.124678873   1.157543817   1.190352258   1.223127258   1.255889491   1.288657522   1.321448049   1.354276127   1.387155362   1.420098081   1.453115478   1.48621775   1.519414209   1.552713379   1.586123086   1.619650532   1.653302361   1.687084719   1.721003299   1.755063394   1.78926993   1.823627501   1.858140402   1.892812656   1.927648033   1.96265008   1.997822132   2.033167332   2.068688648   2.104388885   2.140270698   2.176336602   2.212588983   2.249030107   2.28566213   2.322487102   2.359506977   2.39672362   2.434138807   2.471754239   2.509571539   2.547592263   2.585817899   2.624249873   2.662889553   2.701738252   2.740797231   2.780067702   2.819550828   2.859247732   2.899159492   2.939287147   2.979631699   3.020194113   3.060975322   3.101976224   3.143197688   3.184640553   3.22630563   3.268193703   3.310305532   3.35264185   3.395203369   3.437990778   3.481004743   3.524245912   3.567714912   3.611412353   3.655338824   3.6994949   3.743881136   3.788498075   3.833346241   3.878426146   3.923738286   3.969283146   4.015061194   4.061072889   4.107318676   4.153798988   4.20051425   4.247464871   4.294651253   4.342073787   4.389732854   4.437628827   4.485762067   4.534132929   4.582741759   4.631588892   4.680674659   4.729999381   4.779563371   4.829366937   4.879410379   4.929693989   4.980218054   5.030982855   5.081988664   5.13323575   5.184724375   5.236454795   5.288427262   5.340642021   5.393099313   5.445799374   5.498742433   5.551928718   5.605358449   5.659031844   5.712949114   5.767110469   5.821516112   5.876166245   5.931061062   
15.9798995   6.270317619e-08   8.081648039e-08   1.041622423e-07   1.342519807e-07   1.730338519e-07   2.230187818e-07   2.874430351e-07   3.704777443e-07   4.774989665e-07   6.154357499e-07   7.932187448e-07   1.022358402e-06   1.317690191e-06   1.698335073e-06   2.188937415e-06   2.821260465e-06   3.636242651e-06   4.686647802e-06   6.04048076e-06   7.785389413e-06   1.003433787e-05   1.293291772e-05   1.666876997e-05   2.14837267e-05   2.768945641e-05   3.568762313e-05   4.599585903e-05   5.928122355e-05   7.640330089e-05   9.846970221e-05   0.0001269075262   0.0001635553386   0.0002107815164   0.0002716364366   0.0003500480612   0.0004510730828   0.0005812190599   0.0007488570314   0.0009647490552   0.001242721087   0.001600518601   0.002060890208   0.002652952827   0.003413899675   0.004391117601   0.005644779781   0.007250967925   0.009305346239   0.01192734459   0.01526469298   0.01949796205   0.02484448468   0.03156065312   0.03994113126   0.05031308842   0.06302335222   0.07841672117   0.09680495533   0.1184284084   0.1434156071   0.1717492472   0.2032482957   0.2375735924   0.2742584457   0.3127583317   0.352508308   0.3929756469   0.433698492   0.4743068717   0.5145274648   0.5541765051   0.5931459379   0.6313871616   0.6688952964   0.7056955733   0.741832431   0.7773612848   0.8123426195   0.8468379502   0.8809072056   0.9146071453   0.9479905047   0.9811056309   1.013996438   1.046702563   1.079259631   1.111699579   1.144051005   1.176339506   1.208588008   1.240817061   1.273045118   1.305288781   1.337563016   1.36988135   1.402256036   1.434698206   1.467217998   1.49982467   1.532526699   1.565331866   1.598247332   1.631279705   1.664435095   1.697719165   1.731137179   1.764694034   1.7983943   1.832242249   1.866241881   1.900396947   1.934710972   1.969187275   2.003828982   2.038639045   2.073620254   2.108775248   2.14410653   2.179616473   2.215307331   2.251181249   2.287240264   2.323486322   2.359921276   2.396546894   2.433364868   2.470376811   2.507584271   2.544988729   2.582591603   2.620394253   2.658397986   2.696604056   2.735013668   2.77362798   2.812448108   2.851475124   2.890710062   2.930153918   2.969807653   3.009672194   3.049748435   3.09003724   3.130539444   3.171255852   3.212187246   3.253334381   3.294697985   3.336278768   3.378077413   3.420094585   3.462330927   3.504787063   3.5474636   3.590361123   3.633480204   3.676821397   3.720385239   3.764172254   3.808182949   3.85241782   3.896877345   3.941561994   3.986472221   4.031608469   4.07697117   4.122560744   4.1683776   4.214422138   4.260694745   4.307195802   4.353925678   4.400884734   4.448073322   4.495491785   4.543140459   4.591019671   4.639129741   4.68747098   4.736043695   4.784848183   4.833884736   4.883153639   4.93265517   4.982389601   5.0323572   5.082558227   5.132992936   5.183661578   5.234564397   5.285701633   5.337073519   5.388680284   5.440522155   5.492599351   5.544912087   5.597460575   5.650245023   5.703265633   5.756522605   
16.23366834   4.822634745e-08   6.215767578e-08   8.01133992e-08   1.032560594e-07   1.330840254e-07   1.715285049e-07   2.210785797e-07   2.849423596e-07   3.672546896e-07   4.733448565e-07   6.100816276e-07   7.863179591e-07   1.013464164e-06   1.306226647e-06   1.683560021e-06   2.169894256e-06   2.796716266e-06   3.604608327e-06   4.645875233e-06   5.987930204e-06   7.71765861e-06   9.9470418e-06   1.282040474e-05   1.652375601e-05   2.129682377e-05   2.744856507e-05   3.537714948e-05   4.559570581e-05   5.876549007e-05   7.573860798e-05   9.761303425e-05   0.0001258034513   0.0001621324284   0.0002089477357   0.0002692732087   0.0003470026306   0.0004471486904   0.0005761623141   0.0007423416834   0.0009563551775   0.001231908384   0.001586592254   0.002042957256   0.002629866611   0.003384189321   0.004352898921   0.005595643354   0.007187839578   0.009224314868   0.01182345248   0.0151316849   0.0193279921   0.02462778482   0.0312851754   0.0395921878   0.04987302886   0.06247133613   0.07772865858   0.09595369417   0.1173842342   0.1421470797   0.1702243323   0.201435671   0.2354439449   0.2717855605   0.3099198137   0.3492858638   0.3893549526   0.4296687466   0.4698601678   0.5096581015   0.5488803365   0.5874198119   0.6252284727   0.6623016493   0.6986645466   0.7343614204   0.7694474078   0.8039826644   0.8380283567   0.8716440649   0.9048862141   0.937807226   0.9704551585   1.002873663   1.035102138   1.067175995   1.099126981   1.130983523   1.162771067   1.194512402   1.226227958   1.25793608   1.289653272   1.321394416   1.353172958   1.385001084   1.41688986   1.448849368   1.480888814   1.513016626   1.545240543   1.577567687   1.610004627   1.642557441   1.675231762   1.708032823   1.740965496   1.774034326   1.807243563   1.840597182   1.874098918   1.907752275   1.941560555   1.975526866   2.009654146   2.043945169   2.078402562   2.113028812   2.147826281   2.182797211   2.217943735   2.253267881   2.288771583   2.324456685   2.360324946   2.396378047   2.432617596   2.469045131   2.505662125   2.542469988   2.579470075   2.616663685   2.654052064   2.691636413   2.729417883   2.767397583   2.805576581   2.843955905   2.882536546   2.92131946   2.960305568   2.999495761   3.038890897   3.078491807   3.118299293   3.158314131   3.198537072   3.238968843   3.279610146   3.320461664   3.361524057   3.402797965   3.444284009   3.485982791   3.527894895   3.570020889   3.612361323   3.654916734   3.69768764   3.740674548   3.783877949   3.827298322   3.87093613   3.914791828   3.958865855   4.003158642   4.047670605   4.092402152   4.137353679   4.182525575   4.227918215   4.273531969   4.319367193   4.365424239   4.411703449   4.458205155   4.504929683   4.551877352   4.599048472   4.646443347   4.694062273   4.741905539   4.78997343   4.838266223   4.886784187   4.93552759   4.984496689   5.033691738   5.083112986   5.132760676   5.182635047   5.232736329   5.283064754   5.333620542   5.384403915   5.435415086   5.486654265   5.538121659   5.589817469   
16.48743719   3.709742536e-08   4.781389997e-08   6.162608302e-08   7.942824323e-08   1.023729798e-07   1.319458473e-07   1.70061537e-07   2.191878434e-07   2.825054393e-07   3.641138074e-07   4.692966564e-07   6.048640098e-07   7.795931104e-07   1.004796687e-06   1.295055368e-06   1.669161663e-06   2.151336608e-06   2.772797828e-06   3.573780528e-06   4.606142172e-06   5.936719438e-06   7.65165462e-06   9.861971362e-06   1.27107603e-05   1.638243921e-05   2.111468598e-05   2.721381532e-05   3.507459146e-05   4.520575464e-05   5.82629054e-05   7.509086168e-05   9.677820742e-05   0.0001247275254   0.0001607457961   0.0002071607086   0.0002669702334   0.0003440348462   0.0004433243552   0.0005712344976   0.0007359924565   0.0009481753215   0.001221371384   0.001573021012   0.002025481592   0.00260736912   0.003355236664   0.004315655008   0.005547760288   0.007126321721   0.009145351093   0.0117222119   0.01500207244   0.01916236303   0.02441662193   0.03101674079   0.03925217261   0.04944423978   0.06193347491   0.07705826571   0.09512433375   0.1163669836   0.1409113478   0.1687389656   0.1996702286   0.2333699649   0.2693776218   0.307156238   0.3461489889   0.3858309999   0.4257473827   0.4655338874   0.504921555   0.5437296917   0.5818522057   0.6192415729   0.6558933268   0.6918326435   0.7271035974   0.7617610513   0.7958648368   0.8294757773   0.862653111   0.895452934   0.9279273601   0.9601241632   0.9920867363   1.023854244   1.05546189   1.086941232   1.118320531   1.149625083   1.180877545   1.212098226   1.243305368   1.274515379   1.305743055   1.337001766   1.36830363   1.39965965   1.431079852   1.462573391   1.494148648   1.525813319   1.557574487   1.589438688   1.621411963   1.653499917   1.685707755   1.718040322   1.750502139   1.783097432   1.815830159   1.84870403   1.881722535   1.914888955   1.948206385   1.981677746   2.015305797   2.049093151   2.083042284   2.117155544   2.151435162   2.18588326   2.220501855   2.255292872   2.290258144   2.325399422   2.360718378   2.396216611   2.431895652   2.467756966   2.503801956   2.54003197   2.576448299   2.613052186   2.649844821   2.686827352   2.724000882   2.761366474   2.798925149   2.836677894   2.87462566   2.912769363   2.951109889   2.989648093   3.0283848   3.067320808   3.106456891   3.145793794   3.18533224   3.22507293   3.26501654   3.305163729   3.345515133   3.38607137   3.426833037   3.467800718   3.508974976   3.55035636   3.591945401   3.633742618   3.675748512   3.717963574   3.760388278   3.803023088   3.845868453   3.888924813   3.932192593   3.975672211   4.01936407   4.063268566   4.107386083   4.151716996   4.196261673   4.241020468   4.285993731   4.331181802   4.376585012   4.422203685   4.468038138   4.51408868   4.560355612   4.606839229   4.65353982   4.700457667   4.747593045   4.794946224   4.842517467   4.890307033   4.938315174   4.986542137   5.034988163   5.08365349   5.132538349   5.181642967   5.230967567   5.280512366   5.330277578   5.380263412   5.430470073   
16.74120603   2.854076397e-08   3.678544338e-08   4.741179456e-08   6.11078199e-08   7.876026747e-08   1.015120434e-07   1.308362089e-07   1.686313533e-07   2.173445171e-07   2.801296246e-07   3.610516824e-07   4.653499645e-07   5.997772233e-07   7.730368867e-07   9.963465452e-07   1.284164208e-06   1.655124343e-06   2.13324429e-06   2.749479143e-06   3.543725732e-06   4.567405413e-06   5.886792776e-06   7.587305675e-06   9.779034059e-06   1.26038652e-05   1.624466592e-05   2.093711529e-05   2.698495191e-05   3.477962007e-05   4.482558148e-05   5.777292305e-05   7.445935766e-05   9.596431397e-05   0.0001236785784   0.0001593939339   0.0002054184917   0.0002647250062   0.000341141481   0.0004395959185   0.0005664302518   0.000729802446   0.0009402005917   0.001211098625   0.001559790115   0.002008444205   0.002585435879   0.003327010206   0.004279345336   0.00550107847   0.007066347384   0.009068368919   0.01162351253   0.01487571431   0.01900089415   0.02421076545   0.03075505586   0.03892071346   0.04902625094   0.06140917736   0.07640480361   0.09431595677   0.1153755267   0.1397070321   0.1672914791   0.1979499725   0.2313492893   0.2670318617   0.3044643972   0.3430940036   0.3823996078   0.4219296914   0.4613227699   0.5003119902   0.5387181407   0.5764360743   0.6134187833   0.6496619967   0.6851908601   0.720049268   0.7542918122   0.7879780056   0.8211683342   0.8539216997   0.8862938753   0.9183366721   0.9500975852   0.9816197539   1.012942114   1.044099662   1.075123774   1.106042545   1.136881125   1.167662039   1.198405483   1.229129592   1.259850682   1.290583464   1.321341236   1.352136045   1.382978836   1.413879577   1.444847374   1.475890563   1.507016798   1.538233122   1.569546037   1.600961553   1.632485244   1.664122286   1.6958775   1.727755384   1.759760141   1.791895706   1.824165774   1.856573813   1.88912309   1.921816681   1.954657494   1.987648273   2.020791619   2.054089993   2.087545733   2.121161057   2.154938076   2.188878799   2.222985138   2.257258919   2.291701884   2.326315695   2.361101945   2.396062154   2.431197782   2.466510225   2.502000823   2.537670861   2.573521575   2.60955415   2.645769727   2.682169405   2.71875424   2.755525248   2.792483413   2.829629678   2.866964956   2.904490129   2.942206046   2.98011353   3.018213374   3.056506346   3.09499319   3.133674625   3.172551347   3.21162403   3.250893328   3.290359875   3.330024285   3.369887154   3.40994906   3.450210564   3.490672214   3.531334536   3.572198048   3.613263248   3.654530623   3.696000647   3.73767378   3.77955047   3.821631152   3.863916252   3.906406184   3.94910135   3.992002142   4.035108945   4.07842213   4.121942063   4.165669098   4.209603581   4.253745851   4.298096238   4.342655063   4.387422643   4.432399283   4.477585285   4.522980942   4.568586541   4.614402362   4.660428679   4.706665761   4.753113869   4.799773261   4.846644188   4.893726894   4.941021622   4.988528606   5.036248077   5.08418026   5.132325377   5.180683645   5.229255277   5.278040479   
16.99497487   2.196078218e-08   2.830467725e-08   3.648115739e-08   4.701960832e-08   6.060234132e-08   7.810876937e-08   1.006723446e-07   1.297539431e-07   1.672364493e-07   2.155466621e-07   2.778124167e-07   3.580650942e-07   4.615006299e-07   5.948159179e-07   7.666423922e-07   9.881048523e-07   1.273541712e-06   1.641433296e-06   2.115598275e-06   2.726735684e-06   3.51441233e-06   4.529624215e-06   5.838097709e-06   7.524544093e-06   9.698142659e-06   1.249960699e-05   1.611029124e-05   2.076392492e-05   2.676173412e-05   3.449192506e-05   4.44547865e-05   5.729502768e-05   7.384343171e-05   9.517049785e-05   0.0001226555073   0.00015807542   0.0002037192527   0.0002625351657   0.0003383194916   0.0004359594586   0.0005617445233   0.0007237651407   0.0009324225989   0.001201079303   0.001546885642   0.001991827171   0.002564043811   0.003299480241   0.004243931687   0.005455548755   0.007007853412   0.008993287257   0.01152725037   0.01475247728   0.01884341508   0.02400999798   0.03049984393   0.03859745941   0.04861861897   0.06089788609   0.07576757567   0.0935276985   0.1144087986   0.1385328326   0.1658803015   0.1962730224   0.2293796924   0.2647456737   0.3018412709   0.3401174442   0.3790568416   0.4182112425   0.4572218668   0.4958239205   0.5338396389   0.571164797   0.6077528893   0.6435998336   0.6787307427   0.7131893327   0.7470299282   0.7803117283   0.8130948868   0.845437975   0.8773964486   0.9090218212   0.9403613141   0.9714578173   1.002350042   1.033072781   1.063657232   1.094131327   1.124520074   1.154845868   1.185128791   1.215386875   1.245636347   1.275891834   1.30616656   1.336472508   1.36682056   1.397220632   1.42768178   1.458212294   1.488819789   1.51951127   1.550293202   1.581171567   1.612151906   1.643239372   1.674438758   1.705754538   1.737190895   1.768751745   1.80044076   1.832261394   1.864216895   1.896310325   1.928544575   1.960922377   1.993446317   2.026118846   2.058942288   2.091918851   2.125050635   2.158339639   2.191787765   2.22539683   2.259168566   2.29310463   2.327206604   2.361476002   2.395914275   2.430522813   2.46530295   2.500255963   2.535383083   2.570685489   2.606164317   2.641820658   2.677655564   2.713670047   2.749865084   2.786241616   2.82280055   2.859542762   2.896469099   2.933580378   2.97087739   3.008360899   3.046031643   3.08389034   3.12193768   3.160174336   3.198600958   3.237218175   3.2760266   3.315026826   3.354219427   3.393604963   3.433183975   3.472956992   3.512924525   3.553087072   3.593445116   3.63399913   3.67474957   3.715696882   3.756841501   3.798183849   3.839724337   3.881463366   3.923401328   3.965538602   4.007875561   4.050412567   4.093149972   4.136088122   4.179227352   4.222567992   4.266110361   4.309854773   4.353801535   4.397950943   4.442303291   4.486858865   4.531617942   4.576580795   4.621747693   4.667118894   4.712694656   4.758475227   4.804460852   4.85065177   4.897048216   4.943650419   4.990458604   5.037472991   5.084693795   5.132121228   
17.24874372   1.690006828e-08   2.178205565e-08   2.807432131e-08   3.618425765e-08   4.663694202e-08   6.010913275e-08   7.747308578e-08   9.985302865e-08   1.286979483e-07   1.658754054e-07   2.137924483e-07   2.755514567e-07   3.551510025e-07   4.577447342e-07   5.899750435e-07   7.60403118e-07   9.800632187e-07   1.263177067e-06   1.628074586e-06   2.0983806e-06   2.704544301e-06   3.485810484e-06   4.49276012e-06   5.790584669e-06   7.463305991e-06   9.619214823e-06   1.239787955e-05   1.597917838e-05   2.05949386e-05   2.654393475e-05   3.421121361e-05   4.409299224e-05   5.682873282e-05   7.324245688e-05   9.439595102e-05   0.0001216572704   0.0001567889123   0.0002020612619   0.0002603984827   0.0003355660053   0.0004324112737   0.0005571725419   0.0007178743946   0.0009248334249   0.001191303215   0.001534294456   0.00197561357   0.002543171131   0.003272618733   0.00420937799   0.005411124757   0.006950780196   0.008920029565   0.01143332725   0.01463223559   0.01868976504   0.02381411432   0.03025084388   0.03828207924   0.04822092545   0.06039907513   0.07514592453   0.09275874307   0.1134657947   0.1373875231   0.1645039504   0.1946376051   0.2274590752   0.2625166006   0.2992840128   0.3372160467   0.3757989946   0.4145878635   0.4532265194   0.4914521812   0.5290884985   0.5660321457   0.6022371063   0.6376994799   0.6724443452   0.706515241   0.7399662286   0.7728561976   0.8052449755   0.8371908084   0.8687488398   0.8999702911   0.9309021146   0.9615869553   0.9920633029   1.022365753   1.052525324   1.082569792   1.11252402   1.142410281   1.172248542   1.202056736   1.231850998   1.261645877   1.291454525   1.321288856   1.351159697   1.381076909   1.4110495   1.441085716   1.47119313   1.501378712   1.531648894   1.562009624   1.592466417   1.623024397   1.653688334   1.684462679   1.715351593   1.746358971   1.777488469   1.808743521   1.84012736   1.871643033   1.903293415   1.935081226   1.967009038   1.999079289   2.031294293   2.063656246   2.096167239   2.128829258   2.161644199   2.194613868   2.227739989   2.261024211   2.294468107   2.328073185   2.361840888   2.3957726   2.429869647   2.464133301   2.498564786   2.533165276   2.567935901   2.602877746   2.637991859   2.673279247   2.708740881   2.744377697   2.780190599   2.816180458   2.852348118   2.88869439   2.925220062   2.961925894   2.998812622   3.035880957   3.073131589   3.110565186   3.148182394   3.185983842   3.223970136   3.262141868   3.30049961   3.339043918   3.377775331   3.416694374   3.455801557   3.495097375   3.534582309   3.574256828   3.614121387   3.654176431   3.694422391   3.734859686   3.775488728   3.816309915   3.857323635   3.898530267   3.939930182   3.981523738   4.023311289   4.065293176   4.107469735   4.149841292   4.192408166   4.235170669   4.278129105   4.321283772   4.364634959   4.408182951   4.451928026   4.495870454   4.540010502   4.584348429   4.628884488   4.673618929   4.718551995   4.763683923   4.809014948   4.854545297   4.900275193   4.946204856   4.992334501   
17.50251256   1.300725662e-08   1.676471264e-08   2.160759932e-08   2.784946911e-08   3.589445154e-08   4.626341851e-08   5.962770808e-08   7.685259014e-08   9.905328809e-08   1.276671837e-07   1.645468799e-07   2.120801468e-07   2.733445163e-07   3.523065353e-07   4.540785755e-07   5.852498289e-07   7.543129146e-07   9.722137184e-07   1.253060057e-06   1.615035047e-06   2.081574295e-06   2.682883122e-06   3.457892002e-06   4.456776794e-06   5.744206826e-06   7.40353101e-06   9.542172758e-06   1.229858262e-05   1.585119811e-05   2.042998976e-05   2.633133913e-05   3.393720902e-05   4.373984213e-05   5.637357888e-05   7.265584083e-05   9.363991007e-05   0.0001206828841   0.0001555331426   0.000200442885   0.0002583128512   0.0003328783081   0.0004289478664   0.0005527098011   0.0007121244008   0.0009174255884   0.001181760725   0.001522004142   0.001959787416   0.002522797258   0.00324639919   0.004175650162   0.005367762651   0.006895071417   0.008848523533   0.01134165042   0.01451487044   0.01853979208   0.02362292063   0.03000780902   0.03797426006   0.04783277513   0.05991224764   0.07453922933   0.09200831992   0.1125455661   0.1362699456   0.1631610263   0.1930420466   0.2255854569   0.2603423234   0.2967899373   0.3343867326   0.3726225715   0.4110556211   0.4493323368   0.4871919064   0.5244593618   0.5610322555   0.596865047   0.6319540115   0.6663241916   0.7000189506   0.7330920897   0.765602194   0.7976087698   0.829169743   0.8603399507   0.8911703269   0.9217075593   0.9519940523   0.9820680785   1.011964039   1.041712776   1.071341911   1.100876169   1.130337698   1.159746355   1.189119975   1.218474604   1.247824713   1.27718338   1.306562458   1.335972715   1.36542396   1.394925152   1.424484496   1.454109524   1.48380717   1.513583832   1.543445428   1.573397445   1.603444981   1.633592781   1.663845275   1.6942066   1.724680635   1.755271016   1.785981159   1.816814283   1.847773417   1.878861425   1.910081011   1.941434735   1.972925024   2.004554179   2.036324387   2.068237727   2.100296177   2.132501622   2.164855861   2.197360608   2.230017504   2.262828115   2.295793942   2.328916421   2.362196928   2.395636783   2.429237253   2.462999555   2.496924856   2.531014283   2.565268915   2.599689794   2.634277923   2.669034267   2.70395976   2.739055299   2.774321752   2.809759958   2.845370726   2.881154838   2.917113051   2.953246098   2.989554686   3.026039501   3.062701209   3.099540453   3.136557857   3.173754027   3.211129549   3.248684994   3.286420914   3.324337847   3.362436315   3.400716825   3.439179869   3.477825927   3.516655465   3.555668936   3.594866782   3.634249433   3.673817306   3.71357081   3.753510341   3.793636286   3.833949022   3.874448917   3.91513633   3.95601161   3.997075098   4.038327128   4.079768024   4.121398104   4.163217679   4.20522705   4.247426515   4.289816361   4.332396871   4.375168322   4.418130983   4.461285119   4.504630988   4.548168844   4.591898932   4.635821495   4.679936771   4.724244991   4.768746382   4.813441167   4.858329563   
17.75628141   1.001239071e-08   1.290470837e-08   1.663254088e-08   2.14372466e-08   2.762990594e-08   3.561146232e-08   4.589868112e-08   5.915760762e-08   7.624668997e-08   9.827235925e-08   1.26660665e-07   1.632496044e-07   2.104081225e-07   2.711894882e-07   3.495289764e-07   4.504986533e-07   5.80635762e-07   7.483659667e-07   9.645488563e-07   1.243181023e-06   1.602302228e-06   2.065163313e-06   2.661731463e-06   3.430630227e-06   4.421639878e-06   5.698919897e-06   7.345162074e-06   9.4669429e-06   1.220162138e-05   1.572622823e-05   2.02689209e-05   2.612374425e-05   3.366964966e-05   4.339499894e-05   5.592913126e-05   7.208302341e-05   9.290165306e-05   0.0001197314177   0.0001543069118   0.0001988625767   0.0002562762796   0.0003302538335   0.0004255659293   0.0005483520391   0.0007065096683   0.000910192015   0.001172442719   0.001510002962   0.001944333592   0.00250290273   0.003220796565   0.004142715977   0.005325420996   0.006840673821   0.008778700781   0.01125213216   0.0144002695   0.01839335258   0.02343623362   0.0297705061   0.03767370604   0.04745379434   0.05943693392   0.07394690313   0.09127570068   0.1116472161   0.1351790058   0.1618502068   0.1914847652   0.2237569663   0.2582206524   0.2943565086   0.3316265958   0.3695242734   0.4076108037   0.4455351768   0.4830385071   0.5199471777   0.5561595985   0.5916306928   0.6263569053   0.660363241   0.6936928891   0.7263993943   0.7585410416   0.7901770209   0.8213649438   0.8521593455   0.8826108775   0.9127659678   0.942666784   0.9723513851   1.00185398   1.031205242   1.060432636   1.089560754   1.118611619   1.147604983   1.176558581   1.205488374   1.234408755   1.263332732   1.292272095   1.321237554   1.350238869   1.37928495   1.40838396   1.437543393   1.466770147   1.496070587   1.525450602   1.554915649   1.584470802   1.614120782   1.643869996   1.673722562   1.703682338   1.733752943   1.763937777   1.79424004   1.82466275   1.855208755   1.885880746   1.916681271   1.947612744   1.978677457   2.009877584   2.041215196   2.072692259   2.104310652   2.136072162   2.167978498   2.20003129   2.2322321   2.264582419   2.297083676   2.329737242   2.36254443   2.395506501   2.428624665   2.461900087   2.495333883   2.528927132   2.562680868   2.59659609   2.630673759   2.664914804   2.699320117   2.733890564   2.768626977   2.803530163   2.8386009   2.873839941   2.909248015   2.944825827   2.98057406   3.016493375   3.052584413   3.088847794   3.125284122   3.16189398   3.198677936   3.235636541   3.272770328   3.310079817   3.347565513   3.385227906   3.423067473   3.461084679   3.499279973   3.537653797   3.576206576   3.614938728   3.653850657   3.69294276   3.73221542   3.771669014   3.811303907   3.851120456   3.891119009   3.931299905   3.971663476   4.012210047   4.052939931   4.093853439   4.13495087   4.176232521   4.217698678   4.259349622   4.301185629   4.343206967   4.385413899   4.427806682   4.470385568   4.513150802   4.556102626   4.599241275   4.642566981   4.686079968   4.729780459   
18.01005025   7.708023241e-09   9.934669458e-09   1.280453548e-08   1.650343067e-08   2.127083983e-08   2.741542861e-08   3.533502811e-08   4.55423923e-08   5.869839629e-08   7.565482453e-08   9.75095194e-08   1.256774608e-07   1.619823782e-07   2.08774828e-07   2.69084378e-07   3.468157553e-07   4.470016544e-07   5.761285728e-07   7.425567705e-07   9.570615387e-07   1.233530821e-06   1.589864344e-06   2.049132466e-06   2.64106975e-06   3.403999928e-06   4.387316854e-06   5.654681969e-06   7.288145163e-06   9.393455624e-06   1.21069061e-05   1.560415309e-05   2.011158295e-05   2.592095799e-05   3.340828792e-05   4.305814353e-05   5.549497861e-05   7.152347449e-05   9.218049676e-05   0.0001188019908   0.0001531090852   0.0001973188743   0.000254286883   0.0003276901524   0.0004222623323   0.0005440952226   0.0007010250001   0.0009031260091   0.001163340571   0.001498279807   0.001929237792   0.002483469126   0.003195787149   0.004110544934   0.005284060571   0.006787537006   0.008710496595   0.01116468949   0.01428832643   0.01825031057   0.02325387983   0.02953871441   0.03738013724   0.04708362946   0.05897268952   0.0733683906   0.09056019623   0.1107698963   0.1341136686   0.1605702412   0.1899642654   0.2219718341   0.2561495172   0.2919813301   0.3289328899   0.3665009839   0.404249906   0.4418311286   0.4789876515   0.5155471793   0.5514089594   0.5865283671   0.6209020108   0.6545548564   0.6875299205   0.7198804945   0.7516645681   0.7829410196   0.8137671512   0.8441972013   0.8742815437   0.9040663507   0.9335935575   0.9629010131   0.9920227383   1.020989237   1.049827825   1.078562958   1.107216543   1.135808222   1.164355637   1.192874662   1.221379614   1.249883433   1.278397847   1.306933511   1.335500131   1.364106575   1.392760962   1.421470748   1.450242797   1.47908344   1.507998538   1.536993521   1.566073436   1.595242982   1.624506543   1.653868219   1.683331848   1.71290103   1.742579149   1.772369392   1.802274759   1.832298086   1.86244205   1.892709188   1.923101903   1.953622473   1.984273065   2.015055737   2.045972448   2.077025067   2.108215373   2.139545067   2.171015771   2.202629038   2.234386355   2.266289142   2.298338764   2.330536529   2.36288369   2.395381453   2.428030975   2.460833371   2.493789711   2.526901026   2.560168309   2.593592519   2.627174576   2.660915373   2.694815768   2.728876592   2.763098646   2.797482705   2.83202952   2.866739814   2.90161429   2.936653627   2.971858483   3.007229497   3.042767286   3.07847245   3.11434557   3.150387211   3.186597921   3.222978231   3.259528659   3.296249707   3.333141863   3.370205601   3.407441384   3.44484966   3.482430867   3.52018543   3.558113763   3.59621627   3.634493345   3.672945369   3.711572718   3.750375754   3.789354833   3.828510302   3.867842498   3.907351752   3.947038384   3.986902711   4.026945038   4.067165665   4.107564886   4.148142987   4.188900248   4.229836941   4.270953335   4.312249692   4.353726266   4.395383309   4.437221065   4.479239774   4.521439671   4.563820985   4.606383941   
18.2638191   5.934713827e-09   7.649097365e-09   9.858721438e-09   1.270664807e-08   1.637726614e-08   2.110822967e-08   2.720584464e-08   3.506490081e-08   4.51942323e-08   5.824966199e-08   7.507646264e-08   9.676408393e-08   1.247166885e-07   1.607440642e-07   2.071787975e-07   2.670272963e-07   3.44164437e-07   4.435844403e-07   5.717242162e-07   7.368801125e-07   9.497450461e-07   1.22410079e-06   1.577710234e-06   2.033467367e-06   2.620879438e-06   3.377977206e-06   4.353776919e-06   5.61145334e-06   7.232429108e-06   9.32164498e-06   1.201435177e-05   1.548486313e-05   1.995783471e-05   2.572279835e-05   3.315288922e-05   4.272897359e-05   5.507073131e-05   7.097669188e-05   9.147579395e-05   0.0001178937693   0.0001519385876   0.0001958103925   0.000252342876   0.000325184964   0.0004190341104   0.0005399355309   0.0006956654735   0.0008962212283   0.001154446113   0.001486824153   0.001914486464   0.002464479   0.003171348486   0.004079108141   0.005243644224   0.006735613232   0.008643849677   0.01107924377   0.01417894056   0.01811053731   0.02307569497   0.02931222487   0.03709328852   0.04672194562   0.05851909355   0.07280316585   0.08986115405   0.1099128034   0.133072954   0.1593199455   0.1884791316   0.2202283861   0.2541269591   0.2896621347   0.3263030179   0.3635497561   0.4009696158   0.4382164961   0.4750352468   0.511254864   0.5467754135   0.581552711   0.6155835231   0.6488927753   0.6815233132   0.7135281782   0.7449650686   0.7758925566   0.8063676394   0.8364442636   0.86617253   0.8955983594   0.9247634582   0.9537054691   0.9824582278   1.011052072   1.039514171   1.067868847   1.09613789   1.124340837   1.152495237   1.180616881   1.208720008   1.236817493   1.264921002   1.293041135   1.32118755   1.349369067   1.377593766   1.405869064   1.434201791   1.462598248   1.491064264   1.519605244   1.548226211   1.576931839   1.605726493   1.634614251   1.663598932   1.692684121   1.721873185   1.751169294   1.780575435   1.81009443   1.839728945   1.869481503   1.899354495   1.929350191   1.959470746   1.989718208   2.020094528   2.050601565   2.08124109   2.112014796   2.142924298   2.173971142   2.205156806   2.236482706   2.267950199   2.299560586   2.331315117   2.36321499   2.395261359   2.42745533   2.459797971   2.492290307   2.524933328   2.557727986   2.590675199   2.623775855   2.657030807   2.690440884   2.724006881   2.757729572   2.791609702   2.825647992   2.859845142   2.894201827   2.928718703   2.963396404   2.998235546   3.033236726   3.068400521   3.103727495   3.139218192   3.174873142   3.21069286   3.246677844   3.282828582   3.319145545   3.355629193   3.392279973   3.42909832   3.466084658   3.503239399   3.540562945   3.578055686   3.615718005   3.653550273   3.691552853   3.729726097   3.768070352   3.806585952   3.845273227   3.884132496   3.923164073   3.962368264   4.001745366   4.041295672   4.081019466   4.120917027   4.160988627   4.201234532   4.241655003   4.282250294   4.323020654   4.363966328   4.405087553   4.446384563   4.487857587   
18.51758794   4.569898476e-09   5.890022576e-09   7.591495982e-09   9.784480523e-09   1.26109609e-08   1.625393745e-08   2.094927454e-08   2.700097154e-08   3.480084523e-08   4.485389799e-08   5.781101401e-08   7.451110076e-08   9.603540382e-08   1.237775119e-07   1.59533584e-07   2.056186415e-07   2.650164523e-07   3.415727131e-07   4.402440359e-07   5.674188576e-07   7.313310504e-07   9.425930083e-07   1.214882721e-06   1.565829315e-06   2.018154376e-06   2.60114295e-06   3.352539404e-06   4.32099087e-06   5.569196373e-06   7.177965399e-06   9.251448445e-06   1.192387782e-05   1.536825449e-05   1.980754232e-05   2.552909282e-05   3.290323121e-05   4.240720252e-05   5.465601998e-05   7.044219954e-05   9.078693106e-05   0.0001170059622   0.0001507944   0.0001943358179   0.0002504425659   0.000322736087   0.0004158784528   0.0005358693421   0.0006904264217   0.0008894716601   0.001145751597   0.001475626024   0.001900066759   0.00244591581   0.003147459287   0.004048378209   0.005204136737   0.00668485724   0.008578701919   0.01099572048   0.0140720164   0.01797391072   0.0229015233   0.02909083932   0.03681290856   0.04636842538   0.05807574707   0.07225073048   0.08917795577   0.1090751764   0.1320559335   0.1580981981   0.1870280229   0.2185250367   0.2521511232   0.287396776   0.3237345213   0.3606678017   0.3977667939   0.4346877833   0.4711774228   0.5070659752   0.5422543061   0.5766986609   0.6103959588   0.6433710837   0.6756667117   0.7073356375   0.7384352725   0.7690238868   0.799158178   0.8288918056   0.8582746015   0.8873522391   0.9161662002   0.9447539243   0.9731490649   1.001381797   1.029479144   1.0574653   1.085361937   1.113188491   1.140962418   1.168699425   1.196413681   1.224117991   1.251823962   1.279542141   1.307282136   1.335052723   1.362861942   1.390717172   1.41862521   1.446592326   1.47462432   1.502726571   1.530904077   1.55916149   1.587503153   1.615933126   1.644455209   1.673072969   1.701789758   1.73060873   1.759532861   1.788564956   1.81770767   1.846963514   1.876334868   1.905823991   1.935433028   1.965164019   1.995018904   2.024999534   2.055107672   2.085345003   2.115713135   2.146213605   2.176847887   2.207617389   2.238523461   2.2695674   2.300750448   2.332073799   2.363538601   2.395145956   2.426896925   2.458792531   2.490833757   2.523021552   2.555356829   2.587840472   2.620473332   2.653256231   2.686189963   2.719275297   2.752512975   2.785903715   2.819448213   2.853147142   2.887001153   2.921010879   2.955176933   2.989499908   3.02398038   3.058618909   3.093416037   3.128372292   3.163488185   3.198764215   3.234200864   3.269798603   3.30555789   3.341479168   3.377562873   3.413809424   3.450219232   3.486792698   3.523530211   3.560432149   3.597498884   3.634730776   3.672128177   3.70969143   3.74742087   3.785316824   3.823379609   3.861609539   3.900006918   3.938572041   3.9773052   4.016206678   4.055276752   4.094515693   4.133923767   4.173501231   4.213248341   4.253165343   4.293252482   4.333509992   4.373938107   
18.77135678   3.519345114e-09   4.535991837e-09   5.846321197e-09   7.535170417e-09   9.711883976e-09   1.251739311e-08   1.613334038e-08   2.079384013e-08   2.680063619e-08   3.454263825e-08   4.452110177e-08   5.738208168e-08   7.395826112e-08   9.532286331e-08   1.228591371e-07   1.583499149e-07   2.040930415e-07   2.630501466e-07   3.390383936e-07   4.369776185e-07   5.632088587e-07   7.259048949e-07   9.355993817e-07   1.205868824e-06   1.554211547e-06   2.003180554e-06   2.581843607e-06   3.327665027e-06   4.288931003e-06   5.527875361e-06   7.124708012e-06   9.1828067e-06   1.183540778e-05   1.525422862e-05   1.966057878e-05   2.53396777e-05   3.265910291e-05   4.209255841e-05   5.425049417e-05   6.991954579e-05   9.011332597e-05   0.0001161378195   0.0001496755554   0.0001928939043   0.0002485843469   0.0003203414519   0.0004127926926   0.0005318932198   0.000685303417   0.0008828716   0.001137249676   0.001464675954   0.00188596649   0.002427763864   0.003124099355   0.004018329154   0.005165504695   0.006635226093   0.008514998189   0.01091404891   0.01396746339   0.017840315   0.02273121708   0.02887436977   0.03653875896   0.04602276765   0.05764227169   0.07171061176   0.08851001488   0.1082562934   0.1310617267   0.1569039354   0.1856096682   0.2168602827   0.2502202519   0.2851832202   0.3212250714   0.3578524795   0.3946384761   0.4312416808   0.4674105169   0.5029764856   0.5378412346   0.5719614283   0.6053341336   0.6379841916   0.6699541103   0.7012964411   0.7320683123   0.7623276968   0.7921309973   0.8215315903   0.8505790435   0.879318787   0.9077920813   0.9360361664   0.9640845164   0.9919671462   1.019710936   1.047339952   1.074875754   1.102337676   1.129743081   1.157107599   1.184445323   1.211768994   1.239090161   1.266419316   1.29376602   1.321139005   1.34854627   1.375995161   1.403492438   1.431044343   1.458656646   1.486334702   1.514083483   1.54190762   1.569811436   1.597798969   1.625874004   1.65404009   1.682300564   1.710658565   1.739117053   1.767678823   1.796346516   1.825122631   1.854009539   1.883009487   1.91212461   1.941356939   1.970708406   2.000180853   2.029776034   2.059495627   2.089341233   2.119314382   2.14941654   2.179649109   2.210013435   2.240510808   2.271142462   2.301909588   2.332813328   2.36385478   2.395035   2.426355004   2.457815774   2.489418251   2.521163348   2.553051942   2.585084881   2.617262983   2.64958704   2.682057815   2.714676048   2.747442454   2.780357725   2.813422531   2.846637522   2.880003326   2.913520553   2.947189794   2.981011623   3.014986597   3.049115255   3.083398124   3.117835711   3.152428513   3.187177011   3.222081673   3.257142954   3.292361298   3.327737135   3.363270885   3.398962957   3.434813748   3.470823647   3.506993031   3.543322268   3.579811718   3.616461731   3.653272648   3.690244803   3.72737852   3.764674118   3.802131907   3.839752188   3.877535259   3.915481407   3.953590916   3.99186406   4.03030111   4.06890233   4.107667977   4.146598304   4.185693557   4.224953978   4.264379804   
19.02512563   2.710592863e-09   3.493612224e-09   4.502825389e-09   5.803573829e-09   7.480074454e-09   9.640872231e-09   1.242586793e-08   1.601537597e-08   2.064179889e-08   2.660467422e-08   3.429006799e-08   4.419557058e-08   5.696251305e-08   7.341749012e-08   9.462587774e-08   1.219608107e-07   1.571920856e-07   2.026007457e-07   2.611267658e-07   3.365593989e-07   4.337825077e-07   5.590907652e-07   7.205971938e-07   9.287584277e-07   1.197051703e-06   1.542847399e-06   1.988533615e-06   2.562965574e-06   3.303333663e-06   4.257571011e-06   5.487456397e-06   7.072613249e-06   9.115663424e-06   1.174886907e-05   1.514269197e-05   1.951682349e-05   2.515439757e-05   3.2420304e-05   4.178478309e-05   5.385382113e-05   6.940830178e-05   8.945442597e-05   0.0001152886288   0.0001485811357   0.0001914834685   0.0002467666941   0.0003179990937   0.0004097742977   0.0005280039012   0.0006802922553   0.0008764156319   0.001128933371   0.001453964957   0.001872174083   0.002410008262   0.003101249512   0.003988936302   0.005127716373   0.006586679023   0.008452686145   0.01083416192   0.01386519556   0.01770964022   0.02256463604   0.02866263774   0.03627061337   0.04568468657   0.05721830819   0.07118236096   0.08785677472   0.1074554694   0.1300894978   0.1557361483   0.1842228615   0.2152326984   0.248332678   0.2830195389   0.3187724603   0.3551012862   0.391581848   0.4278750531   0.4637310597   0.4989825813   0.5335320307   0.567336481   0.6003931419   0.6327268109   0.6643798292   0.6954045079   0.7258576965   0.7557970751   0.7852787558   0.8143558368   0.8430776257   0.8714893134   0.8996319423   0.9275425563   0.9552544532   0.9827974901   1.010198407   1.037481144   1.064667149   1.091775656   1.118823941   1.145827551   1.172800509   1.199755493   1.226703992   1.253656446   1.28062237   1.307610453   1.334628653   1.361684281   1.388784066   1.415934217   1.443140479   1.470408179   1.497742267   1.525147353   1.552627738   1.580187441   1.60783023   1.635559638   1.663378985   1.691291397   1.71929982   1.747407036   1.775615673   1.803928221   1.832347037   1.86087436   1.889512315   1.918262923   1.947128108   1.976109702   2.005209454   2.034429033   2.063770032   2.093233975   2.122822321   2.152536467   2.182377751   2.212347457   2.242446816   2.272677013   2.303039183   2.333534419   2.364163775   2.394928261   2.425828853   2.456866492   2.488042082   2.5193565   2.550810587   2.58240516   2.614141005   2.646018883   2.678039532   2.710203661   2.742511961   2.774965099   2.80756372   2.840308451   2.873199899   2.906238653   2.939425283   2.972760344   3.006244373   3.039877894   3.073661412   3.107595422   3.141680403   3.17591682   3.210305128   3.244845766   3.279539164   3.31438574   3.3493859   3.384540042   3.419848549   3.4553118   3.49093016   3.526703987   3.562633629   3.598719428   3.634961713   3.67136081   3.707917033   3.744630693   3.78150209   3.818531519   3.855719266   3.893065614   3.930570837   3.968235203   4.006058975   4.04404241   4.082185759   4.120489267   4.158953175   
19.27889447   2.087913528e-09   2.691057121e-09   3.468433116e-09   4.470372696e-09   5.761746402e-09   7.426164177e-09   9.571388686e-09   1.23363124e-08   1.58999502e-08   2.049302964e-08   2.641292942e-08   3.404293315e-08   4.387704495e-08   5.655197371e-08   7.288835672e-08   9.394389158e-08   1.210818166e-07   1.560591732e-07   2.011405647e-07   2.59244777e-07   3.341337532e-07   4.306561571e-07   5.550612947e-07   7.154037165e-07   9.220646938e-07   1.18842433e-06   1.531727812e-06   1.974201884e-06   2.544493804e-06   3.279525921e-06   4.226885899e-06   5.447907265e-06   7.021639586e-06   9.049965098e-06   1.166419271e-05   1.503355564e-05   1.937616188e-05   2.497310474e-05   3.218664416e-05   4.148363124e-05   5.34656847e-05   6.890806e-05   8.880970586e-05   0.0001144577131   0.0001475102688   0.0001901033864   0.0002449881587   0.0003157071454   0.0004068208622   0.000524198286   0.000675388942   0.000870098609   0.001120796055   0.001443484494   0.001858678541   0.002392634846   0.003078891537   0.003960176212   0.005090741627   0.006539177292   0.00839171605   0.01075599574   0.01376513119   0.01758178191   0.0224016469   0.02845547366   0.03600825676   0.04535391059   0.05680351533   0.07066555179   0.08721770651   0.1066720534   0.1291384535   0.1545938786   0.1828664575   0.2136409303   0.246486819   0.2809039019   0.316374593   0.3524118472   0.3885942416   0.4245849274   0.4601357624   0.495080648   0.5293227452   0.5628195259   0.5955683384   0.627593935   0.6589384922   0.6896540835   0.7197972835   0.7494254839   0.7785945108   0.8073571885   0.8357625684   0.8638556057   0.891677129   0.9192639884   0.9466493085   0.9738627913   1.000931038   1.027877866   1.054724613   1.081490413   1.108192457   1.134846213   1.161465632   1.188063329   1.214650737   1.241238246   1.267835321   1.29445061   1.321092034   1.347766867   1.374481805   1.40124303   1.428056258   1.454926792   1.481859559   1.508859145   1.535929833   1.563075624   1.590300268   1.61760728   1.644999967   1.67248144   1.700054631   1.72772231   1.755487093   1.783351459   1.811317755   1.839388208   1.867564934   1.895849947   1.924245159   1.952752397   1.981373401   2.010109832   2.038963276   2.067935251   2.09702721   2.126240542   2.15557658   2.185036602   2.214621834   2.244333456   2.274172597   2.304140347   2.334237753   2.364465822   2.394825526   2.4253178   2.455943546   2.486703635   2.517598907   2.548630174   2.579798218   2.611103799   2.642547647   2.674130473   2.705852962   2.737715778   2.769719565   2.801864947   2.834152526   2.86658289   2.899156607   2.931874229   2.964736291   2.997743313   3.0308958   3.064194243   3.09763912   3.131230894   3.164970017   3.198856927   3.232892052   3.267075808   3.301408599   3.33589082   3.370522856   3.40530508   3.440237858   3.475321546   3.51055649   3.54594303   3.581481495   3.617172208   3.653015484   3.689011629   3.725160945   3.761463723   3.79792025   3.834530807   3.871295665   3.908215094   3.945289353   3.9825187   4.019903383   4.057443647   
19.53266332   1.608441316e-09   2.073077932e-09   2.671935909e-09   3.443788287e-09   4.438608621e-09   5.720806517e-09   7.37339783e-09   9.503379522e-09   1.224865717e-08   1.578697366e-08   2.034741714e-08   2.622525329e-08   3.380104229e-08   4.356527815e-08   5.615014566e-08   7.237045107e-08   9.327637657e-08   1.20221474e-07   1.549503002e-07   1.997113675e-07   2.574027224e-07   3.317595775e-07   4.275961448e-07   5.511173261e-07   7.103204404e-07   9.155129952e-07   1.179980021e-06   1.520844172e-06   1.96017426e-06   2.526413989e-06   3.256223358e-06   4.196851898e-06   5.409197333e-06   6.97174754e-06   8.985660835e-06   1.158131311e-05   1.492673508e-05   1.923848499e-05   2.479565881e-05   3.195794239e-05   4.118886959e-05   5.308578422e-05   6.841843298e-05   8.817866626e-05   0.000113644429   0.0001464621249   0.0001887525888   0.0002432473631   0.0003134638315   0.0004039300981   0.0005204734263   0.0006705896787   0.0008639156378   0.001112831421   0.001433226444   0.001845469408   0.002375630153   0.003057008103   0.00393202659   0.005054551792   0.006492684069   0.008332040615   0.01067948969   0.01366719261   0.01745664075   0.02224212295   0.02825271629   0.03575148469   0.04503018151   0.05639756868   0.07015977903   0.0865923076   0.1059054273   0.1282078394   0.1534762155   0.1815393682   0.2120836924   0.2446811718   0.278834571   0.3140294804   0.349781908   0.385673125   0.4213684825   0.4566215053   0.4912672577   0.5252096333   0.5584064936   0.5908553204   0.6225808203   0.6536250064   0.6840397178   0.7138812581   0.7432067348   0.772071692   0.8005286846   0.8286265117   0.8564098968   0.8839194573   0.9111918534   0.9382600389   0.9651535631   0.9918988907   1.018519718   1.045037274   1.071470598   1.097836791   1.124151246   1.150427845   1.17667914   1.202916509   1.229150289   1.255389901   1.281643951   1.307920322   1.334226253   1.360568409   1.386952942   1.413385543   1.439871489   1.466415682   1.493022691   1.519696777   1.546441923   1.57326186   1.600160091   1.627139906   1.6542044   1.681356496   1.708598947   1.735934362   1.763365204   1.790893813   1.818522405   1.846253088   1.874087863   1.902028639   1.930077232   1.958235374   1.986504719   2.014886846   2.043383268   2.071995429   2.100724714   2.129572449   2.158539908   2.18762831   2.21683883   2.246172592   2.275630682   2.305214142   2.334923975   2.364761148   2.394726593   2.424821207   2.455045858   2.485401382   2.515888587   2.546508252   2.577261134   2.60814796   2.639169437   2.670326247   2.701619053   2.733048494   2.764615191   2.796319746   2.828162742   2.860144746   2.892266306   2.924527956   2.956930214   2.989473582   3.022158549   3.054985591   3.087955169   3.121067732   3.154323718   3.187723552   3.221267648   3.254956409   3.288790228   3.322769487   3.35689456   3.391165809   3.42558359   3.460148246   3.494860117   3.52971953   3.564726806   3.599882259   3.635186194   3.670638911   3.7062407   3.741991848   3.777892632   3.813943325   3.850144193   3.886495496   3.922997489   3.95965042   
19.78643216   1.239199391e-09   1.597171676e-09   2.058552788e-09   2.653214831e-09   3.419659179e-09   4.407509244e-09   5.680723344e-09   7.321735678e-09   9.436793526e-09   1.216283622e-08   1.567636129e-08   2.020485174e-08   2.604150448e-08   3.356421327e-08   4.326003543e-08   5.575672631e-08   7.186338318e-08   9.262283006e-08   1.193791351e-07   1.538646317e-07   1.983120779e-07   2.555992148e-07   3.294350841e-07   4.246001668e-07   5.472558895e-07   7.053435374e-07   9.090983981e-07   1.17171242e-06   1.510188285e-06   1.946440179e-06   2.508712514e-06   3.233408427e-06   4.167446393e-06   5.371297449e-06   6.922899542e-06   8.922702212e-06   1.150016785e-05   1.482214987e-05   1.910368915e-05   2.462192613e-05   3.173402648e-05   4.090027618e-05   5.271383361e-05   6.793905201e-05   8.756083197e-05   0.0001128481639   0.000145435915   0.0001874300587   0.0002415429963   0.0003112674627   0.0004010998285   0.0005168265169   0.0006658908511   0.0008578620616   0.001105033472   0.001423183081   0.001832536734   0.002358981375   0.003035582722   0.003904466228   0.005019119595   0.006447164304   0.008273614839   0.01060458608   0.0135713059   0.01733412223   0.02208594361   0.02805421225   0.03550010263   0.04471325371   0.0560001596   0.06966465718   0.08598009986   0.1051550025   0.1272969383   0.1523822932   0.1802405591   0.2105597622   0.2429143075   0.2768098943   0.3117352323   0.3472093269   0.3828160929   0.4182230398   0.4531853262   0.4875391567   0.5211891417   0.5540935229   0.5862499118   0.6176829685   0.6484345438   0.6785562455   0.7081041099   0.7371349645   0.7657040759   0.7938637333   0.8216624875   0.8491448338   0.8763511822   0.9033180054   0.9300780891   0.9566608325   0.9830925661   1.009396867   1.035594857   1.06170548   1.087745753   1.113730992   1.139675012   1.165590302   1.191488186   1.217378951   1.243271973   1.269175816   1.295098327   1.321046711   1.3470276   1.373047119   1.399110931   1.42522429   1.451392076   1.477618836   1.503908811   1.530265968   1.55669402   1.583196454   1.609776545   1.636437376   1.663181855   1.690012724   1.716932579   1.743943875   1.771048938   1.798249978   1.82554909   1.85294827   1.880449415   1.908054336   1.935764755   1.963582321   1.991508607   2.019545116   2.047693288   2.075954501   2.104330076   2.132821281   2.16142933   2.190155393   2.21900059   2.247966001   2.277052663   2.306261576   2.335593703   2.365049971   2.394631274   2.424338476   2.454172408   2.484133877   2.514223657   2.544442502   2.574791137   2.605270264   2.635880564   2.666622695   2.697497295   2.728504982   2.759646356   2.790921996   2.822332467   2.853878316   2.885560072   2.917378253   2.949333359   2.981425876   3.013656277   3.046025023   3.07853256   3.111179324   3.143965739   3.176892216   3.209959157   3.243166953   3.276515985   3.310006625   3.343639233   3.377414163   3.411331759   3.445392357   3.479596283   3.513943858   3.548435393   3.583071193   3.617851555   3.65277677   3.687847122   3.723062887   3.758424338   3.793931738   3.829585347   3.865385419   
20.04020101   9.548150076e-10   1.230636084e-09   1.586134653e-09   2.044327457e-09   2.634880174e-09   3.39602812e-09   4.377051791e-09   5.641467529e-09   7.271139885e-09   9.371581932e-09   1.207878671e-08   1.556803207e-08   2.006522905e-08   2.586154844e-08   3.333227264e-08   4.296109322e-08   5.537142753e-08   7.136678169e-08   9.198277342e-08   1.185541829e-07   1.528013724e-07   1.96941671e-07   2.538329334e-07   3.271585707e-07   4.216660288e-07   5.434741568e-07   7.004693628e-07   9.028162049e-07   1.16361547e-06   1.499752346e-06   1.932989584e-06   2.491376416e-06   3.21106442e-06   4.138647848e-06   5.334179858e-06   6.875059817e-06   8.86104312e-06   1.142069752e-05   1.471972341e-05   1.897167564e-05   2.445177948e-05   3.151473243e-05   4.061763965e-05   5.234956048e-05   6.746956601e-05   8.69557505e-05   0.0001120683346   0.0001444308873   0.0001861348274   0.0002398738101   0.0003091164303   0.0003983279806   0.0005132548866   0.0006612890174   0.0008519334464   0.001097396495   0.001413347049   0.001819871044   0.002342676312   0.003014599696   0.003877474926   0.004984419065   0.006402584627   0.008216395877   0.01053122995   0.01347740068   0.01721413637   0.0219329941   0.02785981546   0.0352539254   0.04440289332   0.05561099426   0.06917981927   0.08538062815   0.1044202193   0.1264050676   0.1513112873   0.1789690457   0.2090679765   0.2411848669   0.2748283006   0.3094900515   0.3446920678   0.3800208593   0.4151460534   0.4498244111   0.4838932545   0.5172578957   0.5498769484   0.5817481492   0.6128961109   0.6433625237   0.673198767   0.7024606135   0.7312046145   0.7594857633   0.7873560875   0.8148638935   0.8420534517   0.8689649678   0.89563473   0.9220953588   0.9483761052   0.9745031679   1.000500006   1.026387636   1.052184909   1.077908758   1.103574425   1.129195655   1.15478488   1.180353367   1.205911356   1.231468177   1.257032355   1.282611699   1.30821338   1.333844002   1.359509658   1.385215988   1.410968221   1.436771215   1.462629495   1.488547285   1.514528533   1.540576937   1.566695967   1.592888884   1.619158757   1.645508481   1.671940787   1.698458259   1.725063341   1.75175835   1.778545485   1.805426833   1.832404381   1.859480018   1.886655546   1.913932682   1.941313066   1.968798264   1.996389774   2.024089028   2.051897401   2.079816206   2.107846705   2.13599011   2.164247583   2.19262024   2.221109157   2.249715367   2.278439865   2.307283609   2.336247523   2.365332498   2.394539392   2.423869036   2.45332223   2.482899748   2.512602338   2.542430723   2.572385602   2.602467653   2.632677532   2.663015874   2.693483293   2.724080388   2.754807735   2.785665896   2.816655417   2.847776825   2.879030633   2.910417341   2.941937433   2.973591381   3.005379641   3.037302659   3.06936087   3.101554693   3.133884541   3.166350812   3.198953897   3.231694173   3.264572013   3.297587774   3.330741808   3.364034459   3.39746606   3.431036937   3.464747408   3.498597785   3.53258837   3.566719459   3.600991342   3.635404302   3.669958613   3.704654547   3.739492367   3.774472331   
20.29396985   7.357634639e-10   9.4830628e-10   1.222247155e-09   1.575322382e-09   2.030391804e-09   2.616918876e-09   3.372878272e-09   4.347214558e-09   5.6030111e-09   7.2215744e-09   9.307698276e-09   1.199644873e-08   1.546190881e-08   1.992844956e-08   2.568525694e-08   3.310505513e-08   4.266823853e-08   5.499397479e-08   7.088029274e-08   9.135575058e-08   1.177460296e-07   1.517597649e-07   1.955991704e-07   2.521026198e-07   3.24928415e-07   4.187916401e-07   5.397694335e-07   6.956944436e-07   8.966619392e-07   1.155683403e-06   1.48952892e-06   1.91981289e-06   2.474393341e-06   3.189175416e-06   4.110435742e-06   5.297818111e-06   6.828194277e-06   8.800639624e-06   1.134284549e-05   1.461938271e-05   1.884235038e-05   2.428509762e-05   3.129990399e-05   4.034075862e-05   5.199270527e-05   6.700964044e-05   8.63629907e-05   0.0001113043856   0.0001434463257   0.0001848659719   0.0002382386151   0.0003070092017   0.0003956125791   0.0005097559904   0.0006567808985   0.0008461255673   0.001089915049   0.001403711336   0.001807463312   0.002326703343   0.002994044067   0.003851033443   0.004950425456   0.00635891324   0.008160342905   0.01045936894   0.01338540989   0.01709659743   0.02178316503   0.02766938679   0.03501277655   0.04409887755   0.05522979274   0.06870491569   0.08479345891   0.1037005442   0.1255315769   0.1502624132   0.1777238906   0.2076072279   0.2394915563   0.2728882947   0.3072922276   0.3422281936   0.37728525   0.4121351026   0.4465360845   0.4803266134   0.5134126888   0.5457532875   0.5773462676   0.6082161938   0.6384045973   0.6679626316   0.6969458096   0.7254104106   0.7534111583   0.7809998226   0.8082244692   0.8351291472   0.8617538608   0.888134717   0.914304173   0.9402913344   0.9661222697   0.9918203221   1.017406405   1.042899277   1.068315789   1.093671108   1.118978915   1.144251581   1.16950032   1.194735323   1.219965877   1.245200467   1.270446866   1.295712211   1.321003077   1.346325529   1.371685181   1.397087237   1.422536536   1.448037581   1.473594578   1.499211457   1.5248919   1.55063936   1.576457087   1.602348134   1.628315385   1.654361558   1.680489226   1.706700823   1.732998656   1.759384914   1.785861676   1.812430919   1.839094525   1.865854289   1.892711919   1.919669049   1.946727238   1.973887978   2.001152695   2.028522758   2.055999474   2.083584102   2.111277846   2.139081863   2.166997267   2.195025128   2.223166474   2.251422296   2.279793549   2.308281153   2.336885994   2.365608929   2.394450782   2.423412352   2.452494409   2.481697697   2.511022938   2.540470828   2.57004204   2.599737229   2.629557026   2.659502044   2.689572878   2.719770103   2.750094279   2.780545946   2.811125633   2.84183385   2.872671093   2.903637846   2.934734577   2.965961742   2.997319785   3.028809137   3.060430219   3.092183438   3.124069194   3.156087874   3.188239855   3.220525505   3.252945184   3.285499241   3.318188017   3.351011845   3.38397105   3.417065948   3.450296849   3.483664055   3.51716786   3.550808553   3.584586415   3.618501721   3.652554739   3.686745733   
20.54773869   5.670182589e-10   7.30815e-10   9.419283343e-10   1.214026788e-09   1.564727365e-09   2.016736165e-09   2.59931848e-09   3.350193582e-09   4.317976854e-09   5.565327389e-09   7.17300485e-09   9.245098254e-09   1.19157652e-08   1.535791792e-08   1.979441842e-08   2.551250771e-08   3.288240318e-08   4.238126826e-08   5.462410633e-08   7.040357898e-08   9.07413267e-08   1.169541148e-07   1.507390867e-07   1.942836451e-07   2.504070738e-07   3.227430706e-07   4.159750075e-07   5.361391503e-07   6.910154683e-07   8.906313331e-07   1.147910717e-06   1.479510916e-06   1.90690096e-06   2.457751514e-06   3.167726234e-06   4.082790511e-06   5.262186993e-06   6.782270422e-06   8.741449836e-06   1.126655777e-05   1.45210582e-05   1.871562371e-05   2.412176496e-05   3.108939217e-05   4.006944106e-05   5.164302049e-05   6.655895637e-05   8.57821415e-05   0.000110555787   0.0001424815475   0.0001836226124   0.0002366362773   0.0003049443154   0.0003929517409   0.0005063274017   0.0006523633677   0.000840434396   0.001082583943   0.00139426926   0.001795304931   0.002311051387   0.002973901573   0.003825123428   0.004917115177   0.006316119825   0.008105416998   0.01038895314   0.0132952696   0.01698142367   0.02163635213   0.02748279356   0.03477648787   0.043800994   0.05485628819   0.06823961322   0.08421817892   0.102995469   0.1246758467   0.1492349228   0.1765042006   0.2061764616   0.2378331432   0.2709884524   0.3051401322   0.33981586   0.3746071952   0.4091878835   0.4433178009   0.4768364391   0.5096504712   0.541719229   0.5730406882   0.6036393648   0.6335566324   0.6628434216   0.6915549887   0.719747345   0.7474749485   0.7747893153   0.801738274   0.8283656554   0.8547112658   0.8808110331   0.9066972542   0.9323988911   0.9579418844   0.9833494631   1.008642439   1.033839479   1.058957354   1.084011157   1.109014505   1.133979711   1.158917935   1.18383932   1.208753112   1.233667754   1.258590985   1.28352991   1.308491073   1.333480512   1.358503816   1.383566166   1.408672378   1.433826937   1.459034029   1.484297568   1.509621218   1.53500842   1.560462407   1.585986221   1.611582732   1.637254648   1.66300453   1.688834801   1.714747758   1.740745582   1.766830343   1.793004009   1.819268455   1.845625467   1.872076747   1.898623922   1.925268544   1.9520121   1.978856009   2.005801633   2.032850276   2.06000319   2.087261575   2.114626583   2.142099323   2.16968086   2.19737222   2.225174388   2.253088315   2.281114918   2.309255079   2.33750965   2.365879455   2.394365286   2.422967913   2.451688075   2.480526491   2.509483854   2.538560837   2.567758088   2.597076238   2.626515897   2.656077658   2.685762092   2.715569758   2.745501194   2.775556926   2.805737462   2.836043297   2.866474911   2.897032772   2.927717333   2.958529037   2.989468313   3.020535578   3.051731241   3.083055698   3.114509335   3.146092527   3.177805642   3.209649036   3.241623059   3.273728049   3.305964339   3.33833225   3.3708321   3.403464196   3.436228838   3.46912632   3.50215693   3.535320947   3.568618644   3.602050291   
20.80150754   4.370133112e-10   5.63255024e-10   7.259646649e-10   9.356768643e-10   1.205969432e-09   1.55434245e-09   2.003351319e-09   2.582067102e-09   3.327958732e-09   4.289318938e-09   5.528390951e-09   7.125398442e-09   9.1837396e-09   1.183668164e-08   1.525598918e-08   1.966304514e-08   2.534318413e-08   3.266416645e-08   4.209998866e-08   5.426157242e-08   6.993631852e-08   9.013908695e-08   1.161779037e-07   1.497386487e-07   1.929942069e-07   2.487451508e-07   3.206010619e-07   4.132142291e-07   5.325808563e-07   6.864292778e-07   8.847203149e-07   1.140292165e-06   1.469691571e-06   1.894245075e-06   2.441439696e-06   3.146702393e-06   4.05569349e-06   5.227262446e-06   6.737257245e-06   8.683433791e-06   1.119178284e-05   1.442468347e-05   1.859141005e-05   2.396167122e-05   3.088305485e-05   3.980350379e-05   5.130027004e-05   6.611720947e-05   8.521281071e-05   0.0001098220333   0.0001415359012   0.0001824039092   0.0002350657146   0.0003029203771   0.0003903436692   0.0005029668052   0.0006480334418   0.0008348560894   0.001075398227   0.001385014443   0.001783387688   0.002295709871   0.002954158607   0.003799727377   0.004884465717   0.00627417546   0.008051581022   0.01031993491   0.01320691881   0.01686853711   0.02149245592   0.02729990922   0.03454489891   0.04350904007   0.0544902261   0.06778359399   0.08365439402   0.1023045087   0.123837286   0.1482281032   0.1753091243   0.2047746716   0.236208453   0.2691274166   0.3030322134   0.3374533103   0.3719847237   0.4063022025   0.4401671368   0.4734200719   0.505968341   0.5377716228   0.568828007   0.5991619605   0.6288147005   0.6578369376   0.686283675   0.7142106594   0.7416720874   0.7687192248   0.7953996665   0.8217570285   0.8478309218   0.8736570981   0.8992676965   0.9246915374   0.9499544354   0.975079507   1.000087464   1.024996883   1.049824456   1.074585203   1.099292679   1.123959137   1.148595686   1.173212424   1.197818551   1.222422474   1.247031896   1.271653889   1.296294969   1.320961146   1.345657985   1.370390644   1.395163918   1.419982271   1.444849873   1.469770619   1.494748158   1.519785917   1.544887113   1.570054777   1.595291765   1.620600776   1.645984357   1.671444924   1.696984763   1.722606045   1.748310832   1.774101085   1.799978669   1.825945363   1.852002863   1.878152789   1.904396687   1.930736035   1.95717225   1.983706686   2.010340643   2.037075366   2.063912052   2.090851848   2.117895857   2.145045141   2.17230072   2.199663578   2.22713466   2.254714879   2.282405115   2.310206215   2.338119   2.36614426   2.394282759   2.422535236   2.450902406   2.479384959   2.507983564   2.536698869   2.5655315   2.594482067   2.623551157   2.652739343   2.682047178   2.7114752   2.741023931   2.770693879   2.800485536   2.830399381   2.860435877   2.890595479   2.920878626   2.951285745   2.981817253   3.012473556   3.043255049   3.074162115   3.10519513   3.136354458   3.167640456   3.19905347   3.230593838   3.262261891   3.29405795   3.32598233   3.358035338   3.390217272   3.422528426   3.454969084   3.487539527   3.520240026   
21.05527638   3.368449756e-10   4.341506769e-10   5.595654495e-10   7.212092689e-10   9.295477588e-10   1.198069788e-09   1.544160806e-09   1.990228464e-09   2.565153398e-09   3.306159102e-09   4.261221964e-09   5.492177497e-09   7.078723868e-09   9.123581963e-09   1.175914604e-08   1.515605557e-08   1.953424333e-08   2.517717484e-08   3.245020143e-08   4.182421474e-08   5.390613464e-08   6.947820408e-08   8.954863527e-08   1.154168861e-07   1.48757793e-07   1.917300077e-07   2.471157579e-07   3.185009803e-07   4.105074894e-07   5.290922113e-07   6.819328562e-07   8.789249973e-07   1.132822736e-06   1.460064427e-06   1.881836913e-06   2.425447161e-06   3.126090067e-06   4.029126858e-06   5.193021503e-06   6.693125143e-06   8.626553337e-06   1.111847154e-05   1.433019516e-05   1.846962772e-05   2.380471111e-05   3.068075633e-05   3.954277191e-05   5.096422852e-05   6.568410925e-05   8.465462392e-05   0.0001091026421   0.000140608765   0.000181209061   0.0002335258944   0.0003009360559   0.0003877866488   0.000499671991   0.0006437882734   0.0008293869786   0.001068353175   0.001375940798   0.001771703744   0.002280668703   0.002934802179   0.003774828579   0.00485245559   0.006233052534   0.007998799528   0.0102522688   0.0131202993   0.01675786332   0.02135138144   0.02712061297   0.03431785648   0.04322282237   0.0541313635   0.06733655463   0.08310172806   0.1016272009   0.1230153309   0.1472412738   0.1741378491   0.2034008988   0.2346163653   0.2673038931   0.3009669919   0.3351388697   0.3694159567   0.4034759692   0.4370817835   0.4700749786   0.5023635346   0.5339074696   0.5647049839   0.5947804945   0.6241750638   0.652939185   0.6811276117   0.7087958298   0.7359977778   0.762784475   0.7892032861   0.8152976155   0.8411068816   0.8666666629   0.8920089424   0.9171624016   0.9421527306   0.9670029352   0.9917336281   1.016363299   1.040908559   1.06538436   1.089804191   1.11418025   1.138523596   1.162844277   1.187151455   1.211453497   1.235758071   1.26007222   1.284402427   1.308754679   1.333134514   1.357547069   1.381997117   1.406489105   1.431027182   1.455615227   1.480256876   1.504955538   1.529714418   1.554536534   1.579424731   1.604381694   1.629409963   1.65451194   1.679689904   1.704946017   1.730282331   1.755700799   1.78120328   1.806791545   1.832467282   1.858232105   1.884087554   1.910035101   1.936076156   1.962212069   1.988444134   2.014773592   2.041201632   2.0677294   2.094357993   2.121088468   2.147921843   2.174859095   2.201901167   2.229048968   2.256303375   2.283665231   2.311135353   2.338714529   2.36640352   2.394203062   2.422113865   2.450136618   2.478271988   2.506520619   2.534883136   2.563360144   2.59195223   2.620659963   2.649483896   2.678424563   2.707482484   2.736658165   2.765952097   2.795364755   2.824896603   2.854548092   2.884319659   2.914211731   2.944224723   2.974359038   3.004615069   3.034993201   3.065493805   3.096117244   3.126863875   3.157734041   3.188728081   3.219846322   3.251089085   3.282456683   3.313949422   3.3455676   3.377311508   3.409181431   3.441177646   
21.30904523   2.596583537e-10   3.346668592e-10   4.313433595e-10   5.559471716e-10   7.165457652e-10   9.235370909e-10   1.190322795e-09   1.53417591e-09   1.977359193e-09   2.54856653e-09   3.284780723e-09   4.233667931e-09   5.456663824e-09   7.032951225e-09   9.064586801e-09   1.168310872e-08   1.505805306e-08   1.940793045e-08   2.501437349e-08   3.224037102e-08   4.155376983e-08   5.355756528e-08   6.902894216e-08   8.896959336e-08   1.146705741e-07   1.477958912e-07   1.904902377e-07   2.45517851e-07   3.164414802e-07   4.078530542e-07   5.256709802e-07   6.775233225e-07   8.732416673e-07   1.125497645e-06   1.450623316e-06   1.869668524e-06   2.409763663e-06   3.10587605e-06   4.003073595e-06   5.159442225e-06   6.649845842e-06   8.57077203e-06   1.104657689e-05   1.423753273e-05   1.835019869e-05   2.365078408e-05   3.048236699e-05   3.928707839e-05   5.063468063e-05   6.525937822e-05   8.41072235e-05   0.0001083971524   0.0001396995447   0.0001800373021   0.0002320158299   0.0002989900802   0.0003852790414   0.0004964408476   0.0006396251421   0.0008240235591   0.001061444273   0.001367042511   0.001760245612   0.002265918243   0.002915819882   0.003750411072   0.00482106427   0.006192724673   0.007947038656   0.01018591138   0.01303535545   0.01664933119   0.02121303799   0.0269447894   0.0340952143   0.04294215619   0.05377946838   0.06689820543   0.08255982182   0.1009631036   0.1222094432   0.146273785   0.1729895997   0.2020542275   0.2330558109   0.265516647   0.2989430561   0.3328709406   0.3668991026   0.4007071906   0.43405954   0.4667987448   0.4988334188   0.5301239124   0.5606685329   0.5904916469   0.6196341638   0.6481463619   0.6760827481   0.7034985514   0.730447456   0.7569802381   0.7831440354   0.8089820438   0.8345334922   0.8598337879   0.8849147607   0.9098049548   0.9345299379   0.9591126065   0.9835734761   1.007930949   1.03220156   1.05640019   1.080540267   1.104633932   1.128692193   1.152725055   1.176741636   1.200750267   1.224758581   1.24877359   1.272801749   1.296849019   1.320920913   1.345022546   1.369158671   1.393333715   1.41755181   1.441816819   1.466132361   1.490501832   1.514928424   1.539415141   1.563964816   1.588580124   1.613263594   1.638017618   1.662844466   1.68774629   1.712725135   1.737782945   1.762921573   1.78814278   1.81344825   1.838839589   1.86431833   1.889885941   1.915543825   1.941293327   1.967135736   1.993072286   2.019104165   2.045232511   2.071458418   2.097782939   2.124207087   2.150731836   2.177358125   2.20408686   2.230918912   2.257855123   2.284896307   2.312043248   2.339296703   2.366657405   2.394126064   2.421703364   2.449389969   2.477186522   2.505093644   2.533111939   2.56124199   2.589484366   2.617839614   2.64630827   2.674890851   2.703587859   2.732399784   2.7613271   2.790370269   2.819529739   2.848805946   2.878199315   2.90771026   2.937339182   2.967086473   2.996952514   3.026937678   3.057042325   3.08726681   3.117611475   3.148076657   3.178662684   3.209369873   3.240198538   3.271148982   3.302221502   3.333416389   3.364733926   
21.56281407   2.001752635e-10   2.580006603e-10   3.325303015e-10   4.285896062e-10   5.52397931e-10   7.119712418e-10   9.176411074e-10   1.182723616e-09   1.524381527e-09   1.964735469e-09   2.532296143e-09   3.263810246e-09   4.206639632e-09   5.421827757e-09   6.988051929e-09   9.006717274e-09   1.16085222e-08   1.496192045e-08   1.928402764e-08   2.48546784e-08   3.203454421e-08   4.128848504e-08   5.321564666e-08   6.858825222e-08   8.840159964e-08   1.13938502e-07   1.468523425e-07   1.892741227e-07   2.439504323e-07   3.144212757e-07   4.05249266e-07   5.223150266e-07   6.731979232e-07   8.67666776e-07   1.118312318e-06   1.441362343e-06   1.85773231e-06   2.394379408e-06   3.086047719e-06   3.977517431e-06   5.126503644e-06   6.607392316e-06   8.516055039e-06   1.0976054e-05   1.414663831e-05   1.823304838e-05   2.3499794e-05   3.028776296e-05   3.903626355e-05   5.031142058e-05   6.484275116e-05   8.357026763e-05   0.0001077051236   0.0001388076727   0.0001788879009   0.0002305345781   0.0002970812349   0.000382819281   0.0004932713575   0.0006355414481   0.0008187624814   0.001054667205   0.001358314023   0.001749006135   0.002251449277   0.002897199858   0.003726459599   0.004790272141   0.006153166668   0.007896266042   0.01012082114   0.01295203412   0.01654287277   0.02107733888   0.02677232826   0.03387683256   0.04266686503   0.053434319   0.06646826954   0.08202833206   0.1003117948   0.1214191083   0.1453250163   0.1718636351   0.200733783   0.2315257687   0.2637644991   0.2969590587   0.3306479985   0.3644324515   0.3979939649   0.4310983072   0.4635890679   0.4953754829   0.5264182273   0.5567157126   0.5862922546   0.6151886106   0.6434548467   0.6711452268   0.6983147261   0.7250167781   0.7513019193   0.777217064   0.8028052023   0.8281053763   0.8531528248   0.8779792265   0.9026129902   0.9270795631   0.9514017341   0.9755999226   0.9996924457   1.02369576   1.047624681   1.071492573   1.095311523   1.119092488   1.142845428   1.166579422   1.190302763   1.21402305   1.237747265   1.261481835   1.285232694   1.309005333   1.332804843   1.356635959   1.380503087   1.404410343   1.428361573   1.452360382   1.47641015   1.500514057   1.524675094   1.548896084   1.573179688   1.597528427   1.621944682   1.646430715   1.670988668   1.695620578   1.720328382   1.745113923   1.769978959   1.794925164   1.819954138   1.845067409   1.870266438   1.895552624   1.920927304   1.946391764   1.971947233   1.997594893   2.023335879   2.049171279   2.075102144   2.10112948   2.12725426   2.153477418   2.179799856   2.206222443   2.232746017   2.259371388   2.286099336   2.312930618   2.339865963   2.366906077   2.394051643   2.421303321   2.448661751   2.476127554   2.503701329   2.531383659   2.559175108   2.587076224   2.615087538   2.643209567   2.671442811   2.699787756   2.728244876   2.75681463   2.785497465   2.814293816   2.843204106   2.872228746   2.901368136   2.930622667   2.959992719   2.989478661   3.019080855   3.048799652   3.078635394   3.108588417   3.138659045   3.168847597   3.199154384   3.229579708   3.260123866   3.290787146   
21.81658291   1.543311186e-10   1.989133414e-10   2.563742019e-10   3.304340018e-10   4.258877404e-10   5.489155669e-10   7.074829138e-10   9.118562188e-10   1.175267625e-09   1.514771694e-09   1.952349607e-09   2.51633233e-09   3.243234905e-09   4.180120614e-09   5.387648088e-09   6.943998648e-09   8.949938152e-09   1.153534107e-08   1.486759921e-08   1.916245947e-08   2.469799237e-08   3.183259568e-08   4.102819887e-08   5.288017064e-08   6.815586597e-08   8.784430834e-08   1.132202238e-07   1.459265727e-07   1.880809223e-07   2.424125478e-07   3.124391368e-07   4.026945396e-07   5.190223075e-07   6.689540253e-07   8.621969295e-07   1.11126238e-06   1.432275869e-06   1.846021004e-06   2.37928503e-06   3.066593002e-06   3.95244281e-06   5.094185709e-06   6.565738721e-06   8.462369053e-06   1.090685994e-05   1.405745656e-05   1.811810548e-05   2.335164896e-05   3.009682576e-05   3.879017469e-05   4.999425158e-05   6.443397442e-05   8.30434294e-05   0.0001070261345   0.000137932606   0.0001777601575   0.0002290812374   0.0002952083579   0.0003804058701   0.0004901615908   0.0006315347051   0.0008136005421   0.001048017844   0.00134975002   0.001737978468   0.002237252993   0.002878930765   0.003702959571   0.004760060443   0.006114354416   0.007846450738   0.0100569584   0.01287028446   0.01643842307   0.02094420122   0.02660312408   0.03366257758   0.0423967801   0.05309570337   0.06604648226   0.08150693064   0.09967287098   0.1206438346   0.1443943745   0.1707592475   0.1994387297   0.2300252632   0.2620463231   0.2950137127   0.3284685872   0.3620143711   0.395334477   0.4281960811   0.4604437508   0.4919873315   0.5227878166   0.5528437184   0.5821793013   0.6108351725   0.6388611881   0.6663113721   0.6932404495   0.7197016063   0.7457451432   0.7714177536   0.7967622252   0.8218174158   0.8466183983   0.8711967021   0.8955806029   0.919795429   0.9438638632   0.9678062304   0.9916407631   1.015383843   1.039050217   1.06265319   1.086204794   1.109715937   1.133196535   1.156655627   1.180101469   1.203541627   1.226983053   1.250432146   1.273894815   1.297376527   1.320882352   1.344417004   1.367984871   1.391590052   1.415236378   1.438927436   1.462666595   1.486457021   1.510301692   1.53420342   1.558164856   1.582188509   1.606276753   1.630431838   1.654655898   1.678950964   1.703318963   1.727761732   1.75228102   1.776878497   1.801555755   1.826314316   1.851155636   1.876081107   1.901092063   1.926189782   1.951375491   1.976650366   2.002015537   2.027472089   2.053021068   2.078663477   2.104400284   2.13023242   2.156160783   2.182186239   2.208309623   2.234531741   2.260853371   2.287275267   2.313798154   2.340422736   2.367149693   2.393979683   2.420913344   2.447951292   2.475094127   2.502342427   2.529696756   2.557157659   2.584725664   2.612401287   2.640185025   2.668077365   2.696078775   2.724189716   2.752410631   2.780741953   2.809184105   2.837737495   2.866402523   2.895179577   2.924069035   2.953071267   2.982186631   3.011415479   3.04075815   3.070214978   3.099786288   3.129472397   3.159273614   3.18919024   3.219222571   
22.07035176   1.189955499e-10   1.533702512e-10   1.976749045e-10   2.54778013e-10   3.283767157e-10   4.232361581e-10   5.454980118e-10   7.030781165e-10   9.061789908e-10   1.167950394e-09   1.505340707e-09   1.940194254e-09   2.500665614e-09   3.223042485e-09   4.154095132e-09   5.354104525e-09   6.900765227e-09   8.894215728e-09   1.14635219e-08   1.477503336e-08   1.904315376e-08   2.454422237e-08   3.163440555e-08   4.07727568e-08   5.255093805e-08   6.773152671e-08   8.72973886e-08   1.125153133e-07   1.450180321e-07   1.869099282e-07   2.409032842e-07   3.104938869e-07   4.001873584e-07   5.157908681e-07   6.647891091e-07   8.568288804e-07   1.104343646e-06   1.423358501e-06   1.834527652e-06   2.364471569e-06   3.047500351e-06   3.927834843e-06   5.062469231e-06   6.524860326e-06   8.409682198e-06   1.083895363e-05   1.396993455e-05   1.800530175e-05   2.320626099e-05   2.990944204e-05   3.854866573e-05   4.968298533e-05   6.403280534e-05   8.252639605e-05   0.0001063597819   0.000137073825   0.0001766534025   0.0002276549448   0.0002933703372   0.0003780373757   0.0004871097013   0.0006276025341   0.0008085346763   0.001041492244   0.001341345417   0.001727156062   0.002223320959   0.002861001753   0.003679897027   0.004730411225   0.006076264851   0.007797563133   0.009994285183   0.01279005785   0.01633591992   0.02081354569   0.02643707598   0.03345232145   0.04213173993   0.05276341866   0.06563259037   0.08099530365   0.09904594614   0.1198831519   0.1434812923   0.1696757599   0.1981682685   0.2285533617   0.2603610423   0.2931057879   0.3263313154   0.3596433016   0.3927269928   0.4253509483   0.4573606954   0.488666678   0.5192302007   0.5490498735   0.5781499097   0.6065707671   0.6343620947   0.6615776795   0.6882719996   0.7144979972   0.7403057401   0.7657417042   0.7908484775   0.8156647362   0.8402253895   0.86456182   0.8887021719   0.9126716562   0.9364928513   0.9601859887   0.9837692179   1.007258846   1.030669554   1.054014586   1.07730592   1.100554418   1.123769952   1.146961518   1.17013734   1.19330495   1.216471269   1.23964267   1.262825036   1.286023811   1.309244045   1.33249043   1.355767339   1.379078851   1.402428781   1.425820704   1.449257974   1.472743743   1.496280979   1.51987248   1.543520889   1.567228703   1.590998287   1.614831882   1.638731615   1.662699506   1.686737476   1.710847356   1.735030886   1.75928973   1.783625474   1.808039635   1.832533661   1.85710894   1.881766802   1.906508518   1.93133531   1.956248351   1.981248766   2.006337636   2.031516002   2.056784864   2.082145186   2.107597896   2.133143888   2.158784024   2.184519136   2.210350028   2.236277474   2.262302225   2.288425004   2.314646512   2.340967426   2.367388402   2.393910075   2.420533059   2.447257951   2.474085328   2.501015751   2.528049763   2.55518789   2.582430646   2.609778527   2.637232016   2.664791581   2.69245768   2.720230756   2.748111239   2.77609955   2.804196097   2.832401277   2.860715477   2.889139074   2.917672436   2.94631592   2.975069876   3.003934642   3.032910552   3.061997927   3.091197085   3.120508333   3.149931972   
22.3241206   9.175742631e-11   1.182637463e-10   1.524270487e-10   1.964592355e-10   2.53211169e-10   3.263572515e-10   4.206333236e-10   5.421432865e-10   6.987542988e-10   9.006061353e-10   1.160767686e-09   1.496083103e-09   1.928262371e-09   2.485286921e-09   3.20322129e-09   4.128548112e-09   5.32117764e-09   6.858326627e-09   8.839517727e-09   1.139302308e-08   1.468416927e-08   1.892604142e-08   2.439327933e-08   3.143985903e-08   4.052201088e-08   5.22277582e-08   6.731498867e-08   8.676052365e-08   1.118233622e-07   1.441261944e-07   1.857604621e-07   2.394217676e-07   3.085843992e-07   3.977262702e-07   5.126188368e-07   6.607007624e-07   8.515595197e-07   1.097552109e-06   1.414605073e-06   1.823245599e-06   2.349930445e-06   3.028758708e-06   3.90367928e-06   5.031335842e-06   6.484733457e-06   8.357963961e-06   1.077229574e-05   1.388402159e-05   1.789457184e-05   2.30635459e-05   2.972550326e-05   3.831159678e-05   4.937744155e-05   6.363901154e-05   8.201886811e-05   0.0001057056799   0.0001362308324   0.0001755669949   0.0002262548742   0.0002915661082   0.000375712426   0.0004841139212   0.0006237426574   0.0008035619496   0.001035086622   0.001333095344   0.001716532648   0.002209645104   0.002843402432   0.003657258603   0.004701307302   0.00603887589   0.007749574876   0.009932765127   0.01271130773   0.0162353038   0.02068529638   0.02627408738   0.03324594172   0.04187158995   0.05243727073   0.0652263515   0.08049315062   0.09843065087   0.11913661   0.1425852269   0.1686125244   0.196921635   0.2271091721   0.2587076267   0.2912341082   0.3242348526   0.357317752   0.390169855   0.4225610802   0.4543378975   0.4854113381   0.5157430115   0.5453316227   0.574201333   0.6023924526   0.6299544257   0.6569408054   0.6834058262   0.7094021899   0.7349797343   0.7601847211   0.7850595413   0.8096426922   0.8339689214   0.8580694666   0.8819723428   0.9057026451   0.9292828489   0.9527330939   0.9760714474   0.9993141434   1.022475797   1.045569593   1.068607459   1.091600206   1.114557664   1.137488791   1.160401774   1.183304114   1.206202703   1.229103886   1.252013521   1.27493703   1.297879441   1.320845428   1.343839344   1.366865254   1.389926956   1.413028009   1.436171755   1.459361333   1.4825997   1.505889641   1.52923379   1.552634633   1.576094526   1.599615702   1.623200278   1.646850267   1.670567583   1.694354048   1.718211398   1.742141288   1.766145299   1.790224941   1.814381658   1.838616832   1.862931787   1.88732779   1.911806059   1.936367761   1.961014017   1.985745905   2.01056446   2.03547068   2.060465525   2.085549918   2.110724751   2.135990882   2.161349141   2.186800328   2.212345215   2.237984548   2.263719049   2.289549415   2.315476322   2.341500423   2.367622349   2.393842715   2.420162113   2.446581118   2.47310029   2.499720169   2.52644128   2.553264133   2.580189225   2.607217034   2.63434803   2.661582666   2.688921384   2.716364614   2.743912774   2.77156627   2.799325498   2.827190844   2.855162684   2.883241383   2.911427298   2.939720776   2.968122156   2.996631768   3.025249935   3.053976972   3.082813184   
22.57788945   7.075941127e-11   9.119995406e-11   1.175452349e-10   1.515009782e-10   1.952656474e-10   2.516727846e-10   3.24374468e-10   4.180777658e-10   5.388494949e-10   6.94509017e-10   8.951345027e-10   1.153715442e-09   1.48699365e-09   1.916547213e-09   2.470187561e-09   3.183760119e-09   4.103465118e-09   5.288848825e-09   6.816658863e-09   8.785813236e-09   1.132380476e-08   1.45949556e-08   1.881105626e-08   2.424507796e-08   3.124884616e-08   4.02758194e-08   5.191044845e-08   6.690601645e-08   8.623341008e-08   1.111439793e-07   1.432505557e-07   1.846318743e-07   2.379671606e-07   3.067095946e-07   3.953098841e-07   5.095044209e-07   6.566866746e-07   8.463858694e-07   1.09088393e-06   1.406010639e-06   1.812168469e-06   2.335653439e-06   3.010357479e-06   3.879962468e-06   5.000767947e-06   6.445335436e-06   8.307185112e-06   1.070684859e-05   1.379966911e-05   1.778585319e-05   2.292342303e-05   2.954490547e-05   3.807883386e-05   4.907744755e-05   6.325237048e-05   8.152055875e-05   0.0001050634589   0.0001354031517   0.0001745003205   0.0002248802344   0.0002897946513   0.000373429707   0.0004811725573   0.0006199528934   0.0007986795513   0.00102879736   0.001324995138   0.001706102221   0.002196217697   0.002826122852   0.003635031496   0.004672732215   0.006002166383   0.007702458813   0.009872363411   0.0126339895   0.01613651769   0.02055938056   0.02611406577   0.03304332114   0.04161618212   0.05211707364   0.06482753351   0.08000018385   0.09782663144   0.1184037781   0.1417056586   0.1675689209   0.1956980973   0.2256918404   0.2570850909   0.2893975481   0.3221779263   0.3550362962   0.3876614722   0.4198247284   0.4513734412   0.4822192244   0.5123239865   0.5416865244   0.5703309475   0.5982974196   0.6256351824   0.6523975582   0.6786385412   0.7044105956   0.7297633328   0.7547428031   0.7793912032   0.8037468539   0.8278443437   0.8517147674   0.8753860122   0.8988830594   0.9222282827   0.9454417311   0.968541391   0.991543424   1.01446238   1.037311388   1.06010232   1.082845943   1.105552043   1.128229539   1.150886585   1.173530649   1.196168594   1.218806737   1.241450914   1.264106524   1.286778573   1.309471717   1.332190291   1.354938342   1.377719655   1.400537774   1.423396026   1.446297539   1.469245258   1.492241957   1.515290259   1.538392641   1.56155145   1.584768909   1.608047127   1.631388111   1.654793765   1.678265905   1.70180626   1.72541648   1.749098138   1.77285274   1.796681723   1.820586465   1.844568283   1.868628442   1.892768152   1.916988578   1.941290836   1.965676   1.990145101   2.014699133   2.039339052   2.064065779   2.088880202   2.113783175   2.138775525   2.16385805   2.189031517   2.214296672   2.239654232   2.265104893   2.290649327   2.316288185   2.342022097   2.367851674   2.393777506   2.419800167   2.445920212   2.472138182   2.4984546   2.524869973   2.551384795   2.577999545   2.604714688   2.631530678   2.658447954   2.685466945   2.712588066   2.739811723   2.767138311   2.794568213   2.822101804   2.849739448   2.8774815   2.905328307   2.933280206   2.961337525   2.989500587   3.017769705   
22.83165829   5.457062241e-11   7.03346476e-11   9.065248728e-11   1.168396193e-10   1.505915287e-10   1.940934817e-10   2.501620109e-10   3.224272714e-10   4.15568075e-10   5.356148201e-10   6.903399292e-10   8.897610745e-10   1.146789771e-09   1.478067334e-09   1.905042317e-09   2.455359202e-09   3.164648236e-09   4.078832312e-09   5.257100245e-09   6.77573895e-09   8.73307263e-09   1.125582878e-08   1.450734313e-08   1.869813483e-08   2.40995365e-08   3.106126158e-08   4.003404655e-08   5.159883375e-08   6.650438444e-08   8.57157571e-08   1.1047679e-07   1.423906329e-07   1.835235424e-07   2.365386608e-07   3.048684389e-07   3.929368672e-07   5.064459023e-07   6.527446314e-07   8.413050754e-07   1.084335432e-06   1.397570457e-06   1.80129015e-06   2.321632676e-06   2.992286514e-06   3.856671324e-06   4.970748682e-06   6.406644527e-06   8.257317638e-06   1.064257608e-05   1.371683058e-05   1.767908582e-05   2.278581508e-05   2.936754905e-05   3.785024856e-05   4.878283784e-05   6.287266886e-05   8.103119307e-05   0.0001044327644   0.0001345903263   0.000173452791   0.0002235302669   0.000288054989   0.0003711879593   0.0004782839868   0.0006162311513   0.0007938847877   0.001022620986   0.00131704033   0.001695859023   0.002183031327   0.002809153477   0.003613203439   0.004644670188   0.005966116061   0.007656188922   0.009813046663   0.01255806041   0.01603950696   0.02043572854   0.02595692249   0.03284434731   0.04136537458   0.05180264922   0.064435914   0.07951612765   0.09723354892   0.1176842432   0.1408420895   0.1665443555   0.1944969547   0.224300549   0.2554924914   0.2875950302   0.3201593183   0.3527975696   0.3852003479   0.4171402204   0.4484654938   0.4790883408   0.5089709623   0.5381122451   0.566536246   0.5942829837   0.6214015002   0.6479448895   0.6739669086   0.6995197877   0.7246529146   0.7494121311   0.7738394423   0.7979729949   0.8218472203   0.8454930727   0.8689383133   0.8922078109   0.9153238389   0.9383063569   0.9611732717   0.9839406735   1.006623049   1.029233468   1.051783753   1.074284623   1.096745824   1.119176237   1.141583979   1.163976489   1.186360599   1.208742604   1.231128312   1.2535231   1.275931956   1.298359515   1.320810095   1.343287727   1.36579618   1.388338986   1.410919457   1.433540709   1.456205674   1.478917118   1.501677651   1.524489743   1.547355729   1.570277824   1.593258132   1.616298648   1.639401272   1.662567811   1.685799988   1.709099447   1.732467755   1.755906411   1.779416848   1.803000438   1.826658493   1.850392274   1.874202986   1.89809179   1.922059797   1.946108077   1.970237658   1.994449529   2.018744644   2.04312392   2.06758824   2.092138457   2.116775394   2.141499846   2.166312578   2.191214331   2.216205822   2.241287743   2.266460764   2.291725533   2.317082678   2.342532806   2.368076508   2.393714355   2.419446899   2.445274679   2.471198215   2.497218015   2.523334569   2.549548354   2.575859835   2.602269463   2.628777677   2.655384901   2.682091552   2.708898033   2.735804737   2.762812047   2.789920335   2.817129965   2.84444129   2.871854655   2.899370397   2.926988843   2.954710314   
23.08542714   4.208860824e-11   5.424690608e-11   6.991741811e-11   9.01147311e-11   1.161465194e-10   1.496982104e-10   1.929421071e-10   2.486780343e-10   3.205146128e-10   4.131028994e-10   5.324375197e-10   6.862447899e-10   8.844829565e-10   1.139986943e-09   1.469299347e-09   1.893741488e-09   2.440793859e-09   3.145875346e-09   4.054636425e-09   5.2259148e-09   6.735544845e-09   8.681267501e-09   1.11890585e-08   1.442128467e-08   1.858721634e-08   2.395657655e-08   3.087700425e-08   3.97965621e-08   5.129274627e-08   6.61098763e-08   8.52072859e-08   1.098214348e-07   1.415459628e-07   1.824348694e-07   2.351354988e-07   3.030599403e-07   3.906059412e-07   5.034416336e-07   6.488725095e-07   8.36314401e-07   1.077903086e-06   1.389279981e-06   1.790604783e-06   2.307860604e-06   2.97453608e-06   3.833793302e-06   4.941261879e-06   6.368639892e-06   8.208334681e-06   1.05794436e-05   1.363546139e-05   1.757421222e-05   2.265064794e-05   2.919333846e-05   3.762571777e-05   4.849345374e-05   6.249970217e-05   8.055050748e-05   0.000103813257   0.0001337919184   0.0001724238422   0.0002222042447   0.0002863461845   0.0003689859754   0.0004754466538   0.0006125754262   0.0007891750758   0.001016554174   0.001309226634   0.001685797538   0.00217007889   0.002792485162   0.003591762667   0.004617106094   0.005930705486   0.007610740249   0.009754782882   0.0124834795   0.01594421922   0.02031427349   0.02580257256   0.0326489125   0.04111903132   0.05149382665   0.06405127974   0.07904071774   0.09665107846   0.1169776098   0.1399940425   0.1655382589   0.1933175355   0.2229345145   0.2539289243   0.2858255225   0.3181778622   0.3506002655   0.3827850103   0.4145059555   0.4456123017   0.4760167772   0.5056818697   0.5346065528   0.5628148307   0.5903465787   0.6172506407   0.6435798859   0.6693878369   0.6947264928   0.7196450212   0.7441890579   0.7684004192   0.79231708   0.8159733169   0.8393999452   0.8626246017   0.8856720446   0.9085644483   0.9313216842   0.9539615803   0.9765001565   0.9989518362   1.021329634   1.04364532   1.065909569   1.088132084   1.110321709   1.132486529   1.154633949   1.176770775   1.198903274   1.221037232   1.243178004   1.265330557   1.287499508   1.309689157   1.33190352   1.35414635   1.376421165   1.398731265   1.421079752   1.443469549   1.46590341   1.488383935   1.510913583   1.533494682   1.556129438   1.578819947   1.601568196   1.624376077   1.647245392   1.670177857   1.693175107   1.716238707   1.739370149   1.76257086   1.785842208   1.809185499   1.832601989   1.85609288   1.879659326   1.903302437   1.927023277   1.950822871   1.974702205   1.998662228   2.022703854   2.046827963   2.071035405   2.095327   2.119703539   2.144165785   2.168714477   2.193350328   2.218074028   2.242886245   2.267787624   2.292778791   2.317860351   2.343032892   2.368296982   2.393653174   2.419102003   2.444643988   2.470279634   2.496009429   2.52183385   2.54775336   2.573768406   2.599879427   2.626086847   2.652391079   2.678792525   2.705291578   2.731888617   2.758584016   2.785378135   2.812271326   2.839263934   2.866356294   2.893548732   
23.33919598   3.246388287e-11   4.184184935e-11   5.392886501e-11   6.950750329e-11   8.958640262e-11   1.154655707e-10   1.488205534e-10   1.918109179e-10   2.472200742e-10   3.18635486e-10   4.106809421e-10   5.293159224e-10   6.822214448e-10   8.792973722e-10   1.133303379e-09   1.460685076e-09   1.88263878e-09   2.426483869e-09   3.127431574e-09   4.03086473e-09   5.195276084e-09   6.696055406e-09   8.630370596e-09   1.112345881e-08   1.433673495e-08   1.847824241e-08   2.381612291e-08   3.069597723e-08   3.956324112e-08   5.099202497e-08   6.57222845e-08   8.4707729e-08   1.09177569e-07   1.407161011e-07   1.813652824e-07   2.337569363e-07   3.012831475e-07   3.8831588e-07   5.004900344e-07   6.450682719e-07   8.31411221e-07   1.071583509e-06   1.38113485e-06   1.780106747e-06   2.294329978e-06   2.957096838e-06   3.811316368e-06   4.912292026e-06   6.331301538e-06   8.160210471e-06   1.051741793e-05   1.355551873e-05   1.747117722e-05   2.251785048e-05   2.902218207e-05   3.740512336e-05   4.820914302e-05   6.213327419e-05   8.007824911e-05   0.0001032046105   0.000133007508   0.0001714129327   0.0002209014702   0.0002846673386   0.0003668225969   0.0004726590657   0.0006089837948   0.0007845479377   0.001010593731   0.001301549939   0.001675912471   0.002157353568   0.002776109135   0.003570697895   0.004590025424   0.005895916015   0.007566088857   0.009697541372   0.01241020744   0.01585060422   0.02019495132   0.02565093444   0.03245691335   0.04087702187   0.05119044211   0.06367342623   0.07857370068   0.09607890849   0.1162834982   0.13916106   0.1645500854   0.192159196   0.221592986   0.2523935232   0.2840880362   0.3162324401   0.3484431319   0.3804140759   0.4119204007   0.442812186   0.4730027055   0.502454728   0.5311673117   0.5591644079   0.5864857495   0.6131799852   0.6392997615   0.6648983701   0.690027582   0.7147363472   0.7390700985   0.7630704659   0.7867752549   0.8102185893   0.8334311473   0.8564404433   0.8792711261   0.9019452723   0.9244826667   0.9469010594   0.9692164009   0.9914430526   1.013593973   1.035680883   1.057714411   1.07970422   1.101659118   1.123587154   1.145495705   1.167391547   1.189280922   1.211169594   1.233062895   1.254965772   1.276882823   1.298818334   1.320776301   1.342760465   1.364774329   1.386821181   1.408904112   1.43102603   1.453189681   1.475397655   1.497652402   1.519956239   1.542311367   1.56471987   1.58718373   1.609704832   1.632284971   1.654925855   1.677629115   1.700396309   1.723228923   1.74612838   1.769096041   1.79213321   1.815241135   1.838421017   1.861674004   1.885001201   1.908403669   1.93188243   1.955438466   1.979072721   2.002786106   2.0265795   2.050453749   2.074409669   2.098448048   2.122569647   2.146775202   2.171065424   2.195441   2.219902595   2.244450852   2.269086395   2.293809827   2.318621734   2.343522681   2.36851322   2.393593882   2.418765187   2.444027636   2.469381716   2.494827903   2.520366657   2.545998425   2.571723642   2.597542732   2.623456106   2.649464167   2.675567302   2.701765893   2.728060309   2.754450911   2.78093805   2.807522068   2.834203299   
23.59296482   2.504182083e-11   3.227574776e-11   4.159936692e-11   5.361633575e-11   6.91046925e-11   8.906723033e-11   1.147964231e-10   1.479581065e-10   1.906993328e-10   2.457873812e-10   3.167889255e-10   4.083009586e-10   5.262484239e-10   6.782678262e-10   8.742016567e-10   1.126735645e-09   1.452220095e-09   1.871728487e-09   2.412421878e-09   3.109307442e-09   4.00750501e-09   5.165168353e-09   6.657250339e-09   8.58035576e-09   1.1058996e-08   1.425365051e-08   1.837115706e-08   2.367810341e-08   3.05180875e-08   3.933396371e-08   5.069651532e-08   6.534140986e-08   8.421682966e-08   1.085448617e-07   1.399006213e-07   1.80314232e-07   2.324022651e-07   2.995371475e-07   3.860655067e-07   4.97589588e-07   6.413299637e-07   8.265930155e-07   1.065373454e-06   1.373130879e-06   1.769790648e-06   2.281033845e-06   2.939959828e-06   3.78922897e-06   4.883824235e-06   6.294610276e-06   8.112920279e-06   1.045646719e-05   1.347696151e-05   1.736992786e-05   2.238735448e-05   2.88539919e-05   3.718835198e-05   4.792975956e-05   6.177319663e-05   7.961417527e-05   0.0001026065123   0.000132236692   0.0001704195429   0.0002196212737   0.0002830175886   0.0003646967119   0.0004699197896   0.0006054544113   0.0007800009954   0.001004736594   0.001294006299   0.001666198739   0.002144848822   0.002760016976   0.003549998292   0.00456341425   0.005861729751   0.007522211773   0.009641292671   0.01233820652   0.01575861372   0.02007770051   0.02550192988   0.03226825068   0.04063922105   0.05089233836   0.06330215721   0.07811483325   0.09551674006   0.1156015445   0.138342703   0.1635793114   0.1910213188   0.2202752431   0.2508854574   0.282381623   0.3143219807   0.3463249692   0.3780862121   0.4093820871   0.4400635381   0.4700443745   0.4992876407   0.527792477   0.5555827817   0.5826981468   0.6091870276   0.6351018512   0.6604956809   0.6854200628   0.7099237319   0.7340519211   0.7578460763   0.7813438358   0.8045791729   0.8275826304   0.850381602   0.8730006283   0.8954616901   0.9177844859   0.9399866894   0.9620841828   0.9840912658   1.006020842   1.027884584   1.049693074   1.071455935   1.093181938   1.114879101   1.136554769   1.158215692   1.179868086   1.201517691   1.223169818   1.244829396   1.266501003   1.288188908   1.309897093   1.331629283   1.353388968   1.375179423   1.397003726   1.418864777   1.440765309   1.462707903   1.484694999   1.506728907   1.528811817   1.550945807   1.573132852   1.595374828   1.617673525   1.640030644   1.662447811   1.684926576   1.707468422   1.730074765   1.752746962   1.775486311   1.798294058   1.821171395   1.844119471   1.867139383   1.890232192   1.913398912   1.936640523   1.959957968   1.983352152   2.006823951   2.030374208   2.054003737   2.077713323   2.101503724   2.125375673   2.149329879   2.173367025   2.197487776   2.221692771   2.245982632   2.27035796   2.294819339   2.319367332   2.344002489   2.368725339   2.3935364   2.418436171   2.443425138   2.468503775   2.49367254   2.518931878   2.544282223   2.569723998   2.595257613   2.620883466   2.646601947   2.672413434   2.698318296   2.724316892   2.750409572   2.776596676   
23.84673367   1.931791343e-11   2.489835325e-11   3.209083614e-11   4.136103918e-11   5.330916136e-11   6.870878346e-11   8.855695352e-11   1.141387407e-10   1.471104369e-10   1.896067935e-10   2.443792359e-10   3.149740039e-10   4.059617536e-10   5.232334837e-10   6.743819487e-10   8.691932509e-10   1.120280442e-09   1.443900152e-09   1.861005131e-09   2.398600824e-09   3.091493848e-09   3.984545535e-09   5.135576486e-09   6.619110156e-09   8.531197876e-09   1.099563769e-08   1.417198965e-08   1.826590651e-08   2.354244872e-08   3.034324573e-08   3.910861473e-08   5.040606893e-08   6.496706111e-08   8.373434137e-08   1.079229952e-07   1.390991139e-07   1.792811902e-07   2.310708047e-07   2.978210633e-07   3.838536912e-07   4.947388376e-07   6.376557074e-07   8.21857365e-07   1.059269802e-06   1.365264047e-06   1.759651304e-06   2.267965526e-06   2.923116442e-06   3.767520017e-06   4.85584421e-06   6.258547681e-06   8.066440355e-06   1.039656079e-05   1.33997503e-05   1.727041332e-05   2.225909439e-05   2.868868351e-05   3.697529476e-05   4.765516306e-05   6.141928865e-05   7.91580529e-05   0.0001020186619   0.0001314790832   0.0001694431742   0.0002183630125   0.0002813961061   0.0003626072528   0.00046722745   0.000601985503   0.000775531965   0.0009989798215   0.001286591925   0.001656651465   0.002132558368   0.002744200601   0.003529653457   0.0045372592   0.005828129511   0.007479086937   0.009586008489   0.0122674405   0.01566820142   0.01996246199   0.02535548375   0.03208282925   0.04040550864   0.05059936443   0.06293728427   0.07766388195   0.09496428619   0.1149313992   0.1375385503   0.1626254344   0.189903311   0.2189805949   0.2494039299   0.2807053735   0.3124454561   0.3442446266   0.3758001414   0.4068896068   0.4373648163   0.4671401062   0.4961787906   0.5244800899   0.5520678492   0.5789815209   0.6052693691   0.6309836039   0.6561770635   0.6809010716   0.7052041516   0.7291313386   0.7527238969   0.7760193001   0.7990513727   0.8218505241   0.8444440287   0.8668563207   0.8891092858   0.911222538   0.9332136752   0.955098512   0.9768912878   0.998604852   1.020250827   1.041839754   1.063381214   1.084883943   1.106355925   1.127804476   1.14923632   1.170657646   1.192074172   1.213491188   1.234913604   1.25634598   1.277792567   1.299257334   1.32074399   1.342256011   1.363796661   1.385369006   1.406975934   1.428620168   1.45030428   1.472030699   1.493801729   1.51561955   1.537486233   1.559403746   1.581373957   1.603398649   1.625479519   1.647618185   1.669816192   1.692075018   1.714396073   1.736780709   1.759230221   1.781745848   1.80432878   1.826980159   1.849701082   1.872492602   1.895355732   1.918291448   1.941300688   1.964384357   1.987543325   2.010778434   2.034090493   2.057480285   2.080948565   2.104496065   2.128123489   2.151831521   2.175620819   2.199492024   2.223445754   2.247482607   2.271603166   2.295807993   2.320097633   2.344472616   2.368933456   2.393480652   2.418114688   2.442836036   2.467645151   2.492542478   2.517528451   2.542603488   2.567767998   2.593022381   2.618367022   2.6438023   2.669328581   2.694946223   2.720655575   
24.10050251   1.490331041e-11   1.920848691e-11   2.475731626e-11   3.190905726e-11   4.112674914e-11   5.300719105e-11   6.831958183e-11   8.805532172e-11   1.134922006e-10   1.462771282e-10   1.885327639e-10   2.429949471e-10   3.131898303e-10   4.036621789e-10   5.202696221e-10   6.705619051e-10   8.642696965e-10   1.113934601e-09   1.435721165e-09   1.850463448e-09   2.385013925e-09   3.073982048e-09   3.961975035e-09   5.106485959e-09   6.581616137e-09   8.482872816e-09   1.093335278e-08   1.409171226e-08   1.816243909e-08   2.340909227e-08   3.01713661e-08   3.888708357e-08   5.012054321e-08   6.45990545e-08   8.326002731e-08   1.073116643e-07   1.383111855e-07   1.7826565e-07   2.297619016e-07   2.961340527e-07   3.816793478e-07   4.919363841e-07   6.340436997e-07   8.17201945e-07   1.053269556e-06   1.357530493e-06   1.749683739e-06   2.255118609e-06   2.906558414e-06   3.746178853e-06   4.828338217e-06   6.223096052e-06   8.020747886e-06   1.033766931e-05   1.332384718e-05   1.717258473e-05   2.213300727e-05   2.852617574e-05   3.676584712e-05   4.738521875e-05   6.107137654e-05   7.870965812e-05   0.0001014407709   0.0001307343099   0.0001684833471   0.0002171260689   0.000279802095   0.0003605531939   0.0004645807252   0.0005985753672   0.0007711386529   0.0009933205866   0.001279303176   0.001647265961   0.002120476173   0.002728652243   0.003509653398   0.004511547425   0.005795098789   0.007436693156   0.00953166165   0.01219787458   0.01557932283   0.01984917902   0.02521152388   0.03190055758   0.04017576917   0.05031137535   0.06257862644   0.07722062253   0.09442127127   0.1142727266   0.1367481973   0.161687972   0.1888046039   0.2177083779   0.2479481756   0.2790584147   0.3106018804   0.3422010004   0.3735546382   0.4044416092   0.4347145425   0.4642882917   0.493126436   0.5212282732   0.5486175953   0.5753337163   0.6014247114   0.6269425764   0.6519399268   0.6764678673   0.7005747119   0.7243053006   0.7477007189   0.7707982774   0.793631654   0.8162311265   0.8386238514   0.8608341579   0.8828838379   0.9047924219   0.9265774332   0.9482546197   0.9698381611   0.9913408531   1.012774271   1.03414891   1.055474314   1.076759183   1.098011469   1.119238459   1.140446848   1.161642803   1.182832018   1.204019763   1.225210927   1.246410055   1.267621381   1.288848856   1.310096178   1.331366808   1.352663998   1.373990803   1.3953501   1.416744601   1.438176869   1.459649325   1.481164261   1.502723853   1.524330162   1.545985149   1.567690677   1.58944852   1.61126037   1.633127838   1.655052466   1.677035723   1.699079018   1.721183695   1.743351045   1.765582303   1.787878655   1.810241239   1.832671146   1.855169428   1.877737093   1.900375114   1.923084425   1.945865928   1.968720491   1.991648951   2.014652115   2.037730764   2.060885651   2.084117502   2.107427022   2.130814891   2.154281765   2.177828282   2.201455059   2.225162692   2.24895176   2.272822824   2.296776429   2.320813101   2.344933352   2.369137681   2.393426569   2.417800486   2.442259886   2.466805214   2.491436898   2.51615536   2.540961004   2.565854229   2.590835421   2.615904954   2.641063195   2.666310501   
24.35427136   1.149827974e-11   1.481983195e-11   1.91008937e-11   2.46186422e-11   3.173032388e-11   4.089638436e-11   5.271027992e-11   6.793690084e-11   8.756209421e-11   1.128564925e-10   1.454577808e-10   1.874767283e-10   2.416338506e-10   3.114355486e-10   4.014011311e-10   5.173554168e-10   6.66805862e-10   8.594286309e-10   1.107695078e-09   1.427679207e-09   1.840098379e-09   2.371654658e-09   3.056763639e-09   3.939782678e-09   5.077882811e-09   6.544750288e-09   8.435357388e-09   1.087211139e-08   1.401277983e-08   1.806070515e-08   2.327797006e-08   3.000236611e-08   3.866926391e-08   4.983980117e-08   6.423721344e-08   8.279365985e-08   1.067105755e-07   1.375364579e-07   1.77267124e-07   2.284749278e-07   2.944753061e-07   3.795414332e-07   4.891808826e-07   6.304922072e-07   8.126245213e-07   1.047369838e-06   1.349926507e-06   1.73988317e-06   2.242486928e-06   2.890277797e-06   3.725195236e-06   4.801293057e-06   6.188238375e-06   7.975820944e-06   1.027976448e-05   1.324921574e-05   1.707639515e-05   2.20090326e-05   2.836639062e-05   3.655990856e-05   4.711979706e-05   6.072929334e-05   7.826877574e-05   0.0001008725618   0.0001300020145   0.000167539601   0.0002159098493   0.0002782347904   0.0003585335495   0.0004619783449   0.0005952223671   0.0007668189503   0.0009877561735   0.001272136555   0.001638037721   0.002108596436   0.002713364438   0.003489988512   0.004486266579   0.005762621718   0.007395010061   0.009478226034   0.01212947532   0.01549193519   0.01973779706   0.0250699809   0.03172134775   0.03994989168   0.05002823176   0.0622260098   0.07678483951   0.09388743047   0.1136252043   0.1359712553   0.1607664607   0.187724651   0.216457955   0.2465174599   0.2774399085   0.3087903068   0.3401930309   0.3713485265   0.4020367986   0.4321112984   0.4614873879   0.4901289063   0.5180352268   0.5452300883   0.5717526672   0.5976508523   0.6229764276   0.6477817887   0.6721178238   0.6960326406   0.7195708865   0.7427734701   0.7656775416   0.7883166339   0.8107208948   0.8329173649   0.8549302694   0.876781308   0.8984899284   0.9200735804   0.9415479459   0.9629271459   0.9842239231   1.005449805   1.026615244   1.047729747   1.068801977   1.089839854   1.110850636   1.131840993   1.152817066   1.173784528   1.194748628   1.215714236   1.236685879   1.257667775   1.278663861   1.29967782   1.320713101   1.341772943   1.362860388   1.383978305   1.405129394   1.426316209   1.447541163   1.468806539   1.490114505   1.511467114   1.53286632   1.554313979   1.57581186   1.597361647   1.618964947   1.640623295   1.662338156   1.684110932   1.705942964   1.727835538   1.749789884   1.771807185   1.793888573   1.816035138   1.838247925   1.860527941   1.882876154   1.905293495   1.927780864   1.950339124   1.97296911   1.995671627   2.018447453   2.041297336   2.064222004   2.087222155   2.110298468   2.133451598   2.156682181   2.179990829   2.203378138   2.226844686   2.25039103   2.274017713   2.297725261   2.321514184   2.345384977   2.369338121   2.393374084   2.417493319   2.441696268   2.465983361   2.490355013   2.514811632   2.539353612   2.563981339   2.588695185   2.613495518   
24.6080402   8.871763924e-12   1.143458443e-11   1.473773673e-11   1.899508332e-11   2.448226597e-11   3.155455213e-11   4.066983675e-11   5.241828863e-11   6.756056091e-11   8.707703951e-11   1.122313182e-10   1.4465201e-10   1.864381914e-10   2.402953075e-10   3.097103355e-10   3.99177549e-10   5.144895e-10   6.631120568e-10   8.54667782e-10   1.101558945e-09   1.419770505e-09   1.82990506e-09   2.358516756e-09   3.039830541e-09   3.91795805e-09   5.049753619e-09   6.508495309e-09   8.388629294e-09   1.081188477e-08   1.393515532e-08   1.796065695e-08   2.314902056e-08   2.983616647e-08   3.845505355e-08   4.956371104e-08   6.388136811e-08   8.233502013e-08   1.061194468e-07   1.367745677e-07   1.762851437e-07   2.272092792e-07   2.92844045e-07   3.774389439e-07   4.8647104e-07   6.269995632e-07   8.081229459e-07   1.041567879e-06   1.342448519e-06   1.730244996e-06   2.230064554e-06   2.874266951e-06   3.70455932e-06   4.774696037e-06   6.153958294e-06   7.931638444e-06   1.022281915e-05   1.317582094e-05   1.698179944e-05   2.18871122e-05   2.820925316e-05   3.635738242e-05   4.685877345e-05   6.039287851e-05   7.783519886e-05   0.0001003137682   0.0001292818534   0.0001666114931   0.0002147137829   0.0002766934567   0.0003565473718   0.0004594190879   0.0005919249291   0.0007625708299   0.0009822839703   0.001265088698   0.001628962413   0.00209691358   0.002698330008   0.003470649566   0.004461404789   0.005730683043   0.00735401807   0.009425676527   0.01206221055   0.0154059974   0.01962826368   0.02493078813   0.03154511523   0.03972776948   0.04974979969   0.06187926718   0.07635632571   0.09336250921   0.1129885223   0.1352073507   0.1598604551   0.186662927   0.215228714   0.2451110769   0.2758490499   0.307009826   0.3382197006   0.369180677   0.399673931   0.4295537228   0.4587359139   0.4871845988   0.5148992241   0.541903475   0.5682363925   0.5939456803   0.6190829132   0.64370027   0.6678484249   0.6915752818   0.7149252981   0.7379392079   0.7606540027   0.7831030727   0.8053164373   0.8273210224   0.8491409509   0.8707978311   0.8923110294   0.9136979227   0.9349741281   0.9561537082   0.9772493537   0.9982725449   1.019233693   1.040142264   1.061006889   1.081835456   1.102635193   1.123412745   1.144174229   1.164925296   1.185671174   1.206416715   1.227166428   1.247924517   1.268694902   1.289481252   1.310287004   1.331115384   1.351969426   1.372851983   1.39376575   1.414713269   1.435696944   1.456719052   1.47778175   1.498887086   1.520037006   1.541233359   1.562477908   1.583772332   1.605118231   1.626517134   1.647970502   1.669479731   1.691046159   1.712671066   1.734355678   1.756101173   1.777908681   1.799779286   1.821714031   1.843713919   1.865779914   1.887912945   1.910113906   1.932383661   1.954723039   1.977132844   1.99961385   2.022166804   2.044792429   2.067491424   2.090264462   2.113112199   2.136035265   2.159034274   2.182109818   2.205262472   2.228492793   2.251801321   2.27518858   2.298655079   2.322201311   2.345827756   2.369534879   2.393323132   2.417192956   2.441144778   2.465179014   2.489296069   2.513496336   2.537780199   2.56214803   
24.86180905   6.84563089e-12   8.823154567e-12   1.13719331e-11   1.465698707e-11   1.88910072e-11   2.434812498e-11   3.138166132e-11   4.04470023e-11   5.213108314e-11   6.719038926e-11   8.659993496e-11   1.116163906e-10   1.438594459e-10   1.854166763e-10   2.389787034e-10   3.080133989e-10   3.969904119e-10   5.116705562e-10   6.594787939e-10   8.499849645e-10   1.095523384e-09   1.411991428e-09   1.819878811e-09   2.345594187e-09   3.023174979e-09   3.896491133e-09   5.022085471e-09   6.472834557e-09   8.342667084e-09   1.075264528e-08   1.385880309e-08   1.786224856e-08   2.302218456e-08   2.967269088e-08   3.824435413e-08   4.929214609e-08   6.353135516e-08   8.188389762e-08   1.055380068e-07   1.36025165e-07   1.753192582e-07   2.259643749e-07   2.912395207e-07   3.753709149e-07   4.838056122e-07   6.235641643e-07   8.036951522e-07   1.035861015e-06   1.335093097e-06   1.720764795e-06   2.217845786e-06   2.858518527e-06   3.684261631e-06   4.748534948e-06   6.12024007e-06   7.888180106e-06   1.016680717e-05   1.31036291e-05   1.688875418e-05   2.17671901e-05   2.805469121e-05   3.615817574e-05   4.660202809e-05   6.006197762e-05   7.740872844e-05   9.976413329e-05   0.0001285734961   0.0001656985973   0.0002135373205   0.0002751773863   0.0003545937488   0.0004569017792   0.0005886815393   0.0007583923414   0.0009769014647   0.001258156368   0.001620035872   0.002085422241   0.002683542048   0.003451627677   0.004436950635   0.005699268091   0.007313698343   0.009373988972   0.01199604933   0.0153214699   0.01952052845   0.02479388141   0.03137177871   0.03950929995   0.04947595031   0.06153823777   0.07593488192   0.09284626268   0.1123623826   0.1344561243   0.1589695269   0.1856189272   0.2140200664   0.2437283485   0.274285065   0.3052595644   0.336280032   0.3670500049   0.3973518117   0.4270405084   0.456032448   0.484291975   0.5118186076   0.5386359776   0.5647829912   0.5903071696   0.6152598808   0.6396930891   0.6636572578   0.6872000892   0.7103658535   0.733195112   0.7557247002   0.7779878667   0.8000145048   0.8218314268   0.8434626547   0.8649297066   0.8862518684   0.9074464454   0.9285289905   0.9495135088   0.9704126394   0.9912378163   1.011999409   1.032706846   1.053368723   1.073992898   1.094586572   1.115156361   1.135708361   1.156248199   1.176781085   1.197311852   1.217844992   1.238384692   1.258934858   1.279499147   1.300080981   1.320683575   1.341309951   1.361962953   1.382645265   1.403359421   1.424107815   1.444892715   1.465716273   1.486580527   1.507487418   1.528438787   1.549436392   1.570481904   1.59157692   1.612722962   1.633921485   1.655173883   1.676481486   1.697845572   1.719267361   1.740748029   1.762288699   1.783890453   1.805554331   1.827281331   1.849072415   1.870928509   1.892850503   1.914839257   1.936895599   1.95902033   1.98121422   2.003478015   2.025812435   2.048218175   2.070695908   2.093246287   2.11586994   2.138567478   2.161339492   2.184186554   2.20710922   2.230108028   2.2531835   2.276336143   2.299566449   2.322874896   2.346261947   2.369728053   2.393273654   2.416899174   2.440605029   2.464391622   2.488259344   2.512208579   
25.11557789   5.282540151e-12   6.808527805e-12   8.775333372e-12   1.131029761e-11   1.457754671e-11   1.878861859e-11   2.421615897e-11   3.121157379e-11   4.022778093e-11   5.184853445e-11   6.682621965e-11   8.613056628e-11   1.110114336e-10   1.430797326e-10   1.844117243e-10   2.376834471e-10   3.063439769e-10   3.948387375e-10   5.088973193e-10   6.559044414e-10   8.453780751e-10   1.089585685e-09   1.404338483e-09   1.81001513e-09   2.332881147e-09   3.006789475e-09   3.875372285e-09   4.99486594e-09   6.437752015e-09   8.297450114e-09   1.069436632e-08   1.378368886e-08   1.776543579e-08   2.289740511e-08   2.951186591e-08   3.803707104e-08   4.902498434e-08   6.318701739e-08   8.14400897e-08   1.049659944e-07   1.352879132e-07   1.743690339e-07   2.247396557e-07   2.896610124e-07   3.733364173e-07   4.811834023e-07   6.201844678e-07   7.993391517e-07   1.030246683e-06   1.327856937e-06   1.711438307e-06   2.205825136e-06   2.84302545e-06   3.664293053e-06   4.722798041e-06   6.087068561e-06   7.845426411e-06   1.011170337e-05   1.30326078e-05   1.679721758e-05   2.164921246e-05   2.790263538e-05   3.596219905e-05   4.634944566e-05   5.973644205e-05   7.698917295e-05   9.922341038e-05   0.0001278766243   0.0001648005035   0.0002123799339   0.0002736858984   0.0003526718032   0.0004544252881   0.000585490741   0.0007542816078   0.000971606239   0.001251336451   0.001611254085   0.002074117256   0.002668993915   0.003432914299   0.004412893126   0.005668362739   0.007274032752   0.009323140119   0.01193096191   0.01523831464   0.01941454283   0.02465919902   0.03120125997   0.03929438434   0.04920655962   0.06120276686   0.07552031643   0.09233845533   0.1117464984   0.1337172306   0.1580932642   0.1845921659   0.2128314463   0.2423686221   0.27274721   0.3035386821   0.3343730854   0.3649554678   0.3950692928   0.4245703996   0.4533756243   0.4814495573   0.5087917861   0.535425889   0.561390639   0.5867333764   0.611505265   0.6357580573   0.6595420081   0.682904621   0.7058899806   0.7285384786   0.7508867956   0.7729680412   0.7948119833   0.8164453227   0.8378919815   0.8591733889   0.8803087514   0.9013153033   0.9222085342   0.9430023925   0.9637094664   0.984341144   1.004907754   1.025418687   1.045882505   1.066307036   1.086699452   1.107066344   1.127413785   1.14774738   1.16807232   1.188393418   1.208715151   1.22904169   1.249376926   1.269724502   1.290087828   1.310470108   1.330874352   1.351303395   1.371759909   1.39224642   1.412765313   1.43331885   1.453909172   1.474538313   1.495208204   1.515920683   1.536677498   1.557480317   1.578330729   1.599230253   1.620180339   1.641182373   1.662237684   1.683347543   1.704513168   1.725735728   1.747016345   1.768356097   1.789756018   1.811217105   1.832740315   1.854326572   1.875976762   1.897691744   1.919472342   1.941319352   1.963233545   1.985215663   2.007266423   2.029386518   2.05157662   2.073837376   2.096169417   2.118573348   2.14104976   2.163599222   2.186222289   2.208919496   2.231691365   2.2545384   2.277461091   2.300459915   2.323535334   2.346687797   2.369917741   2.393225591   2.416611761   2.440076651   2.463620653   
25.36934673   4.07659352e-12   5.254214741e-12   6.772019925e-12   8.72827932e-12   1.124965088e-11   1.449938071e-11   1.868787249e-11   2.408630996e-11   3.104421479e-11   4.00120763e-11   5.157051839e-11   6.646789202e-11   8.566872717e-11   1.104161813e-10   1.423125275e-10   1.834228936e-10   2.364089691e-10   3.047013355e-10   3.9272158e-10   5.061685704e-10   6.523874284e-10   8.40845089e-10   1.083743237e-09   1.396808306e-09   1.800309682e-09   2.320372048e-09   2.990666825e-09   3.854592223e-09   4.968083062e-09   6.403232265e-09   8.252958511e-09   1.063702225e-08   1.370977959e-08   1.767017607e-08   2.277462736e-08   2.935362088e-08   3.783311317e-08   4.876210839e-08   6.284820345e-08   8.10034013e-08   1.044031582e-07   1.345624884e-07   1.734340529e-07   2.235345834e-07   2.881078265e-07   3.71334557e-07   4.786032576e-07   6.16858988e-07   7.950530298e-07   1.024722416e-06   1.32073686e-06   1.702261434e-06   2.193997319e-06   2.827780913e-06   3.644644809e-06   4.697474003e-06   6.054429186e-06   7.803358567e-06   1.005748355e-05   1.296272582e-05   1.67071494e-05   2.15331274e-05   2.775301881e-05   3.576936621e-05   4.610091516e-05   5.941612872e-05   7.657634796e-05   9.869136177e-05   0.0001271909318   0.0001639168171   0.0002112411143   0.0002722183373   0.0003507806901   0.0004519885261   0.0005823511316   0.0007502368221   0.0009663959654   0.00124462595   0.001602613194   0.002062993654   0.002654679211   0.0034145012   0.004389221681   0.005637953392   0.007235003841   0.009273107588   0.01186691961   0.01515649499   0.01931026009   0.02452668153   0.03103348366   0.03908292761   0.04894150829   0.06087270552   0.07511244474   0.09183886045   0.1111405937   0.1329903369   0.1572312706   0.1835821759   0.2116623092   0.2410312703   0.2712347695   0.3018463713   0.3324979573   0.3628960634   0.3928252708   0.4221421894   0.4507641305   0.478655926   0.5058172308   0.5322715698   0.5580575836   0.5832224341   0.607817083   0.6318930737   0.6555004547   0.6786865337   0.7014952123   0.723966714   0.7461375669   0.7680407431   0.7897058871   0.8111595892   0.8324256732   0.8535254801   0.8744781382   0.8953008118   0.9160089279   0.9366163788   0.9571357026   0.9775782421   0.9979542848   1.018273185   1.038543473   1.058772943   1.078968741   1.099137434   1.11928507   1.139417234   1.159539096   1.179655453   1.199770765   1.219889185   1.240014594   1.260150617   1.280300656   1.300467901   1.32065535   1.340865829   1.361102002   1.381366383   1.401661351   1.421989159   1.44235194   1.462751721   1.483190427   1.503669888   1.524191848   1.544757967   1.56536983   1.586028951   1.606736773   1.62749468   1.648303993   1.669165981   1.690081858   1.711052788   1.73207989   1.753164237   1.774306861   1.795508754   1.816770872   1.838094132   1.859479422   1.880927594   1.902439471   1.924015847   1.945657489   1.967365136   1.989139504   2.010981284   2.032891144   2.054869731   2.076917671   2.09903557   2.121224015   2.143483574   2.1658148   2.188218226   2.210694372   2.23324374   2.25586682   2.278564086   2.301335999   2.324183006   2.347105543   2.370104034   2.39317889   2.416330512   
25.62311558   3.146130655e-12   4.054965496e-12   5.226338946e-12   6.736091542e-12   8.681972167e-12   1.11899668e-11   1.442245547e-11   1.858872555e-11   2.395852207e-11   3.087951232e-11   3.979979559e-11   5.129691534e-11   6.611525221e-11   8.521421894e-11   1.098303775e-10   1.415575003e-10   1.824497589e-10   2.351547211e-10   3.030847682e-10   3.906380287e-10   5.034831356e-10   6.489262417e-10   8.363840561e-10   1.077993529e-09   1.389397657e-09   1.79075829e-09   2.308061509e-09   2.974800093e-09   3.834142008e-09   4.941725315e-09   6.369260454e-09   8.209173133e-09   1.058058843e-08   1.363704351e-08   1.757642844e-08   2.265379849e-08   2.919788771e-08   3.763239277e-08   4.850340512e-08   6.251476759e-08   8.057364456e-08   1.03849256e-07   1.338485784e-07   1.725139131e-07   2.223486394e-07   2.865792946e-07   3.693644727e-07   4.760640681e-07   6.135862943e-07   7.908349425e-07   1.019285837e-06   1.3137298e-06   1.693230228e-06   2.182357249e-06   2.812778355e-06   3.625308446e-06   4.672551939e-06   6.022307904e-06   7.761958476e-06   1.000412437e-05   1.289395309e-05   1.661851089e-05   2.141888499e-05   2.760577715e-05   3.557959425e-05   4.585632965e-05   5.910089981e-05   7.617007588e-05   9.816775856e-05   0.0001265161235   0.0001630471578   0.0002101203718   0.0002707740716   0.0003489195959   0.0004495904448   0.0005792613603   0.0007462562441   0.0009612684019   0.001238021977   0.001594109478   0.002052046648   0.002640591775   0.003396380456   0.004365926109   0.005608026956   0.007196594802   0.009223869821   0.01180389483   0.01507597566   0.01920763523   0.02439627171   0.03086837727   0.03887483821   0.04868068136   0.06054791031   0.07471108916   0.09134725973   0.1105444028   0.1322751232   0.1563831644   0.1825885074   0.2105121309   0.2397156892   0.2697470548   0.3001818548   0.3306537786   0.3608708277   0.3906186844   0.4197547172   0.448196705   0.4759097166   0.5028934726   0.5291714445   0.5547821419   0.5797725499   0.6041934306   0.6280961207   0.6515304653   0.6745435781   0.69717918   0.7194773288   0.7414744019   0.7632032353   0.7846933519   0.8059712329   0.8270606047   0.8479827217   0.8687566346   0.8893994387   0.9099264991   0.9303516528   0.9506873882   0.9709450035   0.991134746   1.011265934   1.031347063   1.0513859   1.071389562   1.091364591   1.111317013   1.131252392   1.151175879   1.171092252   1.191005954   1.210921125   1.23084163   1.250771083   1.270712871   1.290670174   1.310645979   1.330643102   1.350664197   1.37071177   1.390788191   1.410895705   1.431036438   1.451212409   1.471425537   1.491677647   1.511970474   1.532305674   1.552684827   1.57310944   1.593580953   1.614100743   1.63467013   1.655290375   1.67596269   1.696688234   1.717468123   1.738303426   1.759195171   1.780144348   1.801151908   1.822218768   1.843345809   1.864533882   1.885783808   1.907096378   1.928472355   1.949912478   1.971417458   1.992987985   2.014624725   2.036328322   2.058099401   2.079938565   2.1018464   2.123823471   2.145870329   2.167987508   2.190175522   2.212434875   2.234766054   2.25716953   2.279645765   2.302195203   2.32481828   2.347515416   2.370287022   
25.87688442   2.428176901e-12   3.129613685e-12   4.033677205e-12   5.198901025e-12   6.700727524e-12   8.636392409e-12   1.113122024e-11   1.434673857e-11   1.849113602e-11   2.383274147e-11   3.071739699e-11   3.959084939e-11   5.102761005e-11   6.576815167e-11   8.476685013e-11   1.092537756e-10   1.408143331e-10   1.814919102e-10   2.33920175e-10   3.014935939e-10   3.885872058e-10   5.008398837e-10   6.455194234e-10   8.319930972e-10   1.072334137e-09   1.382103414e-09   1.781356932e-09   2.295944345e-09   2.959182597e-09   3.814013025e-09   4.915781596e-09   6.335822274e-09   8.166075537e-09   1.052504106e-08   1.356544997e-08   1.748415339e-08   2.25348676e-08   2.90446008e-08   3.743482529e-08   4.824876556e-08   6.218656935e-08   8.015063845e-08   1.033040546e-07   1.331458826e-07   1.716082269e-07   2.211813243e-07   2.850747729e-07   3.674253345e-07   4.735647643e-07   6.103650081e-07   7.86683113e-07   1.013934656e-06   1.306832808e-06   1.684340884e-06   2.170900021e-06   2.798011458e-06   3.606275819e-06   4.648021352e-06   5.990691184e-06   7.721208699e-06   9.951603354e-06   1.282626064e-05   1.653126473e-05   2.13064371e-05   2.746084836e-05   3.539280324e-05   4.561558611e-05   5.879062255e-05   7.577018557e-05   9.765238018e-05   0.0001258519153   0.0001621911593   0.0002090172342   0.000269352493   0.0003470877366   0.0004472300339   0.0005762201253   0.0007423381968   0.0009562213884   0.001231521749   0.001585739356   0.002041271626   0.002626725672   0.003378544429   0.00434299659   0.005578570813   0.007158789438   0.009175406051   0.01174186098   0.01499672266   0.01910662489   0.02426791442   0.0307058709   0.03867002794   0.04842396812   0.06022824308   0.07431607855   0.0908634429   0.1099576697   0.1315712809   0.1555485782   0.1816107274   0.2093804069   0.2384212973   0.2682834032   0.2985443847   0.3288397127   0.3588788332   0.3884485126   0.4174068666   0.4456721343   0.4732096167   0.5000190989   0.5261239986   0.5515626958   0.5763820007   0.6006324781   0.6243652603   0.6476299914   0.6704735938   0.6929396098   0.7150679334   0.736894793   0.7584528908   0.779771629   0.8008773813   0.8217937781   0.8425419878   0.8631409848   0.883607796   0.9039577256   0.924204556   0.9443607263   0.9644374908   0.984445057   1.004392707   1.024288904   1.044141385   1.063957242   1.08374299   1.103504633   1.123247714   1.142977365   1.162698348   1.182415089   1.202131713   1.221852069   1.24157976   1.261318161   1.281070439   1.300839572   1.320628366   1.340439464   1.360275365   1.38013843   1.400030895   1.41995488   1.439912398   1.459905359   1.479935582   1.500004798   1.520114657   1.540266731   1.560462524   1.580703471   1.600990945   1.621326259   1.641710672   1.662145391   1.682631572   1.703170326   1.723762719   1.744409776   1.765112482   1.785871787   1.806688604   1.827563811   1.848498256   1.869492758   1.890548104   1.911665056   1.932844349   1.954086694   1.975392776   1.996763261   2.01819879   2.039699985   2.061267448   2.082901762   2.104603493   2.126373188   2.148211378   2.170118579   2.19209529   2.214141997   2.236259171   2.25844727   2.28070674   2.303038012   2.325441507   
26.13065327   1.874164106e-12   2.415561086e-12   3.113353491e-12   4.012719866e-12   5.17188966e-12   6.665913282e-12   8.591521243e-12   1.107338697e-11   1.427219878e-11   1.839506363e-11   2.370891628e-11   3.055780195e-11   3.938515152e-11   5.076249144e-11   6.542644723e-11   8.432643622e-11   1.086861376e-10   1.400827194e-10   1.805489523e-10   2.327048213e-10   2.999271564e-10   3.865682655e-10   4.982377243e-10   6.421655683e-10   8.27670401e-10   1.066762727e-09   1.37492257e-09   1.772101729e-09   2.284015556e-09   2.943807893e-09   3.794196972e-09   4.890241203e-09   6.30290393e-09   8.123647946e-09   1.047035725e-08   1.349496943e-08   1.739331288e-08   2.241778564e-08   2.889369693e-08   3.724032923e-08   4.799808469e-08   6.186347334e-08   7.973420848e-08   1.027673289e-07   1.32454111e-07   1.707166206e-07   2.200321565e-07   2.835936408e-07   3.655163425e-07   4.711043152e-07   6.071938008e-07   7.825958287e-07   1.008666665e-06   1.300043038e-06   1.675589736e-06   2.159620909e-06   2.78347413e-06   3.587539078e-06   4.623872123e-06   5.959565985e-06   7.681092427e-06   9.899898845e-06   1.275962056e-05   1.644537491e-05   2.119573736e-05   2.731817268e-05   3.520891614e-05   4.537858523e-05   5.848516895e-05   7.537651208e-05   9.714501404e-05   0.000125198033   0.0001613484686   0.0002079312465   0.000267953015   0.0003452843565   0.0004449063198   0.0005732261721   0.0007384810638   0.0009512528428   0.001225122585   0.001577499374   0.002030664142   0.002613075178   0.003360985759   0.004320423661   0.005549572804   0.007121572137   0.009127696257   0.01168079242   0.01491870322   0.0190071873   0.0241415565   0.03054589721   0.03846841181   0.04817126185   0.05991357068   0.07392724793   0.0903872073   0.1093801479   0.1308785131   0.1547271578   0.1806484185   0.2082666511   0.2371475347   0.2668431763   0.2969332406   0.3270549543   0.3569191869   0.3863137727   0.4150975635   0.4431892507   0.4705543641   0.497192751   0.5231277758   0.5483976897   0.5730491301   0.5971324665   0.6206986296   0.6437970648   0.6664745052   0.6887743169   0.710736232   0.7323963321   0.7537871867   0.7749380792   0.7958752769   0.8166223152   0.8372002781   0.8576280642   0.8779226331   0.8980992286   0.918171579   0.9381520752   0.9580519278   0.9778813049   0.9976494533   1.017364804   1.037035065   1.0566673   1.076268002   1.095843151   1.115398272   1.134938476   1.154468507   1.173992776   1.193515393   1.213040194   1.232570768   1.252110479   1.271662481   1.291229744   1.310815061   1.330421069   1.350050256   1.369704976   1.389387457   1.409099812   1.428844046   1.448622063   1.468435676   1.48828661   1.508176509   1.528106941   1.548079404   1.568095327   1.58815608   1.608262971   1.628417256   1.648620135   1.668872763   1.689176246   1.709531646   1.729939986   1.750402248   1.770919378   1.791492284   1.812121844   1.832808903   1.853554275   1.874358747   1.895223077   1.916147998   1.937134218   1.958182422   1.979293271   2.000467405   2.021705445   2.04300799   2.064375621   2.085808902   2.107308379   2.128874581   2.150508022   2.172209199   2.193978598   2.215816687   2.237723924   2.259700751   2.2817476   
26.38442211   1.446632262e-12   1.864526477e-12   2.403139399e-12   3.097343504e-12   3.992085013e-12   5.145293937e-12   6.63163475e-12   8.547340541e-12   1.101644362e-11   1.419880598e-11   1.830046957e-11   2.358699648e-11   3.040066271e-11   3.918261886e-11   5.050145239e-11   6.509000083e-11   8.389279926e-11   1.081272342e-10   1.393623635e-10   1.796205045e-10   2.315081692e-10   2.983848228e-10   3.84580392e-10   4.956756061e-10   6.388633212e-10   8.234142211e-10   1.061277048e-09   1.367852222e-09   1.762988943e-09   2.272270324e-09   2.928669771e-09   3.774685842e-09   4.865093819e-09   6.270492124e-09   8.081873217e-09   1.041651489e-08   1.342557343e-08   1.730387019e-08   2.230250529e-08   2.874511511e-08   3.704882602e-08   4.775126122e-08   6.154534904e-08   7.932418641e-08   1.022388622e-07   1.317729841e-07   1.698387341e-07   2.189006717e-07   2.821352999e-07   3.636367255e-07   4.686817267e-07   6.04071391e-07   7.785714383e-07   1.003479737e-06   1.293357747e-06   1.666973248e-06   2.148515357e-06   2.769160498e-06   3.569090652e-06   4.600094495e-06   5.92891973e-06   7.641593452e-06   9.848989949e-06   1.269400592e-05   1.636080674e-05   2.108674103e-05   2.717769245e-05   3.502785864e-05   4.514523126e-05   5.81844156e-05   7.498889634e-05   9.664545516e-05   0.0001245542127   0.000160518745   0.0002068619699   0.0002665750722   0.0003435087271   0.0004426183634   0.0005702782911   0.0007346832866   0.0009463607572   0.001218821898   0.001569386201   0.002020219908   0.002599634777   0.003343697347   0.004298198195   0.005521021202   0.007084927846   0.009080721136   0.01162066444   0.01484188574   0.01890928214   0.02401714672   0.03038839123   0.03826990785   0.04792245965   0.05960376472   0.0735444383   0.0899183576   0.1088115994   0.1301965332   0.153918562   0.1797011787   0.207170395   0.2358938616   0.2654257592   0.2953477286   0.3252987277   0.3549910287   0.3842135185   0.4128257735   0.4407469304   0.4679427438   0.4944131215   0.5201813747   0.5452856271   0.5697723448   0.5936917047   0.6170944376   0.640029793   0.662544317   0.6846812015   0.7064800188   0.7279767053   0.7492036994   0.7701901672   0.7909622711   0.8115434525   0.8319547118   0.8522148731   0.8723408292   0.8923477643   0.9122493536   0.9320579399   0.9517846907   0.9714397355   0.9910322858   1.010570741   1.03006278   1.04951544   1.068935191   1.08832799   1.107699341   1.127054338   1.146397707   1.165733844   1.185066843   1.204400527   1.223738473   1.243084031   1.262440346   1.281810376   1.301196906   1.320602563   1.340029826   1.359481041   1.378958429   1.398464094   1.418000037   1.437568154   1.457170251   1.476808049   1.496483185   1.516197222   1.535951653   1.555747904   1.575587337   1.595471259   1.615400919   1.635377516   1.655402199   1.67547607   1.69560019   1.715775576   1.736003208   1.756284028   1.776618945   1.797008826   1.81745452   1.837956836   1.85851656   1.879134446   1.899811225   1.920547603   1.941344262   1.962201861   1.983121039   2.004102414   2.025146583   2.046254127   2.067425605   2.088661563   2.109962529   2.131329013   2.152761513   2.174260512   2.195826477   2.217459864   2.239161114   
26.63819095   1.116686957e-12   1.439268605e-12   1.855035653e-12   2.390906924e-12   3.081577386e-12   3.971764476e-12   5.119103329e-12   6.597878361e-12   8.503832813e-12   1.096036765e-11   1.412653113e-11   1.820731641e-11   2.34669338e-11   3.024591706e-11   3.898317124e-11   5.024438958e-11   6.475867929e-11   8.34657676e-11   1.075768443e-10   1.386529803e-10   1.787061991e-10   2.303297448e-10   2.968659824e-10   3.826227984e-10   4.93152515e-10   6.356113751e-10   8.192228728e-10   1.055874929e-09   1.360889572e-09   1.754014965e-09   2.260703999e-09   2.913762237e-09   3.755471912e-09   4.840329487e-09   6.238574025e-09   8.040734814e-09   1.036349268e-08   1.335723449e-08   1.721578992e-08   2.218898094e-08   2.859879654e-08   3.686023985e-08   4.750819745e-08   6.123207051e-08   7.892040993e-08   1.017184453e-07   1.311022324e-07   1.689742199e-07   2.177864221e-07   2.80699173e-07   3.617857395e-07   4.662960399e-07   6.009965428e-07   7.746083488e-07   9.983718172e-07   1.286774288e-06   1.658488009e-06   2.137578969e-06   2.755064897e-06   3.550923238e-06   4.576679055e-06   5.89874029e-06   7.602696139e-06   9.798856516e-06   1.262939074e-05   1.627752674e-05   2.097940497e-05   2.703935206e-05   3.484955908e-05   4.491543183e-05   5.788824344e-05   7.460718493e-05   9.615350578e-05   0.0001239201993   0.0001597016603   0.0002058089811   0.0002652181191   0.0003417601454   0.0004403652593   0.0005673753151   0.0007309433617   0.0009415431951   0.001212617195   0.001561396627   0.002009934789   0.002586399146   0.003326672347   0.004276311389   0.005492904697   0.007048842044   0.009034462068   0.01156145319   0.01476623976   0.01881287056   0.02389463564   0.03023329033   0.03807443701   0.04767746229   0.05929870138   0.07316749629   0.08945670538   0.1082517952   0.1295250651   0.1531224616   0.1787686202   0.206091187   0.234659758   0.2640305592   0.2937871802   0.3235702855   0.3530935304   0.3821468386   0.4105905004   0.4383440912   0.465373586   0.4916789519   0.5172834467   0.5422250678   0.5665501119   0.5903085652   0.6135509615   0.6363263562   0.6586811107   0.6806582449   0.7022971731   0.7236336883   0.7447000996   0.765525457   0.7861358191   0.8065545348   0.8268025217   0.8468985301   0.8668593872   0.8867002183   0.9064346456   0.9260749649   0.9456323011   0.9651167451   0.984537474   1.003902856   1.02322054   1.04249754   1.061740299   1.080954754   1.100146389   1.119320279   1.138481135   1.157633334   1.176780958   1.195927815   1.21507747   1.234233262   1.253398324   1.272575604   1.291767878   1.310977762   1.330207729   1.349460116   1.368737135   1.388040886   1.40737336   1.426736449   1.446131952   1.465561583   1.485026975   1.504529686   1.524071204   1.543652948   1.56327628   1.582942498   1.602652849   1.622408528   1.64221068   1.662060405   1.681958757   1.701906753   1.721905369   1.741955542   1.762058178   1.782214147   1.802424289   1.822689414   1.843010301   1.863387706   1.883822356   1.904314954   1.924866181   1.945476694   1.966147129   1.986878102   2.007670209   2.028524028   2.049440118   2.070419021   2.091461264   2.112567357   2.133737795   2.154973059   2.176273615   2.197639918   
26.8919598   8.620392708e-13   1.111059864e-12   1.432015993e-12   1.845687951e-12   2.378858915e-12   3.066049023e-12   3.951750375e-12   5.093307678e-12   6.564631021e-12   8.460981186e-12   1.090513731e-11   1.405534619e-11   1.8115568e-11   2.334868168e-11   3.009350499e-11   3.878673131e-11   4.999120329e-11   6.443235411e-11   8.304517561e-11   1.070347543e-10   1.379542947e-10   1.778056814e-10   2.291690912e-10   2.953700464e-10   3.806947255e-10   4.906674723e-10   6.324084686e-10   8.150947304e-10   1.050554274e-09   1.354031919e-09   1.745176316e-09   2.249312095e-09   2.89907951e-09   3.73654773e-09   4.815938604e-09   6.207137253e-09   8.000216782e-09   1.031127005e-08   1.328992611e-08   1.71290379e-08   2.207716854e-08   2.845468447e-08   3.667449757e-08   4.726879909e-08   6.092351625e-08   7.852272243e-08   1.012058763e-07   1.304415957e-07   1.681227426e-07   2.166889755e-07   2.79284703e-07   3.599626665e-07   4.639463295e-07   5.979680636e-07   7.707050229e-07   9.933409257e-07   1.280290109e-06   1.650130728e-06   2.126807502e-06   2.741181858e-06   3.533029791e-06   4.553616723e-06   5.869015959e-06   7.564385401e-06   9.749479099e-06   1.256574996e-05   1.619550261e-05   2.087368755e-05   2.690309787e-05   3.467394829e-05   4.46890978e-05   5.759653761e-05   7.42312298e-05   9.566897509e-05   0.0001232957469   0.0001588968974   0.0002047718718   0.0002638816294   0.0003400379331   0.0004381461332   0.0005645161182   0.0007272598384   0.0009367982876   0.001206506069   0.00155352755   0.001999804796   0.00257336315   0.003309904153   0.004254754749   0.005465212373   0.007013300721   0.008988901087   0.01150313566   0.01469173585   0.01871791505   0.02377397558   0.03008053408   0.03788192303   0.04743617402   0.05899826121   0.07279627392   0.0890020689   0.1077005139   0.1288638424   0.1523385392   0.1778503692   0.2050285916   0.2334447224   0.2626570048   0.2922509506   0.3218689074   0.3512258933   0.3801128546   0.4083907847   0.4359796905   0.4628457641   0.4889890301   0.514432693   0.5392146252   0.5633809557   0.5869814822   0.6100665435   0.6326850033   0.6548830406   0.6767035052   0.6981856554   0.7193651425   0.7402741477   0.7609416065   0.7813934748   0.8016530101   0.8217410482   0.8416762668   0.8614754278   0.8811535984   0.9007243487   0.9201999277   0.9395914182   0.9589088734   0.978161436   0.9973574427   1.016504515   1.035609641   1.05467924   1.073719227   1.092735067   1.111731817   1.13071417   1.149686489   1.16865284   1.18761702   1.206582578   1.225552844   1.24453094   1.263519804   1.282522201   1.30154074   1.320577883   1.339635962   1.35871718   1.37782363   1.396957296   1.416120064   1.435313728   1.454539995   1.473800493   1.493096775   1.512430323   1.531802553   1.551214821   1.570668423   1.5901646   1.609704544   1.629289395   1.64892025   1.668598161   1.68832414   1.708099159   1.727924156   1.74780003   1.76772765   1.787707853   1.807741446   1.827829207   1.847971887   1.868170213   1.888424885   1.908736582   1.929105958   1.949533648   1.970020265   1.990566405   2.011172641   2.031839534   2.052567622   2.07335743   2.094209468   2.115124228   2.13610219   2.15714382   
27.14572864   6.654945834e-13   8.577385587e-13   1.105516789e-12   1.424871668e-12   1.836479818e-12   2.366990793e-12   3.050752511e-12   3.932035101e-12   5.067897177e-12   6.531880091e-12   8.41876937e-12   1.08507316e-11   1.398522409e-11   1.802518947e-11   2.323219515e-11   2.994336856e-11   3.859322439e-11   4.974179729e-11   6.411090124e-11   8.263086341e-11   1.065007581e-10   1.37266041e-10   1.769186093e-10   2.280257671e-10   2.938964458e-10   3.787954404e-10   4.882195334e-10   6.292533841e-10   8.110282246e-10   1.045313061e-09   1.347276657e-09   1.736469635e-09   2.238090282e-09   2.884616009e-09   3.717906102e-09   4.791911896e-09   6.176169859e-09   7.960303718e-09   1.025982715e-08   1.32236227e-08   1.704358117e-08   2.196702559e-08   2.831272411e-08   3.649152858e-08   4.703297516e-08   6.061956895e-08   7.813097273e-08   1.007009604e-07   1.297908229e-07   1.672839786e-07   2.156079146e-07   2.778913522e-07   3.581668135e-07   4.616317022e-07   5.949848021e-07   7.66859977e-07   9.883851495e-07   1.273902744e-06   1.641898228e-06   2.116196862e-06   2.727506104e-06   3.515403507e-06   4.53089873e-06   5.839735436e-06   7.526646674e-06   9.700838929e-06   1.250305939e-05   1.611470317e-05   2.076954859e-05   2.676887806e-05   3.450095953e-05   4.446614314e-05   5.73091872e-05   7.386088802e-05   9.51916789e-05   0.0001226806183   0.0001581041504   0.0002037502476   0.000262565095   0.0003383414356   0.0004359601417   0.0005616996134   0.0007236313163   0.0009321242305   0.001200486195   0.00154577598   0.001989826075   0.002560521831   0.003293386386   0.004233520073   0.005437933695   0.00697829035   0.008944020849   0.01144568965   0.01461834564   0.01862437941   0.02365512049   0.02993006411   0.03769229229   0.04719850242   0.0587023289   0.07243062839   0.08855427274   0.1071575422   0.1282126079   0.1515664886   0.1769460649   0.2039821888   0.2322482709   0.2613045448   0.2907384183   0.3201938985   0.3493873478   0.3781107199   0.4062257011   0.4336527236   0.4603581924   0.4863421883   0.5116278628   0.536252964   0.5602634553   0.5837089477   0.6066395874   0.6291040487   0.6511483303   0.6728151138   0.6941435034   0.7151690102   0.7359236894   0.7564363631   0.7767328858   0.7968364246   0.8167677347   0.8365454217   0.8561861831   0.8757050287   0.8951154772   0.9144297314   0.9336588324   0.9528127959   0.9719007309   0.9909309432   1.009911027   1.028847943   1.04774809   1.066617361   1.0854612   1.104284647   1.123092378   1.141888742   1.160677789   1.179463304   1.198248824   1.217037666   1.235832942   1.25463758   1.273454336   1.292285809   1.311134455   1.330002594   1.348892427   1.367806036   1.3867454   1.405712398   1.424708819   1.443736363   1.462796655   1.48189124   1.501021597   1.520189138   1.539395213   1.558641113   1.577928078   1.597257293   1.616629896   1.636046981   1.655509596   1.675018749   1.69457541   1.714180512   1.733834954   1.753539601   1.773295287   1.793102816   1.812962965   1.832876482   1.85284409   1.872866489   1.892944355   1.91307834   1.933269077   1.953517178   1.973823235   1.994187821   2.014611494   2.035094792   2.055638237   2.076242337   2.096907584   2.117634455   
27.39949749   5.137873838e-13   6.622071179e-13   8.535014305e-13   1.100055665e-12   1.417832969e-12   1.827407822e-12   2.355298135e-12   3.03568215e-12   3.912611307e-12   5.042862357e-12   6.499613366e-12   8.377181632e-12   1.079713025e-11   1.391613872e-11   1.793614714e-11   2.311743082e-11   2.979545182e-11   3.840257837e-11   4.949607862e-11   6.379420087e-11   8.222267659e-11   1.059746568e-10   1.365879628e-10   1.76044652e-10   2.268993465e-10   2.924446317e-10   3.769242352e-10   4.858077859e-10   6.261449459e-10   8.070218399e-10   1.040149336e-09   1.340621267e-09   1.727891678e-09   2.227034377e-09   2.870366343e-09   3.69954008e-09   4.768240411e-09   6.145660301e-09   7.920980748e-09   1.02091448e-08   1.315829954e-08   1.695938787e-08   2.185851105e-08   2.817286256e-08   3.63112647e-08   4.680063775e-08   6.032011536e-08   7.774501485e-08   1.002035094e-07   1.291496714e-07   1.664576153e-07   2.145428367e-07   2.765186013e-07   3.563975112e-07   4.593512954e-07   5.920456465e-07   7.630717781e-07   9.835026419e-07   1.267609812e-06   1.633787441e-06   2.105743095e-06   2.71403254e-06   3.49803782e-06   4.508516611e-06   5.810887811e-06   7.489465895e-06   9.652917878e-06   1.244129568e-05   1.603509831e-05   2.066694926e-05   2.663664263e-05   3.433052832e-05   4.424648476e-05   5.702608514e-05   7.349602158e-05   9.472143934e-05   0.000122074584   0.0001573231239   0.0002027437278   0.0002612680252   0.0003366700205   0.00043380647   0.0005589247509   0.0007200564429   0.000927519282   0.00119455533   0.001538139026   0.001979994907   0.002547870402   0.003277112888   0.004212599445   0.005411058489   0.006943797871   0.008899804606   0.01138909372   0.01454604171   0.01853222868   0.02353802591   0.02978182411   0.03750547369   0.04696435825   0.05841079312   0.07207042182   0.08811314755   0.106622674   0.1275711136   0.1508060142   0.176055359   0.2029515731   0.2310699367   0.2599726475   0.2892489836   0.3185445889   0.3475771514   0.376139618   0.4040943579   0.4313622218   0.4579098244   0.4837373012   0.5088677506   0.5333387976   0.5571962417   0.5804895094   0.6032685564   0.6255818696   0.6474752695   0.6689912719   0.6901688283   0.7110433115   0.7316466519   0.7520075596   0.7721517892   0.7921024181   0.811880122   0.8315034352   0.8509889917   0.8703517445   0.8896051613   0.9087613993   0.9278314586   0.9468253177   0.9657520521   0.9846199375   1.00343654   1.022208796   1.04094308   1.059645266   1.078320777   1.096974636   1.115611502   1.134235708   1.152851293   1.171462025   1.190071432   1.208682818   1.227299286   1.245923752   1.264558964   1.283207512   1.301871843   1.320554272   1.339256988   1.35798207   1.376731489   1.395507119   1.41431074   1.433144051   1.452008668   1.470906132   1.489837918   1.508805433   1.527810022   1.546852973   1.565935521   1.585058847   1.604224087   1.62343233   1.642684621   1.661981965   1.681325329   1.700715644   1.720153804   1.739640672   1.759177079   1.778763828   1.798401692   1.818091418   1.837833726   1.857629314   1.877478855   1.897383001   1.917342381   1.937357605   1.957429265   1.977557931   1.997744159   2.017988486   2.038291432   2.058653504   2.079075192   
27.65326633   3.96682796e-13   5.112740782e-13   6.589677841e-13   8.493263378e-13   1.094674498e-12   1.410897323e-12   1.818468649e-12   2.343776669e-12   3.020832433e-12   3.893471896e-12   5.01819407e-12   6.467819057e-12   8.33620278e-12   1.074431368e-11   1.384806482e-11   1.784840847e-11   2.300434675e-11   2.964970072e-11   3.821472359e-11   4.925395751e-11   6.348213731e-11   8.182046603e-11   1.054562582e-10   1.359198123e-10   1.751834903e-10   2.257894177e-10   2.910140736e-10   3.750804262e-10   4.834313487e-10   6.230820182e-10   8.030741125e-10   1.035061214e-09   1.334063319e-09   1.71943931e-09   2.216140342e-09   2.856325306e-09   3.681442954e-09   4.7449155e-09   6.115597433e-09   7.882233503e-09   1.015920449e-08   1.309393279e-08   1.687642724e-08   2.175158527e-08   2.803504872e-08   3.613364004e-08   4.657170199e-08   6.002504606e-08   7.736470777e-08   9.971334161e-08   1.28517907e-07   1.656433507e-07   2.134933525e-07   2.751659489e-07   3.546541132e-07   4.57104276e-07   5.89149523e-07   7.59339042e-07   9.78691619e-07   1.261409015e-06   1.625795405e-06   2.095442381e-06   2.700756241e-06   3.480926382e-06   4.486462188e-06   5.782462543e-06   7.452829479e-06   9.605698439e-06   1.238043624e-05   1.595665894e-05   2.056585209e-05   2.650634326e-05   3.41625924e-05   4.403004241e-05   5.674712798e-05   7.313649717e-05   9.425808459e-05   0.0001214774228   0.0001565535325   0.0002017519446   0.0002599899462   0.0003350230772   0.0004316843312   0.0005561905168   0.0007165339121   0.0009229817592   0.001188711306   0.001530613898   0.001970307698   0.002535404239   0.00326107771   0.004191985215   0.005384576927   0.006909810667   0.00885623618   0.01133332714   0.0144747976   0.01844142911   0.02342264892   0.02963575966   0.03732139857   0.04673365532   0.05812354637   0.07171552105   0.0876785298   0.1060957102   0.1269391198   0.1500568304   0.1751779154   0.201936353   0.2299092691   0.2586607994   0.2877820675   0.3169203319   0.3457945877   0.3741987612   0.4019958947   0.4291072511   0.4554996511   0.4811732838   0.5061511942   0.5304708859   0.5541779957   0.5773217678   0.5999519695   0.6221169025   0.6438622112   0.6652302471   0.6862598113   0.7069861398   0.7274410395   0.74765311   0.7676480069   0.7874487193   0.807075844   0.8265478449   0.8458812934   0.8650910862   0.8841906407   0.9031920689   0.9221063303   0.9409433669   0.9597122209   0.9784211381   0.9970776575   1.01568869   1.034260589   1.052799205   1.071309944   1.089797811   1.108267449   1.126723175   1.145169015   1.163608725   1.182045818   1.20048359   1.21892513   1.237373348   1.255830981   1.27430061   1.292784675   1.311285481   1.329805213   1.348345941   1.36690963   1.385498148   1.40411327   1.422756687   1.441430012   1.460134782   1.478872465   1.497644463   1.516452118   1.535296715   1.554179483   1.573101602   1.592064201   1.611068367   1.630115141   1.649205527   1.668340487   1.687520949   1.706747805   1.726021916   1.745344109   1.764715185   1.784135915   1.803607042   1.823129286   1.842703341   1.86232988   1.88200955   1.901742981   1.92153078   1.941373535   1.961271819   1.981226182   2.001237161   2.021305274   2.041431027   
27.90703518   3.062837169e-13   3.947610701e-13   5.08797216e-13   6.557754212e-13   8.452117848e-13   1.089371358e-12   1.404062244e-12   1.809659095e-12   2.332422266e-12   3.006198041e-12   3.87461001e-12   4.993883479e-12   6.436485772e-12   8.295818128e-12   1.069226296e-11   1.378097801e-11   1.776194204e-11   2.289290242e-11   2.950606304e-11   3.802959274e-11   4.90153472e-11   6.317459872e-11   8.142408759e-11   1.049453764e-10   1.352613501e-10   1.743348156e-10   2.246955831e-10   2.896042588e-10   3.732633528e-10   4.810893704e-10   6.200635035e-10   7.991836279e-10   1.03004687e-09   1.327600463e-09   1.711109504e-09   2.205404272e-09   2.842487866e-09   3.66360824e-09   4.721928804e-09   6.085970482e-09   7.844048101e-09   1.010998833e-08   1.303049936e-08   1.679466956e-08   2.164620993e-08   2.78992332e-08   3.595859098e-08   4.634608584e-08   5.973425532e-08   7.698991521e-08   9.923028132e-08   1.278953032e-07   1.648408932e-07   2.124590861e-07   2.738329101e-07   3.529359948e-07   4.548898388e-07   5.862953938e-07   7.556604313e-07   9.739503567e-07   1.255298131e-06   1.617919254e-06   2.085291029e-06   2.687672451e-06   3.464063064e-06   4.464727558e-06   5.754449447e-06   7.416724298e-06   9.55916369e-06   1.232045928e-05   1.587935696e-05   2.046622085e-05   2.637793326e-05   3.399709158e-05   4.381673851e-05   5.647221577e-05   7.278218595e-05   9.380144861e-05   0.0001208889207   0.0001557951005   0.0002007745428   0.0002587304   0.0003334000155   0.0004295929648   0.0005534959313   0.0007130624615   0.000918510036   0.00118295203   0.001523197898   0.001960760978   0.002523118873   0.003245275104   0.004171669992   0.005358479513   0.006876316549   0.00881329994   0.0112783699   0.0144045877   0.01835194805   0.02330894802   0.02949181817   0.0371400006   0.04650631037   0.05784048475   0.07136579741   0.08725026147   0.1055764588   0.1263163949   0.1493186616   0.1743134093   0.2009361505   0.2287658329   0.2573685051   0.2863371113   0.3153205033   0.3440389653   0.3722873894   0.3999294814   0.4268869101   0.4531266992   0.4786490895   0.5034770733   0.5276480333   0.5512074457   0.5742043741   0.5966883996   0.618707641   0.6403075682   0.6615303708   0.6824147008   0.702995659   0.7233049307   0.7433710058   0.7632194422   0.7828731417   0.8023526232   0.821676281   0.8408606245   0.8599204947   0.8788692595   0.8977189861   0.9164805939   0.9351639887   0.9537781799   0.9723313836   0.990831112   1.009284252   1.027697132   1.046075585   1.064424997   1.082750355   1.101056287   1.119347095   1.137626791   1.155899116   1.174167576   1.192435451   1.210705823   1.228981591   1.247265482   1.26556007   1.283867786   1.302190928   1.320531674   1.338892086   1.357274124   1.375679649   1.394110431   1.412568156   1.431054431   1.449570787   1.468118688   1.486699534   1.50531466   1.523965347   1.542652821   1.561378258   1.580142784   1.598947481   1.617793389   1.636681507   1.655612795   1.674588177   1.693608544   1.712674752   1.731787628   1.750947969   1.770156543   1.789414093   1.808721335   1.828078961   1.847487641   1.866948022   1.886460731   1.906026374   1.925645537   1.945318789   1.965046681   1.984829747   2.004668506   
28.16080402   2.364964747e-13   3.048141194e-13   3.928669443e-13   5.063559267e-13   6.526289073e-13   8.411563253e-13   1.084144382e-12   1.397325332e-12   1.800976066e-12   2.321230936e-12   2.991773828e-12   3.85601902e-12   4.969922038e-12   6.405602498e-12   8.256013484e-12   1.06409598e-11   1.37148547e-11   1.767671744e-11   2.278305867e-11   2.936448829e-11   3.784712076e-11   4.878016383e-11   6.287147703e-11   8.103340198e-11   1.044418319e-10   1.346123448e-10   1.734983297e-10   2.236174582e-10   2.882146919e-10   3.714723763e-10   4.787810277e-10   6.17088341e-10   7.953490188e-10   1.025104543e-09   1.321230426e-09   1.70289933e-09   2.194822395e-09   2.828849161e-09   3.64602967e-09   4.699272244e-09   6.056769036e-09   7.806411121e-09   1.006147901e-08   1.296797697e-08   1.671408608e-08   2.1542348e-08   2.776536828e-08   3.578605599e-08   4.612371001e-08   5.944764094e-08   7.662050545e-08   9.875415877e-08   1.272816414e-07   1.640499605e-07   2.114396738e-07   2.725190166e-07   3.512425522e-07   4.527072055e-07   5.834822559e-07   7.520346531e-07   9.692771889e-07   1.249275012e-06   1.610156221e-06   2.075285472e-06   2.674776572e-06   3.447441938e-06   4.443305083e-06   5.726838677e-06   7.381137663e-06   9.513297278e-06   1.226134371e-05   1.58031652e-05   2.036802053e-05   2.625136749e-05   3.383396771e-05   4.360649812e-05   5.620125189e-05   7.243296342e-05   9.335137093e-05   0.0001203088707   0.0001550475613   0.0001998111787   0.0002574889438   0.000331800265   0.0004275316358   0.0005508400474   0.0007096408708   0.0009141025405   0.001177275476   0.001515888421   0.001951351389   0.002511009984   0.003229699513   0.004151646631   0.005332757067   0.006843303733   0.008770980776   0.01122420265   0.01433538731   0.01826375398   0.0231968831   0.02934994883   0.03696121566   0.0462822429   0.05756150786   0.07102112659   0.08682818987   0.1050647338   0.1257027154   0.1485912413   0.1734615272   0.1999506004   0.2276392077   0.2560952857   0.2849135754   0.3137445003   0.3423096166   0.3704047691   0.3978943166   0.4247003292   0.4507900294   0.4761637087   0.5008443068   0.5248690865   0.5482833651   0.5711360275   0.5934764707   0.6153526325   0.6368098108   0.6578900344   0.6786318085   0.6990701001   0.719236474   0.739159312   0.7588640754   0.7783735797   0.7977082665   0.8168864617   0.835924613   0.8548375068   0.8736384616   0.8923395006   0.9109515034   0.92948434   0.9479469876   0.9663476328   0.9846937611   1.002992235   1.021249361   1.039470952   1.057662374   1.075828599   1.093974237   1.112103576   1.130220614   1.148329082   1.16643247   1.184534051   1.202636894   1.220743889   1.238857755   1.256981057   1.275116217   1.293265527   1.311431157   1.329615164   1.347819499   1.366046019   1.384296487   1.402572585   1.420875913   1.439207999   1.457570303   1.475964217   1.494391075   1.512852154   1.531348674   1.549881808   1.56845268   1.587062368   1.605711908   1.624402296   1.643134489   1.661909409   1.680727943   1.699590946   1.718499241   1.737453623   1.756454858   1.775503686   1.794600821   1.813746953   1.832942751   1.852188859   1.871485901   1.890834483   1.910235188   1.929688585   1.949195221   1.96875563   
28.41457286   1.8261871e-13   2.353724778e-13   3.033654291e-13   3.909997653e-13   5.039493686e-13   6.495271575e-13   8.371585612e-13   1.078991769e-12   1.390684263e-12   1.792416566e-12   2.31019882e-12   2.977554823e-12   3.837692516e-12   4.946301487e-12   6.375158587e-12   8.216775124e-12   1.05903865e-11   1.364967211e-11   1.759270529e-11   2.267477761e-11   2.922492767e-11   3.766724473e-11   4.854832632e-11   6.257266773e-11   8.064827448e-11   1.039454511e-10   1.339725727e-10   1.726737441e-10   2.225546714e-10   2.868448937e-10   3.697068793e-10   4.765055248e-10   6.141555049e-10   7.915689631e-10   1.020232528e-09   1.314951014e-09   1.69480596e-09   2.184391061e-09   2.815404488e-09   3.628701183e-09   4.67693801e-09   6.027983026e-09   7.769309586e-09   1.001365981e-08   1.290634406e-08   1.663464904e-08   2.143996367e-08   2.76334078e-08   3.561597558e-08   4.590449783e-08   5.91651041e-08   7.625635112e-08   9.828480982e-08   1.266767098e-07   1.632702802e-07   2.104347644e-07   2.712238153e-07   3.495732015e-07   4.505556236e-07   5.807091393e-07   7.484604574e-07   9.646705043e-07   1.243337582e-06   1.602503629e-06   2.06542226e-06   2.662064157e-06   3.431057274e-06   4.422187376e-06   5.699620715e-06   7.346057304e-06   9.468083389e-06   1.220306915e-05   1.572805739e-05   2.027121726e-05   2.612660233e-05   3.367316454e-05   4.339924873e-05   5.593414291e-05   7.208870915e-05   9.290769636e-05   0.0001197370729   0.0001543106571   0.0001988615201   0.0002562651496   0.000330223274   0.0004254996335   0.0005482219491   0.0007062679603   0.0009097577531   0.001171679688   0.001508682944   0.001942075686   0.002499073397   0.003214345564   0.004131908226   0.005307400714   0.006810760823   0.008729264077   0.01117080669   0.01426717249   0.0181768164   0.0230864154   0.02921010251   0.03678498174   0.04606137509   0.05728651862   0.07068138837   0.08641216737   0.1045603548   0.1250978649   0.1478743121   0.1726219657   0.1989793497   0.2265289873   0.2548406787   0.2835109385   0.3121917408   0.3406058969   0.3685501907   0.3958896269   0.4225466686   0.4484887349   0.4737161668   0.4982518514   0.5221329327   0.5454045705   0.5681154734   0.5903148558   0.6120504768   0.6333674638   0.6543076875   0.6749095072   0.6952077579   0.7152338853   0.7350161644   0.7545799608   0.7739480046   0.7931406614   0.8121761891   0.8310709747   0.8498397502   0.8684957857   0.8870510605   0.9055164152   0.9239016842   0.9422158127   0.9604669584   0.9786625803   0.9968095168   1.014914053   1.032981981   1.051018649   1.06902901   1.087017661   1.104988875   1.122946635   1.14089466   1.15883643   1.176775204   1.194714045   1.212655829   1.230603269   1.248558921   1.2665252   1.28450439   1.302498652   1.320510038   1.338540494   1.356591869   1.374665923   1.392764329   1.410888685   1.429040513   1.447221267   1.465432338   1.483675053   1.501950686   1.520260454   1.538605525   1.556987019   1.575406013   1.593863538   1.612360587   1.630898116   1.649477041   1.668098249   1.686762591   1.705470888   1.724223932   1.743022487   1.76186729   1.780759055   1.799698469   1.818686197   1.837722883   1.85680915   1.875945599   1.895132814   1.914371361   1.933661786   
28.66834171   1.410215014e-13   1.817589239e-13   2.34264322e-13   3.019371561e-13   3.891589016e-13   5.015767276e-13   6.464691225e-13   8.332171398e-13   1.073911774e-12   1.384136791e-12   1.7839777e-12   2.299322187e-12   2.963536215e-12   3.819624299e-12   4.923013834e-12   6.34514374e-12   8.178089773e-12   1.054052596e-11   1.358540816e-11   1.750987718e-11   2.256802262e-11   2.908733396e-11   3.748990379e-11   4.831975623e-11   6.227806972e-11   8.026857481e-11   1.034560662e-10   1.333418172e-10   1.718607798e-10   2.215068631e-10   2.85494401e-10   3.679662645e-10   4.742620919e-10   6.11264003e-10   7.878421819e-10   1.015429177e-09   1.308760101e-09   1.686826654e-09   2.174106742e-09   2.802149298e-09   3.611616916e-09   4.654918546e-09   5.999602714e-09   7.732730945e-09   9.966514557e-09   1.284557977e-08   1.655633154e-08   2.13390223e-08   2.750330711e-08   3.544829221e-08   4.568837513e-08   5.888654922e-08   7.589732904e-08   9.782207568e-08   1.26080304e-07   1.625015883e-07   2.094440177e-07   2.69946868e-07   3.479273779e-07   4.484343652e-07   5.779751059e-07   7.449366348e-07   9.601287444e-07   1.237483831e-06   1.594958891e-06   2.055698056e-06   2.649530906e-06   3.414903529e-06   4.401367294e-06   5.672786351e-06   7.311471353e-06   9.423506726e-06   1.21456159e-05   1.565400812e-05   2.01757783e-05   2.600359556e-05   3.351462767e-05   4.319492025e-05   5.567079848e-05   7.174930668e-05   9.24702748e-05   0.0001191733339   0.0001535841387   0.0001979252459   0.0002550586035   0.000328668509   0.0004234962702   0.0005456407508   0.0007029425888   0.0009054742035   0.001166162771   0.001501579029   0.001932930731   0.002487305072   0.003199208061   0.004112448094   0.005282401869   0.006778676801   0.008688135712   0.01111816392   0.01419992014   0.01809110582   0.02297750741   0.02907223168   0.03661123888   0.04584363169   0.05701542317   0.07034646649   0.08600205123   0.1040631509   0.1245016344   0.1471676249   0.1717944317   0.1980220574   0.2254347791   0.2536042372   0.2821286966   0.3106616622   0.3389271833   0.3667229707   0.3939146647   0.4204251173   0.4462219404   0.4713055231   0.4956987001   0.5194384979   0.5425699202   0.5651415009   0.5872022744   0.6087998226   0.6299791047   0.6507818346   0.6712462276   0.6914069884   0.7112954446   0.7309397657   0.7503652227   0.7695944615   0.7886477723   0.8075433456   0.8262975087   0.8449249398   0.8634388609   0.8818512082   0.9001727834   0.9184133859   0.9365819293   0.9546865424   0.9727346584   0.9907330917   1.008688106   1.026605472   1.044490522   1.062348192   1.080183061   1.09799939   1.115801147   1.13359204   1.151375537   1.169154886   1.18693314   1.204713167   1.222497669   1.240289195   1.258090151   1.275902815   1.293729341   1.311571774   1.329432054   1.347312024   1.365213438   1.383137965   1.401087196   1.419062651   1.437065778   1.455097962   1.473160529   1.491254747   1.50938183   1.527542942   1.5457392   1.563971676   1.582241401   1.600549363   1.618896514   1.63728377   1.655712013   1.674182093   1.692694827   1.711251006   1.72985139   1.748496717   1.767187694   1.78592501   1.804709327   1.823541286   1.842421509   1.861350595   1.880329126   1.899357667   
28.92211055   1.089041677e-13   1.403637327e-13   1.80911143e-13   2.331716395e-13   3.005288262e-13   3.87343742e-13   4.992372158e-13   6.43453787e-13   8.293307528e-13   1.068902711e-12   1.377680741e-12   1.775656666e-12   2.288597424e-12   2.949713349e-12   3.801808368e-12   4.900051348e-12   6.315547993e-12   8.139944588e-12   1.049136163e-11   1.352204154e-11   1.74282056e-11   2.246275826e-11   2.895166148e-11   3.731503908e-11   4.809437768e-11   6.19875852e-11   7.989417691e-11   1.029735145e-10   1.32719869e-10   1.71059167e-10   2.204736853e-10   2.841627652e-10   3.662499541e-10   4.720499842e-10   6.084128752e-10   7.841674379e-10   1.010692896e-09   1.302655632e-09   1.678958763e-09   2.163966024e-09   2.789079192e-09   3.594771198e-09   4.63320654e-09   5.971618678e-09   7.696663054e-09   9.920027595e-09   1.278566395e-08   1.64791076e-08   2.123949038e-08   2.737502303e-08   3.528295022e-08   4.547527016e-08   5.861188381e-08   7.554332e-08   9.736580272e-08   1.254922257e-07   1.617436298e-07   2.084671048e-07   2.686877508e-07   3.46304535e-07   4.463427261e-07   5.752792479e-07   7.414620156e-07   9.556504013e-07   1.231711816e-06   1.587519499e-06   2.046109631e-06   2.637172657e-06   3.398975339e-06   4.380837924e-06   5.646326678e-06   7.277368328e-06   9.379552489e-06   1.208896486e-05   1.55809928e-05   2.008167196e-05   2.588230634e-05   3.335830446e-05   4.299344482e-05   5.541113115e-05   7.141464334e-05   9.203896102e-05   0.0001186174664   0.0001528677648   0.0001970020451   0.0002538689047   0.0003271354538   0.0004215208809   0.0005430955955   0.0006996636521   0.0009012504696   0.001160722895   0.001494574319   0.001923913486   0.002475701099   0.003184281975   0.00409325977   0.005257752225   0.006747041002   0.008647582008   0.01106625684   0.01413360786   0.01800659371   0.02287012284   0.02893629036   0.03643992908   0.04562893989   0.0567481307   0.07001624849   0.08559770334   0.1035729513   0.1239138216   0.1464709389   0.1709786417   0.1970783934   0.2243562034   0.2523855288   0.2807663627   0.3091537206   0.3372728737   0.364922447   0.3919687081   0.4183348918   0.4439888   0.4689308688   0.4931838804   0.5167847449   0.5397783116   0.5622129415   0.5841374906   0.6055993661   0.6266433607   0.6473110328   0.6676404561   0.6876662057   0.7074194929   0.7269283828   0.7462180529   0.7653110656   0.7842276366   0.8029858902   0.8216020941   0.8400908735   0.8584654029   0.8767375757   0.8949181553   0.9130169064   0.9310427114   0.9490036706   0.9669071914   0.9847600647   1.002568533   1.020338347   1.03807482   1.055782873   1.073467069   1.091131654   1.108780585   1.126417555   1.144046022   1.161669224   1.179290203   1.196911818   1.214536763   1.232167577   1.24980666   1.267456282   1.285118591   1.302795624   1.320489316   1.338201504   1.355933936   1.373688277   1.391466113   1.409268957   1.427098254   1.444955386   1.462841673   1.48075838   1.498706717   1.516687844   1.534702876   1.552752881   1.570838886   1.588961877   1.607122804   1.625322578   1.64356208   1.661842155   1.680163621   1.698527265   1.716933845   1.735384095   1.753878724   1.772418414   1.791003828   1.809635605   1.828314364   1.847040704   1.865815204   
29.1758794   8.410511658e-14   1.084008845e-13   1.397150642e-13   1.800750912e-13   2.320940741e-13   2.991399803e-13   3.855536949e-13   4.96930071e-13   6.404801684e-13   8.254981335e-13   1.063962949e-12   1.37131401e-12   1.767450753e-12   2.278021038e-12   2.936081721e-12   3.78423892e-12   4.877406545e-12   6.286361699e-12   8.102327138e-12   1.044287748e-11   1.34595516e-11   1.734766394e-11   2.235895022e-11   2.881786601e-11   3.71425936e-11   4.787211721e-11   6.17011195e-11   7.952495877e-11   1.024976389e-10   1.321065254e-10   1.702686445e-10   2.194548015e-10   2.828495525e-10   3.645573885e-10   4.698684808e-10   6.056011926e-10   7.805435337e-10   1.00602214e-09   1.296635617e-09   1.671199724e-09   2.153965601e-09   2.776189909e-09   3.578158538e-09   4.611794918e-09   5.944021799e-09   7.661094158e-09   9.874183776e-09   1.272657705e-08   1.640295204e-08   2.114133548e-08   2.724851374e-08   3.511989572e-08   4.526511348e-08   5.834101838e-08   7.519420865e-08   9.691584225e-08   1.249122835e-07   1.609961575e-07   2.075037075e-07   2.674460534e-07   3.44704144e-07   4.442800246e-07   5.726206869e-07   7.380354675e-07   9.512340157e-07   1.226019656e-06   1.580183031e-06   2.036653862e-06   2.624985383e-06   3.383267515e-06   4.360592576e-06   5.620233071e-06   7.243737116e-06   9.336206356e-06   1.203309759e-05   1.550898765e-05   1.998886758e-05   2.576269515e-05   3.320414397e-05   4.27947568e-05   5.515505631e-05   7.108461006e-05   9.161361447e-05   0.0001180692894   0.000152161302   0.0001960916168   0.0002526956656   0.0003256236089   0.0004195728218   0.0005405856535   0.0006964300817   0.0008970851745   0.001155358285   0.001487666529   0.001915021011   0.002464257696   0.003169562441   0.004074336997   0.005233443744   0.006715843108   0.008607589733   0.01101506849   0.01406821401   0.01792325245   0.02276422658   0.02880223406   0.0362709962   0.04541722921   0.05648455328   0.06969062555   0.0851989901   0.1030895945   0.123334231   0.1457840212   0.1701743214   0.1961480385   0.2232928929   0.2511841356   0.2794234657   0.3076673902   0.335642386   0.3631479803   0.3900510593   0.4162752351   0.4417884966   0.4665913259   0.4907064529   0.5141706721   0.53702868   0.5593286665   0.5811193115   0.6024478488   0.6233589065   0.6438938899   0.6640907318   0.6839838798   0.70360443   0.722980344   0.7421367071   0.7610959991   0.7798783622   0.7985018547   0.8169826859   0.8353354284   0.8535732095   0.8717078807   0.8897501671   0.9077097995   0.9255956289   0.9434157278   0.961177478   0.9788876471   0.996552456   1.014177637   1.031768485   1.049329903   1.066866441   1.084382331   1.101881514   1.119367675   1.136844257   1.15431449   1.171781405   1.189247852   1.206716516   1.224189929   1.241670483   1.25916044   1.276661942   1.29417702   1.311707602   1.329255519   1.346822515   1.364410248   1.3820203   1.399654181   1.417313329   1.434999123   1.452712879   1.470455856   1.488229264   1.506034258   1.523871948   1.541743401   1.559649639   1.577591647   1.59557037   1.613586718   1.631641568   1.649735765   1.667870122   1.686045424   1.704262427   1.722521864   1.74082444   1.759170837   1.777561714   1.79599771   1.81447944   1.833007503   
29.42964824   6.495592067e-14   8.371998686e-14   1.079045009e-13   1.390752883e-13   1.792505008e-13   2.310312811e-13   2.977701743e-13   3.837881877e-13   4.946545549e-13   6.375473153e-13   8.21718056e-13   1.059090906e-12   1.365034561e-12   1.759357336e-12   2.267589644e-12   2.92263697e-12   3.766910332e-12   4.855072182e-12   6.257575522e-12   8.065225388e-12   1.039505801e-11   1.339791833e-11   1.726822643e-11   2.225656529e-11   2.868590476e-11   3.697251219e-11   4.765290373e-11   6.141858098e-11   7.916080226e-11   1.020282871e-10   1.315015901e-10   1.694889593e-10   2.184498856e-10   2.815543427e-10   3.628880265e-10   4.677168838e-10   6.028280555e-10   7.769693098e-10   1.001415417e-09   1.290698132e-09   1.663547054e-09   2.144102276e-09   2.763477326e-09   3.561773623e-09   4.59067683e-09   5.916803247e-09   7.626012879e-09   9.828968434e-09   1.266830018e-08   1.632784051e-08   2.104452619e-08   2.712373878e-08   3.495907654e-08   4.505783786e-08   5.807386626e-08   7.484988328e-08   9.647205032e-08   1.243402917e-07   1.602589323e-07   2.065535174e-07   2.662213785e-07   3.431256929e-07   4.422456008e-07   5.699985723e-07   7.346558941e-07   9.468781746e-07   1.220405531e-06   1.572947139e-06   2.027327722e-06   2.612965185e-06   3.36777503e-06   4.340624773e-06   5.594497184e-06   7.210566957e-06   9.293454459e-06   1.197799621e-05   1.543796962e-05   1.989733546e-05   2.564472373e-05   3.305209689e-05   4.259879261e-05   5.490249203e-05   7.075910125e-05   9.119409907e-05   0.0001175286275   0.0001514645242   0.0001951936699   0.0002515385109   0.0003241324904   0.0004176514697   0.0005381101219   0.0006932408428   0.0008929769857   0.001150067225   0.001480853449   0.001906250463   0.002452971201   0.003155044746   0.004055673719   0.005209468642   0.006685073127   0.008568146077   0.01096458249   0.01400371762   0.01784105531   0.02265978463   0.0286700197   0.03610438588   0.04520843146   0.05622460586   0.06936949232   0.08480578215   0.1026129231   0.122762673   0.1451066463   0.1693812056   0.1952306841   0.2222444924   0.2499996532   0.2780995502   0.3062021625   0.3340351574   0.3613989521   0.3881610433   0.4142454151   0.4396202404   0.4642860459   0.4882655098   0.5115953116   0.5343199969   0.5564875861   0.5781465846   0.5993440551   0.6201244628   0.6405290615   0.6605956448   0.6803585339   0.6998487111   0.719094036   0.7381195024   0.7569475083   0.7755981233   0.7940893408   0.8124373118   0.8306565571   0.8487601575   0.8667599226   0.8846665401   0.9024897068   0.9202382431   0.9379201937   0.9555429151   0.9731131519   0.990637104   1.008120484   1.02556857   1.042986249   1.060378054   1.077748204   1.095100629   1.112438999   1.129766748   1.147087094   1.164403059   1.181717484   1.199033046   1.216352269   1.233677536   1.251011103   1.268355105   1.285711566   1.30308241   1.32046946   1.337874456   1.355299051   1.372744822   1.390213272   1.407705839   1.425223895   1.442768752   1.460341667   1.477943843   1.495576434   1.513240548   1.530937245   1.548667548   1.566432435   1.584232851   1.602069703   1.619943865   1.637856179   1.655807456   1.673798478   1.691830001   1.709902753   1.728017439   1.746174738   1.764375307   1.782619783   1.800908781   
29.68341709   5.016873427e-14   6.466116914e-14   8.334008932e-14   1.074148609e-13   1.384442041e-13   1.784371129e-13   2.299829267e-13   2.964189777e-13   3.820466658e-13   4.92409953e-13   6.346543065e-13   8.179893326e-13   1.054285052e-12   1.358840422e-12   1.751373872e-12   2.257299966e-12   2.909374873e-12   3.749817162e-12   4.833041242e-12   6.229180421e-12   8.028627684e-12   1.034788819e-11   1.333712237e-11   1.718986812e-11   2.215557132e-11   2.855573626e-11   3.680474142e-11   4.743666838e-11   6.113988089e-11   7.880159301e-11   1.015653117e-10   1.309048732e-10   1.687198665e-10   2.17458622e-10   2.80276729e-10   3.612413437e-10   4.655945173e-10   6.000925928e-10   7.734436436e-10   9.968712777e-10   1.28484131e-09   1.65599835e-09   2.134372948e-09   2.750937451e-09   3.545611305e-09   4.569845641e-09   5.889954473e-09   7.591408197e-09   9.784367365e-09   1.261081502e-08   1.62537494e-08   2.09490321e-08   2.700065895e-08   3.480044217e-08   4.485337818e-08   5.781034353e-08   7.451023575e-08   9.603428754e-08   1.237760708e-07   1.595317228e-07   2.056162361e-07   2.650133414e-07   3.415686858e-07   4.402388157e-07   5.674120804e-07   7.31322234e-07   9.425815098e-07   1.214867677e-06   1.565809551e-06   2.018128283e-06   2.601108288e-06   3.352493018e-06   4.320928242e-06   5.569110931e-06   7.177847431e-06   9.251283368e-06   1.192364341e-05   1.53679164e-05   1.980704685e-05   2.5528355e-05   3.290211545e-05   4.24054907e-05   5.465335898e-05   7.043801467e-05   9.078028303e-05   0.0001169953108   0.0001507772127   0.0001943079223   0.0002503970769   0.0003226616301   0.0004157562209   0.0005356682231   0.0006900949335   0.0008889246125   0.001144848053   0.001474132939   0.001897599083   0.002441838068   0.003140724328   0.004037264069   0.005185819383   0.006654721385   0.008529238633   0.01091478294   0.01394009839   0.01775997639   0.02255676407   0.02853960557   0.03594004551   0.04500248059   0.05596820606   0.06905274682   0.08441795428   0.1021427848   0.1221989644   0.1444385959   0.1685990372   0.1943260311   0.221210658   0.2488316903   0.2767941752   0.3047575454   0.3324506432   0.3596747644   0.3862980077   0.4122447241   0.4374832676   0.4620142086   0.4858601735   0.5090577281   0.5316512683   0.5536886468   0.5752181966   0.5962868108   0.6169387939   0.6372152492   0.6571538332   0.676788742   0.6961508453   0.7152679016   0.7341648143   0.7528639008   0.7713851587   0.7897465168   0.807964069   0.8260522847   0.8440241986   0.861891579   0.8796650765   0.8973543542   0.9149682023   0.932514638   0.9500009927   0.9674339885   0.9848198042   1.002164134   1.019472237   1.036748985   1.053998897   1.071226177   1.088434742   1.105628251   1.122810127   1.139983577   1.157151614   1.17431707   1.191482613   1.208650759   1.225823884   1.243004237   1.260193946   1.27739503   1.294609404   1.31183889   1.329085218   1.346350038   1.363634923   1.380941371   1.398270815   1.415624622   1.433004102   1.450410507   1.467845038   1.485308844   1.502803029   1.520328653   1.537886731   1.555478243   1.573104129   1.590765293   1.608462607   1.62619691   1.643969012   1.661779691   1.679629702   1.69751977   1.715450598   1.733422864   1.751437223   1.769494309   
29.93718593   3.87494281e-14   4.994312416e-14   6.437038618e-14   8.296530677e-14   1.069318135e-13   1.378216169e-13   1.776346765e-13   2.289486875e-13   2.950859739e-13   3.803285921e-13   4.901955726e-13   6.318002496e-13   8.143108133e-13   1.049543904e-12   1.352729681e-12   1.743497898e-12   2.247148829e-12   2.896291339e-12   3.732954137e-12   4.81130693e-12   6.201167634e-12   7.992522736e-12   1.030135346e-11   1.327714499e-11   1.711256483e-11   2.205593714e-11   2.842732037e-11   3.663922955e-11   4.722334445e-11   6.086493326e-11   7.844722019e-11   1.011085699e-10   1.303161906e-10   1.679611289e-10   2.16480705e-10   2.790163173e-10   3.59616832e-10   4.635007267e-10   5.973939608e-10   7.699654474e-10   9.923883216e-10   1.279063345e-09   1.648551282e-09   2.124774617e-09   2.738566413e-09   3.529666599e-09   4.549294927e-09   5.863467195e-09   7.557269437e-09   9.74036681e-09   1.255410386e-08   1.618065587e-08   2.085482376e-08   2.687923629e-08   3.464394367e-08   4.465167137e-08   5.755036891e-08   7.417516128e-08   9.560241884e-08   1.232194466e-07   1.588143044e-07   2.046915745e-07   2.638215695e-07   3.400326425e-07   4.382590502e-07   5.648604134e-07   7.280334587e-07   9.383426959e-07   1.209404385e-06   1.558768063e-06   2.009052706e-06   2.589411034e-06   3.337416766e-06   4.301496909e-06   5.544066483e-06   7.145568445e-06   9.209680074e-06   1.187002242e-05   1.52988064e-05   1.97179739e-05   2.541355309e-05   3.275415338e-05   4.221479145e-05   5.440758031e-05   7.012125126e-05   9.037203871e-05   0.0001164691748   0.0001500991553   0.0001934341006   0.0002492710117   0.000321210574   0.0004138864908   0.0005332592036   0.0006869913835   0.0008849268046   0.00113969916   0.001467502924   0.001889064204   0.00243085486   0.003126596769   0.004019102365   0.005162488666   0.006624778509   0.008490855383   0.01086565445   0.01387733665   0.01767999063   0.02245513303   0.02841095127   0.0357779241   0.04479931261   0.05571527408   0.06874029025   0.08403538518   0.1016790321   0.1216429277   0.1437796587   0.1678275675   0.1934337902   0.2201910567   0.2476798679   0.2755069139   0.3033330627   0.3308883165   0.3579748384   0.384461321   0.4102724773   0.4353768395   0.4597750207   0.4834895955   0.5065570173   0.5290215333   0.5509308307   0.5723330715   0.5932749816   0.6138007056   0.633951199   0.6537639819   0.673273127   0.6925093925   0.7115004371   0.7302710746   0.7488435427   0.7672377676   0.7854716149   0.8035611212   0.8215207053   0.8393633565   0.8571008021   0.8747436559   0.8923015478   0.9097832381   0.9271967168   0.9445492906   0.9618476589   0.97909798   0.996305929   1.013476749   1.030615293   1.047726068   1.064813263   1.081880783   1.098932275   1.11597115   1.133000607   1.150023649   1.167043097   1.184061613   1.201081703   1.218105738   1.235135959   1.252174486   1.269223334   1.286284411   1.303359533   1.320450426   1.337558735   1.354686027   1.371833796   1.38900347   1.406196414   1.423413933   1.440657274   1.457927636   1.475226164   1.492553959   1.509912076   1.527301531   1.544723297   1.562178314   1.579667482   1.597191671   1.614751717   1.632348428   1.64998258   1.667654925   1.685366188   1.703117067   1.72090824   1.738740359   
30.19095477   2.993056303e-14   3.857671969e-14   4.972052481e-14   6.408348369e-14   8.259552566e-14   1.064552123e-13   1.372073381e-13   1.768429486e-13   2.279282502e-13   2.937707588e-13   3.786334458e-13   4.880107429e-13   6.289842798e-13   8.106813835e-13   1.044866027e-12   1.346700488e-12   1.735727028e-12   2.237133158e-12   2.883382403e-12   3.716316147e-12   4.78986266e-12   6.173528676e-12   7.956899606e-12   1.025543974e-11   1.321796799e-11   1.703629315e-11   2.195763256e-11   2.830061818e-11   3.647592641e-11   4.70128673e-11   6.059365477e-11   7.809757645e-11   1.006579232e-10   1.297353639e-10   1.672125165e-10   2.155158381e-10   2.777727256e-10   3.580139992e-10   4.614348775e-10   5.947313418e-10   7.665336674e-10   9.879651902e-10   1.273362487e-09   1.641203595e-09   2.115304375e-09   2.726360466e-09   3.513934673e-09   4.529018459e-09   5.837333387e-09   7.523586255e-09   9.696953438e-09   1.24981495e-08   1.610853776e-08   2.076187262e-08   2.6759434e-08   3.448953364e-08   4.445265632e-08   5.729386363e-08   7.384455835e-08   9.51763134e-08   1.226702504e-07   1.5810646e-07   2.037792525e-07   2.626457016e-07   3.385170976e-07   4.363057045e-07   5.623427981e-07   7.247885717e-07   9.341604486e-07   1.204014e-06   1.551820544e-06   2.000098242e-06   2.577869879e-06   3.322541705e-06   4.282324885e-06   5.519356251e-06   7.11372022e-06   9.168631973e-06   1.1817117e-05   1.523061866e-05   1.963008962e-05   2.530028319e-05   3.260816586e-05   4.202663706e-05   5.416508154e-05   6.980871505e-05   8.99692424e-05   0.0001159500601   0.0001494301466   0.0001925719402   0.000248159974   0.0003197788827   0.0004120417128   0.0005308823335   0.0006839292521   0.0008809823506   0.001134618983   0.001460961397   0.001880643238   0.002420018249   0.003112657784   0.0040011831   0.005139469417   0.006595235419   0.008452984685   0.01081718212   0.01381541335   0.01760107371   0.02235486059   0.02828401764   0.03561797227   0.04459886553   0.05546573262   0.06843202691   0.08365795736   0.1012215222   0.1210943908   0.1431296299   0.1670665556   0.192553681   0.2191853661   0.2465438193   0.2742373533   0.3019282534   0.3293476672   0.3562986139   0.3826503724   0.4083280122   0.4333002415   0.4575677148   0.4811529552   0.5040923045   0.5264298629   0.5482131535   0.5694901694   0.5903074705   0.6107090441   0.6307356988   0.65042482   0.6698103583   0.6889229617   0.7077901899   0.7264367684   0.744884856   0.7631543083   0.7812629278   0.7992266954   0.8170599792   0.8347757235   0.8523856154   0.8699002321   0.8873291708   0.904681162   0.9219641688   0.9391854735   0.9563517532   0.9734691457   0.9905433075   1.007579464   1.024582454   1.041556768   1.058506583   1.07543579   1.092348026   1.109246691   1.126134973   1.143015865   1.159892181   1.176766573   1.193641541   1.210519447   1.227402525   1.244292891   1.261192551   1.278103409   1.295027274   1.311965869   1.328920831   1.345893725   1.362886039   1.379899198   1.396934562   1.413993431   1.431077051   1.448186616   1.465323267   1.482488103   1.499682175   1.516906497   1.534162038   1.551449736   1.568770488   1.586125162   1.603514591   1.620939581   1.638400906   1.655899315   1.673435531   1.691010251   1.70862415   
30.44472362   2.311966863e-14   2.979833607e-14   3.840629582e-14   4.950086994e-14   6.380037628e-14   8.223063592e-14   1.059849154e-13   1.366011848e-13   1.760616935e-13   2.269213109e-13   2.924729411e-13   3.769607225e-13   4.858548136e-13   6.262055589e-13   8.070999629e-13   1.040250028e-12   1.340751047e-12   1.728058949e-12   2.227249972e-12   2.870644223e-12   3.69989824e-12   4.76870205e-12   6.146255319e-12   7.921747689e-12   1.021013336e-11   1.315957378e-11   1.696103038e-11   2.186062834e-11   2.817559198e-11   3.63147834e-11   4.68051743e-11   6.032596469e-11   7.775255771e-11   1.002132376e-10   1.291622202e-10   1.664738066e-10   2.145637342e-10   2.765455839e-10   3.564323683e-10   4.593963548e-10   5.921039433e-10   7.631472822e-10   9.836005668e-10   1.267737038e-09   1.633953101e-09   2.105959404e-09   2.714315977e-09   3.498410845e-09   4.509010204e-09   5.81154527e-09   7.490348626e-09   9.654114328e-09   1.24429353e-08   1.603737361e-08   2.067015101e-08   2.664121642e-08   3.43371661e-08   4.425627379e-08   5.704075133e-08   7.351832855e-08   9.475584437e-08   1.221283189e-07   1.574079788e-07   2.028789984e-07   2.614853879e-07   3.370215999e-07   4.343781972e-07   5.598584853e-07   7.215866074e-07   9.30033523e-07   1.198694917e-06   1.544964925e-06   1.991262225e-06   2.566481387e-06   3.307863407e-06   4.263406463e-06   5.49497288e-06   7.082293275e-06   9.128126847e-06   1.17649114e-05   1.516333289e-05   1.954336786e-05   2.518851161e-05   3.246410943e-05   4.184097154e-05   5.39257905e-05   6.950031301e-05   8.957177422e-05   0.0001154378122   0.0001487699875   0.0001917211844   0.0002470636331   0.0003183661298   0.0004102213379   0.0005285369054   0.000680907628   0.0008770900763   0.001129606011   0.001454506408   0.001872333678   0.002409325007   0.003098903225   0.003983500938   0.005116754778   0.006566083311   0.008415615251   0.0107693515   0.01375431002   0.0175232021   0.02225591681   0.02815876675   0.03546014215   0.04440107928   0.05521950676   0.06812786403   0.08328555695   0.1007701165   0.120553187   0.1424883111   0.166315768   0.191685432   0.218193274   0.2454231892   0.2729850931   0.3005426711   0.3278282014   0.3546455487   0.3808645703   0.4064106877   0.431252782   0.4553915484   0.4788494585   0.5016627435   0.5238753582   0.5455346632   0.5666884843   0.5873832174   0.6076626937   0.6275675769   0.647135119   0.6663991498   0.6853902084   0.7041357566   0.7226604324   0.7409863164   0.7591331945   0.7771188071   0.7949590793   0.8126683297   0.8302594578   0.8477441107   0.8651328298   0.8824351796   0.8996598614   0.9168148115   0.933907288   0.950943946   0.9679309031   0.9848737974   1.001777837   1.018647846   1.035488299   1.05230336   1.069096909   1.08587257   1.102633733   1.119383576   1.136125082   1.152861057   1.169594144   1.186326837   1.203061489   1.219800328   1.236545463   1.253298894   1.27006252   1.286838144   1.303627484   1.320432172   1.337253768   1.354093756   1.370953557   1.387834527   1.404737961   1.421665103   1.438617141   1.455595216   1.472600422   1.489633807   1.506696381   1.523789113   1.540912935   1.558068744   1.575257404   1.592479747   1.609736574   1.62702866   1.644356751   1.661721566   1.679123802   
30.69849246   1.785932967e-14   2.301842279e-14   2.966784296e-14   3.823810665e-14   4.928409532e-14   6.352098115e-14   8.187053084e-14   1.055207854e-13   1.360029798e-13   1.752906827e-13   2.259275752e-13   2.911921412e-13   3.75309933e-13   4.837271543e-13   6.234632744e-13   8.035655041e-13   1.035694556e-12   1.334879619e-12   1.720491419e-12   2.217496381e-12   2.858073074e-12   3.683695616e-12   4.747818911e-12   6.119339587e-12   7.887056707e-12   1.016542106e-11   1.310194527e-11   1.68867545e-11   2.17648961e-11   2.805220519e-11   3.61557534e-11   4.66002047e-11   6.006178473e-11   7.741206307e-11   9.977438293e-11   1.28596592e-10   1.657447832e-10   2.13624115e-10   2.753345332e-10   3.548714768e-10   4.573845625e-10   5.895109969e-10   7.598053014e-10   9.792931752e-10   1.262185353e-09   1.62679768e-09   2.096736969e-09   2.702429422e-09   3.483090576e-09   4.48926431e-09   5.786095303e-09   7.45754683e-09   9.611836952e-09   1.238844509e-08   1.596714262e-08   2.057963212e-08   2.652454899e-08   3.41867965e-08   4.406246635e-08   5.679095801e-08   7.319637648e-08   9.43408888e-08   1.215934936e-07   1.567186564e-07   2.01990549e-07   2.603402889e-07   3.355457121e-07   4.324759646e-07   5.574067483e-07   7.184266293e-07   9.259607123e-07   1.193445582e-06   1.538199201e-06   1.982542072e-06   2.555242229e-06   3.293377581e-06   4.244736112e-06   5.470909239e-06   7.051278421e-06   9.08815285e-06   1.171339036e-05   1.509692942e-05   1.945778325e-05   2.507820565e-05   3.232194196e-05   4.16577406e-05   5.36896372e-05   6.919595496e-05   8.917951793e-05   0.0001149322813   0.0001481184849   0.0001908815844   0.0002459816684   0.0003169719023   0.0004084248336   0.0005262222332   0.0006779256273   0.0008732488434   0.001124658779   0.001448136071   0.001864133094   0.002398772008   0.003085329066   0.003966050705   0.005094338103   0.006537313654   0.008378736141   0.01072214858   0.01369400875   0.01744635295   0.02215827267   0.0280351618   0.03530438734   0.04420589573   0.05497652388   0.06782771171   0.08291807358   0.1003246807   0.120019155   0.1418555102   0.1655749785   0.1908287802   0.2172144778   0.2443176334   0.2717497458   0.2991758832   0.3263294408   0.3530151176   0.3791033421   0.4045198829   0.4292337914   0.4532458026   0.476578337   0.4992675158   0.5213571498   0.5428944389   0.5639270432   0.5845011964   0.6046605752   0.6244457003   0.6438936913   0.6630382586   0.6819098333   0.7005357807   0.7189406521   0.7371464508   0.7551728938   0.7730376599   0.790756619   0.8083440406   0.8258127802   0.8431744452   0.8604395414   0.8776176011   0.8947172965   0.9117465377   0.9287125587   0.9456219927   0.9624809374   0.9792950126   0.9960694099   1.012808937   1.029518055   1.046200915   1.062861384   1.079503075   1.096129367   1.112743428   1.129348232   1.145946578   1.162541099   1.17913428   1.19572847   1.212325888   1.228928638   1.245538714   1.262158008   1.278788319   1.295431358   1.312088754   1.328762062   1.345452762   1.362162269   1.378891935   1.395643055   1.412416866   1.429214553   1.446037254   1.462886059   1.479762015   1.496666128   1.513599363   1.530562652   1.547556887   1.56458293   1.581641611   1.59873373   1.615860057   1.633021338   1.650218289   
30.95226131   1.379638298e-14   1.77817971e-14   2.29184931e-14   2.953904618e-14   3.807210386e-14   4.907013867e-14   6.324521802e-14   8.151510696e-14   1.050626889e-13   1.354125511e-13   1.745296947e-13   2.249467576e-13   2.899279911e-13   3.73680603e-13   4.816271534e-13   6.207566383e-13   8.000769916e-13   1.031198304e-12   1.329084517e-12   1.713022264e-12   2.207869582e-12   2.845665344e-12   3.667703617e-12   4.727207242e-12   6.092773747e-12   7.85281669e-12   1.012129e-11   1.304506589e-11   1.681344416e-11   2.167040833e-11   2.793042238e-11   3.599879072e-11   4.63978996e-11   5.980103898e-11   7.70759947e-11   9.934123319e-11   1.280383166e-10   1.650252367e-10   2.126967103e-10   2.741392256e-10   3.53330876e-10   4.553989226e-10   5.869517574e-10   7.565067647e-10   9.750417775e-10   1.256705838e-09   1.619735276e-09   2.087634421e-09   2.690697387e-09   3.467969463e-09   4.469775102e-09   5.760976174e-09   7.425171441e-09   9.570109161e-09   1.233466323e-08   1.589782459e-08   2.049028993e-08   2.640939817e-08   3.403838163e-08   4.387117832e-08   5.654441187e-08   7.287860963e-08   9.393132744e-08   1.210656207e-07   1.56038295e-07   2.01113649e-07   2.592100757e-07   3.340890101e-07   4.305984601e-07   5.549868827e-07   7.153077293e-07   9.219408461e-07   1.188264486e-06   1.531521428e-06   1.973935276e-06   2.544149174e-06   3.279080063e-06   4.226308467e-06   5.447158414e-06   7.020666744e-06   9.048698495e-06   1.166253906e-05   1.503138916e-05   1.93733112e-05   2.496933361e-05   3.21816226e-05   4.147689157e-05   5.34565538e-05   6.889555344e-05   8.879236082e-05   0.0001144333221   0.0001474754516   0.0001900528989   0.0002449137689   0.0003155957995   0.0004066516837   0.0005239376518   0.0006749823931   0.0008694575478   0.001119775863   0.001441848553   0.001856039128   0.002388356217   0.003071931404   0.003948827385   0.005072212945   0.006508918172   0.008342336743   0.01067555976   0.01363449218   0.01737050414   0.02206190001   0.02791316714   0.03515066284   0.04401325829   0.05473671356   0.06753148277   0.08255540023   0.09988508494   0.1194921379   0.1412310406   0.1648439679   0.1899834704   0.2162486842   0.2432268182   0.2705309357   0.2978274708   0.3248509218   0.3514068119   0.3773661331   0.4026549964   0.4272426214   0.4511297816   0.4743388465   0.4969058287   0.5188743961   0.5402915892   0.5612049046   0.5816604153   0.6017016454   0.6213689731   0.6406993881   0.6597264822   0.6784805799   0.6969889507   0.7152760603   0.7333638355   0.7512719249   0.7690179466   0.7866177159   0.8040854537   0.8214339718   0.8386748384   0.855818524   0.8728745292   0.8898514974   0.9067573124   0.9235991847   0.9403837257   0.9571170136   0.9738046498   0.9904518094   1.007063285   1.023643523   1.040196662   1.056726556   1.073236808   1.089730785   1.106211647   1.122682357   1.139145706   1.15560432   1.172060676   1.188517115   1.204975851   1.22143898   1.23790849   1.254386269   1.270874109   1.287373717   1.303886717   1.320414658   1.336959017   1.353521206   1.370102572   1.386704405   1.40332794   1.419974358   1.436644794   1.453340334   1.470062023   1.486810864   1.503587819   1.520393816   1.537229747   1.554096471   1.570994814   1.587925574   1.604889521   1.621887397   
31.20603015   1.065814402e-14   1.3737003e-14   1.77052638e-14   2.281985132e-14   2.941190938e-14   3.790824057e-14   4.885893956e-14   6.2973009e-14   8.116426388e-14   1.046104964e-13   1.348297321e-13   1.737785145e-13   2.239785811e-13   2.886801337e-13   3.720722722e-13   4.79554218e-13   6.18084886e-13   7.9663344e-13   1.02676e-12   1.323364103e-12   1.705649373e-12   2.198366855e-12   2.833417529e-12   3.651917728e-12   4.706861223e-12   6.066550295e-12   7.819017969e-12   1.007772771e-11   1.29889196e-11   1.674107867e-11   2.157713834e-11   2.781020913e-11   3.584385101e-11   4.619820187e-11   5.95436538e-11   7.674425767e-11   9.891366602e-11   1.274872365e-10   1.643149639e-10   2.117812583e-10   2.729593234e-10   3.51810131e-10   4.534388741e-10   5.844255023e-10   7.532507404e-10   9.708451731e-10   1.251296944e-09   1.612763895e-09   2.07864919e-09   2.679116557e-09   3.453043235e-09   4.450537077e-09   5.736180787e-09   7.393213316e-09   9.528919169e-09   1.228157453e-08   1.582939995e-08   2.04020992e-08   2.629573146e-08   3.389187958e-08   4.368235566e-08   5.630104329e-08   7.256493825e-08   9.352704464e-08   1.205445512e-07   1.553667022e-07   2.002480508e-07   2.580944289e-07   3.326510825e-07   4.287451534e-07   5.525982051e-07   7.122290266e-07   9.179727892e-07   1.183150165e-06   1.524929721e-06   1.965439408e-06   2.533199089e-06   3.264966816e-06   4.208118322e-06   5.423713696e-06   6.990449601e-06   9.00975264e-06   1.161234315e-05   1.49666936e-05   1.928992784e-05   2.486186476e-05   3.204311173e-05   4.129837339e-05   5.322647445e-05   6.859902359e-05   8.841019353e-05   0.0001139407936   0.000146840706   0.0001892348939   0.0002438596331   0.0003142374328   0.0004049013873   0.0005216825159   0.0006720770941   0.0008657151188   0.001114955885   0.00143564208   0.001848049494   0.002378074692   0.003058706456   0.003931826108   0.005050373051   0.006480888838   0.008306406765   0.01062957188   0.01357574347   0.01729563417   0.02196677153   0.02779274816   0.034998925   0.04382311217   0.05450000748   0.06723909265   0.08219743311   0.09945120281   0.1189719841   0.1406147217   0.1641225234   0.1891492554   0.2152956088   0.2421504202   0.2693282987   0.2964970278   0.3233921955   0.3498201386   0.3756524057   0.4008154459   0.425278644   0.4490428113   0.4721302668   0.4945769148   0.516426282   0.5377252515   0.5585211574   0.5788599138   0.5987848939   0.618336335   0.6375510981   0.6564626577   0.6751012328   0.6934939981   0.7116653346   0.7296370935   0.7474288558   0.7650581791   0.782540825   0.7998909663   0.8171213714   0.8342435698   0.8512679971   0.8682041224   0.8850605606   0.9018451697   0.9185651367   0.9352270516   0.951836973   0.9684004844   0.9849227444   1.00140853   1.017862275   1.034288103   1.050689858   1.06707113   1.083435277   1.099785449   1.1161246   1.132455512   1.148780803   1.165102943   1.181424266   1.197746978   1.214073171   1.230404826   1.246743825   1.263091955   1.279450919   1.295822335   1.312207748   1.328608631   1.345026391   1.361462371   1.377917858   1.394394083   1.410892225   1.427413414   1.443958734   1.460529226   1.47712589   1.493749688   1.510401542   1.527082343   1.543792947   1.560534179   1.577306834   1.594111679   
31.45979899   8.234057691e-15   1.061266155e-14   1.367838183e-14   1.762970851e-14   2.272247009e-14   2.928639726e-14   3.774647127e-14   4.865043935e-14   6.270427854e-14   8.081790421e-14   1.041640825e-13   1.342543609e-13   1.730369336e-13   2.230227769e-13   2.874482227e-13   3.704844943e-13   4.775077725e-13   6.15447276e-13   7.932338935e-13   1.022378414e-12   1.317716791e-12   1.6983707e-12   2.188985564e-12   2.821326228e-12   3.636333567e-12   4.686775205e-12   6.040661951e-12   7.785651161e-12   1.00347221e-11   1.29334908e-11   1.666963794e-11   2.148506025e-11   2.769153209e-11   3.569089128e-11   4.600105607e-11   5.928955774e-11   7.64167599e-11   9.849156271e-11   1.269431985e-10   1.636137676e-10   2.108775048e-10   2.717944992e-10   3.503088196e-10   4.51503873e-10   5.8193153e-10   7.500363248e-10   9.667021969e-10   1.245957171e-09   1.6058816e-09   2.069778781e-09   2.667683719e-09   3.438307748e-09   4.431544894e-09   5.711702259e-09   7.361663583e-09   9.488255543e-09   1.222916425e-08   1.57618497e-08   2.031503546e-08   2.618351728e-08   3.374724967e-08   4.349594596e-08   5.606078471e-08   7.225527527e-08   9.312792814e-08   1.200301405e-07   1.547036917e-07   1.99393514e-07   2.56993039e-07   3.312315302e-07   4.2691553e-07   5.502400522e-07   7.091896665e-07   9.140554398e-07   1.1781012e-06   1.518422248e-06   1.957052107e-06   2.522388935e-06   3.251033922e-06   4.190160629e-06   5.400568578e-06   6.960618601e-06   8.971304473e-06   1.15627887e-05   1.490282479e-05   1.920761005e-05   2.475576924e-05   3.190637088e-05   4.112213649e-05   5.29993353e-05   6.830628311e-05   8.803290997e-05   0.0001134545592   0.0001462140719   0.0001884273424   0.0002428189683   0.000312896425   0.0004031734586   0.0005194561994   0.0006692089236   0.0008620205171   0.001110197506   0.001429514928   0.001840161973   0.002367924577   0.003045650547   0.003915042154   0.005028812353   0.006453217862   0.008270936221   0.01058417215   0.01351774628   0.01722172223   0.02187286072   0.0276738713   0.03484913147   0.04363540429   0.05426633938   0.06695045932   0.08184407152   0.09902291195   0.1184585461   0.1400063783   0.1634104389   0.1883258953   0.2143549759   0.2410881259   0.2681414819   0.2951841605   0.3219528263   0.3482546198   0.3739616392   0.3990006669   0.4233412507   0.4469842389   0.4699518999   0.4922800309   0.5140120188   0.5351945902   0.5558749192   0.5760987622   0.5959093431   0.6153467598   0.6344477458   0.6532456597   0.6717706162   0.6900496959   0.7081071962   0.7259648932   0.7436423012   0.7611569182   0.7785244523   0.7957590286   0.8128733728   0.8298789761   0.8467862394   0.8636046007   0.8803426467   0.8970082098   0.9136084538   0.9301499475   0.94663873   0.9630803671   0.9794800012   0.9958423943   1.012171966   1.028472828   1.044748811   1.061003494   1.077240227   1.093462147   1.109672203   1.125873165   1.142067644   1.158258104   1.174446871   1.190636145   1.20682801   1.223024444   1.239227321   1.255438425   1.271659451   1.287892016   1.304137658   1.320397846   1.336673983   1.352967409   1.369279407   1.385611204   1.401963976   1.418338849   1.434736905   1.451159182   1.467606677   1.484080348   1.500581117   1.51710987   1.533667462   1.550254715   1.566872422   
31.71356784   6.361535213e-15   8.199216313e-15   1.056775541e-14   1.362050348e-14   1.755511062e-14   2.262632282e-14   2.916247556e-14   3.758675183e-14   4.844458114e-14   6.243895328e-14   8.047593343e-14   1.037233253e-13   1.336862805e-13   1.723047496e-13   2.220790841e-13   2.862319217e-13   3.689168358e-13   4.754872585e-13   6.128430884e-13   7.898774242e-13   1.018052348e-12   1.312141038e-12   1.691184258e-12   2.179723147e-12   2.809388141e-12   3.620946879e-12   4.666943706e-12   6.015101651e-12   7.752707158e-12   9.992261439e-12   1.287876436e-11   1.659910247e-11   2.139414893e-11   2.757435886e-11   3.553986977e-11   4.580640839e-11   5.903868144e-11   7.609341201e-11   9.807480806e-11   1.264060544e-10   1.629214566e-10   2.099852032e-10   2.70644435e-10   3.488265319e-10   4.495933913e-10   5.7946916e-10   7.468626406e-10   9.626117183e-10   1.24068506e-09   1.599086515e-09   2.061020773e-09   2.656395751e-09   3.423758982e-09   4.41279337e-09   5.687533911e-09   7.33051363e-09   9.448107185e-09   1.217741808e-08   1.569515542e-08   2.022907495e-08   2.607272503e-08   3.360445243e-08   4.331189834e-08   5.582357056e-08   7.194953617e-08   9.273386904e-08   1.195222481e-07   1.540490825e-07   1.985498055e-07   2.559056053e-07   3.298299657e-07   4.251090907e-07   5.479117806e-07   7.061888196e-07   9.101877291e-07   1.173116213e-06   1.511997235e-06   1.948771087e-06   2.511715762e-06   3.237277577e-06   4.172430486e-06   5.377716742e-06   6.931165603e-06   8.933343501e-06   1.151386217e-05   1.483976529e-05   1.912633534e-05   2.465101812e-05   3.177136275e-05   4.094813278e-05   5.277507433e-05   6.80172521e-05   8.766040718e-05   0.0001129744862   0.0001455953782   0.0001876300238   0.0002417914905   0.00031157241   0.0004014674259   0.0005172580946   0.0006663770989   0.0008583727345   0.001105499428   0.001423465423   0.001832374413   0.002357903102   0.003032760112   0.00389847094   0.005007524963   0.006425897688   0.008235915419   0.01053934815   0.01346048474   0.01714874807   0.02178014188   0.02755650398   0.03470124117   0.04345008306   0.05403564497   0.06666550319   0.08149521777   0.09860009356   0.1179516811   0.1394058401   0.1627075143   0.1875131575   0.213426518   0.240039631   0.2669701427   0.2938884871   0.3205323922   0.3467097925   0.3722933287   0.3972101123   0.4214298518   0.4449534316   0.4678030696   0.490014457   0.5116308418   0.5326987964   0.5532653355   0.5733760603   0.5930740463   0.6123992539   0.6313882902   0.6500743991   0.6684875919   0.6866548566   0.7046004073   0.7223459462   0.7399109214   0.7573127717   0.7745671526   0.7916881419   0.808688423   0.8255794491   0.8423715868   0.8590742434   0.8756959775   0.8922445964   0.9087272407   0.9251504582   0.941520269   0.9578422213   0.9741214412   0.9903626758   1.006570331   1.022748506   1.03890102   1.05503144   1.071143107   1.087239148   1.103322501   1.119395932   1.135462041   1.151523286   1.167581985   1.183640333   1.199700408   1.215764179   1.231833518   1.247910202   1.263995923   1.280092291   1.29620084   1.312323036   1.328460278   1.344613901   1.360785185   1.376975354   1.393185579   1.409416984   1.425670649   1.441947607   1.458248853   1.474575342   1.490927994   1.507307694   1.523715291   1.540151608   
31.96733668   4.915021381e-15   6.334842477e-15   8.164812744e-15   1.052341355e-14   1.356335242e-14   1.748145011e-14   2.253138371e-14   2.904011103e-14   3.742903939e-14   4.82413097e-14   6.217696204e-14   8.013825977e-14   1.032881065e-13   1.331253384e-13   1.71581766e-13   2.211472495e-13   2.850309045e-13   3.673688762e-13   4.734921338e-13   6.102716243e-13   7.865631314e-13   1.013780643e-12   1.306635349e-12   1.684088119e-12   2.17057712e-12   2.797600066e-12   3.605753537e-12   4.647361404e-12   5.989862535e-12   7.720177122e-12   9.950334327e-12   1.28247256e-11   1.652945333e-11   2.130437997e-11   2.7458658e-11   3.539074596e-11   4.561420661e-11   5.87909576e-11   7.577412722e-11   9.766329026e-11   1.258756599e-10   1.62237845e-10   2.091041141e-10   2.695088222e-10   3.473628703e-10   4.477069161e-10   5.770377316e-10   7.437288361e-10   9.585726397e-10   1.235479197e-09   1.592376814e-09   2.052372815e-09   2.645249625e-09   3.409393032e-09   4.394277473e-09   5.663669255e-09   7.299755101e-09   9.408463321e-09   1.212632214e-08   1.562929921e-08   2.014419459e-08   2.596332496e-08   3.346344955e-08   4.313016342e-08   5.558933719e-08   7.164763892e-08   9.234476159e-08   1.190207377e-07   1.53402699e-07   1.977166987e-07   2.54831836e-07   3.284460128e-07   4.233253506e-07   5.456127656e-07   7.032256806e-07   9.063686191e-07   1.168193865e-06   1.505652957e-06   1.940594123e-06   2.501176705e-06   3.223694092e-06   4.154923136e-06   5.355152057e-06   6.902082705e-06   8.895859537e-06   1.146555044e-05   1.477749818e-05   1.904608191e-05   2.454758327e-05   3.16380511e-05   4.077631556e-05   5.255363139e-05   6.7731853e-05   8.72925852e-05   0.0001125004457   0.000144984459   0.0001868427243   0.000240776924   0.0003102650328   0.0003997828315   0.0005150876118   0.0006635808599   0.0008547707919   0.00110086039   0.001417491944   0.001824684722   0.002348007576   0.003020031693   0.003882108015   0.004986505164   0.006398920976   0.008201334949   0.01049508785   0.01340394346   0.01707669207   0.02168859005   0.02744061457   0.03455521419   0.04326709844   0.0538078618   0.06638414698   0.08115077701   0.09818263235   0.1174512503   0.1388129421   0.1620135554   0.1867108163   0.2125099757   0.2390046406   0.2658139491   0.2926096372   0.3191304838   0.3451852073   0.3706469845   0.3954432517   0.4195438756   0.442949776   0.4656831206   0.4877794953   0.5092820106   0.5302370859   0.5506915787   0.570690936   0.5902780867   0.6094928551   0.6283717231   0.6469478213   0.6652510584   0.6833083306   0.7011437701   0.7187790056   0.7362334197   0.7535243926   0.7706675278   0.7876768562   0.8045650195   0.821343433   0.8380224297   0.8546113861   0.8711188334   0.8875525537   0.9039196648   0.9202266938   0.9364796418   0.9526840394   0.968844997   0.9849672467   1.001055181   1.017112886   1.03314417   1.04915259   1.065141474   1.081113942   1.097072923   1.113021173   1.128961287   1.144895714   1.160826765   1.176756629   1.192687378   1.208620976   1.224559288   1.240504087   1.256457059   1.272419811   1.288393872   1.304380703   1.3203817   1.336398194   1.352431461   1.368482721   1.384553143   1.400643848   1.416755911   1.432890364   1.449048199   1.465230368   1.481437789   1.497671342   1.513931878   
32.22110553   3.797555039e-15   4.894569342e-15   6.308482379e-15   8.130837904e-15   1.047962426e-14   1.350691356e-14   1.740870754e-14   2.243762772e-14   2.891927138e-14   3.727329233e-14   4.804057138e-14   6.191823567e-14   7.980479413e-14   1.028583114e-13   1.325713867e-13   1.708677921e-13   2.202270272e-13   2.838448541e-13   3.658402068e-13   4.715218719e-13   6.077322053e-13   7.832901407e-13   1.009562171e-12   1.301198271e-12   1.677080411e-12   2.161545068e-12   2.785958891e-12   3.590749531e-12   4.628023134e-12   5.964937944e-12   7.688052469e-12   9.908929701e-12   1.277136027e-11   1.646067214e-11   2.121572969e-11   2.734439898e-11   3.524348049e-11   4.542440001e-11   5.854632083e-11   7.54588213e-11   9.72569007e-11   1.25351875e-10   1.615627523e-10   2.082340049e-10   2.683873612e-10   3.459174486e-10   4.458439499e-10   5.746366031e-10   7.406340844e-10   9.545838952e-10   1.230338209e-09   1.585750729e-09   2.043832627e-09   2.6342424e-09   3.395206108e-09   4.375992317e-09   5.640101997e-09   7.269379877e-09   9.369313491e-09   1.207586295e-08   1.556426367e-08   2.0060372e-08   2.585528821e-08   3.332420382e-08   4.295069324e-08   5.535802278e-08   7.134950384e-08   9.196050311e-08   1.18525477e-07   1.527643705e-07   1.96893974e-07   2.537714478e-07   3.270793065e-07   4.215638391e-07   5.433424003e-07   7.002994676e-07   9.02597102e-07   1.163332859e-06   1.49938774e-06   1.932519059e-06   2.490768984e-06   3.210279882e-06   4.137633959e-06   5.332868569e-06   6.873362233e-06   8.858842691e-06   1.141784076e-05   1.471600703e-05   1.896682859e-05   2.444543741e-05   3.150640076e-05   4.06066395e-05   5.233494804e-05   6.745001051e-05   8.692934697e-05   0.0001120323127   0.000144381153   0.0001860652361   0.000239775001   0.0003089739481   0.0003981192307   0.0005129441781   0.0006608194687   0.0008512137388   0.001096279167   0.001411592912   0.001817090871   0.002338235387   0.003007461927   0.00386594906   0.004965747406   0.006372280601   0.008167185676   0.01045137954   0.0133481075   0.01700553517   0.02159818098   0.02732617238   0.03441101181   0.04308640182   0.05358292929   0.06610631568   0.08081065718   0.09777041638   0.116957119   0.1382275241   0.1613283737   0.1859186524   0.211605097   0.2379828683   0.264672579   0.2913472517   0.3177467038   0.3436804286   0.3690221319   0.3936995707   0.4176827679   0.4409726776   0.4635914175   0.4855744693   0.5069648072   0.5278086991   0.5481528468   0.5680425445   0.5875205763   0.6066266315   0.6253970683   0.6438649049   0.6620599487   0.6800090052   0.697736125   0.7152628643   0.7326085409   0.7497904772   0.7668242249   0.7837237685   0.8005017085   0.8171694228   0.8337372108   0.850214419   0.866609551   0.8829303642   0.8991839538   0.9153768263   0.9315149639   0.9476038803   0.9636486696   0.9796540497   0.9956243996   1.011563793   1.027476026   1.043364645   1.059232969   1.075084107   1.090920982   1.106746339   1.122562766   1.138372706   1.154178462   1.169982218   1.185786038   1.201591882   1.217401609   1.233216988   1.249039698   1.264871342   1.280713446   1.296567467   1.312434795   1.328316758   1.34421463   1.360129625   1.376062911   1.392015605   1.407988779   1.423983463   1.440000644   1.456041274   1.472106266   1.488196499   
32.47487437   2.934253843e-15   3.781883015e-15   4.874370081e-15   6.28244808e-15   8.097282977e-15   1.04363762e-14   1.345117226e-14   1.733686403e-14   2.23450305e-14   2.879992525e-14   3.711947022e-14   4.784231409e-14   6.166270704e-14   7.947544996e-14   1.024338283e-13   1.320242816e-13   1.701626426e-13   2.193181785e-13   2.826734627e-13   3.643304311e-13   4.695759615e-13   6.052241723e-13   7.800576026e-13   1.005395837e-12   1.295828392e-12   1.670159315e-12   2.152624648e-12   2.774461595e-12   3.575930967e-12   4.608923875e-12   5.940321409e-12   7.65632486e-12   9.868036817e-12   1.27186545e-11   1.639274105e-11   2.112817509e-11   2.723155215e-11   3.509803516e-11   4.523693933e-11   5.830470766e-11   7.51474124e-11   9.685553392e-11   1.248345638e-10   1.608960035e-10   2.073746498e-10   2.67279761e-10   3.444898916e-10   4.44004009e-10   5.722651514e-10   7.375775824e-10   9.506444497e-10   1.225260761e-09   1.579206539e-09   2.035397992e-09   2.623371219e-09   3.381194527e-09   4.357933157e-09   5.616826018e-09   7.239380077e-09   9.330647533e-09   1.202602741e-08   1.550003195e-08   1.997758541e-08   2.574858675e-08   3.318667909e-08   4.277344123e-08   5.512956731e-08   7.105505357e-08   9.158099389e-08   1.180363375e-07   1.521339315e-07   1.960814178e-07   2.527241655e-07   3.257294921e-07   4.19824099e-07   5.411000957e-07   6.974094211e-07   8.98872199e-07   1.158531933e-06   1.493199958e-06   1.924543799e-06   2.480489897e-06   3.197031464e-06   4.120558468e-06   5.310860494e-06   6.844996731e-06   8.822283356e-06   1.137072075e-05   1.465527588e-05   1.88885548e-05   2.434455402e-05   3.137637755e-05   4.043906056e-05   5.211896751e-05   6.717165146e-05   8.657059821e-05   0.0001115699655   0.0001437853037   0.0001852973573   0.0002387854615   0.000307698821   0.0003964761919   0.0005108272372   0.0006580922087   0.0008477006519   0.00109175457   0.001405766797   0.001809590889   0.002328583998   0.002995047552   0.003849989879   0.004945246299   0.006345969644   0.008133458727   0.01040821186   0.01329296233   0.01693525886   0.02150889116   0.02721314757   0.03426859641   0.04290794599   0.05336078858   0.06583193645   0.08047476888   0.09736333697   0.1164691566   0.1376494306   0.1606517864   0.1851364533   0.2107116376   0.236974036   0.2635457193   0.2901009818   0.3163806669   0.3421950335   0.3674183101   0.3919785703   0.4158459909   0.4390215596   0.4615273444   0.4833987232   0.5046785358   0.5254128995   0.5456483622   0.565430067   0.5848006544   0.6037996801   0.6224633798   0.6408246606   0.6589132295   0.6767558022   0.6943763487   0.7117963534   0.7290350698   0.7461097631   0.7630359338   0.7798275206   0.7964970828   0.8130559617   0.8295144234   0.8458817843   0.8621665209   0.8783763662   0.894518393   0.9105990875   0.926624413   0.9425998664   0.958530526   0.9744210952   0.9902759397   1.006099121   1.021894423   1.037665383   1.053415309   1.069147301   1.084864273   1.100568962   1.11626395   1.13195167   1.147634421   1.163314379   1.178993602   1.194674046   1.210357563   1.226045917   1.241740784   1.25744376   1.273156369   1.288880062   1.304616226   1.320366187   1.336131211   1.351912514   1.367711256   1.383528554   1.399365475   1.415223047   1.431102256   1.447004049   1.462929337   
32.72864322   2.267284311e-15   2.922243434e-15   3.766403114e-15   4.854418441e-15   6.256732933e-15   8.064139396e-15   1.03936583e-14   1.339611428e-14   1.726590124e-14   2.225356842e-14   2.868204217e-14   3.696753381e-14   4.764648722e-14   6.141031091e-14   7.915014319e-14   1.020145489e-13   1.314838833e-13   1.694661375e-13   2.184204713e-13   2.815164313e-13   3.628391637e-13   4.676539059e-13   6.027468851e-13   7.768646918e-13   1.001280578e-12   1.290524343e-12   1.663323064e-12   2.143813583e-12   2.763105244e-12   3.561294063e-12   4.590058752e-12   5.916006646e-12   7.624986198e-12   9.827645235e-12   1.266659484e-11   1.632564273e-11   2.104169382e-11   2.712008869e-11   3.495437283e-11   4.505177671e-11   5.80660564e-11   7.483982104e-11   9.645908746e-11   1.243235944e-10   1.602374284e-10   2.065258294e-10   2.661857386e-10   3.430798348e-10   4.421866237e-10   5.699227711e-10   7.345585497e-10   9.467532974e-10   1.220245556e-09   1.572742573e-09   2.027066755e-09   2.612633307e-09   3.367354712e-09   4.340095383e-09   5.593835377e-09   7.209748042e-09   9.292455579e-09   1.19768028e-08   1.543658764e-08   1.98958137e-08   2.564319333e-08   3.305084027e-08   4.259836213e-08   5.490391245e-08   7.076421294e-08   9.120613703e-08   1.175531944e-07   1.51511221e-07   1.952788226e-07   2.516897218e-07   3.243962249e-07   4.181056863e-07   5.388852793e-07   6.945548036e-07   8.951929593e-07   1.153789861e-06   1.487088031e-06   1.916666307e-06   2.470336821e-06   3.183945458e-06   4.103692303e-06   5.289122214e-06   6.81697896e-06   8.786172198e-06   1.132417838e-05   1.459528923e-05   1.881124056e-05   2.424490736e-05   3.124794829e-05   4.027353596e-05   5.190563468e-05   6.689670481e-05   8.621624736e-05   0.0001111132864   0.0001431967589   0.0001845388921   0.0002378080528   0.0003064393259   0.0003948532954   0.0005087362487   0.0006553983836   0.0008442306343   0.001087285445   0.001400012112   0.001802182861   0.002319050946   0.002982785398   0.003834226395   0.004924996604   0.006319981381   0.008100145483   0.01036557378   0.01323849385   0.01686584516   0.0214206977   0.02710151118   0.03412793145   0.04273168512   0.05314138249   0.06556093851   0.08014302526   0.09696128854   0.1159872359   0.1370785104   0.1599836156   0.1843640124   0.2098293599   0.235977874   0.2624330666   0.2888704891   0.315031999   0.3407286117   0.3658350721   0.3902797664   0.4140330231   0.4370958626   0.4594903035   0.4812516211   0.5024225213   0.5230489731   0.5431773714   0.5628527097   0.5821174867   0.6010111256   0.6195697409   0.6378261296   0.6558098996   0.6735476774   0.6910633533   0.7083783407   0.7255118294   0.7424810279   0.7593013861   0.7759867974   0.7925497803   0.8090016396   0.8253526085   0.8416119739   0.8577881855   0.8738889517   0.8899213233   0.9058917663   0.9218062257   0.9376701812   0.9534886959   0.9692664586   0.985007822   1.000716835   1.016397271   1.032052656   1.047686288   1.063301259   1.078900473   1.09448666   1.110062394   1.125630101   1.141192074   1.156750481   1.172307377   1.187864709   1.203424327   1.218987988   1.234557363   1.250134046   1.265719554   1.281315335   1.296922772   1.312543186   1.328177843   1.343827952   1.359494672   1.375179116   1.390882349   1.406605395   1.422349237   1.438114821   
32.98241206   1.751978375e-15   2.258079094e-15   2.910379071e-15   3.751111447e-15   4.834709411e-15   6.23133048e-15   8.031398839e-15   1.035145986e-14   1.334172581e-14   1.719580136e-14   2.216321852e-14   2.856559254e-14   3.681744493e-14   4.745304159e-14   6.11609839e-14   7.882879213e-14   1.016003679e-13   1.309500563e-13   1.687781018e-13   2.1753368e-13   2.803734694e-13   3.613660299e-13   4.657552223e-13   6.002997214e-13   7.737106066e-13   9.9721536e-13   1.28528479e-12   1.656569941e-12   2.13510966e-12   2.751886985e-12   3.546835143e-12   4.571423027e-12   5.891987548e-12   7.594028611e-12   9.787744811e-12   1.261516823e-11   1.625936031e-11   2.095626415e-11   2.700998062e-11   3.481245742e-11   4.486886565e-11   5.783030713e-11   7.453596997e-11   9.606746176e-11   1.238188383e-10   1.595868614e-10   2.056873307e-10   2.651050196e-10   3.416869243e-10   4.403913378e-10   5.67608874e-10   7.315762282e-10   9.429094613e-10   1.215291336e-09   1.566357209e-09   2.018836826e-09   2.602025966e-09   3.353683189e-09   4.322474514e-09   5.571124301e-09   7.18047633e-09   9.254728035e-09   1.192817675e-08   1.53739148e-08   1.981503632e-08   2.553908148e-08   3.291665324e-08   4.242541198e-08   5.468100153e-08   7.047690891e-08   9.083583841e-08   1.170759262e-07   1.508960826e-07   1.944859869e-07   2.506678568e-07   3.230791701e-07   4.164081693e-07   5.366973949e-07   6.917348979e-07   8.915584589e-07   1.149105452e-06   1.481050425e-06   1.908884605e-06   2.460307205e-06   3.171018576e-06   4.087031231e-06   5.26764827e-06   6.789301883e-06   8.75050015e-06   1.127820196e-05   1.453603201e-05   1.873486646e-05   2.414647239e-05   3.112108072e-05   4.011002413e-05   5.169489597e-05   6.662510151e-05   8.586620541e-05   0.0001106621604   0.0001426153708   0.0001837896499   0.0002368425296   0.0003051951466   0.0003932501339   0.0005066706873   0.0006527373167   0.0008408028144   0.001082870668   0.00139432741   0.001794864926   0.002309633834   0.002970672382   0.003818654648   0.004904993232   0.006294309281   0.008067237567   0.01032345457   0.01318468835   0.01679727658   0.02133357839   0.02699123507   0.03398898143   0.04255757464   0.05292465548   0.06529325313   0.07981534193   0.09656416854   0.1155112336   0.1365146168   0.1593236888   0.183601129   0.2089580335   0.2349941202   0.261334326   0.2876554448   0.3137003368   0.3392807648   0.364271984   0.3886026891   0.4122433581   0.4351950437   0.4574797152   0.4791325459   0.5001961094   0.5207162273   0.5407391434   0.5603097031   0.5794702643   0.5982601195   0.616715263   0.6348683828   0.6527489887   0.6703836187   0.6877960847   0.7050077292   0.7220376794   0.7389030876   0.7556193534   0.7722003253   0.7886584815   0.8050050908   0.8212503539   0.8374035281   0.8534730366   0.8694665638   0.8853911385   0.9012532068   0.9170586953   0.932813067   0.9485213695   0.9641882777   0.979818131   0.995414966   1.010982546   1.026524384   1.042043771   1.057543789   1.073027333   1.088497127   1.103955734   1.119405576   1.134848938   1.150287983   1.165724759   1.181161208   1.196599174   1.21204041   1.227486583   1.242939281   1.258400017   1.273870235   1.289351315   1.304844574   1.320351274   1.335872622   1.351409772   1.366963835   1.382535873   1.398126907   1.413737918   
33.2361809   1.353834961e-15   1.744922464e-15   2.248984915e-15   2.898657822e-15   3.736004235e-15   4.815238122e-15   6.206234445e-15   7.999053216e-15   1.030977043e-14   1.328799339e-14   1.712654706e-14   2.207395846e-14   2.845054759e-14   3.66691665e-14   4.72619294e-14   6.09146644e-14   7.851131737e-14   1.01191183e-13   1.304226686e-13   1.680983656e-13   2.166575858e-13   2.792442944e-13   3.599106658e-13   4.638794415e-13   5.978820767e-13   7.705945676e-13   9.931991789e-13   1.280108439e-12   1.649898278e-12   2.126510728e-12   2.740804046e-12   3.532550633e-12   4.553012097e-12   5.868258181e-12   7.563444451e-12   9.748325687e-12   1.256436195e-11   1.619387743e-11   2.087186497e-11   2.690120074e-11   3.467225387e-11   4.468816096e-11   5.759740158e-11   7.42357841e-11   9.568056005e-11   1.233201708e-10   1.589441419e-10   2.048589464e-10   2.640373367e-10   3.403108157e-10   4.386177074e-10   5.653228883e-10   7.286298811e-10   9.391119916e-10   1.210396877e-09   1.560048868e-09   2.010706171e-09   2.591546577e-09   3.340176579e-09   4.305066198e-09   5.548687177e-09   7.151557708e-09   9.21745558e-09   1.188013726e-08   1.531199796e-08   1.973523332e-08   2.543622549e-08   3.278408484e-08   4.225454805e-08   5.446077949e-08   7.019307049e-08   9.047000651e-08   1.166044151e-07   1.502883643e-07   1.937027148e-07   2.49658318e-07   3.217780023e-07   4.147311287e-07   5.345359018e-07   6.889490074e-07   8.879677997e-07   1.144477549e-06   1.475085648e-06   1.90119677e-06   2.450398572e-06   3.158247626e-06   4.070571132e-06   5.246433355e-06   6.761958661e-06   8.715258397e-06   1.123278014e-05   1.447748959e-05   1.865941362e-05   2.40492248e-05   3.09957435e-05   3.994848467e-05   5.148669931e-05   6.635677444e-05   8.552038587e-05   0.0001102164762   0.0001420409958   0.0001830494455   0.0002358886533   0.0003039659754   0.0003916663111   0.0005046300428   0.0006501083505   0.0008374163452   0.001078509148   0.001388711286   0.001787635275   0.002300330335   0.002958705512   0.003803270788   0.004885231239   0.006268946994   0.008034726839   0.01028184382   0.01313153251   0.01672953614   0.02124751163   0.02688229187   0.03385171182   0.04238557126   0.05271055356   0.06502881347   0.07949163692   0.0961718773   0.1150410299   0.1359576071   0.1586718383   0.1828476082   0.2080974343   0.23402252   0.260249211   0.2864555299   0.3123853277   0.3378511062   0.3627286246   0.3869468822   0.4104765046   0.4333185762   0.4554950167   0.4770408989   0.4979986647   0.5184139901   0.5383329692   0.5578003006   0.5768582029   0.595545839   0.6138990845   0.6319505193   0.649729556   0.6672626454   0.6845735212   0.7016834561   0.718611515   0.7353747948   0.7519886451   0.7684668703   0.7848219085   0.8010649928   0.8172062915   0.8332550329   0.849219614   0.8651076952   0.8809262836   0.8966818055   0.9123801695   0.9280268218   0.943626795   0.9591847498   0.9747050127   0.9901916083   1.005648288   1.021078557   1.036485694   1.051872772   1.06724268   1.082598131   1.097941684   1.113275751   1.128602612   1.143924424   1.159243229   1.174560963   1.189879466   1.205200485   1.220525683   1.235856642   1.251194873   1.266541815   1.281898845   1.297267275   1.312648364   1.328043316   1.343453283   1.35887937   1.374322639   1.389784107   
33.48994975   1.046204798e-15   1.348425995e-15   1.737950989e-15   2.239999563e-15   2.887076837e-15   3.721077807e-15   4.795999839e-15   6.181438725e-15   7.967094661e-15   1.026857988e-14   1.323490398e-14   1.70581215e-14   2.198576655e-14   2.833687934e-14   3.652266246e-14   4.707310419e-14   6.067129251e-14   7.819764171e-14   1.007868947e-13   1.299015919e-13   1.674267635e-13   2.157919754e-13   2.781286318e-13   3.584727175e-13   4.620261076e-13   5.954933632e-13   7.675158172e-13   9.892310579e-13   1.274994031e-12   1.643306452e-12   2.118014696e-12   2.729853733e-12   3.518437061e-12   4.534821483e-12   5.844812775e-12   7.53322628e-12   9.709378277e-12   1.251416366e-11   1.612917816e-11   2.078847577e-11   2.679372258e-11   3.453372809e-11   4.45096187e-11   5.736728313e-11   7.393919045e-11   9.529828826e-11   1.228274706e-10   1.583091136e-10   2.04040475e-10   2.629824304e-10   3.389511746e-10   4.368653015e-10   5.630642582e-10   7.257187918e-10   9.353599647e-10   1.205560988e-09   1.553816017e-09   2.002672812e-09   2.581192592e-09   3.326831598e-09   4.287866201e-09   5.52651855e-09   7.122985146e-09   9.180629152e-09   1.183267264e-08   1.525082205e-08   1.96563853e-08   2.533460033e-08   3.265310285e-08   4.208572878e-08   5.424319276e-08   6.991262866e-08   9.01085524e-08   1.161385464e-07   1.496879184e-07   1.929288159e-07   2.486608601e-07   3.204924051e-07   4.130741566e-07   5.324002746e-07   6.861964547e-07   8.844201086e-07   1.139905027e-06   1.469192249e-06   1.893600932e-06   2.440608512e-06   3.145629501e-06   4.054308006e-06   5.225472313e-06   6.734942646e-06   8.680438369e-06   1.118790186e-05   1.441964772e-05   1.85848637e-05   2.395314094e-05   3.087190615e-05   3.978887831e-05   5.128099408e-05   6.609165837e-05   8.517870466e-05   0.0001097761254   0.0001414734942   0.0001823180991   0.0002349461918   0.0003027515137   0.0003901014418   0.0005026138188   0.0006475108456   0.0008340704031   0.001074199826   0.001383162376   0.00178049215   0.002291138187   0.002946881876   0.003788071072   0.004865705814   0.006243888347   0.008002605384   0.01024073138   0.01307901339   0.01666260733   0.02116247644   0.02677465499   0.03371608909   0.04221563289   0.05249902426   0.06476755461   0.07917183053   0.09578431795   0.1145765082   0.1354073428   0.1580279011   0.1821032606   0.2072473448   0.2330628261   0.2591774434   0.2852704343   0.3110866292   0.3364392602   0.3612045845   0.3853119027   0.4087319857   0.4314659484   0.4535356621   0.4749760989   0.495829571   0.5161416098   0.5359581609   0.555323778   0.5742805416   0.5928674862   0.6111203698   0.6290716655   0.6467506895   0.6641838063   0.6813946721   0.6984044906   0.7152322652   0.7318950373   0.7484081079   0.7647852367   0.7810388229   0.7971800638   0.8132190959   0.8291651187   0.8450265031   0.8608108858   0.8765252525   0.8921760098   0.9077690484   0.9233097981   0.9388032764   0.95425413   0.9696666726   0.9850449169   1.000392604   1.015713227   1.031010056   1.046286157   1.061544407   1.076787515   1.09201803   1.107238358   1.122450773   1.137657425   1.152860351   1.168061482   1.183262651   1.198465602   1.213671992   1.228883401   1.244101333   1.259327225   1.274562448   1.289808313   1.305066075   1.320336933   1.335622038   1.350922491   1.366239351   
33.74371859   8.085026864e-16   1.042057961e-15   1.343081245e-15   1.731062281e-15   2.231120888e-15   2.875633345e-15   3.706328589e-15   4.776989958e-15   6.156937387e-15   7.935515527e-15   1.022787836e-14   1.318244485e-14   1.699050831e-14   2.189862167e-14   2.822456059e-14   3.637789777e-14   4.688652076e-14   6.043081001e-14   7.788769011e-14   1.003874062e-13   1.293867016e-13   1.667631348e-13   2.149366418e-13   2.770262147e-13   3.570518409e-13   4.60194777e-13   5.931330091e-13   7.644736185e-13   9.853100477e-13   1.269940344e-12   1.636792887e-12   2.109619532e-12   2.719033425e-12   3.50449105e-12   4.516846833e-12   5.821645719e-12   7.503366869e-12   9.670893263e-12   1.246456133e-11   1.606524701e-11   2.070607659e-11   2.668752043e-11   3.439684692e-11   4.433319614e-11   5.713989672e-11   7.364611805e-11   9.49205549e-11   1.2234062e-10   1.576816246e-10   2.032317208e-10   2.619400482e-10   3.376076755e-10   4.351337007e-10   5.608324432e-10   7.228422638e-10   9.316524831e-10   1.200782512e-09   1.547657164e-09   1.994734828e-09   2.570961531e-09   3.313645052e-09   4.270870406e-09   5.504613116e-09   7.094751805e-09   9.144239937e-09   1.178577154e-08   1.519037245e-08   1.957847338e-08   2.52341817e-08   3.25236759e-08   4.191891378e-08   5.402818928e-08   6.963551632e-08   8.975138957e-08   1.156782086e-07   1.490946011e-07   1.921641049e-07   2.476752443e-07   3.192220709e-07   4.114368565e-07   5.302900022e-07   6.83476581e-07   8.809145367e-07   1.13538679e-06   1.463368818e-06   1.886095274e-06   2.430934682e-06   3.133161181e-06   4.03823796e-06   5.204760125e-06   6.708247373e-06   8.646031735e-06   1.114355639e-05   1.436249257e-05   1.851119886e-05   2.385819782e-05   3.074953903e-05   3.963116684e-05   5.107773104e-05   6.582968984e-05   8.484108001e-05   0.0001093410026   0.0001409127303   0.0001815954354   0.0002340149197   0.0003015514707   0.0003885551517   0.0005006215329   0.0006449441806   0.0008307641874   0.001069941668   0.00137767935   0.001773433842   0.002282055189   0.002935198644   0.003773051861   0.004846412283   0.00621912734   0.007970865508   0.0102001074   0.01302711839   0.01659647411   0.02107845241   0.02666829858   0.03358208067   0.04204771861   0.05229001655   0.0645094134   0.07885584527   0.09540139631   0.1141175553   0.1348636891   0.1573917189   0.1813679021   0.2064075534   0.2321147981   0.2581187529   0.2840998567   0.3098039083   0.3350448619   0.3596994666   0.3836973204   0.4070093378   0.4296366639   0.4516011209   0.4729375818   0.4936882299   0.5138984533   0.533614051   0.5528794325   0.571736542   0.5902242868   0.6083783083   0.626230974   0.6438115046   0.661146179   0.6782585769   0.6951698337   0.7118988914   0.7284627373   0.7448766233   0.7611542657   0.7773080245   0.793349062   0.8092874829   0.8251324584   0.8408923333   0.8565747211   0.8721865861   0.8877343155   0.9032237822   0.9186603999   0.9340491708   0.9493947281   0.9647013726   0.9799731054   0.9952136562   1.010426509   1.025614924   1.040781957   1.055930479   1.071063189   1.08618263   1.101291203   1.116391172   1.131484684   1.146573768   1.16166035   1.17674626   1.191833235   1.206922929   1.222016916   1.237116697   1.252223705   1.267339307   1.282464811   1.297601467   1.312750473   1.327912975   1.343090073   
33.99748744   6.248270002e-16   8.053231746e-16   1.037959972e-15   1.337799454e-15   1.724254718e-15   2.222346798e-15   2.86432465e-15   3.691753108e-15   4.758204002e-15   6.13272466e-15   7.904308377e-15   1.018765628e-14   1.313060367e-14   1.692369156e-14   2.181250331e-14   2.811356489e-14   3.623483831e-14   4.670213517e-14   6.019316025e-14   7.758138954e-14   9.999262339e-14   1.288778764e-13   1.661073233e-13   2.140913836e-13   2.759367835e-13   3.556477015e-13   4.583850184e-13   5.908004585e-13   7.614672551e-13   9.814352246e-13   1.264946186e-12   1.630356047e-12   2.101323257e-12   2.708340574e-12   3.490709314e-12   4.499083914e-12   5.798751558e-12   7.473859183e-12   9.632861578e-12   1.241554328e-11   1.600206894e-11   2.062464803e-11   2.658256929e-11   3.426157813e-11   4.415885174e-11   5.691518877e-11   7.335649786e-11   9.454727102e-11   1.218595042e-10   1.57061527e-10   2.024324932e-10   2.609099447e-10   3.36280002e-10   4.334224971e-10   5.586269176e-10   7.199996196e-10   9.279886733e-10   1.196060323e-09   1.541570859e-09   1.986890348e-09   2.560850987e-09   3.300613835e-09   4.254074813e-09   5.482965715e-09   7.066851035e-09   9.108279366e-09   1.17394229e-08   1.51306349e-08   1.950147922e-08   2.513494594e-08   3.239577353e-08   4.175406377e-08   5.381571842e-08   6.936166819e-08   8.939843391e-08   1.152232933e-07   1.485082728e-07   1.914084017e-07   2.467012384e-07   3.179667005e-07   4.098188429e-07   5.282045875e-07   6.807887458e-07   8.774502584e-07   1.130921776e-06   1.457613984e-06   1.878678028e-06   2.421374804e-06   3.120839732e-06   4.02235721e-06   5.184291915e-06   6.681866555e-06   8.612030391e-06   1.109973328e-05   1.430601068e-05   1.843840175e-05   2.376437307e-05   3.062861333e-05   3.947531312e-05   5.087686234e-05   6.557080716e-05   8.45074324e-05   0.0001089110053   0.0001403585718   0.0001808812845   0.0002330946176   0.0003003655638   0.0003870270764   0.0004986527157   0.0006424077507   0.0008274969193   0.001065733674   0.001372260918   0.001766458686   0.0022730792   0.002923653062   0.003758209616   0.004827346099   0.006194658134   0.007939499726   0.01015996231   0.01297583527   0.01653112081   0.02099541968   0.02656319749   0.03344965484   0.04188178862   0.05208348082   0.06425432842   0.07854360579   0.09502302081   0.1136640609   0.134326515   0.1567631375   0.1806413537   0.2055778544   0.2311782023   0.2570728767   0.2829435043   0.3085368417   0.3336675566   0.3582128847   0.3821027174   0.4053081112   0.4278302401   0.4496908783   0.4709247999   0.4915740605   0.5116839065   0.5312999913   0.550466582   0.5692254875   0.5876154893   0.6056721135   0.6234276226   0.640911143   0.6581488689   0.6751643041   0.6919785161   0.7086103868   0.7250768493   0.7413931071   0.7575728336   0.7736283498   0.7895707833   0.8054102077   0.8211557655   0.8368157764   0.8523978304   0.8679088707   0.8833552653   0.8987428695   0.9140770809   0.9293628869   0.944604907   0.9598074294   0.9749744435   0.9901096683   1.005216577   1.020298422   1.035358249   1.050398921   1.06542313   1.080433412   1.09543216   1.110421633   1.12540397   1.140381197   1.155355233   1.170327904   1.185300941   1.200275993   1.215254632   1.230238354   1.245228587   1.260226696   1.275233984   1.290251699   1.305281035   1.320323134   
34.25125628   4.828936105e-16   6.223889417e-16   8.021808248e-16   1.033909879e-15   1.332579396e-15   1.717526722e-15   2.21367526e-15   2.853148131e-15   3.677347985e-15   4.739637615e-15   6.10879493e-15   7.873465974e-15   1.014790432e-14   1.30793684e-14   1.685765576e-14   2.17273915e-14   2.80038665e-14   3.609345093e-14   4.651990466e-14   5.995828812e-14   7.727866901e-14   9.960245481e-14   1.283749983e-13   1.654591769e-13   2.132560046e-13   2.748600854e-13   3.542599735e-13   4.565964121e-13   5.884951707e-13   7.5849603e-13   9.776056902e-13   1.260010399e-12   1.623994441e-12   2.093123949e-12   2.697772701e-12   3.477088658e-12   4.481528608e-12   5.776124982e-12   7.444696381e-12   9.595274406e-12   1.236709816e-11   1.593962929e-11   2.054417119e-11   2.64788448e-11   3.412789035e-11   4.398654506e-11   5.669310721e-11   7.307026274e-11   9.417835006e-11   1.213840116e-10   1.56448677e-10   2.01642607e-10   2.598918809e-10   3.349678463e-10   4.317312939e-10   5.564471701e-10   7.171902e-10   9.243676859e-10   1.191393327e-09   1.53555569e-09   1.979137555e-09   2.550858614e-09   3.287734927e-09   4.237475525e-09   5.461571327e-09   7.039276369e-09   9.0727391e-09   1.169361598e-08   1.507159556e-08   1.942538496e-08   2.503687005e-08   3.226936608e-08   4.159114051e-08   5.36057309e-08   6.909102079e-08   8.904960357e-08   1.147736951e-07   1.479287974e-07   1.906615311e-07   2.457386166e-07   3.167260028e-07   4.082197405e-07   5.261435471e-07   6.78132326e-07   8.740264704e-07   1.126508949e-06   1.451926412e-06   1.871347475e-06   2.411926662e-06   3.108662294e-06   4.006662073e-06   5.164062937e-06   6.655794074e-06   8.578426453e-06   1.105642238e-05   1.425018894e-05   1.836645549e-05   2.367164494e-05   3.050910101e-05   3.932128102e-05   5.067834138e-05   6.53149503e-05   8.417768446e-05   0.0001084860338   0.0001398108904   0.0001801754806   0.0002321850722   0.0002991935181   0.0003855168617   0.0004967069108   0.0006399009679   0.0008242678411   0.001061574865   0.001366905823   0.001759565066   0.00226420814   0.002912242453   0.003743540894   0.004808502837   0.006170475052   0.007908500758   0.01012028679   0.01292515211   0.01646653236   0.02091335894   0.02645932725   0.03331878059   0.04171780421   0.05187936881   0.06400223996   0.0782350388   0.09464910237   0.113215918   0.1337956931   0.1561420071   0.1799234413   0.204758048   0.2302528115   0.2560395592   0.2818010926   0.307285115   0.3323069997   0.3567444634   0.3805276876   0.4036278683   0.4260462085   0.4478044339   0.468937221   0.4894864986   0.5094973727   0.5290153525   0.5480845643   0.5667466826   0.5850403645   0.6030010218   0.6206608133   0.6380487719   0.6551910077   0.6721109495   0.6888295979   0.7053657746   0.7217363592   0.7379565077   0.7540398506   0.7699986705   0.7858440604   0.8015860631   0.8172337932   0.8327955446   0.8482788847   0.8636907358   0.8790374466   0.8943248552   0.9095583429   0.9247428828   0.9398830805   0.954983212   0.970047255   0.9850789178   1.000081664   1.015058735   1.030013171   1.044947824   1.05986538   1.074768367   1.089659171   1.104540047   1.119413126   1.134280428   1.149143869   1.164005268   1.178866352   1.193728766   1.208594076   1.223463775   1.238339289   1.253221976   1.268113138   1.283014019   1.297925808   
34.50502513   3.732125795e-16   4.810239301e-16   6.199791596e-16   7.990749196e-16   1.029906759e-15   1.327419879e-15   1.710876756e-15   2.205104293e-15   2.842101235e-15   3.663109931e-15   4.72128656e-15   6.085142734e-15   7.842981278e-15   1.010861339e-14   1.302872735e-14   1.679238584e-14   2.164326681e-14   2.789544038e-14   3.595370334e-14   4.633978765e-14   5.972614002e-14   7.697945939e-14   9.921681136e-14   1.278779526e-13   1.648185477e-13   2.124303143e-13   2.737958748e-13   3.528883403e-13   4.5482855e-13   5.862166194e-13   7.555592648e-13   9.738205703e-13   1.255131857e-12   1.617706615e-12   2.085019736e-12   2.687327392e-12   3.463625973e-12   4.464176905e-12   5.753760827e-12   7.415871807e-12   9.558123167e-12   1.23192149e-11   1.587791381e-11   2.046462772e-11   2.63763233e-11   3.399575308e-11   4.381623678e-11   5.647360132e-11   7.278734734e-11   9.381370781e-11   1.209140337e-10   1.558429349e-10   2.008618817e-10   2.588856246e-10   3.336709088e-10   4.300597052e-10   5.542927031e-10   7.144133639e-10   9.207886945e-10   1.186780459e-09   1.529610284e-09   1.971474677e-09   2.540982131e-09   3.275005387e-09   4.221068754e-09   5.440425069e-09   7.01202151e-09   9.037611026e-09   1.164834032e-08   1.501324095e-08   1.935017324e-08   2.493993162e-08   3.214442468e-08   4.143010682e-08   5.33981788e-08   6.882351233e-08   8.870481894e-08   1.143293112e-07   1.473560427e-07   1.899233227e-07   2.447871593e-07   3.154996946e-07   4.066391844e-07   5.241064103e-07   6.75506715e-07   8.706423911e-07   1.122147301e-06   1.446304804e-06   1.864101941e-06   2.402588098e-06   3.09662609e-06   3.991148967e-06   5.144068572e-06   6.63002398e-06   8.54521225e-06   1.101361379e-05   1.419501462e-05   1.829534366e-05   2.357999227e-05   3.039097478e-05   3.916903537e-05   5.048212285e-05   6.506206085e-05   8.385176094e-05   0.0001080659912   0.0001392695611   0.0001794778627   0.0002312860757   0.0002980350659   0.0003840241628   0.000494783674   0.0006374232598   0.0008210762157   0.001057464294   0.001361612841   0.001752751408   0.002255439982   0.002900964211   0.003729042344   0.004789878193   0.006146572568   0.007877861519   0.01008107175   0.01287505733   0.01640269387   0.0208322514   0.02635666406   0.03318942804   0.04155572772   0.05167763355   0.0637530899   0.07793007302   0.09427955435   0.1127730224   0.1332710995   0.1555281822   0.1792139958   0.2039479397   0.229338405   0.2550185522   0.2806723447   0.3060484225   0.3309628563   0.3552938383   0.3789718363   0.4019681845   0.4242841137   0.4459413018   0.4669743282   0.4874249961   0.5073382725   0.5267595237   0.5457327361   0.5642994518   0.5824982043   0.6003642922   0.6179297717   0.6352235829   0.6522717529   0.6690976361   0.6857221666   0.7021641068   0.7184402835   0.7345658051   0.7505542597   0.7664178921   0.7821677612   0.7978138788   0.813365332   0.8288303895   0.8442165959   0.8595308528   0.8747794901   0.8899683285   0.9051027336   0.9201876637   0.9352277113   0.9502271398   0.9651899155   0.9801197361   0.9950200554   1.009894106   1.024744918   1.039575337   1.05438804   1.06918555   1.083970245   1.098744373   1.088156002   1.128269322   1.143024068   1.157776112   1.172527176   1.187278903   1.202032852   1.216790514   1.231553308   1.246322593   1.261099664   1.275885763   
34.75879397   2.884523161e-16   3.717786441e-16   4.791757683e-16   6.175971122e-16   7.960047611e-16   1.025949712e-15   1.322319745e-15   1.704303326e-15   2.196631971e-15   2.831181482e-15   3.649035746e-15   4.703146711e-15   6.061762757e-15   7.812847437e-15   1.006977467e-14   1.297866914e-14   1.672786712e-14   2.156011032e-14   2.778826216e-14   3.581556414e-14   4.616174365e-14   5.949666377e-14   7.668369345e-14   9.883560638e-14   1.273866274e-13   1.641852916e-13   2.116141271e-13   2.727439124e-13   3.515324935e-13   4.530810345e-13   5.839642924e-13   7.526562995e-13   9.700790143e-13   1.250309464e-12   1.611491158e-12   2.077008796e-12   2.677002301e-12   3.450318233e-12   4.447024908e-12   5.731654066e-12   7.387378981e-12   9.521399509e-12   1.227188274e-11   1.581690862e-11   2.038599974e-11   2.627498175e-11   3.38651366e-11   4.364788862e-11   5.625662178e-11   7.250768809e-11   9.345326231e-11   1.20449465e-10   1.552441643e-10   2.000901421e-10   2.578909495e-10   3.323888981e-10   4.284073551e-10   5.521630323e-10   7.116684869e-10   9.172508944e-10   1.182220681e-09   1.523733306e-09   1.963899993e-09   2.531219319e-09   3.262422354e-09   4.204850812e-09   5.419522188e-09   6.985080335e-09   9.00288725e-09   1.160358576e-08   1.495555796e-08   1.927582714e-08   2.484410889e-08   3.202092127e-08   4.127092651e-08   5.319301546e-08   6.855908268e-08   8.836400251e-08   1.138900418e-07   1.4678988e-07   1.891936105e-07   2.438466524e-07   3.142875002e-07   4.050768192e-07   5.220927195e-07   6.729113227e-07   8.6729726e-07   1.117835852e-06   1.440747896e-06   1.856939797e-06   2.393357014e-06   3.084728413e-06   3.975814405e-06   5.124304327e-06   6.604550479e-06   8.512380318e-06   1.09712979e-05   1.414047531e-05   1.822505027e-05   2.348939445e-05   3.027420809e-05   3.901854196e-05   5.028816266e-05   6.481208199e-05   8.352958857e-05   0.000107650783   0.000138734462   0.0001787882739   0.0002303974261   0.0002968899468   0.0003825486442   0.0004928825729   0.0006349740695   0.0008179213256   0.001053401036   0.001356380783   0.00174601618   0.002246772755   0.0028898158   0.003714710706   0.004771467979   0.006122945306   0.007847575115   0.01004230838   0.01282553964   0.01633959099   0.02075207879   0.02625518476   0.03306156794   0.04139552249   0.05147822935   0.0635068217   0.07762863904   0.09391429243   0.1123352726   0.1327526136   0.154921521   0.1785128524   0.2031473404   0.2284347676   0.2540096138   0.2795569915   0.3048264669   0.3296348006   0.3538606545   0.3774347797   0.4003286465   0.4225435131   0.4441010096   0.4650356191   0.4853890205   0.5052060428   0.5245319109   0.5434104728   0.561883139   0.579988321   0.597761205   0.6152337456   0.6324347912   0.6493902866   0.6661235123   0.6826553368   0.6990044638   0.7151876673   0.7312200091   0.7471150353   0.762884953   0.7785407872   0.7940925193   0.809549209   0.8249191   0.8402097145   0.8554279334   0.870580068   0.8856719218   0.9007088448   0.9156957808   0.930637309   0.9455376806   0.9604008505   0.9752305058   0.9900300906   1.004802828   1.01955174   1.034279665   1.048989272   1.063683075   1.078363449   1.093032633   1.107692749   1.122345806   1.136993709   1.151638266   1.166281196   1.180924135   1.195568641   1.210216199   1.224868225   1.239526073   1.254191036   
35.01256281   2.229484886e-16   2.873524745e-16   3.70361087e-16   4.77348716e-16   6.152422723e-16   7.929696695e-16   1.022037862e-15   1.317277863e-15   1.697804977e-15   2.188256419e-15   2.820386452e-15   3.635122314e-15   4.685214053e-15   6.038649824e-15   7.783057782e-15   1.003137956e-14   1.292918269e-14   1.666408533e-14   2.147790364e-14   2.768230812e-14   3.567900275e-14   4.598573325e-14   5.926980856e-14   7.639130571e-14   9.845875547e-14   1.269009142e-13   1.635592684e-13   2.108072623e-13   2.717039654e-13   3.501921331e-13   4.51353479e-13   5.817376913e-13   7.497864916e-13   9.66380194e-13   1.245542151e-12   1.605346694e-12   2.069089356e-12   2.666795142e-12   3.437162493e-12   4.430068819e-12   5.709799806e-12   7.359211597e-12   9.485095305e-12   1.22250912e-11   1.575660023e-11   2.030826983e-11   2.61747977e-11   3.373601201e-11   4.348146331e-11   5.604212055e-11   7.223122307e-11   9.309693378e-11   1.199902024e-10   1.546522329e-10   1.993272171e-10   2.569076355e-10   3.311215304e-10   4.26773878e-10   5.500576864e-10   7.089549617e-10   9.137535027e-10   1.177712984e-09   1.517923454e-09   1.956411827e-09   2.521568017e-09   3.249983044e-09   4.18881811e-09   5.398858058e-09   6.958446878e-09   8.968560085e-09   1.155934237e-08   1.489853382e-08   1.920233022e-08   2.474938063e-08   3.18988285e-08   4.111356433e-08   5.299019548e-08   6.829767333e-08   8.802707884e-08   1.134557898e-07   1.46230184e-07   1.88472233e-07   2.42916888e-07   3.130891514e-07   4.035322992e-07   5.201020288e-07   6.703455748e-07   8.639903366e-07   1.113573649e-06   1.435254459e-06   1.849859459e-06   2.384231366e-06   3.072966629e-06   3.960654993e-06   5.104765827e-06   6.579367935e-06   8.479923388e-06   1.092946533e-05   1.408655894e-05   1.815555976e-05   2.339983143e-05   3.01587751e-05   3.886976747e-05   5.009641787e-05   6.456495836e-05   8.321109604e-05   0.0001072403172   0.0001382054749   0.0001781065616   0.0002295189268   0.0002957579075   0.0003810899792   0.0004910031868   0.0006325528549   0.0008148024724   0.001049384192   0.001351208492   0.00173935789   0.002238204541   0.002878794752   0.003700542806   0.004753268116   0.006099588031   0.007817634836   0.01000398808   0.01277658807   0.01627720974   0.02067282329   0.0261548668   0.03293517187   0.04123715284   0.05128111173   0.06326338032   0.07733066936   0.09355323454   0.11190257   0.132240118   0.1543218855   0.1778198508   0.2023560659   0.2275416905   0.2530125091   0.2784547713   0.3036189593   0.3283225158   0.3524445673   0.3759161448   0.3987088527   0.4208239764   0.4422830981   0.4631206056   0.4833780544   0.5031001368   0.5223319375   0.5411171675   0.5594971071   0.5775100469   0.5951910612   0.6125720048   0.6296816348   0.6465458145   0.6631877515   0.679628249   0.6958859525   0.7119775842   0.7279181592   0.7437211821   0.7593988227   0.7749620726   0.790420883   0.8057842861   0.8210605015   0.8362570285   0.8513807279   0.8664378925   0.8814343087   0.896375311   0.9112658289   0.9261104285   0.9409133487   0.9556785333   0.9704096589   0.9851101599   0.9997832505   1.014431944   1.029059071   1.043667293   1.058259118   1.072836912   1.087402911   1.10195923   1.116507872   1.131050736   1.145589628   1.16012626   1.174662265   1.189199196   1.203738534   1.218281692   1.23283002   
35.26633166   1.723247224e-16   2.221048265e-16   2.862651005e-16   3.689595991e-16   4.75542375e-16   6.129141266e-16   7.899689834e-16   1.018170356e-15   1.312293136e-15   1.691380293e-15   2.179975811e-15   2.809713793e-15   3.621366604e-15   4.667484678e-15   6.015798896e-15   7.753605819e-15   9.9934197e-15   1.288025722e-14   1.660102657e-14   2.139662885e-14   2.757755517e-14   3.55439894e-14   4.581171808e-14   5.904552496e-14   7.610223245e-14   9.808617651e-14   1.264207069e-13   1.629403418e-13   2.100095439e-13   2.706758072e-13   3.488669668e-13   4.496455068e-13   5.795363307e-13   7.469492154e-13   9.62723303e-13   1.24082888e-12   1.599271882e-12   2.06125969e-12   2.656703691e-12   3.424155885e-12   4.413304942e-12   5.688193284e-12   7.331363516e-12   9.449202641e-12   1.217883009e-11   1.569697549e-11   2.023142106e-11   2.607574934e-11   3.360835115e-11   4.331692458e-11   5.583005088e-11   7.195789202e-11   9.274464454e-11   1.195361461e-10   1.540670115e-10   1.985729406e-10   2.559354682e-10   3.298685294e-10   4.251589178e-10   5.479762065e-10   7.062721966e-10   9.10295757e-10   1.173256386e-09   1.512179461e-09   1.949008545e-09   2.512026121e-09   3.237684743e-09   4.172967153e-09   5.378428174e-09   6.932115335e-09   8.934622048e-09   1.151560052e-08   1.48421561e-08   1.912966645e-08   2.46557262e-08   3.177811975e-08   4.095798599e-08   5.278967464e-08   6.803922727e-08   8.769397451e-08   1.130264604e-07   1.456768325e-07   1.877590329e-07   2.419976632e-07   3.119043869e-07   4.020052877e-07   5.181339043e-07   6.678089119e-07   8.607209001e-07   1.109359761e-06   1.429823295e-06   1.842859382e-06   2.375209166e-06   3.061338177e-06   3.945667426e-06   5.085448814e-06   6.554470856e-06   8.447834387e-06   1.088810697e-05   1.403325377e-05   1.808685699e-05   2.331128368e-05   3.004465066e-05   3.872267947e-05   4.990684669e-05   6.432063612e-05   8.289621392e-05   0.0001068345045   0.0001376824844   0.0001774325772   0.0002286503862   0.0002946387011   0.00037964785   0.0004891451059   0.0006301590881   0.0008117189762   0.001045412886   0.001346094838   0.001732775087   0.00222973347   0.002867898662   0.003686535554   0.004735274635   0.006076495647   0.007788034147   0.009966102493   0.01272819191   0.01621553646   0.02059446759   0.02605568823   0.03281021214   0.04108058405   0.05108623741   0.06302271218   0.07703609823   0.09319630081   0.1114748186   0.1317334986   0.1537291415   0.1771348351   0.2015739373   0.2266589701   0.2520270094   0.2773654293   0.3024256183   0.3270256937   0.351045241   0.3744155686   0.3971084128   0.4191250852   0.440487121   0.4612288129   0.4813915946   0.5010200225   0.5201590428   0.5388522303   0.5571407366   0.5750627316   0.5926531817   0.6099438397   0.6269633734   0.6437375653   0.6602895508   0.6766400684   0.692807706   0.7088091344   0.7246593225   0.7403717339   0.7559585012   0.771430583   0.7867979006   0.8020694592   0.8172534538   0.8323573618   0.8473880237   0.862351714   0.8772542022   0.8921008074   0.906896445   0.9216456681   0.9363527034   0.9510214835   0.9656556748   0.980258702   0.9948337704   1.009383885   1.023911868   1.038420375   1.052911905   1.06738882   1.081853348   1.096307599   1.110753571   1.125193158   1.13962816   1.154060285   1.168491162   1.182922339   1.197355294   1.211791437   
35.5201005   1.331996265e-16   1.71677514e-16   2.212706566e-16   2.851899607e-16   3.675738795e-16   4.737563573e-16   6.106121751e-16   7.870020584e-16   1.014346364e-15   1.307364493e-15   1.685027893e-15   2.17178837e-15   2.799161214e-15   3.607765661e-15   4.649954778e-15   5.993205067e-15   7.724485224e-15   9.955886927e-15   1.283188221e-14   1.653867728e-14   2.131626848e-14   2.74739808e-14   3.541049511e-14   4.563966078e-14   5.882376481e-14   7.581641159e-14   9.771778947e-14   1.259459025e-13   1.623283789e-13   2.092208009e-13   2.696592169e-13   3.475567101e-13   4.479567513e-13   5.773597378e-13   7.441438619e-13   9.591075562e-13   1.236168638e-12   1.593265419e-12   2.053518117e-12   2.646725779e-12   3.411295616e-12   4.396729677e-12   5.666829859e-12   7.303828757e-12   9.41371381e-12   1.213308946e-11   1.563802159e-11   2.015543693e-11   2.597781537e-11   3.348212663e-11   4.31542371e-11   5.562036724e-11   7.168763626e-11   9.239631896e-11   1.190871983e-10   1.534883745e-10   1.978271505e-10   2.549742389e-10   3.286296261e-10   4.235621278e-10   5.459181455e-10   7.036196157e-10   9.068769149e-10   1.16884993e-09   1.506500095e-09   1.941688558e-09   2.502591582e-09   3.225524813e-09   4.157294537e-09   5.358228149e-09   6.906080052e-09   8.901065852e-09   1.147235082e-08   1.478641269e-08   1.905782023e-08   2.456312549e-08   3.165876912e-08   4.080415809e-08   5.259140989e-08   6.778368903e-08   8.736461797e-08   1.126019614e-07   1.45129707e-07   1.870538572e-07   2.410887808e-07   3.107329524e-07   4.004954568e-07   5.161879235e-07   6.653007893e-07   8.574882485e-07   1.105193284e-06   1.424453237e-06   1.835938065e-06   2.366288475e-06   3.049840557e-06   3.930848486e-06   5.066349138e-06   6.529853898e-06   8.416106423e-06   1.084721395e-05   1.398054834e-05   1.801892721e-05   2.32237322e-05   2.993181024e-05   3.857724639e-05   4.97194084e-05   6.407906279e-05   8.25848746e-05   0.0001064332577   0.0001371653781   0.000176766176   0.0002277916179   0.0002935320873   0.0003782219468   0.0004873079312   0.0006277922552   0.0008086701749   0.001041486264   0.001341038724   0.001726266358   0.002221357723   0.002857125191   0.003672685941   0.00471748367   0.006053663192   0.007758766686   0.009928643466   0.01268034078   0.0161545579   0.02051699481   0.02595762768   0.03268666178   0.04092578229   0.0508935642   0.06278476512   0.07674486165   0.09284341347   0.1110519247   0.1312326441   0.1531431582   0.1764576535   0.20080078   0.2257864085   0.251052892   0.2762887177   0.3012461703   0.3257440345   0.3496623504   0.3729326982   0.3955269467   0.4174464327   0.438712644   0.4593597797   0.4794291519   0.4989651831   0.5180126817   0.5366150881   0.554813426   0.5726457465   0.5901469067   0.6073485609   0.6242792878   0.6409647896   0.6574281302   0.6736899842   0.6897688823   0.7056814442   0.7214425934   0.7370657524   0.7525630176   0.7679453143   0.7832225343   0.7984036561   0.8134968506   0.8285095731   0.8434486442   0.8583203201   0.8731303537   0.8878840489   0.9025863069   0.9172416679   0.9318543468   0.946428265   0.9609670786   0.975474203   0.9899528343   1.00440597   1.018836423   1.033246842   1.047639722   1.062017414   1.076382144   1.090736014   1.105081018   1.119419043   1.133751886   1.148081251   1.162408761   1.17673596   1.191064324   
35.77386935   1.029604916e-16   1.327030841e-16   1.710375335e-16   2.204458024e-16   2.841268277e-16   3.662036352e-16   4.719902853e-16   6.08335931e-16   7.84068267e-16   1.010565077e-15   1.302490891e-15   1.678746435e-15   2.163692363e-15   2.788726483e-15   3.594316609e-15   4.632620647e-15   5.970863558e-15   7.695689838e-15   9.918773306e-15   1.278404743e-14   1.647702429e-14   2.123680556e-14   2.737156311e-14   3.527849163e-14   4.546952495e-14   5.860448119e-14   7.553378267e-14   9.735351646e-14   1.254764005e-13   1.617232501e-13   2.084408662e-13   2.686539795e-13   3.462610859e-13   4.462868552e-13   5.752074524e-13   7.413698375e-13   9.555321888e-13   1.231560441e-12   1.587326033e-12   2.045862999e-12   2.636859297e-12   3.398578966e-12   4.38033952e-12   5.645705014e-12   7.276601496e-12   9.378621306e-12   1.208785965e-11   1.557972607e-11   2.008030136e-11   2.58809751e-11   3.335731174e-11   4.299336645e-11   5.541302527e-11   7.142039862e-11   9.205188336e-11   1.186432643e-10   1.529161995e-10   1.970896892e-10   2.540237443e-10   3.274045585e-10   4.219831701e-10   5.438830683e-10   7.009966579e-10   9.034962532e-10   1.164492684e-09   1.500884154e-09   1.934450319e-09   2.493262405e-09   3.213500681e-09   4.141796947e-09   5.338253712e-09   6.880335521e-09   8.867884401e-09   1.142958412e-08   1.47312918e-08   1.898677636e-08   2.447155891e-08   3.154075135e-08   4.065204808e-08   5.239535928e-08   6.753100455e-08   8.703893958e-08   1.12182203e-07   1.445886915e-07   1.863565566e-07   2.401900485e-07   3.095746e-07   3.990024872e-07   5.142636747e-07   6.628206765e-07   8.54291698e-07   1.101073337e-06   1.419143151e-06   1.829094042e-06   2.357467408e-06   3.038471339e-06   3.916195039e-06   5.047462762e-06   6.505511854e-06   8.384732787e-06   1.08067776e-05   1.39284315e-05   1.795175604e-05   2.313715847e-05   2.982022999e-05   3.843343746e-05   4.953406336e-05   6.384018727e-05   8.227701223e-05   0.0001060364919   0.0001366540468   0.0001761072171   0.0002269424401   0.0002924378321   0.000376811968   0.0004854912742   0.0006254518553   0.0008056554234   0.001037603497   0.001336039081   0.001719830325   0.002213075529   0.002846472059   0.003658991036   0.004699891455   0.006031085832   0.007729826256   0.009891603068   0.01263302451   0.01609426113   0.02044038851   0.02586066433   0.03256449453   0.04077271462   0.05070305106   0.06254948831   0.07645689728   0.09249449677   0.1106337974   0.1307374463   0.1525638085   0.1757881581   0.2000364245   0.2249238128   0.2500899403   0.2752243951   0.3000803489   0.3244772463   0.3482955763   0.3714671903   0.3939640849   0.4157876229   0.436959245   0.457513057   0.4774902508   0.496935116   0.5158923246   0.5344051835   0.5525145899   0.5702584774   0.5876715948   0.6047854987   0.6216286792   0.6382267594   0.6546027323   0.6707772089   0.6867686635   0.7025936652   0.7182670922   0.7338023267   0.7492114288   0.7645052911   0.7796937763   0.7947858362   0.8097896177   0.8247125544   0.8395614472   0.854342534   0.8690615514   0.8837237881   0.8983341314   0.9128971086   0.9274169227   0.9418974844   0.9563424395   0.9707551937   0.9851389348   0.9994966511   1.01383115   1.028145071   1.042440901   1.056720989   1.070987552   1.085242686   1.099488381   1.11372652   1.127958892   1.142187199   1.156413059   1.170638014   
36.02763819   7.958847967e-17   1.025795093e-16   1.32212046e-16   1.704046474e-16   2.196300921e-16   2.830754799e-16   3.648485806e-16   4.702437908e-16   6.0608492e-16   7.811669978e-16   1.006825707e-15   1.297671315e-15   1.67253461e-15   2.155686104e-15   2.778407425e-15   3.581016644e-15   4.61547867e-15   5.948769714e-15   7.667213659e-15   9.882071105e-15   1.273674292e-14   1.641605475e-14   2.115822351e-14   2.727028077e-14   3.514795147e-14   4.530127515e-14   5.838762842e-14   7.525428681e-14   9.699328155e-14   1.250121032e-13   1.611248294e-13   2.076695774e-13   2.676598855e-13   3.449798243e-13   4.446354705e-13   5.730790259e-13   7.386265643e-13   9.519964557e-13   1.227003327e-12   1.581452488e-12   2.03829274e-12   2.62710219e-12   3.386003285e-12   4.364131053e-12   5.624814346e-12   7.24967606e-12   9.343917817e-12   1.204313123e-11   1.552207678e-11   2.00059987e-11   2.578520835e-11   3.323388047e-11   4.283427912e-11   5.520798177e-11   7.115612342e-11   9.171126596e-11   1.182042515e-10   1.523503674e-10   1.963604029e-10   2.530837862e-10   3.261930711e-10   4.204217158e-10   5.418705507e-10   6.984027767e-10   9.001530675e-10   1.160183739e-09   1.495330468e-09   1.927292319e-09   2.484036645e-09   3.20160984e-09   4.126471154e-09   5.318500698e-09   6.854876379e-09   8.835070779e-09   1.13872915e-08   1.467678196e-08   1.891652004e-08   2.438100738e-08   3.142404186e-08   4.050162427e-08   5.220148198e-08   6.728112118e-08   8.671687145e-08   1.117670979e-07   1.440536734e-07   1.856669858e-07   2.393012789e-07   3.084290885e-07   3.975260677e-07   5.12360757e-07   6.603680568e-07   8.511305825e-07   1.096999061e-06   1.413891928e-06   1.822325888e-06   2.348744126e-06   3.027228153e-06   3.901704031e-06   5.028785748e-06   6.481439651e-06   8.353706939e-06   1.07667895e-05   1.38768924e-05   1.78853295e-05   2.305154444e-05   2.970988665e-05   3.829122271e-05   4.935077295e-05   6.36039598e-05   8.197256266e-05   0.0001056441244   0.0001361483838   0.000175455563   0.0002261026759   0.0002913557073   0.0003754176198   0.0004836947563   0.0006231374009   0.0008026740936   0.001033763775   0.001331094866   0.001713465646   0.00220488516   0.002835937044   0.003645447984   0.004682494322   0.006008758859   0.007701206819   0.009854973568   0.01258623324   0.01603463355   0.02036463269   0.02576477789   0.03244368484   0.04062134896   0.05051465798   0.06231683228   0.07617214442   0.09214947693   0.110220348   0.1302477996   0.1519909684   0.1751262051   0.1992807055   0.2240709954   0.2491379432   0.2741722268   0.2989278948   0.3232250451   0.3469446108   0.3700187102   0.3924194678   0.4141482707   0.4352265131   0.4556882081   0.4755744286   0.4949293322   0.5137974559   0.5322219745   0.5502436597   0.5679003284   0.5852266226   0.6022540017   0.6190108683   0.6355227671   0.6518126205   0.6679009771   0.6838062548   0.6995449727   0.7151319643   0.7305805717   0.7459028189   0.7611095666   0.7762106479   0.7912149887   0.806130712   0.8209652299   0.8357253236   0.8504172132   0.8650466189   0.8796188142   0.8941386729   0.9086107093   0.923039115   0.9374277895   0.9517803687   0.966100249   0.9803906092   0.9946544297   1.00889451   1.023113483   1.037313829   1.05149789   1.065667876   1.079825881   1.093973886   1.108113771   1.12224732   1.136376231   1.150502117   
36.28140704   6.15235851e-17   7.929613933e-17   1.022027195e-16   1.317264115e-16   1.697787257e-16   2.18823358e-16   2.820357016e-16   3.635084375e-16   4.685165154e-16   6.038586799e-16   7.782976551e-16   1.003127487e-15   1.292904775e-15   1.666391141e-15   2.147767948e-15   2.768201921e-15   3.567863037e-15   4.59852533e-15   5.926918997e-15   7.639050842e-15   9.845772787e-15   1.268995897e-14   1.635575614e-14   2.108050621e-14   2.717011297e-14   3.501884781e-14   4.513487682e-14   5.817316197e-14   7.497786661e-14   9.663701079e-14   1.245529151e-13   1.605329939e-13   2.069067761e-13   2.666767309e-13   3.43712662e-13   4.430022583e-13   5.709740214e-13   7.35913479e-13   9.48499631e-13   1.222496361e-12   1.575643578e-12   2.030805788e-12   2.617452452e-12   3.373565991e-12   4.348100951e-12   5.604153565e-12   7.223046921e-12   9.309596216e-12   1.199889502e-11   1.546506189e-11   1.993251368e-11   2.569049544e-11   3.311180748e-11   4.267694243e-11   5.500519464e-11   7.089475638e-11   9.137439683e-11   1.177700696e-10   1.517907618e-10   1.956391419e-10   2.521541718e-10   3.249949154e-10   4.188774442e-10   5.398801795e-10   6.958374393e-10   8.968466713e-10   1.155922211e-09   1.489837897e-09   1.920213087e-09   2.474912409e-09   3.189849851e-09   4.111314011e-09   5.298965053e-09   6.829697398e-09   8.802618249e-09   1.134546428e-08   1.462287195e-08   1.884703685e-08   2.429145231e-08   3.130861668e-08   4.035285578e-08   5.200973816e-08   6.70339876e-08   8.639834747e-08   1.113565607e-07   1.435245428e-07   1.849850033e-07   2.384222897e-07   3.072961825e-07   3.960658953e-07   5.104787796e-07   6.579424265e-07   8.48004253e-07   1.09296962e-06   1.408698492e-06   1.815632212e-06   2.340116838e-06   3.016108691e-06   3.887372487e-06   5.010314262e-06   6.457632347e-06   8.323022511e-06   1.072724145e-05   1.382592046e-05   1.781963393e-05   2.296687254e-05   2.960075757e-05   3.815057294e-05   4.916949954e-05   6.337033187e-05   8.167146337e-05   0.0001052560747   0.0001356482854   0.0001748110801   0.0002252721529   0.0002902854909   0.0003740386158   0.0004819180084   0.0006208484166   0.0007997255731   0.00102996631   0.001326205063   0.001707171015   0.002196784935   0.002825517984   0.003632054004   0.004665288696   0.005986677684   0.007672902493   0.009818747436   0.01253995735   0.01597566289   0.02028971174   0.02566994861   0.03232420776   0.04047165404   0.050328346   0.0620867488   0.0758905439   0.0918082821   0.1098114899   0.1297636014   0.1514245171   0.1744716541   0.1985334618   0.2232277734   0.2481966955   0.2731319839   0.2977885556   0.3219871545   0.3456091528   0.3685869329   0.3908927454   0.4125280014   0.4335140485   0.4538848081   0.4736812351   0.4929473562   0.5117275745   0.5300649341   0.5480000821   0.56557072   0.5828113838   0.5997534368   0.6164251949   0.6328521247   0.6490570793   0.6650605449   0.6808808838   0.6965345656   0.7120363794   0.7273996275   0.7426362983   0.7577572205   0.7727721985   0.787690132   0.8025191206   0.8172665549   0.8319391966   0.8465432482   0.8610844136   0.8755679516   0.889998722   0.9043812268   0.9187196457   0.9330178677   0.9472795184   0.9615079852   0.9757064381   0.9898778494   1.004025011   1.018150549   1.032256937   1.04634651   1.060421474   1.074483915   1.088535811   1.102579035   1.116615369   1.130646504   
36.53517588   4.756031404e-17   6.129924455e-17   7.900699266e-17   1.01830046e-16   1.312460823e-16   1.691596419e-16   2.180254371e-16   2.810072822e-16   3.621829347e-16   4.668081095e-16   6.016567602e-16   7.754596584e-16   9.994696671e-16   1.288190307e-15   1.660314787e-15   2.139936293e-15   2.758107906e-15   3.554853126e-15   4.581757196e-15   5.905306987e-15   7.611195688e-15   9.809871008e-15   1.264368611e-14   1.629611626e-14   2.100363792e-14   2.707103945e-14   3.489115454e-14   4.497029631e-14   5.796103845e-14   7.470446615e-14   9.628463209e-14   1.240987434e-13   1.599476239e-13   2.061523081e-13   2.657043167e-13   3.424593428e-13   4.413868879e-13   5.688920128e-13   7.332300326e-13   9.450410072e-13   1.218038631e-12   1.569898127e-12   2.023400626e-12   2.607908133e-12   3.361264567e-12   4.332245968e-12   5.583718492e-12   7.19670869e-12   9.275649559e-12   1.195514206e-11   1.540866984e-11   1.985983146e-11   2.559681721e-11   3.299106807e-11   4.252132457e-11   5.480462284e-11   7.063624464e-11   9.104120781e-11   1.17340631e-10   1.512372696e-10   1.949257603e-10   2.512347129e-10   3.238098489e-10   4.17350043e-10   5.37911552e-10   6.933001268e-10   8.935763956e-10   1.151707239e-09   1.484405329e-09   1.913211192e-09   2.46588785e-09   3.178218333e-09   4.096322452e-09   5.279642825e-09   6.804793483e-09   8.770520244e-09   1.130409401e-08   1.456955088e-08   1.877831272e-08   2.420287558e-08   3.119445245e-08   4.02057125e-08   5.182008904e-08   6.678955383e-08   8.608330319e-08   1.109505084e-07   1.430011926e-07   1.843104711e-07   2.375529029e-07   3.061756529e-07   3.946216744e-07   5.086173618e-07   6.555432949e-07   8.449120769e-07   1.088984198e-06   1.403561792e-06   1.809011662e-06   2.331583798e-06   3.005110702e-06   3.873197507e-06   4.992044567e-06   6.434085125e-06   8.292673293e-06   1.068812544e-05   1.377550535e-05   1.775465605e-05   2.288312563e-05   2.949282066e-05   3.80114597e-05   4.899020645e-05   6.31392562e-05   8.137365344e-05   0.0001048722643   0.0001351536503   0.0001741736378   0.0002244507031   0.0002892269662   0.0003726746772   0.0004801606713   0.0006185844393   0.0007968092654   0.001026210333   0.001321368684   0.001700945157   0.002188773215   0.002815212769   0.003618806382   0.004648271095   0.005964837836   0.007644907545   0.009782917332   0.01249418745   0.01591733719   0.02021561047   0.02557615724   0.03220603901   0.04032359939   0.05014407712   0.06185919089   0.07561203808   0.09147084223   0.1094071391   0.1292847516   0.1508643371   0.1738243687   0.1977945368   0.2223939688   0.2472659968   0.2721034437   0.2966620854   0.320763305   0.3442889092   0.3671715415   0.3893835769   0.4109264499   0.4318214621   0.4521024436   0.4718102322   0.4909887251   0.5096821927   0.5279335493   0.5457833189   0.5632690885   0.5804252889   0.5972831884   0.6138710167   0.6302141635   0.6463354128   0.6622551891   0.6779917998   0.6935616651   0.7089795303   0.7242586583   0.7394110022   0.7544473589   0.7693775043   0.7842103123   0.7989538591   0.8136155142   0.8282020201   0.8427195615   0.8571738263   0.8715700585   0.8859131045   0.9002074537   0.9144572743   0.9286664444   0.9428385801   0.9569770592   0.9710850434   0.9851654969   0.999221204   1.013254784   1.027268704   1.041265292   1.055246749   1.069215156   1.083172484   1.097120604   1.11106129   
36.78894472   3.676709157e-17   4.738814247e-17   6.107733712e-17   7.872098198e-17   1.014614143e-16   1.307709625e-16   1.685472725e-16   2.172361703e-16   2.799900168e-16   3.608718078e-16   4.651182324e-16   5.994787219e-16   7.726524418e-16   9.958515191e-16   1.283526971e-15   1.654304334e-15   2.132189579e-15   2.748123368e-15   3.541984316e-15   4.565170924e-15   5.883929375e-15   7.583642643e-15   9.774358609e-15   1.259791511e-14   1.623712321e-14   2.092760333e-14   2.697304044e-14   3.476484619e-14   4.480750078e-14   5.775121556e-14   7.443403091e-14   9.593607519e-14   1.236494975e-13   1.593686026e-13   2.054060227e-13   2.647424491e-13   3.412196167e-13   4.397890374e-13   5.668325851e-13   7.305756902e-13   9.416198946e-13   1.213629249e-12   1.564214989e-12   2.016075778e-12   2.598467328e-12   3.349096562e-12   4.316562943e-12   5.563505053e-12   7.170656116e-12   9.242071078e-12   1.191186363e-11   1.535288941e-11   1.978793752e-11   2.5504155e-11   3.287163817e-11   4.236739449e-11   5.460622638e-11   7.038053664e-11   9.071163246e-11   1.1691585e-10   1.506897804e-10   1.942201158e-10   2.503252262e-10   3.226376353e-10   4.158392075e-10   5.359642757e-10   6.907903333e-10   8.903415884e-10   1.14753798e-09   1.479031681e-09   1.906285238e-09   2.456961169e-09   3.166712967e-09   4.081493487e-09   5.260530159e-09   6.780159669e-09   8.738770366e-09   1.126317242e-08   1.451680812e-08   1.871033395e-08   2.411525953e-08   3.108152641e-08   4.006016509e-08   5.16324968e-08   6.654777111e-08   8.577167579e-08   1.1054886e-07   1.424835186e-07   1.836432547e-07   2.366929453e-07   3.050672762e-07   3.931931171e-07   5.067761323e-07   6.531701835e-07   8.418534376e-07   1.085042001e-06   1.398480802e-06   1.802462916e-06   2.323143305e-06   2.994231995e-06   3.859176266e-06   4.97397302e-06   6.410793288e-06   8.262653234e-06   1.064943367e-05   1.372563704e-05   1.769038291e-05   2.280028702e-05   2.938605441e-05   3.787385524e-05   4.881285793e-05   6.291068672e-05   8.107907349e-05   0.0001044926166   0.00013466438   0.0001735431092   0.0002236381626   0.0002881799222   0.0003713255317   0.0004784223943   0.0006163450175   0.000793924589   0.001022495095   0.001316584764   0.001694786831   0.0021808484   0.002805019344   0.003605702477   0.004631438122   0.005943234958   0.007617216386   0.009747476101   0.01244891439   0.0158596448   0.02014231406   0.02548338499   0.03208915493   0.04017715532   0.04996181435   0.06163411274   0.07533657079   0.09113708907   0.1090072135   0.1288111526   0.1503103137   0.1731842157   0.1970637776   0.2215694081   0.2463456524   0.2710863892   0.2955482448   0.3195532345   0.3429835949   0.3657722276   0.3878916305   0.4093432612   0.4301483751   0.4503407121   0.4699609936   0.4890529887   0.507660836   0.5258273212   0.5435928465   0.5609948853   0.5780677644   0.5948426575   0.6113477093   0.6276082331   0.6436469444   0.6594842067   0.6751382728   0.6906255142   0.7059606326   0.7211568518   0.7362260901   0.7511791128   0.7660256676   0.7807746028   0.7954339714   0.8100111219   0.8245127777   0.8389451061   0.8533137791   0.867624026   0.8818806797   0.8960882173   0.9102507956   0.9243722821   0.938456283   0.952506167   0.9665250872   0.980516   0.9944816822   1.008424746   1.022347652   1.036252723   1.050142153   1.064018018   1.077882285   1.091736817   
37.04271357   2.842399771e-17   3.663494706e-17   4.721782487e-17   6.085781921e-17   7.843805109e-17   1.010967521e-16   1.303009589e-16   1.679414972e-16   2.164554023e-16   2.789837053e-16   3.595747994e-16   4.634465521e-16   5.973241369e-16   7.698754536e-16   9.922723316e-16   1.27891385e-15   1.648358603e-15   2.124526281e-15   2.738246345e-15   3.529254079e-15   4.548763254e-15   5.862781959e-15   7.556386292e-15   9.739228611e-15   1.255263697e-14   1.61787654e-14   2.085238748e-14   2.687609671e-14   3.463989795e-14   4.464645825e-14   5.754365206e-14   7.416650775e-14   9.559127158e-14   1.232050892e-13   1.587958163e-13   2.046677734e-13   2.637909389e-13   3.399932402e-13   4.382083927e-13   5.647953335e-13   7.279499299e-13   9.382356209e-13   1.209267347e-12   1.558593048e-12   2.008829805e-12   2.589128183e-12   3.337059582e-12   4.301048795e-12   5.543509273e-12   7.144884079e-12   9.208854173e-12   1.186905123e-11   1.529770963e-11   1.971681774e-11   2.541249058e-11   3.275349429e-11   4.221512194e-11   5.440996628e-11   7.012758213e-11   9.0385606e-11   1.16495643e-10   1.501481866e-10   1.935220697e-10   2.494255329e-10   3.214780442e-10   4.143446409e-10   5.340379678e-10   6.883075655e-10   8.871416139e-10   1.143413617e-09   1.473715897e-09   1.899433863e-09   2.44813061e-09   3.155331491e-09   4.066824201e-09   5.241623301e-09   6.755791113e-09   8.707362373e-09   1.122269148e-08   1.446463329e-08   1.864308719e-08   2.402858693e-08   3.096981638e-08   3.991618495e-08   5.144692457e-08   6.630859193e-08   8.546340402e-08   1.101515366e-07   1.419714189e-07   1.829832229e-07   2.358422477e-07   3.039708346e-07   3.917799426e-07   5.049547294e-07   6.508226261e-07   8.388277341e-07   1.081142254e-06   1.393454525e-06   1.795984688e-06   2.3147937e-06   2.983470431e-06   3.845306006e-06   4.95609607e-06   6.387752261e-06   8.232956434e-06   1.061115853e-05   1.367630571e-05   1.762680186e-05   2.271834043e-05   2.928043784e-05   3.773773252e-05   4.863741911e-05   6.268457851e-05   8.078766562e-05   0.000104117057   0.0001341803782   0.0001729193702   0.0002228343718   0.0002871441531   0.0003699909144   0.0004767028359   0.000614129711   0.0007910709767   0.001018819866   0.001311852363   0.001688694827   0.002173008934   0.002794935704   0.003592739712   0.004614786467   0.005921864799   0.00758982357   0.009712416769   0.01240412928   0.01580257435   0.02006980805   0.02539161357   0.03197353243   0.04003229288   0.04978152159   0.06141146971   0.07506408727   0.09080695609   0.1086116331   0.1283427093   0.1497623352   0.1725510653   0.1963410354   0.2207539223   0.2454354722   0.270080609   0.2944468004   0.3183566875   0.341692932   0.3643886908   0.3864165832   0.4077780893   0.4284944187   0.4485992216   0.4681331043   0.4871397084   0.5056630424   0.5237457643   0.5414281555   0.5587475769   0.5757382521   0.5924312614   0.6088546651   0.6250337007   0.640991016   0.6567469138   0.6723195929   0.6877253766   0.7029789233   0.7180934183   0.7330807449   0.7479516376   0.7627158158   0.7773821025   0.7919585279   0.8064524195   0.8208704818   0.8352188648   0.8495032248   0.8637287765   0.8779003395   0.8920223786   0.9060990392   0.9201341784   0.9341313927   0.9480940416   0.9620252699   0.9759280261   0.9898050795   1.003659035   1.017492349   1.031307335   1.045106183   1.058890963   1.072663637   
37.29648241   2.197466185e-17   2.832256678e-17   3.650421538e-17   4.704932822e-17   6.06406483e-17   7.815814519e-17   1.007359887e-16   1.298359804e-16   1.673421986e-16   2.156829819e-16   2.77988153e-16   3.58291658e-16   4.617927448e-16   5.951925879e-16   7.671281558e-16   9.887314113e-16   1.27435005e-15   1.642476441e-15   2.116944917e-15   2.728474922e-15   3.516659948e-15   4.532531009e-15   5.841860642e-15   7.529421354e-15   9.704474208e-15   1.250784293e-14   1.612103154e-14   2.077797581e-14   2.678018945e-14   3.451628559e-14   4.448713753e-14   5.733830774e-14   7.390184483e-14   9.525015446e-14   1.227654323e-13   1.58229154e-13   2.039374172e-13   2.628496019e-13   3.387799755e-13   4.366446476e-13   5.627798634e-13   7.253522431e-13   9.348875304e-13   1.20495208e-12   1.553031214e-12   2.001661303e-12   2.579888889e-12   3.325151296e-12   4.285700517e-12   5.523727279e-12   7.119387585e-12   9.17599241e-12   1.182669657e-11   1.524311981e-11   1.964645835e-11   2.53218062e-11   3.263661357e-11   4.206447742e-11   5.421580451e-11   6.98773321e-11   9.006306529e-11   1.160799287e-10   1.496123834e-10   1.928314869e-10   2.485354588e-10   3.203308509e-10   4.128660535e-10   5.321322552e-10   6.858513424e-10   8.839758522e-10   1.139333349e-09   1.468456947e-09   1.89265574e-09   2.439394465e-09   3.144071702e-09   4.052311753e-09   5.222918587e-09   6.731683097e-09   8.676290181e-09   1.118264334e-08   1.44130163e-08   1.85765594e-08   2.3942841e-08   3.08593007e-08   3.977374418e-08   5.12633364e-08   6.607196995e-08   8.515842816e-08   1.097584613e-07   1.414647944e-07   1.823302479e-07   2.350006455e-07   3.028861158e-07   3.903818773e-07   5.031528002e-07   6.485001677e-07   8.358343801e-07   1.077284201e-06   1.388481987e-06   1.789575722e-06   2.306533365e-06   2.972823925e-06   3.831584041e-06   4.938410252e-06   6.364957579e-06   8.20357714e-06   1.057329262e-05   1.362750181e-05   1.75639006e-05   2.263726997e-05   2.917595047e-05   3.760306518e-05   4.846385602e-05   6.246088777e-05   8.049937338e-05   0.0001037455127   0.0001337015512   0.0001723023001   0.0002220391749   0.0002861194582   0.0003686705667   0.0004750016629   0.0006119380907   0.0007882478757   0.001015183934   0.001307170563   0.001682667963   0.002165253296   0.002784959895   0.003579915574   0.004598312903   0.005900723215   0.007562723783   0.009677732536   0.01235982341   0.01574611477   0.01999807837   0.02530082514   0.03185914901   0.03988898385   0.04960316366   0.06119121828   0.07479453411   0.09048037842   0.1082203199   0.1278793291   0.1492202928   0.1719247911   0.1956261649   0.2199473466   0.244535271   0.2690858971   0.293357525   0.317173415   0.3404166497   0.3630206384   0.3849581202   0.4062305973   0.4268592337   0.4468775906   0.4663261601   0.4852484575   0.5036883622   0.5216884059   0.5392887499   0.5565266438   0.5734362091   0.5900484333   0.6063912931   0.6224899508   0.6383669872   0.6540426451   0.6695350697   0.6848605364   0.7000336607   0.7150675896   0.7299741723   0.744764112   0.7594471006   0.7740319358   0.7885266251   0.8029384754   0.8172741724   0.831539849   0.8457411456   0.8598832628   0.8739710069   0.8880088305   0.9020008677   0.9159509654   0.9298627101   0.9437394526   0.9575843292   0.9714002806   0.9851900689   0.9989562926   1.0127014   1.026427701   1.040137378   1.053832497   
37.55025126   1.69890949e-17   2.189679997e-17   2.822221265e-17   3.637487157e-17   4.688262037e-17   6.04257829e-17   7.78812108e-17   1.003790552e-16   1.293759382e-16   1.667492622e-16   2.149187617e-16   2.770031695e-16   3.570221386e-16   4.601564944e-16   5.930836676e-16   7.644100236e-16   9.852280819e-16   1.2698347e-15   1.636656725e-15   2.109444037e-15   2.718807235e-15   3.504199519e-15   4.516471087e-15   5.821161429e-15   7.50274268e-15   9.670088762e-15   1.246352443e-14   1.606391058e-14   2.07043541e-14   2.668530036e-14   3.439398552e-14   4.432950817e-14   5.713514338e-14   7.36399916e-14   9.49126587e-14   1.223304428e-13   1.576685075e-13   2.032148145e-13   2.619182582e-13   3.37579591e-13   4.350975035e-13   5.607857897e-13   7.227821338e-13   9.315749836e-13   1.200682626e-12   1.547528425e-12   1.994568903e-12   2.570747679e-12   3.313369431e-12   4.270515179e-12   5.504155295e-12   7.094161766e-12   9.143479511e-12   1.178479154e-11   1.518910952e-11   1.95768459e-11   2.523208453e-11   3.252097366e-11   4.191543217e-11   5.402370398e-11   6.962973876e-11   8.974394871e-11   1.156686277e-10   1.490822683e-10   1.921482354e-10   2.476548338e-10   3.191958364e-10   4.11403163e-10   5.302467739e-10   6.834211949e-10   8.808436986e-10   1.135296399e-09   1.463253826e-09   1.885949574e-09   2.430751064e-09   3.132931448e-09   4.037953372e-09   5.204412444e-09   6.707831014e-09   8.645547856e-09   1.114302036e-08   1.436194728e-08   1.851073788e-08   2.385800537e-08   3.074995826e-08   3.963281559e-08   5.108169723e-08   6.583785998e-08   8.485668997e-08   1.093695588e-07   1.409635483e-07   1.81684205e-07   2.341679778e-07   3.018129124e-07   3.889986539e-07   5.013700005e-07   6.462023649e-07   8.328728039e-07   1.073467106e-06   1.383562238e-06   1.783234794e-06   2.298360723e-06   2.962290444e-06   3.81800775e-06   4.920912189e-06   6.342404888e-06   8.174509741e-06   1.05358287e-05   1.357921602e-05   1.75016671e-05   2.255706017e-05   2.907257236e-05   3.746982749e-05   4.829213551e-05   6.223957177e-05   8.021414171e-05   0.0001033779129   0.0001332278075   0.0001716917809   0.00022125242   0.0002851056418   0.0003673642362   0.0004733185504   0.0006097697379   0.0007854547468   0.001011586604   0.00130253847   0.00167670509   0.002157580006   0.002775090011   0.003567227614   0.004582014281   0.005879806168   0.007535911845   0.009643416766   0.01231598831   0.01569025524   0.01992711127   0.0252110023   0.03174598272   0.03974720069   0.04942670625   0.060973316   0.07452785926   0.0901572928   0.1078331978   0.1274209215   0.1486840802   0.1713052699   0.1949190246   0.2191495203   0.2436448686   0.2681020526   0.2922801968   0.3160031744   0.3391544843   0.3616677853   0.3835159348   0.4047004569   0.4252424702   0.4451754474   0.4645397675   0.4833788204   0.5017363576   0.5196547856   0.5371741468   0.5543315805   0.5711611068   0.5876936213   0.6039570178   0.6199763845   0.6357742352   0.6513707536   0.6667840315   0.6820302969   0.6971241231   0.7120786189   0.7269055994   0.7416157374   0.756218697   0.7707232511   0.7851373843   0.7994683839   0.8137229162   0.8279070973   0.8420265522   0.8560864671   0.8700916352   0.8840464972   0.8979551759   0.9118215078   0.9256490699   0.9394412042   0.9532010386   0.9669315061   0.9806353615   0.9943151964   1.007973453   1.021612435   1.035234319   
37.8040201   1.313497136e-17   1.692932096e-17   2.18197589e-17   2.812291643e-17   3.624689126e-17   4.67176699e-17   6.021318257e-17   7.760719578e-17   1.000258844e-16   1.289207456e-16   1.661625764e-16   2.141625977e-16   2.760285695e-16   3.557660021e-16   4.58537493e-16   5.909969791e-16   7.617205454e-16   9.817616837e-16   1.26536695e-15   1.630898359e-15   2.10202223e-15   2.709241461e-15   3.491870444e-15   4.500580465e-15   5.800680422e-15   7.476345246e-15   9.6360658e-15   1.241967312e-14   1.600739178e-14   2.06315085e-14   2.659141157e-14   3.427297471e-14   4.41735405e-14   5.693412074e-14   7.338089877e-14   9.457872073e-14   1.219000389e-13   1.571137711e-13   2.024998294e-13   2.609967325e-13   3.363918607e-13   4.335666689e-13   5.588127371e-13   7.202391179e-13   9.28297357e-13   1.196458178e-12   1.542083646e-12   1.987551269e-12   2.561702835e-12   3.301711767e-12   4.255489922e-12   5.484789633e-12   7.069201871e-12   9.111309356e-12   1.174332827e-11   1.513566859e-11   1.950796729e-11   2.514330869e-11   3.24065528e-11   4.176795812e-11   5.383362854e-11   6.938475549e-11   8.942819618e-11   1.152616625e-10   1.485577415e-10   1.914721866e-10   2.467834922e-10   3.180727869e-10   4.099556939e-10   5.283811689e-10   6.810166654e-10   8.777445635e-10   1.131302004e-09   1.458105556e-09   1.879314103e-09   2.422198779e-09   3.121908632e-09   4.023746352e-09   5.186101389e-09   6.684230374e-09   8.615129609e-09   1.110381508e-08   1.431141662e-08   1.844561023e-08   2.377406405e-08   3.064176849e-08   3.949337263e-08   5.090197286e-08   6.560621795e-08   8.455813263e-08   1.089847561e-07   1.404675862e-07   1.810449725e-07   2.333440879e-07   3.007510225e-07   3.876300122e-07   4.996059946e-07   6.43928785e-07   8.29942448e-07   1.06969025e-06   1.378694352e-06   1.776960712e-06   2.290274236e-06   2.951868004e-06   3.804574578e-06   4.903598587e-06   6.320089943e-06   8.145748763e-06   1.049875971e-05   1.353143925e-05   1.744008966e-05   2.247769593e-05   2.897028403e-05   3.733799435e-05   4.812222524e-05   6.202058883e-05   7.99319169e-05   0.0001030141882   0.000132759058   0.0001710876978   0.0002204739591   0.0002841025131   0.0003660716772   0.0004716531814   0.0006076242444   0.000782691064   0.001008027199   0.001297955212   0.001670805082   0.002149987619   0.002765324194   0.00355467344   0.00456588753   0.005859109713   0.007509382702   0.009609462992   0.01227261572   0.01563498523   0.01985689336   0.02512212808   0.03163401217   0.03960691655   0.04925211589   0.06075772145   0.07426401193   0.08983763756   0.1074501928   0.1269673985   0.1481535939   0.1706923815   0.1942194767   0.2183602869   0.2427640888   0.2671288797   0.2912146001   0.3148457294   0.3379061787   0.3603298535   0.3820897284   0.4031873485   0.4236437874   0.44349243   0.4627735429   0.4815303923   0.4998066022   0.5176444553   0.5350838762   0.5521618947   0.5689124306   0.5853662883   0.6015512795   0.6174924186   0.6332121537   0.6487306092   0.6640658245   0.6792339805   0.6942496083   0.7091257792   0.7238742746   0.7385057367   0.7530298024   0.76745522   0.7817899518   0.7960412642   0.8102158057   0.8243196754   0.8383584828   0.8523373999   0.8662612071   0.8801343329   0.8939608893   0.9077447024   0.9214893397   0.9351981344   0.9488742061   0.9625204802   0.9761397044   0.9897344634   1.003307193   1.016860191   
38.05778894   1.015543925e-17   1.308907997e-17   1.687017276e-17   2.174352433e-17   2.802465968e-17   3.612025071e-17   4.655444621e-17   6.000280782e-17   7.733604927e-17   9.967641073e-17   1.284703182e-16   1.655820322e-16   2.134143496e-16   2.750641721e-16   3.545230155e-16   4.5693544e-16   5.889321348e-16   7.590592217e-16   9.783315732e-16   1.260945971e-15   1.625200274e-15   2.094678117e-15   2.699775827e-15   3.479670435e-15   4.484856192e-15   5.780413819e-15   7.450224151e-15   9.602399004e-15   1.237628087e-14   1.595146464e-14   2.055942547e-14   2.649850564e-14   3.415323069e-14   4.401920557e-14   5.673520248e-14   7.312451823e-14   9.424827855e-14   1.214741406e-13   1.56564842e-13   2.01792329e-13   2.600848538e-13   3.35216564e-13   4.320518598e-13   5.568603392e-13   7.177227233e-13   9.250540419e-13   1.192277954e-12   1.536695865e-12   1.980607099e-12   2.552752675e-12   3.290176141e-12   4.240621954e-12   5.465626699e-12   7.044503267e-12   9.079475971e-12   1.170229905e-11   1.508278711e-11   1.943980972e-11   2.505546219e-11   3.229332975e-11   4.162202789e-11   5.364554288e-11   6.91423368e-11   8.911574908e-11   1.148589576e-10   1.480387057e-10   1.908032149e-10   2.459212721e-10   3.16961494e-10   4.085233775e-10   5.265350938e-10   6.786373075e-10   8.746778713e-10   1.127349425e-09   1.45301118e-09   1.872748095e-09   2.413736023e-09   3.111001208e-09   4.009688058e-09   5.167982021e-09   6.660876795e-09   8.585029792e-09   1.106502022e-08   1.426141493e-08   1.838116436e-08   2.369100146e-08   3.05347113e-08   3.935538941e-08   5.072412991e-08   6.537700083e-08   8.426270071e-08   1.086039817e-07   1.39976816e-07   1.804124318e-07   2.325288228e-07   2.997002489e-07   3.86275698e-07   4.978604551e-07   6.416790058e-07   8.270427683e-07   1.065952932e-06   1.373877425e-06   1.770752308e-06   2.282272401e-06   2.94155467e-06   3.791282029e-06   4.88646623e-06   6.298008599e-06   8.117288868e-06   1.046207878e-05   1.348416262e-05   1.737915684e-05   2.23991625e-05   2.886906651e-05   3.720754131e-05   4.795409366e-05   6.180389831e-05   7.965264655e-05   0.0001026542712   0.0001322952156   0.0001704899385   0.0002197036475   0.0002831098857   0.0003647926495   0.0004700052468   0.0006055012117   0.0007799563142   0.001004505058   0.001293419937   0.001664966846   0.002142474723   0.002755660628   0.003542250721   0.004549929654   0.005838630006   0.007483131423   0.0095758649   0.01222969756   0.01558029445   0.01978741156   0.0250341859   0.03152321647   0.03946810525   0.04907935994   0.06054439426   0.07400294258   0.08952135251   0.1070712325   0.126518674   0.1476287329   0.1700860085   0.1935273865   0.2175794935   0.2418927602   0.2661661877   0.2901605241   0.3137008494   0.3366714821   0.3590065722   0.3806792097   0.4016909604   0.422062853   0.4418281856   0.4610271131   0.4797027786   0.4978986806   0.5156569785   0.5330174802   0.5500171071   0.5666896794   0.5830659112   0.5991735329   0.6150374858   0.6306801525   0.646121599   0.6613798126   0.6764709275   0.6914094332   0.7062083636   0.7208794665   0.7354333542   0.7498796364   0.7642270369   0.7784834959   0.7926562596   0.8067519583   0.8207766743   0.8347360018   0.8486350989   0.8624787331   0.8762713209   0.8900169634   0.9037194765   0.9173824184   0.9310091135   0.9446026731   0.9581660152   0.9717018801   0.9852128461   0.9987013426   
38.31155779   7.851973793e-18   1.012020361e-17   1.304366568e-17   1.681163946e-17   2.166808229e-17   2.792742441e-17   3.599492672e-17   4.63929194e-17   5.979462014e-17   7.706772162e-17   9.933057024e-17   1.280245734e-16   1.650075234e-16   2.126738802e-16   2.741098005e-16   3.53292951e-16   4.553500421e-16   5.868887569e-16   7.564255653e-16   9.749371224e-16   1.256570952e-15   1.619561427e-15   2.087410354e-15   2.690408597e-15   3.467597258e-15   4.46929539e-15   5.760357908e-15   7.424374612e-15   9.56908221e-15   1.233333973e-14   1.589611892e-14   2.048809182e-14   2.640656557e-14   3.403473154e-14   4.386647511e-14   5.653835219e-14   7.287080304e-14   9.392127168e-14   1.2105267e-13   1.560216195e-13   2.010921838e-13   2.591824549e-13   3.340534858e-13   4.305527987e-13   5.549282386e-13   7.152324894e-13   9.218444445e-13   1.188141188e-12   1.531364095e-12   1.97373512e-12   2.543895562e-12   3.278760439e-12   4.225908555e-12   5.446662984e-12   7.020061431e-12   9.047973527e-12   1.166169638e-11   1.503045538e-11   1.937236073e-11   2.496852895e-11   3.218128377e-11   4.147761476e-11   5.345941257e-11   6.890243832e-11   8.88065502e-11   1.144604393e-10   1.475250658e-10   1.901411979e-10   2.450680157e-10   3.158617542e-10   4.071059516e-10   5.247082106e-10   6.762826856e-10   8.716430607e-10   1.123437937e-09   1.447969766e-09   1.866250348e-09   2.405361247e-09   3.100207177e-09   3.995775915e-09   5.150051024e-09   6.637766002e-09   8.555242895e-09   1.102662866e-08   1.421193307e-08   1.831738848e-08   2.360880239e-08   3.042876708e-08   3.921884068e-08   5.054813583e-08   6.515016668e-08   8.397034012e-08   1.082271658e-07   1.39491148e-07   1.79786467e-07   2.317220333e-07   2.986603992e-07   3.849354633e-07   4.961330623e-07   6.394526155e-07   8.241732338e-07   1.062254467e-06   1.369110575e-06   1.764608448e-06   2.274353753e-06   2.931348555e-06   3.778127671e-06   4.869511983e-06   6.276156815e-06   8.089124843e-06   1.042577919e-05   1.343737749e-05   1.731885748e-05   2.232144552e-05   2.876890125e-05   3.707844447e-05   4.778771e-05   6.158946053e-05   7.937627953e-05   0.0001022980959   0.0001318361953   0.0001698983937   0.0002189413442   0.000282127578   0.000363526919   0.0004683744448   0.0006034002511   0.0007772499965   0.001001019536   0.001288931816   0.001659189311   0.002135039944   0.002746097545   0.003529957181   0.00453413773   0.005818363295   0.007457153197   0.00954261633   0.01218722596   0.01552617287   0.01971865312   0.02494715963   0.03141357525   0.03933074123   0.04890840653   0.06033329501   0.07374460287   0.08920837893   0.1066962463   0.1260746643   0.1471093987   0.1694860366   0.1928426228   0.2168069914   0.2410307155   0.2652137903   0.2891177636   0.3125683097   0.3354501504   0.3576976773   0.3792840948   0.4002109888   0.4204993434   0.4401823703   0.4593001138   0.4778955953   0.4960121881   0.5136919299   0.5309745129   0.5478967507   0.5644923651   0.5807919808   0.5968232472   0.6126110333   0.628177657   0.6435431262   0.6587253765   0.673740496   0.6886029327   0.7033256836   0.7179204633   0.7323978542   0.7467674392   0.7610379178   0.7752172082   0.7893125367   0.8033305153   0.8172772099   0.8311581995   0.8449786283   0.8587432509   0.8724564722   0.8861223823   0.8997447872   0.9133272355   0.926873043   0.9403853132   0.953866956   0.9673207051   0.980749132   
38.56532663   6.071127755e-18   7.824917738e-18   1.008533177e-17   1.299872027e-17   1.67537105e-17   2.159341918e-17   2.783119308e-17   3.587089667e-17   4.62330603e-17   5.958858193e-17   7.680216437e-17   9.898830045e-17   1.275834308e-16   1.644389463e-16   2.119410561e-16   2.731652826e-16   3.520755865e-16   4.537810129e-16   5.848664762e-16   7.538191006e-16   9.715777183e-16   1.252241104e-15   1.613980799e-15   2.080217629e-15   2.681138082e-15   3.455648733e-15   4.453895249e-15   5.740509069e-15   7.398791963e-15   9.536109403e-15   1.229084194e-14   1.584134463e-14   2.041749468e-14   2.631557475e-14   3.391745586e-14   4.371532155e-14   5.634353432e-14   7.261970739e-14   9.359764106e-14   1.20635551e-13   1.554840057e-13   2.003992674e-13   2.582893731e-13   3.32902416e-13   4.29069215e-13   5.530160864e-13   7.127679664e-13   9.186679853e-13   1.184047133e-12   1.526087374e-12   1.966934093e-12   2.535129896e-12   3.267462602e-12   4.211347068e-12   5.427895064e-12   6.995871949e-12   9.016796338e-12   1.162151291e-11   1.497866397e-11   1.930560813e-11   2.488249327e-11   3.207039463e-11   4.133469265e-11   5.3275204e-11   6.866501671e-11   8.85005437e-11   1.140660355e-10   1.470167291e-10   1.89486016e-10   2.442235689e-10   3.147733688e-10   4.057031602e-10   5.229001895e-10   6.739523744e-10   8.686395837e-10   1.119566834e-09   1.442980402e-09   1.859819688e-09   2.397072937e-09   3.089524592e-09   3.982007411e-09   5.132305159e-09   6.614893821e-09   8.52576354e-09   1.098863349e-08   1.416296209e-08   1.825427107e-08   2.352745201e-08   3.03239167e-08   3.908370178e-08   5.037395884e-08   6.492567452e-08   8.368099807e-08   1.078542404e-07   1.390104943e-07   1.791669651e-07   2.309235736e-07   2.976312857e-07   3.836090662e-07   4.944235043e-07   6.37249212e-07   8.213333264e-07   1.058594187e-06   1.364392941e-06   1.758528022e-06   2.266516864e-06   2.921247815e-06   3.765109128e-06   4.852732784e-06   6.254530644e-06   8.061251604e-06   1.038985438e-05   1.33910754e-05   1.725918069e-05   2.224453094e-05   2.866977017e-05   3.695068052e-05   4.762304421e-05   6.137723677e-05   7.910276593e-05   0.0001019455981   0.0001313819144   0.0001693129564   0.0002181869117   0.0002811554124   0.0003622742572   0.0004667604809   0.0006013209832   0.0007745716223   0.000997570003   0.001284490038   0.001653471434   0.002127681937   0.002736633217   0.0035177906   0.004518508905   0.005798305916   0.007431443328   0.009509711272   0.01214519325   0.01547261069   0.01965060558   0.02486103348   0.03130506861   0.03919479953   0.04873922459   0.06012438525   0.07348894564   0.08889865954   0.1063251654   0.1256352874   0.1465954951   0.1688923542   0.1921650576   0.2160426351   0.2401777914   0.2642715059   0.2880861183   0.311447891   0.3342419452   0.3564029114   0.3779041069   0.3987471376   0.418952943   0.438554649   0.4575921906   0.4761084677   0.4941467304   0.5117488952   0.5289545396   0.5458003707   0.5623200124   0.5785440008   0.5944999053   0.610212523   0.6257041075   0.6409946096   0.6561019133   0.6710420608   0.6858294595   0.7004770693   0.7149965722   0.729398521   0.7436924717   0.7578870998   0.7719903019   0.7860092844   0.7999506413   0.813820422   0.8276241906   0.8413670775   0.8550538245   0.8686888249   0.8822761581   0.8958196199   0.9093227499   0.922788855   0.9362210308   0.9496221798   0.9629950285   
38.81909548   4.694292659e-18   6.050351002e-18   7.798139124e-18   1.005081751e-17   1.295423575e-17   1.669637557e-17   2.151952168e-17   2.773594853e-17   3.574813846e-17   4.607484046e-17   5.938465652e-17   7.653933023e-17   9.864954041e-17   1.271468119e-16   1.638761996e-16   2.112157465e-16   2.722304501e-16   3.508707053e-16   4.52228073e-16   5.828649327e-16   7.512393635e-16   9.682527626e-16   1.247955655e-15   1.608457397e-15   2.07309866e-15   2.671962629e-15   3.443822732e-15   4.438653026e-15   5.720863767e-15   7.373471647e-15   9.503474709e-15   1.224877993e-14   1.578713202e-14   2.034762146e-14   2.622551698e-14   3.380138276e-14   4.356571797e-14   5.615071418e-14   7.237118655e-14   9.327732906e-14   1.202227092e-13   1.549519048e-13   1.997134564e-13   2.574054493e-13   3.317631497e-13   4.276008444e-13   5.51123542e-13   7.103287154e-13   9.155240985e-13   1.17999506e-12   1.520864763e-12   1.960202806e-12   2.526454116e-12   3.256280616e-12   4.196934899e-12   5.409319596e-12   6.971930515e-12   8.98593885e-12   1.15817415e-11   1.492740364e-11   1.923954003e-11   2.479733983e-11   3.196064258e-11   4.119323611e-11   5.309288437e-11   6.843002971e-11   8.81976751e-11   1.136756761e-10   1.465136051e-10   1.888375526e-10   2.433877814e-10   3.136961442e-10   4.043147535e-10   5.211107084e-10   6.716459591e-10   8.656669053e-10   1.115735427e-09   1.438042201e-09   1.85345497e-09   2.388869619e-09   3.07895155e-09   3.968380093e-09   5.114741266e-09   6.592256179e-09   8.496586476e-09   1.095102794e-08   1.411449327e-08   1.819180088e-08   2.344693582e-08   3.02201415e-08   3.894994863e-08   5.020156791e-08   6.470348438e-08   8.339462303e-08   1.074851392e-07   1.385347693e-07   1.785538157e-07   2.301333017e-07   2.96612725e-07   3.822962703e-07   4.927314768e-07   6.35068403e-07   8.185225404e-07   1.054971442e-06   1.359723684e-06   1.752509946e-06   2.258760336e-06   2.911250651e-06   3.752224081e-06   4.836125644e-06   6.233126235e-06   8.033664187e-06   1.035429795e-05   1.334524811e-05   1.720011585e-05   2.216840507e-05   2.857165561e-05   3.68242267e-05   4.746006696e-05   6.116718923e-05   7.883205705e-05   0.0001015967149   0.0001309322918   0.0001687335225   0.0002174402154   0.000280193216   0.0003610344409   0.0004651630676   0.0005992630377   0.0007719207145   0.0009941558455   0.001280093811   0.001647812197   0.002120399394   0.002727265958   0.003505748809   0.004503040393   0.005778454296   0.007405997234   0.009477143858   0.01210359192   0.01541959835   0.0195832568   0.02477579207   0.03119767715   0.03906025582   0.04857178377   0.05991762745   0.07323592486   0.08859213842   0.1059579225   0.1252004635   0.1460869284   0.1683048525   0.1914945659   0.2152862829   0.2393338287   0.2633391575   0.2870653929   0.3103393796   0.3330466341   0.3551220234   0.3765389762   0.397299118   0.4174233441   0.4369446952   0.4559029974   0.474341031   0.4923019232   0.5098274705   0.526957137   0.5437275238   0.5601721582   0.576321488   0.5922030035   0.6078414306   0.6232589593   0.6384754832   0.6535088356   0.6683750134   0.6830883831   0.6976618686   0.7121071188   0.7264346574   0.7406540141   0.7547738405   0.7688020113   0.7827457135   0.7966115233   0.8104054737   0.824133114   0.8377995607   0.8514095433   0.8649674434   0.8784773296   0.891942988   0.9053679488   0.9187555105   0.9321087606   0.9454305943   
39.07286432   3.629786419e-18   4.678336758e-18   6.029785858e-18   7.771633248e-18   1.001665478e-17   1.29102043e-17   1.663962459e-17   2.144637682e-17   2.764167403e-17   3.562663053e-17   4.591823207e-17   5.918280806e-17   7.627917304e-17   9.83142306e-17   1.267146398e-16   1.633191843e-16   2.104978241e-16   2.713051387e-16   3.496780958e-16   4.506909498e-16   5.808837747e-16   7.486859008e-16   9.649616713e-16   1.243713854e-15   1.60299025e-15   2.066052198e-15   2.662880628e-15   3.432117178e-15   4.423566044e-15   5.70141855e-15   7.348409215e-15   9.471172397e-15   1.220714633e-14   1.573347156e-14   2.027845989e-14   2.613637645e-14   3.368649186e-14   4.341763809e-14   5.595985789e-14   7.212519688e-14   9.29602794e-14   1.198140722e-13   1.544252232e-13   1.990346303e-13   2.565305281e-13   3.306354867e-13   4.261474291e-13   5.49250273e-13   7.07914308e-13   9.12412232e-13   1.175984256e-12   1.515695343e-12   1.953540076e-12   2.517866698e-12   3.245212518e-12   4.182669517e-12   5.390933318e-12   6.948232922e-12   8.955395642e-12   1.154237516e-11   1.487666539e-11   1.917414483e-11   2.471305367e-11   3.185200836e-11   4.105322029e-11   5.291242165e-11   6.819743603e-11   8.789789119e-11   1.132892925e-10   1.460156053e-10   1.881956938e-10   2.425605063e-10   3.126298909e-10   4.029404876e-10   5.193394531e-10   6.693630344e-10   8.627245034e-10   1.111943042e-09   1.433154296e-09   1.847155077e-09   2.380749851e-09   3.068486193e-09   3.954891569e-09   5.09735626e-09   6.569849099e-09   8.467706577e-09   1.091380539e-08   1.406651811e-08   1.812996695e-08   2.336723968e-08   3.011742323e-08   3.881755775e-08   5.003093278e-08   6.448355723e-08   8.311116469e-08   1.071197971e-07   1.380638896e-07   1.779469113e-07   2.293510785e-07   2.956045383e-07   3.809968452e-07   4.910566823e-07   6.329098053e-07   8.15740382e-07   1.051385593e-06   1.355101982e-06   1.746553163e-06   2.251082808e-06   2.901355308e-06   3.739470267e-06   4.819687646e-06   6.211939829e-06   8.006357745e-06   1.031910366e-05   1.329988757e-05   1.714165258e-05   2.209305453e-05   2.847454035e-05   3.669906081e-05   4.729874963e-05   6.095928101e-05   7.856410533e-05   0.0001012513851   0.0001304872487   0.0001681599902   0.0002167011243   0.0002792408197   0.0003598072523   0.0004635819244   0.0005972260531   0.0007692968073   0.0009907764633   0.001275742363   0.001642210606   0.002113191033   0.002717994121   0.003493829692   0.004487729475   0.005758804943   0.007380810439   0.00944490836   0.01206241466   0.01536712652   0.01951659491   0.02469142037   0.03109138192   0.03892708632   0.04840605444   0.05971298495   0.07298549558   0.08828876098   0.1055944521   0.1247701146   0.1455836071   0.1677234251   0.1908310257   0.2145377964   0.2384986721   0.2624165723   0.2860553967   0.309242567   0.3318639905   0.3538547683   0.3751884395   0.3958666485   0.4159102467   0.4353521901   0.4542321973   0.4725929293   0.4904773917   0.5079272623   0.5249818923   0.5416777782   0.558048351   0.5741239714   0.5899320512   0.6054972455   0.6208416813   0.6359851957   0.6509455717   0.6657387609   0.6803790898   0.694879446   0.7092514463   0.7235055851   0.7376513659   0.7516974167   0.7656515909   0.7795210558   0.7933123699   0.8070315503   0.8206841312   0.8342752158   0.847809521   0.8612914169   0.8747249616   0.8881139311   0.9014618468   0.9147719986   0.9280474661   
39.32663317   2.806738584e-18   3.617531934e-18   4.662542273e-18   6.009428759e-18   7.745395516e-18   9.982837655e-18   1.286661829e-17   1.658344772e-17   2.137397193e-17   2.754835326e-17   3.550635183e-17   4.5763208e-17   5.898300158e-17   7.60216477e-17   9.798231293e-17   1.262868398e-16   1.627678041e-16   2.097871646e-16   2.703891882e-16   3.484975511e-16   4.491693766e-16   5.789226589e-16   7.4615827e-16   9.617038741e-16   1.239514964e-15   1.597578411e-15   2.05907702e-15   2.653890504e-15   3.420530042e-15   4.408631688e-15   5.682170049e-15   7.323600326e-15   9.439196869e-15   1.216593391e-14   1.568035394e-14   2.020999799e-14   2.604813769e-14   3.357276323e-14   4.327105624e-14   5.577093238e-14   7.188169574e-14   9.264643715e-14   1.194095691e-13   1.539038698e-13   1.983626716e-13   2.55664458e-13   3.295192316e-13   4.247087171e-13   5.473959547e-13   7.055243257e-13   9.093318464e-13   1.172014028e-12   1.51057822e-12   1.94694475e-12   2.509366154e-12   3.234256389e-12   4.168548449e-12   5.372733043e-12   6.924775064e-12   8.925161422e-12   1.150340707e-11   1.482644043e-11   1.91094112e-11   2.462962018e-11   3.174447312e-11   4.091462094e-11   5.273378456e-11   6.796719536e-11   8.760114002e-11   1.129068176e-10   1.455226435e-10   1.875603282e-10   2.417416003e-10   3.115744243e-10   4.015801244e-10   5.175861164e-10   6.671032047e-10   8.59811868e-10   1.108189022e-09   1.428315838e-09   1.840918915e-09   2.372712226e-09   3.058126708e-09   3.9415395e-09   5.080147127e-09   6.547668699e-09   8.439118839e-09   1.087695941e-08   1.401902828e-08   1.806875855e-08   2.328834978e-08   3.00157441e-08   3.868650619e-08   4.986202385e-08   6.426585495e-08   8.283057393e-08   1.067581511e-07   1.375977735e-07   1.773461465e-07   2.285767687e-07   2.946065508e-07   3.797105656e-07   4.893988308e-07   6.307730448e-07   8.129863691e-07   1.047836021e-06   1.350527036e-06   1.740656642e-06   2.243482949e-06   2.89156007e-06   3.726845476e-06   4.803415942e-06   6.190967753e-06   7.979327547e-06   1.028426542e-05   1.325498591e-05   1.708378075e-05   2.201846627e-05   2.837840754e-05   3.657516116e-05   4.713906425e-05   6.075347609e-05   7.829886434e-05   0.0001009095488   0.0001300467078   0.00016759226   0.0002159695103   0.0002782980584   0.0003585924788   0.0004620167771   0.0005952096763   0.0007666994461   0.0009874312705   0.00127143494   0.001636665689   0.002106055606   0.0027088161   0.003482031183   0.004472573497   0.00573935445   0.007355878574   0.009412999183   0.01202165432   0.0153151861   0.01945060833   0.02460790371   0.03098616442   0.03879526783   0.04824200769   0.05951042199   0.07273761393   0.08798847394   0.1052346901   0.1243441647   0.1450854416   0.1671479684   0.1901743181   0.2137970405   0.2376721699   0.2615035814   0.2850559438   0.3081572495   0.3306937931   0.3526009072   0.37385224   0.3944494544   0.4144133581   0.4337768233   0.4525794614   0.4708638156   0.4886727708   0.5060478869   0.5230284034   0.5396507128   0.555948151   0.5719509921   0.58768657   0.60317947   0.6184517562   0.6335232099   0.6484115642   0.6631327259   0.6777009815   0.692129183   0.706428915   0.7206106431   0.7346838448   0.7486571246   0.7625383147   0.7763345631   0.7900524107   0.8036978586   0.8172764263   0.8307932036   0.8442528949   0.8576598592   0.8710181438   0.8843315151   0.8976034853   0.9108373359   
39.58040201   2.170364656e-18   2.797326226e-18   3.605400593e-18   4.646906504e-18   5.989276226e-18   7.719421443e-18   9.949360352e-18   1.282347027e-17   1.652783536e-17   2.130229462e-17   2.745597025e-17   3.538728178e-17   4.560974173e-17   5.878520293e-17   7.576671019e-17   9.765373064e-17   1.258633387e-16   1.622219646e-16   2.090836463e-16   2.694824419e-16   3.473288695e-16   4.476630935e-16   5.7698125e-16   7.436560389e-16   9.584788139e-16   1.235358269e-15   1.592220954e-15   2.052171934e-15   2.64499072e-15   3.409059344e-15   4.393847404e-15   5.663114973e-15   7.299040737e-15   9.407542657e-15   1.212513562e-14   1.56277701e-14   2.014222405e-14   2.596078564e-14   3.346017745e-14   4.312594737e-14   5.558390536e-14   7.16406415e-14   9.233574865e-14   1.190091309e-13   1.533877554e-13   1.976974652e-13   2.548070909e-13   3.284141935e-13   4.232844625e-13   5.455602702e-13   7.0315836e-13   9.06282415e-13   1.168083696e-12   1.505512517e-12   1.940415698e-12   2.50095103e-12   3.223410356e-12   4.154569281e-12   5.354715659e-12   6.90155293e-12   8.895231021e-12   1.146483056e-11   1.477672017e-11   1.904532806e-11   2.45470251e-11   3.163801848e-11   4.077741434e-11   5.255694257e-11   6.773926834e-11   8.730737085e-11   1.125281862e-10   1.450346354e-10   1.869313473e-10   2.409309232e-10   3.105295639e-10   4.002334311e-10   5.158503988e-10   6.648660836e-10   8.569285011e-10   1.104472726e-09   1.423526001e-09   1.83474542e-09   2.364755369e-09   3.047871324e-09   3.928321603e-09   5.063110926e-09   6.525711185e-09   8.410818374e-09   1.084048368e-08   1.397201567e-08   1.800816522e-08   2.321025264e-08   2.991508673e-08   3.855677154e-08   4.969481227e-08   6.405034032e-08   8.255280278e-08   1.064001391e-07   1.371363414e-07   1.767514187e-07   2.278102397e-07   2.936185919e-07   3.784372116e-07   4.877576388e-07   6.286577563e-07   8.102600307e-07   1.044322117e-06   1.345998062e-06   1.734819374e-06   2.23595946e-06   2.881863262e-06   3.71434755e-06   4.78730775e-06   6.170206421e-06   7.95256897e-06   1.024977725e-05   1.321053546e-05   1.702649046e-05   2.194462754e-05   2.828324076e-05   3.645250655e-05   4.698098353e-05   6.054973927e-05   7.803628871e-05   0.0001005711476   0.0001296105939   0.0001670302349   0.0002152452482   0.0002773647709   0.0003573899126   0.0004604673583   0.0005932135625   0.0007641281867   0.0009841196953   0.001267170806   0.001631176498   0.002098991892   0.002699730324   0.003470351264   0.004457569866   0.00572009949   0.007331197373   0.009381410865   0.01198130391   0.01526376817   0.01938528575   0.02452522776   0.03088200658   0.0386647777   0.04807961528   0.05930990362   0.07249223707   0.08769122526   0.1048785741   0.1239225395   0.1445923448   0.166578381   0.1895243269   0.2130638835   0.236854174   0.2606000204   0.2840668527   0.3070832286   0.3295358262   0.351360207   0.3725301271   0.3930472678   0.4129323929   0.4322182916   0.4509444691   0.4691533515   0.4868877041   0.50418897   0.5210962779   0.5376459171   0.5538711293   0.5698021027   0.585466094   0.600887619   0.61608868   0.6310890026   0.6459062702   0.6605563457   0.6750534757   0.6894104768   0.7036389018   0.7177491877   0.7317507862   0.7456522786   0.7594614759   0.773185507   0.7868308955   0.8004036264   0.8139092048   0.8273527071   0.8407388255   0.8540719076   0.8673559902   0.8805948302   0.8937919308   
39.83417085   1.67831382e-18   2.163134776e-18   2.788007824e-18   3.593390348e-18   4.631426813e-18   5.969324857e-18   7.693706646e-18   9.916217223e-18   1.278075296e-17   1.647277814e-17   2.12313328e-17   2.736450942e-17   3.526940031e-17   4.545780739e-17   5.858937873e-17   7.55143175e-17   9.732842831e-17   1.254440651e-16   1.616815737e-16   2.083871507e-16   2.685847469e-16   3.461718539e-16   4.461718464e-16   5.750592206e-16   7.411787854e-16   9.552859466e-16   1.231243066e-15   1.586916977e-15   2.045335776e-15   2.636179775e-15   3.397703147e-15   4.379210699e-15   5.644250107e-15   7.274726305e-15   9.376204421e-15   1.208474459e-14   1.557571115e-14   2.007512663e-14   2.587430554e-14   3.334871551e-14   4.2982287e-14   5.539874526e-14   7.140199349e-14   9.202816148e-14   1.186126898e-13   1.528767929e-13   1.97038899e-13   2.539582822e-13   3.273201861e-13   4.218744249e-13   5.437429097e-13   7.008160116e-13   9.032634234e-13   1.164192596e-12   1.500497381e-12   1.93395182e-12   2.492619908e-12   3.21267259e-12   4.140729655e-12   5.336878128e-12   6.878562602e-12   8.865599389e-12   1.142663912e-11   1.472749623e-11   1.898188461e-11   2.446525449e-11   3.153262648e-11   4.064157736e-11   5.238186583e-11   6.751361652e-11   8.701653411e-11   1.121533344e-10   1.445514987e-10   1.86308645e-10   2.401283385e-10   3.094951335e-10   3.989001808e-10   5.141320073e-10   6.626512937e-10   8.540739164e-10   1.100793527e-09   1.418783977e-09   1.828633549e-09   2.356877939e-09   3.03771831e-09   3.915235649e-09   5.046244783e-09   6.503972854e-09   8.382800409e-09   1.080437206e-08   1.392547234e-08   1.794817675e-08   2.313293506e-08   2.981543414e-08   3.842833193e-08   4.952926981e-08   6.383697698e-08   8.227780438e-08   1.060457009e-07   1.366795153e-07   1.761626276e-07   2.270513624e-07   2.92640495e-07   3.771765684e-07   4.861328293e-07   6.265635829e-07   8.07560907e-07   1.04084329e-06   1.341514298e-06   1.729040375e-06   2.228511071e-06   2.872263249e-06   3.701974379e-06   4.771360351e-06   6.149652332e-06   7.926077501e-06   1.021563336e-05   1.316652872e-05   1.696977206e-05   2.187152588e-05   2.818902395e-05   3.63310763e-05   4.682448079e-05   6.034803619e-05   7.777633417e-05   0.0001002361243   0.0001291788334   0.00016647382   0.000214528216   0.0002764407998   0.0003561993509   0.0004589334064   0.000591237375   0.0007615825953   0.000980841179   0.00126294924   0.001625742107   0.002091998698   0.00269073526   0.003458787963   0.004442716049   0.00570103681   0.007306762667   0.009350138071   0.01194135662   0.01521286405   0.01932061611   0.02444337852   0.03077889075   0.03853559378   0.04791884961   0.05911139574   0.07224932316   0.08739696412   0.1045260428   0.1235051663   0.1441042315   0.166014564   0.1888809386   0.2123381967   0.23604454   0.2597057285   0.2830879461   0.3060203104   0.328389879   0.3501324402   0.3712218565   0.3916598271   0.4114670726   0.4306762995   0.4493269076   0.467461207   0.4851218444   0.5023501469   0.5191851333   0.535662991   0.5518168678   0.567676867   0.5832701686   0.5986212199   0.6137519612   0.6286820634   0.6434291607   0.658009072   0.6724360046   0.6867227401   0.7008807996   0.7149205918   0.7288515429   0.7426822108   0.7564203859   0.7700731781   0.7836470935   0.7971481016   0.810581693   0.8239529307   0.837266495   0.850526722   0.8637376383   0.8769029912   
40.0879397   1.297846181e-18   1.67275999e-18   2.155976591e-18   2.778781826e-18   3.5814992e-18   4.616100624e-18   5.949571333e-18   7.668246846e-18   9.883402752e-18   1.273845925e-17   1.641826688e-17   2.116107466e-17   2.727395554e-17   3.515268779e-17   4.530737967e-17   5.839549638e-17   7.526442761e-17   9.700635177e-17   1.25028949e-16   1.611465416e-16   2.076975617e-16   2.676959537e-16   3.450263116e-16   4.446953869e-16   5.731562505e-16   7.387260971e-16   9.521247409e-16   1.22716867e-15   1.581665595e-15   2.038567408e-15   2.627456202e-15   3.386459562e-15   4.364719137e-15   5.625572311e-15   7.250652982e-15   9.345176946e-15   1.204475409e-14   1.552416844e-14   2.000869458e-14   2.5788683e-14   3.323835887e-14   4.284005121e-14   5.521542127e-14   7.116571199e-14   9.172362444e-14   1.1822018e-13   1.523708972e-13   1.963868633e-13   2.531178905e-13   3.262370273e-13   4.204783698e-13   5.419435708e-13   6.984968907e-13   9.002743692e-13   1.160340083e-12   1.495531977e-12   1.927552041e-12   2.484371399e-12   3.202041303e-12   4.127027268e-12   5.319217479e-12   6.855800253e-12   8.836261593e-12   1.13888264e-11   1.467876041e-11   1.891907028e-11   2.438429475e-11   3.142827959e-11   4.050708738e-11   5.220852522e-11   6.729020233e-11   8.672858141e-11   1.117821997e-10   1.440731528e-10   1.856921176e-10   2.393337125e-10   3.084709608e-10   3.975801514e-10   5.124306559e-10   6.604584665e-10   8.512476387e-10   1.097150811e-09   1.414088977e-09   1.822582286e-09   2.349078624e-09   3.027665977e-09   3.90227946e-09   5.02954589e-09   6.482450088e-09   8.355060278e-09   1.076861853e-08   1.387939056e-08   1.788878314e-08   2.30563842e-08   2.971676973e-08   3.830116596e-08   4.936536892e-08   6.362572943e-08   8.200553295e-08   1.056947774e-07   1.362272192e-07   1.755796751e-07   2.263000103e-07   2.916720972e-07   3.759284262e-07   4.84524132e-07   6.24490176e-07   8.048885487e-07   1.03739896e-06   1.337074995e-06   1.723318682e-06   2.221136543e-06   2.862758434e-06   3.689723905e-06   4.755571093e-06   6.129302064e-06   7.89984873e-06   1.018182804e-05   1.312295837e-05   1.691361609e-05   2.179914912e-05   2.809574142e-05   3.621085019e-05   4.666952999e-05   6.014833327e-05   7.751895743e-05   9.990442333e-05   0.0001287513544   0.0001659229228   0.0002138182941   0.0002755259912   0.0003550205954   0.0004574146662   0.0005892807848   0.0007590622481   0.0009775951756   0.00125876954   0.001620361611   0.002085074862   0.002681829411   0.003447339355   0.004428009572   0.005682163237   0.007282570386   0.009319175588   0.01190180578   0.01516246525   0.01925658863   0.02436234234   0.0306767997   0.03840769446   0.04775968375   0.05891486501   0.07200883132   0.08710564089   0.1041770367   0.1230919743   0.1436210184   0.1654564209   0.1882440424   0.2116198543   0.2352431268   0.2588205489   0.2821190512   0.3049683058   0.327255746   0.3489173846   0.3699271895   0.3902868773   0.4100171255   0.4291505585   0.4477264717   0.4657870601   0.4833748526   0.5005310616   0.5172945967   0.5337015441   0.549784959   0.5655748597   0.581098351   0.5963798116   0.6114411209   0.6263018952   0.64097972   0.6554903704   0.6698480152   0.6840654007   0.698154017   0.7121242444   0.7259854839   0.7397462706   0.753414374   0.7669968852   0.7805002933   0.7939305519   0.8072931374   0.8205930998   0.8338351071   0.8470234844   0.8601622482   
40.34170854   1.003651045e-18   1.293579575e-18   1.667260874e-18   2.148888923e-18   2.769646716e-18   3.569725196e-18   4.600925419e-18   5.930012408e-18   7.643037859e-18   9.850911548e-18   1.269658219e-17   1.636429263e-17   2.109150867e-17   2.718429375e-17   3.503712505e-17   4.515843388e-17   5.820352404e-17   7.501699949e-17   9.668744813e-17   1.246179225e-16   1.606167802e-16   2.070147661e-16   2.668159164e-16   3.438920545e-16   4.432334725e-16   5.712720274e-16   7.362975712e-16   9.489946773e-16   1.223134413e-15   1.576465947e-15   2.031865717e-15   2.618818568e-15   3.375326742e-15   4.350370336e-15   5.607078517e-15   7.226816815e-15   9.314455133e-15   1.200515755e-14   1.54731335e-14   1.994291698e-14   2.570390397e-14   3.312908939e-14   4.269921663e-14   5.503390327e-14   7.093175819e-14   9.142208751e-14   1.178315369e-13   1.518699854e-13   1.957412511e-13   2.522857778e-13   3.25164539e-13   4.190960677e-13   5.401619578e-13   6.962006163e-13   8.973147612e-13   1.156525521e-12   1.490615489e-12   1.921215308e-12   2.47620415e-12   3.191514749e-12   4.113459867e-12   5.301730811e-12   6.833262145e-12   8.807212815e-12   1.135138619e-11   1.46305047e-11   1.885687477e-11   2.430413257e-11   3.132496066e-11   4.037392231e-11   5.203689224e-11   6.706898908e-11   8.644346544e-11   1.114147212e-10   1.435995194e-10   1.850816638e-10   2.385469146e-10   3.074568776e-10   3.962731261e-10   5.107460652e-10   6.582872415e-10   8.484492037e-10   1.093543982e-09   1.409440228e-09   1.816590636e-09   2.341356143e-09   3.017712673e-09   3.889450907e-09   5.013011504e-09   6.46113935e-09   8.327593426e-09   1.073321722e-08   1.383376274e-08   1.782997464e-08   2.298058746e-08   2.96190773e-08   3.817525274e-08   4.920308269e-08   6.341656295e-08   8.173594377e-08   1.05347311e-07   1.357793789e-07   1.750024655e-07   2.255560601e-07   2.907132394e-07   3.746925798e-07   4.829312825e-07   6.22437195e-07   8.022425168e-07   1.033988561e-06   1.332679426e-06   1.717653355e-06   2.213834664e-06   2.853347253e-06   3.677594115e-06   4.73993738e-06   6.109152274e-06   7.873878349e-06   1.014835575e-05   1.307981724e-05   1.685801333e-05   2.172748537e-05   2.800337786e-05   3.609180848e-05   4.651610568e-05   5.995059771e-05   7.726411622e-05   9.957599005e-05   0.0001283280866   0.0001653774528   0.000213115366   0.000274620195   0.0003538534526   0.0004559108881   0.0005873434705   0.0007565667311   0.0009743811519   0.00125463102   0.001615034126   0.002078219244   0.002673011313   0.003436003557   0.004413448018   0.005663475666   0.007258616551   0.009288518324   0.0118626449   0.01511256347   0.01919319276   0.02428210584   0.03057571659   0.03828105861   0.04760209136   0.05872027886   0.07177072162   0.08681720707   0.1038314975   0.1226828943   0.1431426242   0.1649038574   0.1876135301   0.2109087336   0.2344497966   0.2579443282   0.2811599989   0.3039270298   0.3261332264   0.3477148235   0.3686458932   0.3889281692   0.4085822862   0.4276407871   0.4461428637   0.4641305966   0.4816463982   0.4987313668   0.515424304   0.5317611956   0.5477750038   0.563495666   0.578950209   0.5941629447   0.6091556921   0.6239480131   0.6385574451   0.6529997201   0.667288968   0.6814379008   0.6954579773   0.70935955   0.7231519948   0.736843824   0.7504427866   0.763955955   0.7773898012   0.7907502634   0.8040428039   0.8172724594   0.8304438862   0.8435613982   
40.59547739   7.761606118e-19   1.000373108e-18   1.289354728e-18   1.661815578e-18   2.141870624e-18   2.760601014e-18   3.558066428e-18   4.585898737e-18   5.910644912e-18   7.618075599e-18   9.818738345e-18   1.265511499e-17   1.631084664e-17   2.102262353e-17   2.70955095e-17   3.492269335e-17   4.501094585e-17   5.801343058e-17   7.4771993e-17   9.637166568e-17   1.242109187e-16   1.600922037e-16   2.063386532e-16   2.659444921e-16   3.427688986e-16   4.417858663e-16   5.694062456e-16   7.338928138e-16   9.458952485e-16   1.21913964e-15   1.571317189e-15   2.025229618e-15   2.610265473e-15   3.364302881e-15   4.336161971e-15   5.588765727e-15   7.203213938e-15   9.284034003e-15   1.196594855e-14   1.542259805e-14   1.987778315e-14   2.561995469e-14   3.302088936e-14   4.255976044e-14   5.485416184e-14   7.070009416e-14   9.112350179e-14   1.174466976e-13   1.51373976e-13   1.951019576e-13   2.514618092e-13   3.241025474e-13   4.177272946e-13   5.383977819e-13   6.939268162e-13   8.943841197e-13   1.152748294e-12   1.485747119e-12   1.914940594e-12   2.468116835e-12   3.181091221e-12   4.100025254e-12   5.28441529e-12   6.810944623e-12   8.778448345e-12   1.131431242e-11   1.458272129e-11   1.879528797e-11   2.422475497e-11   3.122265293e-11   4.024206056e-11   5.186693908e-11   6.68499409e-11   8.616113997e-11   1.110508393e-10   1.431305215e-10   1.844771848e-10   2.377678173e-10   3.064527195e-10   3.94978893e-10   5.09077962e-10   6.561372669e-10   8.456781577e-10   1.089972453e-09   1.404836979e-09   1.810657627e-09   2.333709243e-09   3.007856785e-09   3.876747911e-09   4.996638944e-09   6.440037186e-09   8.300395399e-09   1.06981624e-08   1.378858149e-08   1.777174172e-08   2.290553257e-08   2.952234102e-08   3.805057188e-08   4.904238478e-08   6.320944364e-08   8.146899313e-08   1.050032453e-07   1.353359217e-07   1.744309052e-07   2.248193911e-07   2.897637662e-07   3.73468829e-07   4.813540227e-07   6.20404307e-07   7.996223823e-07   1.030611541e-06   1.328326878e-06   1.712043476e-06   2.20660425e-06   2.844028183e-06   3.665583042e-06   4.724456678e-06   6.089199696e-06   7.848162146e-06   1.011521107e-05   1.303709835e-05   1.680295478e-05   2.165652301e-05   2.791191828e-05   3.597393186e-05   4.636418297e-05   5.975479744e-05   7.701176922e-05   9.925077125e-05   0.0001279089616   0.0001648373215   0.0002124193178   0.0002737232641   0.0003526977332   0.0004544218284   0.0005854251179   0.0007540956395   0.0009711985868   0.001250533008   0.001609758789   0.002071430734   0.002664279535   0.003424778732   0.004399029024   0.005644971066   0.007234897276   0.009258161302   0.01182386761   0.0150631506   0.01913041819   0.02420265597   0.03047562495   0.03815566559   0.04744604674   0.05852760549   0.07153495506   0.08653161528   0.1034893683   0.1222778586   0.1426689696   0.1643567812   0.1869892961   0.2102047148   0.2336644147   0.2570769169   0.2802106244   0.3028963022   0.3250221242   0.3465245453   0.3673777402   0.3875834598   0.407162296   0.4261467107   0.4445757928   0.4624915099   0.4799361584   0.4969507237   0.5135739003   0.5298415742   0.5457866168   0.5614388814   0.5768253212   0.5919701808   0.6068952191   0.6216199444   0.6361618459   0.6505366131   0.6647583374   0.6788396965   0.6927921184   0.7066259282   0.7203504764   0.7339742531   0.7475049867   0.7609497311   0.7743149417   0.787606541   0.8008299772   0.8139902743   0.8270920766   
40.84924623   6.002465579e-19   7.736420856e-19   9.97127045e-19   1.285170963e-18   1.656423233e-18   2.134920571e-18   2.751643273e-18   3.546521029e-18   4.571018175e-18   5.891465744e-18   7.593356072e-18   9.786877993e-18   1.261405101e-17   1.625792036e-17   2.095440823e-17   2.700758858e-17   3.480937438e-17   4.4864892e-17   5.782518559e-17   7.452936896e-17   9.60589539e-17   1.238078727e-16   1.595727282e-16   2.056691148e-16   2.650815416e-16   3.416566643e-16   4.403523366e-16   5.675586066e-16   7.315114403e-16   9.428259585e-16   1.215183713e-15   1.566218497e-15   2.018658048e-15   2.601795548e-15   3.353386216e-15   4.322091767e-15   5.570631009e-15   7.179840576e-15   9.253908688e-15   1.192712082e-14   1.5372554e-14   1.981328269e-14   2.553682173e-14   3.291374146e-14   4.242166032e-14   5.46761682e-14   7.047068282e-14   9.082781952e-14   1.170656005e-13   1.508827899e-13   1.944688807e-13   2.506458528e-13   3.230508826e-13   4.163718314e-13   5.366507608e-13   6.916751264e-13   8.914819756e-13   1.149007796e-12   1.48092609e-12   1.908726895e-12   2.460108161e-12   3.170769051e-12   4.086721279e-12   5.267268145e-12   6.788844116e-12   8.74996358e-12   1.127759915e-11   1.453540252e-11   1.873430004e-11   2.414614922e-11   3.112134005e-11   4.011148103e-11   5.169863855e-11   6.663302274e-11   8.588155983e-11   1.106904957e-10   1.426660842e-10   1.838785836e-10   2.36996296e-10   3.054583258e-10   3.936972449e-10   5.074260793e-10   6.540081987e-10   8.429340573e-10   1.086435654e-09   1.400278491e-09   1.804782311e-09   2.326136702e-09   2.998096735e-09   3.864168438e-09   4.98042559e-09   6.419140219e-09   8.273461845e-09   1.066344844e-08   1.374383958e-08   1.771407505e-08   2.28312075e-08   2.942654539e-08   3.792710341e-08   4.888324951e-08   6.300433836e-08   8.12046383e-08   1.046625254e-07   1.348967766e-07   1.738649027e-07   2.240898854e-07   2.888235256e-07   3.722569779e-07   4.797921001e-07   6.183911868e-07   7.970277259e-07   1.027267359e-06   1.324016653e-06   1.706488148e-06   2.199444145e-06   2.83479973e-06   3.653688765e-06   4.709126511e-06   6.069441136e-06   7.822696008e-06   1.008238868e-05   1.299479486e-05   1.674843161e-05   2.158625069e-05   2.782134806e-05   3.585720148e-05   4.621373756e-05   5.956090114e-05   7.676187605e-05   9.89287149e-05   0.0001274939121   0.0001643024424   0.0002117300381   0.0002728350552   0.0003515532523   0.0004529472486   0.0005835254201   0.0007516485781   0.0009680469709   0.001246474848   0.001604534754   0.002064708244   0.00265563268   0.003413663082   0.004384750283   0.005626646474   0.00721140876   0.009228099659   0.0117854677   0.01501421872   0.01906825485   0.02412397999   0.0303765087   0.03803149523   0.04729152472   0.05833681379   0.0713014935   0.08624881923   0.1031505934   0.1218768012   0.1421999768   0.1638151024   0.186371237   0.2095076806   0.2328868498   0.2562181687   0.2792707664   0.3018759466   0.323922248   0.3453463431   0.3661225085   0.3862525117   0.4057569019   0.4246680609   0.4430249755   0.4608695008   0.4782438185   0.4951888019   0.5117430391   0.5279423174   0.5438194177   0.559404111   0.5747232766   0.5898010924   0.6046592578   0.6193172278   0.6337924443   0.648100554   0.6622556106   0.6762702576   0.6901558925   0.7039228129   0.7175803446   0.7311369554   0.7446003533   0.7579775741   0.7712750561   0.7844987068   0.7976539604   0.810745828   
41.10301508   4.642125296e-19   5.983113852e-19   7.71147892e-19   9.939123442e-19   1.281027619e-18   1.651082985e-18   2.128037666e-18   2.742772077e-18   3.535087176e-18   4.556281381e-18   5.872471876e-18   7.568875372e-18   9.755325459e-18   1.257338378e-17   1.620550542e-17   2.088685199e-17   2.692051711e-17   3.469715024e-17   4.472024924e-17   5.763875933e-17   7.428908902e-17   9.574926338e-17   1.234087207e-16   1.590582716e-16   2.050060452e-16   2.642269285e-16   3.405551758e-16   4.389326569e-16   5.657288187e-16   7.291530744e-16   9.397863224e-16   1.211266005e-15   1.561169067e-15   2.012149969e-15   2.593407455e-15   3.342575023e-15   4.308157503e-15   5.552671501e-15   7.156693035e-15   9.224074428e-15   1.188866822e-14   1.532299345e-14   1.97494054e-14   2.545449196e-14   3.280762878e-14   4.228489445e-14   5.449989426e-14   7.024348794e-14   9.053499399e-14   1.166881853e-13   1.503963493e-13   1.938419202e-13   2.498377799e-13   3.220093785e-13   4.150294639e-13   5.349206186e-13   6.894451913e-13   8.886078707e-13   1.145303438e-12   1.476151639e-12   1.90257323e-12   2.452176863e-12   3.160546608e-12   4.073545841e-12   5.250286667e-12   6.766957133e-12   8.72175402e-12   1.124124059e-11   1.448854091e-11   1.867390135e-11   2.406830293e-11   3.1021006e-11   3.998216309e-11   5.153196404e-11   6.641820034e-11   8.560468085e-11   1.103336337e-10   1.42206134e-10   1.832857658e-10   2.362322286e-10   3.044735394e-10   3.924279795e-10   5.057901564e-10   6.518997004e-10   8.40216469e-10   1.082933025e-09   1.395764044e-09   1.79896376e-09   2.318637324e-09   2.988430982e-09   3.851710501e-09   4.964368882e-09   6.398445148e-09   8.246788509e-09   1.062906988e-08   1.369952995e-08   1.765696552e-08   2.275760053e-08   2.933167529e-08   3.780482783e-08   4.872565171e-08   6.28012147e-08   8.094283755e-08   1.043250972e-07   1.344618744e-07   1.733043687e-07   2.233674279e-07   2.878923692e-07   3.710568351e-07   4.78245268e-07   6.163975164e-07   7.944581378e-07   1.023955487e-06   1.319748072e-06   1.700986493e-06   2.192353217e-06   2.825660439e-06   3.641909404e-06   4.693944455e-06   6.049873473e-06   7.797475911e-06   1.004988341e-05   1.295290008e-05   1.669443522e-05   2.151665731e-05   2.773165288e-05   3.574159889e-05   4.606474568e-05   5.936887817e-05   7.651439723e-05   9.860977011e-05   0.0001270828727   0.0001637727312   0.0002110474179   0.0002719554278   0.000350419829   0.000451486916   0.0005816440769   0.0007492251601   0.0009649258063   0.001242455899   0.001599361197   0.002058050712   0.002647069382   0.003402654851   0.004370609536   0.005608498993   0.00718814729   0.00919832864   0.01174743909   0.01496576009   0.0190066929   0.02404606542   0.03027835212   0.03790852781   0.04713850076   0.05814787339   0.07107029967   0.08596877365   0.1028151184   0.1214796574   0.1417355702   0.1632787329   0.1857592519   0.2088175166   0.2321169732   0.2553679409   0.2783402676   0.3008657909   0.3228334107   0.344180015   0.3648799813   0.384935093   0.4043658572   0.4232045759   0.4414901347   0.4592642771   0.4765690709   0.4934452784   0.5099313822   0.5260630715   0.5418730376   0.5573909699   0.5726436741   0.5876552623   0.6024473747   0.6170394137   0.6314487738   0.6456910599   0.6597802877   0.673729067   0.6875487651   0.7012496523   0.71484103   0.7283313436   0.7417282813   0.7550388603   0.7682695026   0.7814261004   0.794514074   
41.35678392   3.590153547e-19   4.627254985e-19   5.963947898e-19   7.686776423e-19   9.90728504e-19   1.276924051e-18   1.645794003e-18   2.121220836e-18   2.733986042e-18   3.523763087e-18   4.541686058e-18   5.853660346e-18   7.544629683e-18   9.724075825e-18   1.253310694e-17   1.615359366e-17   2.081994428e-17   2.683428151e-17   3.458600344e-17   4.457699503e-17   5.745412273e-17   7.405111573e-17   9.544254583e-17   1.230134005e-16   1.585487537e-16   2.043493409e-16   2.633805196e-16   3.394642614e-16   4.375266059e-16   5.639165963e-16   7.268173485e-16   9.367758663e-16   1.207385907e-15   1.55616811e-15   2.005704366e-15   2.585099887e-15   3.331867615e-15   4.294357005e-15   5.5348844e-15   7.133767706e-15   9.194526572e-15   1.185058476e-14   1.527390868e-14   1.968614132e-14   2.537295254e-14   3.270253475e-14   4.214944152e-14   5.432531251e-14   7.00184741e-14   9.024497952e-14   1.163143932e-13   1.499145786e-13   1.932209784e-13   2.490374643e-13   3.209778727e-13   4.13699983e-13   5.332070854e-13   6.872366632e-13   8.857613566e-13   1.14163464e-12   1.471423022e-12   1.896478639e-12   2.444321705e-12   3.1504223e-12   4.060496884e-12   5.233468208e-12   6.745280262e-12   8.693815268e-12   1.120523106e-11   1.444212918e-11   1.861408248e-11   2.399120395e-11   3.092163514e-11   3.985408659e-11   5.136688959e-11   6.620544019e-11   8.533045987e-11   1.099801974e-10   1.417505992e-10   1.82698639e-10   2.354754963e-10   3.034982068e-10   3.911708989e-10   5.04169938e-10   6.498114433e-10   8.375249691e-10   1.079464021e-09   1.391292936e-09   1.793201065e-09   2.311209938e-09   2.978858018e-09   3.839372159e-09   4.948466315e-09   6.377948746e-09   8.220371233e-09   1.059502134e-08   1.365564569e-08   1.760040424e-08   2.268470018e-08   2.923771594e-08   3.768372607e-08   4.856956683e-08   6.260004099e-08   8.068355003e-08   1.039909084e-07   1.340311472e-07   1.727492157e-07   2.226519058e-07   2.869701518e-07   3.698682135e-07   4.767132853e-07   6.144229848e-07   7.919132173e-07   1.020675408e-06   1.315520468e-06   1.695537652e-06   2.185330361e-06   2.816608883e-06   3.630243123e-06   4.678908146e-06   6.030493657e-06   7.772497922e-06   1.001769018e-05   1.291140748e-05   1.664095719e-05   2.144773201e-05   2.764281876e-05   3.562710607e-05   4.591718411e-05   5.91786986e-05   7.626929418e-05   9.829388716e-05   0.0001266757792   0.0001632481051   0.0002103713508   0.0002710842449   0.0003492972866   0.0004500406027   0.0005797807951   0.0007468250077   0.0009618346063   0.001238475535   0.00159423731   0.002051457101   0.002638588305   0.003391752322   0.004356604579   0.005590525791   0.007165109236   0.009168843597   0.01170977584   0.01491776713   0.01894572271   0.02396890007   0.03018113985   0.03778674405   0.04698695081   0.05796075455   0.07084133715   0.08569143431   0.1024828903   0.1210863642   0.1412756754   0.1627475867   0.1851532423   0.208134111   0.2313546596   0.2545260938   0.2774189743   0.2998656669   0.3217554298   0.343025364   0.3636499468   0.3836309774   0.4029889209   0.421756   0.4399709999   0.4576755535   0.4749116157   0.4917198383   0.5081385995   0.5242034913   0.539947116   0.555399082   0.5705861223   0.5855322834   0.600259147   0.6147860631   0.6291303796   0.6433076593   0.6573318808   0.6712156203   0.6849702151   0.6986059084   0.7121319773   0.7255568452   0.7388881803   0.7521329819   0.7652976553   0.7783880778   
41.61055276   2.776630302e-19   3.578726157e-19   4.612526522e-19   5.944964766e-19   7.662309562e-19   9.875750342e-19   1.272859626e-18   1.640555473e-18   2.114469031e-18   2.725283817e-18   3.512547017e-18   4.527229959e-18   5.835028258e-18   7.520615272e-18   9.693124279e-18   1.24932143e-17   1.610217708e-17   2.07536748e-17   2.674886851e-17   3.447591685e-17   4.443510731e-17   5.727124736e-17   7.381541246e-17   9.513875405e-17   1.226218512e-16   1.580440961e-16   2.036989009e-16   2.625421845e-16   3.383837532e-16   4.361339671e-16   5.621216606e-16   7.245039028e-16   9.337941268e-16   1.203542821e-15   1.551214857e-15   1.999320248e-15   2.576871563e-15   3.321262345e-15   4.28068815e-15   5.51726697e-15   7.111061061e-15   9.16526057e-15   1.181286458e-14   1.522529212e-14   1.962348071e-14   2.529219092e-14   3.259844321e-14   4.201528066e-14   5.415239608e-14   6.979560664e-14   8.995773149e-14   1.159441668e-13   1.494374033e-13   1.926059598e-13   2.482447828e-13   3.199562063e-13   4.12383184e-13   5.315098975e-13   6.850492022e-13   8.829419953e-13   1.138000839e-12   1.466739511e-12   1.890442184e-12   2.436541476e-12   3.140394566e-12   4.047572401e-12   5.21681018e-12   6.723810165e-12   8.666143021e-12   1.116956503e-11   1.439616016e-11   1.855483421e-11   2.391484041e-11   3.082321217e-11   3.97272318e-11   5.120338977e-11   6.599470955e-11   8.505885466e-11   1.096301325e-10   1.412994098e-10   1.821171128e-10   2.347259823e-10   3.025321779e-10   3.899258095e-10   5.025651748e-10   6.47743106e-10   8.348591433e-10   1.076028108e-09   1.386864477e-09   1.787493341e-09   2.303853401e-09   2.969376371e-09   3.827151511e-09   4.932715442e-09   6.357647858e-09   8.19420595e-09   1.056129759e-08   1.361218003e-08   1.754438249e-08   2.261249521e-08   2.914465285e-08   3.756377949e-08   4.841497084e-08   6.240078626e-08   8.042673585e-08   1.036599073e-07   1.336045286e-07   1.721993583e-07   2.219432091e-07   2.860567313e-07   3.686909301e-07   4.75195916e-07   6.124672882e-07   7.893925727e-07   1.017426618e-06   1.311333192e-06   1.690140788e-06   2.178374496e-06   2.807643669e-06   3.618688126e-06   4.664015266e-06   6.011298703e-06   7.747758197e-06   9.985804045e-06   1.287031069e-05   1.658798928e-05   2.137946419e-05   2.755483203e-05   3.551370539e-05   4.577103011e-05   5.899033315e-05   7.602652917e-05   9.798101742e-05   0.000126272569   0.0001627284835   0.0002097017328   0.0002702213723   0.0003481854524   0.0004486080861   0.0005779352876   0.0007444477514   0.000958772895   0.001234533143   0.001589162305   0.002044926394   0.002630188142   0.003380953815   0.004342733253   0.005572724099   0.007142291047   0.009139639986   0.01167247214   0.01487023245   0.01888533487   0.02389247203   0.03008485684   0.0376661251   0.04683685141   0.05777542825   0.07061457032   0.08541675797   0.102153857   0.1206968597   0.1408202202   0.1622215798   0.1845531116   0.2074573544   0.2305997861   0.2536924911   0.276506736   0.2988754103   0.3206881266   0.3418821973   0.3624321981   0.3823399437   0.4016258574   0.4203220834   0.438467307   0.4561030515   0.4732711597   0.4900121739   0.5063643688   0.5223632399   0.538041301   0.5534280805   0.5685502391   0.5834317584   0.5980941619   0.6125567479   0.6268368176   0.6409498926   0.6549099142   0.6687294256   0.6824197341   0.6959910562   0.7094526449   0.7228129015   0.7360794748   0.7492593458   0.7623589038   
41.86432161   2.147493476e-19   2.767848161e-19   3.567407086e-19   4.597937666e-19   5.926161572e-19   7.638074617e-19   9.844514556e-19   1.268833727e-18   1.635366597e-18   2.107781225e-18   2.716664079e-18   3.501437261e-18   4.512910886e-18   5.816572779e-18   7.496828489e-18   9.662466116e-18   1.24536998e-17   1.605124787e-17   2.068803347e-17   2.666426512e-17   3.436687376e-17   4.429456452e-17   5.709010543e-17   7.358194337e-17   9.483784185e-17   1.222340133e-16   1.57544222e-16   2.030546263e-16   2.617117957e-16   3.37313487e-16   4.347545289e-16   5.603437388e-16   7.222123859e-16   9.308406506e-16   1.199736163e-15   1.546308554e-15   1.992996643e-15   2.568721235e-15   3.3107576e-15   4.267148858e-15   5.499816531e-15   7.088569648e-15   9.136271976e-15   1.177550194e-14   1.517713639e-14   1.956141405e-14   2.521219482e-14   3.249533834e-14   4.188239148e-14   5.39811187e-14   6.95748517e-14   8.967320623e-14   1.155774496e-13   1.489647512e-13   1.919967707e-13   2.47459615e-13   3.189442241e-13   4.110788666e-13   5.298287969e-13   6.828824756e-13   8.801493581e-13   1.134401482e-12   1.462100394e-12   1.884462948e-12   2.428834994e-12   3.130461884e-12   4.034770426e-12   5.20031005e-12   6.702543578e-12   8.638733074e-12   1.113423706e-11   1.435062687e-11   1.849614755e-11   2.38392007e-11   3.072572213e-11   3.960157944e-11   5.104143973e-11   6.578597638e-11   8.478982394e-11   1.092833859e-10   1.408524971e-10   1.815410987e-10   2.339835728e-10   3.015753057e-10   3.88692522e-10   5.009756229e-10   6.456943741e-10   8.322185863e-10   1.072624763e-09   1.382477995e-09   1.781839719e-09   2.296566595e-09   2.959984598e-09   3.815046701e-09   4.917113869e-09   6.337539398e-09   8.168288682e-09   1.052789351e-08   1.356912637e-08   1.748889176e-08   2.254097467e-08   2.905247189e-08   3.744496987e-08   4.826184023e-08   6.220342023e-08   8.017235595e-08   1.033320437e-07   1.331819539e-07   1.716547128e-07   2.212412299e-07   2.851519689e-07   3.675248059e-07   4.736929296e-07   6.105301293e-07   7.868958207e-07   1.014208622e-06   1.307185605e-06   1.684795079e-06   2.171484563e-06   2.798763435e-06   3.607242657e-06   4.649263553e-06   5.992285695e-06   7.723252975e-06   9.95422015e-06   1.282960344e-05   1.653552344e-05   2.131184347e-05   2.746767931e-05   3.540137961e-05   4.562626149e-05   5.880375318e-05   7.578606529e-05   9.767111333e-05   0.0001258731808   0.0001622137873   0.0002090384621   0.0002693666788   0.0003470841572   0.0004471891485   0.000576107274   0.0007420930297   0.000955740207   0.001230628122   0.00158413541   0.0020384576   0.002621867617   0.003370257688   0.00432899345   0.005555091209   0.007119689252   0.009110713362   0.01163552232   0.01482314879   0.01882552019   0.02381676964   0.02998948841   0.03754665254   0.04668817957   0.05759186608   0.07038996436   0.08514470233   0.1018279678   0.1203110837   0.1403691335   0.1617006299   0.1839587657   0.20678714   0.2298522329   0.2528669995   0.2756034059   0.2978948605   0.3196313268   0.3407503266   0.3612265329   0.3810617758   0.4002764368   0.4189025821   0.4369787981   0.4545464991   0.4716474168   0.488321985   0.5046083754   0.520541988   0.5361552491   0.5514776073   0.5665356518   0.5813532996   0.5959520168   0.6103510501   0.6245676547   0.638617311   0.6525139236   0.6662700027   0.6798968261   0.6934045836   0.7068025042   0.7200989678   0.7333016032   0.746417374   
42.11809045   1.660941345e-19   2.140743849e-19   2.759148743e-19   3.556194633e-19   4.58348623e-19   5.907535494e-19   7.614067952e-19   9.813572993e-19   1.26484575e-18   1.630226598e-18   2.101156414e-18   2.708125534e-18   3.490432154e-18   4.498726691e-18   5.798291141e-18   7.473265764e-18   9.632096736e-18   1.24145575e-17   1.600079839e-17   2.062301045e-17   2.658045865e-17   3.425885779e-17   4.415534556e-17   5.691066976e-17   7.335067342e-17   9.453976406e-17   1.218498287e-16   1.570490565e-16   2.024164204e-16   2.608892288e-16   3.36253302e-16   4.333880842e-16   5.58582564e-16   7.199424538e-16   9.279149944e-16   1.195965361e-15   1.541448467e-15   1.986732603e-15   2.560647678e-15   3.300351803e-15   4.253737099e-15   5.482530466e-15   7.06629009e-15   9.107556438e-15   1.173849123e-14   1.512943426e-14   1.949993202e-14   2.513295225e-14   3.239320465e-14   4.175075404e-14   5.381145465e-14   6.935617615e-14   8.939136103e-14   1.152141867e-13   1.484965511e-13   1.913933199e-13   2.466818431e-13   3.179417741e-13   4.097868351e-13   5.281635314e-13   6.807361584e-13   8.77383026e-13   1.130836029e-12   1.457504974e-12   1.878540032e-12   2.421201103e-12   3.120622761e-12   4.022089039e-12   5.183965341e-12   6.681477311e-12   8.611581314e-12   1.109924187e-11   1.430552248e-11   1.843801368e-11   2.376427348e-11   3.062915039e-11   3.947711066e-11   5.088101517e-11   6.557920936e-11   8.452332734e-11   1.089399054e-10   1.404097941e-10   1.809705103e-10   2.332481564e-10   3.006274468e-10   3.874708514e-10   4.994010436e-10   6.4366494e-10   8.296029018e-10   1.069253476e-09   1.378132831e-09   1.776239351e-09   2.289348427e-09   2.95068129e-09   3.803055911e-09   4.901659253e-09   6.317620348e-09   8.14261554e-09   1.049480406e-08   1.352647826e-08   1.743392372e-08   2.24701278e-08   2.896115922e-08   3.732727936e-08   4.811015202e-08   6.200791328e-08   7.992037217e-08   1.030072685e-07   1.327633595e-07   1.711151976e-07   2.20545863e-07   2.842557289e-07   3.663696659e-07   4.722041005e-07   6.086112172e-07   7.844225867e-07   1.011020938e-06   1.303077087e-06   1.679499724e-06   2.16465953e-06   2.789966848e-06   3.595904997e-06   4.634650793e-06   5.973451779e-06   7.698978579e-06   9.922933758e-06   1.278927962e-05   1.648355181e-05   2.124485969e-05   2.738134751e-05   3.529011188e-05   4.548285651e-05   5.86189307e-05   7.554786645e-05   9.736412837e-05   0.0001254775546   0.0001617039393   0.0002083814391   0.0002685200362   0.0003459932359   0.0004457835769   0.0005742964799   0.0007397604893   0.0009527360869   0.001226759888   0.001579155871   0.002032049745   0.002613625481   0.003359662335   0.004315383105   0.005537624474   0.007097300455   0.009082059379   0.01159892083   0.01477650909   0.01876626965   0.02374178148   0.02989502019   0.03742830834   0.04654091285   0.05741004026   0.07016748521   0.08487522604   0.101505173   0.1199289771   0.1399223463   0.1611846568   0.1833701123   0.2061233633   0.2291118827   0.2520494887   0.2747088405   0.2969238604   0.3185848599   0.3396295679   0.3600327538   0.3797962626   0.3989404343   0.4174972578   0.4355052211   0.4530056305   0.4700401074   0.486648978   0.502870312   0.5187394144   0.5342886247   0.5495473126   0.5645419961   0.5792965284   0.5938323185   0.6081685617   0.622322468   0.6363094767   0.6501434559   0.6638368832   0.6774010071   0.6908459909   0.7041810398   0.7174145124   0.7305540179   
42.3718593   1.284651356e-19   1.655753525e-19   2.134057403e-19   2.750530758e-19   3.545087138e-19   4.56917007e-19   5.88908377e-19   7.590286008e-19   9.782921067e-19   1.260895103e-18   1.625134713e-18   2.094593617e-18   2.699666916e-18   3.479530063e-18   4.484675271e-18   5.780180633e-18   7.449923604e-18   9.602011638e-18   1.23757816e-17   1.595082115e-17   2.055859609e-17   2.649743667e-17   3.415185293e-17   4.401742981e-17   5.673291375e-17   7.312156835e-17   9.424447652e-17   1.214692403e-16   1.565585261e-16   2.017841885e-16   2.600743618e-16   3.352030411e-16   4.320344306e-16   5.568378752e-16   7.1769377e-16   9.250167247e-16   1.192229857e-15   1.536633873e-15   1.9805272e-15   2.552649696e-15   3.290043413e-15   4.240450885e-15   5.465406212e-15   7.044219088e-15   9.079109699e-15   1.170182697e-14   1.508217866e-14   1.943902551e-14   2.505445144e-14   3.229202702e-14   4.162034884e-14   5.364337879e-14   6.913954757e-14   8.911215412e-14   1.148543242e-13   1.480327338e-13   1.907955179e-13   2.459113517e-13   3.169487079e-13   4.08506898e-13   5.26513854e-13   6.786099324e-13   8.746425889e-13   1.127303951e-12   1.452952572e-12   1.872672559e-12   2.413638671e-12   3.110875741e-12   4.009526359e-12   5.167773632e-12   6.660608241e-12   8.584683715e-12   1.106457426e-11   1.42608403e-11   1.838042399e-11   2.369004763e-11   3.053348264e-11   3.9353807e-11   5.072209231e-11   6.537437784e-11   8.425932535e-11   1.085996401e-10   1.399712351e-10   1.804052631e-10   2.325196241e-10   2.996884605e-10   3.862606165e-10   4.978412036e-10   6.41654503e-10   8.270117022e-10   1.065913747e-09   1.373828342e-09   1.770691406e-09   2.282197827e-09   2.941465068e-09   3.791177364e-09   4.886349305e-09   6.297887756e-09   8.117182719e-09   1.046202437e-08   1.348422937e-08   1.737947023e-08   2.239994412e-08   2.887070131e-08   3.721069053e-08   4.795988373e-08   6.181423642e-08   7.967074715e-08   1.026855333e-07   1.323486836e-07   1.705807327e-07   2.198570053e-07   2.833678784e-07   3.652253389e-07   4.70729208e-07   6.067102678e-07   7.819725041e-07   1.007863093e-06   1.299007028e-06   1.674253938e-06   2.157898385e-06   2.781252603e-06   3.584673467e-06   4.62017482e-06   5.954794163e-06   7.67493141e-06   9.89194023e-06   1.274933328e-05   1.643206667e-05   2.117850294e-05   2.729582386e-05   3.517988571e-05   4.534079392e-05   5.84358383e-05   7.531189735e-05   9.706001706e-05   0.0001250856318   0.000161198864   0.0002077305664   0.000267681319   0.0003449125267   0.0004443911629   0.000572502637   0.0007374497843   0.0009497600896   0.001222927867   0.001574222949   0.002025701882   0.002605460511   0.003349166186   0.004301900201   0.005520321302   0.007075121336   0.009053673785   0.01156266222   0.01473030641   0.01870757447   0.02366749648   0.02980143811   0.03731107487   0.04639502927   0.05722992361   0.06994709955   0.08460828866   0.1011854239   0.1195504822   0.1394797906   0.1606735818   0.1827870615   0.205465922   0.2283786208   0.2512398313   0.2738228993   0.2959622566   0.3175485593   0.3385197414   0.3588506677   0.3785431977   0.3976176303   0.4161058775   0.4340463297   0.451480186   0.4684489585   0.4849928665   0.5011498784   0.5169552053   0.5324411003   0.547636855   0.5625689166   0.5772610753   0.591734683   0.6060088846   0.6201008447   0.6340259621   0.6477980688   0.6614296099   0.6749318047   0.6883147904   0.7015877487   0.7147590167   
42.62562814   9.936300064e-20   1.280663721e-19   1.650613967e-19   2.127433161e-19   2.741992945e-19   3.534082975e-19   4.554987091e-19   5.8708037e-19   7.566725304e-19   9.752554293e-19   1.256981209e-18   1.620090197e-18   2.088091872e-18   2.691286988e-18   3.468729392e-18   4.470754569e-18   5.762238605e-18   7.426798594e-18   9.572206417e-18   1.233736643e-17   1.590130884e-17   2.049478097e-17   2.641518704e-17   3.404584353e-17   4.388079706e-17   5.655681137e-17   7.289459461e-17   9.395193601e-17   1.210921925e-16   1.56072559e-16   2.011578383e-16   2.592670753e-16   3.341625508e-16   4.306933697e-16   5.551094169e-16   7.154660054e-16   9.221454172e-16   1.188529104e-15   1.531864069e-15   1.974379524e-15   2.544726118e-15   3.279830921e-15   4.227288271e-15   5.448441263e-15   7.022353408e-15   9.050927598e-15   1.16655038e-14   1.503536267e-14   1.937868561e-14   2.497668092e-14   3.219179063e-14   4.149115677e-14   5.347686652e-14   6.892493426e-14   8.883554464e-14   1.144978095e-13   1.475732313e-13   1.902032772e-13   2.451480281e-13   3.159648801e-13   4.072388681e-13   5.248795234e-13   6.765034864e-13   8.719276457e-13   1.123804732e-12   1.44844252e-12   1.866859671e-12   2.406146592e-12   3.101219395e-12   3.997080548e-12   5.151732552e-12   6.639933313e-12   8.558036341e-12   1.103022915e-11   1.42165738e-11   1.832337005e-11   2.36165123e-11   3.043870488e-11   3.923165042e-11   5.056464789e-11   6.517145185e-11   8.399777934e-11   1.082625403e-10   1.39536756e-10   1.798452744e-10   2.317978692e-10   2.987582095e-10   3.850616404e-10   4.962958746e-10   6.396627689e-10   8.244446082e-10   1.062605086e-09   1.369563896e-09   1.765195074e-09   2.275113748e-09   2.932334584e-09   3.779409321e-09   4.871181783e-09   6.278338734e-09   8.091986496e-09   1.042954961e-08   1.344237351e-08   1.732552331e-08   2.233041335e-08   2.878108492e-08   3.709518631e-08   4.781101337e-08   6.162236132e-08   7.942344436e-08   1.023667913e-07   1.319378653e-07   1.700512399e-07   2.191745559e-07   2.824882875e-07   3.640916575e-07   4.692680362e-07   6.048270025e-07   7.795452144e-07   1.004734625e-06   1.294974831e-06   1.669056952e-06   2.151200138e-06   2.772619427e-06   3.573546422e-06   4.605833515e-06   5.936310116e-06   7.651107949e-06   9.861235032e-06   1.270975854e-05   1.638106048e-05   2.111276349e-05   2.721109582e-05   3.507068496e-05   4.520005292e-05   5.82544492e-05   7.507812346e-05   9.675873487e-05   0.0001246973551   0.0001606984873   0.0002070857488   0.0002668504044   0.0003438418714   0.0004430117027   0.0005707254825   0.0007351605766   0.0009468117793   0.001219131497   0.001569335922   0.00201941308   0.002597371512   0.003338767703   0.004288542762   0.005503179158   0.007053148644   0.009025552419   0.01152674119   0.01468453399   0.01864942601   0.02359390366   0.02970872843   0.03719493489   0.04625050734   0.05705148957   0.0697287748   0.08434385061   0.1008686731   0.1191755426   0.1390414003   0.160167328   0.182209525   0.2048147164   0.2276523353   0.2504379026   0.272945445   0.2950098991   0.3165222621   0.3374206712   0.3576800857   0.3773023794   0.3963078102   0.4147282137   0.4326018833   0.4499699121   0.4668737033   0.4833533704   0.4994467814   0.515189054   0.5306123559   0.5457459008   0.5606160662   0.5752465791   0.5896587355   0.6038716299   0.6179023818   0.63176635   0.6454773306   0.6590477363   0.6724887578   0.6858105063   0.6990221399   
42.87939698   7.685505676e-20   9.905647207e-20   1.276712954e-19   1.645521927e-19   2.120870164e-19   2.73353407e-19   3.523180552e-19   4.540935244e-19   5.852692642e-19   7.543382435e-19   9.722468279e-19   1.253103502e-18   1.615092321e-18   2.081650241e-18   2.682984538e-18   3.458028581e-18   4.456962574e-18   5.744462464e-18   7.40388739e-18   9.542676765e-18   1.229930644e-17   1.585225431e-17   2.043155587e-17   2.633369785e-17   3.394081425e-17   4.374542757e-17   5.638233718e-17   7.266971939e-17   9.366210022e-17   1.207186307e-16   1.55591085e-16   2.005372791e-16   2.584672528e-16   3.331316804e-16   4.293647079e-16   5.533969395e-16   7.13258838e-16   9.193006569e-16   1.184862567e-15   1.527138366e-15   1.968288688e-15   2.536875798e-15   3.26971285e-15   4.214247354e-15   5.431633166e-15   7.000689892e-15   9.023006058e-15   1.162951646e-14   1.498897953e-14   1.931890359e-14   2.489962944e-14   3.209248099e-14   4.136315918e-14   5.331189377e-14   6.87123052e-14   8.85614926e-14   1.14144591e-13   1.471179772e-13   1.896165121e-13   2.443917619e-13   3.149901484e-13   4.059825619e-13   5.232603032e-13   6.744165159e-13   8.692378041e-13   1.120337866e-12   1.443974166e-12   1.861100527e-12   2.398723782e-12   3.09165233e-12   3.984749807e-12   5.135839783e-12   6.619449538e-12   8.531635339e-12   1.099620159e-11   1.417271657e-11   1.826684361e-11   2.354365685e-11   3.03448034e-11   3.911062325e-11   5.040865914e-11   6.497040204e-11   8.37386515e-11   1.079285572e-10   1.391062939e-10   1.792904631e-10   2.310827874e-10   2.978365593e-10   3.838737496e-10   4.947648332e-10   6.376894497e-10   8.219012487e-10   1.059327017e-09   1.365338878e-09   1.759749559e-09   2.268095166e-09   2.923288517e-09   3.767750082e-09   4.856154495e-09   6.258970456e-09   8.067023229e-09   1.039737511e-08   1.340090464e-08   1.727207517e-08   2.226152543e-08   2.869229709e-08   3.698075001e-08   4.766351941e-08   6.143226023e-08   7.917842805e-08   1.020509962e-07   1.315308454e-07   1.695266425e-07   2.184984163e-07   2.81616829e-07   3.629684577e-07   4.678203739e-07   6.029611494e-07   7.771403665e-07   1.001635082e-06   1.290979915e-06   1.663908017e-06   2.14456382e-06   2.764066069e-06   3.562522255e-06   4.591624805e-06   5.917996967e-06   7.627504752e-06   9.830813724e-06   1.267054971e-05   1.633052589e-05   2.104763186e-05   2.712715115e-05   3.496249385e-05   4.506061317e-05   5.807473717e-05   7.484651097e-05   9.646023825e-05   0.0001243126682   0.000160202737   0.000206446893   0.0002660271723   0.0003427811153   0.000441644997   0.0005689647597   0.0007328925352   0.0009438907299   0.00121537023   0.001564494084   0.00201318243   0.002589357314   0.003328465382   0.004275308858   0.005486195564   0.007031379201   0.008997691213   0.01149115252   0.01463918518   0.01859181587   0.02352099234   0.02961687768   0.03707987151   0.04610732603   0.05687471212   0.06951247908   0.0840818732   0.100554874   0.118804103   0.1386071105   0.1596658203   0.1816374167   0.2041696486   0.2269329163   0.2496435809   0.2720763436   0.2940666411   0.315505809   0.3363321855   0.3565208235   0.3760736107   0.3950107642   0.4133640437   0.4311716468   0.4484745607   0.465314081   0.4817302162   0.4977607345   0.5134406611   0.5288020788   0.5438741243   0.5586831056   0.5732526874   0.5876041099   0.6017564177   0.6157266857   0.6295302329   0.6431808196   0.6566908268   0.6700714164   0.6833326738   
43.13316583   5.944679237e-20   7.661941551e-20   9.875276023e-20   1.272798492e-19   1.640476679e-19   2.114367475e-19   2.725152925e-19   3.512378313e-19   4.527012521e-19   5.834748009e-19   7.520254067e-19   9.692658731e-19   1.249261427e-18   1.610140372e-18   2.075267802e-18   2.67475838e-18   3.447426102e-18   4.443297315e-18   5.726849669e-18   7.38118672e-18   9.513418466e-18   1.226159618e-17   1.580365055e-17   2.036891175e-17   2.625295749e-17   3.383675011e-17   4.361130202e-17   5.620946627e-17   7.244691059e-17   9.337492778e-17   1.203485017e-16   1.551140354e-16   1.999224223e-16   2.5767478e-16   3.321102829e-16   4.280482554e-16   5.517001982e-16   7.110719526e-16   9.164820375e-16   1.181229722e-15   1.522456087e-15   1.962253822e-15   2.529097617e-15   3.259687755e-15   4.201326272e-15   5.414979521e-15   6.979225445e-15   8.995341094e-15   1.159385981e-14   1.49430226e-14   1.925967091e-14   2.482328599e-14   3.199408392e-14   4.123633777e-14   5.314843698e-14   6.850163001e-14   8.828995887e-14   1.137946182e-13   1.466669065e-13   1.890351389e-13   2.436424452e-13   3.140243737e-13   4.047378001e-13   5.216559623e-13   6.723487229e-13   8.665726798e-13   1.116902857e-12   1.439546873e-12   1.855394305e-12   2.391369181e-12   3.082173177e-12   3.972532376e-12   5.120093054e-12   6.599153992e-12   8.505476941e-12   1.096248672e-11   1.412926234e-11   1.82108366e-11   2.347147089e-11   3.025176479e-11   3.899070823e-11   5.025410381e-11   6.477119971e-11   8.348190483e-11   1.075976432e-10   1.386797874e-10   1.7874075e-10   2.303742766e-10   2.969233783e-10   3.826967744e-10   4.932478607e-10   6.357342636e-10   8.193812605e-10   1.05607907e-09   1.361152684e-09   1.754354083e-09   2.261141078e-09   2.914325576e-09   3.756197982e-09   4.841265295e-09   6.239780156e-09   8.042289354e-09   1.036549627e-08   1.335981683e-08   1.721911817e-08   2.219327054e-08   2.860432515e-08   3.686736528e-08   4.75173808e-08   6.124390601e-08   7.893566324e-08   1.01738103e-07   1.311275655e-07   1.690068658e-07   2.178284898e-07   2.807533784e-07   3.618555792e-07   4.663860144e-07   6.011124419e-07   7.747576172e-07   9.985640213e-07   1.287021709e-06   1.658806395e-06   2.137988485e-06   2.75559131e-06   3.55159939e-06   4.577546662e-06   5.8998521e-06   7.604118448e-06   9.800671963e-06   1.263170117e-05   1.628045567e-05   2.098309872e-05   2.704397786e-05   3.485529692e-05   4.492245476e-05   5.789667655e-05   7.461702681e-05   9.616448459e-05   0.0001239315164   0.0001597115423   0.0002058139079   0.0002652115051   0.0003417301069   0.0004402908505   0.000567220217   0.0007306453362   0.0009409965241   0.001211643529   0.001559696743   0.002007009042   0.002581416773   0.003318257752   0.004262196596   0.005469368092   0.007009809895   0.008970086182   0.01145589115   0.0145942535   0.01853473578   0.0234487521   0.0295258727   0.03696586823   0.04596546477   0.05669956582   0.06929818118   0.08382231853   0.1002439811   0.1184361094   0.1381768578   0.1591689851   0.1810706522   0.203530623   0.2262202567   0.2488567469   0.2712154636   0.2931323391   0.3144990441   0.3352541162   0.3553727006   0.3748566987   0.3937262871   0.4120131502   0.4297553902   0.4469938895   0.4637698369   0.4801231365   0.4960914578   0.5117097339   0.5270099636   0.5420212071   0.5567697036   0.5712790559   0.5855704487   0.5996628772   0.613573372   0.6273172127   0.6409081243   0.6543584558   0.6676793409   
43.38693467   4.598249507e-20   5.926563496e-20   7.638592646e-20   9.845182229e-20   1.268919782e-19   1.635477511e-19   2.107924178e-19   2.716848328e-19   3.501674735e-19   4.51321696e-19   5.81696727e-19   7.497336938e-19   9.663121443e-19   1.245454443e-18   1.60523365e-18   2.068943657e-18   2.666607354e-18   3.436920458e-18   4.429756866e-18   5.709397739e-18   7.358693383e-18   9.484427392e-18   1.222423035e-17   1.57554907e-17   2.030683978e-17   2.617295455e-17   3.373363642e-17   4.347840148e-17   5.603817424e-17   7.222613677e-17   9.309037819e-17   1.199817531e-16   1.546413428e-16   1.993131812e-16   2.56889545e-16   3.310982141e-16   4.267438264e-16   5.500189539e-16   7.089050408e-16   9.136891615e-16   1.177630057e-15   1.517816573e-15   1.956274074e-15   2.521390476e-15   3.249754223e-15   4.188523202e-15   5.39847798e-15   6.95795704e-15   8.967928803e-15   1.155852883e-14   1.489748542e-14   1.920097923e-14   2.474763982e-14   3.189658554e-14   4.111067467e-14   5.298647309e-14   6.8292879e-14   8.802090514e-14   1.134478419e-13   1.462199556e-13   1.884590755e-13   2.428999722e-13   3.130674197e-13   4.035044072e-13   5.200662744e-13   6.702998158e-13   8.639318969e-13   1.113499221e-12   1.435160016e-12   1.849740199e-12   2.384081752e-12   3.072780601e-12   3.96042653e-12   5.104490146e-12   6.579043812e-12   8.479557456e-12   1.092907977e-11   1.408620501e-11   1.815534113e-11   2.339994422e-11   3.015957594e-11   3.887188843e-11   5.010096008e-11   6.457381676e-11   8.322750311e-11   1.072697514e-10   1.382571764e-10   1.781960577e-10   2.296722369e-10   2.960185377e-10   3.81530549e-10   4.917447433e-10   6.337969349e-10   8.168842882e-10   1.052860788e-09   1.357004724e-09   1.749007886e-09   2.254250505e-09   2.905444496e-09   3.744751391e-09   4.826512083e-09   6.220765128e-09   8.017781381e-09   1.033390858e-08   1.331910429e-08   1.716664484e-08   2.212563904e-08   2.851715668e-08   3.675501612e-08   4.737257693e-08   6.105727209e-08   7.869511568e-08   1.014280676e-07   1.30727969e-07   1.684918364e-07   2.171646819e-07   2.79897814e-07   3.60752865e-07   4.649647554e-07   5.992806192e-07   7.723966303e-07   9.955210095e-07   1.283099655e-06   1.653751369e-06   2.131473204e-06   2.747193954e-06   3.540776287e-06   4.563597098e-06   5.881872957e-06   7.58094574e-06   9.770805496e-06   1.259320744e-05   1.623084275e-05   2.0919155e-05   2.696156422e-05   3.474907906e-05   4.47855582e-05   5.772024222e-05   7.438963862e-05   9.587143216e-05   0.0001235538457   0.0001592248339   0.0002051867041   0.0002644032879   0.0003406886978   0.0004389490722   0.0005654916085   0.0007284186627   0.0009381287537   0.001207950867   0.001554943222   0.002000892045   0.002573548767   0.003308143372   0.004249204128   0.005452694367   0.006988437681   0.00894273343   0.01142095207   0.0145497326   0.01847817769   0.02337717271   0.0294357006   0.03685290887   0.04582490342   0.05652602577   0.06908585059   0.08356514955   0.09993595003   0.1180715089   0.1377505801   0.1586767504   0.180509149   0.2028975462   0.2255142515   0.2480772841   0.2703626767   0.2922068528   0.3135018152   0.3341862989   0.3542355404   0.3736514549   0.3924541784   0.4106753205   0.4283528888   0.4455276616   0.4622407219   0.4785318701   0.4944386775   0.5099959864   0.5252357118   0.5401868383   0.5548755364   0.5693253479   0.5835574024   0.5975906459   0.6114420654   0.6251269009   0.6386588424   0.6520502078   
43.64070352   3.556842792e-20   4.584321624e-20   5.908612212e-20   7.615455706e-20   9.815361633e-20   1.265076283e-19   1.630523726e-19   2.101539374e-19   2.708619122e-19   3.491068326e-19   4.499546637e-19   5.799347948e-19   7.474627855e-19   9.6338523e-19   1.24168202e-18   1.600371472e-18   2.062676924e-18   2.658530325e-18   3.426510187e-18   4.41633934e-18   5.69210424e-18   7.336404245e-18   9.455699505e-18   1.218720372e-17   1.570776805e-17   2.024533132e-17   2.60936779e-17   3.363145881e-17   4.334670744e-17   5.586843723e-17   7.200736718e-17   9.280841179e-17   1.19618334e-16   1.541729414e-16   1.987094709e-16   2.561114386e-16   3.300953331e-16   4.254512393e-16   5.483529722e-16   7.067578006e-16   9.109216398e-16   1.174063071e-15   1.513219178e-15   1.950348611e-15   2.513753302e-15   3.23991087e-15   4.175836361e-15   5.382126243e-15   6.936881714e-15   8.940765366e-15   1.152351858e-14   1.485236164e-14   1.914282036e-14   2.467268038e-14   3.179997228e-14   4.098615236e-14   5.282597954e-14   6.808602306e-14   8.775429394e-14   1.131042137e-13   1.457770622e-13   1.878882418e-13   2.421642396e-13   3.121191532e-13   4.022822112e-13   5.18491018e-13   6.68269509e-13   8.613150876e-13   1.110126484e-12   1.430812983e-12   1.844137423e-12   2.37686048e-12   3.063473292e-12   3.948430583e-12   5.089028885e-12   6.559116196e-12   8.453873274e-12   1.08959761e-11   1.404353855e-11   1.810034945e-11   2.332906688e-11   3.0068224e-11   3.87541473e-11   4.994920661e-11   6.437822569e-11   8.29754109e-11   1.069448364e-10   1.378384018e-10   1.776563101e-10   2.289765705e-10   2.951219114e-10   3.803749109e-10   4.902552715e-10   6.318771936e-10   8.144099839e-10   1.049671722e-09   1.35289442e-09   1.743710223e-09   2.247422486e-09   2.896644041e-09   3.733408714e-09   4.811892804e-09   6.201922721e-09   7.993495896e-09   1.030260766e-08   1.327876134e-08   1.711464787e-08   2.205862152e-08   2.843077955e-08   3.66436869e-08   4.722908761e-08   6.087233246e-08   7.845675185e-08   1.011208467e-07   1.303320001e-07   1.679814825e-07   2.165069003e-07   2.790500166e-07   3.596601614e-07   4.635563989e-07   5.974654262e-07   7.700570769e-07   9.925056227e-07   1.279213206e-06   1.648742233e-06   2.125017071e-06   2.73887283e-06   3.530051439e-06   4.549774172e-06   5.864057031e-06   7.557983398e-06   9.741210163e-06   1.255506317e-05   1.618168023e-05   2.085579176e-05   2.687989875e-05   3.464382547e-05   4.464990441e-05   5.75454096e-05   7.416431471e-05   9.558104013e-05   0.0001231796037   0.000158742544   0.0002045651942   0.0002636024079   0.0003396567431   0.0004376194752   0.0005637786931   0.0007262122042   0.0009352870191   0.001204291731   0.001550232859   0.001994830587   0.002565752201   0.003298120832   0.004236329641   0.005436172064   0.006967259579   0.008915629139   0.01138633042   0.01450561627   0.01842213368   0.02330624418   0.02934634877   0.03674097763   0.04568562226   0.05635406759   0.06887545742   0.08331032997   0.09963073706   0.1177102498   0.1373282167   0.1581890458   0.1799528263   0.2022703265   0.224814798   0.2473050784   0.2695178572   0.2912900448   0.3125139732   0.3331285727   0.3531091706   0.372457695   0.391194242   0.4093503467   0.4269639228   0.4440756455   0.4607264924   0.4769561613   0.4928021263   0.508299139   0.5234790317   0.5383707137   0.5530002879   0.5673912348   0.5815646298   0.59553937   0.6093323989   0.6229589177   0.6364325814   
43.89447236   2.751343036e-20   3.546134062e-20   4.570519423e-20   5.890822915e-20   7.592527547e-20   9.785810129e-20   1.261267467e-19   1.625614642e-19   2.095212185e-19   2.700464173e-19   3.480557626e-19   4.485999671e-19   5.781887618e-19   7.452123692e-19   9.604847273e-19   1.237943638e-18   1.595553169e-18   2.056466739e-18   2.650526181e-18   3.416193855e-18   4.403042889e-18   5.674966793e-18   7.314316238e-18   9.42723085e-18   1.215051122e-17   1.566047604e-17   2.018437788e-17   2.601511661e-17   3.353020322e-17   4.321620176e-17   5.570023188e-17   7.17905717e-17   9.252898977e-17   1.192581943e-16   1.537087667e-16   1.981112083e-16   2.553403536e-16   3.291015018e-16   4.241703162e-16   5.467020239e-16   7.046299364e-16   9.081790913e-16   1.170528272e-15   1.508663268e-15   1.944476618e-15   2.506185044e-15   3.23015634e-15   4.163264003e-15   5.365922059e-15   6.915996565e-15   8.913847044e-15   1.148882426e-14   1.480764503e-14   1.90851863e-14   2.459839734e-14   3.170423082e-14   4.08627537e-14   5.266693424e-14   6.788103373e-14   8.749008856e-14   1.127636863e-13   1.453381653e-13   1.873225591e-13   2.414351459e-13   3.111794435e-13   4.01071044e-13   5.169299762e-13   6.662575231e-13   8.587218916e-13   1.106784181e-12   1.426505177e-12   1.838585204e-12   2.369704371e-12   3.05424997e-12   3.936542884e-12   5.073707141e-12   6.539368401e-12   8.428420857e-12   1.086317115e-11   1.40012571e-11   1.8045854e-11   2.325882912e-11   2.997769638e-11   3.863746863e-11   4.979882252e-11   6.418439957e-11   8.272559349e-11   1.066228533e-10   1.374234062e-10   1.771214331e-10   2.282871815e-10   2.94233376e-10   3.792297008e-10   4.887792402e-10   6.299747755e-10   8.11958007e-10   1.046511433e-09   1.348821207e-09   1.738460365e-09   2.24065608e-09   2.887922998e-09   3.72216839e-09   4.797405445e-09   6.183250343e-09   7.969429556e-09   1.027158918e-08   1.323878244e-08   1.706312012e-08   2.199220874e-08   2.834518186e-08   3.653336228e-08   4.708689309e-08   6.068906168e-08   7.822053895e-08   1.008163981e-07   1.299396043e-07   1.674757339e-07   2.158550542e-07   2.782098695e-07   3.585773181e-07   4.621607509e-07   5.956666129e-07   7.67738635e-07   9.895174459e-07   1.275361827e-06   1.643778297e-06   2.118619195e-06   2.730626794e-06   3.519423368e-06   4.536075979e-06   5.846401872e-06   7.535228261e-06   9.71188189e-06   1.251726311e-05   1.613296134e-05   2.07930003e-05   2.67989702e-05   3.453952166e-05   4.451547473e-05   5.737215463e-05   7.394102407e-05   9.529326853e-05   0.0001228087387   0.0001582646061   0.0002039492928   0.0002628087549   0.0003386341007   0.0004363018764   0.0005620812352   0.0007240256571   0.0009324709291   0.001200665617   0.001545565005   0.001988823833   0.002558026001   0.003288188753   0.004223571361   0.005419798907   0.00694627267   0.008888769575   0.01135202143   0.01446189842   0.01836659604   0.02323595671   0.02925780485   0.03663005902   0.04554760201   0.05618366742   0.06866697241   0.0830578243   0.09932829958   0.1173522814   0.1369097082   0.1577058023   0.1794016052   0.2016488744   0.2241217958   0.2465400182   0.2686808822   0.2903817809   0.3115353723   0.3320807805   0.3519934223   0.3712752388   0.389946286   0.4080380255   0.4255882773   0.4426376146   0.4592269104   0.4753957606   0.4911815426   0.5066189185   0.5217396382   0.5365725364   0.5511436487   0.5654763953   0.5795917972   0.5935087035   0.6072440142   0.620812892   
44.14824121   2.128299051e-20   2.743108969e-20   3.535521388e-20   4.556841025e-20   5.873193186e-20   7.56980505e-20   9.756523697e-20   1.257492815e-19   1.620749593e-19   2.08894175e-19   2.692382373e-19   3.470141206e-19   4.472574219e-19   5.764583904e-19   7.429821388e-19   9.576102417e-19   1.234238789e-18   1.590778086e-18   2.050312259e-18   2.642593833e-18   3.405970059e-18   4.389865706e-18   5.657983066e-18   7.292426356e-18   9.399017555e-18   1.211414784e-17   1.561360824e-17   2.012397119e-17   2.593726001e-17   3.342985589e-17   4.30868667e-17   5.55335353e-17   7.157572085e-17   9.225207412e-17   1.189012849e-16   1.532487556e-16   1.97518312e-16   2.545761851e-16   3.281165851e-16   4.229008827e-16   5.450658843e-16   7.025211589e-16   9.054611432e-16   1.16702518e-15   1.504148224e-15   1.938657296e-15   2.498684672e-15   3.220489306e-15   4.150804416e-15   5.349863224e-15   6.895298752e-15   8.887170176e-15   1.145444114e-14   1.476332953e-14   1.902806921e-14   2.452478062e-14   3.160934815e-14   4.074046191e-14   5.250931555e-14   6.767788313e-14   8.722825306e-14   1.124262134e-13   1.449032053e-13   1.867619505e-13   2.407125922e-13   3.102481628e-13   3.998707407e-13   5.153829368e-13   6.642635844e-13   8.561519562e-13   1.103471859e-12   1.422236011e-12   1.833082788e-12   2.36261245e-12   3.045109379e-12   3.924761816e-12   5.05852283e-12   6.519797741e-12   8.403196745e-12   1.083066045e-11   1.395935492e-11   1.799184736e-11   2.318922138e-11   2.988798079e-11   3.852183655e-11   4.964978736e-11   6.399231205e-11   8.24780169e-11   1.063037583e-10   1.37012133e-10   1.765913539e-10   2.276039762e-10   2.933528106e-10   3.780947631e-10   4.873164487e-10   6.280894219e-10   8.09528024e-10   1.043379491e-09   1.344784529e-09   1.733257597e-09   2.233950369e-09   2.879280182e-09   3.711028891e-09   4.783048035e-09   6.164745453e-09   7.945579088e-09   1.024084894e-08   1.319916215e-08   1.701205455e-08   2.192639167e-08   2.826035196e-08   3.642402725e-08   4.694597404e-08   6.050743481e-08   7.798644485e-08   1.005146803e-07   1.295507283e-07   1.669745218e-07   2.152090551e-07   2.773772584e-07   3.575041877e-07   4.607776217e-07   5.938839347e-07   7.654409891e-07   9.865560726e-07   1.271544994e-06   1.638858888e-06   2.112278708e-06   2.722454723e-06   3.50889063e-06   4.522500658e-06   5.828905076e-06   7.512677234e-06   9.682816687e-06   1.24798021e-05   1.608467945e-05   2.073077207e-05   2.671876758e-05   3.443615344e-05   4.438225087e-05   5.720045373e-05   7.371973633e-05   9.500807822e-05   0.0001224412004   0.0001577909554   0.000203338916   0.0002620222211   0.0003376206314   0.0004349960967   0.0005603990038   0.000721858724   0.0009296801005   0.001197072031   0.001540939025   0.001982870965   0.002550369115   0.003278345782   0.004210927554   0.005403572668   0.006925474097   0.00886215108   0.01131802042   0.0144185731   0.01831155717   0.0231663007   0.02917005676   0.03652013787   0.04541082377   0.0560148019   0.06846036693   0.08280759775   0.09902859584   0.1169975542   0.1364949963   0.1572269525   0.1788554083   0.2010331023   0.2234351466   0.2457819942   0.2678516315   0.2894819296   0.3105658699   0.3310427683   0.3508881303   0.3701039097   0.3887101229   0.4067381578   0.4242257423   0.4412133475   0.4577417431   0.4738504236   0.4895766708   0.5049550577   0.5200172525   0.534792016   0.5493053168   0.5635805152   0.5776385787   0.5914983083   0.6051765611   
44.40201005   1.646373273e-20   2.121967441e-20   2.734948322e-20   3.525003344e-20   4.543284593e-20   5.855720655e-20   7.547285162e-20   9.727498403e-20   1.253751821e-19   1.615927923e-19   2.082727226e-19   2.684372636e-19   3.459817665e-19   4.459268477e-19   5.747434482e-19   7.407717947e-19   9.547613869e-19   1.230566974e-18   1.586045581e-18   2.044212657e-18   2.634732215e-18   3.395837425e-18   4.376806019e-18   5.641150777e-18   7.27073166e-18   9.371055828e-18   1.20781087e-17   1.556715833e-17   2.006410313e-17   2.586009763e-17   3.333040331e-17   4.295868488e-17   5.53683251e-17   7.136278575e-17   9.197762764e-17   1.185475581e-16   1.527928463e-16   1.969307024e-16   2.538188304e-16   3.271404504e-16   4.216427683e-16   5.434443336e-16   7.004311846e-16   9.0276743e-16   1.163553323e-15   1.499673439e-15   1.932889863e-15   2.491251178e-15   3.210908471e-15   4.138455928e-15   5.33394758e-15   6.874785496e-15   8.860731175e-15   1.142036461e-14   1.471940918e-14   1.897146142e-14   2.445182031e-14   3.151531152e-14   4.061926055e-14   5.235310229e-14   6.747654395e-14   8.696875225e-14   1.120917496e-13   1.444721237e-13   1.862063407e-13   2.399964812e-13   3.093251861e-13   3.986811402e-13   5.138496917e-13   6.62287425e-13   8.536049361e-13   1.100189071e-12   1.418004912e-12   1.827629435e-12   2.355583766e-12   3.036050292e-12   3.913085796e-12   5.043473913e-12   6.500401586e-12   8.378197548e-12   1.079843964e-11   1.391782635e-11   1.793832229e-11   2.312023431e-11   2.979906516e-11   3.840723552e-11   4.950208109e-11   6.38019373e-11   8.223264788e-11   1.059875086e-10   1.366045271e-10   1.760660012e-10   2.269268629e-10   2.924800969e-10   3.769699453e-10   4.858667005e-10   6.262208792e-10   8.071197083e-10   1.040275476e-09   1.340783845e-09   1.72810122e-09   2.22730445e-09   2.87071443e-09   3.699988718e-09   4.768818645e-09   6.146405565e-09   7.921941286e-09   1.021038279e-08   1.315989513e-08   1.696144432e-08   2.186116147e-08   2.817627847e-08   3.631566713e-08   4.680631152e-08   6.032742745e-08   7.775443808e-08   1.002156529e-07   1.291653197e-07   1.664777788e-07   2.145688162e-07   2.765520713e-07   3.56440626e-07   4.594068254e-07   5.92117152e-07   7.631638306e-07   9.836211048e-07   1.267762195e-06   1.633983343e-06   2.105994757e-06   2.714355521e-06   3.498451809e-06   4.509046382e-06   5.811564294e-06   7.490327288e-06   9.654010649e-06   1.244267512e-05   1.603682808e-05   2.06690987e-05   2.663928009e-05   3.433370692e-05   4.425021492e-05   5.703028384e-05   7.350042174e-05   9.472543086e-05   0.0001220769393   0.000157321528   0.0002027339817   0.0002612427005   0.0003366161991   0.0004337019604   0.0005587317728   0.0007197111136   0.0009269141583   0.00119351049   0.001536354298   0.001976971184   0.002542780515   0.003268590597   0.004198396519   0.005387491164   0.006904861064   0.008835770073   0.01128432281   0.01437563446   0.01825700968   0.02309726678   0.02908309267   0.03641119934   0.04527526905   0.05584744817   0.06825561294   0.08255961629   0.09873158495   0.1166460195   0.1360840241   0.1567524302   0.1783141599   0.2004229243   0.222754754   0.2450308996   0.2670299871   0.2885903622   0.3096053263   0.3300143854   0.349793133   0.3689435353   0.3874855689   0.4054505492   0.422876112   0.4398026276   0.4562707627   0.4723199116   0.4879872609   0.5033072953   0.518311602   0.5330288683   0.5474849966   0.5617032876   0.5757046556   0.5895078539   
44.65577889   1.273595797e-20   1.641504304e-20   2.115691954e-20   2.726860011e-20   3.514578532e-20   4.529848326e-20   5.838403002e-20   7.524964892e-20   9.698730391e-20   1.250043987e-19   1.611148993e-19   2.076567788e-19   2.676433898e-19   3.449585633e-19   4.446080679e-19   5.730437074e-19   7.385810431e-19   9.519377846e-19   1.226927707e-18   1.581355024e-18   2.038167121e-18   2.626940283e-18   3.385794607e-18   4.363862094e-18   5.624467691e-18   7.249229267e-18   9.343341956e-18   1.204238902e-17   1.552112017e-17   2.000476574e-17   2.578361922e-17   3.323183229e-17   4.283163927e-17   5.520457934e-17   7.115173812e-17   9.170561387e-17   1.181969666e-16   1.523409782e-16   1.963483014e-16   2.53068189e-16   3.261729684e-16   4.20395806e-16   5.418371564e-16   6.98359736e-16   9.000975941e-16   1.160112242e-15   1.495238319e-15   1.927173553e-15   2.483883576e-15   3.20141256e-15   4.126216897e-15   5.318173014e-15   6.85445407e-15   8.834526533e-15   1.138659013e-14   1.467587814e-14   1.89153554e-14   2.437950673e-14   3.142210844e-14   4.049913354e-14   5.219827372e-14   6.727698945e-14   8.671155169e-14   1.117602505e-13   1.440448632e-13   1.856556558e-13   2.392867179e-13   3.084103907e-13   3.975020843e-13   5.123300375e-13   6.603287824e-13   8.510804929e-13   1.096935382e-12   1.413811318e-12   1.822224421e-12   2.348617385e-12   3.027071506e-12   3.901513273e-12   5.028558391e-12   6.481177359e-12   8.353419946e-12   1.076650444e-11   1.387666591e-11   1.788527166e-11   2.305185875e-11   2.971093769e-11   3.829365032e-11   4.935568411e-11   6.361325006e-11   8.198945382e-11   1.056740621e-10   1.362005341e-10   1.755453053e-10   2.262557515e-10   2.91615119e-10   3.758550979e-10   4.844298029e-10   6.243688995e-10   8.047327401e-10   1.037198975e-09   1.336818624e-09   1.72299055e-09   2.220717441e-09   2.862224607e-09   3.689046406e-09   4.754715386e-09   6.128228243e-09   7.898513012e-09   1.01801867e-08   1.312097618e-08   1.691128271e-08   2.179650948e-08   2.809295021e-08   3.620826751e-08   4.666788697e-08   6.014901568e-08   7.752448784e-08   9.991927608e-08   1.287833274e-07   1.65985439e-07   2.139342524e-07   2.757341988e-07   3.553864918e-07   4.5804818e-07   5.903660303e-07   7.60906857e-07   9.807121528e-07   1.264012927e-06   1.629151016e-06   2.099766507e-06   2.70632811e-06   3.488105518e-06   4.495711367e-06   5.794377222e-06   7.468175453e-06   9.62545995e-06   1.240587724e-05   1.598940086e-05   2.060797202e-05   2.656049719e-05   3.42321685e-05   4.411934935e-05   5.686162235e-05   7.328305118e-05   9.444528893e-05   0.000121715907   0.0001568562617   0.0002021344098   0.0002604700899   0.0003356206703   0.0004324192959   0.0005570793208   0.0007175825407   0.0009241727351   0.001189980521   0.001531810214   0.001971123706   0.002535259192   0.003258921901   0.00418597659   0.005371552259   0.006884430829   0.008809623047   0.01125092412   0.01433307681   0.01820294629   0.02302884573   0.02899690096   0.03630322889   0.04514091973   0.05568158381   0.06805268299   0.08231384659   0.09843722688   0.1162976299   0.1356767358   0.1562821709   0.1777777858   0.1998182564   0.2220805239   0.2442866296   0.266215834   0.2877069528   0.3086536048   0.3289954883   0.3487082724   0.3677939466   0.3862724446   0.4041750094   0.4215391854   0.4384052429   0.4548137465   0.470803991   0.4864130684   0.5016753758   0.5166224202   0.5312828158   0.5456823993   0.5598444123   0.5737897164   
44.90954774   9.852410337e-21   1.269851394e-20   1.636678241e-20   2.109471768e-20   2.718842976e-20   3.504245585e-20   4.516530461e-20   5.821237955e-20   7.502841311e-20   9.670215886e-20   1.246368827e-19   1.606412176e-19   2.070462628e-19   2.668565117e-19   3.439443767e-19   4.433009093e-19   5.713589448e-19   7.364095968e-19   9.491390642e-19   1.22332051e-18   1.576705802e-18   2.03217486e-18   2.619217014e-18   3.375840288e-18   4.351032233e-18   5.607931618e-18   7.227916355e-18   9.315872302e-18   1.20069841e-17   1.547548769e-17   1.994595124e-17   2.570781475e-17   3.313412989e-17   4.27057132e-17   5.504227653e-17   7.094255026e-17   9.143599712e-17   1.178494647e-16   1.51893092e-16   1.957710326e-16   2.523241624e-16   3.252140119e-16   4.19159832e-16   5.402441419e-16   6.963065413e-16   8.974512852e-16   1.156701483e-15   1.490842282e-15   1.921507615e-15   2.476580897e-15   3.192000329e-15   4.114085719e-15   5.302537455e-15   6.834301807e-15   8.808552808e-15   1.135311328e-14   1.463273069e-14   1.885974379e-14   2.430783038e-14   3.132972667e-14   4.038006509e-14   5.204480952e-14   6.707919346e-14   8.64566176e-14   1.114316727e-13   1.436213677e-13   1.851098236e-13   2.38583209e-13   3.075036566e-13   3.963334185e-13   5.108237747e-13   6.583873996e-13   8.485782954e-13   1.093710365e-12   1.409654678e-12   1.816867036e-12   2.341712392e-12   3.018171842e-12   3.890042729e-12   5.013774306e-12   6.462122539e-12   8.328860686e-12   1.073485065e-11   1.383586817e-11   1.783268852e-11   2.298408572e-11   2.96235868e-11   3.818106605e-11   4.921057719e-11   6.342622554e-11   8.174840282e-11   1.053633778e-10   1.358001012e-10   1.750291978e-10   2.255905541e-10   2.907577635e-10   3.747500747e-10   4.830055674e-10   6.225332397e-10   8.023668061e-10   1.034149585e-09   1.332888344e-09   1.717924915e-09   2.214188477e-09   2.853809596e-09   3.678200519e-09   4.740736406e-09   6.110211102e-09   7.87529119e-09   1.015025671e-08   1.308240019e-08   1.686156312e-08   2.173242721e-08   2.801035625e-08   3.610181432e-08   4.653068224e-08   5.99721761e-08   7.729656394e-08   9.962551096e-08   1.284047012e-07   1.654974377e-07   2.133052804e-07   2.749235335e-07   3.543416468e-07   4.567015071e-07   5.886303396e-07   7.58669772e-07   9.778288349e-07   1.260296697e-06   1.624361271e-06   2.093593141e-06   2.698371437e-06   3.4778504e-06   4.482493861e-06   5.777341604e-06   7.446218823e-06   9.597160843e-06   1.236940363e-05   1.594239158e-05   2.054738399e-05   2.648240854e-05   3.413152485e-05   4.398963699e-05   5.669444713e-05   7.306759612e-05   9.416761566e-05   0.0001213580563   0.0001563950955   0.0002015401214   0.0002597042877   0.0003346339145   0.0004311479346   0.0005554414309   0.0007154727259   0.0009214554711   0.001186481662   0.001527306178   0.001965327764   0.002527804159   0.003249338425   0.004173666138   0.005355753859   0.00686418071   0.008783706566   0.01121781997   0.01429089453   0.0181493599   0.02296102856   0.02891147029   0.03619621229   0.04500775807   0.05551718689   0.06785155017   0.08207025601   0.09814548242   0.1159523387   0.1352730768   0.1558161111   0.1772462135   0.1992190163   0.2214123641   0.2435490818   0.2654090593   0.2868315781   0.3077105718   0.3279859216   0.3476333937   0.3666549784   0.3850705742   0.4029113519   0.4202147656   0.4370209861   0.4533704766   0.4693024331   0.4848538541   0.5000590494   0.5149494464   0.529553587   0.5438972424   0.5580035959   
45.16331658   7.62185779e-21   9.823613112e-21   1.266139795e-20   1.631894458e-20   2.103306075e-20   2.710896176e-20   3.494003162e-20   4.50332927e-20   5.804223286e-20   7.48091155e-20   9.64195119e-20   1.242725865e-19   1.601716856e-19   2.064410954e-19   2.660765272e-19   3.429390751e-19   4.420052024e-19   5.696889421e-19   7.342571739e-19   9.463648627e-19   1.219744914e-18   1.57209731e-18   2.026235096e-18   2.611561407e-18   3.365973177e-18   4.338314771e-18   5.591540414e-18   7.206790161e-18   9.288643303e-18   1.197188935e-17   1.543025499e-17   1.988765199e-17   2.563267438e-17   3.303728344e-17   4.258089034e-17   5.488139561e-17   7.073519506e-17   9.116874242e-17   1.175050071e-16   1.514491296e-16   1.951988211e-16   2.515866539e-16   3.242634565e-16   4.179346861e-16   5.386650834e-16   6.942713341e-16   8.948281599e-16   1.153320606e-15   1.486484757e-15   1.915891316e-15   2.469342196e-15   3.182670556e-15   4.102060818e-15   5.287038875e-15   6.814326093e-15   8.782806633e-15   1.13199297e-14   1.458996126e-14   1.880461938e-14   2.423678197e-14   3.123815423e-14   4.026203978e-14   5.189268978e-14   6.68831303e-14   8.620391693e-14   1.111059734e-13   1.432015825e-13   1.845687734e-13   2.378858635e-13   3.066048662e-13   3.95174991e-13   5.093307078e-13   6.564630248e-13   8.460980191e-13   1.090513602e-12   1.405534453e-12   1.811556587e-12   2.334867893e-12   3.009350145e-12   3.878672675e-12   4.999119741e-12   6.443234654e-12   8.304516585e-12   1.070347417e-11   1.379542785e-11   1.778056606e-11   2.291690644e-11   2.953700118e-11   3.806946811e-11   4.906674151e-11   6.324083951e-11   8.150946361e-11   1.050554153e-10   1.354031764e-10   1.745176118e-10   2.249311843e-10   2.89907919e-10   3.736547324e-10   4.815938093e-10   6.207136616e-10   8.000215995e-10   1.03112691e-09   1.328992497e-09   1.71290366e-09   2.207716712e-09   2.845468308e-09   3.667449651e-09   4.726879893e-09   6.092351805e-09   7.852272809e-09   1.012058892e-08   1.304416215e-08   1.681227912e-08   2.166890635e-08   2.792848587e-08   3.599629374e-08   4.639467953e-08   5.979688577e-08   7.707063683e-08   9.933431944e-08   1.280293921e-07   1.650137117e-07   2.126818188e-07   2.741199703e-07   3.533059554e-07   4.55366632e-07   5.86909855e-07   7.564522857e-07   9.74970777e-07   1.256613025e-06   1.619613489e-06   2.087473859e-06   2.690484471e-06   3.467685124e-06   4.469392151e-06   5.760455231e-06   7.42445455e-06   9.569109658e-06   1.233324955e-05   1.589579413e-05   2.048732676e-05   2.6405004e-05   3.403176292e-05   4.386106101e-05   5.65287365e-05   7.285402863e-05   9.389237503e-05   0.0001210033406   0.0001559379695   0.0002009510394   0.0002589451946   0.0003336558036   0.0004298877117   0.0005538178908   0.0007133813955   0.0009187620139   0.001183013457   0.001522841604   0.001959582605   0.002520414448   0.003239838925   0.004161463564   0.005340093914   0.006844108078   0.008758017265   0.01118500605   0.01424908216   0.01809624354   0.02289380645   0.02882678954   0.03609013558   0.04487576669   0.05535423593   0.06765218816   0.08182881257   0.09785631317   0.1156101005   0.1348729936   0.1553541889   0.1767193718   0.1986251235   0.2207501841   0.2428181559   0.2646095526   0.2859641175   0.3067760964   0.3269855554   0.3465683453   0.3655264691   0.3838797856   0.4016593946   0.4189026601   0.4356496544   0.4519407399   0.4678150146   0.4833093839   0.4984580716   0.5132924256   0.5278409161   0.5421292496   
45.41708543   5.896395156e-21   7.599709462e-21   9.795066711e-21   1.262460524e-20   1.627152342e-20   2.097194086e-20   2.703018593e-20   3.483849951e-20   4.490243062e-20   5.787356814e-20   7.459172796e-20   9.613932679e-20   1.239114632e-19   1.597062433e-19   2.05841199e-19   2.653033364e-19   3.419425297e-19   4.407207811e-19   5.680334851e-19   7.321234987e-19   9.436148246e-19   1.216200462e-18   1.567528958e-18   2.020347066e-18   2.60397248e-18   3.356192007e-18   4.325708078e-18   5.575291977e-18   7.185847976e-18   9.261651468e-18   1.193710029e-17   1.538541627e-17   1.982986054e-17   2.555818848e-17   3.294128051e-17   4.245715469e-17   5.472191596e-17   7.052964591e-17   9.09038155e-17   1.171635497e-16   1.510090341e-16   1.946315935e-16   2.508555692e-16   3.233211805e-16   4.167202112e-16   5.370997785e-16   6.922538536e-16   8.92227882e-16   1.149969176e-15   1.482165186e-15   1.910323934e-15   2.462166543e-15   3.173422045e-15   4.090140655e-15   5.271675289e-15   6.794524368e-15   8.757284708e-15   1.128703516e-14   1.454756434e-14   1.874997511e-14   2.41663524e-14   3.11473794e-14   4.014504246e-14   5.1741895e-14   6.668877486e-14   8.595341729e-14   1.107831109e-13   1.427854535e-13   1.840324356e-13   2.371945919e-13   3.057139042e-13   3.940266534e-13   5.078506456e-13   6.545554113e-13   8.436393459e-13   1.087344683e-12   1.401450116e-12   1.806292391e-12   2.328083009e-12   3.000605285e-12   3.867401654e-12   4.984592818e-12   6.424511282e-12   8.280384521e-12   1.067237099e-11   1.375533977e-11   1.772889757e-11   2.285031228e-11   2.945116972e-11   3.795884218e-11   4.892415865e-11   6.305706818e-11   8.127260555e-11   1.047501351e-10   1.350097088e-10   1.740104817e-10   2.242775576e-10   2.890654766e-10   3.725689305e-10   4.801943476e-10   6.18909932e-10   7.976968197e-10   1.028130562e-09   1.325130583e-09   1.707926139e-09   2.201301316e-09   2.837199672e-09   3.656792422e-09   4.71314407e-09   6.074648062e-09   7.829454919e-09   1.009117954e-08   1.300625717e-08   1.676342438e-08   2.160593875e-08   2.784732859e-08   3.589169224e-08   4.62598614e-08   5.962312222e-08   7.684667755e-08   9.90456642e-08   1.27657352e-07   1.645341989e-07   2.120637874e-07   2.73323406e-07   3.522792849e-07   4.540433838e-07   5.852043557e-07   7.542541137e-07   9.721376128e-07   1.252961438e-06   1.614907059e-06   2.081407875e-06   2.682666201e-06   3.457608388e-06   4.456404557e-06   5.743715939e-06   7.402879844e-06   9.541302799e-06   1.229741037e-05   1.584960255e-05   2.042779263e-05   2.632827365e-05   3.393286991e-05   4.373360493e-05   5.636446921e-05   7.264232131e-05   9.361953176e-05   0.0001206517145   0.000155484825   0.0002003670885   0.0002581927133   0.0003326862122   0.0004286384657   0.0005522084921   0.0007113082815   0.000916092018   0.001179575463   0.00151841592   0.001953887492   0.002513089112   0.003230422184   0.004149367303   0.005324570414   0.006824210357   0.008732551846   0.01115247815   0.01420763432   0.01804359038   0.02282717074   0.02874284781   0.03598498509   0.04474492856   0.05519270987   0.06745457114   0.08158948494   0.09756968152   0.1152708705   0.1344764337   0.1548963434   0.1761971912   0.1980364991   0.2200938955   0.2420937536   0.2638172056   0.2851044528   0.3058500502   0.325994247   0.3455129791   0.3644082601   0.3826999104   0.4004189591   0.4176026805   0.4342910492   0.4505243276   0.4663415165   0.4817794291   0.4968722032   0.5116511084   0.5261445435   
45.67085427   4.56162546e-21   5.879359719e-21   7.577752934e-21   9.766767516e-21   1.258813114e-20   1.622451292e-20   2.091135025e-20   2.695209228e-20   3.473784665e-20   4.477270178e-20   5.770636404e-20   7.437622296e-20   9.586156804e-20   1.235534672e-19   1.592448316e-19   2.052464975e-19   2.645368413e-19   3.409546142e-19   4.394474826e-19   5.66392364e-19   7.300083007e-19   9.408886012e-19   1.212686704e-18   1.563000168e-18   2.014510027e-18   2.596449272e-18   3.346495541e-18   4.313210556e-18   5.559184249e-18   7.165087146e-18   9.234893378e-18   1.190261248e-17   1.534096585e-17   1.977256955e-17   2.548434762e-17   3.284610896e-17   4.233449056e-17   5.456381738e-17   7.032587679e-17   9.064118281e-17   1.168250493e-16   1.505727498e-16   1.940692781e-16   2.501308155e-16   3.223870645e-16   4.155162535e-16   5.355480289e-16   6.902538441e-16   8.89650122e-16   1.146646768e-15   1.477883023e-15   1.904804765e-15   2.455053031e-15   3.164253625e-15   4.078323718e-15   5.256444747e-15   6.774894122e-15   8.731983797e-15   1.125442548e-14   1.450553458e-14   1.869580404e-14   2.409653273e-14   3.105739065e-14   4.002905832e-14   5.159240608e-14   6.64961025e-14   8.570508692e-14   1.104630444e-13   1.423729281e-13   1.835007425e-13   2.365093065e-13   3.048306578e-13   3.928882603e-13   5.063834004e-13   6.526643174e-13   8.412019644e-13   1.084203205e-12   1.397401148e-12   1.801073782e-12   2.321356881e-12   2.991936155e-12   3.856228238e-12   4.970191694e-12   6.405950051e-12   8.256461435e-12   1.064153715e-11   1.371559884e-11   1.767767653e-11   2.278429482e-11   2.936608154e-11   3.784917425e-11   4.878281053e-11   6.287488829e-11   8.103779865e-11   1.044474987e-10   1.346196486e-10   1.735077433e-10   2.236295911e-10   2.882303296e-10   3.714925314e-10   4.78807005e-10   6.171218224e-10   7.95392172e-10   1.025160162e-09   1.321302112e-09   1.702991723e-09   2.194941476e-09   2.829002641e-09   3.646227484e-09   4.699527197e-09   6.05709763e-09   7.806834627e-09   1.006202483e-08   1.296868044e-08   1.671499271e-08   2.154351644e-08   2.776687411e-08   3.578799657e-08   4.612621077e-08   5.945086343e-08   7.662465772e-08   9.875950867e-08   1.272885336e-07   1.640588387e-07   2.114511082e-07   2.725337399e-07   3.512615052e-07   4.527315946e-07   5.835136257e-07   7.520749774e-07   9.693289833e-07   1.249341472e-06   1.610241387e-06   2.075394422e-06   2.674915635e-06   3.447618915e-06   4.443529433e-06   5.727121606e-06   7.381491971e-06   9.513736743e-06   1.226188156e-05   1.580381098e-05   2.036877405e-05   2.625220778e-05   3.38348333e-05   4.360725259e-05   5.620162446e-05   7.243244736e-05   9.334905128e-05   0.0001203031335   0.0001550356048   0.0001997881945   0.0002574467485   0.0003317250174   0.0004274000382   0.0005506130311   0.000709253121   0.0009134451453   0.001176167243   0.001514028566   0.001948241704   0.002505827223   0.003221087007   0.004137375822   0.005309181392   0.006804485024   0.00870730708   0.01112023215   0.01416654575   0.01799139374   0.02276111297   0.02865963442   0.03588074745   0.04461522702   0.05503258809   0.06725867384   0.08135224245   0.09728555062   0.114934605   0.1340833459   0.1544425152   0.1756796034   0.1974530658   0.2194434117   0.2413757787   0.2630319124   0.2842524683   0.3049323078   0.3250118618   0.3444671498   0.3633001965   0.3815307839   0.3991898705   0.4163146422   0.4329449761   0.4491210357   0.4648817249   0.4802637654   0.4953012102   0.5100252507   
45.92462312   3.529066866e-21   4.54852196e-21   5.862470962e-21   7.555985456e-21   9.738711983e-21   1.25519711e-20   1.617790718e-20   2.085128134e-20   2.687467104e-20   3.463806044e-20   4.464408994e-20   5.754059959e-20   7.416257351e-20   9.558620084e-20   1.231985537e-19   1.587873928e-19   2.046569166e-19   2.637769458e-19   3.399752049e-19   4.381851475e-19   5.647653734e-19   7.27911315e-19   9.381858512e-19   1.2092032e-18   1.558510371e-18   2.008723245e-18   2.58899084e-18   3.336882564e-18   4.300820641e-18   5.543215212e-18   7.144505071e-18   9.208365681e-18   1.186842163e-17   1.529689815e-17   1.971577184e-17   2.541114255e-17   3.275175686e-17   4.22128826e-17   5.440708006e-17   7.012386216e-17   9.038081143e-17   1.164894634e-16   1.501402219e-16   1.935118043e-16   2.494123021e-16   3.214609914e-16   4.143226621e-16   5.340096402e-16   6.882710551e-16   8.870945572e-16   1.143352968e-15   1.473637729e-15   1.899333117e-15   2.448000767e-15   3.155164147e-15   4.066608527e-15   5.241345345e-15   6.755432897e-15   8.706900733e-15   1.122209658e-14   1.44638667e-14   1.86420994e-14   2.402731422e-14   3.096817673e-14   3.991407283e-14   5.144420429e-14   6.630508909e-14   8.545889473e-14   1.101457337e-13   1.419639547e-13   1.829736274e-13   2.358299216e-13   3.039550164e-13   3.917596689e-13   5.049287885e-13   6.507895062e-13   8.387855693e-13   1.081088777e-12   1.393387043e-12   1.795900107e-12   2.314688666e-12   2.983341667e-12   3.845151028e-12   4.955914568e-12   6.387548636e-12   8.232744333e-12   1.06109688e-11   1.367620009e-11   1.762689651e-11   2.271884578e-11   2.928172599e-11   3.774045059e-11   4.864267944e-11   6.2694277e-11   8.080501348e-11   1.041474679e-10   1.342329468e-10   1.730093335e-10   2.229872039e-10   2.874023735e-10   3.704254004e-10   4.774316077e-10   6.153491089e-10   7.931073679e-10   1.022215337e-09   1.317506605e-09   1.698099793e-09   2.188636396e-09   2.820876188e-09   3.635753511e-09   4.686027568e-09   6.039698312e-09   7.7844091e-09   1.003312116e-08   1.293142725e-08   1.666697805e-08   2.148163161e-08   2.768711236e-08   3.568519374e-08   4.59937109e-08   5.928008782e-08   7.640454952e-08   9.847581699e-08   1.269228909e-07   1.635875714e-07   2.108437042e-07   2.71750873e-07   3.502524888e-07   4.514311002e-07   5.818374533e-07   7.499146039e-07   9.665445367e-07   1.245752675e-06   1.605615887e-06   2.069432746e-06   2.667231804e-06   3.437715454e-06   4.430765166e-06   5.710670153e-06   7.360288252e-06   9.486408036e-06   1.222665866e-05   1.575841369e-05   2.031026364e-05   2.617679686e-05   3.373764081e-05   4.348198819e-05   5.604018183e-05   7.222438046e-05   9.308089971e-05   0.0001199575538   0.0001545902525   0.000199214285   0.0002567072067   0.000330772099   0.0004261722742   0.0005490313078   0.0007072156568   0.000910821064   0.001172788371   0.001509678991   0.001942644534   0.00249862787   0.003211832224   0.004125487618   0.005293924919   0.006784929606   0.008682279802   0.01108826399   0.01412581129   0.01793964706   0.02269562485   0.02857713891   0.03577740952   0.0444866457   0.05487385037   0.06706447148   0.08111705501   0.09700388435   0.1146012611   0.1336936798   0.1539926459   0.1751665416   0.1968747479   0.2187986477   0.240664137   0.2622535693   0.2834080507   0.3040227462   0.3240382671   0.3434307152   0.3622021266   0.3803722447   0.3979719581   0.4150383647   0.431611245   0.4477306641   0.4634354302   0.4787621738   0.4937448635   
46.17839196   2.73028063e-21   3.518987277e-21   4.535530642e-21   5.845726792e-21   7.534404333e-21   9.710896639e-21   1.251612063e-20   1.613170045e-20   2.079172669e-20   2.679791261e-20   3.453912851e-20   4.451657916e-20   5.737625429e-20   7.395075314e-20   9.531319112e-20   1.228466786e-19   1.583338702e-19   2.040723832e-19   2.63023556e-19   3.390041804e-19   4.369336195e-19   5.631523117e-19   7.25832282e-19   9.355062399e-19   1.205749519e-18   1.554059012e-18   2.002986005e-18   2.581596262e-18   3.327351885e-18   4.288536799e-18   5.527382888e-18   7.124099204e-18   9.182065091e-18   1.183452349e-17   1.525320772e-17   1.965946039e-17   2.53385642e-17   3.265821251e-17   4.209231574e-17   5.425168459e-17   6.992357701e-17   9.012266915e-17   1.161567506e-16   1.497113971e-16   1.929591031e-16   2.4869994e-16   3.205428465e-16   4.131392892e-16   5.324844218e-16   6.863052411e-16   8.845608709e-16   1.140087366e-15   1.46942878e-15   1.893908313e-15   2.441008879e-15   3.146152485e-15   4.054993632e-15   5.22637521e-15   6.736138282e-15   8.682032409e-15   1.119004444e-14   1.442255554e-14   1.858885453e-14   2.395868831e-14   3.087972658e-14   3.980007175e-14   5.129727128e-14   6.611571098e-14   8.521481024e-14   1.098311396e-13   1.415584826e-13   1.824510249e-13   2.35156353e-13   3.030868715e-13   3.906407396e-13   5.034866298e-13   6.489307456e-13   8.363898614e-13   1.078001012e-12   1.389407303e-12   1.790770724e-12   2.308077539e-12   2.974820758e-12   3.834168652e-12   4.94175967e-12   6.369304759e-12   8.209230277e-12   1.058066214e-11   1.363713864e-11   1.757655123e-11   2.265395707e-11   2.919809262e-11   3.763265773e-11   4.850374804e-11   6.251521195e-11   8.057422123e-11   1.038500058e-10   1.338495557e-10   1.725151907e-10   2.223503162e-10   2.865815056e-10   3.693674052e-10   4.760679854e-10   6.135915718e-10   7.908421243e-10   1.019295724e-09   1.313743592e-09   1.693249744e-09   2.182385295e-09   2.812819307e-09   3.625369208e-09   4.672643511e-09   6.022447951e-09   7.762175562e-09   1.000446493e-08   1.289449299e-08   1.661937445e-08   2.142027657e-08   2.760803347e-08   3.558327103e-08   4.586234539e-08   5.911077425e-08   7.61863257e-08   9.819455405e-08   1.265603785e-07   1.631203387e-07   2.102415003e-07   2.709747083e-07   3.492521107e-07   4.501417396e-07   5.801756309e-07   7.477727258e-07   9.637839282e-07   1.242194603e-06   1.601029986e-06   2.063522109e-06   2.659613755e-06   3.427896777e-06   4.418110177e-06   5.694359545e-06   7.339266061e-06   9.459313295e-06   1.21917373e-05   1.571340505e-05   2.025225414e-05   2.610203153e-05   3.36412804e-05   4.335779619e-05   5.588012135e-05   7.201809488e-05   9.281504384e-05   0.0001196149327   0.0001541487129   0.0001986452889   0.0002559739964   0.0003298273388   0.0004249550215   0.0005474631264   0.0007051956364   0.0009082194492   0.001169438429   0.001505366658   0.001937095289   0.002491490162   0.00320265669   0.004113701219   0.005278799104   0.006765541679   0.008657466908   0.01105656972   0.01408542589   0.01788834393   0.02263069823   0.02849535102   0.03567495846   0.0443591686   0.05471647692   0.06687193979   0.08088389318   0.09672464733   0.1142707968   0.1333073861   0.1535466785   0.1746579404   0.1963014713   0.2181595205   0.239958736   0.2614820747   0.2825710888   0.3031212451   0.3230733329   0.3424035362   0.3611139016   0.3792241347   0.3967650544   0.4137736712   0.4302896697   0.4463530174   0.4620024272   0.4772744396   
46.4321608   2.112329895e-21   2.722526741e-21   3.508993493e-21   4.522649915e-21   5.82912516e-21   7.513006924e-21   9.683318078e-21   1.248057535e-20   1.608588706e-20   2.073267902e-20   2.67218076e-20   3.444103875e-20   4.439015384e-20   5.7213308e-20   7.374073594e-20   9.504250543e-20   1.224977989e-19   1.578842083e-19   2.034928257e-19   2.622765795e-19   3.38041422e-19   4.356927454e-19   5.615529814e-19   7.237709471e-19   9.328494393e-19   1.202325238e-18   1.549645546e-18   1.997297604e-18   2.574264631e-18   3.317902338e-18   4.276357524e-18   5.51168534e-18   7.103867045e-18   9.155988391e-18   1.180091391e-17   1.520988922e-17   1.960362831e-17   2.526660368e-17   3.256546449e-17   4.197277524e-17   5.409761196e-17   6.972499682e-17   8.986672434e-17   1.1582687e-16   1.492862226e-16   1.924111069e-16   2.479936421e-16   3.196325176e-16   4.1196599e-16   5.309721872e-16   6.843561614e-16   8.820487531e-16   1.136849563e-15   1.465255661e-15   1.888529689e-15   2.43407651e-15   3.137217537e-15   4.043477611e-15   5.211532512e-15   6.717007917e-15   8.657375782e-15   1.115826516e-14   1.438159606e-14   1.853606292e-14   2.389064658e-14   3.079202938e-14   3.968704113e-14   5.115158907e-14   6.592794498e-14   8.497280356e-14   1.095192235e-13   1.411564621e-13   1.819328713e-13   2.344885183e-13   3.022261168e-13   3.895313354e-13   5.020567478e-13   6.47087808e-13   8.340145474e-13   1.074939532e-12   1.385461441e-12   1.785685007e-12   2.30152269e-12   2.966372385e-12   3.823279765e-12   4.927725269e-12   6.351216186e-12   8.185916389e-12   1.055061348e-11   1.359840971e-11   1.752663452e-11   2.258962073e-11   2.911517119e-11   3.752578247e-11   4.836599932e-11   6.233767123e-11   8.034539364e-11   1.03555076e-10   1.334694283e-10   1.720252544e-10   2.217188501e-10   2.857676255e-10   3.683184164e-10   4.747159712e-10   6.118489961e-10   7.88596164e-10   1.016400965e-09   1.310012612e-09   1.688440982e-09   2.176187407e-09   2.804831012e-09   3.615073303e-09   4.659373389e-09   6.005344438e-09   7.740131292e-09   9.97605265e-09   1.285787314e-08   1.657217609e-08   2.135944384e-08   2.752962775e-08   3.548221595e-08   4.573209814e-08   5.8942902e-08   7.596995956e-08   9.791568541e-08   1.26200952e-07   1.626570834e-07   2.096444227e-07   2.702051508e-07   3.482602486e-07   4.488633548e-07   5.785279551e-07   7.456490808e-07   9.610468199e-07   1.238666819e-06   1.596483124e-06   2.057661787e-06   2.652060556e-06   3.418161684e-06   4.405562916e-06   5.678187783e-06   7.318422827e-06   9.432449203e-06   1.215711322e-05   1.566877956e-05   2.019473847e-05   2.602790267e-05   3.354574028e-05   4.323466141e-05   5.572142342e-05   7.181356534e-05   9.255145114e-05   0.0001192752283   0.0001537109321   0.0001980811365   0.0002552470277   0.0003288906212   0.0004237481312   0.0005459082949   0.0007031928127   0.0009056399825   0.001166117006   0.001501091038   0.001931593288   0.002484413225   0.003193559281   0.00410201518   0.005263802095   0.006746318868   0.008632865358   0.01102514545   0.0140453846   0.01783747804   0.02256632515   0.02841426071   0.03557338167   0.04423278002   0.05456044833   0.06668105498   0.08065272806   0.09644780488   0.1139431709   0.1329244166   0.1531045568   0.1741537355   0.1957331632   0.2175259485   0.2392594854   0.2607173288   0.2817414741   0.3022276864   0.3221169321   0.3413854762   0.3600353761   0.3780862991   0.3955689954   0.4125203884   0.4289800677   0.4449879039   0.4605825152   
46.68592965   1.634267635e-21   2.106364801e-21   2.714838487e-21   3.499084304e-21   4.50987822e-21   5.812664056e-21   7.491790638e-21   9.655972962e-21   1.244533094e-20   1.604046147e-20   2.067413116e-20   2.66463468e-20   3.43437793e-20   4.426479868e-20   5.705174102e-20   7.353249648e-20   9.477411104e-20   1.221518723e-19   1.574383527e-19   2.029181741e-19   2.61535926e-19   3.370868131e-19   4.344623749e-19   5.599671891e-19   7.217270609e-19   9.302151278e-19   1.198929943e-18   1.545269439e-18   1.991657354e-18   2.56699506e-18   3.308532778e-18   4.264281344e-18   5.496120668e-18   7.083806145e-18   9.130132423e-18   1.176758883e-17   1.516693739e-17   1.954826882e-17   2.519525229e-17   3.247350155e-17   4.185424661e-17   5.394484352e-17   6.952809757e-17   8.961294604e-17   1.154997818e-16   1.488646472e-16   1.918677494e-16   2.472933227e-16   3.187298943e-16   4.108026225e-16   5.294727532e-16   6.824235802e-16   8.795578998e-16   1.133639167e-15   1.461117866e-15   1.883196593e-15   2.427202823e-15   3.128358221e-15   4.03205907e-15   5.196815453e-15   6.698039485e-15   8.632927866e-15   1.112675488e-14   1.434098328e-14   1.848371818e-14   2.382318082e-14   3.070507452e-14   3.957496728e-14   5.100714001e-14   6.574176837e-14   8.47328454e-14   1.092099478e-13   1.407578446e-13   1.814191036e-13   2.338263366e-13   3.013726481e-13   3.88431322e-13   5.006389693e-13   6.452604704e-13   8.316593398e-13   1.071903966e-12   1.38154898e-12   1.780642338e-12   2.295023326e-12   2.957995526e-12   3.81248305e-12   4.913809665e-12   6.333280728e-12   8.162799847e-12   1.052081918e-11   1.35600086e-11   1.747714035e-11   2.252582898e-11   2.903295168e-11   3.741981189e-11   4.822941661e-11   6.216163334e-11   8.011850301e-11   1.032626426e-10   1.330925185e-10   1.715394653e-10   2.210927292e-10   2.849606346e-10   3.672783071e-10   4.733754015e-10   6.101211708e-10   7.863692153e-10   1.013530709e-09   1.306313214e-09   1.683672925e-09   2.170041983e-09   2.796910335e-09   3.604864551e-09   4.646215595e-09   5.988385702e-09   7.71827362e-09   9.947880869e-09   1.282156327e-08   1.652537725e-08   2.129912604e-08   2.745188571e-08   3.538201628e-08   4.560295341e-08   5.877645074e-08   7.57554249e-08   9.763917732e-08   1.25844568e-07   1.621977494e-07   2.090523993e-07   2.694421075e-07   3.472767822e-07   4.475957913e-07   5.768942264e-07   7.43543412e-07   9.583328805e-07   1.235168897e-06   1.59197475e-06   2.051851071e-06   2.644571293e-06   3.408508996e-06   4.393121864e-06   5.662152912e-06   7.297756024e-06   9.405812509e-06   1.212278223e-05   1.562453181e-05   2.013770965e-05   2.595440129e-05   3.345100889e-05   4.311256893e-05   5.556406884e-05   7.161076711e-05   9.229008969e-05   0.0001189383994   0.000153276857   0.0001975217596   0.0002545262127   0.0003279618329   0.0004225514572   0.0005443666252   0.000701206943   0.0009030823515   0.001162823699   0.001496851613   0.001926137866   0.002477396202   0.003184538895   0.004090428086   0.005248932075   0.006727258845   0.008608472171   0.01099398736   0.01400568256   0.01778704322   0.02250249779   0.02833385813   0.03547266678   0.04410746456   0.05440574556   0.06649179372   0.08042353136   0.09617332302   0.1136183431   0.1325447239   0.1526662261   0.1736538642   0.1951697524   0.2168978519   0.2385662965   0.2599592343   0.2809190999   0.3013419546   0.3211689402   0.3403764018   0.3589664073   0.3769585865   0.3943836206   0.411278347   0.4276822607   0.4436351361   
46.93969849   1.264420455e-21   1.629678447e-21   2.100449916e-21   2.707214948e-21   3.489258523e-21   4.497214029e-21   5.796341511e-21   7.470752937e-21   9.628858019e-21   1.24103832e-20   1.599541824e-20   2.061607612e-20   2.657152118e-20   3.424733852e-20   4.414049868e-20   5.689153399e-20   7.332600983e-20   9.450797581e-20   1.218088576e-19   1.5699625e-19   2.023483594e-19   2.608015069e-19   3.361402394e-19   4.332423609e-19   5.58394745e-19   7.197003788e-19   9.276029902e-19   1.195563227e-18   1.540930167e-18   1.98606458e-18   2.55978668e-18   3.299242086e-18   4.252306814e-18   5.480687008e-18   7.063914106e-18   9.104494093e-18   1.173454426e-17   1.512434711e-17   1.949337532e-17   2.512450149e-17   3.238231269e-17   4.173671568e-17   5.379336097e-17   6.933285568e-17   8.936130388e-17   1.151754468e-16   1.484466203e-16   1.913289654e-16   2.465988982e-16   3.178348687e-16   4.096490475e-16   5.279859405e-16   6.805072662e-16   8.770880128e-16   1.130455794e-15   1.4570149e-15   1.877908388e-15   2.420386993e-15   3.119573476e-15   4.020736643e-15   5.182222273e-15   6.679230717e-15   8.608685737e-15   1.109550984e-14   1.430071236e-14   1.843181404e-14   2.375628293e-14   3.061885158e-14   3.946383679e-14   5.086390684e-14   6.555715888e-14   8.449490705e-14   1.089032752e-13   1.403625825e-13   1.809096605e-13   2.331697287e-13   3.005263635e-13   3.873405678e-13   4.992331248e-13   6.434485142e-13   8.293239568e-13   1.068893952e-12   1.377669452e-12   1.775642115e-12   2.28857867e-12   2.949689177e-12   3.801777214e-12   4.900011194e-12   6.315496239e-12   8.139877884e-12   1.049127566e-11   1.352193074e-11   1.742806278e-11   2.246257419e-11   2.895142423e-11   3.73147333e-11   4.809398356e-11   6.198707723e-11   7.98935222e-11   1.029726707e-10   1.327187814e-10   1.710577653e-10   2.204718786e-10   2.841604365e-10   3.662469527e-10   4.720461158e-10   6.084078892e-10   7.841610115e-10   1.010684613e-09   1.302644955e-09   1.678945002e-09   2.163948287e-09   2.78905633e-09   3.594741729e-09   4.633168555e-09   5.971569713e-09   7.696599932e-09   9.91994622e-09   1.278555903e-08   1.647897233e-08   2.123931595e-08   2.737479806e-08   3.528266002e-08   4.547489573e-08   5.861140056e-08   7.554269605e-08   9.73649967e-08   1.254911838e-07   1.617422818e-07   2.084653592e-07   2.68685487e-07   3.463015941e-07   4.463388973e-07   5.752742493e-07   7.414554672e-07   9.556417853e-07   1.231700419e-06   1.587504324e-06   2.046089266e-06   2.637145069e-06   3.398937558e-06   4.380785532e-06   5.646253011e-06   7.277263182e-06   9.379400025e-06   1.208874021e-05   1.55806565e-05   2.008116086e-05   2.588151859e-05   3.335707488e-05   4.299150415e-05   5.540803876e-05   7.14096759e-05   9.203092822e-05   0.0001186044057   0.0001528464357   0.0001969670913   0.0002538114652   0.0003270408626   0.0004213648563   0.0005428379326   0.0006992377899   0.0009005462503   0.001159558116   0.001492647876   0.00192072837   0.002470438253   0.003175594452   0.004078938551   0.005234187263   0.006708359326   0.008584284425   0.01096309174   0.01396631502   0.01773703343   0.0224392085   0.02825413361   0.03537280169   0.04398320714   0.05425234996   0.06630413316   0.08019627532   0.09590116843   0.1132962739   0.1321682617   0.1522316325   0.1731582649   0.1946111691   0.2162751525   0.2378790823   0.2592076955   0.2801038619   0.3004639365   0.320229235   0.3393761821   0.3579068558   0.3758408482   0.3932087727   0.4100473807   0.4263960737   
47.19346734   9.782878687e-22   1.260889641e-21   1.625127673e-21   2.094584543e-21   2.699655221e-21   3.479514989e-21   4.484655843e-21   5.780155593e-21   7.449891331e-21   9.601970041e-21   1.237572799e-20   1.595075205e-20   2.055850703e-20   2.649732188e-20   3.415170498e-20   4.401723912e-20   5.673266797e-20   7.312125158e-20   9.424406825e-20   1.214687141e-19   1.565578478e-19   2.017833144e-19   2.600732351e-19   3.35201589e-19   4.320325589e-19   5.568354629e-19   7.176906609e-19   9.250127174e-19   1.192224692e-18   1.536627217e-18   1.98051862e-18   2.552638637e-18   3.290029161e-18   4.240432515e-18   5.465382536e-18   7.044188571e-18   9.079070368e-18   1.170177628e-17   1.508211332e-17   1.94389413e-17   2.50543429e-17   3.229188713e-17   4.162016853e-17   5.364314641e-17   6.913924806e-17   8.911176808e-17   1.148538266e-16   1.480320925e-16   1.907946914e-16   2.459102864e-16   3.169473349e-16   4.085051283e-16   5.265115731e-16   6.786069926e-16   8.746387999e-16   1.127299068e-15   1.452946278e-15   1.872664447e-15   2.413628215e-15   3.110862264e-15   4.00950899e-15   5.167751245e-15   6.660579387e-15   8.584646525e-15   1.106452633e-14   1.426077852e-14   1.838034437e-14   2.368994501e-14   3.053335037e-14   3.935363652e-14   5.072187259e-14   6.537409465e-14   8.425896036e-14   1.085991697e-13   1.399706288e-13   1.804044817e-13   2.32518617e-13   2.996871626e-13   3.862589438e-13   4.978390478e-13   6.416517248e-13   8.27008122e-13   1.065909133e-12   1.373822397e-12   1.770683747e-12   2.282187959e-12   2.941452356e-12   3.791160991e-12   4.886328222e-12   6.297860615e-12   8.117147789e-12   1.046197943e-11   1.34841716e-11   1.737939602e-11   2.239984887e-11   2.88705792e-11   3.721053426e-11   4.795968415e-11   6.181398223e-11   7.967042458e-11   1.02685126e-10   1.323481726e-10   1.705800972e-10   2.198562248e-10   2.833669364e-10   3.652242312e-10   4.707279568e-10   6.067089486e-10   7.819712913e-10   1.00786234e-09   1.299007402e-09   1.674256654e-09   2.157905598e-09   2.781268066e-09   3.584703639e-09   4.620230724e-09   5.954894481e-09   7.675107662e-09   9.892245396e-09   1.274985616e-08   1.643295584e-08   2.11800065e-08   2.729835566e-08   3.518413542e-08   4.534790996e-08   5.844773192e-08   7.533174784e-08   9.709311109e-08   1.251407576e-07   1.612906267e-07   2.078832328e-07   2.679351997e-07   3.453345687e-07   4.450925241e-07   5.736678322e-07   7.393849995e-07   9.529732157e-07   1.228260973e-06   1.583071318e-06   2.04037569e-06   2.629781007e-06   3.389446237e-06   4.368552461e-06   5.6304862e-06   7.256941874e-06   9.353208626e-06   1.205498314e-05   1.553714846e-05   2.002508541e-05   2.580924596e-05   3.326392714e-05   4.287145274e-05   5.525331473e-05   7.121026793e-05   9.177393606e-05   0.0001182732078   0.0001524196173   0.0001964170658   0.0002531027006   0.0003261276015   0.000420188188   0.0005413220363   0.0006972851202   0.0008980313786   0.001156319869   0.00148847933   0.001915364159   0.002463538555   0.003166724893   0.004067545214   0.005219565914   0.006689618074   0.008560299255   0.01093245491   0.0139272773   0.01768744274   0.02237644976   0.02817507768   0.03527377453   0.04385999297   0.05410024325   0.06611805087   0.07997093275   0.09563130843   0.1129769244   0.1317949843   0.1518007234   0.172666877   0.1940573449   0.2156577735   0.2371977579   0.2584626187   0.2792956576   0.2995935212   0.319297697   0.3383846888   0.3568565845   0.3747329389   0.3920442976   0.408827327   
47.44723618   7.569175397e-22   9.755712153e-22   1.257388218e-21   1.62061478e-21   2.088767993e-21   2.692158422e-21   3.469852561e-21   4.472202192e-21   5.764104409e-21   7.429203379e-21   9.575305881e-21   1.234136125e-20   1.590645766e-20   2.050141715e-20   2.642374023e-20   3.405686752e-20   4.389500559e-20   5.657512437e-20   7.291819775e-20   9.398235748e-20   1.211314019e-19   1.56123095e-19   2.012229729e-19   2.593510256e-19   3.34270752e-19   4.308328275e-19   5.552891604e-19   7.156976721e-19   9.224440063e-19   1.188913948e-18   1.532360084e-18   1.975018825e-18   2.545550096e-18   3.280892925e-18   4.22865706e-18   5.450205459e-18   7.024627234e-18   9.053858273e-18   1.166928107e-17   1.504023109e-17   1.938496039e-17   2.498476833e-17   3.220221427e-17   4.150459154e-17   5.349418224e-17   6.894725204e-17   8.886430944e-17   1.145348837e-16   1.476210152e-16   1.902648647e-16   2.452274066e-16   3.16067189e-16   4.073707313e-16   5.250494785e-16   6.767225371e-16   8.722099744e-16   1.124168618e-15   1.448911523e-15   1.867464157e-15   2.406925698e-15   3.102223565e-15   3.998374796e-15   5.153400674e-15   6.642083312e-15   8.560807419e-15   1.103380072e-14   1.42211771e-14   1.832930313e-14   2.362415929e-14   3.044856088e-14   3.924435356e-14   5.058102064e-14   6.519255427e-14   8.402497771e-14   1.082975956e-13   1.395819378e-13   1.799035081e-13   2.318729251e-13   2.988549472e-13   3.851863232e-13   4.964565752e-13   6.398698921e-13   8.247115644e-13   1.06294916e-12   1.370007365e-12   1.765766652e-12   2.275850444e-12   2.933284099e-12   3.780633139e-12   4.872759148e-12   6.280371791e-12   8.094606901e-12   1.043292707e-11   1.344672677e-11   1.733113436e-11   2.233764568e-11   2.879040714e-11   3.710720258e-11   4.782650265e-11   6.164232809e-11   7.944918405e-11   1.023999749e-10   1.319806487e-10   1.701064054e-10   2.192456957e-10   2.825800415e-10   3.642100229e-10   4.694207703e-10   6.050241501e-10   7.797997986e-10   1.005063559e-09   1.295400127e-09   1.669607333e-09   2.151913209e-09   2.773544633e-09   3.574749108e-09   4.607400589e-09   5.938358056e-09   7.653794296e-09   9.864775157e-09   1.271445049e-08   1.638732239e-08   2.112119075e-08   2.722254958e-08   3.508643095e-08   4.522198122e-08   5.828542568e-08   7.512255558e-08   9.682348868e-08   1.247932484e-07   1.608427312e-07   2.073059521e-07   2.671911579e-07   3.44375593e-07   4.438565258e-07   5.720747871e-07   7.373317666e-07   9.503268596e-07   1.224850157e-06   1.578675213e-06   2.034709675e-06   2.622478244e-06   3.380033923e-06   4.35642122e-06   5.614850633e-06   7.236789722e-06   9.327235247e-06   1.202150706e-05   1.549400258e-05   1.996947673e-05   2.573757493e-05   3.317155478e-05   4.275240065e-05   5.509987864e-05   7.101251985e-05   9.151908315e-05   0.0001179447667   0.0001519963518   0.0001958716188   0.0002523998359   0.0003252219426   0.0004190213147   0.000539818759   0.0006953487055   0.0008955374421   0.00115310858   0.001484345487   0.001910044606   0.002456696299   0.00315792918   0.004056246741   0.005205066316   0.006671032894   0.00853651385   0.01090207328   0.01388856483   0.01763826533   0.0223142142   0.02809668107   0.03517557366   0.04373780755   0.05394940749   0.06593352489   0.07974747696   0.09536371102   0.1126602566   0.1314248473   0.151373447   0.1721796414   0.1935082128   0.2150456398   0.2365222397   0.257723912   0.278494387   0.2987305998   0.318374209   0.3374017963   0.3558154595   0.3736347161   0.3908900444   
47.70100503   5.856486434e-22   7.548272154e-22   9.728770511e-22   1.25391578e-21   1.616139245e-21   2.082999594e-21   2.684723683e-21   3.460270121e-21   4.459851635e-21   5.7481861e-21   7.408686687e-21   9.548862453e-21   1.230727901e-20   1.586252995e-20   2.044479987e-20   2.63507677e-20   3.396281514e-20   4.377378393e-20   5.641888496e-20   7.271682486e-20   9.372281323e-20   1.207968821e-19   1.556919412e-19   2.0066727e-19   2.586347947e-19   3.333476207e-19   4.296430277e-19   5.537556586e-19   7.137211817e-19   9.198965596e-19   1.18563061e-18   1.528128277e-18   1.969564559e-18   2.538520235e-18   3.271832321e-18   4.216979084e-18   5.435154022e-18   7.005227831e-18   9.028854889e-18   1.163705486e-17   1.499869558e-17   1.933142635e-17   2.49157697e-17   3.211328375e-17   4.138997132e-17   5.334645124e-17   6.875684542e-17   8.861889932e-17   1.14218581e-16   1.47213341e-16   1.89739424e-16   2.445501798e-16   3.151943292e-16   4.062457251e-16   5.235994874e-16   6.748536815e-16   8.698012554e-16   1.121064083e-15   1.444910169e-15   1.862306917e-15   2.400278666e-15   3.093656379e-15   3.987332775e-15   5.139168901e-15   6.623740352e-15   8.537165658e-15   1.100332948e-14   1.418190351e-14   1.827868442e-14   2.355891816e-14   3.03644733e-14   3.913597528e-14   5.044133471e-14   6.501251672e-14   8.379293202e-14   1.07998518e-13   1.391964645e-13   1.794066816e-13   2.312325785e-13   2.980296212e-13   3.841225821e-13   4.950855471e-13   6.381028098e-13   8.224340183e-13   1.060013691e-12   1.366223915e-12   1.760890263e-12   2.269565393e-12   2.925183462e-12   3.770192438e-12   4.859302403e-12   6.263027743e-12   8.072252613e-12   1.040411522e-11   1.340959192e-11   1.728327222e-11   2.227595742e-11   2.871089876e-11   3.700472631e-11   4.769442367e-11   6.147209494e-11   7.9229775e-11   1.021171843e-10   1.316161673e-10   1.696366349e-10   2.186402208e-10   2.817996607e-10   3.632042105e-10   4.68124405e-10   6.033532988e-10   7.776462821e-10   1.002287948e-09   1.291822714e-09   1.664996499e-09   2.145970426e-09   2.765885136e-09   3.564876983e-09   4.594676665e-09   5.921958523e-09   7.632657368e-09   9.837532323e-09   1.267933792e-08   1.634206671e-08   2.106286189e-08   2.714737104e-08   3.498953529e-08   4.509709496e-08   5.812446304e-08   7.491509507e-08   9.655609827e-08   1.244486159e-07   1.603985435e-07   2.067334503e-07   2.664532754e-07   3.434245559e-07   4.426307593e-07   5.704949296e-07   7.352955308e-07   9.477024107e-07   1.221467577e-06   1.5743155e-06   2.029090564e-06   2.615235934e-06   3.370699526e-06   4.344390404e-06   5.599344502e-06   7.216804395e-06   9.301476882e-06   1.198830811e-05   1.545121387e-05   1.99143284e-05   2.566649721e-05   3.30799471e-05   4.263433411e-05   5.494771274e-05   7.081640879e-05   9.126633998e-05   0.0001176190447   0.0001515765902   0.0001953306873   0.0002517027897   0.0003243237811   0.0004178641013   0.0005383279265   0.0006934283216   0.0008930641523   0.001149923876   0.001480245867   0.001904769096   0.002449910695   0.003149206296   0.004045041824   0.005190686789   0.006652601632   0.008512925455   0.01087194334   0.01385017313   0.01758949549   0.0222524946   0.02801893467   0.03507818765   0.04361663665   0.0537998251   0.06575053366   0.07952588181   0.09509834478   0.1123462333   0.1310578069   0.1509497527   0.1716965001   0.1929637069   0.2144386776   0.2358524459   0.2569914855   0.2776999516   0.2978750658   0.3174586561   0.3364273814   0.3547833492   0.37254604   
47.95477387   4.531399084e-22   5.840401734e-22   7.527541006e-22   9.702050676e-22   1.25047193e-21   1.611700558e-21   2.077278685e-21   2.677350154e-21   3.450766572e-21   4.44760276e-21   5.732398844e-21   7.388338906e-21   9.522636732e-21   1.227347736e-20   1.581896389e-20   2.038864872e-20   2.627839595e-20   3.386953708e-20   4.365356029e-20   5.626393184e-20   7.251710984e-20   9.346540577e-20   1.204651164e-19   1.55264337e-19   2.001161421e-19   2.579244604e-19   3.324320895e-19   4.284630235e-19   5.52234782e-19   7.117609636e-19   9.173700858e-19   1.182374304e-18   1.523931309e-18   1.964155197e-18   2.53154825e-18   3.262846312e-18   4.205397252e-18   5.420226502e-18   6.985988141e-18   9.004057356e-18   1.160509397e-17   1.495750202e-17   1.927833306e-17   2.484733914e-17   3.202508539e-17   4.127629476e-17   5.319993649e-17   6.856800639e-17   8.837550964e-17   1.139048824e-16   1.468090231e-16   1.892183092e-16   2.438785286e-16   3.143286555e-16   4.05129981e-16   5.22161434e-16   6.730002121e-16   8.674123671e-16   1.117985108e-15   1.440941758e-15   1.857192136e-15   2.393686358e-15   3.085159726e-15   3.976381661e-15   5.125054297e-15   6.605548408e-15   8.513718537e-15   1.09731091e-14   1.414295325e-14   1.822848245e-14   2.349421416e-14   3.0281078e-14   3.902848926e-14   5.030279879e-14   6.48339614e-14   8.356279674e-14   1.077019027e-13   1.388141648e-13   1.789139455e-13   2.305975038e-13   2.9721109e-13   3.830675986e-13   4.937258065e-13   6.363502758e-13   8.20175223e-13   1.057102388e-12   1.362471614e-12   1.75605402e-12   2.263332086e-12   2.917149515e-12   3.759837695e-12   4.845956445e-12   6.245826488e-12   8.050082364e-12   1.037554056e-11   1.33727628e-11   1.723580413e-11   2.221477704e-11   2.863204497e-11   3.690309372e-11   4.756343208e-11   6.130326331e-11   7.901217233e-11   1.018367219e-10   1.312546867e-10   1.691707319e-10   2.180397307e-10   2.810257047e-10   3.622066788e-10   4.668387126e-10   6.016962034e-10   7.755104952e-10   9.995351885e-10   1.288274754e-09   1.660423626e-09   2.14007657e-09   2.758288698e-09   3.555086134e-09   4.582057496e-09   5.905694006e-09   7.611694458e-09   9.810513776e-09   1.264451442e-08   1.629718362e-08   2.100501324e-08   2.707281143e-08   3.489343737e-08   4.497323687e-08   5.79648256e-08   7.470934256e-08   9.629090926e-08   1.241068208e-07   1.599580128e-07   2.061656618e-07   2.657214679e-07   3.424813485e-07   4.414150845e-07   5.689280789e-07   7.332760592e-07   9.450995686e-07   1.218112845e-06   1.569991679e-06   2.023517715e-06   2.60805325e-06   3.361441979e-06   4.332458637e-06   5.58396603e-06   7.196983606e-06   9.275930583e-06   1.195538249e-05   1.540877744e-05   1.985963411e-05   2.559600467e-05   3.298909361e-05   4.25172396e-05   5.479679961e-05   7.06219123e-05   9.101567763e-05   0.0001172960042   0.0001511602845   0.0001947942092   0.0002510114824   0.0003234330142   0.0004167164154   0.0005368493684   0.0006915237487   0.0008906112259   0.001146765394   0.001476180003   0.001899537023   0.002443180964   0.00314055524   0.00403392918   0.005176425686   0.006634322178   0.008489531368   0.01084206163   0.01381209778   0.01754112763   0.02219128389   0.02794182954   0.03498160531   0.04349646632   0.05365147884   0.06556905605   0.07930612164   0.09483517891   0.1120348179   0.1306938202   0.1505295907   0.1712173961   0.1924237629   0.2138368148   0.2351882961   0.2562652508   0.2769122551   0.2970268148   0.3165509257   0.3354613235   0.3537601249   
48.20854271   3.506178399e-22   4.519021614e-22   5.824448737e-22   7.506979605e-22   9.675549624e-22   1.247056279e-21   1.607298214e-21   2.07160462e-21   2.670037e-21   3.441340839e-21   4.435454179e-21   5.716740856e-21   7.368157735e-21   9.496625747e-21   1.223995249e-20   1.577575455e-20   2.033295734e-20   2.620661678e-20   3.377702279e-20   4.353432104e-20   5.611024749e-20   7.23190301e-20   9.321010597e-20   1.201360671e-19   1.548402341e-19   1.99569527e-19   2.572199424e-19   3.315240547e-19   4.272926811e-19   5.507263584e-19   7.098167959e-19   9.148642988e-19   1.179144661e-18   1.519768706e-18   1.958790127e-18   2.524633352e-18   3.25393388e-18   4.193910253e-18   5.405421209e-18   6.966905986e-18   8.979462865e-18   1.157339478e-17   1.491664576e-17   1.922567449e-17   2.477946889e-17   3.19376092e-17   4.116354898e-17   5.305462141e-17   6.838071359e-17   8.813411285e-17   1.135937524e-16   1.464080158e-16   1.887014613e-16   2.43212377e-16   3.1347007e-16   4.040233726e-16   5.207351554e-16   6.711619189e-16   8.650430392e-16   1.114931343e-15   1.43700584e-15   1.852119235e-15   2.387148028e-15   3.076732644e-15   3.965520215e-15   5.111055264e-15   6.587505421e-15   8.490463402e-15   1.094313616e-14   1.410432192e-14   1.817869154e-14   2.343003996e-14   3.019836555e-14   3.892188334e-14   5.016539722e-14   6.46568681e-14   8.333454582e-14   1.07407716e-13   1.384349953e-13   1.784252439e-13   2.299676291e-13   2.96399261e-13   3.820212534e-13   4.923771996e-13   6.346120915e-13   8.179349228e-13   1.054214924e-12   1.358750037e-12   1.751257376e-12   2.257149818e-12   2.909181351e-12   3.749567737e-12   4.832719765e-12   6.228766077e-12   8.028093647e-12   1.034719988e-11   1.333623523e-11   1.718872471e-11   2.21540976e-11   2.855383683e-11   3.68022933e-11   4.743351305e-11   6.113581407e-11   7.879635139e-11   1.015585559e-10   1.308961659e-10   1.687086438e-10   2.174441574e-10   2.802580859e-10   3.61217315e-10   4.655635474e-10   6.000526764e-10   7.733921963e-10   9.968049684e-10   1.284755845e-09   1.655888196e-09   2.134230973e-09   2.750754461e-09   3.545375452e-09   4.569541653e-09   5.889562664e-09   7.590903192e-09   9.783716459e-09   1.260997606e-08   1.625266803e-08   2.094763826e-08   2.699886233e-08   3.479812631e-08   4.485039293e-08   5.780649528e-08   7.450527475e-08   9.602789163e-08   1.237678243e-07   1.595210891e-07   2.056025224e-07   2.649956524e-07   3.415458642e-07   4.402093637e-07   5.673740577e-07   7.312731231e-07   9.425180387e-07   1.214785582e-06   1.565703263e-06   2.017990496e-06   2.600929379e-06   3.352260233e-06   4.320624567e-06   5.568713479e-06   7.177325109e-06   9.250593458e-06   1.192272646e-05   1.536668848e-05   1.980538765e-05   2.552608933e-05   3.289898405e-05   4.240110387e-05   5.464712216e-05   7.042900836e-05   9.076706773e-05   0.0001169756089   0.0001507473876   0.0001942621239   0.0002503258356   0.0003225495411   0.0004155781271   0.0005353829171   0.0006896347712   0.0008881783854   0.001143632775   0.001472147433   0.001894347795   0.002436506345   0.003131975034   0.00402290755   0.005162281393   0.006616192461   0.008466328938   0.01081242477   0.01377433448   0.01749315626   0.0221305751   0.02786535692   0.03488581566   0.04337728287   0.05350435178   0.06538907132   0.0790881713   0.0945741832   0.1117259746   0.1303328452   0.1501129124   0.1707422736   0.1918883174   0.2132399804   0.2345297121   0.2555451214   0.276131203   0.2961857443   0.3156509075   0.3345035042   
48.46231156   2.712952329e-22   3.496653284e-22   4.506744942e-22   5.808625656e-22   7.486585649e-22   9.649264388e-22   1.243668444e-21   1.602931722e-21   2.065976762e-21   2.662783401e-21   3.431991865e-21   4.423404532e-21   5.701210381e-21   7.348140912e-21   9.470826588e-21   1.220670062e-20   1.57328971e-20   2.027771948e-20   2.613542216e-20   3.36852619e-20   4.341605283e-20   5.595781469e-20   7.212256346e-20   9.295688525e-20   1.198096976e-19   1.544195849e-19   1.990273632e-19   2.565211617e-19   3.306234146e-19   4.261318697e-19   5.492302189e-19   7.078884608e-19   9.123789182e-19   1.175941319e-18   1.515640003e-18   1.953468749e-18   2.517774766e-18   3.245094029e-18   4.1825168e-18   5.390736485e-18   6.94797923e-18   8.955068665e-18   1.154195373e-17   1.487612222e-17   1.917344475e-17   2.471215135e-17   3.185084538e-17   4.105172137e-17   5.291048973e-17   6.819494603e-17   8.789468191e-17   1.132851561e-16   1.460102741e-16   1.881888225e-16   2.425516502e-16   3.126184766e-16   4.029257761e-16   5.193204919e-16   6.693385962e-16   8.626930062e-16   1.111902447e-15   1.433101976e-15   1.847087645e-15   2.380662945e-15   3.068374189e-15   3.954747222e-15   5.097170235e-15   6.569609369e-15   8.46739765e-15   1.091340732e-14   1.406600519e-14   1.812930611e-14   2.336638837e-14   3.011632668e-14   3.881614559e-14   5.002911459e-14   6.448121699e-14   8.31081537e-14   1.071159251e-13   1.380589137e-13   1.779405221e-13   2.293428839e-13   2.955940432e-13   3.809834293e-13   4.910395752e-13   6.328880625e-13   8.157128669e-13   1.051350974e-12   1.355058767e-12   1.746499795e-12   2.251017896e-12   2.901278078e-12   3.739381414e-12   4.81959088e-12   6.211844601e-12   8.006283999e-12   1.031909e-11   1.330000514e-11   1.714202868e-11   2.209391232e-11   2.84762656e-11   3.670231376e-11   4.730465205e-11   6.096972849e-11   7.858228803e-11   1.012826553e-10   1.305405647e-10   1.682503188e-10   2.168534343e-10   2.794967183e-10   3.602360083e-10   4.642987668e-10   5.984225338e-10   7.712911481e-10   9.940969823e-10   1.281265593e-09   1.651389701e-09   2.12843298e-09   2.74328158e-09   3.535743852e-09   4.557127735e-09   5.87356269e-09   7.570281245e-09   9.75713737e-09   1.257571897e-08   1.620851496e-08   2.089073053e-08   2.692551544e-08   3.470359143e-08   4.47285494e-08   5.764945434e-08   7.430286881e-08   9.576701593e-08   1.234315884e-07   1.590877236e-07   2.05043969e-07   2.642757478e-07   3.406179982e-07   4.390134619e-07   5.658326919e-07   7.292864982e-07   9.399575319e-07   1.211485415e-06   1.56144977e-06   2.012508289e-06   2.593863521e-06   3.343153259e-06   4.30888687e-06   5.553585139e-06   7.157826706e-06   9.225462671e-06   1.189033637e-05   1.532494228e-05   1.975158295e-05   2.545674335e-05   3.28096083e-05   4.228591391e-05   5.449866365e-05   7.023767538e-05   9.052048244e-05   0.0001166578227   0.0001503378532   0.0001937343717   0.0002496457725   0.0003216732629   0.0004144491088   0.0005339284086   0.0006877611776   0.0008857653582   0.00114052567   0.001468147707   0.001889200833   0.00242988609   0.003123464716   0.004011975699   0.005148252324   0.006598210449   0.008443315563   0.01078302943   0.01373687898   0.017445576   0.02207036143   0.02778950823   0.03479080792   0.0432590729   0.05335842734   0.06521055913   0.0788720061   0.09431532803   0.1114196682   0.1299748407   0.1496996699   0.1702710779   0.1913573084   0.2126481049   0.2338766165   0.2548310126   0.2753567027   0.2953517539   0.3147584932   
48.7160804   2.099213937e-22   2.705621926e-22   3.48720532e-22   4.494567708e-22   5.792930738e-22   7.46635688e-22   9.623192057e-22   1.240308049e-21   1.598600597e-21   2.060394489e-21   2.655588555e-21   3.422718617e-21   4.411452484e-21   5.685805699e-21   7.32828622e-21   9.445236396e-21   1.21737181e-20   1.569038678e-20   2.022292905e-20   2.60648042e-20   3.359424426e-20   4.329874257e-20   5.580661657e-20   7.192768815e-20   9.270571557e-20   1.194859715e-19   1.540023429e-19   1.984895909e-19   2.558280411e-19   3.297300695e-19   4.249804605e-19   5.477461977e-19   7.059757448e-19   9.099136685e-19   1.172763923e-18   1.51154474e-18   1.948190473e-18   2.510971734e-18   3.236325779e-18   4.171215631e-18   5.376170705e-18   6.929205776e-18   8.930872052e-18   1.151076735e-17   1.48359269e-17   1.912163807e-17   2.464537907e-17   3.176478434e-17   4.094079954e-17   5.276752548e-17   6.801068315e-17   8.76571903e-17   1.129790594e-16   1.45615754e-16   1.87680336e-16   2.418962751e-16   3.117737808e-16   4.018370699e-16   5.17917287e-16   6.67530042e-16   8.60362008e-16   1.108898084e-15   1.429229731e-15   1.842096811e-15   2.374230389e-15   3.060083436e-15   3.944061487e-15   5.083397671e-15   6.551858272e-15   8.444518725e-15   1.088391927e-14   1.402799881e-14   1.808032069e-14   2.330325234e-14   3.003495231e-14   3.871126429e-14   4.989393583e-14   6.430698862e-14   8.288359531e-14   1.068264977e-13   1.376858782e-13   1.774597264e-13   2.287231989e-13   2.947953475e-13   3.799540113e-13   4.897127853e-13   6.311779977e-13   8.135088091e-13   1.048510222e-12   1.351397395e-12   1.741780749e-12   2.244935641e-12   2.893438819e-12   3.729277599e-12   4.806568336e-12   6.195060184e-12   7.984651004e-12   1.029120779e-11   1.32640685e-11   1.709571089e-11   2.203421453e-11   2.839932267e-11   3.660314404e-11   4.717683478e-11   6.080498817e-11   7.836995853e-11   1.010089893e-10   1.301878438e-10   1.677957061e-10   2.162674959e-10   2.787415176e-10   3.592626499e-10   4.630442306e-10   5.968055949e-10   7.692071179e-10   9.914109303e-10   1.277803611e-09   1.646927643e-09   2.12268195e-09   2.735869228e-09   3.526190265e-09   4.544814367e-09   5.857692312e-09   7.54982633e-09   9.730773565e-09   1.254173935e-08   1.616471952e-08   2.083428373e-08   2.685276264e-08   3.460982225e-08   4.460769277e-08   5.74936854e-08   7.410210231e-08   9.550825326e-08   1.23098076e-07   1.586578682e-07   2.044899398e-07   2.635616742e-07   3.396976477e-07   4.378272467e-07   5.643038107e-07   7.273159646e-07   9.374177646e-07   1.208211979e-06   1.557230729e-06   2.007070487e-06   2.586854896e-06   3.334120051e-06   4.297244246e-06   5.538579336e-06   7.138486235e-06   9.200535437e-06   1.185820863e-05   1.528353421e-05   1.969821407e-05   2.538795907e-05   3.272095648e-05   4.217165696e-05   5.435140762e-05   7.004789215e-05   9.027589444e-05   0.0001163426106   0.0001499316359   0.0001932108943   0.000248971218   0.0003208040825   0.0004133292356   0.0005324856817   0.0006859027603   0.0008833718771   0.001137443732   0.00146418038   0.001884095564   0.002423319467   0.003115023344   0.004001132417   0.005134336925   0.006580374149   0.008420488693   0.01075387235   0.01369972713   0.01739838157   0.02201063618   0.02771427503   0.03469657152   0.04314182323   0.05321368922   0.06503349954   0.07865760182   0.09405858433   0.1111158641   0.1296197661   0.1492898163   0.1698037551   0.1908306752   0.2120611203   0.2332289336   0.254122841   0.2745886634   0.294524745   
48.96984925   1.62434231e-22   2.093572309e-22   2.69835058e-22   3.477833472e-22   4.482488579e-22   5.777362264e-22   7.446291081e-22   9.597329774e-22   1.236974727e-21   1.594304366e-21   2.054857188e-21   2.648451674e-21   3.413520076e-21   4.399596726e-21   5.670525123e-21   7.308591486e-21   9.419852367e-21   1.214100129e-20   1.564821894e-20   2.016858002e-20   2.599475516e-20   3.350395988e-20   4.31823774e-20   5.565663655e-20   7.173438282e-20   9.245656939e-20   1.191648536e-19   1.535884623e-19   1.979561511e-19   2.551405044e-19   3.288439214e-19   4.238383275e-19   5.462741324e-19   7.040784383e-19   9.074682798e-19   1.169612126e-18   1.507482471e-18   1.94295472e-18   2.504223509e-18   3.227628168e-18   4.160005509e-18   5.361722271e-18   6.910583569e-18   8.906870375e-18   1.147983222e-17   1.479605542e-17   1.907024876e-17   2.457914473e-17   3.167941663e-17   4.083077133e-17   5.262571301e-17   6.782790476e-17   8.742161202e-17   1.126754287e-16   1.452244124e-16   1.871759459e-16   2.4124618e-16   3.109358903e-16   4.007571346e-16   5.165253867e-16   6.657360582e-16   8.580497892e-16   1.105917926e-15   1.425388683e-15   1.837146184e-15   2.367849656e-15   3.051859477e-15   3.93346184e-15   5.069736063e-15   6.534250184e-15   8.42182412e-15   1.085466879e-14   1.399029863e-14   1.803172991e-14   2.324062496e-14   2.995423351e-14   3.860722795e-14   4.975984611e-14   6.413416389e-14   8.266084604e-14   1.06539402e-13   1.373158481e-13   1.769828043e-13   2.281085064e-13   2.940030864e-13   3.789328867e-13   4.883966845e-13   6.294817098e-13   8.11322508e-13   1.045692356e-12   1.347765521e-12   1.737099722e-12   2.238902387e-12   2.885662715e-12   3.719255183e-12   4.793650706e-12   6.178410989e-12   7.963192292e-12   1.026355022e-11   1.322842138e-11   1.704976625e-11   2.197499768e-11   2.832299962e-11   3.650477326e-11   4.705004726e-11   6.064157505e-11   7.815933964e-11   1.007375281e-10   1.298379646e-10   1.673447559e-10   2.15686278e-10   2.779924011e-10   3.582971332e-10   4.617998014e-10   5.952016827e-10   7.671398774e-10   9.887465181e-10   1.274369519e-09   1.642501533e-09   2.116977252e-09   2.728516592e-09   3.516713645e-09   4.532600199e-09   5.841949791e-09   7.529536207e-09   9.704622157e-09   1.250803348e-08   1.612127691e-08   2.077829169e-08   2.678059597e-08   3.451680852e-08   4.448780981e-08   5.733917139e-08   7.390295326e-08   9.525157528e-08   1.227672505e-07   1.58231476e-07   2.039403741e-07   2.628533534e-07   3.387847118e-07   4.36650588e-07   5.627872469e-07   7.253613063e-07   9.348984587e-07   1.204964915e-06   1.553045678e-06   2.001676494e-06   2.579902734e-06   3.325159617e-06   4.285695419e-06   5.523694424e-06   7.119301577e-06   9.175809026e-06   1.182633972e-05   1.524245974e-05   1.964527514e-05   2.531972893e-05   3.263301887e-05   4.205832052e-05   5.420533794e-05   6.985963789e-05   9.003327695e-05   0.000116029938   0.0001495286913   0.0001926916343   0.0002483020979   0.0003199419047   0.0004122183847   0.0005310545782   0.0006840593158   0.0008809976798   0.001134386626   0.001460245018   0.00187903143   0.002416805754   0.003106649991   0.003990376514   0.00512053367   0.006562681604   0.008397845823   0.01072495033   0.01366287486   0.01735156779   0.02195139279   0.02763964905   0.03460309608   0.04302552093   0.05307012147   0.06485787297   0.07844493473   0.09380392358   0.1108145286   0.1292675817   0.1488833056   0.1693402528   0.1903083581   0.2114789596   0.2325865892   0.253420525   0.273826996   
49.22361809   1.256911391e-22   1.62000021e-22   2.08797589e-22   2.691137502e-22   3.468536724e-22   4.470506244e-22   5.761918546e-22   7.426386077e-22   9.571674735e-22   1.233668116e-21   1.590042561e-21   2.049364261e-21   2.641371982e-21   3.404395248e-21   4.387835973e-21   5.655366996e-21   7.289054573e-21   9.394671751e-21   1.210854665e-20   1.5606389e-20   2.011466651e-20   2.592526745e-20   3.341439899e-20   4.306694472e-20   5.550785838e-20   7.154262653e-20   9.220941973e-20   1.188463088e-19   1.531778983e-19   1.974269859e-19   2.544584772e-19   3.279648745e-19   4.227053469e-19   5.448138633e-19   7.021963356e-19   9.05042487e-19   1.166485585e-18   1.503452754e-18   1.937760923e-18   2.497529361e-18   3.219000255e-18   4.148885218e-18   5.347389619e-18   6.892110588e-18   8.883061033e-18   1.144914498e-17   1.475650344e-17   1.901927125e-17   2.451344115e-17   3.159473301e-17   4.072162483e-17   5.248503693e-17   6.764659105e-17   8.718792151e-17   1.123742311e-16   1.448362067e-16   1.866755978e-16   2.406012944e-16   3.10104714e-16   3.996858533e-16   5.151446403e-16   6.639564502e-16   8.557560991e-16   1.102961649e-15   1.421578415e-15   1.832235229e-15   2.361520054e-15   3.043701419e-15   3.922947133e-15   5.056183932e-15   6.516783196e-15   8.399311377e-15   1.08256527e-14   1.395290056e-14   1.798352851e-14   2.317849943e-14   2.987416155e-14   3.850402529e-14   4.96268309e-14   6.396272407e-14   8.243988174e-14   1.062546069e-13   1.369487831e-13   1.765097039e-13   2.274987397e-13   2.93217174e-13   3.779199448e-13   4.870911301e-13   6.277990149e-13   8.091537266e-13   1.04289707e-12   1.344162751e-12   1.732456205e-12   2.23291748e-12   2.877948925e-12   3.70931308e-12   4.78083659e-12   6.161895211e-12   7.941905537e-12   1.023611428e-11   1.319305991e-11   1.700418978e-11   2.191625536e-11   2.824728818e-11   3.640719077e-11   4.692427574e-11   6.047947142e-11   7.795040852e-11   1.004682423e-10   1.294908891e-10   1.668974194e-10   2.151097176e-10   2.772492876e-10   3.573393536e-10   4.605653443e-10   5.936106233e-10   7.650892025e-10   9.861034569e-10   1.270962947e-09   1.638110891e-09   2.111318269e-09   2.721222876e-09   3.507312965e-09   4.520483909e-09   5.826333422e-09   7.509408677e-09   9.678680311e-09   1.247459772e-08   1.607818243e-08   2.072274834e-08   2.67090076e-08   3.442454014e-08   4.436888751e-08   5.718589556e-08   7.370540007e-08   9.499695416e-08   1.224390761e-07   1.578085005e-07   2.033952122e-07   2.621507087e-07   3.378790917e-07   4.354833583e-07   5.612828358e-07   7.234223114e-07   9.323993409e-07   1.201743871e-06   1.548894164e-06   1.996325725e-06   2.573006283e-06   3.316270986e-06   4.274239137e-06   5.508928792e-06   7.100270654e-06   9.151280758e-06   1.17947262e-05   1.520171442e-05   1.959276044e-05   2.525204555e-05   3.254578595e-05   4.194589228e-05   5.406043878e-05   6.96728922e-05   8.979260365e-05   0.0001157197709   0.0001491289757   0.0001921765353   0.0002476383399   0.0003190866359   0.0004111164357   0.0005296349432   0.0006822306441   0.0008786425089   0.00113135402   0.001456341195   0.001874007882   0.002410344247   0.003098343751   0.003979706825   0.005106841062   0.006545130896   0.008375384497   0.01069626023   0.01362631816   0.01730512956   0.02189262483   0.02756562216   0.03451037144   0.04291015333   0.05292770841   0.06468366021   0.0782339815   0.09355131779   0.1105156284   0.1289182487   0.1484800927   0.1688805191   0.1897902985   0.2109015572   0.2319495107   0.2527239846   
49.47738693   9.72608254e-23   1.253569334e-22   1.615692721e-22   2.08242408e-22   2.683981919e-22   3.45931408e-22   4.458619419e-22   5.746597928e-22   7.406639734e-22   9.54622419e-22   1.230387862e-21   1.585814728e-21   2.043915116e-21   2.634348723e-21   3.395343152e-21   4.376168964e-21   5.640329693e-21   7.269673386e-21   9.369691847e-21   1.20763507e-20   1.556489249e-20   2.006118274e-20   2.585633362e-20   3.332555198e-20   4.295243213e-20   5.53602661e-20   7.135239871e-20   9.196424006e-20   1.185303032e-19   1.527706069e-19   1.969020386e-19   2.537818865e-19   3.270928343e-19   4.215813971e-19   5.433652339e-19   7.00329235e-19   9.026360299e-19   1.163383965e-18   1.499455158e-18   1.932608526e-18   2.49088857e-18   3.210441115e-18   4.137853565e-18   5.33317121e-18   6.873784853e-18   8.859441473e-18   1.141870234e-17   1.471726673e-17   1.896870007e-17   2.444826129e-17   3.151072439e-17   4.061334831e-17   5.234548217e-17   6.746672256e-17   8.695609373e-17   1.120754344e-16   1.444510954e-16   1.861792379e-16   2.399615491e-16   3.09280163e-16   3.986231111e-16   5.137748996e-16   6.621910273e-16   8.534806917e-16   1.100028936e-15   1.417798518e-15   1.827363419e-15   2.355240905e-15   3.035608387e-15   3.912516237e-15   5.042739823e-15   6.499455436e-15   8.37697808e-15   1.07968679e-14   1.391580058e-14   1.793571132e-14   2.311686911e-14   2.979472783e-14   3.840164525e-14   4.949487595e-14   6.379265078e-14   8.222067873e-14   1.059720819e-13   1.36584644e-13   1.760403745e-13   2.268938333e-13   2.92437526e-13   3.769150769e-13   4.857959822e-13   6.261297326e-13   8.070022323e-13   1.040124065e-12   1.340588697e-12   1.727849701e-12   2.226980278e-12   2.870296621e-12   3.699450225e-12   4.768124614e-12   6.145511077e-12   7.920788456e-12   1.020889703e-11   1.31579803e-11   1.695897659e-11   2.185798127e-11   2.817218023e-11   3.631038609e-11   4.679950673e-11   6.03186599e-11   7.774314276e-11   1.002011029e-10   1.291465801e-10   1.664536485e-10   2.14537753e-10   2.765120973e-10   3.563892083e-10   4.59340727e-10   5.92032246e-10   7.630548733e-10   9.834814632e-10   1.267583528e-09   1.633755246e-09   2.105704392e-09   2.713987298e-09   3.497987217e-09   4.508464196e-09   5.810841528e-09   7.489441581e-09   9.652945243e-09   1.244142846e-08   1.603543144e-08   2.066764772e-08   2.663798985e-08   3.433300722e-08   4.425091313e-08   5.703384148e-08   7.350942155e-08   9.474436259e-08   1.221135174e-07   1.573888966e-07   2.028543958e-07   2.614536646e-07   3.369806902e-07   4.343254325e-07   5.597904162e-07   7.21498772e-07   9.299201432e-07   1.198548501e-06   1.544775741e-06   1.991017606e-06   2.566164803e-06   3.307453206e-06   4.262874172e-06   5.494280854e-06   7.081391425e-06   9.126948002e-06   1.176336466e-05   1.516129387e-05   1.954066432e-05   2.518490167e-05   3.245924834e-05   4.18343602e-05   5.391669459e-05   6.948763504e-05   8.955384874e-05   0.0001154120762   0.0001487324463   0.0001916655422   0.0002469798726   0.0003182381846   0.0004100232704   0.0005282266242   0.0006804165492   0.0008763061119   0.001128345587   0.001452468492   0.001869024381   0.002403934251   0.003090103732   0.003969122204   0.005093257632   0.006527720141   0.008353102303   0.01066779898   0.01359005311   0.01725906191   0.02183432596   0.02749218641   0.0344183876   0.04279570799   0.05278643465   0.06451084241   0.07802471926   0.09330073951   0.1102191309   0.1285717287   0.1480801333   0.1684245033   0.189276439   0.2103288489   0.2313176266   
49.73115578   7.526227771e-23   9.700358081e-23   1.250253776e-22   1.611419385e-22   2.076916289e-22   2.676883071e-22   3.45016456e-22   4.446826843e-22   5.731398785e-22   7.387049956e-22   9.520975437e-22   1.227133616e-21   1.581620415e-21   2.038509177e-21   2.627381149e-21   3.386362829e-21   4.36459446e-21   5.625411618e-21   7.250445869e-21   9.344910004e-21   1.204441003e-20   1.5523725e-20   2.000812304e-20   2.578794636e-20   3.323740943e-20   4.283882749e-20   5.521384406e-20   7.116367917e-20   9.172100438e-20   1.18216803e-19   1.523665448e-19   1.963812536e-19   2.531106602e-19   3.262277084e-19   4.20466359e-19   5.419280903e-19   6.984769384e-19   9.002486531e-19   1.160306938e-18   1.495489258e-18   1.927496981e-18   2.484300434e-18   3.201949838e-18   4.12690938e-18   5.319065537e-18   6.85560442e-18   8.836009188e-18   1.138850109e-17   1.467834112e-17   1.891852987e-17   2.438359822e-17   3.142738186e-17   4.050593031e-17   5.220703391e-17   6.728828022e-17   8.672610406e-17   1.117790067e-16   1.440690375e-16   1.856868135e-16   2.393268762e-16   3.084621497e-16   3.975687952e-16   5.124160194e-16   6.604396022e-16   8.512233256e-16   1.097119476e-15   1.414048591e-15   1.822530236e-15   2.349011542e-15   3.027579525e-15   3.902168045e-15   5.02940231e-15   6.482265064e-15   8.35482186e-15   1.076831133e-14   1.387899476e-14   1.788827326e-14   2.305572743e-14   2.971592393e-14   3.830007697e-14   4.936396724e-14   6.362392598e-14   8.200321374e-14   1.056917969e-13   1.362233921e-13   1.755747663e-13   2.262937231e-13   2.916640597e-13   3.759181764e-13   4.845111032e-13   6.244736858e-13   8.048677968e-13   1.037373047e-12   1.337042982e-12   1.723279722e-12   2.221090151e-12   2.86270499e-12   3.689665571e-12   4.75551343e-12   6.129256851e-12   7.899838809e-12   1.018189557e-11   1.312317884e-11   1.691412189e-11   2.180016922e-11   2.80976678e-11   3.621434897e-11   4.667572698e-11   6.015912343e-11   7.753752038e-11   9.993608156e-11   1.288050011e-10   1.660133963e-10   2.139703233e-10   2.757807521e-10   3.554465966e-10   4.581258194e-10   5.904663833e-10   7.610366739e-10   9.808802588e-10   1.264230904e-09   1.629434136e-09   2.100135027e-09   2.706809088e-09   3.488735411e-09   4.496539786e-09   5.795472468e-09   7.469632801e-09   9.627414225e-09   1.24085222e-08   1.599301942e-08   2.061298398e-08   2.656753518e-08   3.424220005e-08   4.413387415e-08   5.6882993e-08   7.331499691e-08   9.449377378e-08   1.217905401e-07   1.569726196e-07   2.023178673e-07   2.607621474e-07   3.360894119e-07   4.331766877e-07   5.583098298e-07   7.19590484e-07   9.274606028e-07   1.195378467e-06   1.540689972e-06   1.985751575e-06   2.559377567e-06   3.298705341e-06   4.251599318e-06   5.479749058e-06   7.062661885e-06   9.102808176e-06   1.173225178e-05   1.512119382e-05   1.948898126e-05   2.511829016e-05   3.237339688e-05   4.172371244e-05   5.377409014e-05   6.930384676e-05   8.93169869e-05   0.0001151068212   0.0001483390608   0.0001911586007   0.0002463266264   0.0003173964606   0.0004089387729   0.000526829472   0.0006786168386   0.0008739882408   0.00112536101   0.001448626498   0.001864080398   0.002397575087   0.003081929059   0.003958621527   0.005079781937   0.006510447491   0.008330996875   0.01063956354   0.01355407584   0.01721335992   0.02177649   0.02741933398   0.03432713475   0.04268217269   0.0526462851   0.06433940108   0.07781712557   0.09305216178   0.1099250042   0.1282279844   0.147683384   0.1679721557   0.1887667232   0.2097607714   
49.98492462   5.824019464e-23   7.506426326e-23   9.674836517e-23   1.246964369e-22   1.607179753e-22   2.071451939e-22   2.669840213e-22   3.441087205e-22   4.435127277e-22   5.716319521e-22   7.367614687e-22   9.495925827e-22   1.223905038e-21   1.577459185e-21   2.033145876e-21   2.62046853e-21   3.377453335e-21   4.353111247e-21   5.610611205e-21   7.231370004e-21   9.32032362e-21   1.201272129e-20   1.54828822e-20   1.995548183e-20   2.572009848e-20   3.314996207e-20   4.272611888e-20   5.506857688e-20   7.09764481e-20   9.147968715e-20   1.179057756e-19   1.519656696e-19   1.958645761e-19   2.524447281e-19   3.253694059e-19   4.193601153e-19   5.405022819e-19   6.966392511e-19   8.978801061e-19   1.15725418e-18   1.491554637e-18   1.922425752e-18   2.477764259e-18   3.193525533e-18   4.116051515e-18   5.305071118e-18   6.837567379e-18   8.812761719e-18   1.135853803e-17   1.463972252e-17   1.886875537e-17   2.431944517e-17   3.134469667e-17   4.039935953e-17   5.206967762e-17   6.71112453e-17   8.649792838e-17   1.11484917e-16   1.43689993e-16   1.85198273e-16   2.386972091e-16   3.076505883e-16   3.965227949e-16   5.110678569e-16   6.587019909e-16   8.489837638e-16   1.094232963e-15   1.41032824e-15   1.817735173e-15   2.342831312e-15   3.019613987e-15   3.891901473e-15   5.016169993e-15   6.465210276e-15   8.33284039e-15   1.073997999e-14   1.384247924e-14   1.784120936e-14   2.2995068e-14   2.963774158e-14   3.819930977e-14   4.923409104e-14   6.345653194e-14   8.178746394e-14   1.054137226e-13   1.358649894e-13   1.751128305e-13   2.256983462e-13   2.908966939e-13   3.749291387e-13   4.832363584e-13   6.228307005e-13   8.027501961e-13   1.034643727e-12   1.333525233e-12   1.718745786e-12   2.21524648e-12   2.855173236e-12   3.67995809e-12   4.743001712e-12   6.113130826e-12   7.879054397e-12   1.015510709e-11   1.308865186e-11   1.686962097e-11   2.174281315e-11   2.802374306e-11   3.61190693e-11   4.655292352e-11   6.000084526e-11   7.733351978e-11   9.967315053e-11   1.284661162e-10   1.655766163e-10   2.134073691e-10   2.750551751e-10   3.545114194e-10   4.56920494e-10   5.88912871e-10   7.590343925e-10   9.782995707e-10   1.260904722e-09   1.625147108e-09   2.094609588e-09   2.699687495e-09   3.479556576e-09   4.484709426e-09   5.780224626e-09   7.449980257e-09   9.602084575e-09   1.237587548e-08   1.595094192e-08   2.055875138e-08   2.649763621e-08   3.41521091e-08   4.401775828e-08   5.67333343e-08   7.312210574e-08   9.424516142e-08   1.214701102e-07   1.565596259e-07   2.017855706e-07   2.600760842e-07   3.352051633e-07   4.320370032e-07   5.56840921e-07   7.176972471e-07   9.250204612e-07   1.192233435e-06   1.536636429e-06   1.980527078e-06   2.552643864e-06   3.290026472e-06   4.240413391e-06   5.465331877e-06   7.04408007e-06   9.078858746e-06   1.17013843e-05   1.508141004e-05   1.943770584e-05   2.505220403e-05   3.228822255e-05   4.161393739e-05   5.363261044e-05   6.912150806e-05   8.908199324e-05   0.0001148039737   0.0001479487781   0.0001906556577   0.0002456785325   0.0003165613756   0.0004078628293   0.0005254433398   0.0006768313233   0.0008716886522   0.001122399975   0.001444814808   0.001859175413   0.002391266085   0.003073818874   0.003948203692   0.005066412561   0.006493311129   0.008309065889   0.01061155096   0.01351838258   0.0171680188   0.02171911085   0.02734705718   0.03423660328   0.04256953545   0.05250724493   0.06416931805   0.07761117839   0.09280555816   0.1096332169   0.1278869788   0.147289802   0.1675234274   0.188261096   
50.23869347   4.506862083e-23   5.808776636e-23   7.486780243e-23   9.649515196e-23   1.24370077e-22   1.602973386e-22   2.066030462e-22   2.662852613e-22   3.432081071e-22   4.423519506e-22   5.701358569e-22   7.348331907e-22   9.471072757e-22   1.220701791e-21   1.573330603e-21   2.027824655e-21   2.613610148e-21   3.368613746e-21   4.341718132e-21   5.595926917e-21   7.212443809e-21   9.295930142e-21   1.198128117e-20   1.544235986e-20   1.990325364e-20   2.565278293e-20   3.306320083e-20   4.261429458e-20   5.492444946e-20   7.079068605e-20   9.12402633e-20   1.175971885e-19   1.515679398e-19   1.953519524e-19   2.517840209e-19   3.245178377e-19   4.182625513e-19   5.390876603e-19   6.948159824e-19   8.955301428e-19   1.154225373e-18   1.487650888e-18   1.917394312e-18   2.471279368e-18   3.185167326e-18   4.10527884e-18   5.2911865e-18   6.819671858e-18   8.78969665e-18   1.132881007e-17   1.460140692e-17   1.88193714e-17   2.425579547e-17   3.126266023e-17   4.029362491e-17   5.193339903e-17   6.693559939e-17   8.627154297e-17   1.111931348e-16   1.433139225e-16   1.847135656e-16   2.380724824e-16   3.068453944e-16   3.954850015e-16   5.097302722e-16   6.569780129e-16   8.467617738e-16   1.091369098e-15   1.40663708e-15   1.812977733e-15   2.336699571e-15   3.011710947e-15   3.881715451e-15   5.003041497e-15   6.448289301e-15   8.311031388e-15   1.071187093e-14   1.380625021e-14   1.779451472e-14   2.29348845e-14   2.956017264e-14   3.80993332e-14   4.910523385e-14   6.329045127e-14   8.157340692e-14   1.051378302e-13   1.355093988e-13   1.746545191e-13   2.251076405e-13   2.901353489e-13   3.73947861e-13   4.819716152e-13   6.212006061e-13   8.006492101e-13   1.031935821e-12   1.330035084e-12   1.714247425e-12   2.20944866e-12   2.847700576e-12   3.670326775e-12   4.730588161e-12   6.097131325e-12   7.858433059e-12   1.012852879e-11   1.305439578e-11   1.682546921e-11   2.16859071e-11   2.795039834e-11   3.602453721e-11   4.643108358e-11   5.984380894e-11   7.713111978e-11   9.941228246e-11   1.281298901e-10   1.651432634e-10   2.128488319e-10   2.743352911e-10   3.535835797e-10   4.557246257e-10   5.873715476e-10   7.570478211e-10   9.757391308e-10   1.257604638e-09   1.620893716e-09   2.089127503e-09   2.692621779e-09   3.470449759e-09   4.472971887e-09   5.765096419e-09   7.430481907e-09   9.576953663e-09   1.23434849e-08   1.590919455e-08   2.05049443e-08   2.642828567e-08   3.4062725e-08   4.390255346e-08   5.658484983e-08   7.2930728e-08   9.399849968e-08   1.211521943e-07   1.561498726e-07   2.012574504e-07   2.59395404e-07   3.343278526e-07   4.309062608e-07   5.553835374e-07   7.158188646e-07   9.22599465e-07   1.18911308e-06   1.53261469e-06   1.975343572e-06   2.545962994e-06   3.281415697e-06   4.22931523e-06   5.451027813e-06   7.025644048e-06   9.055097225e-06   1.1670759e-05   1.50419384e-05   1.938683273e-05   2.498663642e-05   3.220371651e-05   4.150502363e-05   5.349224079e-05   6.89406e-05   8.884884335e-05   0.0001145035025   0.0001475615576   0.0001901566607   0.0002450355236   0.0003157328428   0.0004067953278   0.0005240680835   0.0006750598177   0.0008694071072   0.001119462173   0.001441033029   0.001854308918   0.002385006593   0.003065772335   0.003937867616   0.005053148116   0.006476309275   0.008287307066   0.01058375831   0.01348296962   0.01712303381   0.02166218253   0.02727534848   0.03414678373   0.0424577845   0.05236929961   0.0640005755   0.07740685608   0.09256090268   0.1093437381   0.1275486759   0.1468993456   0.1670782705   
50.49246231   3.487639973e-23   4.495127922e-23   5.793652782e-23   7.467287504e-23   9.624391514e-23   1.240462644e-22   1.59879985e-22   2.060651301e-22   2.655919554e-22   3.423145232e-22   4.412002337e-22   5.686514391e-22   7.329199635e-22   9.446413672e-22   1.217523546e-21   1.569234246e-21   2.022544968e-21   2.606805298e-21   3.359843152e-21   4.330413942e-21   5.581357243e-21   7.193665338e-21   9.271727062e-21   1.195008645e-20   1.540215381e-20   1.985143311e-20   2.558599281e-20   3.297711678e-20   4.250334311e-20   5.478144701e-20   7.060637392e-20   9.100270823e-20   1.172910099e-19   1.511733143e-19   1.948433299e-19   2.511284707e-19   3.236729162e-19   4.171735541e-19   5.376840803e-19   6.930069449e-19   8.931985216e-19   1.151220208e-18   1.483777609e-18   1.912402143e-18   2.464845092e-18   3.176874357e-18   4.09459025e-18   5.277410255e-18   6.801916016e-18   8.76681161e-18   1.129931414e-17   1.456339039e-17   1.877037289e-17   2.419264256e-17   3.11812641e-17   4.018871557e-17   5.179818414e-17   6.676132445e-17   8.604692455e-17   1.1090363e-16   1.429407874e-16   1.842326414e-16   2.374526318e-16   3.060464852e-16   3.944553084e-16   5.084031277e-16   6.552674911e-16   8.445571269e-16   1.088527587e-15   1.40297473e-15   1.808257426e-15   2.330615691e-15   3.003869593e-15   3.871608935e-15   4.990015472e-15   6.431500399e-15   8.289392611e-15   1.068398128e-14   1.377030397e-14   1.774818454e-14   2.287517075e-14   2.948320915e-14   3.800013697e-14   4.897738242e-14   6.312566692e-14   8.136102067e-14   1.048640911e-13   1.351565837e-13   1.741997849e-13   2.245215455e-13   2.893799463e-13   3.729742424e-13   4.807167438e-13   6.195832351e-13   7.985646229e-13   1.029249051e-12   1.326572176e-12   1.709784174e-12   2.203696092e-12   2.840286243e-12   3.660770634e-12   4.718271502e-12   6.081256705e-12   7.837972677e-12   1.010215794e-11   1.302040708e-11   1.678166206e-11   2.162944521e-11   2.787762609e-11   3.593074296e-11   4.631019463e-11   5.968799834e-11   7.693029957e-11   9.915345054e-11   1.277962885e-10   1.647132929e-10   2.122946542e-10   2.736210259e-10   3.52662982e-10   4.545380914e-10   5.858422546e-10   7.550767554e-10   9.731986757e-10   1.254330312e-09   1.616673523e-09   2.083688206e-09   2.685611212e-09   3.461414022e-09   4.461325963e-09   5.750086292e-09   7.411135747e-09   9.552018904e-09   1.231134714e-08   1.586777304e-08   2.045155719e-08   2.635947642e-08   3.397403857e-08   4.378824784e-08   5.643752432e-08   7.274084401e-08   9.375376319e-08   1.208367599e-07   1.557433174e-07   2.007334522e-07   2.587200366e-07   3.334573895e-07   4.297843441e-07   5.53937529e-07   7.139551434e-07   9.201973654e-07   1.18601708e-06   1.528624341e-06   1.970200525e-06   2.53933427e-06   3.272872132e-06   4.218303692e-06   5.436835397e-06   7.007351924e-06   9.031521168e-06   1.164037274e-05   1.500277486e-05   1.93363567e-05   2.492158057e-05   3.211987005e-05   4.139695998e-05   5.335296677e-05   6.876110399e-05   8.861751328e-05   0.0001142053765   0.0001471773595   0.0001896615587   0.0002443975337   0.0003149107771   0.0004057361586   0.0005227035618   0.0006733021399   0.0008671433713   0.001116547303   0.001437280769   0.001849480411   0.002378795964   0.003057788612   0.003927612236   0.005039987236   0.00645944018   0.008265718164   0.01055618273   0.0134478333   0.01707840034   0.02160569918   0.02720420049   0.03405766684   0.04234690828   0.05223243485   0.06383315592   0.07720413743   0.09231816984   0.1090565376   0.1272130401   0.1465119736   
50.74623116   2.698950327e-23   3.478606469e-23   4.483484875e-23   5.778646364e-23   7.447946125e-23   9.599462916e-23   1.237249662e-22   1.594658722e-22   2.055313909e-22   2.649040329e-22   3.414278779e-22   4.400574598e-22   5.671785477e-22   7.310215923e-22   9.421946062e-22   1.214369979e-21   1.565169698e-21   2.017306277e-21   2.600053286e-21   3.351140661e-21   4.31919753e-21   5.566900702e-21   7.17503268e-21   9.247711917e-21   1.191913396e-20   1.536225995e-20   1.980001496e-20   2.55197213e-20   3.289170116e-20   4.239325316e-20   5.463955495e-20   7.042349297e-20   9.076699775e-20   1.169872089e-19   1.50781753e-19   1.943386569e-19   2.504780108e-19   3.228345554e-19   4.160930129e-19   5.36291399e-19   6.912119543e-19   8.908850053e-19   1.148238377e-18   1.479934405e-18   1.907448739e-18   2.458460779e-18   3.168645783e-18   4.083984655e-18   5.263740981e-18   6.784298047e-18   8.74410427e-18   1.127004724e-17   1.452566906e-17   1.872175484e-17   2.412998004e-17   3.110050002e-17   4.008462086e-17   5.166401917e-17   6.658840274e-17   8.582405029e-17   1.106163732e-16   1.425705496e-16   1.837554516e-16   2.368375944e-16   3.052537795e-16   3.934336108e-16   5.070862884e-16   6.535702513e-16   8.42369599e-16   1.085708139e-15   1.399340817e-15   1.803573772e-15   2.324579051e-15   2.996089126e-15   3.861580895e-15   4.977090594e-15   6.414841861e-15   8.267921858e-15   1.065630819e-14   1.373463684e-14   1.770221412e-14   2.281592067e-14   2.940684327e-14   3.790171099e-14   4.885052376e-14   6.29621621e-14   8.115028359e-14   1.045924776e-13   1.348065081e-13   1.737485816e-13   2.239400015e-13   2.886304095e-13   3.72008184e-13   4.794716163e-13   6.179784228e-13   7.964962224e-13   1.026583144e-12   1.323136158e-12   1.70535558e-12   2.197988193e-12   2.832929481e-12   3.651288697e-12   4.706050481e-12   6.06550535e-12   7.817671168e-12   1.007599185e-11   1.29866823e-11   1.673819508e-11   2.157342175e-11   2.780541891e-11   3.583767702e-11   4.619024437e-11   5.953339759e-11   7.673103871e-11   9.889662844e-11   1.274652772e-10   1.642866611e-10   2.117447796e-10   2.729123069e-10   3.517495327e-10   4.533607705e-10   5.843248365e-10   7.531209948e-10   9.706779472e-10   1.251081411e-09   1.612486099e-09   2.078291145e-09   2.678655081e-09   3.452448448e-09   4.449770468e-09   5.735192718e-09   7.391939809e-09   9.527277761e-09   1.227945893e-08   1.582667316e-08   2.039858463e-08   2.629120148e-08   3.388604078e-08   4.36748298e-08   5.629134278e-08   7.255243446e-08   9.351092707e-08   1.205237748e-07   1.553399192e-07   2.002135229e-07   2.580499134e-07   3.325936855e-07   4.28671139e-07   5.525027488e-07   7.121058939e-07   9.178139179e-07   1.18294512e-06   1.524664978e-06   1.965097414e-06   2.532757017e-06   3.264394907e-06   4.207377658e-06   5.422753184e-06   6.989201837e-06   9.008128178e-06   1.161022243e-05   1.496391541e-05   1.928627261e-05   2.485702989e-05   3.203667466e-05   4.128973544e-05   5.321477421e-05   6.858300175e-05   8.838797948e-05   0.0001139095655   0.0001467961447   0.0001891703011   0.0002437644978   0.0003140950947   0.000404685214   0.000521349636   0.0006715581108   0.0008648972141   0.001113655069   0.001433557649   0.001844689402   0.002372633568   0.003049866895   0.003917436508   0.005026928582   0.006442702125   0.008244296987   0.01052882142   0.01341297005   0.01703411382   0.02154965503   0.02713360593   0.03396924349   0.04223689546   0.05209663663   0.06366704214   0.07700300157   0.09207733464   0.1087715857   0.1268800367   
51   2.088641691e-23   2.691995635e-23   3.46964275e-23   4.471931771e-23   5.763755871e-23   7.428754157e-23   9.574726891e-23   1.234061501e-22   1.590549584e-22   2.050017749e-22   2.642214247e-22   3.40548082e-22   4.389235139e-22   5.657170345e-22   7.291378861e-22   9.397667466e-22   1.211240775e-21   1.561136547e-21   2.012108055e-21   2.593353434e-21   3.342505397e-21   4.308067764e-21   5.552555838e-21   7.15654396e-21   9.22388229e-21   1.188842058e-20   1.532267427e-20   1.974899402e-20   2.545396174e-20   3.280694539e-20   4.228401366e-20   5.449875902e-20   7.024202477e-20   9.053310813e-20   1.166857547e-19   1.503932166e-19   1.938378824e-19   2.498325757e-19   3.22002671e-19   4.150208188e-19   5.349094761e-19   6.894308301e-19   8.885893609e-19   1.145279581e-18   1.476120891e-18   1.902533599e-18   2.452125784e-18   3.160480774e-18   4.073460989e-18   5.250177303e-18   6.766816177e-18   8.721572346e-18   1.124100643e-17   1.448823912e-17   1.867351237e-17   2.406780159e-17   3.102035983e-17   3.998133027e-17   5.153089064e-17   6.641681686e-17   8.560289773e-17   1.103313354e-16   1.422031719e-16   1.832819481e-16   2.362273081e-16   3.044671975e-16   3.924198058e-16   5.057796217e-16   6.518861227e-16   8.401989697e-16   1.082910472e-15   1.395734977e-15   1.798926299e-15   2.318589045e-15   2.988368764e-15   3.851630322e-15   4.96426556e-15   6.398312011e-15   8.246616966e-15   1.062884887e-14   1.369924525e-14   1.765659882e-14   2.275712831e-14   2.933106733e-14   3.780404535e-14   4.872464507e-14   6.279992036e-14   8.094117445e-14   1.043229623e-13   1.344591369e-13   1.73300864e-13   2.233629499e-13   2.878866628e-13   3.710495883e-13   4.782361074e-13   6.163860078e-13   7.944438003e-13   1.023937831e-12   1.319726683e-12   1.700961197e-12   2.192324388e-12   2.825629551e-12   3.641880007e-12   4.693923867e-12   6.049875675e-12   7.797526488e-12   1.00500279e-11   1.295321804e-11   1.669506387e-11   2.151783107e-11   2.773376954e-11   3.574533002e-11   4.607122073e-11   5.937999114e-11   7.653331714e-11   9.864179028e-11   1.271368229e-10   1.638633251e-10   2.111991528e-10   2.722090629e-10   3.508431398e-10   4.521925444e-10   5.828191404e-10   7.511803426e-10   9.681766913e-10   1.247857608e-09   1.608331023e-09   2.072935777e-09   2.671752687e-09   3.443552133e-09   4.43830424e-09   5.720414197e-09   7.37289216e-09   9.502727745e-09   1.224781706e-08   1.578589078e-08   2.034602128e-08   2.622345396e-08   3.379872278e-08   4.356228792e-08   5.61462905e-08   7.236548038e-08   9.326996687e-08   1.202132076e-07   1.549396372e-07   1.9969761e-07   2.573849669e-07   3.317366536e-07   4.275665335e-07   5.510790523e-07   7.102709298e-07   9.154488826e-07   1.179896891e-06   1.5207362e-06   1.960033724e-06   2.526230574e-06   3.255983169e-06   4.196536028e-06   5.408779756e-06   6.97119196e-06   8.984915899e-06   1.158030503e-05   1.492535616e-05   1.923657543e-05   2.479297786e-05   3.195412196e-05   4.118333921e-05   5.30776492e-05   6.840627537e-05   8.816021884e-05   0.0001136160396   0.0001464178748   0.0001886828385   0.0002431363522   0.0003132857137   0.0004036423882   0.0005200061695   0.000669827555   0.0008626684095   0.001110785179   0.001429863292   0.001839935408   0.002366518784   0.003042006385   0.003907339407   0.005013970838   0.006426093424   0.008223041375   0.01050167162   0.01337837634   0.01699016978   0.02149404442   0.02706355769   0.03388150474   0.0421277349   0.05196189118   0.06350221729   0.07680342803   0.09183837249   0.1084888532   
