             0.5   0.7537688442   1.007537688   1.261306533   1.515075377   1.768844221   2.022613065   2.27638191   2.530150754   2.783919598   3.037688442   3.291457286   3.545226131   3.798994975   4.052763819   4.306532663   4.560301508   4.814070352   5.067839196   5.32160804   5.575376884   5.829145729   6.082914573   6.336683417   6.590452261   6.844221106   7.09798995   7.351758794   7.605527638   7.859296482   8.113065327   8.366834171   8.620603015   8.874371859   9.128140704   9.381909548   9.635678392   9.889447236   10.14321608   10.39698492   10.65075377   10.90452261   11.15829146   11.4120603   11.66582915   11.91959799   12.17336683   12.42713568   12.68090452   12.93467337   13.18844221   13.44221106   13.6959799   13.94974874   14.20351759   14.45728643   14.71105528   14.96482412   15.21859296   15.47236181   15.72613065   15.9798995   16.23366834   16.48743719   16.74120603   16.99497487   17.24874372   17.50251256   17.75628141   18.01005025   18.2638191   18.51758794   18.77135678   19.02512563   19.27889447   19.53266332   19.78643216   20.04020101   20.29396985   20.54773869   20.80150754   21.05527638   21.30904523   21.56281407   21.81658291   22.07035176   22.3241206   22.57788945   22.83165829   23.08542714   23.33919598   23.59296482   23.84673367   24.10050251   24.35427136   24.6080402   24.86180905   25.11557789   25.36934673   25.62311558   25.87688442   26.13065327   26.38442211   26.63819095   26.8919598   27.14572864   27.39949749   27.65326633   27.90703518   28.16080402   28.41457286   28.66834171   28.92211055   29.1758794   29.42964824   29.68341709   29.93718593   30.19095477   30.44472362   30.69849246   30.95226131   31.20603015   31.45979899   31.71356784   31.96733668   32.22110553   32.47487437   32.72864322   32.98241206   33.2361809   33.48994975   33.74371859   33.99748744   34.25125628   34.50502513   34.75879397   35.01256281   35.26633166   35.5201005   35.77386935   36.02763819   36.28140704   36.53517588   36.78894472   37.04271357   37.29648241   37.55025126   37.8040201   38.05778894   38.31155779   38.56532663   38.81909548   39.07286432   39.32663317   39.58040201   39.83417085   40.0879397   40.34170854   40.59547739   40.84924623   41.10301508   41.35678392   41.61055276   41.86432161   42.11809045   42.3718593   42.62562814   42.87939698   43.13316583   43.38693467   43.64070352   43.89447236   44.14824121   44.40201005   44.65577889   44.90954774   45.16331658   45.41708543   45.67085427   45.92462312   46.17839196   46.4321608   46.68592965   46.93969849   47.19346734   47.44723618   47.70100503   47.95477387   48.20854271   48.46231156   48.7160804   48.96984925   49.22361809   49.47738693   49.73115578   49.98492462   50.23869347   50.49246231   50.74623116   51   
0.5   1.781643343   2.107099609   2.464243561   2.850087534   3.261062911   3.693374689   4.14330855   4.607451897   5.082820575   5.566904779   6.057657405   6.553448449   7.053004235   7.55534409   8.059721691   8.565574369   9.072481233   9.58012961   10.08828873   10.59678939   11.10550845   11.61435704   12.1232717   12.63220772   13.14113416   13.65003018   14.15888223   14.66768205   15.17642512   15.6851096   16.19373545   16.7023039   17.21081697   17.71927716   18.22768728   18.73605022   19.2443689   19.75264618   20.26088479   20.76908736   21.27725632   21.78539398   22.29350247   22.80158377   23.30963971   23.81767197   24.32568212   24.83367158   25.34164169   25.84959365   26.35752858   26.86544753   27.37335145   27.88124121   28.38911764   28.89698148   29.40483343   29.91267415   30.42050423   30.92832424   31.43613468   31.94393606   32.45172881   32.95951337   33.46729012   33.97505944   34.48282168   34.99057715   35.49832617   36.00606901   36.51380596   37.02153726   37.52926315   38.03698386   38.54469961   39.05241059   39.560117   40.06781901   40.5755168   41.08321053   41.59090035   42.09858642   42.60626886   43.11394781   43.6216234   44.12929575   44.63696497   45.14463117   45.65229445   46.15995491   46.66761265   47.17526775   47.68292031   48.1905704   48.69821811   49.20586351   49.71350667   50.22114766   50.72878656   51.23642341   51.74405829   52.25169125   52.75932235   53.26695164   53.77457917   54.28220501   54.78982919   55.29745175   55.80507276   56.31269224   56.82031024   57.3279268   57.83554196   58.34315575   58.85076822   59.35837939   59.8659893   60.37359798   60.88120547   61.38881179   61.89641697   62.40402104   62.91162403   63.41922597   63.92682687   64.43442676   64.94202568   65.44962364   65.95722066   66.46481676   66.97241197   67.48000631   67.9875998   68.49519245   69.00278428   69.51037532   70.01796558   70.52555508   71.03314382   71.54073184   72.04831915   72.55590575   73.06349167   73.57107692   74.07866151   74.58624546   75.09382878   75.60141148   76.10899358   76.61657508   77.12415601   77.63173636   78.13931616   78.64689541   79.15447412   79.66205231   80.16962998   80.67720715   81.18478382   81.69236   82.1999357   82.70751094   83.21508571   83.72266003   84.23023391   84.73780735   85.24538036   85.75295295   86.26052513   86.7680969   87.27566828   87.78323926   88.29080986   88.79838008   89.30594993   89.81351941   90.32108854   90.82865731   91.33622573   91.84379382   92.35136157   92.85892898   93.36649607   93.87406285   94.38162931   94.88919546   95.3967613   95.90432685   96.4118921   96.91945706   97.42702174   97.93458613   98.44215025   98.9497141   99.45727768   99.96484099   100.472404   100.9799668   101.4875294   101.9950917   
0.7537688442   1.080963344   1.289851523   1.52188192   1.775278826   2.047643907   2.336222676   2.638174488   2.95079648   3.271675099   3.598762809   3.930393749   4.265258444   4.602356656   4.940942774   5.280472846   5.620557946   5.960925574   6.301389036   6.641823862   6.982150063   7.322318997   7.662303788   8.002092402   8.341682708   8.681078985   9.020289469   9.359324666   9.698196197   10.03691603   10.37549596   10.71394735   11.05228087   11.39050647   11.7286333   12.06666977   12.4046235   12.74250143   13.08030984   13.41805441   13.75574027   14.09337206   14.43095398   14.76848977   15.10598297   15.44343659   15.78085348   16.1182362   16.45558708   16.79290825   17.13020164   17.46746903   17.80471204   18.14193217   18.47913078   18.81630913   19.15346839   19.49060962   19.82773383   20.16484192   20.50193477   20.83901315   21.17607781   21.51312943   21.85016866   22.1871961   22.5242123   22.8612178   23.19821308   23.53519861   23.87217481   24.20914211   24.54610088   24.88305149   25.21999427   25.55692956   25.89385765   26.23077883   26.56769338   26.90460156   27.24150361   27.57839976   27.91529024   28.25217525   28.589055   28.92592967   29.26279945   29.5996645   29.936525   30.27338109   30.61023293   30.94708066   31.28392442   31.62076433   31.95760053   32.29443312   32.63126223   32.96808797   33.30491043   33.64172973   33.97854595   34.31535918   34.65216953   34.98897706   35.32578188   35.66258404   35.99938363   36.33618073   36.6729754   37.0097677   37.34655771   37.68334549   38.0201311   38.35691459   38.69369602   39.03047545   39.36725293   39.7040285   40.04080222   40.37757414   40.7143443   41.05111274   41.38787951   41.72464464   42.06140818   42.39817017   42.73493064   43.07168963   43.40844718   43.74520331   44.08195806   44.41871146   44.75546355   45.09221435   45.42896389   45.7657122   46.10245931   46.43920525   46.77595003   47.11269369   47.44943624   47.78617772   48.12291814   48.45965753   48.79639591   49.1331333   49.46986972   49.80660519   50.14333972   50.48007335   50.81680608   51.15353794   51.49026894   51.8269991   52.16372843   52.50045695   52.83718468   53.17391164   53.51063782   53.84736326   54.18408797   54.52081195   54.85753523   55.19425781   55.53097971   55.86770094   56.20442151   56.54114143   56.87786073   57.2145794   57.55129745   57.88801491   58.22473178   58.56144807   58.89816378   59.23487894   59.57159354   59.9083076   60.24502113   60.58173414   60.91844663   61.25515862   61.59187011   61.92858111   62.26529163   62.60200167   62.93871125   63.27542037   63.61212904   63.94883726   64.28554504   64.6222524   64.95895933   65.29566585   65.63237195   65.96907765   66.30578296   66.64248787   66.97919239   67.31589654   67.65260031   
1.007537688   0.7237487084   0.871839936   1.03875389   1.223556166   1.424652596   1.639969188   1.867180455   2.103935178   2.348038561   2.597570267   2.850938274   3.10688185   3.364441681   3.622913718   3.88179888   4.140755981   4.399561428   4.658076715   4.916223282   5.1739637   5.431287935   5.688203541   5.944728795   6.200887978   6.45670821   6.712217373   6.967442799   7.222410487   7.477144668   7.731667608   7.985999564   8.240158837   8.494161876   8.748023414   9.001756621   9.255373251   9.508883791   9.762297597   10.01562302   10.26886753   10.52203779   10.77513979   11.02817889   11.28115992   11.53408722   11.78696472   12.03979596   12.29258417   12.54533225   12.79804286   13.05071843   13.30336117   13.55597312   13.80855611   14.06111188   14.31364199   14.56614789   14.81863092   15.07109233   15.32353327   15.57595481   15.82835794   16.08074359   16.33311261   16.58546583   16.83780398   17.09012779   17.3424379   17.59473494   17.84701949   18.09929211   18.3515533   18.60380355   18.85604333   19.10827306   19.36049316   19.612704   19.86490597   20.1170994   20.36928462   20.62146195   20.87363168   21.12579409   21.37794945   21.63009802   21.88224003   22.13437572   22.38650531   22.63862901   22.89074701   23.14285952   23.3949667   23.64706874   23.89916581   24.15125806   24.40334564   24.65542871   24.9075074   25.15958185   25.41165218   25.66371852   25.915781   26.16783971   26.41989478   26.67194631   26.9239944   27.17603914   27.42808064   27.68011898   27.93215424   28.18418652   28.43621589   28.68824244   28.94026623   29.19228734   29.44430584   29.69632179   29.94833527   30.20034633   30.45235504   30.70436145   30.95636563   31.20836761   31.46036747   31.71236525   31.964361   32.21635477   32.46834661   32.72033656   32.97232466   33.22431096   33.4762955   33.72827831   33.98025944   34.23223893   34.48421681   34.73619312   34.98816789   35.24014115   35.49211294   35.74408329   35.99605223   36.24801978   36.49998599   36.75195086   37.00391445   37.25587676   37.50783783   37.75979767   38.01175633   38.26371381   38.51567015   38.76762535   39.01957946   39.27153248   39.52348445   39.77543537   40.02738527   40.27933417   40.53128209   40.78322904   41.03517505   41.28712013   41.53906429   41.79100756   42.04294995   42.29489148   42.54683216   42.79877201   43.05071104   43.30264927   43.5545867   43.80652336   44.05845926   44.31039441   44.56232882   44.81426251   45.06619549   45.31812776   45.57005935   45.82199026   46.07392051   46.3258501   46.57777905   46.82970736   47.08163505   47.33356213   47.5854886   47.83741448   48.08933978   48.3412645   48.59318865   48.84511225   49.09703529   49.3489578   49.60087978   49.85280123   50.10472216   50.35664259   50.60856251   
1.261306533   0.5078135418   0.617521165   0.743144281   0.8844218757   1.04044823   1.209758313   1.390491435   1.580594597   1.778020323   1.980883303   2.187558738   2.396723462   2.607352541   2.818687867   3.03019363   3.241509371   3.452406945   3.662754304   3.872486753   4.081585103   4.29005964   4.497938687   4.705260671   4.912068765   5.118407379   5.324319954   5.529847655   5.735028668   5.939897892   6.144486897   6.348824024   6.552934592   6.756841133   6.960563659   7.164119921   7.367525655   7.570794813   7.773939777   7.976971542   8.179899889   8.382733533   8.58548025   8.788146998   8.990740011   9.19326489   9.395726676   9.59812992   9.800478736   10.00277685   10.20502766   10.40723425   10.60939943   10.81152578   11.01361566   11.21567124   11.41769451   11.61968731   11.82165133   12.02358815   12.22549922   12.42738589   12.62924942   12.83109097   13.03291163   13.23471243   13.4364943   13.63825815   13.84000479   14.04173502   14.24344957   14.44514912   14.64683434   14.84850582   15.05016415   15.25180988   15.45344351   15.65506553   15.8566764   16.05827657   16.25986643   16.46144639   16.66301682   16.86457807   17.06613048   17.26767436   17.46921002   17.67073775   17.87225783   18.07377052   18.27527607   18.47677472   18.67826671   18.87975224   19.08123153   19.28270479   19.48417219   19.68563393   19.88709019   20.08854112   20.2899869   20.49142768   20.6928636   20.89429481   21.09572146   21.29714366   21.49856155   21.69997525   21.90138489   22.10279056   22.30419238   22.50559046   22.7069849   22.90837579   23.10976323   23.31114731   23.51252812   23.71390574   23.91528026   24.11665175   24.31802029   24.51938595   24.72074881   24.92210893   25.12346638   25.32482123   25.52617353   25.72752335   25.92887075   26.13021578   26.33155851   26.53289897   26.73423722   26.93557332   27.13690731   27.33823924   27.53956916   27.7408971   27.94222312   28.14354725   28.34486953   28.54619001   28.74750872   28.9488257   29.15014099   29.35145462   29.55276662   29.75407703   29.95538589   30.15669321   30.35799904   30.5593034   30.76060633   30.96190784   31.16320798   31.36450675   31.5658042   31.76710035   31.96839522   32.16968883   32.37098121   32.57227238   32.77356237   32.97485119   33.17613888   33.37742544   33.5787109   33.77999528   33.9812786   34.18256087   34.38384212   34.58512236   34.78640162   34.9876799   35.18895723   35.39023362   35.59150908   35.79278364   35.99405731   36.1953301   36.39660203   36.59787311   36.79914336   37.00041279   37.20168141   37.40294924   37.60421629   37.80548257   38.00674809   38.20801288   38.40927692   38.61054025   38.81180287   39.01306479   39.21432602   39.41558658   39.61684647   39.8181057   40.01936429   40.22062224   40.42187957   
1.515075377   0.3653582807   0.4482838575   0.5447735899   0.6550958133   0.7789493407   0.9154597442   1.06326117   1.220647644   1.385758388   1.556756065   1.731966006   1.909961545   2.089597172   2.270001583   2.450545987   2.630801305   2.810493955   2.989465861   3.167641169   3.345000125   3.521559458   3.697358183   3.872447657   4.046884829   4.220727821   4.394033167   4.566854186   4.739240131   4.91123585   5.082881761   5.254214031   5.425264859   5.596062814   5.76663319   5.936998358   6.107178096   6.277189892   6.447049224   6.616769807   6.786363812   6.955842057   7.12521418   7.294488781   7.463673558   7.63277541   7.801800542   7.97075454   8.139642453   8.308468851   8.477237881   8.645953313   8.814618588   8.983236846   9.151810964   9.320343581   9.488837124   9.65729389   9.825715754   9.994104811   10.16246276   10.33079125   10.49909179   10.6673658   10.83561461   11.00383944   11.17204144   11.34022168   11.50838119   11.6765209   11.8446417   12.01274443   12.18082986   12.34889875   12.51695179   12.68498963   12.85301289   13.02102218   13.18901803   13.35700098   13.52497152   13.69293014   13.86087727   14.02881335   14.19673878   14.36465394   14.53255921   14.70045493   14.86834144   15.03621905   15.20408806   15.37194878   15.53980146   15.70764638   15.8754838   16.04331394   16.21113704   16.37895333   16.54676301   16.7145663   16.88236338   17.05015444   17.21793966   17.38571921   17.55349327   17.72126199   17.88902552   18.056784   18.22453759   18.39228642   18.56003062   18.72777032   18.89550563   19.06323668   19.23096358   19.39868644   19.56640536   19.73412045   19.9018318   20.06953952   20.23724369   20.40494439   20.57264173   20.74033577   20.9080266   21.0757143   21.24339895   21.41108061   21.57875935   21.74643525   21.91410837   22.08177877   22.24944652   22.41711168   22.5847743   22.75243445   22.92009217   23.08774753   23.25540056   23.42305133   23.59069988   23.75834626   23.92599051   24.09363268   24.26127282   24.42891096   24.59654715   24.76418143   24.93181383   25.0994444   25.26707316   25.43470017   25.60232544   25.76994903   25.93757095   26.10519124   26.27280993   26.44042706   26.60804265   26.77565673   26.94326933   27.11088048   27.27849021   27.44609854   27.61370549   27.7813111   27.94891538   28.11651837   28.28412008   28.45172053   28.61931975   28.78691777   28.95451459   29.12211025   29.28970476   29.45729814   29.62489041   29.79248159   29.96007171   30.12766076   30.29524879   30.46283579   30.63042179   30.79800681   30.96559085   31.13317395   31.3007561   31.46833734   31.63591766   31.80349709   31.97107564   32.13865332   32.30623016   32.47380615   32.64138132   32.80895567   32.97652923   33.14410199   33.31167398   33.47924519   33.64681567   
1.768844221   0.2666785499   0.3298933036   0.4045910306   0.4914186589   0.5905735187   0.701732316   0.8240511808   0.9562441082   1.096724447   1.243776373   1.395718454   1.551030089   1.708427578   1.866891876   2.025659546   2.184191338   2.34213105   2.499263611   2.655477518   2.810733813   2.965041919   3.118441662   3.270990385   3.422754048   3.573801298   3.724199686   3.874013389   4.023301972   4.172119827   4.320516062   4.468534654   4.616214765   4.763591132   4.910694495   5.057552015   5.204187679   5.350622676   5.496875732   5.642963416   5.788900413   5.934699759   6.080373047   6.225930612   6.371381688   6.516734542   6.661996599   6.807174536   6.952274379   7.097301577   7.242261068   7.387157342   7.531994485   7.676776227   7.821505984   7.966186883   8.110821692   8.255413378   8.399964061   8.544476102   8.688951587   8.833392452   8.977800493   9.12217738   9.26652467   9.410843814   9.555136169   9.699403002   9.8436455   9.987864777   10.13206188   10.27623778   10.42039342   10.56452965   10.70864731   10.85274715   10.99682992   11.1408963   11.28494694   11.42898247   11.57300347   11.7170105   11.86100408   12.00498471   12.14895287   12.29290901   12.43685357   12.58078695   12.72470954   12.86862172   13.01252383   13.15641624   13.30029925   13.44417317   13.5880383   13.73189492   13.87574331   14.01958373   14.16341642   14.30724162   14.45105956   14.59487046   14.73867453   14.88247197   15.02626298   15.17004774   15.31382644   15.45759924   15.60136631   15.74512781   15.8888839   16.03263472   16.17638042   16.32012114   16.46385699   16.60758813   16.75131466   16.89503671   17.0387544   17.18246783   17.32617711   17.46988234   17.61358364   17.75728108   17.90097477   18.04466481   18.18835126   18.33203423   18.47571379   18.61939003   18.76306302   18.90673283   19.05039955   19.19406322   19.33772394   19.48138176   19.62503675   19.76868897   19.91233849   20.05598535   20.19962962   20.34327135   20.4869106   20.63054742   20.77418186   20.91781396   21.06144379   21.20507138   21.34869678   21.49232004   21.63594119   21.77956028   21.92317735   22.06679245   22.2104056   22.35401685   22.49762623   22.64123378   22.78483953   22.92844353   23.07204579   23.21564636   23.35924527   23.50284254   23.6464382   23.79003229   23.93362484   24.07721586   24.2208054   24.36439347   24.50798011   24.65156532   24.79514916   24.93873162   25.08231275   25.22589256   25.36947107   25.51304831   25.6566243   25.80019905   25.9437726   26.08734496   26.23091615   26.37448618   26.51805509   26.66162288   26.80518957   26.94875519   27.09231974   27.23588325   27.37944573   27.52300721   27.66656768   27.81012718   27.95368571   28.09724329   28.24079993   28.38435566   28.52791048   28.6714644   28.81501744   
2.022613065   0.1963524619   0.2446640257   0.3025700155   0.3709472651   0.450361493   0.5409598194   0.6424069598   0.7538877888   0.8741826834   1.001800941   1.135141184   1.272643389   1.412905462   1.554752348   1.697259908   1.839744597   1.981732567   2.122920077   2.263133554   2.402294029   2.540387938   2.677444503   2.813519016   2.94868095   3.083005838   3.216569938   3.349446898   3.481705833   3.613410337   3.744618131   3.875381093   4.005745535   4.135752601   4.26543873   4.394836132   4.52397325   4.6528752   4.781564166   4.910059762   5.038379354   5.166538341   5.294550405   5.422427729   5.550181182   5.677820487   5.805354361   5.932790641   6.060136387   6.187397976   6.314581182   6.441691248   6.568732943   6.695710615   6.822628241   6.94948946   7.076297617   7.203055784   7.329766795   7.456433266   7.583057616   7.709642086   7.836188758   7.962699565   8.089176307   8.215620664   8.342034202   8.468418386   8.594774588   8.721104093   8.847408107   8.973687762   9.099944124   9.226178196   9.352390923   9.478583196   9.604755856   9.7309097   9.857045478   9.983163903   10.10926565   10.23535136   10.36142163   10.48747705   10.61351817   10.73954548   10.86555951   10.99156071   11.11754954   11.24352643   11.36949178   11.49544599   11.62138942   11.74732244   11.87324538   11.99915856   12.12506231   12.25095691   12.37684266   12.50271982   12.62858866   12.75444943   12.88030238   13.00614772   13.1319857   13.25781652   13.38364039   13.5094575   13.63526805   13.76107222   13.88687018   14.01266211   14.13844818   14.26422852   14.39000332   14.51577269   14.6415368   14.76729578   14.89304975   15.01879885   15.14454319   15.27028291   15.3960181   15.5217489   15.64747539   15.77319769   15.8989159   16.02463012   16.15034043   16.27604694   16.40174972   16.52744887   16.65314447   16.7788366   16.90452534   17.03021076   17.15589294   17.28157195   17.40724786   17.53292073   17.65859064   17.78425764   17.9099218   18.03558317   18.16124183   18.28689781   18.41255118   18.53820201   18.6638503   18.78949615   18.91513959   19.04078068   19.16641945   19.29205596   19.41769025   19.54332235   19.66895232   19.7945802   19.92020602   20.04582982   20.17145165   20.29707154   20.42268951   20.54830562   20.6739199   20.79953237   20.92514307   21.05075204   21.17635929   21.30196488   21.42756881   21.55317113   21.67877186   21.80437103   21.92996866   22.05556479   22.18115943   22.30675262   22.43234438   22.55793472   22.68352368   22.80911128   22.93469755   23.06028249   23.18586614   23.31144851   23.43702963   23.56260952   23.68818819   23.81376567   23.93934197   24.06491712   24.19049112   24.31606401   24.44163579   24.56720648   24.6927761   24.81834467   24.9439122   25.06947871   25.19504421   
2.27638191   0.1453748496   0.1822826311   0.2270861999   0.2807621598   0.3441077496   0.4176264948   0.50142862   0.5951728507   0.6980707183   0.8089590855   0.9264267649   1.048965801   1.17511412   1.303564226   1.433226854   1.563251949   1.693017558   1.822099568   1.95023355   2.07727653   2.203173132   2.327927886   2.451583878   2.574207042   2.695875068   2.816669876   2.936672738   3.055961287   3.174607836   3.292678588   3.410233416   3.527326   3.644004178   3.760310405   3.876282256   3.991952938   4.107351779   4.22250468   4.337434533   4.452161594   4.566703808   4.681077107   4.79529566   4.909372096   5.023317699   5.137142574   5.250855794   5.364465523   5.477979127   5.591403269   5.704743992   5.818006784   5.931196649   6.044318154   6.157375479   6.270372457   6.383312611   6.496199185   6.609035172   6.721823337   6.834566243   6.947266264   7.059925609   7.17254633   7.28513034   7.397679426   7.510195256   7.622679391   7.735133292   7.847558333   7.9599558   8.072326905   8.184672788   8.29699452   8.409293115   8.521569528   8.633824662   8.746059369   8.858274457   8.970470692   9.082648798   9.194809462   9.306953339   9.419081053   9.531193178   9.643290291   9.755372921   9.867441577   9.979496743   10.09153888   10.20356844   10.31558582   10.42759145   10.5395857   10.65156894   10.76354153   10.87550379   10.98745606   11.09939864   11.21133183   11.32325592   11.43517118   11.54707786   11.65897623   11.77086652   11.88274896   11.99462379   12.10649122   12.21835144   12.33020467   12.4420511   12.5538909   12.66572426   12.77755136   12.88937235   13.00118739   13.11299665   13.22480026   13.33659838   13.44839115   13.56017869   13.67196114   13.78373862   13.89551125   14.00727916   14.11904246   14.23080125   14.34255565   14.45430575   14.56605165   14.67779347   14.78953128   14.90126517   15.01299525   15.12472159   15.23644427   15.34816338   15.45987899   15.57159119   15.68330004   15.79500562   15.90670799   16.01840723   16.1301034   16.24179656   16.35348678   16.46517412   16.57685863   16.68854037   16.8002194   16.91189577   17.02356954   17.13524077   17.24690947   17.35857573   17.47023958   17.58190108   17.69356025   17.80521716   17.91687183   18.02852432   18.14017466   18.2518229   18.36346906   18.4751132   18.58675534   18.69839553   18.81003379   18.92167017   19.03330469   19.14493739   19.2565683   19.36819745   19.47982488   19.5914506   19.70307465   19.81469707   19.92631787   20.03793708   20.14955474   20.26117086   20.37278547   20.4843986   20.59601027   20.70762051   20.81922933   20.93083676   21.04244283   21.15404755   21.26565094   21.37725303   21.48885384   21.60045339   21.71205169   21.82364877   21.93524465   22.04683933   22.15843285   22.27002522   22.38161645   
2.530150754   0.1080362011   0.136185497   0.1707365211   0.2126655896   0.2628776959   0.3221062807   0.3908057804   0.4690584857   0.5565208368   0.6524289646   0.7556686556   0.8648961349   0.9786816518   1.095644317   1.214554308   1.334392129   1.454367346   1.573906993   1.692625994   1.810290315   1.926780251   2.042058036   2.156141439   2.269083473   2.380957528   2.491846923   2.601837864   2.71101492   2.819458302   2.927242371   3.034434984   3.141097374   3.247284366   3.353044772   3.458421893   3.563454052   3.66817512   3.772615021   3.876800203   3.980754055   4.084497291   4.188048282   4.291423351   4.394637035   4.497702304   4.600630761   4.703432812   4.806117807   4.908694175   5.01116953   5.113550765   5.21584414   5.318055353   5.420189597   5.522251624   5.624245784   5.726176074   5.828046169   5.929859458   6.03161907   6.133327901   6.234988635   6.336603764   6.438175603   6.539706311   6.641197899   6.742652248   6.844071113   6.945456142   7.046808876   7.148130764   7.249423166   7.350687363   7.45192456   7.553135892   7.654322433   7.755485195   7.856625135   7.957743159   8.058840123   8.159916841   8.260974083   8.36201258   8.463033028   8.564036087   8.665022384   8.765992515   8.866947056   8.967886544   9.068811497   9.169722409   9.270619752   9.371503976   9.472375522   9.573234768   9.674082141   9.774918008   9.875742729   9.97655665   10.0773601   10.1781534   10.27893686   10.37971077   10.48047539   10.58123103   10.68197792   10.78271633   10.88344648   10.98416861   11.08488294   11.18558969   11.28628909   11.38698127   11.48766649   11.5883449   11.6890167   11.78968204   11.89034111   11.99099405   12.09164103   12.19228219   12.29291767   12.39354763   12.49417219   12.59479149   12.69540565   12.7960148   12.89661905   12.99721851   13.09781331   13.19840355   13.29898934   13.39957076   13.50014794   13.60072095   13.70128989   13.80185485   13.90241593   14.0029732   14.10352675   14.20407665   14.30462298   14.40516583   14.50570526   14.60624134   14.70677415   14.80730374   14.9078302   15.00835357   15.10887393   15.20939133   15.30990583   15.41041748   15.51092636   15.6114325   15.71193596   15.81243681   15.91293506   16.01343079   16.11392404   16.21441486   16.31490329   16.41538937   16.51587316   16.61635469   16.71683399   16.81731112   16.91778612   17.01825901   17.11872984   17.21919863   17.31966544   17.4201303   17.52059323   17.62105427   17.72151345   17.82197081   17.92242637   18.02288017   18.12333223   18.22378259   18.32423126   18.42467829   18.5251237   18.62556751   18.72600974   18.82645043   18.9268896   19.02732728   19.12776348   19.22819823   19.32863155   19.42906347   19.52949401   19.62992318   19.73035102   19.83077753   19.93120274   20.03162667   20.13204935   
2.783919598   0.08050698212   0.1019329663   0.1284797469   0.1610565816   0.2005789266   0.2478925778   0.3036786271   0.3683518151   0.4419727742   0.5241980095   0.6142863352   0.7111665086   0.8135529304   0.9200826187   1.029443404   1.140470679   1.252203022   1.363899157   1.475026062   1.58523009   1.694301313   1.802138167   1.908716336   2.014063474   2.118239817   2.221324031   2.323403294   2.424566662   2.524900835   2.62448764   2.72340269   2.821714842   2.919486143   3.016772101   3.113622118   3.210080013   3.306184573   3.401970094   3.497466894   3.592701785   3.687698501   3.782478075   3.877059185   3.971458444   4.065690658   4.159769061   4.2537055   4.347510612   4.441193971   4.534764214   4.628229155   4.721595875   4.814870814   4.908059837   5.001168301   5.094201108   5.187162753   5.280057371   5.372888767   5.465660452   5.558375674   5.651037439   5.743648537   5.83621156   5.92872892   6.021202865   6.113635494   6.206028768   6.298384522   6.390704477   6.482990246   6.575243346   6.6674652   6.759657152   6.851820465   6.943956332   7.036065878   7.128150168   7.220210206   7.312246947   7.404261292   7.496254096   7.588226172   7.680178291   7.772111184   7.864025549   7.955922049   8.047801314   8.139663946   8.231510519   8.32334158   8.41515765   8.506959228   8.598746791   8.690520795   8.782281675   8.87402985   8.965765717   9.05748966   9.149202047   9.240903228   9.332593542   9.424273312   9.51594285   9.607602454   9.699252413   9.790893002   9.882524487   9.974147124   10.06576116   10.15736683   10.24896436   10.34055398   10.43213589   10.5237103   10.61527741   10.7068374   10.79839047   10.88993679   10.98147652   11.07300984   11.16453691   11.25605788   11.3475729   11.43908212   11.53058567   11.62208369   11.71357631   11.80506367   11.89654588   11.98802306   12.07949532   12.17096279   12.26242556   12.35388375   12.44533746   12.53678678   12.62823181   12.71967265   12.81110938   12.9025421   12.99397089   13.08539583   13.17681701   13.2682345   13.35964838   13.45105872   13.5424656   13.63386908   13.72526925   13.81666615   13.90805985   13.99945043   14.09083794   14.18222244   14.27360398   14.36498264   14.45635846   14.54773148   14.63910178   14.73046939   14.82183438   14.91319678   15.00455665   15.09591403   15.18726897   15.2786215   15.36997168   15.46131955   15.55266515   15.64400851   15.73534968   15.82668869   15.91802561   16.0093604   16.10069317   16.19202393   16.28335271   16.37467955   16.46600447   16.55732752   16.64864872   16.7399681   16.83128571   16.92260153   17.01391564   17.10522804   17.19653877   17.28784785   17.3791553   17.47046117   17.56176545   17.6530682   17.74436942   17.83566913   17.92696738   18.01826417   18.10955952   18.20085347   18.29214603   
3.037688442   0.06012138311   0.07639872101   0.09672495374   0.121905293   0.1527993559   0.1902711339   0.2351165677   0.2879729654   0.3492223256   0.4189081584   0.4966885499   0.5818432551   0.673339205   0.7699417233   0.8703457411   0.9732982501   1.077690386   1.182609988   1.28735711   1.391431976   1.494506774   1.596391105   1.69699783   1.796313112   1.894372098   1.991240337   2.087000231   2.181741583   2.275555294   2.368529373   2.460746592   2.552283265   2.64320878   2.733585616   2.823469634   2.912910548   3.001952459   3.090634416   3.178990964   3.267052659   3.354846547   3.442396583   3.529724025   3.616847761   3.70378461   3.790549582   3.877156101   3.963616205   4.049940711   4.136139365   4.222220973   4.308193505   4.394064198   4.479839637   4.565525828   4.65112826   4.736651962   4.822101554   4.907481282   4.992795065   5.078046518   5.16323899   5.248375583   5.333459178   5.418492453   5.503477904   5.588417857   5.673314489   5.75816983   5.842985787   5.927764144   6.012506579   6.097214666   6.181889889   6.266533644   6.351147247   6.435731941   6.5202889   6.604819234   6.689323993   6.773804171   6.858260711   6.942694508   7.02710641   7.111497225   7.195867719   7.280218621   7.364550627   7.448864397   7.533160563   7.617439726   7.70170246   7.785949313   7.870180809   7.954397448   8.03859971   8.122788054   8.206962917   8.29112472   8.37527386   8.459410741   8.543535706   8.627649148   8.711751377   8.79584273   8.879923525   8.963994063   9.048054636   9.132105524   9.216146998   9.300179317   9.384202733   9.46821748   9.552223807   9.636221922   9.720212048   9.804194393   9.888169157   9.972136537   10.05609672   10.14004989   10.22399621   10.30793587   10.39186901   10.47579581   10.55971642   10.64363098   10.72753963   10.81144253   10.89533979   10.97923156   11.06311796   11.1469991   11.23087512   11.31474613   11.39861223   11.48247354   11.56633016   11.6501822   11.73402976   11.81787291   11.90171177   11.98554643   12.06937698   12.15320349   12.23702606   12.32084477   12.40465968   12.48847089   12.57227847   12.65608248   12.739883   12.82368011   12.90747385   12.99126431   13.07505155   13.15883562   13.24261659   13.32639452   13.41016946   13.49394148   13.57771061   13.66147693   13.74524048   13.82900131   13.91275947   13.996515   14.08026797   14.1640184   14.24776636   14.33151187   14.41525499   14.49899575   14.5827342   14.66647038   14.75020432   14.83393607   14.91766565   15.00139312   15.08511849   15.16884181   15.25256312   15.33628244   15.4199998   15.50371525   15.5874288   15.6711405   15.75485037   15.83855843   15.92226472   16.00596928   16.08967211   16.17337325   16.25707273   16.34077058   16.42446681   16.50816145   16.59185453   16.67554607   16.75923609   
3.291457286   0.04497899533   0.05732528431   0.07284227055   0.09221696932   0.1162153271   0.1456542415   0.1813535214   0.2240664676   0.2743931823   0.3326882074   0.3989812962   0.4729331003   0.5538427484   0.6407114039   0.7323494891   0.8275028188   0.9249700287   1.023690606   1.122794826   1.221618062   1.319688678   1.416700479   1.51247916   1.606949265   1.700105236   1.791987977   1.882666964   1.97222723   2.060760315   2.148358248   2.235109767   2.321098107   2.406399886   2.491084697   2.575215167   2.658847278   2.742030853   2.8248101   2.907224181   2.989307757   3.071091509   3.152602613   3.233865162   3.314900549   3.395727807   3.476363899   3.556823976   3.637121606   3.717268965   3.79727701   3.877155622   3.956913737   4.036559454   4.116100132   4.195542476   4.274892606   4.354156123   4.433338161   4.512443442   4.591476312   4.67044078   4.749340555   4.828179069   4.906959507   4.98568483   5.064357791   5.142980957   5.221556726   5.300087337   5.378574887   5.45702134   5.535428542   5.613798223   5.692132012   5.770431444   5.848697962   5.926932931   6.005137638   6.0833133   6.161461067   6.23958203   6.317677221   6.395747619   6.473794154   6.551817708   6.62981912   6.707799189   6.785758674   6.863698298   6.94161875   7.019520687   7.097404738   7.1752715   7.253121546   7.330955422   7.408773651   7.486576733   7.564365148   7.642139354   7.719899792   7.79764688   7.875381025   7.953102614   8.030812019   8.108509599   8.186195697   8.263870643   8.341534755   8.419188338   8.496831686   8.574465084   8.652088803   8.729703106   8.807308247   8.88490447   8.96249201   9.04007109   9.117641941   9.195204767   9.272759771   9.350307153   9.427847103   9.505379807   9.582905442   9.660424181   9.737936192   9.815441635   9.892940667   9.970433441   10.0479201   10.12540079   10.20287565   10.28034481   10.35780839   10.43526654   10.51271936   10.59016698   10.66760951   10.74504705   10.82247973   10.89990765   10.9773309   11.05474958   11.1321638   11.20957364   11.2869792   11.36438056   11.44177782   11.51917105   11.59656033   11.67394575   11.75132739   11.8287053   11.90607958   11.98345029   12.0608175   12.13818127   12.21554168   12.29289879   12.37025266   12.44760335   12.52495092   12.60229544   12.67963694   12.75697549   12.83431115   12.91164396   12.98897398   13.06630126   13.14362585   13.22094779   13.29826713   13.37558391   13.45289818   13.53020999   13.60751937   13.68482637   13.76213103   13.83943339   13.91673348   13.99403134   14.07132701   14.14862054   14.22591193   14.30320125   14.38048852   14.45777377   14.53505704   14.61233835   14.68961774   14.76689524   14.84417088   14.92144469   14.99871669   15.07598691   15.15325539   15.23052214   15.3077872   15.38505059   15.46231233   
3.545226131   0.03370463814   0.04305813297   0.05487541791   0.0697264537   0.08826790808   0.1112314597   0.1393967801   0.1735452626   0.2143932635   0.2625088418   0.3182231901   0.3815548579   0.4521676989   0.5293788113   0.6122203018   0.699542923   0.7901376819   0.8828488193   0.97665828   1.070733369   1.164440063   1.257330886   1.349117994   1.439640555   1.528832705   1.616695524   1.703274374   1.788641634   1.872884161   1.956094584   2.038365544   2.119786082   2.200439556   2.280402599   2.359744769   2.438528639   2.51681014   2.594639055   2.672059573   2.749110853   2.825827575   2.902240458   2.97837673   3.054260549   3.129913388   3.205354364   3.280600532   3.355667143   3.430567863   3.505314973   3.579919531   3.654391522   3.728739983   3.802973115   3.877098376   3.951122567   4.025051901   4.098892071   4.172648301   4.246325396   4.319927785   4.393459558   4.466924498   4.540326113   4.613667658   4.686952161   4.760182441   4.833361129   4.906490682   4.979573397   5.052611427   5.125606789   5.19856138   5.271476979   5.344355263   5.417197811   5.490006111   5.562781568   5.635525509   5.708239191   5.780923801   5.853580464   5.926210248   5.998814164   6.071393173   6.143948189   6.21648008   6.288989671   6.36147775   6.433945067   6.506392334   6.578820235   6.65122942   6.723620509   6.795994098   6.868350753   6.940691018   7.013015413   7.085324434   7.157618562   7.22989825   7.302163939   7.374416048   7.446654982   7.518881129   7.591094861   7.663296536   7.735486498   7.80766508   7.879832598   7.951989361   8.024135664   8.096271791   8.168398017   8.240514606   8.312621813   8.384719885   8.456809058   8.528889562   8.600961619   8.673025442   8.745081238   8.817129206   8.88916954   8.961202426   9.033228045   9.105246573   9.177258177   9.249263023   9.321261268   9.393253066   9.465238567   9.537217915   9.60919125   9.681158707   9.753120418   9.825076511   9.89702711   9.968972335   10.0409123   10.11284713   10.18477695   10.25670178   10.32862183   10.40053715   10.47244784   10.54435403   10.61625575   10.68815314   10.76004628   10.83193524   10.90382012   10.97570099   11.04757793   11.11945102   11.19132034   11.26318595   11.33504793   11.40690635   11.47876128   11.55061277   11.6224609   11.69430573   11.76614731   11.83798571   11.90982099   11.9816532   12.0534824   12.12530864   12.19713197   12.26895245   12.34077013   12.41258505   12.48439726   12.55620681   12.62801375   12.69981812   12.77161996   12.84341931   12.91521623   12.98701074   13.05880289   13.13059272   13.20238027   13.27416557   13.34594865   13.41772957   13.48950834   13.561285   13.6330596   13.70483215   13.7766027   13.84837127   13.9201379   13.99190261   14.06366543   14.1354264   14.20718553   14.27894287   14.35069844   
3.798994975   0.02529382979   0.03237440617   0.04135782445   0.05270697021   0.06696875427   0.084773053   0.1068213224   0.1338604477   0.1666380584   0.2058381443   0.2520008497   0.3054372712   0.3661567271   0.4338266779   0.507780933   0.5870797612   0.6706102803   0.7572040008   0.845745831   0.9352553855   1.024932642   1.114170395   1.202542171   1.289775903   1.375722185   1.460323133   1.543585202   1.625557231   1.706313737   1.785942795   1.86453765   1.942191172   2.018992401   2.095024562   2.170364098   2.245080356   2.319235708   2.392885907   2.466080587   2.538863818   2.611274674   2.683347781   2.755113828   2.826600032   2.897830568   2.968826934   3.03960829   3.110191743   3.180592604   3.250824606   3.320900102   3.390830224   3.460625034   3.530293648   3.599844345   3.66928466   3.738621472   3.807861072   3.877009225   3.94607123   4.015051961   4.083955919   4.152787259   4.221549831   4.290247204   4.358882694   4.427459389   4.495980165   4.564447705   4.63286452   4.701232958   4.76955522   4.83783337   4.90606935   4.974264984   5.042421988   5.110541983   5.178626495   5.246676967   5.314694763   5.382681171   5.450637414   5.518564648   5.586463972   5.654336426   5.722183001   5.790004637   5.85780223   5.92557663   5.99332865   6.061059062   6.128768604   6.19645798   6.264127862   6.331778891   6.399411682   6.467026807   6.534624871   6.602206369   6.66977183   6.737321748   6.804856591   6.872376831   6.939882886   7.00737518   7.074854116   7.142320079   7.209773442   7.277214561   7.34464378   7.412061431   7.479467831   7.546863288   7.614248098   7.681622545   7.748986904   7.816341441   7.883686412   7.951022063   8.018348633   8.085666352   8.152975443   8.220276121   8.287568593   8.354853062   8.422129722   8.48939876   8.55666036   8.623914695   8.691161942   8.758402261   8.825635813   8.892862756   8.960083238   9.027297407   9.094505404   9.161707377   9.228903425   9.296093714   9.363278356   9.430457474   9.497631186   9.564799608   9.63196285   9.699121023   9.766274231   9.833422577   9.900566162   9.967705082   10.03483943   10.1019693   10.16909479   10.23621597   10.30333293   10.37044576   10.43755454   10.50465934   10.57176025   10.63885733   10.70595065   10.7730403   10.84012633   10.90720882   10.97428783   11.04136343   11.10843567   11.17550461   11.24257033   11.30963287   11.37669229   11.44374865   11.51080199   11.57785239   11.64489987   11.7119445   11.77898633   11.84602539   11.91306175   11.98009544   12.04712651   12.114155   12.18118096   12.24820443   12.31522545   12.38224405   12.44926028   12.51627418   12.58328579   12.65029513   12.71730225   12.78430718   12.85130996   12.91831062   12.98530919   13.05230571   13.1193002   13.1862927   13.25328324   13.32027185   13.38725855   
4.052763819   0.01900846039   0.02436612408   0.03118651922   0.03983952459   0.05077074432   0.06450654353   0.08165293343   0.1028844726   0.1289189048   0.1604739059   0.198204838   0.2426272863   0.2940348692   0.3524292241   0.417481664   0.4885415823   0.5646950297   0.6448621475   0.7279110315   0.8127631583   0.8984718624   0.9842662204   1.069562766   1.15395347   1.237179988   1.31910271   1.399670462   1.478894097   1.556825176   1.633539768   1.709126716   1.783679525   1.857291013   1.930049992   2.002039371   2.07333525   2.144006639   2.214115598   2.28371761   2.352862076   2.42159288   2.489948945   2.557964784   2.625671003   2.693094769   2.760260223   2.827188855   2.893899831   2.960410276   3.026735534   3.092889377   3.158884202   3.224731194   3.29044047   3.356021204   3.421481733   3.486829656   3.55207191   3.617214849   3.682264298   3.747225615   3.812103737   3.876903218   3.941628272   4.006282804   4.070870435   4.135394537   4.199858244   4.264264482   4.328615983   4.392915302   4.457164832   4.521366816   4.585523362   4.649636447   4.713707937   4.777739584   4.841733045   4.90568988   4.969611566   5.033499497   5.097354995   5.16117931   5.224973629   5.288739076   5.352476721   5.416187579   5.479872616   5.54353275   5.607168857   5.67078177   5.734372284   5.797941158   5.861489115   5.925016848   5.988525017   6.052014253   6.115485163   6.178938324   6.242374292   6.305793596   6.369196748   6.432584259   6.495956524   6.559314067   6.622657297   6.685986628   6.749302459   6.812605174   6.875895142   6.93917272   7.002438248   7.065692057   7.128934464   7.192165775   7.255386285   7.318596279   7.381796032   7.444985808   7.508165863   7.571336445   7.634497792   7.697650135   7.760793697   7.823928694   7.887055334   7.95017382   8.013284346   8.076387102   8.13948227   8.202570029   8.26565055   8.328723999   8.391790538   8.454850324   8.517903507   8.580950237   8.643990655   8.707024901   8.770053108   8.833075407   8.896091925   8.959102787   9.02210811   9.085108013   9.148102607   9.211092   9.274076309   9.337055628   9.40003006   9.462999706   9.52596466   9.588925016   9.651880864   9.714832294   9.77777939   9.840722238   9.903660919   9.966595512   10.02952609   10.09245274   10.15537553   10.21829453   10.28120981   10.34412144   10.40702949   10.46993402   10.53283509   10.59573277   10.65862712   10.72151819   10.78440605   10.84729075   10.91017235   10.9730509   11.03592644   11.09879904   11.16166875   11.2245356   11.28739966   11.35026097   11.41311956   11.4759755   11.53882881   11.60167955   11.66452776   11.72737347   11.79021673   11.85305758   11.91589605   11.97873219   12.04156602   12.10439759   12.16722693   12.23005408   12.29287906   12.35570192   12.41852268   12.48134138   12.54415804   
4.306532663   0.01430398692   0.01835743615   0.02353134632   0.03011765417   0.03847340438   0.04902867049   0.06229136163   0.07884606401   0.09934320896   0.124474431   0.1549306166   0.1913415956   0.2342011588   0.2837875846   0.3400960636   0.4028018991   0.4712690549   0.5446073079   0.6217669731   0.701649416   0.7832092335   0.865530177   0.9478674503   1.029658782   1.110512496   1.19018229   1.268537039   1.345531273   1.421179467   1.495535315   1.56867599   1.640690761   1.711673125   1.78171564   1.850906721   1.919328829   1.987057608   2.054161637   2.120702589   2.186735601   2.252309787   2.317468785   2.382251324   2.446691757   2.510820571   2.574664841   2.638248647   2.701593437   2.764718353   2.827640518   2.890375279   2.952936425   3.015336379   3.077586358   3.139696516   3.201676067   3.263533393   3.325276138   3.386911288   3.448445243   3.50988388   3.571232604   3.632496399   3.693679869   3.754787275   3.815822568   3.876789415   3.937691231   3.998531195   4.059312275   4.120037243   4.180708694   4.241329059   4.30190062   4.36242552   4.422905771   4.483343273   4.543739812   4.604097075   4.664416653   4.724700053   4.784948699   4.845163938   4.905347048   4.965499243   5.025621671   5.085715426   5.145781546   5.20582102   5.265834789   5.325823748   5.385788752   5.445730615   5.505650114   5.565547994   5.625424962   5.685281696   5.745118847   5.804937034   5.864736853   5.924518872   5.984283638   6.044031674   6.103763482   6.163479545   6.223180326   6.282866269   6.342537801   6.402195334   6.461839264   6.521469969   6.581087818   6.640693161   6.70028634   6.759867681   6.819437501   6.878996102   6.93854378   6.998080818   7.057607488   7.117124056   7.176630777   7.236127897   7.295615654   7.35509428   7.414563996   7.47402502   7.533477558   7.592921814   7.652357983   7.711786255   7.771206812   7.830619833   7.890025491   7.949423951   8.008815377   8.068199926   8.127577749   8.186948996   8.246313809   8.305672329   8.36502469   8.424371025   8.483711461   8.543046119   8.602375129   8.6616986   8.721016648   8.780329385   8.839636918   8.898939353   8.958236791   9.017529333   9.076817075   9.136100111   9.195378533   9.254652431   9.313921892   9.373187   9.432447839   9.491704489   9.550957029   9.610205535   9.669450082   9.728690743   9.78792759   9.84716069   9.906390113   9.965615924   10.02483819   10.08405697   10.14327232   10.20248431   10.26169301   10.32089845   10.3801007   10.43929982   10.49849585   10.55768885   10.61687888   10.67606597   10.73525018   10.79443156   10.85361015   10.912786   10.97195915   11.03112966   11.09029755   11.14946287   11.20862567   11.26778597   11.32694384   11.38609929   11.44525236   11.50440311   11.56355155   11.62269773   11.68184168   11.74098344   11.80012303   
4.560301508   0.01077752149   0.01384457355   0.01776769718   0.02277516789   0.02914945555   0.03723598922   0.04745079069   0.06028507714   0.07630406836   0.09613640342   0.1204501603   0.1499120945   0.1851290982   0.2265754738   0.2745159271   0.3289401975   0.3895276408   0.4556558781   0.5264566209   0.6009079029   0.6779415234   0.7565422664   0.8358215048   0.9150580687   0.9937087552   1.071396497   1.147885657   1.223052526   1.296856517   1.369315113   1.440483678   1.510440143   1.579273934   1.647078343   1.71394551   1.779963333   1.845213726   1.909771793   1.97370562   2.037076427   2.099938962   2.162342003   2.224328904   2.285938159   2.347203935   2.408156563   2.468823003   2.529227244   2.589390668   2.649332375   2.709069458   2.76861725   2.82798954   2.887198759   2.946256139   3.005171856   3.06395515   3.122614434   3.181157387   3.239591029   3.297921799   3.356155611   3.414297909   3.472353718   3.530327681   3.588224097   3.646046956   3.703799965   3.761486576   3.819110003   3.876673253   3.934179131   3.991630269   4.04902913   4.106378028   4.163679138   4.220934506   4.278146057   4.335315609   4.392444876   4.449535477   4.506588946   4.56360673   4.620590203   4.677540668   4.734459359   4.791347449   4.848206053   4.905036231   4.961838991   5.018615293   5.075366054   5.132092146   5.188794401   5.245473614   5.302130545   5.358765919   5.415380431   5.471974745   5.528549495   5.585105292   5.641642719   5.698162335   5.754664677   5.81115026   5.867619578   5.924073106   5.980511301   6.036934601   6.093343429   6.14973819   6.206119275   6.262487061   6.318841909   6.375184169   6.431514177   6.487832258   6.544138726   6.600433882   6.656718018   6.712991415   6.769254345   6.825507072   6.881749849   6.937982922   6.994206528   7.050420897   7.106626251   7.162822805   7.219010767   7.27519034   7.331361719   7.387525092   7.443680644   7.499828552   7.555968989   7.612102122   7.668228113   7.72434712   7.780459295   7.836564788   7.892663742   7.948756296   8.004842588   8.060922749   8.116996908   8.173065189   8.229127714   8.285184601   8.341235964   8.397281914   8.453322563   8.509358013   8.565388371   8.621413733   8.677434199   8.733449861   8.789460819   8.845467156   8.901468962   8.957466323   9.013459322   9.069448042   9.12543256   9.181412956   9.237389304   9.293361678   9.349330151   9.405294791   9.461255668   9.517212849   9.573166398   9.62911638   9.685062857   9.74100589   9.796945538   9.852881859   9.90881491   9.964744747   10.02067142   10.07659499   10.1325155   10.18843301   10.24434756   10.30025921   10.35616799   10.41207397   10.46797717   10.52387765   10.57977545   10.63567061   10.69156318   10.74745319   10.80334068   10.8592257   10.91510828   10.97098846   11.02686628   11.08274177   11.13861496   
4.814070352   0.008130314841   0.01045169103   0.01342594509   0.01723032115   0.02208614412   0.02826726281   0.03610853078   0.04601317977   0.05845723958   0.07398831818   0.09321525082   0.1167847302   0.1453416389   0.1794721281   0.2196329566   0.2660767353   0.3187885639   0.3774518602   0.4414570777   0.5099562891   0.5819531136   0.6564073348   0.7323314039   0.8088619243   0.8852992254   0.9611173722   1.035952445   1.109578322   1.181877822   1.252814579   1.322408583   1.390716502   1.457816749   1.52379871   1.588755315   1.652778172   1.715954574   1.778365811   1.840086397   1.901183867   1.961718954   2.021745977   2.081313343   2.140464096   2.199236469   2.257664411   2.315778082   2.373604298   2.431166939   2.488487304   2.545584428   2.60247536   2.659175404   2.715698333   2.772056569   2.828261347   2.884322852   2.94025034   2.996052244   3.051736263   3.107309446   3.162778257   3.218148642   3.273426075   3.328615612   3.383721928   3.438749355   3.493701916   3.548583348   3.603397135   3.658146525   3.712834552   3.767464056   3.822037694   3.876557962   3.931027201   3.985447613   4.039821271   4.094150128   4.148436026   4.202680705   4.256885809   4.311052892   4.365183428   4.419278811   4.473340366   4.527369347   4.581366949   4.635334305   4.689272495   4.743182545   4.797065435   4.850922096   4.904753418   4.95856025   5.012343404   5.066103653   5.119841738   5.173558369   5.227254222   5.280929948   5.334586168   5.38822348   5.441842454   5.49544364   5.549027564   5.602594732   5.656145631   5.709680726   5.763200469   5.81670529   5.870195605   5.923671816   5.977134306   6.030583449   6.084019601   6.137443107   6.190854302   6.244253506   6.297641029   6.35101717   6.404382218   6.457736453   6.511080144   6.564413552   6.61773693   6.671050522   6.724354563   6.777649281   6.830934899   6.88421163   6.937479682   6.990739255   7.043990545   7.09723374   7.150469023   7.203696572   7.256916558   7.31012915   7.363334509   7.416532793   7.469724153   7.52290874   7.576086697   7.629258164   7.682423278   7.73558217   7.788734968   7.841881802   7.895022789   7.948158048   8.001287695   8.054411842   8.107530598   8.16064407   8.21375236   8.26685557   8.319953797   8.373047138   8.426135679   8.479219527   8.532298759   8.585373461   8.638443719   8.691509616   8.744571231   8.797628642   8.850681926   8.903731156   8.956776406   9.009817746   9.062855246   9.115888973   9.168918992   9.221945369   9.274968166   9.327987445   9.381003265   9.434015686   9.487024765   9.540030557   9.593033118   9.646032502   9.69902876   9.752021945   9.805012105   9.857999291   9.91098355   9.963964929   10.01694347   10.06991923   10.12289224   10.17586255   10.22883021   10.28179524   10.33475769   10.38771761   10.44067502   10.49362998   10.54658251   
5.067839196   0.006140416598   0.007898170187   0.0101532246   0.0130424783   0.01673808771   0.02145501367   0.02745921266   0.03507585852   0.04469647933   0.05678321235   0.07186756294   0.0905402716   0.1134285098   0.1411572223   0.1742936979   0.2132788073   0.2583543139   0.3095013459   0.3664073564   0.428474883   0.494874969   0.5646349504   0.6367404619   0.7102294372   0.7842616472   0.8581570932   0.931405571   1.003655068   1.074688006   1.144392997   1.212737342   1.279743139   1.345468059   1.409990786   1.473400506   1.535789675   1.597249284   1.65786595   1.717720297   1.7768862   1.835430613   1.89341375   1.950889475   2.007905803   2.064505445   2.120726352   2.176602238   2.23216307   2.287435508   2.342443305   2.39720766   2.451747531   2.506079907   2.56022005   2.614181704   2.667977272   2.721617981   2.775114014   2.828474631   2.881708275   2.93482266   2.98782485   3.040721332   3.093518071   3.146220566   3.198833898   3.251362767   3.303811531   3.356184238   3.408484655   3.460716291   3.51288242   3.564986102   3.617030204   3.669017409   3.720950237   3.772831054   3.824662086   3.876445431   3.928183064   3.97987685   4.03152855   4.083139831   4.134712268   4.186247353   4.237746503   4.28921106   4.340642298   4.392041429   4.443409605   4.494747922   4.546057424   4.597339106   4.648593916   4.699822758   4.751026498   4.802205959   4.853361931   4.904495169   4.955606393   5.006696295   5.057765537   5.108814752   5.15984455   5.210855514   5.261848203   5.312823155   5.363780886   5.414721893   5.465646653   5.516555625   5.567449249   5.618327952   5.669192141   5.720042212   5.770878545   5.821701505   5.872511441   5.923308707   5.974093618   6.024866497   6.07562765   6.126377372   6.177115951   6.227843661   6.278560771   6.329267539   6.379964215   6.430651041   6.481328251   6.531996071   6.582654726   6.633304422   6.683945368   6.734577763   6.785201802   6.835817673   6.886425557   6.937025631   6.987618066   7.038203033   7.088780689   7.139351193   7.189914696   7.240471348   7.291021292   7.341564668   7.392101613   7.442632259   7.493156734   7.543675163   7.59418767   7.644694371   7.695195382   7.745690815   7.796180783   7.846665371   7.897144735   7.947618925   7.998088058   8.048552228   8.099011528   8.149466053   8.199915888   8.250361122   8.300801838   8.351238119   8.401670033   8.452097697   8.502521149   8.552940477   8.603355754   8.65376705   8.704174436   8.75457798   8.804977749   8.855373806   8.905766216   8.95615504   9.006540339   9.056922173   9.107300599   9.157675674   9.208047453   9.258415989   9.308781339   9.35914355   9.409502675   9.459858764   9.510211864   9.560562024   9.61090929   9.661253707   9.711595319   9.761934172   9.812270306   9.862603765   9.912934588   9.963262817   10.01358849   
5.32160804   0.004642647236   0.005974331912   0.007684520787   0.009878539564   0.01268956925   0.01628508538   0.02087419425   0.02671559287   0.03412555311   0.04348484241   0.055242829   0.06991622435   0.08807915516   0.1103408854   0.1373080943   0.1695308282   0.2074354913   0.2512540623   0.3009642528   0.3562574985   0.4165477419   0.4810237592   0.5487349548   0.6186909431   0.689953231   0.7617029623   0.8332782271   0.9041832268   0.9740767931   1.042749068   1.110093835   1.176081605   1.240736247   1.304116201   1.36630025   1.427377261   1.487439126   1.546576158   1.604874254   1.662413331   1.7192666   1.775500412   1.83117444   1.886342077   1.941050928   1.995343355   2.049257011   2.102825365   2.156078176   2.209041933   2.261740252   2.314194218   2.3664227   2.418442617   2.47026918   2.521916089   2.573395722   2.624719287   2.675896955   2.726937984   2.777850817   2.828643175   2.879322132   2.929894188   2.980365323   3.030741053   3.081026478   3.131226318   3.181344952   3.23138645   3.281354599   3.331252931   3.381084742   3.430853116   3.480560939   3.530210918   3.579805594   3.629347354   3.678838446   3.728280988   3.777676976   3.827028293   3.876336723   3.925603948   3.974831563   4.02402108   4.073173932   4.122291477   4.171375009   4.220425754   4.269444881   4.3184335   4.367392672   4.416323406   4.465226664   4.514103364   4.562954386   4.611780566   4.660582706   4.709361574   4.758117902   4.806852395   4.855565725   4.904258537   4.952931451   5.001585061   5.050219936   5.098836625   5.147435653   5.196017526   5.244582731   5.293131734   5.341664987   5.390182922   5.438685958   5.487174496   5.535648925   5.584109617   5.632556933   5.680991222   5.729412819   5.777822048   5.826219223   5.874604645   5.922978608   5.971341394   6.019693276   6.068034518   6.116365377   6.1646861   6.212996926   6.261298088   6.309589811   6.357872312   6.406145803   6.454410489   6.502666567   6.55091423   6.599153665   6.647385054   6.695608572   6.743824389   6.792032673   6.840233583   6.888427276   6.936613905   6.984793616   7.032966555   7.081132873   7.129292665   7.177446106   7.225593309   7.273734399   7.321869499   7.369998727   7.418122198   7.466240025   7.514352316   7.562459179   7.610560717   7.658657032   7.706748222   7.754834383   7.802915609   7.850991992   7.89906362   7.94713058   7.995192958   8.043250836   8.091304295   8.139353414   8.187398269   8.235438936   8.283475489   8.331507999   8.379536535   8.427561182   8.475581962   8.523598983   8.571612297   8.619621964   8.667628045   8.715630601   8.76362969   8.811625368   8.859617692   8.907606716   8.955592493   9.003575076   9.051554516   9.099530863   9.147504165   9.19547447   9.243441826   9.291406276   9.339367874   9.387326653   9.435282662   9.483235941   9.531186533   
5.575376884   0.003513875598   0.00452337169   0.005820832104   0.007487061573   0.009624671837   0.01236340891   0.01586642347   0.02033741302   0.02602836871   0.03324734071   0.0423651603   0.05381940861   0.06811314658   0.0858051799   0.1074882722   0.1337522937   0.1651314555   0.202038926   0.2446978113   0.2930828709   0.3468894538   0.4055422871   0.4682467735   0.5340729228   0.6020526753   0.6712694319   0.7409241352   0.8103715828   0.879129231   0.9468658376   1.013378558   1.078565821   1.14240096   1.204909342   1.266149982   1.326201625   1.385152725   1.44309455   1.500116684   1.556304275   1.611736509   1.666485915   1.720618224   1.774192558   1.827261825   1.87987321   1.932068715   1.983885688   2.035357337   2.086513206   2.137379605   2.187979998   2.238335351   2.288464434   2.338384088   2.388109458   2.4376542   2.487030653   2.536249998   2.585322391   2.634257076   2.683062492   2.731746359   2.780315756   2.828777188   2.877136646   2.925399658   2.973571335   3.021656415   3.069659291   3.117584051   3.1654345   3.213214186   3.260926426   3.308574321   3.356160775   3.403688515   3.4511601   3.498577936   3.545944289   3.593261293   3.640530964   3.687755203   3.734935808   3.78207448   3.829172832   3.876232388   3.9232546   3.970240841   4.017192418   4.064110573   4.11099649   4.157851294   4.204676056   4.251471801   4.298239503   4.344980094   4.391694464   4.438383463   4.485047905   4.531688567   4.578306194   4.6249015   4.67147517   4.718027858   4.764560193   4.81107278   4.857566197   4.904041002   4.95049773   4.996936895   5.043358991   5.089764495   5.136153865   5.182527543   5.228885953   5.275229505   5.321558595   5.367873602   5.414174895   5.460462828   5.506737743   5.552999971   5.599249832   5.645487631   5.691713708   5.737928242   5.784131617   5.830324068   5.876505857   5.922677236   5.968838451   6.014989738   6.061131327   6.10726344   6.153386294   6.199500098   6.245605054   6.29170136   6.337789206   6.383868778   6.429940255   6.476003813   6.522059619   6.568107841   6.61414864   6.660182167   6.706208577   6.752228013   6.798240624   6.844246545   6.89024591   6.936238857   6.982225507   7.028205988   7.074180422   7.120148925   7.166111614   7.2120686   7.258019993   7.3039659   7.349906423   7.395841665   7.441771723   7.487696694   7.533616671   7.579531749   7.625442013   7.671347551   7.717248449   7.763144789   7.809036653   7.854924119   7.900807264   7.946686165   7.992560894   8.038431524   8.084298125   8.130160765   8.176019511   8.22187443   8.267725585   8.313573039   8.359416853   8.405257123   8.451093813   8.49692705   8.542756891   8.588583379   8.634406569   8.680226511   8.726043258   8.771856861   8.817667368   8.863474828   8.909279288   8.955080793   9.000879396   9.046675125   9.092468038   
5.829145729   0.002662169486   0.003427917009   0.004412711888   0.005678420794   0.00730386738   0.009389145883   0.01206081615   0.01547801751   0.01983943131   0.02539083029   0.03243264177   0.04132648656   0.05249902264   0.06644066577   0.08369603676   0.1048426344   0.1304547969   0.1610521311   0.1970356423   0.2386203532   0.2857784624   0.3382091513   0.3953473649   0.4564141374   0.5204987777   0.5866540831   0.6539838603   0.7217074631   0.7891951817   0.8559767206   0.9217299652   0.9862584749   1.049464869   1.111324982   1.171865447   1.231145693   1.289244325   1.346249308   1.402251238   1.457338941   1.511596793   1.565103234   1.617930102   1.670142499   1.721798987   1.772951983   1.823648247   1.873929413   1.923832516   1.973390499   2.022632681   2.071585185   2.120271319   2.168711919   2.21692565   2.264929266   2.312737844   2.360364982   2.407822979   2.455122981   2.502275119   2.549288621   2.596171915   2.642932714   2.689578096   2.736114567   2.782548122   2.828884297   2.875128213   2.921284617   2.967357914   3.013352206   3.059271311   3.105118792   3.15089798   3.196611992   3.242263749   3.287855991   3.333391295   3.378872081   3.424300631   3.469679096   3.515009505   3.560293776   3.605533721   3.650731058   3.695887411   3.741004322   3.786083253   3.831125594   3.876132664   3.92110572   3.966045956   4.01095451   4.055832468   4.100680864   4.145500686   4.190292876   4.235058336   4.279797926   4.32451247   4.369202758   4.413869544   4.458513552   4.503135475   4.547735977   4.592315698   4.63687525   4.681415221   4.725936177   4.77043866   4.814923193   4.859390279   4.903840402   4.948274026   4.992691602   5.037093561   5.081480319   5.125852278   5.170209827   5.214553338   5.258883173   5.303199679   5.347503194   5.391794043   5.43607254   5.480338989   5.524593683   5.568836908   5.613068937   5.657290037   5.701500466   5.745700474   5.789890297   5.834070184   5.878240362   5.922401013   5.966552394   6.010694698   6.054828124   6.098952869   6.143069121   6.187177063   6.231276876   6.275368731   6.319452797   6.363529238   6.407598213   6.451659875   6.495714377   6.539761863   6.583802477   6.627836355   6.671863633   6.715884442   6.759898904   6.80390716   6.847909314   6.891905481   6.9358958   6.979880359   7.023859276   7.067832655   7.111800601   7.155763215   7.199720595   7.243672838   7.287620036   7.331562282   7.375499664   7.41943227   7.463360185   7.507283491   7.551202269   7.5951166   7.639026559   7.682932222   7.726833664   7.770730956   7.814624168   7.858513371   7.902398628   7.94628001   7.990157577   8.034031395   8.077901523   8.121768023   8.165630953   8.20949037   8.253346331   8.297198892   8.341048106   8.384894025   8.428736702   8.472576188   8.516412531   8.56024578   8.604075984   8.647903188   8.691727437   
6.082914573   0.00201878445   0.002600022022   0.003347889987   0.004309688474   0.005545837494   0.007133316546   0.009169876449   0.01177911135   0.01511642707   0.01937583656   0.02479732599   0.03167423017   0.04035960195   0.05126994082   0.06488390687   0.08173294047   0.1023803669   0.127386119   0.1572562832   0.1923806424   0.2329668228   0.2789847948   0.3301374832   0.3858695313   0.4454167064   0.507886445   0.5723510875   0.6379335223   0.7038702814   0.7695460739   0.8345019658   0.8984242706   0.9611224206   1.022502838   1.082543577   1.141272347   1.198748863   1.255051498   1.310267679   1.364487292   1.417798385   1.470284548   1.52202347   1.57308629   1.623537479   1.673435036   1.722830885   1.771771355   1.820297711   1.868446669   1.916250902   1.963739501   2.010938394   2.057870729   2.104557208   2.151016382   2.197264914   2.243317806   2.289188594   2.334889528   2.380431717   2.425825261   2.471079366   2.516202444   2.561202197   2.606085695   2.650859442   2.695529434   2.74010121   2.784579895   2.828970242   2.873276668   2.917503281   2.961653911   3.005732132   3.049741287   3.093684506   3.137564721   3.181384687   3.225146993   3.268854073   3.312508222   3.356111605   3.399666264   3.44317413   3.486637028   3.530056689   3.57343475   3.616772766   3.660072211   3.703334486   3.746560925   3.789752793   3.832911299   3.876037591   3.919132765   3.962197867   4.005233895   4.048241802   4.091222499   4.134176858   4.177105712   4.220009859   4.262890063   4.305747057   4.348581544   4.391394196   4.43418566   4.476956557   4.519707485   4.562439013   4.605151696   4.647846062   4.690522621   4.733181864   4.775824264   4.818450276   4.861060338   4.903654875   4.946234293   4.988798987   5.031349336   5.073885707   5.116408454   5.158917919   5.201414433   5.243898316   5.286369875   5.328829412   5.371277214   5.413713561   5.456138724   5.498552966   5.540956541   5.583349695   5.625732666   5.668105686   5.710468979   5.752822763   5.795167239   5.837502639   5.879829135   5.922146929   5.964456208   6.006757154   6.049049944   6.091334749   6.133611737   6.175881069   6.218142902   6.260397393   6.302644688   6.344884932   6.387118268   6.429344832   6.471564759   6.513778178   6.555985216   6.598185999   6.640380642   6.682569268   6.724751988   6.76692891   6.809100156   6.851265817   6.893426003   6.935580813   6.977730346   7.019874697   7.06201396   7.104148242   7.146277586   7.188402124   7.230521926   7.272637074   7.314747651   7.356853735   7.398955403   7.441052731   7.483145792   7.525234658   7.567319401   7.609400088   7.651476788   7.693549566   7.735618486   7.777683611   7.819745003   7.861802723   7.903856829   7.945907379   7.98795443   8.029998036   8.072038252   8.114075132   8.156108726   8.198139085   8.240166261   8.2821903   8.324211251   
6.336683417   0.00153223783   0.001973718676   0.00254197927   0.00327314875   0.004213470033   0.005422012134   0.006974032395   0.008965093321   0.01151601978   0.01477873157   0.01894288306   0.02424305837   0.03096597212   0.03945668117   0.05012220702   0.06343024536   0.07989994916   0.1000814396   0.1245212436   0.1537128866   0.1880357597   0.2276906942   0.2726457157   0.3226073995   0.3770296093   0.4351620314   0.4961291729   0.5590217381   0.622980511   0.6872581017   0.7512526827   0.8145158963   0.8767418679   0.9377454381   0.997436493   1.055795071   1.112849794   1.168660553   1.223305425   1.276871253   1.329447192   1.381120497   1.431973969   1.482084539   1.53152265   1.58035214   1.628630449   1.676409004   1.723733705   1.770645444   1.817180618   1.863371627   1.909247329   1.954833456   2.00015299   2.045226494   2.090072402   2.134707282   2.179146053   2.223402189   2.267487884   2.311414205   2.355191216   2.398828098   2.442333241   2.485714333   2.528978434   2.572132039   2.615181143   2.658131282   2.700987584   2.743754806   2.786437369   2.829039387   2.871564699   2.914016887   2.956399303   2.998715087   3.040967182   3.083158352   3.125291198   3.167368166   3.209391562   3.251363561   3.293286218   3.335161474   3.376991167   3.418777038   3.460520736   3.502223826   3.543887795   3.585514054   3.627103946   3.668658749   3.710179679   3.751667898   3.79312451   3.834550571   3.875947089   3.917315026   3.958655302   3.999968798   4.041256355   4.082518782   4.12375685   4.1649713   4.206162842   4.247332159   4.288479904   4.329606706   4.370713168   4.41179987   4.452867371   4.493916207   4.534946895   4.575959932   4.616955798   4.657934954   4.698897844   4.739844898   4.78077653   4.821693139   4.86259511   4.903482816   4.944356616   4.985216857   5.026063875   5.066897995   5.10771953   5.148528784   5.189326051   5.230111615   5.270885751   5.311648727   5.3524008   5.393142221   5.433873233   5.47459407   5.515304961   5.556006127   5.596697783   5.637380137   5.678053391   5.718717742   5.75937338   5.800020491   5.840659254   5.881289845   5.921912433   5.962527183   6.003134257   6.043733811   6.084325996   6.12491096   6.165488848   6.206059796   6.246623948   6.287181435   6.327732381   6.368276915   6.408815161   6.449347236   6.489873259   6.530393343   6.57090759   6.611416132   6.651919052   6.692416459   6.732908454   6.773395134   6.813876596   6.854352932   6.894824251   6.935290589   6.975752085   7.016208807   7.056660824   7.097108256   7.137551143   7.177989574   7.218423626   7.258853372   7.299278884   7.339700233   7.380117487   7.420530714   7.460939979   7.501345347   7.541746881   7.582144643   7.622538692   7.662929089   7.703315891   7.743699154   7.784078934   7.824455284   7.864828259   7.905197911   7.945564284   7.985927444   
6.590452261   0.001163917898   0.001499468797   0.001931506928   0.002487612468   0.003203141155   0.004123345708   0.005306029809   0.006824837884   0.008773283002   0.01126959662   0.01446243404   0.01853736841   0.023723926   0.03030262386   0.03861103462   0.0490473105   0.06206889017   0.07818343716   0.0979287342   0.1218387932   0.1503954334   0.1839683899   0.2227522294   0.266713276   0.3155616605   0.3687600266   0.4255712378   0.4851359157   0.5465620642   0.6090072957   0.6717393117   0.7341688943   0.7958575623   0.8565067069   0.9159361677   0.9740590003   1.030857021   1.086359626   1.140626796   1.193736255   1.245774234   1.296829136   1.346987421   1.396331096   1.444936339   1.492872898   1.540203985   1.586986477   1.633271312   1.67910396   1.724524941   1.769570332   1.814272259   1.858659346   1.902757126   1.946588412   1.990173624   2.033531078   2.07667724   2.119626947   2.162393602   2.204989342   2.247425187   2.289711164   2.331856422   2.373869327   2.415757549   2.457528132   2.499187564   2.540741831   2.582196466   2.623556596   2.664826977   2.706012033   2.747115883   2.788142369   2.829095081   2.869977377   2.910792403   2.951543112   2.992232278   3.032862507   3.073436257   3.113955843   3.15442345   3.194841141   3.235210869   3.275534481   3.315813727   3.356050267   3.396245675   3.436401448   3.476519006   3.516599702   3.556644824   3.596655597   3.63663319   3.676578718   3.716493245   3.756377788   3.796233317   3.836060761   3.875861009   3.915634911   3.955383281   3.9951069   4.034806517   4.074482848   4.114136582   4.153768382   4.193378882   4.232968692   4.2725384   4.31208857   4.351619744   4.391132447   4.430627181   4.470104431   4.509564665   4.549008334   4.588435871   4.627847696   4.667244213   4.706625814   4.745992876   4.785345762   4.824684826   4.864010407   4.903322834   4.942622427   4.981909492   5.021184329   5.060447226   5.099698462   5.138938308   5.178167026   5.217384871   5.256592089   5.295788918   5.334975592   5.374152333   5.413319362   5.452476888   5.491625119   5.530764253   5.569894485   5.609016002   5.648128988   5.68723362   5.726330072   5.765418512   5.804499103   5.843572003   5.882637369   5.92169535   5.960746093   5.999789741   6.038826432   6.077856302   6.116879482   6.155896101   6.19490628   6.233910153   6.272907826   6.31189942   6.350885046   6.389864816   6.428838837   6.467807213   6.506770047   6.545727438   6.584679484   6.62362628   6.662567918   6.701504489   6.740436081   6.779362782   6.818284675   6.857201842   6.896114365   6.935022321   6.973925786   7.012824843   7.051719556   7.090610001   7.129496247   7.168378364   7.207256419   7.246130477   7.285000605   7.323866862   7.362729311   7.401588016   7.440443031   7.479294415   7.518142227   7.55698652   7.595827349   7.634664767   7.673498827   
6.844221106   0.0008848250931   0.00114002948   0.001468692915   0.001891862724   0.002436552623   0.003137392024   0.004038703734   0.005197103157   0.006684720065   0.008593143003   0.01103816818   0.01416538569   0.01815653681   0.02323639948   0.02967967313   0.03781690613   0.04803792832   0.06079055681   0.07657168204   0.09590752464   0.1193203803   0.1472811254   0.1801504963   0.2181172641   0.2611462612   0.308951078   0.3610027314   0.4165765851   0.4748285056   0.5348828321   0.5959130413   0.6572010372   0.7181694437   0.7783890304   0.8375679675   0.8955307317   0.9521932888   1.007539056   1.061598084   1.114430372   1.166113247   1.216732304   1.266375188   1.315127558   1.363070631   1.410279838   1.456824239   1.50276642   1.548162708   1.593063549   1.637513989   1.681554177   1.725219872   1.768542924   1.811551723   1.854271602   1.896725204   1.938932804   1.980912595   2.022680941   2.064252592   2.105640878   2.146857877   2.187914557   2.228820904   2.269586035   2.310218286   2.350725307   2.391114125   2.431391214   2.471562551   2.511633663   2.551609671   2.59149533   2.631295065   2.671012995   2.710652965   2.750218569   2.789713169   2.829139919   2.868501775   2.907801518   2.947041764   2.986224976   3.025353477   3.064429461   3.103454999   3.142432052   3.181362475   3.220248028   3.259090377   3.297891107   3.336651722   3.375373651   3.414058255   3.45270683   3.49132061   3.529900772   3.568448439   3.606964683   3.645450527   3.683906951   3.722334891   3.760735242   3.799108862   3.837456573   3.875779163   3.914077385   3.952351966   3.9906036   4.028832954   4.067040672   4.105227368   4.143393637   4.181540049   4.219667152   4.257775475   4.295865527   4.333937799   4.371992764   4.410030877   4.448052577   4.48605829   4.524048425   4.562023377   4.599983528   4.637929247   4.675860891   4.713778804   4.751683321   4.789574764   4.827453444   4.865319665   4.903173718   4.941015888   4.978846448   5.016665665   5.054473796   5.092271092   5.130057795   5.16783414   5.205600355   5.243356661   5.281103275   5.318840403   5.35656825   5.394287012   5.431996879   5.469698039   5.507390672   5.545074953   5.582751053   5.620419139   5.658079371   5.695731908   5.733376903   5.771014504   5.808644856   5.846268101   5.883884376   5.921493815   5.95909655   5.996692706   6.034282408   6.071865778   6.109442932   6.147013985   6.184579046   6.222138261   6.259691736   6.297239397   6.334781576   6.372318288   6.409849629   6.447375693   6.484896575   6.522412361   6.559923142   6.597429015   6.634930028   6.6724263   6.709917897   6.747404899   6.784887384   6.822365425   6.859839095   6.897308465   6.93477361   6.972234594   7.009691485   7.047144349   7.08459325   7.122038251   7.159479413   7.196916798   7.234350463   7.271780468   7.309206867   7.346629714   7.384049071   
7.09798995   0.0006731494818   0.0008673692794   0.001117538684   0.001439717639   0.001854538028   0.002388480262   0.003075489955   0.003959014454   0.005094550496   0.006552801948   0.008423545666   0.01082028547   0.0138857262   0.01779800247   0.02277742336   0.02909321369   0.03706931274   0.04708772156   0.05958720885   0.07505453779   0.09400506638   0.1169500926   0.1443502367   0.1765578239   0.2137562473   0.2559090294   0.3027331248   0.3537075472   0.4081195393   0.4651394217   0.5239069858   0.5836107042   0.6435458762   0.7031462756   0.7619913596   0.8197956421   0.8763879146   0.9316868248   0.9856772341   1.038389751   1.089884328   1.140237864   1.189535299   1.237863517   1.285307379   1.331947317   1.377858023   1.423107875   1.467758843   1.511866706   1.555481428   1.598647633   1.641405101   1.683789275   1.725831733   1.767560628   1.809001095   1.850175603   1.891104283   1.931805203   1.972294622   2.012587201   2.052696196   2.092633621   2.13241039   2.172036448   2.211520873   2.250871973   2.290097371   2.329204077   2.368198549   2.407086751   2.445874201   2.484566014   2.523166941   2.561681404   2.600113522   2.63846714   2.676745853   2.714953028   2.753091821   2.791165193   2.829175931   2.867126654   2.905019834   2.942857798   2.980642747   3.018376759   3.056061803   3.09369974   3.131292337   3.168841269   3.206348126   3.243814421   3.28124159   3.318631002   3.355983959   3.393301703   3.430585418   3.467836235   3.505055231   3.542243438   3.579401842   3.616531386   3.653632971   3.690707463   3.72775569   3.764778444   3.801776489   3.838750553   3.875701339   3.912629521   3.949535745   3.986420635   4.023284788   4.060128781   4.096953169   4.133758483   4.17054524   4.207313935   4.244065045   4.280799031   4.317516337   4.354217393   4.390902613   4.427572395   4.464227128   4.500867184   4.537492924   4.574104697   4.61070284   4.647287681   4.683859534   4.720418707   4.756965496   4.793500186   4.830023058   4.866534379   4.903034412   4.939523409   4.976001617   5.012469274   5.04892661   5.085373851   5.121811215   5.158238913   5.194657151   5.231066128   5.267466039   5.303857072   5.34023941   5.376613233   5.412978713   5.449336018   5.485685314   5.52202676   5.55836051   5.594686718   5.631005529   5.667317087   5.703621532   5.739919001   5.776209626   5.812493536   5.848770856   5.885041711   5.92130622   5.957564499   5.993816664   6.030062824   6.066303089   6.102537563   6.138766351   6.17498955   6.211207283   6.247419603   6.283626618   6.319828439   6.356025144   6.39221682   6.428403554   6.464585428   6.500762524   6.536934923   6.573102702   6.609265937   6.645424703   6.681579074   6.71772912   6.753874897   6.790016517   6.826154003   6.862287436   6.898416877   6.934542394   6.970664044   7.006781889   7.042895987   7.079006396   7.115113173   
7.351758794   0.000512466904   0.0006603659424   0.0008508972074   0.001096315395   0.001412375337   0.001819316894   0.002343117248   0.003017076774   0.003883816744   0.004997778344   0.006428320026   0.008263509259   0.010614687   0.01362183601   0.0174596884   0.02234433772   0.02853984505   0.03636391686   0.04619117247   0.05845185126   0.07362317374   0.09221026802   0.1147140837   0.1415856039   0.1731692717   0.2096434752   0.250970585   0.2968708261   0.3468308591   0.4001492356   0.4560099998   0.5135676073   0.5720247177   0.6306892989   0.6890056472   0.7465613992   0.8030770208   0.8583853304   0.9124074551   0.9651295648   1.016582739   1.066826833   1.11593829   1.164001387   1.211102244   1.257324929   1.3027491   1.347448715   1.391491481   1.434938763   1.477845797   1.520262072   1.562231792   1.603794378   1.644984955   1.68583483   1.726371925   1.766621171   1.806604869   1.846343   1.88585351   1.925152549   1.964254688   2.003173106   2.041919752   2.080505486   2.118940206   2.15723295   2.195391996   2.233424941   2.27133877   2.309139925   2.346834356   2.38442757   2.421924673   2.45933041   2.496649198   2.533885154   2.571042122   2.608123698   2.645133248   2.682073931   2.718948711   2.755760379   2.792511557   2.829204721   2.865842205   2.902426214   2.938958833   2.975442034   3.011877686   3.048267562   3.084613343   3.120916626   3.157178928   3.193401694   3.229586298   3.265734049   3.301846196   3.337923928   3.373968382   3.409980644   3.44596175   3.481912693   3.517834421   3.553727843   3.589593829   3.625433214   3.661246796   3.697035342   3.73279959   3.768540246   3.804257989   3.839953471   3.875627322   3.911280143   3.946912516   3.982525001   4.018118136   4.05369244   4.089248413   4.124786538   4.16030728   4.195811088   4.231298395   4.266769619   4.302225164   4.337665422   4.373090769   4.40850157   4.443898178   4.479280934   4.514650168   4.550006201   4.585349341   4.620679889   4.655998135   4.69130436   4.726598837   4.761881831   4.797153598   4.832414387   4.867664439   4.902903989   4.938133263   4.973352484   5.008561864   5.043761613   5.078951933   5.114133021   5.149305068   5.184468259   5.219622776   5.254768795   5.289906486   5.325036015   5.360157546   5.395271235   5.430377236   5.465475698   5.500566768   5.535650587   5.570727293   5.605797037   5.640859902   5.675916064   5.710965632   5.746008727   5.781045469   5.816075972   5.85110035   5.886118714   5.921131169   5.956137822   5.991138775   6.026134129   6.06112398   6.096108424   6.131087554   6.166061461   6.201030249   6.235993963   6.270952742   6.305906616   6.340855706   6.375800078   6.410739809   6.445674976   6.480605653   6.515531913   6.550453826   6.585371461   6.62028489   6.655194175   6.690099384   6.725000579   6.759897824   6.79479118   6.829680707   6.864566462   
7.605527638   0.0003903936253   0.0005030857493   0.0006482772696   0.0008353205044   0.001076245748   0.00138651931   0.001786010348   0.002300220179   0.002961839039   0.003812707069   0.004906267348   0.006310606155   0.008112174675   0.01042026888   0.01337229791   0.01713977713   0.02193481501   0.02801659174   0.03569692309   0.04534345323   0.05737836399   0.07226986433   0.09051342688   0.1126002419   0.1389722157   0.1699663872   0.2057564738   0.2463038325   0.2913318663   0.3403345579   0.3926212418   0.4473890212   0.5038062768   0.5610891333   0.6185575589   0.6756658017   0.7320092171   0.7873138697   0.8414163462   0.8942400727   0.9457724085   0.9960448291   1.045117051   1.09306504   1.139972404   1.185924503   1.231004618   1.275291642   1.318858814   1.361773177   1.404095499   1.445880484   1.487177152   1.528029294   1.568475972   1.608552003   1.648288422   1.68771292   1.726850229   1.765722477   1.804349501   1.842749118   1.880937372   1.918928742   1.956736328   1.994372013   2.031846601   2.06916994   2.10635103   2.143398113   2.180318758   2.217119927   2.253808041   2.290389035   2.326868402   2.363251239   2.399542283   2.435745944   2.471866335   2.507907297   2.543872425   2.579765085   2.615588435   2.651345442   2.687038898   2.72267143   2.758245514   2.793763491   2.829227567   2.864639833   2.900002266   2.935316739   2.970585031   3.005808828   3.040989732   3.076129266   3.11122888   3.146289953   3.181313802   3.216301678   3.25125478   3.286174247   3.321061172   3.355916596   3.390741519   3.425536893   3.460303632   3.495042613   3.529754675   3.564440622   3.599101227   3.633737231   3.668349346   3.702938256   3.737504619   3.772049067   3.806572209   3.841074629   3.875556893   3.910019542   3.944463102   3.978888075   4.01329495   4.047684194   4.082056262   4.116411589   4.1507506   4.185073701   4.219381288   4.25367374   4.287951426   4.322214704   4.356463917   4.3906994   4.424921475   4.459130455   4.493326644   4.527510335   4.56168181   4.595841352   4.629989222   4.664125681   4.698250981   4.732365366   4.766469074   4.800562334   4.834645371   4.8687184   4.902781633   4.936835276   4.970879526   5.004914578   5.03894062   5.072957836   5.106966403   5.140966494   5.174958278   5.20894192   5.242917579   5.276885411   5.310845568   5.344798196   5.37874344   5.41268144   5.446612333   5.480536251   5.514453325   5.548363681   5.582267442   5.616164729   5.650055658   5.683940347   5.717818904   5.751691441   5.785558063   5.819418868   5.853273976   5.88712347   5.920967448   5.954806009   5.988639244   6.022467244   6.056290097   6.090107889   6.123920704   6.157728626   6.191531749   6.225330109   6.259123826   6.292912962   6.32669759   6.360477783   6.39425361   6.428025143   6.461792447   6.49555559   6.529314636   6.56306965   6.596820693   6.630567826   
7.859296482   0.0002975813375   0.0003834960364   0.000494197029   0.0006368231579   0.0008205614634   0.00105722962   0.001362020566   0.00175445222   0.00225957503   0.002909501141   0.003745330602   0.004819560839   0.006199072841   0.007968786514   0.01023606047   0.01313586576   0.01683667061   0.02154680878   0.02752083766   0.03506499458   0.04454031942   0.05636136679   0.07098781826   0.08890601432   0.1105979218   0.13649688   0.1669329559   0.2020754982   0.2418849708   0.2860878652   0.3341851832   0.3854965561   0.4392315322   0.494571744   0.5507461138   0.6070860008   0.6630550843   0.7182560193   0.7724201487   0.8253875946   0.8770839211   0.9274975709   0.9766603514   1.024631804   1.071487404   1.117310088   1.162184456   1.206193016   1.249413906   1.291919655   1.333776656   1.37504509   1.415779138   1.456027356   1.495833132   1.535235173   1.574267988   1.612962348   1.651345712   1.689442616   1.727275016   1.764862603   1.802223067   1.839372344   1.876324821   1.913093518   1.94969025   1.986125764   2.022409857   2.058551488   2.094558864   2.130439521   2.166200399   2.201847896   2.237387929   2.272825978   2.308167126   2.343416103   2.378577309   2.413654852   2.44865257   2.483574054   2.518422668   2.553201571   2.587913728   2.622561933   2.657148814   2.691676851   2.726148384   2.760565626   2.794930669   2.829245494   2.863511979   2.897731906   2.931906965   2.966038763   3.000128829   3.034178617   3.06818951   3.10216283   3.136099834   3.170001724   3.203869646   3.237704697   3.271507923   3.305280328   3.339022871   3.37273647   3.406422006   3.440080323   3.47371223   3.507318505   3.540899893   3.574457111   3.607990847   3.641501765   3.674990499   3.708457663   3.741903848   3.775329621   3.808735528   3.842122099   3.875489841   3.908839245   3.942170784   3.975484915   4.008782079   4.042062702   4.075327195   4.108575956   4.14180937   4.175027809   4.208231632   4.241421188   4.274596813   4.307758833   4.340907566   4.374043316   4.40716638   4.440277047   4.473375594   4.506462292   4.539537403   4.572601181   4.605653874   4.638695721   4.671726955   4.704747802   4.737758482   4.770759207   4.803750185   4.836731618   4.869703702   4.902666627   4.935620578   4.968565736   5.001502276   5.03443037   5.067350182   5.100261875   5.133165607   5.166061532   5.198949797   5.23183055   5.264703933   5.297570083   5.330429136   5.363281222   5.396126471   5.428965008   5.461796954   5.494622429   5.527441548   5.560254426   5.593061172   5.625861896   5.658656701   5.691445692   5.72422897   5.757006631   5.789778773   5.82254549   5.855306872   5.88806301   5.920813991   5.953559902   5.986300824   6.019036842   6.051768034   6.084494479   6.117216254   6.149933433   6.182646116   6.215354298   6.248058126   6.280757643   6.313452916   6.346144011   6.378830994   6.411513927   
8.113065327   0.0002269652302   0.000292500668   0.0003769484968   0.0004857594091   0.000625950343   0.0008065514505   0.00103917858   0.001338765173   0.001724495746   0.002220992768   0.002859819652   0.003681373949   0.004737255478   0.006093201195   0.007832677596   0.01006120449   0.01291143899   0.01654895748   0.02117851164   0.02705027239   0.03446518443   0.04377802283   0.05539610864   0.06977103883   0.08738050004   0.1086977252   0.134147951   0.1640546663   0.1985831229   0.2376929987   0.281113786   0.3283532232   0.3787407877   0.4314979066   0.4858188431   0.5409447044   0.5962176807   0.6511104062   0.7052324527   0.7583201504   0.8102169459   0.8608503966   0.9102099353   0.9583276452   1.005262864   1.051090564   1.095893009   1.13975405   1.182755431   1.224974545   1.266483227   1.307347229   1.347626156   1.387373676   1.426637889   1.465461785   1.503883724   1.54193791   1.579654853   1.617061784   1.654183042   1.691040415   1.727653444   1.764039698   1.800215001   1.836193649   1.871988581   1.907611543   1.943073222   1.978383366   2.01355089   2.048583964   2.083490094   2.11827619   2.15294863   2.187513311   2.221975696   2.256340857   2.290613511   2.32479805   2.358898576   2.392918921   2.42686267   2.460733186   2.494533625   2.528266953   2.561935961   2.59554328   2.629091389   2.662582631   2.696019221   2.729403252   2.76273671   2.796021475   2.829259332   2.862451975   2.895601015   2.928707984   2.96177434   2.994801471   3.027790703   3.060743296   3.093660458   3.126543339   3.159393039   3.192210611   3.22499706   3.257753352   3.290480408   3.323179114   3.355850317   3.388494833   3.421113441   3.453706893   3.486275908   3.51882118   3.551343374   3.583843132   3.61632107   3.648777781   3.681213839   3.713629793   3.746026176   3.778403499   3.810762256   3.843102924   3.875425964   3.90773182   3.940020921   3.972293683   4.004550506   4.036791778   4.069017874   4.101229158   4.133425979   4.165608678   4.197777587   4.229933018   4.262075287   4.29420469   4.326321517   4.358426051   4.390518564   4.422599322   4.45466858   4.486726589   4.51877359   4.550809819   4.582835505   4.614850869   4.646856126   4.678851486   4.710837154   4.742813327   4.774780197   4.806737953   4.838686777   4.870626845   4.902558331   4.934481404   4.966396226   4.998302957   5.030201753   5.062092764   5.093976139   5.125852021   5.157720551   5.189581863   5.221436093   5.25328337   5.28512382   5.316957567   5.348784732   5.380605433   5.412419784   5.444227897   5.476029882   5.507825847   5.539615894   5.571400127   5.603178645   5.634951529   5.666718923   5.698480871   5.73023748   5.76198884   5.793735037   5.825476156   5.85721228   5.88894349   5.920669866   5.952391486   5.984108426   6.01582076   6.047528561   6.0792319   6.110930848   6.142625472   6.174315828   6.206002018   
8.366834171   0.000173200551   0.0002232165478   0.0002876695494   0.0003707225587   0.0004777362294   0.0006156115838   0.0007932295928   0.001022014193   0.001316652083   0.001696010755   0.002184305735   0.002812578673   0.003620559156   0.004658993537   0.005992531015   0.007703256198   0.00989494064   0.01269804153   0.01627538606   0.02082832072   0.02660284697   0.03389487934   0.04305323961   0.05447837658   0.06861420877   0.08593020743   0.1068913199   0.1319151051   0.1613188329   0.1952639052   0.2337093074   0.2763874485   0.3228125387   0.3723234838   0.4241530642   0.4775076015   0.5316398217   0.5859022314   0.639775982   0.6928772118   0.7449469724   0.7958318439   0.8454612465   0.8938255198   0.9409569744   0.9869147203   1.031773218   1.07561406   1.11852036   1.160573105   1.201848961   1.242419078   1.282348581   1.321696509   1.360516026   1.398854786   1.436755388   1.474255848   1.511390073   1.548188312   1.584677573   1.620882   1.656823212   1.692520607   1.727991625   1.763251986   1.798315888   1.833196193   1.867904576   1.902451664   1.936847154   1.971099916   2.005218082   2.039209125   2.073079928   2.106836845   2.140485753   2.174032096   2.207480934   2.24083697   2.274104587   2.307287878   2.340390669   2.37341654   2.406368849   2.43925075   2.472065207   2.504815009   2.537502787   2.570131021   2.602702053   2.635218099   2.667681257   2.700093511   2.732456745   2.764772747   2.797043213   2.829269757   2.861453915   2.893597147   2.925700847   2.957766341   2.989794896   3.02178772   3.05374597   3.085670749   3.117563113   3.149424072   3.181254594   3.213055606   3.244827997   3.276572619   3.308290289   3.339981792   3.371647883   3.403289285   3.434906696   3.466500785   3.498072196   3.52962155   3.561149444   3.592656454   3.624143134   3.655610019   3.687057624   3.718486447   3.749896968   3.78128965   3.812664942   3.844023275   3.875365068   3.906690725   3.938000636   3.96929518   4.000574723   4.031839617   4.063090207   4.094326823   4.125549789   4.156759415   4.187956003   4.219139846   4.250311228   4.281470425   4.312617704   4.343753323   4.374877536   4.405990587   4.437092712   4.468184143   4.499265104   4.530335811   4.561396476   4.592447312   4.62348851   4.654520267   4.685542774   4.716556214   4.747560767   4.778556608   4.809543906   4.840522828   4.871493534   4.902456181   4.933410923   4.964357908   4.995297283   5.026229188   5.057153763   5.088071141   5.118981454   5.149884831   5.180781396   5.211671272   5.242554577   5.273431429   5.30430194   5.335166221   5.366024382   5.396876527   5.427722759   5.458563181   5.489397889   5.520226982   5.551050552   5.581868692   5.612681493   5.643489041   5.674291424   5.705088725   5.735881027   5.76666841   5.797450954   5.828228734   5.859001828   5.889770308   5.920534247   5.951293717   5.982048785   6.012799521   
8.620603015   0.0001322397851   0.0001704302564   0.0002196462517   0.0002830683271   0.0003647928926   0.0004700948482   0.0006057648174   0.00078054169   0.001005666627   0.001295591325   0.001668881349   0.002149364653   0.002767585971   0.003562638742   0.004584456508   0.005896652551   0.007579995472   0.009736591969   0.01249480433   0.0160148419   0.02049480893   0.02617673722   0.03335175271   0.04236301071   0.05360442021   0.06751259486   0.08454919365   0.1051712901   0.1297891551   0.1587141677   0.1921041051   0.2299173432   0.2718891253   0.3175398866   0.3662175712   0.4171658265   0.4696025015   0.5227914184   0.5760949249   0.6290022867   0.681135887   0.7322412552   0.7821679311   0.8308470798   0.8782698734   0.9244688074   0.9695027437   1.013445626   1.056378382   1.098383392   1.139540905   1.179926869   1.219611762   1.258660097   1.297130357   1.335075211   1.372541877   1.409572567   1.446204961   1.482472674   1.518405699   1.554030821   1.589371993   1.624450667   1.659286097   1.693895599   1.728294783   1.762497756   1.796517296   1.83036501   1.864051465   1.897586305   1.930978355   1.964235708   1.997365803   2.030375495   2.063271112   2.096058509   2.128743115   2.161329971   2.193823768   2.22622888   2.258549388   2.29078911   2.322951623   2.355040278   2.387058224   2.419008424   2.450893665   2.482716575   2.514479634   2.546185185   2.577835444   2.609432508   2.640978364   2.672474897   2.703923897   2.735327062   2.76668601   2.798002276   2.829277326   2.860512554   2.891709291   2.922868807   2.953992314   2.98508097   3.016135882   3.04715811   3.078148667   3.109108524   3.140038613   3.170939824   3.201813014   3.232659003   3.263478581   3.294272503   3.325041499   3.355786268   3.386507484   3.417205793   3.44788182   3.478536164   3.509169406   3.539782102   3.570374791   3.60094799   3.631502202   3.662037908   3.692555575   3.723055654   3.753538581   3.784004775   3.814454645   3.844888584   3.875306972   3.905710178   3.936098558   3.966472458   3.996832213   4.027178147   4.057510573   4.087829797   4.118136113   4.148429807   4.178711159   4.208980435   4.239237902   4.269483809   4.299718405   4.329941928   4.360154613   4.390356685   4.420548363   4.450729862   4.480901389   4.511063147   4.541215332   4.571358135   4.601491742   4.631616336   4.661732091   4.69183918   4.72193777   4.752028024   4.7821101   4.812184155   4.842250337   4.872308794   4.90235967   4.932403104   4.962439233   4.992468188   5.022490101   5.052505097   5.0825133   5.112514831   5.142509807   5.172498343   5.202480551   5.232456541   5.26242642   5.292390292   5.322348259   5.352300422   5.382246878   5.412187722   5.442123048   5.472052946   5.501977506   5.531896815   5.561810958   5.591720019   5.621624079   5.651523219   5.681417516   5.711307046   5.741191886   5.771072107   5.800947782   5.830818981   
8.874371859   0.0001010149124   0.0001301894628   0.0001677878015   0.0002162407132   0.0002786794368   0.0003591368629   0.0004628060956   0.0005963724546   0.0007684393066   0.000990073472   0.001275502497   0.001643003954   0.002116036121   0.002724669762   0.003507391548   0.004513359762   0.005805199638   0.007462424618   0.009585553551   0.0123009508   0.01576632917   0.02017670108   0.02577031311   0.03283372564   0.0417046922   0.05277088863   0.06646196828   0.08323214944   0.103531011   0.1277618944   0.1562305893   0.1890914529   0.2263023255   0.2676012059   0.3125145214   0.360398892   0.4105083789   0.462071866   0.514363787   0.5667558915   0.6187451876   0.6699600064   0.7201501327   0.7691679061   0.8169461302   0.8634767432   0.9087923882   0.9529516624   0.9960279898   1.038101639   1.079254269   1.119565399   1.159110277   1.197958722   1.236174645   1.273815986   1.310934929   1.347578263   1.383787822   1.419600956   1.455050991   1.490167668   1.524977555   1.559504413   1.593769532   1.627792021   1.661589072   1.695176189   1.728567384   1.761775356   1.794811641   1.827686745   1.860410259   1.892990963   1.925436908   1.957755502   1.989953567   2.022037407   2.054012856   2.085885321   2.117659828   2.149341054   2.180933361   2.21244082   2.24386724   2.275216191   2.306491019   2.337694868   2.368830696   2.399901288   2.43090927   2.46185712   2.492747181   2.523581668   2.554362678   2.5850922   2.615772118   2.646404224   2.676990218   2.707531718   2.738030263   2.76848732   2.798904286   2.829282495   2.859623217   2.889927669   2.920197011   2.950432353   2.980634757   3.010805241   3.040944778   3.071054301   3.101134706   3.131186852   3.161211562   3.191209628   3.22118181   3.25112884   3.28105142   3.310950226   3.340825909   3.370679096   3.40051039   3.430320373   3.460109606   3.489878628   3.519627963   3.549358113   3.579069579   3.608762785   3.63843823   3.668096337   3.69773753   3.727362217   3.756970795   3.786563648   3.816141146   3.845703649   3.875251504   3.904785048   3.934304608   3.9638105   3.993303031   4.022782499   4.052249191   4.081703389   4.111145363   4.140575378   4.16999369   4.199400547   4.228796191   4.258180856   4.287554772   4.316918158   4.346271232   4.375614203   4.404947275   4.434270645   4.463584508   4.492889051   4.522184456   4.551470902   4.580748564   4.610017609   4.639278201   4.668530501   4.697774666   4.727010848   4.756239194   4.785459851   4.814672958   4.843878655   4.873077074   4.902268348   4.931452603   4.960629965   4.989800556   5.018964495   5.048121897   5.077272876   5.106417543   5.135556007   5.164688372   5.193814742   5.222935219   5.252049901   5.281158884   5.310262262   5.339360129   5.368452574   5.397539685   5.426621549   5.455698249   5.48476987   5.513836491   5.542898192   5.57195505   5.601007141   5.630054539   5.659097317   
9.128140704   7.719830787e-05   9.949531077e-05   0.0001282309755   0.0001652637038   0.0002129877111   0.0002744871284   0.0003537341721   0.0004558438146   0.0005874007889   0.0007568790098   0.0009751787683   0.001256313502   0.001618285694   0.002084200516   0.002683676004   0.003454619259   0.004445448069   0.005717843939   0.007350121471   0.009441282956   0.0121157846   0.01552895492   0.01987285372   0.0253821131   0.03233893417   0.04107591354   0.05197477757   0.06545853787   0.08197431533   0.1019645444   0.1258259676   0.1538590626   0.1862149539   0.222851012   0.2635079146   0.3077178634   0.3548458145   0.4041558211   0.4548873438   0.5063249779   0.5578494673   0.6089652179   0.6593062354   0.7086263541   0.7567805681   0.8037032224   0.8493869612   0.8938645429   0.9371942865   0.9794490954   1.020708585   1.061053705   1.100563259   1.139311806   1.177368522   1.214796727   1.251653829   1.287991538   1.323856221   1.359289344   1.39432793   1.429005022   1.463350114   1.497389559   1.531146931   1.564643356   1.597897803   1.63092734   1.663747364   1.696371796   1.728813252   1.761083199   1.793192082   1.825149438   1.856964   1.888643782   1.920196153   1.951627907   1.982945321   2.014154205   2.045259948   2.076267557   2.107181695   2.138006711   2.168746665   2.199405358   2.229986349   2.260492981   2.29092839   2.321295531   2.351597184   2.381835973   2.412014375   2.442134729   2.47219925   2.502210036   2.532169074   2.562078249   2.591939353   2.621754089   2.651524073   2.681250849   2.710935882   2.740580574   2.770186258   2.799754209   2.829285645   2.858781727   2.888243569   2.917672235   2.947068746   2.976434076   3.005769163   3.035074905   3.064352161   3.09360176   3.122824496   3.152021131   3.1811924   3.210339008   3.239461633   3.26856093   3.297637528   3.326692033   3.355725029   3.384737079   3.413728727   3.442700498   3.471652896   3.500586411   3.529501515   3.558398662   3.587278295   3.616140839   3.644986705   3.673816292   3.702629987   3.731428162   3.760211179   3.788979387   3.817733127   3.846472726   3.875198504   3.903910769   3.932609821   3.96129595   3.989969439   4.018630561   4.047279583   4.075916761   4.104542348   4.133156585   4.161759711   4.190351954   4.218933539   4.247504682   4.276065595   4.304616485   4.33315755   4.361688986   4.390210982   4.418723723   4.447227388   4.475722152   4.504208186   4.532685656   4.561154718   4.589615546   4.618068278   4.646513069   4.674950064   4.703379421   4.731801238   4.76021569   4.788622897   4.817022987   4.845416088   4.873802321   4.902181808   4.930554665   4.958921007   4.987280947   5.015634592   5.043982052   5.072323428   5.100658825   5.128988341   5.157312075   5.185630121   5.213942572   5.242249521   5.270551056   5.298847265   5.327138232   5.355424042   5.383704776   5.411980515   5.440251336   5.468517316   5.496778531   
9.381909548   5.902258969e-05   7.607055373e-05   9.80418284e-05   0.0001263577039   0.0001628494322   0.0002098762508   0.0002704772327   0.0003485665601   0.0004491844737   0.0005788194969   0.0007458217266   0.0009609321714   0.001237959479   0.00159464302   0.002053750227   0.002644466119   0.003404143471   0.004380491826   0.005634290081   0.007242706253   0.009303292218   0.01193867929   0.01530191588   0.01958223829   0.02501082245   0.03186570162   0.04047454244   0.05121338482   0.06449889377   0.0807714108   0.1004665501   0.1239747605   0.1515914637   0.1834647236   0.2195514989   0.2595950734   0.303133217   0.3495389049   0.3980857882   0.4480234769   0.4986463089   0.5493436439   0.599626966   0.6491357023   0.6976275468   0.7449600145   0.7910689028   0.8359475086   0.8796286768   0.9221704374   0.9636451735   1.004131855   1.043710733   1.082459912   1.120453272   1.157759361   1.194440921   1.23055484   1.266152361   1.301279439   1.335977178   1.370282282   1.404227516   1.43784213   1.471152266   1.504181313   1.536950235   1.569477863   1.601781143   1.633875366   1.66577436   1.697490661   1.729035666   1.760419758   1.791652421   1.822742342   1.853697493   1.884525209   1.915232252   1.945824872   1.976308855   2.00668957   2.036972006   2.06716081   2.097260318   2.127274578   2.157207381   2.187062279   2.216842604   2.24655149   2.276191885   2.305766565   2.33527815   2.364729114   2.394121795   2.423458406   2.452741043   2.481971693   2.511152241   2.54028448   2.56937011   2.598410752   2.627407948   2.656363166   2.685277808   2.714153209   2.742990646   2.771791337   2.800556447   2.829287092   2.857984337   2.886649205   2.915282674   2.943885682   2.97245913   3.001003881   3.029520765   3.058010577   3.086474085   3.114912023   3.1433251   3.171713998   3.200079371   3.228421853   3.256742051   3.285040553   3.313317924   3.341574709   3.369811436   3.398028613   3.426226731   3.454406264   3.482567669   3.510711391   3.538837856   3.56694748   3.595040663   3.623117794   3.651179246   3.679225385   3.707256562   3.735273118   3.763275385   3.791263682   3.819238321   3.847199604   3.875147823   3.903083262   3.931006196   3.958916894   3.986815615   4.014702611   4.042578128   4.070442405   4.098295672   4.126138155   4.153970074   4.181791641   4.209603063   4.237404543   4.265196276   4.292978454   4.320751262   4.348514883   4.376269491   4.40401526   4.431752356   4.459480944   4.487201181   4.514913223   4.542617222   4.570313341   4.598001674   4.625682412   4.653355675   4.681021596   4.708680306   4.736331932   4.763976599   4.791614427   4.819245536   4.84687004   4.874488054   4.902099687   4.929705048   4.957304242   4.984897372   5.012484539   5.040065835   5.067641375   5.095211236   5.122775515   5.150334302   5.177887686   5.205435753   5.232978587   5.260516272   5.288048888   5.315576515   5.343099229   
9.635678392   4.514471836e-05   5.818458891e-05   7.499050557e-05   9.664983096e-05   0.0001245636751   0.000160537289   0.0002068964116   0.000266636964   0.0003436175497   0.000442806839   0.0005706012165   0.0007352321992   0.0009472882534   0.001220381902   0.001572000536   0.002024588146   0.002606915062   0.0033558032   0.004318283849   0.005554271534   0.007139836274   0.009171141028   0.01176906965   0.01508448726   0.0193039267   0.02465525492   0.03141251515   0.03989865509   0.0504842724   0.06357995972   0.0796195743   0.09903221064   0.1222023072   0.1494204658   0.1808318482   0.2163930534   0.2558499002   0.2987455339   0.3444606504   0.3922781301   0.4414573336   0.4913019508   0.5412096041   0.5906985591   0.6394134289   0.6871155924   0.7336649616   0.778998706   0.823110726   0.8660339282   0.9078260446   0.9485589401   0.9883109471   1.027161632   1.065188409   1.102464498   1.139057829   1.17503058   1.210439128   1.24533426   1.27976153   1.313761683   1.347371112   1.380622308   1.413544284   1.44616297   1.478501575   1.510580907   1.542419655   1.574034647   1.605441067   1.636652653   1.667681861   1.698540016   1.729237441   1.759783568   1.790187035   1.820455774   1.850597083   1.880617694   1.910523828   1.940321247   1.970015299   1.999610956   2.029112847   2.058525294   2.087852335   2.117097747   2.146265074   2.175357642   2.204378577   2.233330819   2.262217142   2.291040162   2.319802348   2.348506036   2.377153438   2.405746646   2.434287648   2.462778328   2.491220477   2.519615796   2.547965907   2.576272351   2.604536598   2.632760049   2.660944043   2.689089855   2.717198707   2.745271765   2.773310145   2.801314916   2.829287102   2.857227682   2.885137597   2.913017749   2.940869004   2.968692194   2.996488116   3.024257539   3.052001202   3.079719813   3.107414058   3.135084593   3.162732054   3.19035705   3.217960171   3.245541985   3.27310304   3.300643864   3.328164968   3.355666845   3.383149972   3.410614808   3.438061799   3.465491375   3.492903952   3.520299934   3.547679709   3.575043656   3.602392139   3.629725514   3.657044123   3.6843483   3.711638366   3.738914634   3.766177408   3.793426982   3.820663642   3.847887666   3.875099322   3.902298873   3.929486572   3.956662667   3.983827397   4.010980996   4.038123691   4.065255702   4.092377243   4.119488525   4.146589749   4.173681114   4.200762813   4.227835032   4.254897954   4.281951757   4.308996615   4.336032697   4.363060166   4.390079183   4.417089905   4.444092484   4.47108707   4.498073806   4.525052834   4.552024293   4.578988319   4.60594504   4.632894588   4.659837086   4.686772657   4.713701421   4.740623495   4.767538993   4.794448027   4.821350704   4.848247133   4.875137417   4.902021657   4.928899954   4.955772405   4.982639104   5.009500145   5.03635562   5.063205617   5.090050223   5.116889524   5.143723603   5.170552542   5.197376422   
9.889447236   3.454335865e-05   4.452128436e-05   5.738107797e-05   7.395490929e-05   9.531512445e-05   0.000122843484   0.0001583203077   0.0002040392152   0.0002629547517   0.0003388722296   0.0004366916948   0.0005627211855   0.0007250785205   0.0009342059031   0.001203527806   0.001550290016   0.001996626397   0.002570909673   0.00330945276   0.004258636647   0.005477547102   0.00704120142   0.009044430932   0.01160644417   0.01487601315   0.0190370791   0.02431433706   0.03097800585   0.03934651068   0.0497852344   0.06269895235   0.07851531217   0.09765716808   0.120503211   0.1473394418   0.1783082661   0.2133659697   0.2522608387   0.2945412107   0.3395952227   0.386714639   0.4351681975   0.4842685747   0.5334213269   0.5821512242   0.6301078475   0.6770560974   0.7228581699   0.7674525316   0.810833643   0.85303445   0.8941123797   0.9341387818   0.9731913602   1.011349007   1.048688462   1.085282299   1.121197842   1.156496715   1.191234798   1.225462431   1.259224773   1.29256222   1.325510859   1.358102912   1.390367157   1.422329321   1.454012433   1.485437143   1.516622006   1.54758373   1.578337396   1.608896648   1.639273866   1.669480304   1.699526223   1.729421003   1.759173233   1.788790805   1.818280981   1.847650461   1.876905437   1.906051648   1.935094419   1.964038703   1.992889114   2.021649957   2.050325258   2.078918785   2.10743407   2.13587443   2.164242985   2.192542669   2.22077625   2.248946338   2.277055401   2.305105771   2.333099655   2.361039146   2.388926229   2.416762787   2.444550609   2.472291398   2.499986774   2.527638278   2.55524738   2.582815484   2.610343926   2.637833986   2.665286883   2.692703787   2.720085815   2.747434036   2.774749475   2.802033115   2.829285898   2.856508727   2.883702469   2.910867959   2.938005997   2.965117352   2.992202764   3.019262946   3.046298583   3.073310336   3.10029884   3.12726471   3.154208531   3.181130879   3.208032302   3.234913331   3.261774479   3.288616239   3.315439091   3.342243497   3.369029903   3.395798743   3.422550434   3.44928538   3.476003974   3.502706595   3.529393611   3.556065376   3.582722238   3.609364528   3.635992574   3.662606687   3.689207175   3.715794332   3.742368447   3.768929799   3.795478657   3.822015286   3.848539942   3.875052872   3.901554319   3.928044517   3.954523695   3.980992075   4.007449872   4.033897298   4.060334556   4.086761847   4.113179363   4.139587294   4.165985824   4.192375131   4.218755391   4.245126773   4.271489444   4.297843565   4.324189294   4.350526784   4.376856185   4.403177644   4.429491304   4.455797303   4.482095777   4.50838686   4.5346707   4.560947358   4.587217036   4.613479817   4.639735823   4.665985171   4.692227973   4.718464339   4.744694376   4.77091819   4.797135882   4.823347554   4.849553305   4.875753229   4.901947421   4.928135973   4.954318974   4.980496514   5.006668678   5.032835551   5.058997215   
10.14321608   2.644127971e-05   3.407902991e-05   4.392283293e-05   5.660976576e-05   7.296081202e-05   9.403390311e-05   0.0001211922254   0.0001561921669   0.0002012965146   0.0002594200963   0.0003343170688   0.0004308216038   0.0005551569342   0.000715331737   0.0009216478153   0.001187349129   0.001529449546   0.001969785238   0.002536347264   0.003264959957   0.004201380085   0.00540389792   0.006946520287   0.008922800372   0.01145033871   0.01467589841   0.01878093345   0.02398709487   0.03056093165   0.03881652977   0.0491142694   0.06185334647   0.07745545493   0.096337469   0.1188725765   0.145342381   0.1758866662   0.2104614471   0.2488174112   0.2905079159   0.3349282764   0.3813788162   0.4291373006   0.4775250514   0.5259552504   0.573958914   0.6211903873   0.6674179419   0.712505952   0.7563941136   0.7990774068   0.8405887978   0.8809854032   0.9203380612   0.9587238568   0.9962210204   1.03290563   1.068849626   1.10411974   1.138777056   1.172876965   1.206469371   1.239599044   1.272306041   1.304626147   1.336591321   1.368230112   1.399568042   1.430627967   1.461430382   1.491993707   1.522334532   1.552467837   1.582407176   1.612164847   1.641752037   1.671178946   1.700454899   1.729588441   1.75858742   1.787459061   1.816210034   1.844846502   1.873374178   1.901798366   1.930123999   1.958355674   1.986497681   2.014554033   2.042528486   2.070424561   2.098245569   2.125994618   2.153674638   2.181288391   2.208838482   2.236327374   2.263757394   2.291130749   2.318449528   2.345715713   2.372931187   2.400097737   2.427217065   2.45429079   2.481320453   2.508307526   2.535253409   2.562159443   2.589026904   2.615857015   2.642650946   2.669409814   2.69613469   2.722826601   2.74948653   2.77611542   2.802714176   2.829283668   2.855824731   2.882338166   2.908824744   2.935285208   2.961720272   2.988130623   3.014516922   3.040879808   3.067219894   3.093537775   3.119834021   3.146109184   3.172363798   3.198598375   3.224813413   3.251009393   3.277186777   3.303346015   3.329487541   3.355611775   3.381719123   3.407809978   3.433884723   3.459943725   3.485987342   3.512015922   3.5380298   3.564029302   3.590014745   3.615986435   3.64194467   3.667889738   3.693821921   3.719741491   3.745648713   3.771543844   3.797427133   3.823298825   3.849159154   3.875008352   3.900846642   3.92667424   3.952491359   3.978298205   4.004094977   4.029881873   4.05565908   4.081426786   4.107185169   4.132934407   4.158674669   4.184406125   4.210128935   4.23584326   4.261549253   4.287247066   4.312936847   4.338618739   4.364292882   4.389959414   4.415618468   4.441270174   4.466914661   4.492552053   4.518182471   4.54380603   4.569422874   4.59503306   4.620636746   4.646234025   4.671825006   4.697409789   4.722988479   4.748561172   4.774127967   4.799688958   4.825244237   4.850793897   4.876338025   4.901876709   4.927410033   
10.39698492   2.02466251e-05   2.609508166e-05   3.363282994e-05   4.334774683e-05   5.586856788e-05   7.200552731e-05   9.280270456e-05   0.0001196054371   0.0001541471154   0.0001986608979   0.0002560234457   0.0003299397572   0.0004251807024   0.0005478880201   0.0007059655077   0.0009095800507   0.001171802146   0.001509422801   0.001943992124   0.002503134416   0.003222204522   0.004146359383   0.005333124872   0.006855536867   0.008805920418   0.01130033102   0.01448360161   0.01853479648   0.02367264228   0.03016016264   0.03830727558   0.04846955682   0.06104084514   0.07643711976   0.09506951776   0.1173059519   0.1434238174   0.1735604011   0.2076714844   0.2455100934   0.2866344422   0.3304467759   0.3762556726   0.4233475962   0.471052193   0.5187899826   0.5660979857   0.6126351217   0.6581728924   0.7025777527   0.7457905651   0.7878067933   0.8286594061   0.868405206   0.9071145239   0.9448638354   0.9817307215   1.017790612   1.053114827   1.087769519   1.121815243   1.15530691   1.188294   1.220820902   1.252927337   1.284648799   1.316016987   1.347060222   1.37780383   1.408270493   1.438480555   1.468452302   1.498202211   1.527745156   1.557094604   1.586262775   1.615260787   1.644098779   1.672786023   1.701331016   1.729741565   1.75802486   1.786187535   1.814235728   1.842175126   1.870011009   1.897748291   1.925391552   1.952945067   1.980412834   2.007798596   2.035105867   2.062337945   2.089497932   2.11658875   2.143613154   2.170573745   2.197472979   2.224313182   2.251096556   2.277825187   2.304501054   2.331126039   2.357701927   2.384230419   2.410713132   2.437151609   2.463547318   2.489901662   2.516215979   2.542491548   2.568729591   2.594931278   2.621097728   2.647230013   2.67332916   2.699396152   2.725431936   2.751437416   2.777413464   2.803360915   2.829280573   2.855173211   2.881039572   2.906880371   2.932696297   2.958488014   2.984256161   3.010001354   3.035724187   3.061425234   3.087105049   3.112764165   3.138403098   3.164022347   3.189622394   3.215203704   3.240766727   3.266311899   3.291839642   3.317350364   3.342844459   3.368322311   3.393784291   3.419230756   3.444662056   3.470078529   3.495480501   3.52086829   3.546242205   3.571602545   3.5969496   3.622283653   3.647604977   3.672913838   3.698210495   3.7234952   3.748768196   3.774029722   3.799280009   3.824519281   3.849747757   3.87496565   3.900173168   3.925370511   3.950557878   3.975735458   4.000903438   4.026062001   4.051211322   4.076351575   4.101482927   4.126605544   4.151719583   4.176825202   4.201922553   4.227011784   4.252093039   4.277166461   4.302232188   4.327290353   4.352341089   4.377384524   4.402420783   4.42744999   4.452472264   4.477487721   4.502496477   4.527498643   4.552494329   4.577483641   4.602466684   4.62744356   4.652414368   4.677379208   4.702338174   4.72729136   4.752238857   4.777180756   4.802117144   
10.65075377   1.550842139e-05   1.99882418e-05   2.576206146e-05   3.320361434e-05   4.279455109e-05   5.515558335e-05   7.108660509e-05   9.161837108e-05   0.0001180790493   0.0001521799081   0.0001961256054   0.000252756088   0.0003257290678   0.0004197545226   0.0005408957995   0.0006969558093   0.0008979716565   0.00115684698   0.001490158412   0.00191918089   0.00247118593   0.003181076769   0.004093433379   0.005265046369   0.006768017684   0.008693491092   0.01115603602   0.01429862899   0.01829803597   0.02337017126   0.02977466843   0.03781743791   0.04784943655   0.06025935394   0.07545767811   0.09385003611   0.1157992784   0.1415787684   0.1713234114   0.2049887894   0.2423302064   0.2829105783   0.3261388465   0.3713315563   0.4177835613   0.4648325313   0.5119060529   0.5585469251   0.6044184635   0.6492952693   0.6930457872   0.7356119881   0.7769897863   0.8172121381   0.8563355289   0.8944297875   0.9315707897   0.9678354794   1.003298652   1.038031018   1.072098166   1.105560132   1.138471359   1.170880908   1.202832799   1.234366424   1.265516988   1.296315936   1.326791369   1.356968418   1.386869592   1.416515088   1.445923062   1.475109874   1.504090299   1.532877716   1.561484267   1.589921001   1.618197997   1.646324474   1.674308882   1.702158988   1.729881944   1.757484351   1.784972319   1.812351508   1.839627178   1.866804222   1.8938872   1.920880374   1.947787725   1.974612988   2.001359661   2.028031035   2.054630204   2.081160081   2.107623414   2.1340228   2.160360688   2.186639401   2.212861136   2.239027976   2.265141899   2.291204781   2.317218409   2.343184479   2.36910461   2.39498034   2.42081314   2.446604411   2.47235549   2.498067658   2.523742136   2.549380094   2.574982651   2.60055088   2.626085808   2.651588422   2.677059665   2.702500446   2.727911636   2.753294071   2.778648557   2.803975868   2.829276747   2.854551913   2.879802054   2.905027836   2.9302299   2.955408862   2.98056532   3.005699847   3.030812998   3.05590531   3.080977299   3.106029465   3.131062292   3.156076247   3.181071781   3.206049332   3.231009322   3.255952162   3.280878248   3.305787964   3.330681681   3.355559762   3.380422554   3.405270399   3.430103623   3.454922547   3.47972748   3.504518722   3.529296566   3.554061295   3.578813184   3.6035525   3.628279504   3.652994448   3.677697578   3.702389133   3.727069345   3.75173844   3.776396638   3.801044154   3.825681195   3.850307965   3.874924662   3.899531477   3.924128598   3.948716209   3.973294487   3.997863606   4.022423735   4.046975038   4.071517679   4.096051812   4.120577591   4.145095166   4.169604682   4.194106283   4.218600106   4.243086288   4.267564961   4.292036254   4.316500294   4.340957205   4.365407106   4.389850117   4.414286351   4.438715923   4.463138941   4.487555515   4.511965748   4.536369744   4.560767598   4.585159427   4.609545308   4.633925342   4.658299622   4.682668238   
10.90452261   1.188284283e-05   1.5315392e-05   1.973945317e-05   2.544140745e-05   3.279033701e-05   4.226189744e-05   5.446907443e-05   7.020180568e-05   9.047801611e-05   0.0001166093418   0.0001502857505   0.0001936844577   0.0002496100598   0.0003216747378   0.000414529839   0.0005341632298   0.0006882806815   0.0008867943378   0.001142447177   0.00147160942   0.001895291056   0.002440423924   0.003141476435   0.004042473037   0.005199496411   0.006683749314   0.008585238183   0.01101710172   0.01412052919   0.01807007402   0.02307894322   0.02940350718   0.03734581919   0.04725239121   0.0595069586   0.07451472771   0.0926760281   0.1143488472   0.1398026811   0.1691701612   0.2024067005   0.2392698225   0.2793269987   0.3219936452   0.3665940039   0.4124310274   0.4588501252   0.5052856971   0.5512861078   0.5965189027   0.6407616594   0.6838847285   0.7258311356   0.766597215   0.8062158975   0.8447433491   0.8822489023   0.9188078429   0.9544964897   0.9893890162   1.023555538   1.05706109   1.0899652   1.122321855   1.154179706   1.185582409   1.216569036   1.247174507   1.277430021   1.307363459   1.336999762   1.366361271   1.395468036   1.424338085   1.452987664   1.481431451   1.509682734   1.53775358   1.56565497   1.593396925   1.620988609   1.648438426   1.6757541   1.702942749   1.73001094   1.756964754   1.783809826   1.810551392   1.837194325   1.863743168   1.890202165   1.916575285   1.942866247   1.969078541   1.995215446   2.021280048   2.047275251   2.073203798   2.099068276   2.124871134   2.150614685   2.176301125   2.201932532   2.227510881   2.253038047   2.278515812   2.303945873   2.329329845   2.354669266   2.379965605   2.405220263   2.430434578   2.455609827   2.480747234   2.505847967   2.530913147   2.555943846   2.580941092   2.605905872   2.63083913   2.655741776   2.680614681   2.705458684   2.730274589   2.755063172   2.779825179   2.804561327   2.829272307   2.853958787   2.878621406   2.903260785   2.92787752   2.952472188   2.977045344   3.001597526   3.026129253   3.050641024   3.075133326   3.099606626   3.124061378   3.148498021   3.172916977   3.19731866   3.221703465   3.24607178   3.270423977   3.294760418   3.319081454   3.343387426   3.367678664   3.391955488   3.416218209   3.440467129   3.464702541   3.48892473   3.513133972   3.537330536   3.561514684   3.585686668   3.609846736   3.633995129   3.658132079   3.682257813   3.706372554   3.730476515   3.754569908   3.778652935   3.802725796   3.826788683   3.850841787   3.87488529   3.898919372   3.922944207   3.946959965   3.970966814   3.994964913   4.018954423   4.042935496   4.066908283   4.090872931   4.114829583   4.138778379   4.162719456   4.186652947   4.210578982   4.234497689   4.258409191   4.282313612   4.306211068   4.330101677   4.353985552   4.377862803   4.40173354   4.425597868   4.449455891   4.473307711   4.497153427   4.520993135   4.544826933   4.568654925   
11.15829146   9.107609801e-06   1.173850453e-05   1.512935925e-05   1.949968225e-05   2.513237602e-05   3.239203953e-05   4.174855063e-05   5.380744908e-05   6.934907721e-05   8.937899511e-05   0.0001151929062   0.0001484602497   0.0001913317936   0.0002465780651   0.0003177673649   0.0004094945348   0.0005276746973   0.0006799200053   0.0008760221722   0.001128569341   0.001453732804   0.001872267213   0.002410777045   0.003103311661   0.00399336014   0.005136322927   0.006602536231   0.008480910475   0.01088320564   0.01394888873   0.01785038121   0.02279828151   0.0290458161   0.0368913224   0.04667703087   0.05878190571   0.07360606815   0.09154474976   0.1129512614   0.1380913861   0.1670955814   0.1999191185   0.2363216847   0.2758751673   0.3180012488   0.3620316117   0.4072770327   0.4530903947   0.4989126711   0.5442975925   0.588916778   0.6325506673   0.6750714375   0.7164231195   0.7566024398   0.7956422918   0.8335985213   0.8705399701   0.906541344   0.9416783489   0.9760245489   1.009649478   1.042617627   1.074988029   1.106814224   1.13814446   1.169022039   1.199485718   1.22957014   1.259306259   1.288721743   1.317841344   1.346687241   1.375279338   1.403635535   1.431771968   1.459703216   1.487442482   1.515001756   1.542391952   1.569623032   1.596704107   1.623643535   1.650448999   1.677127578   1.70368581   1.730129744   1.75646499   1.782696762   1.808829911   1.834868962   1.860818144   1.886681409   1.912462466   1.938164791   1.963791653   1.989346128   2.014831114   2.040249345   2.065603403   2.090895729   2.116128633   2.141304306   2.166424821   2.191492151   2.216508167   2.241474649   2.266393292   2.291265708   2.316093436   2.340877941   2.365620624   2.390322822   2.414985813   2.439610818   2.464199006   2.488751499   2.513269367   2.537753641   2.562205305   2.586625306   2.611014553   2.635373918   2.65970424   2.684006327   2.708280952   2.732528863   2.756750779   2.780947392   2.805119368   2.829267352   2.853391961   2.877493796   2.901573433   2.925631429   2.949668323   2.973684634   2.997680865   3.021657502   3.045615013   3.069553855   3.093474466   3.117377272   3.141262685   3.165131104   3.188982916   3.212818496   3.236638207   3.260442401   3.284231419   3.308005594   3.331765246   3.355510688   3.379242223   3.402960145   3.42666474   3.450356285   3.474035051   3.497701299   3.521355286   3.544997258   3.568627457   3.592246118   3.615853469   3.639449732   3.663035124   3.686609855   3.71017413   3.733728149   3.757272106   3.780806192   3.804330591   3.827845483   3.851351044   3.874847445   3.898334853   3.921813431   3.945283337   3.968744728   3.992197753   4.015642562   4.039079297   4.0625081   4.085929109   4.109342457   4.132748276   4.156146693   4.179537835   4.202921822   4.226298776   4.249668812   4.273032045   4.296388586   4.319738546   4.34308203   4.366419144   4.389749989   4.413074665   4.436393271   4.459705902   
11.4120603   6.982544418e-06   8.99958582e-06   1.159927589e-05   1.494991216e-05   1.926839935e-05   2.483428448e-05   3.200784202e-05   4.125337659e-05   5.316924566e-05   6.852653586e-05   8.831888018e-05   0.0001138266135   0.0001466993731   0.0001890624158   0.0002436534057   0.0003139983168   0.0004046374861   0.0005214158673   0.0006718553099   0.0008656313609   0.00111518281   0.001436489068   0.00185005849   0.002382179788   0.003066498116   0.003945986155   0.005075386298   0.00652419893   0.008380277338   0.01075405171   0.013783328   0.01763847151   0.02252756499   0.02870080314   0.03645294045   0.04612207958   0.0580825857   0.07272967971   0.09045368254   0.1116034037   0.1364410572   0.1650950203   0.1975204472   0.2334791349   0.2725472546   0.3141525566   0.3576339225   0.4023096941   0.4475399754   0.4927720881   0.537564941   0.5815940798   0.6246426984   0.6665847273   0.7073651563   0.7469810789   0.7854653404   0.8228734661   0.8592738134   0.8947405181   0.9293486847   0.9631712807   0.9962772697   1.028730613   1.060589857   1.091908102   1.122733208   1.153108125   1.183071302   1.212657112   1.241896269   1.27081623   1.299441565   1.327794289   1.355894165   1.383758967   1.411404723   1.438845913   1.466095657   1.493165869   1.520067396   1.546810141   1.573403163   1.599854774   1.626172616   1.652363732   1.678434625   1.704391318   1.730239393   1.755984041   1.781630094   1.807182057   1.832644141   1.858020287   1.883314186   1.908529306   1.933668904   1.958736047   1.983733623   2.00866436   2.033530832   2.058335475   2.083080594   2.107768373   2.132400885   2.156980094   2.181507872   2.205985995   2.230416154   2.254799961   2.279138951   2.30343459   2.327688277   2.351901346   2.376075076   2.400210688   2.42430935   2.448372182   2.472400257   2.496394603   2.520356206   2.544286012   2.568184932   2.592053837   2.615893567   2.639704929   2.6634887   2.687245627   2.710976429   2.734681799   2.758362405   2.782018891   2.805651878   2.829261964   2.852849729   2.876415731   2.899960508   2.923484581   2.946988455   2.970472615   2.993937533   3.017383665   3.04081145   3.064221316   3.087613677   3.110988931   3.134347468   3.157689662   3.181015879   3.204326471   3.227621782   3.250902143   3.274167878   3.297419299   3.320656712   3.343880411   3.367090683   3.390287807   3.413472053   3.436643686   3.459802962   3.482950129   3.506085429   3.529209099   3.552321367   3.575422458   3.598512587   3.621591968   3.644660805   3.6677193   3.690767648   3.71380604   3.736834662   3.759853694   3.782863313   3.805863692   3.828854998   3.851837395   3.874811042   3.897776097   3.92073271   3.94368103   3.966621203   3.98955337   4.012477669   4.035394236   4.058303201   4.081204696   4.104098844   4.126985769   4.149865592   4.17273843   4.195604398   4.218463609   4.241316172   4.264162195   4.287001784   4.309835041   4.332662067   4.355482961   
11.66582915   5.354791293e-06   6.901630764e-06   8.8952987e-06   1.146486357e-05   1.477667266e-05   1.90451172e-05   2.454650479e-05   3.163693501e-05   4.077533208e-05   5.255311959e-05   6.773244865e-05   8.729543781e-05   0.0001125075849   0.0001449994106   0.0001868715428   0.0002408299197   0.0003103596527   0.0003999484595   0.0005153735529   0.0006640696032   0.0008556000105   0.00110225938   0.001419841878   0.001828618089   0.002354571889   0.003030958219   0.003900251243   0.005016558089   0.006448572281   0.008283126612   0.01062936761   0.01362349781   0.01743389782   0.02226622225   0.02836773972   0.03602974701   0.04558636375   0.05740751815   0.07188370475   0.08940051013   0.110302407   0.134848176   0.1631642008   0.1952055416   0.2307360528   0.2693360638   0.310439205   0.3533913281   0.3975180948   0.4421865923   0.4868502779   0.531073061   0.574534276   0.61701977   0.6584051581   0.6986363457   0.7377107702   0.7756612194   0.8125428987   0.8484236872   0.8833771605   0.9174778338   0.9507980898   0.983406334   1.015366008   1.046735184   1.077566533   1.10790753   1.137800785   1.167284445   1.196392615   1.225155776   1.25360118   1.281753214   1.309633734   1.337262363   1.364656754   1.391832825   1.418804962   1.445586199   1.472188377   1.498622277   1.524897743   1.551023783   1.577008663   1.602859984   1.628584751   1.654189438   1.679680034   1.7050621   1.730340801   1.755520947   1.780607027   1.805603235   1.830513495   1.855341487   1.880090664   1.904764275   1.929365375   1.953896845   1.978361404   2.00276162   2.027099922   2.051378609   2.075599861   2.099765746   2.123878225   2.147939165   2.171950339   2.195913438   2.219830068   2.243701765   2.267529992   2.291316145   2.31506156   2.338767513   2.362435224   2.386065861   2.409660543   2.433220343   2.456746289   2.480239367   2.503700523   2.527130667   2.550530672   2.573901377   2.597243591   2.62055809   2.643845621   2.667106905   2.690342636   2.713553482   2.736740087   2.759903074   2.783043042   2.80616057   2.829256219   2.852330526   2.875384015   2.89841719   2.921430539   2.944424534   2.96739963   2.99035627   3.013294882   3.03621588   3.059119665   3.082006626   3.10487714   3.127731571   3.150570276   3.173393597   3.196201868   3.218995412   3.241774545   3.26453957   3.287290785   3.310028477   3.332752926   3.355464404   3.378163176   3.400849498   3.423523621   3.446185788   3.468836235   3.491475192   3.514102885   3.536719531   3.559325342   3.581920527   3.604505285   3.627079815   3.649644306   3.672198947   3.694743919   3.717279399   3.73980556   3.762322572   3.784830598   3.807329799   3.829820332   3.852302351   3.874776004   3.897241437   3.919698792   3.94214821   3.964589824   3.987023769   4.009450174   4.031869165   4.054280867   4.076685399   4.099082882   4.12147343   4.143857156   4.166234172   4.188604585   4.210968501   4.233326025   4.255677256   
11.91959799   4.107576184e-06   5.294135789e-06   6.823453688e-06   8.794538673e-06   1.13349972e-05   1.460929229e-05   1.882938667e-05   2.42684581e-05   3.127857245e-05   4.031345552e-05   5.195783153e-05   6.696521832e-05   8.630660937e-05   0.0001112331674   0.0001433569428   0.0001847547679   0.0002381019277   0.0003068440532   0.0003954180229   0.0005095355998   0.0006565472239   0.0008459079421   0.001089773052   0.001403757746   0.001807902879   0.002327897808   0.002996620468   0.003856063381   0.004959719923   0.006375504085   0.008189262753   0.01050890231   0.01346907632   0.01723624809   0.02201372668   0.02804595436   0.03562088836   0.04506880178   0.05675533875   0.07106643144   0.08838309812   0.1090456298   0.1333095006   0.1612991826   0.1929696622   0.2280868011   0.2662349672   0.3068534927   0.3492949826   0.392892186   0.4370189485   0.4811346617   0.5248080686   0.5677221617   0.6096653464   0.6505148576   0.6902174766   0.728770963   0.7662080393   0.8025835913   0.8379650266   0.8724253706   0.9060385602   0.9388764056   0.971006766   1.002492574   1.033391438   1.063755608   1.093632182   1.123063438   1.152087226   1.180737391   1.209044183   1.237034651   1.264733006   1.292160946   1.319337958   1.346281573   1.373007603   1.399530339   1.425862733   1.452016552   1.478002512   1.503830399   1.52950917   1.555047046   1.580451585   1.605729758   1.630888005   1.655932288   1.68086814   1.705700702   1.730434767   1.755074801   1.779624983   1.804089221   1.828471182   1.852774308   1.877001834   1.901156807   1.925242099   1.949260421   1.973214333   1.997106258   2.020938489   2.044713201   2.068432457   2.092098214   2.115712336   2.139276593   2.16279267   2.186262175   2.209686639   2.233067523   2.256406222   2.279704071   2.302962344   2.32618226   2.349364986   2.372511642   2.395623299   2.418700984   2.441745685   2.464758346   2.487739877   2.510691152   2.533613011   2.55650626   2.579371679   2.602210013   2.625021983   2.647808288   2.670569591   2.693306541   2.716019758   2.738709844   2.761377378   2.784022921   2.806647012   2.829250176   2.851832918   2.874395725   2.89693907   2.919463412   2.941969192   2.96445684   2.98692677   3.009379385   3.031815074   3.054234216   3.076637176   3.09902431   3.121395963   3.143752469   3.166094153   3.188421329   3.210734305   3.233033377   3.255318835   3.277590958   3.299850021   3.322096287   3.344330016   3.366551458   3.388760857   3.410958451   3.433144471   3.455319142   3.477482683   3.499635308   3.521777224   3.543908635   3.566029736   3.588140722   3.610241779   3.632333089   3.654414832   3.676487181   3.698550305   3.72060437   3.742649538   3.764685965   3.786713806   3.808733211   3.830744326   3.852747295   3.874742256   3.896729348   3.918708703   3.940680451   3.962644721   3.984601635   4.006551317   4.028493886   4.050429457   4.072358143   4.094280059   4.116195311   4.138104005   4.160006248   
12.17336683   3.151649886e-06   4.062072123e-06   5.235486921e-06   6.747862906e-06   8.69711204e-06   1.120942714e-05   1.444744928e-05   1.862079306e-05   2.399960989e-05   3.093206544e-05   3.986685901e-05   5.138223713e-05   6.622336995e-05   8.535049395e-05   0.0001100009109   0.0001417688122   0.0001827080217   0.0002354641853   0.0003034447601   0.0003910374669   0.0005038907849   0.0006492737105   0.0008365365228   0.001077699822   0.001388205748   0.00178787303   0.002302106257   0.002963418837   0.003813337597   0.004904762493   0.006304853809   0.008098505205   0.01039242406   0.01331976636   0.01704514182   0.02176959202   0.02773482708   0.03522557623   0.04456839506   0.05612478791   0.07027627939   0.0873994761   0.1078306334   0.1318220387   0.159496329   0.1908084351   0.225526178   0.2632378499   0.3033883155   0.3453367269   0.3884227009   0.4320266282   0.4756136443   0.5187571674   0.5611437255   0.6025641928   0.6428973632   0.6820908567   0.7201427353   0.7570856487   0.7929741647   0.8278752259   0.8618613172   0.8950058086   0.9273799494   0.9590510635   0.9900815864   1.02052867   1.050444154   1.079874769   1.108862465   1.137444801   1.165655367   1.193524188   1.221078114   1.248341181   1.275334934   1.302078725   1.328589965   1.354884361   1.380976113   1.406878089   1.432601984   1.45815845   1.483557216   1.508807188   1.53391654   1.558892792   1.583742878   1.608473205   1.633089707   1.657597889   1.682002873   1.706309425   1.730521998   1.754644749   1.778681575   1.802636127   1.826511833   1.85031192   1.874039423   1.897697206   1.92128797   1.944814269   1.968278519   1.991683007   2.015029903   2.038321264   2.061559045   2.084745103   2.107881206   2.130969037   2.154010199   2.177006222   2.199958566   2.222868622   2.245737724   2.268567144   2.291358102   2.314111763   2.336829245   2.359511619   2.382159912   2.404775109   2.427358158   2.449909967   2.47243141   2.494923325   2.517386522   2.539821777   2.562229839   2.584611428   2.60696724   2.629297944   2.651604186   2.673886588   2.696145751   2.718382257   2.740596666   2.762789519   2.78496134   2.807112634   2.829243891   2.851355586   2.873448174   2.895522101   2.917577796   2.939615675   2.96163614   2.983639583   3.005626381   3.027596903   3.049551505   3.071490531   3.093414318   3.11532319   3.137217464   3.159097448   3.180963438   3.202815725   3.224654591   3.246480309   3.268293145   3.290093359   3.311881201   3.333656917   3.355420746   3.377172919   3.398913663   3.420643196   3.442361734   3.464069486   3.485766654   3.507453436   3.529130027   3.550796613   3.572453379   3.594100503   3.615738161   3.637366523   3.658985754   3.680596016   3.702197469   3.723790267   3.745374559   3.766950495   3.788518217   3.810077866   3.831629579   3.853173491   3.874709732   3.896238431   3.917759712   3.939273698   3.960780509   3.982280262   4.003773071   4.025259048   4.046738302   4.068210941   
12.42713568   2.418771812e-06   3.117487563e-06   4.018041272e-06   5.178736831e-06   6.674719403e-06   8.60283963e-06   1.108792246e-05   1.429084601e-05   1.841895274e-05   2.373946575e-05   3.059677673e-05   3.943472125e-05   5.082527785e-05   6.550553926e-05   8.442533323e-05   0.0001088085494   0.0001402320983   0.0001807275402   0.0002329118417   0.0003001555216   0.0003867987353   0.0004984287266   0.0006422356859   0.000827468517   0.001066017485   0.00137315728   0.001768491704   0.002277149796   0.002931292252   0.003771995294   0.00485158469   0.006236491459   0.008010686952   0.01027971846   0.01317529304   0.01686022709   0.02153336852   0.02743378443   0.03484308157   0.04408421998   0.05551470069   0.06951178698   0.08644782185   0.1066551628   0.1303830235   0.1577522774   0.1887178165   0.2230493749   0.2603390599   0.3000371077   0.341509022   0.3841010782   0.4272000101   0.4702765167   0.512908542   0.554786033   0.595702248   0.6355374835   0.6742401629   0.7118086324   0.7482754627   0.783694905   0.8181334438   0.8516630331   0.8843564869   0.9162845048   0.9475138871   0.9781065816   1.008119294   1.037603463   1.066605458   1.095166907   1.123325087   1.151113336   1.178561457   1.205696106   1.232541147   1.259117976   1.285445809   1.311541943   1.33742198   1.363100028   1.388588875   1.413900144   1.439044424   1.464031386   1.488869887   1.513568055   1.538133371   1.562572732   1.586892514   1.61109862   1.635196532   1.659191345   1.683087808   1.706890351   1.730603118   1.754229988   1.777774598   1.801240365   1.824630503   1.847948038   1.871195824   1.894376554   1.917492774   1.940546893   1.963541193   1.986477837   2.009358878   2.032186266   2.054961853   2.077687406   2.100364602   2.122995042   2.145580254   2.168121695   2.190620755   2.213078764   2.235496996   2.257876665   2.280218939   2.302524933   2.324795717   2.347032319   2.369235723   2.391406874   2.413546683   2.435656021   2.457735729   2.479786614   2.501809454   2.523804997   2.545773965   2.567717052   2.589634928   2.611528239   2.633397609   2.655243639   2.677066911   2.698867985   2.720647403   2.74240569   2.764143352   2.785860879   2.807558746   2.82923741   2.850897317   2.872538897   2.894162566   2.915768728   2.937357774   2.958930085   2.980486027   3.002025958   3.023550225   3.045059162   3.066553098   3.088032348   3.10949722   3.130948014   3.152385019   3.173808519   3.195218788   3.216616092   3.238000692   3.25937284   3.280732781   3.302080756   3.323416996   3.344741729   3.366055175   3.387357549   3.408649061   3.429929914   3.451200309   3.472460437   3.49371049   3.51495065   3.536181102   3.557402008   3.578613552   3.599815898   3.621009206   3.642193638   3.663369347   3.684536485   3.705695201   3.726845638   3.747987938   3.769122239   3.790248676   3.81136738   3.832478479   3.853582101   3.874678367   3.895767399   3.916849313   3.937924224   3.958992246   3.980053489   
12.68090452   1.856744066e-06   2.393106381e-06   3.084408103e-06   3.975406093e-06   5.123785583e-06   6.603894374e-06   8.511555429e-06   1.097026918e-05   1.413920668e-05   1.822351027e-05   2.348756756e-05   3.027211588e-05   3.901628124e-05   5.028597287e-05   6.481046213e-05   8.352949797e-05   0.0001076539831   0.0001387440948   0.0001788098356   0.0002304404019   0.0002969705454   0.0003826943634   0.000493139806   0.0006354207558   0.000818687955   0.001054705466   0.001358585839   0.001749724763   0.00225298447   0.002900184125   0.003731963647   0.004800092833   0.006170296589   0.007925653249   0.01017058688   0.01303540168   0.01668117784   0.02130463949   0.0271422951   0.03447272892   0.04361542087   0.05492399783   0.06877160019   0.08552644734   0.1055171292   0.1289898921   0.1560639135   0.1866940617   0.2206519391   0.2575333642   0.2967937914   0.3378048898   0.3799193951   0.4225301921   0.4651133727   0.5072512639   0.5486371225   0.5890665114   0.6284211754   0.6666503089   0.7037525254   0.7397603108   0.774727602   0.8087204319   0.8418102332   0.8740692746   0.9055677174   0.9363718485   0.9665431386   0.9961378571   1.025207048   1.053796728   1.08194821   1.109698494   1.137080671   1.164124327   1.190855928   1.217299168   1.243475296   1.269403397   1.295100651   1.32058256   1.345863142   1.370955104   1.395869999   1.420618353   1.445209782   1.469653091   1.493956365   1.518127045   1.542171991   1.566097548   1.589909591   1.613613575   1.637214573   1.660717311   1.684126201   1.70744537   1.730678681   1.753829758   1.776902005   1.799898624   1.822822631   1.84567687   1.868464026   1.891186637   1.913847105   1.936447706   1.958990597   1.981477825   2.003911336   2.02629298   2.048624516   2.070907621   2.093143891   2.115334852   2.137481958   2.159586598   2.181650099   2.203673733   2.225658714   2.247606207   2.269517326   2.291393142   2.31323468   2.335042924   2.35681882   2.378563275   2.400277164   2.421961324   2.443616564   2.465243661   2.486843364   2.508416394   2.529963445   2.551485189   2.572982271   2.594455316   2.615904924   2.637331677   2.658736138   2.680118848   2.701480332   2.722821098   2.744141635   2.765442419   2.786723909   2.80798655   2.829230773   2.850456994   2.87166562   2.89285704   2.914031637   2.935189778   2.956331822   2.977458114   2.998568993   3.019664784   3.040745807   3.061812368   3.082864769   3.103903299   3.124928244   3.145939877   3.166938466   3.187924272   3.208897548   3.22985854   3.250807489   3.271744629   3.292670187   3.313584381   3.334487431   3.355379546   3.37626093   3.397131784   3.417992302   3.438842673   3.459683082   3.480513711   3.501334734   3.522146324   3.542948648   3.56374187   3.584526149   3.605301641   3.626068498   3.64682687   3.6675769   3.688318731   3.709052502   3.729778347   3.750496399   3.771206787   3.791909639   3.812605076   3.833293221   3.853974191   3.874648102   3.895315068   
12.93467337   1.42562495e-06   1.83744923e-06   2.368237796e-06   3.052355676e-06   3.934094628e-06   5.070540431e-06   6.535268281e-06   8.42310537e-06   1.085626874e-05   1.399227537e-05   1.80341358e-05   2.324349017e-05   2.995753493e-05   3.861083274e-05   4.976341197e-05   6.413696542e-05   8.26614762e-05   0.0001065352632   0.0001373022902   0.0001769516712   0.0002280456948   0.0002938844558   0.0003787174237   0.0004880150961   0.0006288174172   0.0008101800161   0.001043744671   0.00134446683   0.001731540529   0.002229569484   0.002870041942   0.00369317507   0.004750199983   0.006106157423   0.007843260488   0.01006484498   0.01289985594   0.01650769145   0.02108301821   0.02685986605   0.03411389145   0.04316120369   0.05435167786   0.06805446265   0.08463378635   0.1044145946   0.127640267   0.1544283484   0.1847336971   0.2183297409   0.2548159101   0.2936527309   0.3342178609   0.3758703073   0.4180089236   0.4601150315   0.5017752081   0.5426859144   0.5826449426   0.6215354357   0.6593073281   0.6959594851   0.7315243028   0.7660554061   0.7996183831   0.8322841543   0.8641244541   0.8952089158   0.9256033236   0.9553686809   0.9845608297   1.013230428   1.041423146   1.06917999   1.096537685   1.123529082   1.150183555   1.17652738   1.202584088   1.22837478   1.253918415   1.279232058   1.304331111   1.329229502   1.353939863   1.378473673   1.402841398   1.427052598   1.451116029   1.475039732   1.498831108   1.522496982   1.546043666   1.569477008   1.592802436   1.616025   1.639149405   1.662180045   1.685121029   1.707976204   1.73074918   1.753443347   1.776061901   1.798607841   1.821084004   1.843493067   1.865837559   1.888119876   1.910342286   1.93250694   1.954615882   1.976671052   1.998674294   2.020627365   2.042531937   2.064389606   2.086201891   2.107970244   2.129696054   2.151380645   2.173025286   2.194631191   2.216199522   2.237731393   2.259227873   2.280689986   2.302118717   2.323515008   2.344879769   2.366213872   2.387518155   2.408793426   2.430040462   2.451260012   2.472452797   2.493619512   2.514760827   2.535877389   2.556969821   2.578038726   2.599084686   2.620108262   2.641109997   2.662090417   2.683050028   2.703989323   2.724908775   2.745808846   2.766689981   2.78755261   2.808397153   2.829224013   2.850033584   2.870826246   2.89160237   2.912362312   2.933106421   2.953835034   2.974548479   2.995247075   3.01593113   3.036600945   3.057256812   3.077899014   3.098527828   3.119143522   3.139746357   3.160336587   3.18091446   3.201480215   3.222034087   3.242576305   3.263107089   3.283626658   3.304135221   3.324632984   3.345120148   3.365596906   3.386063451   3.406519967   3.426966636   3.447403634   3.467831134   3.488249303   3.508658306   3.529058304   3.549449452   3.569831903   3.590205807   3.610571309   3.630928552   3.651277674   3.671618813   3.6919521   3.712277665   3.732595636   3.752906137   3.773209289   3.793505211   3.813794018   
13.18844221   1.094840249e-06   1.411110077e-06   1.818741405e-06   2.344125794e-06   3.021278388e-06   3.894039991e-06   5.018915169e-06   6.468730017e-06   8.33734625e-06   1.074573657e-05   1.384981419e-05   1.785052272e-05   2.300683842e-05   2.965252456e-05   3.821771931e-05   4.925674909e-05   6.348395872e-05   8.181986255e-05   0.0001054505786   0.0001359043502   0.0001751500387   0.0002257238431   0.0002908922561   0.0003748614773   0.0004830462997   0.0006224149788   0.0008019309248   0.001033117353   0.00133077739   0.001713909559   0.002206866923   0.002840816888   0.003655566747   0.00470182533   0.006043970067   0.00776337519   0.009962321422   0.01276843614   0.01633948669   0.02086814527   0.02658603903   0.03376598662   0.04272083048   0.05379681009   0.06735920677   0.0837683834   0.1033457582   0.126331939   0.1528428977   0.1828334957   0.2160789439   0.2521821901   0.2906086923   0.330741928   0.3719469964   0.4136285458   0.455272974   0.4964709794   0.5369221291   0.5764263732   0.6148682047   0.6521982698   0.6884156706   0.7235527094   0.7576627013   0.7908107965   0.8230674127   0.8545037598   0.8851889539   0.9151882869   0.9445623042   0.9733664291   1.001650941   1.029461172   1.056837826   1.083817361   1.11043239   1.13671208   1.162682521   1.188367083   1.213786724   1.238960275   1.263904691   1.288635274   1.313165866   1.337509019   1.361676146   1.38567765   1.409523036   1.433221012   1.456779575   1.480206086   1.503507336   1.526689606   1.549758713   1.572720061   1.595578676   1.618339244   1.641006138   1.66358345   1.686075012   1.70848442   1.730815052   1.753070088   1.775252522   1.797365178   1.819410725   1.841391684   1.863310444   1.885169267   1.906970297   1.928715573   1.950407029   1.972046505   1.993635755   2.015176447   2.036670171   2.058118447   2.079522723   2.100884383   2.122204751   2.143485095   2.164726624   2.185930502   2.20709784   2.228229705   2.249327121   2.270391071   2.291422498   2.31242231   2.333391378   2.354330541   2.375240605   2.396122349   2.416976519   2.437803838   2.458605   2.479380675   2.50013151   2.520858129   2.541561135   2.562241108   2.582898612   2.60353419   2.624148366   2.644741649   2.665314531   2.685867487   2.706400977   2.726915447   2.74741133   2.767889043   2.788348993   2.808791571   2.829217161   2.849626131   2.870018841   2.890395638   2.910756862   2.931102839   2.95143389   2.971750323   2.992052441   3.012340535   3.03261489   3.052875782   3.073123481   3.093358248   3.113580339   3.133789999   3.153987472   3.174172992   3.194346787   3.21450908   3.234660089   3.254800025   3.274929093   3.295047495   3.315155427   3.335253079   3.355340638   3.375418286   3.3954862   3.415544552   3.435593511   3.455633243   3.475663908   3.495685662   3.515698661   3.535703052   3.555698983   3.575686596   3.595666032   3.615637426   3.635600912   3.655556621   3.675504681   3.695445214   3.715378344   3.73530419   
13.44221106   8.409783209e-07   1.083914434e-06   1.397028089e-06   1.800591512e-06   2.320732896e-06   2.991127933e-06   3.855179923e-06   4.968829553e-06   6.404176156e-06   8.254144765e-06   1.063850085e-05   1.37116017e-05   1.767238562e-05   2.277724445e-05   2.935661067e-05   3.783632991e-05   4.876519669e-05   6.285042699e-05   8.100334884e-05   0.0001043982432   0.000134548102   0.0001734021374   0.0002234712377   0.0002879892953   0.0003711205304   0.0004782256929   0.0006162034881   0.0007939278581   0.001022806992   0.001317496239   0.001696804441   0.002184841492   0.002812463529   0.003619080201   0.004654893655   0.005983637813   0.007685873108   0.009862856726   0.01264093779   0.01617630177   0.02065968613   0.02632038753   0.03342847217   0.04229361437   0.05325852824   0.06668474587   0.08292888395   0.1023089439   0.1250628521   0.151305064   0.1809904548   0.2138959794   0.2496280112   0.2876568076   0.3273715046   0.3681431223   0.4093819387   0.4505792805   0.4913298461   0.531336215   0.5704004271   0.6084082808   0.6453111066   0.6811082302   0.7158318562   0.7495349925   0.7822823583   0.8141438774   0.8451902452   0.875490071   0.9051081641   0.9341046213   0.9625344557   0.9904475763   1.017888983   1.044899083   1.071514073   1.097766335   1.123684827   1.149295463   1.174621451   1.199683608   1.224500642   1.249089397   1.273465079   1.297641442   1.321630964   1.345444988   1.369093857   1.392587022   1.415933143   1.439140173   1.462215435   1.485165684   1.50799717   1.530715683   1.553326599   1.575834924   1.598245319   1.620562142   1.642789465   1.664931107   1.686990647   1.708971453   1.73087669   1.752709344   1.774472228   1.796168002   1.81779918   1.839368143   1.860877145   1.882328327   1.903723719   1.925065252   1.946354762   1.967593996   1.98878462   2.009928221   2.031026314   2.052080345   2.073091697   2.09406169   2.11499159   2.135882605   2.156735895   2.177552572   2.198333702   2.219080306   2.239793366   2.260473825   2.281122589   2.30174053   2.322328485   2.342887262   2.363417636   2.383920355   2.404396141   2.424845688   2.445269667   2.465668723   2.486043482   2.506394545   2.526722494   2.547027892   2.567311282   2.58757319   2.607814124   2.628034576   2.648235022   2.668415922   2.688577723   2.708720857   2.728845743   2.748952787   2.769042383   2.789114913   2.809170746   2.829210243   2.849233751   2.869241611   2.88923415   2.909211688   2.929174536   2.949122995   2.969057358   2.98897791   3.008884928   3.028778682   3.048659435   3.06852744   3.088382948   3.108226199   3.12805743   3.147876869   3.167684739   3.187481259   3.207266641   3.22704109   3.246804809   3.266557994   3.286300837   3.306033524   3.325756237   3.345469155   3.365172451   3.384866294   3.404550849   3.424226279   3.44389274   3.463550386   3.483199369   3.502839833   3.522471924   3.542095781   3.561711542   3.58131934   3.600919305   3.620511568   3.640096251   3.659673479   
13.6959799   6.461063176e-07   8.327492181e-07   1.073308164e-06   1.383357952e-06   1.782972445e-06   2.298024165e-06   2.961859281e-06   3.817456387e-06   4.920208778e-06   6.341510286e-06   8.173376655e-06   1.053440142e-05   1.357743147e-05   1.749945846e-05   2.255436536e-05   2.906935132e-05   3.746609494e-05   4.828802063e-05   6.223542407e-05   8.021071557e-05   0.0001033766853   0.0001332315197   0.000171705357   0.0002212845143   0.0002851712376   0.0003674889957   0.000473546076   0.000610173668   0.0007861588628   0.001012798189   0.001304603539   0.001680199628   0.002163460291   0.002784939509   0.003583660927   0.00460933484   0.005925070513   0.007610638422   0.009766302225   0.01251717028   0.01601789265   0.02045732894   0.02606251395   0.03310084269   0.04187891514   0.05273602493   0.06603006712   0.08211402555   0.1013025901   0.1238310907   0.1498125198   0.1792017771   0.2117775222   0.2471494677   0.2847925425   0.324101388   0.3644527814   0.4052624732   0.446026579   0.4863436817   0.5259192836   0.5645574507   0.6021452439   0.6386346523   0.674025213   0.7083490293   0.7416588051   0.774018835   0.8054985575   0.8361681639   0.8660957664   0.8953457012   0.9239776256   0.9520461509   0.9796008227   1.006686315   1.033342747   1.059606055   1.085508395   1.111078525   1.13634218   1.161322411   1.186039897   1.210513224   1.234759129   1.258792721   1.28262767   1.306276378   1.32975012   1.353059181   1.376212957   1.399220062   1.422088404   1.444825269   1.467437377   1.489930947   1.51231174   1.534585108   1.556756032   1.578829155   1.600808813   1.622699063   1.644503707   1.666226312   1.68787023   1.709438616   1.730934445   1.75236052   1.773719493   1.795013869   1.816246021   1.837418197   1.858532531   1.879591048   1.900595674   1.921548239   1.942450488   1.963304081   1.984110602   2.004871562   2.025588406   2.046262513   2.0668952   2.087487731   2.108041313   2.128557105   2.149036215   2.169479707   2.189888604   2.210263885   2.230606492   2.25091733   2.27119727   2.29144715   2.311667775   2.331859922   2.352024337   2.372161742   2.392272831   2.412358273   2.432418716   2.452454784   2.472467079   2.492456182   2.512422657   2.532367046   2.552289877   2.572191656   2.592072877   2.611934015   2.631775531   2.651597873   2.671401472   2.691186748   2.710954108   2.730703945   2.750436642   2.770152569   2.789852087   2.809535544   2.82920328   2.848855624   2.868492897   2.888115408   2.90772346   2.927317346   2.946897353   2.966463758   2.986016831   3.005556835   3.025084025   3.044598651   3.064100955   3.083591172   3.103069533   3.122536262   3.141991577   3.16143569   3.180868809   3.200291135   3.219702866   3.239104193   3.258495304   3.277876383   3.297247606   3.316609148   3.33596118   3.355303866   3.374637369   3.393961847   3.413277455   3.432584342   3.451882657   3.471172584   3.490454142   3.50972759   3.528993022   3.54825057   3.567500363   3.586742525   
13.94974874   4.964837889e-07   6.399047811e-07   8.247562229e-07   1.063006206e-06   1.370080037e-06   1.765858901e-06   2.275966987e-06   2.933430399e-06   3.780815206e-06   4.872983021e-06   6.280642412e-06   8.094925926e-06   1.04332888e-05   1.344711084e-05   1.733149289e-05   2.233788108e-05   2.879033395e-05   3.710648268e-05   4.782453564e-05   6.163806671e-05   7.944082445e-05   0.0001023844378   0.0001319527128   0.0001700572606   0.0002191605324   0.000282434036   0.0003639616578   0.0004690007282   0.0006043168585   0.0007786127808   0.001003076567   0.001292080773   0.001664071268   0.002142692608   0.002758205291   0.003549258042   0.004565083433   0.005868184018   0.007537563023   0.009672519148   0.01239695571   0.01586403155   0.02026078263   0.02581204719   0.03278262642   0.04147613524   0.05222854656   0.06539422524   0.08132262998   0.1003252389   0.1226348669   0.1483630935   0.1774648523   0.2097204703   0.244742916   0.2820116678   0.3209267259   0.3608704687   0.4012639689   0.4416079975   0.4815049117   0.5206630522   0.5588884496   0.5960693869   0.6321584881   0.6671554898   0.7010923911   0.7340215949   0.7660069777   0.797117502   0.8274228637   0.8569906879   0.8858848472   0.9141645682   0.9418840682   0.9690925367   0.995834329   1.022149279   1.048073072   1.07363764   1.098871543   1.123800342   1.148446935   1.172831865   1.196973596   1.220888761   1.244592373   1.268098019   1.291418026   1.314563606   1.337544981   1.360371496   1.383051717   1.405593511   1.428004124   1.450290243   1.472458055   1.494513295   1.516461288   1.538306993   1.560055031   1.58170972   1.603275101   1.624754958   1.646152845   1.667472102   1.688715871   1.709887116   1.730988631   1.752023058   1.772992894   1.793900505   1.814748132   1.835537903   1.856271836   1.876951853   1.897579778   1.918157352   1.938686232   1.959167997   1.979604155   1.999996148   2.020345352   2.040653082   2.060920599   2.081149109   2.101339767   2.121493681   2.141611914   2.161695485   2.181745375   2.201762522   2.221747833   2.241702176   2.261626388   2.281521274   2.301387611   2.321226144   2.341037594   2.360822656   2.380581998   2.400316268   2.420026089   2.439712064   2.459374774   2.479014782   2.498632632   2.518228849   2.537803942   2.557358403   2.576892709   2.596407321   2.615902686   2.635379236   2.654837392   2.67427756   2.693700134   2.713105498   2.732494022   2.751866066   2.771221981   2.790562105   2.809886769   2.829196293   2.848490988   2.867771157   2.887037093   2.906289084   2.925527407   2.944752332   2.963964124   2.983163038   3.002349323   3.021523223   3.040684974   3.059834807   3.078972945   3.098099608   3.117215008   3.136319354   3.155412847   3.174495686   3.193568062   3.212630165   3.231682176   3.250724275   3.269756636   3.28877943   3.307792824   3.326796978   3.345792053   3.364778203   3.383755579   3.402724329   3.421684597   3.440636526   3.459580252   3.478515911   3.497443634   3.516363551   
14.20351759   3.815794628e-07   4.918076762e-07   6.338778635e-07   8.169882893e-07   1.052994324e-06   1.357175992e-06   1.749227228e-06   2.254530881e-06   2.905801999e-06   3.745205743e-06   4.827087016e-06   6.221488417e-06   8.018684163e-06   1.033502324e-05   1.332045968e-05   1.716825679e-05   2.212749243e-05   2.851917299e-05   3.675699616e-05   4.737410117e-05   6.105752941e-05   7.869261149e-05   0.0001014201295   0.0001307099139   0.0001684555705   0.0002170963568   0.0002797739076   0.0003605336418   0.0004645833678   0.0005986249652   0.0007712791833   0.0009936286921   0.001279910634   0.001648397071   0.002122509739   0.002732223921   0.00351582399   0.004522078259   0.005812899678   0.007466545863   0.009581377792   0.01228012776   0.01571450558   0.02006977514   0.02556864041   0.03247338245   0.04108471618   0.05173538887   0.06477633684   0.08055359621   0.09937552845   0.1214725103   0.1469547559   0.1757772417   0.2077219259   0.2424049525   0.2793102335   0.317842987   0.357391044   0.3973806556   0.4373171212   0.4768064673   0.5155597917   0.5533850321   0.590171655   0.6258728968   0.6604886823   0.6940509045   0.7266116678   0.7582344379   0.7889877088   0.8189406912   0.8481605321   0.8767106497   0.9046498482   0.932031959   0.9589058226   0.9853154812   1.01130049   1.036896287   1.062134584   1.087043749   1.11164917   1.135973595   1.160037432   1.183859029   1.207454913   1.230840004   1.254027808   1.277030578   1.299859459   1.322524617   1.345035345   1.36740016   1.389626889   1.41172274   1.433694367   1.455547923   1.477289118   1.498923251   1.520455258   1.541889741   1.563230998   1.584483051   1.605649672   1.626734399   1.647740558   1.668671281   1.68952952   1.710318059   1.731039532   1.751696428   1.772291103   1.792825794   1.813302619   1.833723594   1.854090633   1.874405556   1.8946701   1.914885916   1.935054581   1.9551776   1.97525641   1.995292385   2.015286837   2.035241026   2.055156153   2.075033374   2.094873794   2.114678474   2.134448432   2.154184647   2.173888057   2.193559566   2.213200043   2.232810324   2.252391212   2.271943483   2.291467884   2.310965134   2.330435927   2.349880932   2.369300795   2.38869614   2.40806757   2.427415665   2.446740989   2.466044084   2.485325478   2.504585679   2.523825178   2.543044452   2.562243964   2.58142416   2.600585472   2.619728322   2.638853116   2.657960248   2.677050102   2.696123049   2.71517945   2.734219655   2.753244003   2.772252825   2.791246442   2.810225165   2.829189297   2.848139133   2.867074959   2.885997055   2.90490569   2.923801129   2.942683628   2.961553437   2.9804108   2.999255954   3.018089129   3.03691055   3.055720436   3.074519002   3.093306454   3.112082997   3.130848828   3.149604139   3.168349121   3.187083955   3.205808822   3.224523896   3.243229349   3.261925346   3.280612052   3.299289624   3.317958219   3.336617988   3.35526908   3.373911639   3.392545807   3.411171722   3.42978952   3.448399334   
14.45728643   2.933194421e-07   3.780516893e-07   4.872608223e-07   6.28017544e-07   8.094350796e-07   1.043259195e-06   1.344628646e-06   1.733055294e-06   2.23368732e-06   2.878937313e-06   3.710580611e-06   4.782459684e-06   6.163969577e-06   7.944549903e-06   1.023947398e-05   1.319730947e-05   1.700953293e-05   2.192291942e-05   2.825550756e-05   3.641717029e-05   4.69361178e-05   6.049303955e-05   7.796508095e-05   0.0001004824771   0.0001295014691   0.0001668981552   0.0002150892404   0.0002771873123   0.0003572003856   0.0004602881159   0.000593090413   0.0007641483098   0.0009844419888   0.001268076923   0.001633156175   0.00210288482   0.002706960817   0.003483314265   0.004480262066   0.005759143885   0.007397492377   0.009492756776   0.01216653083   0.01556911551   0.01988405188   0.02533196903   0.03217269817   0.04070413536   0.05125589282   0.06417557527   0.079805894   0.09845218426   0.1203424578   0.1455856088   0.174136664   0.2057791782   0.2401323942   0.2766845457   0.3148459345   0.3540097016   0.3936071397   0.4331479548   0.4722417423   0.5106022804   0.5480393585   0.5844435904   0.619768803   0.6540150998   0.6872142649   0.7194181081   0.7506896899   0.7810970449   0.8107089071   0.8395919548   0.8678091607   0.895418915   0.9224746704   0.9490249253   0.975113415   1.000779421   1.02605814   1.050981066   1.075576378   1.099869297   1.12388242   1.147636027   1.171148348   1.194435805   1.21751323   1.240394047   1.263090435   1.285613478   1.307973281   1.330179087   1.352239367   1.374161906   1.395953875   1.417621894   1.439172086   1.460610133   1.48194131   1.50317053   1.524302373   1.54534112   1.566290776   1.587155096   1.607937604   1.628641615   1.649270247   1.669826442   1.690312975   1.710732469   1.731087405   1.751380133   1.77161288   1.791787761   1.811906784   1.831971857   1.851984797   1.871947334   1.891861117   1.911727718   1.931548639   1.951325313   1.971059111   1.990751344   2.010403267   2.030016081   2.049590939   2.069128943   2.088631153   2.108098587   2.12753222   2.14693299   2.166301801   2.185639519   2.20494698   2.224224986   2.243474313   2.262695706   2.281889885   2.301057542   2.320199346   2.339315944   2.358407958   2.377475991   2.396520624   2.415542419   2.434541921   2.453519655   2.472476129   2.491411836   2.510327253   2.529222842   2.548099048   2.566956307   2.585795037   2.604615646   2.623418529   2.642204069   2.660972638   2.679724597   2.698460296   2.717180075   2.735884265   2.754573187   2.773247153   2.791906466   2.810551422   2.829182307   2.8477994   2.866402973   2.884993289   2.903570606   2.922135174   2.940687237   2.959227032   2.977754791   2.996270739   3.014775095   3.033268073   3.051749882   3.070220726   3.088680803   3.107130305   3.125569423   3.14399834   3.162417236   3.180826287   3.199225663   3.217615532   3.235996057   3.254367398   3.27272971   3.291083146   3.309427854   3.32776398   3.346091666   3.364411051   3.38272227   
14.71105528   2.255121295e-07   2.906566446e-07   3.746196798e-07   4.82837396e-07   6.223163073e-07   8.020869074e-07   1.033788332e-06   1.332421907e-06   1.717322359e-06   2.213409572e-06   2.852801889e-06   3.676895403e-06   4.739043795e-06   6.10801213e-06   7.872428072e-06   1.014651847e-05   1.307750226e-05   1.685511774e-05   2.17238997e-05   2.799899953e-05   3.608656926e-05   4.651002383e-05   5.994387323e-05   7.725729984e-05   9.957027805e-05   0.0001283258285   0.0001653830174   0.0002131366091   0.0002746709327   0.0003539576144   0.0004561094639   0.0005877061039   0.0007572110152   0.0009755046752   0.001256564464   0.001618329031   0.002083792679   0.002682383573   0.003451687165   0.004439581209   0.005706847671   0.007330313957   0.009406542365   0.01205601909   0.01542767466   0.0197033743   0.02510172894   0.031880187   0.04033390312   0.05078944095   0.06359116609   0.07907855816   0.09755401247   0.1192432454   0.1442538741   0.1725409826   0.2038896887   0.2379222602   0.2741311454   0.3119316014   0.3507219429   0.3899383727   0.4290948873   0.4678045555   0.5057837623   0.5428440959   0.578877283   0.6138377209   0.647725682   0.6805728401   0.712430713   0.743361963   0.7734341731   0.8027156095   0.8312724908   0.8591673526   0.8864581793   0.9131980523   0.9394351344   0.9652128601   0.9905702426   1.015542239   1.040160135   1.06445192   1.088442651   1.11215478   1.135608456   1.158821795   1.18181112   1.204591171   1.227175291   1.249575591   1.271803089   1.293867834   1.315779019   1.337545068   1.359173726   1.380672126   1.402046855   1.423304007   1.444449235   1.46548779   1.486424563   1.507264113   1.528010702   1.548668318   1.569240702   1.589731363   1.610143601   1.630480526   1.650745066   1.670939987   1.691067903   1.711131287   1.73113248   1.751073703   1.770957065   1.790784565   1.810558109   1.830279508   1.849950487   1.869572689   1.889147685   1.908676972   1.928161979   1.947604075   1.967004568   1.98636471   2.0056857   2.024968688   2.044214776   2.063425021   2.082600438   2.101742003   2.120850652   2.139927286   2.158972771   2.177987943   2.196973603   2.215930524   2.234859453   2.253761106   2.272636178   2.291485337   2.310309228   2.329108473   2.347883676   2.366635416   2.385364257   2.404070741   2.422755395   2.441418727   2.460061229   2.478683378   2.497285636   2.51586845   2.534432254   2.552977467   2.571504497   2.590013738   2.608505576   2.626980381   2.645438514   2.663880327   2.682306159   2.700716342   2.719111197   2.737491036   2.755856163   2.774206873   2.792543453   2.810866184   2.829175336   2.847471174   2.865753955   2.884023931   2.902281345   2.920526435   2.938759433   2.956980564   2.975190049   2.993388102   3.011574931   3.029750741   3.047915731   3.066070094   3.084214019   3.102347691   3.120471291   3.138584994   3.156688972   3.174783392   3.192868418   3.21094421   3.229010924   3.247068714   3.265117727   3.28315811   3.301190005   3.319213551   
14.96482412   1.734081731e-07   2.235012343e-07   2.880648548e-07   3.712791903e-07   4.785319273e-07   6.167671029e-07   7.949346857e-07   1.024570025e-06   1.320540679e-06   1.702008968e-06   2.193672563e-06   2.827363406e-06   3.644108463e-06   4.696785659e-06   6.053546875e-06   7.802229483e-06   1.005604176e-05   1.29608899e-05   1.670482028e-05   2.153018715e-05   2.77493317e-05   3.576478423e-05   4.609529235e-05   5.940935132e-05   7.656839287e-05   9.86824043e-05   0.0001271815384   0.0001639082833   0.0002112360482   0.0002722216571   0.0003508013179   0.0004520422442   0.0005824653791   0.0007504587199   0.0009668056983   0.001245359017   0.001603897301   0.002065209701   0.00265846179   0.003420903566   0.004399985364   0.005655946336   0.007264927483   0.009322627867   0.01194845575   0.01529000789   0.01952751862   0.02487763484   0.0315954863   0.03997356016   0.05033545409   0.06302238287   0.07837068341   0.09667989332   0.1181735001   0.1429578842   0.1709881937   0.2020510769   0.2357717556   0.2716467901   0.3090962696   0.3475235515   0.3863696236   0.4251526616   0.4634891162   0.5010979088   0.5377923766   0.573465326   0.6080717055   0.6416119477   0.6741176143   0.7056399348   0.7362411792   0.7659884869   0.794949665   0.8231904812   0.8507730423   0.8777549344   0.9041888751   0.9301226979   0.9555995421   0.9806581576   1.005333268   1.02965595   1.053654012   1.077352348   1.100773266   1.123936788   1.146860918   1.169561879   1.192054323   1.214351514   1.236465493   1.258407215   1.280186674   1.30181301   1.323294606   1.344639163   1.365853779   1.386945008   1.407918914   1.428781122   1.44953686   1.470190995   1.490748067   1.511212319   1.531587723   1.551878002   1.572086653   1.592216964   1.61227203   1.63225477   1.65216794   1.672014145   1.691795848   1.711515384   1.731174967   1.750776697   1.770322571   1.789814485   1.809254247   1.828643578   1.847984116   1.867277427   1.886525005   1.905728277   1.924888606   1.9440073   1.963085606   1.982124722   2.001125796   2.020089926   2.039018169   2.057911539   2.076771007   2.095597512   2.11439195   2.133155189   2.151888061   2.170591367   2.18926588   2.207912345   2.22653148   2.245123976   2.263690501   2.282231701   2.300748198   2.319240593   2.337709467   2.356155383   2.374578884   2.392980494   2.411360723   2.429720063   2.448058991   2.466377968   2.484677442   2.502957845   2.521219599   2.53946311   2.557688775   2.575896976   2.594088086   2.612262466   2.630420467   2.648562429   2.666688684   2.684799554   2.70289535   2.720976378   2.739042932   2.7570953   2.775133761   2.793158589   2.811170047   2.829168393   2.847153879   2.865126749   2.883087241   2.901035587   2.918972013   2.936896739   2.954809981   2.972711948   2.990602843   3.008482866   3.026352211   3.044211068   3.062059622   3.079898053   3.097726538   3.115545248   3.133354352   3.151154014   3.168944393   3.186725647   3.204497929   3.222261387   3.240016169   3.257762417   
15.21859296   1.333636152e-07   1.718888607e-07   2.215430324e-07   2.855409799e-07   3.680262346e-07   4.743392788e-07   6.113633094e-07   7.879698801e-07   1.015593274e-06   1.308970786e-06   1.687096847e-06   2.17445274e-06   2.802591512e-06   3.612180671e-06   4.655634851e-06   6.000508824e-06   7.733870372e-06   9.967935899e-06   1.284733324e-05   1.65584612e-05   2.134155064e-05   2.750620614e-05   3.545143124e-05   4.569142847e-05   5.8888836e-05   7.589753801e-05   9.781779641e-05   0.0001260672334   0.0001624721934   0.0002093852898   0.0002698365628   0.00034772773   0.0004480816036   0.0005773619851   0.0007438833665   0.0009583346773   0.001234447212   0.001589843763   0.002047113711   0.002635166917   0.003390926729   0.004361427267   0.005606379118   0.007201254889   0.009240913078   0.01184371234   0.01515595076   0.01935627469   0.02465941882   0.0313182555   0.03962267514   0.04989338835   0.06246854347   0.07768141967   0.09582877539   0.1171319325   0.1416960735   0.1694764164   0.2002611084   0.2336782573   0.2692284368   0.3063364496   0.3444105714   0.3828964542   0.4213163465   0.4592899933   0.4965387856   0.5328777614   0.5682007755   0.6024633097   0.6356659482   0.6678401394   0.6990368278   0.7293178973   0.7587500516   0.787400647   0.8153350084   0.8426148224   0.8692972843   0.8954347546   0.9210747439   0.9462601018   0.9710293199   0.995416892   1.019453692   1.043167347   1.066582592   1.089721595   1.112604252   1.135248457   1.157670335   1.17988445   1.20190399   1.223740925   1.245406149   1.266909602   1.288260373   1.3094668   1.330536545   1.35147667   1.372293695   1.392993655   1.413582149   1.43406438   1.454445192   1.474729106   1.494920346   1.515022868   1.535040378   1.554976361   1.574834089   1.594616648   1.614326946   1.633967728   1.653541588   1.673050985   1.692498242   1.711885568   1.731215056   1.750488696   1.769708381   1.788875911   1.807993002   1.82706129   1.846082335   1.865057628   1.883988593   1.902876589   1.921722921   1.940528834   1.959295524   1.978024134   1.996715763   2.015371464   2.03399225   2.052579092   2.071132923   2.089654643   2.108145115   2.126605172   2.145035613   2.16343721   2.181810707   2.200156822   2.218476245   2.236769644   2.255037663   2.273280924   2.291500028   2.309695557   2.327868071   2.346018114   2.364146211   2.38225287   2.400338584   2.418403829   2.436449066   2.454474744   2.472481295   2.49046914   2.508438686   2.526390329   2.544324452   2.562241428   2.580141617   2.598025372   2.615893034   2.633744932   2.65158139   2.669402719   2.687209225   2.705001203   2.722778941   2.740542719   2.758292809   2.776029476   2.793752978   2.811463568   2.829161489   2.84684698   2.864520273   2.882181595   2.899831166   2.917469202   2.935095912   2.952711501   2.970316168   2.987910108   3.005493511   3.023066562   3.040629442   3.058182327   3.075725391   3.093258801   3.110782722   3.128297314   3.145802734   3.163299137   3.18078667   3.198265482   
15.47236181   1.025819525e-07   1.322151865e-07   1.704086811e-07   2.196352679e-07   2.830821124e-07   3.648570651e-07   4.702546201e-07   6.060987012e-07   7.811844668e-07   1.006847736e-06   1.297698898e-06   1.672568818e-06   2.155727961e-06   2.778457666e-06   3.581075241e-06   4.615543963e-06   5.948836872e-06   7.667271984e-06   9.882099379e-06   1.273670146e-05   1.641587189e-05   2.115777283e-05   2.726934277e-05   3.514614928e-05   4.529796691e-05   5.838172762e-05   7.524396239e-05   9.697545828e-05   0.0001249816295   0.0001610730929   0.0002075822018   0.0002675129019   0.0003447333094   0.0004442229788   0.0005723900419   0.0007374773792   0.0009500818525   0.001223816476   0.001576152225   0.002029483856   0.002612472113   0.003361722108   0.004323862481   0.005558088885   0.007139222778   0.009161303792   0.01174166809   0.01502534864   0.01918944493   0.02444682899   0.03104817444   0.03928084254   0.0494627324   0.06192900661   0.07700996781   0.09499967033   0.1161173308   0.1404669706   0.1680038828   0.1985176832   0.2316393002   0.2668732258   0.3036488635   0.3413792862   0.3795146955   0.4175813107   0.4552020872   0.4921008209   0.5280942057   0.5630771144   0.5970055449   0.6298802254   0.6617324899   0.692613001   0.722583263   0.7517095509   0.7800587788   0.8076958371   0.8346819997   0.8610740789   0.8869240845   0.9122792105   0.937182022   0.9616707573   0.9857796844   1.009539478   1.032977587   1.056118591   1.078984519   1.101595144   1.123968252   1.146119871   1.168064479   1.189815188   1.211383899   1.232781447   1.254017714   1.275101743   1.296041828   1.31684559   1.337520056   1.358071713   1.378506567   1.398830191   1.419047763   1.439164105   1.459183719   1.47911081   1.498949316   1.51870293   1.538375121   1.557969149   1.577488089   1.596934836   1.616312126   1.635622545   1.654868541   1.674052433   1.693176419   1.712242587   1.73125292   1.750209306   1.76911354   1.787967334   1.806772317   1.825530048   1.844242011   1.862909628   1.881534256   1.900117194   1.918659687   1.937162926   1.955628055   1.974056168   1.992448317   2.010805513   2.029128725   2.047418886   2.065676892   2.083903607   2.10209986   2.120266452   2.138404154   2.156513707   2.174595829   2.192651209   2.210680515   2.22868439   2.246663457   2.264618314   2.282549544   2.300457707   2.318343344   2.336206985   2.354049133   2.371870282   2.389670909   2.407451475   2.425212427   2.442954199   2.460677211   2.47838187   2.496068572   2.513737701   2.531389629   2.549024717   2.566643318   2.584245771   2.601832408   2.619403552   2.636959515   2.654500602   2.672027109   2.689539324   2.707037527   2.72452199   2.74199298   2.759450754   2.776895564   2.794327655   2.811747267   2.82915463   2.846549973   2.863933516   2.881305475   2.898666059   2.916015474   2.933353919   2.950681589   2.967998675   2.985305362   3.002601831   3.01988826   3.03716482   3.054431682   3.071689008   3.088936961   3.106175698   3.123405373   3.140626135   
15.72613065   7.891656033e-08   1.017134851e-07   1.310958417e-07   1.689659869e-07   2.177758173e-07   2.806855156e-07   3.617681547e-07   4.662734051e-07   6.009674187e-07   7.745708936e-07   9.983236785e-07   1.28671247e-06   1.658408709e-06   2.137477386e-06   2.754935008e-06   3.550757553e-06   4.576468374e-06   5.898473508e-06   7.602360196e-06   9.798436662e-06   1.262887142e-05   1.627689364e-05   2.097864919e-05   2.703847796e-05   3.484859857e-05   4.491446976e-05   5.788746174e-05   7.460693856e-05   9.615445238e-05   0.0001239235187   0.0001597094248   0.0002058247772   0.0002652480882   0.0003418147233   0.000440462075   0.0005675440157   0.0007312336277   0.0009420380376   0.001213454975   0.001562807445   0.002012300512   0.002590352112   0.00333325719   0.004287249185   0.005511021869   0.007078762071   0.009083711341   0.01164220931   0.014898056   0.01902684337   0.0242396283   0.03078494179   0.03894768074   0.04904300505   0.0614031688   0.07635557583   0.09419164809   0.1151285546   0.1392691907   0.1665689295   0.1968188259   0.2296525654   0.2645784679   0.301030428   0.3384262013   0.376220428   0.4139432003   0.4512206042   0.4877787785   0.5234360293   0.5580882194   0.591691846   0.624247774   0.6557872222   0.6863605749   0.7160289623   0.7448582388   0.7729148836   0.8002633608   0.8269645394   0.8530748556   0.8786459754   0.9037247818   0.9283535609   0.9525703019   0.9764090517   0.9999002882   1.023071288   1.045946475   1.068547742   1.090894742   1.113005155   1.134894911   1.156578407   1.178068677   1.199377557   1.22051582   1.241493296   1.262318978   1.283001117   1.303547296   1.323964504   1.344259199   1.364437357   1.384504523   1.404465853   1.424326147   1.444089885   1.463761256   1.483344181   1.502842337   1.522259179   1.541597956   1.560861729   1.580053383   1.599175643   1.618231088   1.637222156   1.656151157   1.675020284   1.693831618   1.712587135   1.731288717   1.749938155   1.768537154   1.787087341   1.805590269   1.82404742   1.84246021   1.860829994   1.879158069   1.897445676   1.915694003   1.933904191   1.952077334   1.970214481   1.98831664   2.006384779   2.02441983   2.042422688   2.060394213   2.078335236   2.096246554   2.114128939   2.13198313   2.149809844   2.167609771   2.185383576   2.203131903   2.220855373   2.238554586   2.256230121   2.273882539   2.291512384   2.309120179   2.326706433   2.344271637   2.361816267   2.379340786   2.39684564   2.414331262   2.431798073   2.44924648   2.466676879   2.484089653   2.501485175   2.518863807   2.536225899   2.553571794   2.570901822   2.588216305   2.605515558   2.622799884   2.64006958   2.657324934   2.674566227   2.69179373   2.709007711   2.726208426   2.74339613   2.760571065   2.777733473   2.794883585   2.812021628   2.829147824   2.846262389   2.863365532   2.88045746   2.897538371   2.914608461   2.931667922   2.948716938   2.965755691   2.982784359   2.999803114   3.016812126   3.03381156   3.050801576   3.067782333   3.084753985   
15.9798995   6.07193078e-08   7.825952437e-08   1.008666487e-07   1.300043764e-07   1.675592261e-07   2.159626802e-07   2.783486109e-07   3.587561799e-07   4.623913504e-07   5.959639415e-07   7.68122045e-07   9.900119302e-07   1.275999682e-06   1.644601287e-06   2.11968138e-06   2.731998231e-06   3.521194991e-06   4.538366043e-06   5.849364548e-06   7.539065171e-06   9.716857739e-06   1.252372711e-05   1.614137693e-05   2.080398699e-05   2.681336331e-05   3.455845899e-05   4.454052441e-05   5.740550659e-05   7.398578118e-05   9.53538954e-05   0.0001228917624   0.0001583797219   0.0002041111252   0.0002630396849   0.0003389688316   0.000436794846   0.0005628186925   0.0007251453942   0.0009341945779   0.00120335156   0.001549795065   0.001995545188   0.002568783112   0.003305501343   0.004251547972   0.005465127409   0.007019807686   0.009008052186   0.0115452289   0.01477393572   0.01886829483   0.0240375934   0.03052827365   0.03862283019   0.04863375297   0.06089046152   0.07571753532   0.09340383258   0.1141645299   0.1381014299   0.16516999   0.1951626758   0.2277158693   0.2623416305   0.2984782405   0.335548027   0.3730099623   0.4103979179   0.4473410328   0.4835677315   0.5188978888   0.5532283307   0.5865160383   0.6187620066   0.649997338   0.6802721421   0.7096471811   0.7381878954   0.7659603377   0.7930285534   0.8194530139   0.8452897864   0.8705901994   0.8954008305   0.9197636922   0.943716529   0.9672931705   0.9905239018   1.013435829   1.036053223   1.058397845   1.080489229   1.102344948   1.123980841   1.145411219   1.166649043   1.187706084   1.208593053   1.22931973   1.249895059   1.270327246   1.290623839   1.31079179   1.330837525   1.350766992   1.37058571   1.390298811   1.409911072   1.429426956   1.448850632   1.468186005   1.487436736   1.506606267   1.525697834   1.544714486   1.563659097   1.582534384   1.601342913   1.620087117   1.638769296   1.657391637   1.675956213   1.694464995   1.712919859   1.731322591   1.74967489   1.767978379   1.786234607   1.804445052   1.822611127   1.840734182   1.858815512   1.876856355   1.894857896   1.912821275   1.930747582   1.948637864   1.966493128   1.98431434   2.00210243   2.01985829   2.037582782   2.055276733   2.072940941   2.090576174   2.108183173   2.125762651   2.1433153   2.160841783   2.178342743   2.195818801   2.213270555   2.230698586   2.248103454   2.265485701   2.28284585   2.300184411   2.317501874   2.334798716   2.352075396   2.369332364   2.386570051   2.403788878   2.420989253   2.43817157   2.455336214   2.472483557   2.489613961   2.506727777   2.523825346   2.540907   2.557973061   2.575023843   2.59205965   2.609080779   2.626087518   2.643080148   2.660058942   2.677024165   2.693976076   2.710914928   2.727840965   2.744754428   2.761655549   2.778544556   2.79542167   2.812287107   2.829141077   2.845983786   2.862815435   2.879636218   2.896446327   2.913245948   2.930035263   2.946814449   2.96358368   2.980343124   2.997092947   3.013833312   3.030564375   
16.23366834   4.672453065e-08   6.022202342e-08   7.761858756e-08   1.00040562e-07   1.28939655e-07   1.661869346e-07   2.141939698e-07   2.760689667e-07   3.558180066e-07   4.586044166e-07   5.910830629e-07   7.618312106e-07   9.819038422e-07   1.265549386e-06   1.631132185e-06   2.102321423e-06   2.709623467e-06   3.492356791e-06   4.501197322e-06   5.80145889e-06   7.477321045e-06   9.63727772e-06   1.242115912e-05   1.600918076e-05   2.06336045e-05   2.659376458e-05   3.427542862e-05   4.417574175e-05   5.693536068e-05   7.337984387e-05   9.45729543e-05   0.0001218852871   0.0001570826005   0.0002024394626   0.000260885394   0.0003361926729   0.0004332174755   0.000558209155   0.0007192063431   0.0009265433113   0.001193495719   0.001537101543   0.001979200447   0.002547742664   0.003278425678   0.004216721682   0.00542035773   0.006962298243   0.008934247545   0.01145062587   0.01465285852   0.01871363408   0.02384051368   0.03027790233   0.03830595185   0.04823454866   0.06039034867   0.07509517829   0.09263539773   0.113224244   0.1369624585   0.1638055874   0.1935474793   0.2258271538   0.2601603269   0.2959895657   0.3327416632   0.3698798222   0.4069416034   0.4435591249   0.4794630397   0.5144747524   0.5484920254   0.5814723095   0.6134167226   0.6443562509   0.6743407323   0.7034305667   0.7316907879   0.7591870294   0.7859829253   0.8121385571   0.8377096295   0.8627471396   0.8872973654   0.9114020505   0.9350986993   0.9584209279   0.9813988319   1.004059349   1.026426604   1.048522222   1.070365624   1.091974277   1.11336393   1.13454881   1.155541807   1.176354624   1.196997917   1.21748141   1.237814003   1.258003858   1.278058485   1.297984801   1.317789202   1.337477606   1.357055507   1.376528012   1.39589988   1.415175551   1.434359177   1.453454646   1.472465606   1.491395484   1.510247502   1.529024698   1.547729936   1.566365922   1.584935214   1.603440235   1.621883279   1.640266523   1.658592036   1.676861782   1.695077631   1.713241362   1.731354672   1.749419179   1.767436425   1.785407886   1.803334971   1.821219028   1.839061347   1.856863164   1.874625661   1.892349975   1.910037194   1.927688364   1.945304489   1.962886532   1.980435423   1.997952053   2.01543728   2.032891932   2.050316804   2.067712664   2.085080252   2.10242028   2.119733438   2.13702039   2.154281777   2.171518219   2.188730316   2.205918645   2.223083767   2.240226223   2.257346538   2.274445219   2.291522756   2.308579626   2.32561629   2.342633194   2.359630772   2.376609444   2.393569616   2.410511684   2.427436033   2.444343034   2.461233049   2.47810643   2.494963517   2.511804643   2.52863013   2.545440291   2.562235431   2.579015847   2.595781827   2.612533652   2.629271595   2.645995922   2.662706892   2.679404757   2.696089764   2.712762151   2.729422151   2.746069993   2.762705898   2.779330083   2.795942757   2.812544126   2.829134392   2.84571375   2.862282391   2.878840502   2.895388264   2.911925856   2.928453451   2.944971218   2.961479323   2.977977929   
16.48743719   3.596007964e-08   4.634800484e-08   5.973672916e-08   7.699310451e-08   9.923439331e-08   1.279006054e-07   1.648477308e-07   2.124679052e-07   2.738442874e-07   3.529506762e-07   4.549087903e-07   5.863198682e-07   7.556920559e-07   9.7399125e-07   1.255351059e-06   1.617987838e-06   2.085380036e-06   2.687788185e-06   3.464213914e-06   4.464924784e-06   5.754708295e-06   7.417065644e-06   9.559616472e-06   1.232106417e-05   1.588017199e-05   2.046733013e-05   2.637946065e-05   3.399922246e-05   4.381975445e-05   5.647655058e-05   7.278851648e-05   9.381084269e-05   0.0001209030791   0.0001558167544   0.0002008081062   0.0002587830462   0.0003334834515   0.0004297263612   0.0005537107614   0.0007134104937   0.0009190765325   0.001183877525   0.001524714096   0.001963249828   0.002527209577   0.003252002923   0.004182735234   0.005376667732   0.006906175801   0.00886222305   0.01135830485   0.01453470232   0.01856270516   0.02364819031   0.0300335751   0.03799672568   0.04784498862   0.05990232423   0.07448787423   0.09188556387   0.1123067409   0.1358511162   0.1624743281   0.1919715813   0.2239844768   0.2580323053   0.293561823   0.330004186   0.3668267295   0.4035706166   0.439870874   0.4754603287   0.5101618768   0.5438741926   0.5765551817   0.6082060796   0.6388577557   0.6685597794   0.6973721941   0.7253596339   0.7525873202   0.7791184836   0.8050128224   0.8303256855   0.8551077446   0.8794049837   0.9032588819   0.9267067081   0.9497818686   0.9725142729   0.9949306937   1.017055109   1.038909016   1.060511718   1.081880583   1.103031267   1.123977919   1.144733354   1.165309213   1.185716093   1.205963667   1.226060788   1.246015577   1.265835504   1.285527455   1.305097792   1.324552407   1.343896768   1.363135958   1.382274714   1.401317458   1.420268323   1.439131182   1.457909668   1.476607192   1.495226965   1.513772014   1.532245191   1.550649192   1.568986567   1.587259728   1.605470964   1.623622444   1.641716229   1.659754278   1.677738454   1.695670533   1.713552205   1.731385082   1.749170706   1.766910545   1.784606007   1.802258435   1.819869116   1.837439282   1.854970115   1.872462748   1.889918266   1.907337714   1.924722092   1.942072365   1.959389457   1.976674259   1.993927629   2.01115039   2.02834334   2.045507243   2.062642838   2.079750838   2.09683193   2.113886777   2.130916021   2.147920281   2.164900155   2.18185622   2.198789037   2.215699147   2.232587073   2.249453322   2.266298385   2.283122738   2.299926841   2.31671114   2.333476069   2.350222047   2.366949483   2.38365877   2.400350293   2.417024424   2.433681524   2.450321946   2.466946029   2.483554107   2.500146501   2.516723526   2.533285485   2.549832675   2.566365386   2.582883898   2.599388483   2.61587941   2.632356935   2.648821313   2.665272789   2.681711602   2.698137986   2.714552169   2.730954372   2.747344812   2.7637237   2.780091242   2.796447638   2.812793086   2.829127775   2.845451893   2.861765622   2.878069139   2.89436262   2.910646233   2.926920145   
16.74120603   2.767910762e-08   3.567487707e-08   4.598041472e-08   5.926295188e-08   7.638246539e-08   9.844735657e-08   1.268862144e-07   1.635403088e-07   2.107828035e-07   2.716724042e-07   3.501513932e-07   4.513008684e-07   5.816697134e-07   7.496985952e-07   9.66266439e-07   1.245394758e-06   1.605155433e-06   2.068840701e-06   2.666471096e-06   3.436738923e-06   4.429513064e-06   5.709067184e-06   7.358240222e-06   9.483798277e-06   1.222334466e-05   1.575422486e-05   2.030500178e-05   2.617024258e-05   3.372957122e-05   4.347221544e-05   5.602862895e-05   7.221122248e-05   9.306681755e-05   0.0001199441811   0.0001545809495   0.0001992154654   0.0002567305917   0.0003308385261   0.0004263180992   0.0005493191257   0.000707752195   0.0009117869613   0.0011744876   0.001512620644   0.001947677778   0.002507163828   0.003226207312   0.004149555483   0.0053340148   0.006851385615   0.008791908431   0.01126817578   0.01441935181   0.01841536071   0.02346043545   0.0297950532   0.0376948493   0.0474646916   0.05942591013   0.07389502751   0.09115359443   0.1114111179   0.134766307   0.1611748957   0.1904334189   0.2221860043   0.2559554394   0.2911925759   0.3273328348   0.3638475893   0.4002815218   0.4362724991   0.4715554707   0.5059547869   0.5393700104   0.5717594882   0.6031245676   0.6334960007   0.6629230923   0.6914655345   0.7191875684   0.7461540107   0.7724276954   0.7980679445   0.8231297576   0.8476634869   0.8717148274   0.8953249988   0.9185310383   0.9413661461   0.9638600488   0.986039357   1.007927905   1.029547062   1.050916019   1.072052044   1.092970702   1.113686064   1.134210874   1.154556709   1.174734109   1.194752696   1.214621278   1.234347935   1.253940098   1.27340462   1.292747833   1.3119756   1.331093363   1.350106184   1.369018778   1.387835547   1.406560608   1.425197815   1.443750788   1.462222924   1.480617422   1.498937296   1.517185388   1.535364385   1.553476826   1.571525116   1.589511535   1.607438245   1.625307301   1.643120655   1.660880164   1.678587599   1.696244645   1.713852911   1.731413932   1.748929173   1.766400038   1.783827867   1.801213944   1.818559498   1.835865708   1.853133703   1.870364568   1.887559344   1.90471903   1.921844588   1.938936941   1.955996979   1.973025556   1.990023497   2.006991596   2.023930616   2.040841297   2.057724348   2.074580457   2.091410287   2.108214477   2.124993645   2.14174839   2.158479288   2.1751869   2.191871765   2.208534406   2.22517533   2.241795027   2.258393973   2.274972628   2.291531438   2.308070837   2.324591242   2.341093063   2.357576693   2.374042517   2.390490906   2.406922223   2.423336818   2.439735033   2.456117199   2.472483639   2.488834667   2.505170588   2.521491697   2.537798285   2.554090631   2.570369009   2.586633686   2.60288492   2.619122965   2.635348066   2.651560463   2.66776039   2.683948075   2.700123739   2.716287599   2.732439867   2.748580749   2.764710444   2.780829151   2.79693706   2.813034358   2.829121228   2.845197847   2.861264391   2.877321029   
16.99497487   2.130774697e-08   2.746299726e-08   3.539633809e-08   4.562141311e-08   5.880024412e-08   7.578609349e-08   9.767870846e-08   1.25895524e-07   1.62263434e-07   2.091370731e-07   2.695512656e-07   3.474175137e-07   4.477772434e-07   5.771282067e-07   7.438451681e-07   9.587221135e-07   1.23567108e-06   1.592622849e-06   2.052687798e-06   2.645652069e-06   3.409905869e-06   4.394928717e-06   5.664492449e-06   7.30078922e-06   9.409751529e-06   1.212790832e-05   1.56312204e-05   2.014646614e-05   2.596591276e-05   3.346622022e-05   4.313279648e-05   5.559117277e-05   7.164741664e-05   9.234017616e-05   0.0001190076871   0.0001533740186   0.0001976600359   0.000254726092   0.0003282553986   0.0004229894705   0.0005450301001   0.0007022261026   0.0009046677126   0.001165317074   0.001500809765   0.001932469586   0.002487586482   0.003201014475   0.004117151083   0.005292358636   0.00679787591   0.008723237236   0.01118015345   0.01430669793   0.01827146138   0.02327707144   0.02956211086   0.03740003676   0.04709329711   0.05896065431   0.07331607488   0.09043879297   0.1105365211   0.1337069946   0.1599060455   0.1889315143   0.2204300026   0.2539277192   0.2888795217   0.3247250008   0.3609394773   0.3970710728   0.4327604287   0.4677445667   0.5018492564   0.5349749257   0.5670803507   0.5981669848   0.6282654628   0.657424828   0.6857044269   0.7131681141   0.7398803085   0.7659034546   0.7912965048   0.8161141152   0.8404063247   0.8642185441   0.8875917385   0.9105627173   0.9331644782   0.955426568   0.9773754378   0.9990347803   1.02042584   1.041567697   1.062477518   1.083170784   1.103661484   1.123962295   1.144084729   1.164039272   1.183835495   1.20348216   1.222987307   1.24235833   1.261602048   1.280724762   1.299732309   1.318630107   1.337423191   1.356116259   1.374713692   1.393219589   1.41163779   1.429971898   1.448225297   1.466401174   1.484502531   1.502532199   1.520492856   1.53838703   1.55621712   1.573985397   1.591694016   1.609345024   1.626940368   1.6444819   1.661971384   1.6794105   1.696800852   1.714143972   1.731441321   1.748694299   1.765904241   1.78307243   1.80020009   1.817288398   1.834338481   1.851351421   1.868328256   1.885269984   1.902177565   1.919051919   1.935893935   1.952704467   1.969484336   1.986234335   2.002955228   2.019647751   2.036312614   2.052950502   2.069562079   2.086147982   2.10270883   2.119245218   2.135757725   2.152246908   2.168713308   2.185157446   2.20157983   2.217980949   2.234361278   2.250721277   2.267061392   2.283382055   2.299683686   2.315966692   2.332231468   2.348478396   2.36470785   2.380920191   2.39711577   2.413294928   2.429457997   2.445605299   2.461737148   2.477853849   2.493955699   2.510042986   2.526115991   2.542174989   2.558220244   2.574252017   2.59027056   2.606276119   2.622268935   2.638249241   2.654217265   2.670173229   2.68611735   2.70204984   2.717970904   2.733880744   2.749779556   2.765667533   2.78154486   2.797411721   2.813268294   2.829114754   
17.24874372   1.64049658e-08   2.114393102e-08   2.725185917e-08   3.512420773e-08   4.527067142e-08   5.834818234e-08   7.520344291e-08   9.69277454e-08   1.249276274e-07   1.610159375e-07   2.075292077e-07   2.674789302e-07   3.447465353e-07   4.4433469e-07   5.726911909e-07   7.381264166e-07   9.513513678e-07   1.226171125e-06   1.580378614e-06   2.036906541e-06   2.625312046e-06   3.38369019e-06   4.361140087e-06   5.62094329e-06   7.244660051e-06   9.337408449e-06   1.203466778e-05   1.551104603e-05   1.999157808e-05   2.576628417e-05   3.320892842e-05   4.280118688e-05   5.51637816e-05   7.109658288e-05   9.16302534e-05   0.0001180927402   0.0001521948569   0.000196140394   0.0002527677123   0.0003257317044   0.0004197374282   0.0005408397586   0.0006968271579   0.0008977122693   0.001156357554   0.001489270647   0.001917611331   0.002468459614   0.003176401346   0.004085492362   0.005251661094   0.006745597683   0.008656146565   0.01109415722   0.01419663744   0.01813087527   0.02309793016   0.02933453435   0.03711201744   0.04673046394   0.0585061289   0.07275048329   0.08974050038   0.1096821428   0.1326721982   0.1586666   0.1874644695   0.2187148316   0.2519472434   0.286620482   0.3221782168   0.3580996282   0.3939362001   0.4293312856   0.4640239307   0.4978412902   0.5306846355   0.5625131592   0.5933284162   0.6231609238   0.6520594671   0.6800830523   0.7072951539   0.7337597998   0.7595390518   0.784691499   0.8092714608   0.8333286674   0.856908251   0.880050926   0.9027932784   0.9251681067   0.947204781   0.9689295956   0.9903661039   1.011535428   1.032456537   1.053146502   1.073620715   1.093893091   1.113976236   1.133881602   1.153619617   1.173199806   1.192630883   1.211920849   1.231077061   1.250106306   1.269014856   1.287808518   1.306492685   1.325072372   1.343552254   1.361936695   1.380229775   1.398435318   1.416556913   1.434597931   1.452561545   1.470450745   1.488268354   1.506017038   1.523699318   1.541317581   1.558874093   1.576371001   1.593810346   1.611194067   1.628524012   1.645801937   1.663029521   1.68020836   1.697339983   1.714425846   1.731467346   1.748465814   1.76542253   1.782338716   1.799215544   1.81605414   1.832855582   1.849620908   1.866351112   1.883047151   1.899709947   1.916340384   1.932939314   1.949507559   1.966045909   1.982555127   1.999035948   2.015489081   2.03191521   2.048314997   2.064689079   2.081038074   2.097362577   2.113663165   2.129940396   2.146194808   2.162426924   2.17863725   2.194826274   2.210994472   2.227142304   2.243270214   2.259378635   2.275467987   2.291538675   2.307591095   2.323625629   2.339642651   2.355642521   2.37162559   2.387592199   2.403542681   2.419477357   2.435396542   2.451300539   2.467189646   2.483064152   2.498924337   2.514770475   2.530602833   2.54642167   2.562227238   2.578019785   2.593799549   2.609566766   2.625321662   2.641064461   2.656795379   2.672514628   2.688222414   2.703918938   2.719604397   2.735278984   2.750942885   2.766596282   2.782239356   
17.50251256   1.263176095e-08   1.62807461e-08   2.098382751e-08   2.704550594e-08   3.485824445e-08   4.492787832e-08   5.79063653e-08   7.46339965e-08   9.619380086e-08   1.239816655e-07   1.597967122e-07   2.059577801e-07   2.654535587e-07   3.421360873e-07   4.409701526e-07   5.683547279e-07   7.32537265e-07   9.441476599e-07   1.21688646e-06   1.568411862e-06   2.021482922e-06   2.605432974e-06   3.358068617e-06   4.328117184e-06   5.578381054e-06   7.189802897e-06   9.266704827e-06   1.194354028e-05   1.539359509e-05   1.984020015e-05   2.557117961e-05   3.295746743e-05   4.247709232e-05   5.47460761e-05   7.05582323e-05   9.093641915e-05   0.0001171985281   0.0001510424179   0.0001946551909   0.0002508537144   0.0003232652035   0.0004165590856   0.0005367443816   0.0006915505689   0.0008909144574   0.001147601086   0.001477993046   0.001903089822   0.002449766247   0.003152346076   0.004054551212   0.005211886038   0.006694504509   0.008590576833   0.0110101107   0.01408907255   0.01799347742   0.02292285233   0.02911212124   0.03683053496   0.04637586887   0.05806192864   0.07219774783   0.08905809237   0.1088472176   0.1316609891   0.157455444   0.1860309606   0.217038938   0.2500122118   0.2844133948   0.3196901469   0.3553254242   0.3908739987   0.4259818744   0.4603900752   0.4939271088   0.5264950691   0.5580535536   0.5886042136   0.6181774493   0.6468217908   0.6745959092   0.7015629051   0.7277864222   0.7533281461   0.778246309   0.8025948991   0.8264233437   0.849776501   0.8726948393   0.8952147248   0.9173687603   0.939186142   0.9606930101   0.9819127812   1.002866456   1.023572896   1.044049076   1.064310304   1.084370418   1.104241956   1.123936309   1.143463853   1.16283406   1.182055603   1.201136441   1.220083897   1.238904724   1.257605164   1.276190999   1.294667595   1.313039947   1.331312707   1.349490221   1.367576552   1.385575509   1.403490664   1.421325377   1.439082807   1.456765934   1.474377568   1.491920367   1.509396843   1.526809375   1.544160219   1.561451516   1.578685301   1.595863506   1.612987973   1.630060454   1.64708262   1.664056065   1.680982312   1.697862815   1.714698964   1.73149209   1.748243467   1.764954314   1.781625802   1.798259053   1.814855144   1.831415108   1.847939938   1.864430591   1.880887983   1.897313   1.913706491   1.930069275   1.946402144   1.962705856   1.978981147   1.995228724   2.011449271   2.027643447   2.04381189   2.059955216   2.07607402   2.092168877   2.108240346   2.124288963   2.140315252   2.156319717   2.172302847   2.188265116   2.204206983   2.220128894   2.236031281   2.251914562   2.267779144   2.283625422   2.299453778   2.315264584   2.331058202   2.346834982   2.362595266   2.378339384   2.394067661   2.409780408   2.425477931   2.441160527   2.456828484   2.472482083   2.488121598   2.503747296   2.519359436   2.53495827   2.550544046   2.566117002   2.581677374   2.59722539   2.612761271   2.628285235   2.643797493   2.659298253   2.674787715   2.690266076   2.705733528   2.72119026   2.736636453   
17.75628141   9.727510943e-09   1.253753429e-08   1.615929982e-08   2.082729858e-08   2.684375991e-08   3.459821927e-08   4.459273867e-08   5.747441259e-08   7.407726397e-08   9.54762429e-08   1.230568239e-07   1.586047081e-07   2.044214374e-07   2.63473407e-07   3.39583922e-07   4.376807343e-07   5.641150839e-07   7.270729008e-07   9.371047872e-07   1.207809091e-06   1.556712288e-06   2.006403663e-06   2.585997736e-06   3.33301909e-06   4.295831575e-06   5.536769093e-06   7.136170523e-06   9.197579786e-06   1.185444735e-05   1.527876644e-05   1.969220198e-05   2.538043111e-05   3.271162075e-05   4.216023373e-05   5.433769661e-05   7.003190135e-05   9.025807599e-05   0.0001163242809   0.0001499157092   0.0001932031477   0.0002489824501   0.0003208537722   0.0004134517062   0.0005327404428   0.0006863917919   0.0008842684237   0.001139040129   0.001466967251   0.001888892555   0.00243149028   0.003128827946   0.004024300985   0.005172999208   0.006644552374   0.008526471544   0.01092794147   0.01398391055   0.01785914937   0.02275168692   0.02889467959   0.03655534627   0.0460292055   0.0576276693   0.07165738984   0.08839097712   0.1080310203   0.130672487   0.1562715203   0.1846297327   0.21540085   0.2481209185   0.282256306   0.3172585782   0.3526143857   0.3878817169   0.4227091683   0.4568396975   0.4901031334   0.5224023725   0.5536974061   0.5839899774   0.6133103695   0.6417068608   0.6692377926   0.6959658974   0.7219544413   0.7472647401   0.7719546753   0.7960779097   0.8196835728   0.8428162534   0.8655161783   0.8878194972   0.9097586207   0.931362574   0.9526573456   0.9736662177   0.9944100711   1.014907662   1.035175871   1.055229921   1.075083576   1.094749307   1.114238445   1.133561312   1.152727332   1.171745134   1.190622638   1.209367132   1.227985336   1.246483462   1.264867265   1.283142089   1.301312905   1.319384345   1.337360736   1.355246125   1.373044304   1.390758831   1.408393052   1.425950115   1.443432987   1.46084447   1.478187209   1.495463708   1.512676338   1.529827348   1.546918872   1.563952935   1.580931467   1.597856301   1.614729184   1.631551784   1.648325689   1.665052417   1.681733418   1.69837008   1.714963728   1.731515634   1.748027014   1.764499036   1.780932818   1.797329436   1.813689919   1.830015261   1.846306413   1.862564292   1.87878978   1.894983726   1.911146948   1.927280234   1.943384343   1.959460008   1.975507936   1.991528809   2.007523286   2.023492003   2.039435576   2.055354599   2.071249646   2.087121275   2.102970023   2.118796411   2.134600943   2.150384109   2.166146382   2.18188822   2.197610069   2.21331236   2.228995511   2.24465993   2.260306009   2.275934132   2.291544671   2.307137986   2.322714429   2.33827434   2.353818051   2.369345884   2.384858152   2.400355161   2.415837206   2.431304577   2.446757555   2.462196414   2.477621419   2.49303283   2.508430901   2.523815878   2.539188   2.554547502   2.569894612   2.585229553   2.600552542   2.615863791   2.631163505   2.646451887   2.661729135   2.676995438   2.692250987   
18.01005025   7.491820681e-09   9.656011635e-09   1.244538071e-08   1.604052548e-08   2.067421343e-08   2.664645247e-08   3.434391488e-08   4.426497241e-08   5.705196323e-08   7.353278007e-08   9.477447188e-08   1.221523297e-07   1.574389292e-07   2.029188957e-07   2.615368205e-07   3.370879068e-07   4.344636863e-07   5.59968716e-07   7.217287577e-07   9.302168643e-07   1.198931433e-06   1.545270115e-06   1.991656161e-06   2.566990092e-06   3.308520676e-06   4.264256279e-06   5.496072634e-06   7.083718112e-06   9.12997556e-06   1.176731456e-05   1.516646414e-05   1.954745992e-05   2.519387925e-05   3.247118293e-05   4.185034635e-05   5.393830187e-05   6.95171502e-05   8.959465707e-05   0.000115469268   0.0001488137893   0.0001917830511   0.0002471523558   0.0003184953953   0.0004104126931   0.0005288245962   0.0006813465157   0.0008777686138   0.00113066753   0.001456184047   0.001875007663   0.002413616439   0.003105827299   0.003994716394   0.005134968094   0.006595699513   0.008463777096   0.0108475808   0.01388106347   0.01772777872   0.02258429067   0.0286820273   0.03628622077   0.04569018309   0.05720298637   0.07112895521   0.08773859318   0.1072328626   0.1297058568   0.1551138262   0.1832595957   0.2137991716   0.2462717456   0.2801473627   0.3148814125   0.3499641615   0.384956746   0.4195102985   0.4533696673   0.4863659727   0.5184028942   0.5494408063   0.5794815398   0.6085552612   0.6367100002   0.6640037732   0.6904989509   0.7162584278   0.7413431562   0.765810673   0.789714321   0.8131029372   0.8360208457   0.8585080353   0.8806004434   0.9023302915   0.9237264365   0.9448147177   0.965618285   0.9861579016   1.006452219   1.026518026   1.046370462   1.066023217   1.085488696   1.104778172   1.123901912   1.142869294   1.161688904   1.180368623   1.198915702   1.217336831   1.235638193   1.253825516   1.27190412   1.289878953   1.307754629   1.325535455   1.34322546   1.360828422   1.378347885   1.395787181   1.413149445   1.430437634   1.447654538   1.464802794   1.481884895   1.498903206   1.515859967   1.532757303   1.549597236   1.566381686   1.583112483   1.599791368   1.616420002   1.63299997   1.649532786   1.666019895   1.682462681   1.698862466   1.715220518   1.731538051   1.747816229   1.764056168   1.78025894   1.796425574   1.812557059   1.828654346   1.84471835   1.86074995   1.876749994   1.892719297   1.908658648   1.924568803   1.940450494   1.956304427   1.972131283   1.987931719   2.003706372   2.019455855   2.035180762   2.050881667   2.066559125   2.082213675   2.097845835   2.113456111   2.129044991   2.144612946   2.160160436   2.175687906   2.191195786   2.206684495   2.222154438   2.23760601   2.253039593   2.268455558   2.283854267   2.299236069   2.314601306   2.32995031   2.345283401   2.360600894   2.375903094   2.391190296   2.40646279   2.421720824   2.436964769   2.452194795   2.467411193   2.482614215   2.49780411   2.512981116   2.528145468   2.543297395   2.558437118   2.573564856   2.588680819   2.603785215   2.618878245   2.633960107   2.649030992   
18.2638191   5.770579838e-09   7.437549362e-09   9.586062752e-09   1.235522542e-08   1.592432669e-08   2.052444786e-08   2.645342354e-08   3.409512495e-08   4.394431358e-08   5.663867447e-08   7.300010301e-08   9.408791839e-08   1.212674489e-07   1.562984296e-07   2.014489357e-07   2.596422278e-07   3.346460163e-07   4.313163982e-07   5.559122599e-07   7.165004995e-07   9.234783022e-07   1.190246282e-06   1.53407606e-06   1.977228451e-06   2.548394618e-06   3.284553497e-06   4.233365676e-06   5.456258656e-06   7.032403103e-06   9.063837296e-06   1.168207119e-05   1.505659704e-05   1.940585652e-05   2.501137268e-05   3.223595889e-05   4.154717871e-05   5.354756781e-05   6.901356118e-05   8.894562408e-05   0.0001146327958   0.000147735764   0.0001903937487   0.0002453619465   0.0003161881591   0.0004074395804   0.0005249936643   0.0006764106466   0.0008714097535   0.001122476494   0.001445634685   0.001861423879   0.002396130218   0.003083325468   0.003965773427   0.005097761827   0.006547906268   0.008402442586   0.01076896343   0.01378044777   0.01759925874   0.02242052751   0.02847399146   0.03602293948   0.04535852561   0.05678753371   0.07061201274   0.08710040749   0.1064520914   0.1287603055   0.1539814099   0.1819194198   0.2122325777   0.2444631575   0.2780848064   0.3125566585   0.347372521   0.3820966112   0.4163825434   0.4499770155   0.48271241   0.5144931712   0.5452800462   0.5750749496   0.6039079313   0.631826776   0.6588891796   0.6851571571   0.7106932373   0.7355580154   0.7598086893   0.7834982873   0.806675359   0.8293839679   0.8516638691   0.8735507913   0.8950767696   0.9162704957   0.9371576622   0.9577612885   0.9781020221   0.9981984124   1.018067155   1.03772331   1.057180493   1.076451045   1.09554618   1.114476114   1.133250176   1.151876911   1.170364161   1.188719142   1.206948513   1.225058428   1.243054589   1.260942293   1.278726464   1.296411698   1.314002283   1.331502231   1.348915305   1.366245034   1.383494737   1.400667537   1.41776638   1.434794045   1.451753159   1.468646208   1.485475546   1.502243407   1.518951908   1.535603065   1.552198791   1.568740911   1.585231178   1.601671194   1.618062593   1.634406867   1.650705457   1.666959742   1.683171043   1.699340622   1.715469691   1.73155941   1.747610893   1.76362521   1.779603388   1.795546412   1.811455232   1.82733076   1.843173875   1.858985421   1.874766214   1.890517039   1.906238651   1.921931783   1.937597137   1.953235394   1.96884721   1.984433221   1.999994038   2.015530256   2.031042447   2.046531165   2.061996949   2.077440316   2.092861772   2.108261803   2.123640881   2.138999466   2.154338   2.169656915   2.184956628   2.200237545   2.21550006   2.230744555   2.245971401   2.261180958   2.276373578   2.291549601   2.306709357   2.321853169   2.336981351   2.352094206   2.367192032   2.382275117   2.397343742   2.41239818   2.427438698   2.442465556   2.457479006   2.472479295   2.487466664   2.502441345   2.517403568   2.532353556   2.547291525   2.562217687   2.57713225   2.592035415   2.60692738   
18.51758794   4.445254658e-09   5.729372419e-09   7.384438198e-09   9.517609162e-09   1.226699738e-08   1.581061188e-08   2.037788381e-08   2.626452098e-08   3.385165338e-08   4.363050945e-08   5.623422055e-08   7.247881296e-08   9.341604132e-08   1.204014842e-07   1.551823104e-07   2.00010399e-07   2.577881358e-07   3.322563259e-07   4.282363895e-07   5.519425185e-07   7.113840054e-07   9.168837901e-07   1.181746793e-06   1.5231213e-06   1.963109161e-06   2.530196659e-06   3.261098663e-06   4.20313542e-06   5.41729578e-06   6.982185053e-06   8.999112868e-06   1.159865007e-05   1.494907858e-05   1.926728016e-05   2.483276754e-05   3.200576322e-05   4.125049189e-05   5.316518647e-05   6.852073739e-05   8.831046548e-05   0.0001138142048   0.0001466807838   0.0001890341456   0.0002436098111   0.0003139302452   0.0004045300247   0.0005212446278   0.0006715802939   0.0008651868307   0.001114460565   0.001435310848   0.001848130496   0.002379017833   0.003061304714   0.003937449266   0.005061351071   0.006501134953   0.008342419643   0.01069202737   0.01368198407   0.01747348799   0.02226026815   0.02827040773   0.03576529432   0.04503397073   0.05638098244   0.07010615274   0.08647591354   0.1056880858   0.1278350799   0.1528733669   0.1806081316   0.2106998096   0.2426936959   0.276066967   0.3102824254   0.3448373459   0.3792989627   0.4133233194   0.4466589238   0.4791393927   0.5106699171   0.5412116073   0.5707664577   0.5993644021   0.6270529829   0.6538895809   0.6799358606   0.7052539916   0.7299042173   0.7539434028   0.777424267   0.8003950766   0.8228996394   0.8449774805   0.866664123   0.8879914192   0.908987898   0.9296791074   0.9500879387   0.9702349256   0.9901385161   1.009815316   1.029280304   1.048547026   1.067627758   1.086533656   1.105274884   1.123860727   1.142299685   1.160599563   1.178767545   1.196810255   1.214733821   1.23254392   1.250245822   1.267844434   1.285344328   1.302749776   1.320064773   1.337293067   1.354438171   1.371503393   1.388491843   1.405406455   1.422249999   1.439025093   1.455734212   1.472379703   1.488963791   1.505488588   1.521956101   1.538368239   1.554726818   1.571033571   1.587290147   1.603498123   1.619659002   1.635774222   1.65184516   1.66787313   1.683859393   1.699805157   1.71571158   1.731579772   1.747410801   1.763205691   1.778965425   1.794690951   1.81038318   1.826042987   1.841671216   1.857268681   1.872836164   1.888374421   1.903884181   1.919366148   1.934820999   1.95024939   1.965651955   1.981029306   1.996382035   2.011710715   2.027015899   2.042298123   2.057557906   2.072795752   2.088012147   2.103207563   2.118382457   2.133537273   2.148672442   2.163788381   2.178885495   2.193964177   2.20902481   2.224067764   2.2390934   2.254102067   2.269094107   2.284069851   2.299029619   2.313973726   2.328902476   2.343816165   2.358715081   2.373599507   2.388469714   2.403325971   2.418168535   2.432997661   2.447813594   2.462616574   2.477406837   2.49218461   2.506950116   2.521703572   2.536445191   2.551175179   2.565893737   
18.77135678   3.424661736e-09   4.413956909e-09   5.68903357e-09   7.33244651e-09   9.450598436e-09   1.218062901e-08   1.569929395e-08   2.023440904e-08   2.60796001e-08   3.361331371e-08   4.332331969e-08   5.583829172e-08   7.196851066e-08   9.275832606e-08   1.195537722e-07   1.540897168e-07   1.986021838e-07   2.559731243e-07   3.299170055e-07   4.252213013e-07   5.480564512e-07   7.063753568e-07   9.10428277e-07   1.173426456e-06   1.512397444e-06   1.949287478e-06   2.512382276e-06   3.23813821e-06   4.173542357e-06   5.379154163e-06   6.933025499e-06   8.9357527e-06   1.15169873e-05   1.484382638e-05   1.913162472e-05   2.465792704e-05   3.178041962e-05   4.096005863e-05   5.279086497e-05   6.803830136e-05   8.76886948e-05   0.0001130128681   0.0001456480406   0.0001877032004   0.0002418946074   0.0003117199242   0.0004016817976   0.0005175746149   0.000666851758   0.000859095079   0.001106613602   0.001425204629   0.00183511733   0.002362266176   0.003039748167   0.003909722211   0.005025707928   0.006455349728   0.008283662266   0.01061671362   0.01358559688   0.01735037001   0.02210338966   0.02807111987   0.03551308743   0.04471626902   0.05598301982   0.06961098564   0.08586462971   0.1049402557   0.1269294638   0.1517888376   0.1793247108   0.2091996707   0.2409619742   0.274092257   0.308056916   0.3423566233   0.3765615676   0.4103301718   0.4434127148   0.4756440209   0.5069300108   0.5372321484   0.5665525044   0.5949208967   0.622384629   0.6490007713   0.6748306434   0.6999360611   0.7243769224   0.7482097645   0.7714870024   0.7942566246   0.8165621873   0.8384429896   0.8599343522   0.8810679474   0.9018721441   0.9223723481   0.9425913245   0.9625494948   0.9822652074   1.001754979   1.02103371   1.040114875   1.059010687   1.077732245   1.096289663   1.114692178   1.132948252   1.15106565   1.169051522   1.186912463   1.204654572   1.222283499   1.239804493   1.257222438   1.274541887   1.291767094   1.308902038   1.32595045   1.342915831   1.359801474   1.376610479   1.393345768   1.4100101   1.426606084   1.443136186   1.459602746   1.476007979   1.492353992   1.508642784   1.524876257   1.541056224   1.55718441   1.57326246   1.589291946   1.605274367   1.621211157   1.637103688   1.652953271   1.668761164   1.684528571   1.700256648   1.715946502   1.731599197   1.747215756   1.76279716   1.778344354   1.793858246   1.809339711   1.824789591   1.840208697   1.855597811   1.870957687   1.886289052   1.901592609   1.916869034   1.932118982   1.947343086   1.962541956   1.977716185   1.992866343   2.007992983   2.023096641   2.038177836   2.053237068   2.068274826   2.083291579   2.098287785   2.113263887   2.128220316   2.143157487   2.158075806   2.172975666   2.187857449   2.202721524   2.217568253   2.232397985   2.24721106   2.26200781   2.276788556   2.29155361   2.306303277   2.321037855   2.33575763   2.350462884   2.36515389   2.379830915   2.394494218   2.409144051   2.423780662   2.438404291   2.453015172   2.467613532   2.482199596   2.49677358   2.511335696   2.525886151   
19.02512563   2.638647318e-09   3.400883493e-09   4.383309754e-09   5.649533254e-09   7.281535586e-09   9.384980679e-09   1.2096056e-08   1.559029001e-08   2.009391672e-08   2.589852323e-08   3.337992846e-08   4.302251556e-08   5.545059315e-08   7.146881614e-08   9.21142829e-08   1.187236819e-07   1.530198351e-07   1.972232415e-07   2.541958419e-07   3.276263131e-07   4.222688884e-07   5.442511646e-07   7.014708243e-07   9.041069563e-07   1.165279076e-06   1.501896508e-06   1.935753109e-06   2.494938206e-06   3.215655042e-06   4.144564453e-06   5.341805405e-06   6.884887836e-06   8.873709616e-06   1.143702208e-05   1.47407621e-05   1.899878918e-05   2.4486721e-05   3.15597603e-05   4.06756627e-05   5.242432461e-05   6.756589387e-05   8.707984905e-05   0.0001122281891   0.0001446367654   0.0001863999221   0.0002402150585   0.0003095555502   0.0003988927782   0.000513980893   0.0006622215178   0.0008531299621   0.001098929764   0.001415308501   0.001822374691   0.002345862771   0.003018639773   0.003882571611   0.00499080585   0.006410516485   0.008226126678   0.01054296607   0.01349121435   0.01722981303   0.02194977502   0.02787597917   0.03526613051   0.04440518312   0.05559334824   0.06912614072   0.08526609773   0.1042080395   0.1260427758   0.1507270039   0.1780681868   0.2077310229   0.2392666738   0.2721591666   0.3058784213   0.3399284388   0.3738823031   0.4074007668   0.4402358433   0.4722235383   0.5032704857   0.533338494   0.5624297069   0.590573827   0.6178179219   0.6442187558   0.6698373088   0.6947350492   0.7189715346   0.7426029802   0.7656815017   0.7882548144   0.8103662267   0.8320548152   0.853355702   0.8743003821   0.8949170668   0.9152310221   0.9352648886   0.9550389775   0.9745715391   0.9938790027   1.012976191   1.031876508   1.050592105   1.069134025   1.087512332   1.105736219   1.123814103   1.141753717   1.159562174   1.17724604   1.194811386   1.212263837   1.229608619   1.246850594   1.263994296   1.281043961   1.298003552   1.314876784   1.331667146   1.348377916   1.365012183   1.381572858   1.398062689   1.414484276   1.430840077   1.447132422   1.463363521   1.47953547   1.495650264   1.5117098   1.527715882   1.543670232   1.559574489   1.575430219   1.591238919   1.607002018   1.622720883   1.638396823   1.654031091   1.66962489   1.68517937   1.700695638   1.716174754   1.731617738   1.747025571   1.762399193   1.777739512   1.7930474   1.808323698   1.823569214   1.838784729   1.853970997   1.869128742   1.884258665   1.899361442   1.914437728   1.929488153   1.944513327   1.959513841   1.974490265   1.989443151   2.004373035   2.019280433   2.034165848   2.049029764   2.063872653   2.078694971   2.09349716   2.108279651   2.123042859   2.13778719   2.152513035   2.167220777   2.181910784   2.196583418   2.211239028   2.225877954   2.240500526   2.255107067   2.269697888   2.284273294   2.298833581   2.313379038   2.327909945   2.342426576   2.356929196   2.371418066   2.385893437   2.400355558   2.414804667   2.429240998   2.443664781   2.458076238   2.472475586   2.486863038   
19.27889447   2.033229842e-09   2.620576749e-09   3.377592809e-09   4.353291001e-09   5.610842868e-09   7.23166856e-09   9.320708374e-09   1.201321711e-08   1.548352113e-08   1.99563051e-08   2.572115922e-08   3.315132864e-08   4.272787923e-08   5.507084411e-08   7.097936755e-08   9.148344544e-08   1.17910612e-07   1.519718908e-07   1.958725736e-07   2.524550015e-07   3.253825899e-07   4.193770129e-07   5.40523903e-07   6.966668561e-07   8.979152504e-07   1.157298753e-06   1.491610886e-06   1.922496255e-06   2.477851815e-06   3.193632877e-06   4.116180723e-06   5.305222461e-06   6.837737208e-06   8.812938689e-06   1.135869649e-05   1.463981108e-05   1.886867736e-05   2.431902544e-05   3.134362547e-05   4.039709814e-05   5.206529994e-05   6.710317283e-05   8.648348736e-05   0.0001114595996   0.0001436462258   0.0001851233669   0.000238569948   0.0003074355559   0.0003961609467   0.0005104608596   0.0006576862202   0.0008472871602   0.001091403484   0.001405615299   0.00180989335   0.002329795737   0.002997964243   0.003855977798   0.004956619553   0.006366602744   0.008169771191   0.01047073128   0.01339876807   0.01711172963   0.02179931281   0.02768484402   0.03502424426   0.04410048699   0.05521168433   0.06865126498   0.08467988124   0.1034909025   0.1251743671   0.149687087   0.1768376353   0.2062927826   0.2376065395   0.2702662588   0.3037453147   0.337550971   0.3712591489   0.4045328838   0.4371258877   0.4688753228   0.4996885202   0.5295276244   0.5583948487   0.586319781   0.6133492561   0.6395397365   0.6649518682   0.6896467771   0.7136836865   0.7371184944   0.7600030223   0.7823847165   0.8043066419   0.8258076562   0.8469226858   0.8676830513   0.8881168092   0.9082490875   0.9281024045   0.9476969627   0.9670509155   0.9861806063   1.005100781   1.023824775   1.042364677   1.060731477   1.078935188   1.096984957   1.114889164   1.132655503   1.150291055   1.167802356   1.185195448   1.202475932   1.219649011   1.236719527   1.253691993   1.270570629   1.287359381   1.304061949   1.320681808   1.337222224   1.353686273   1.370076855   1.38639671   1.402648426   1.418834453   1.434957112   1.451018607   1.467021027   1.482966359   1.498856494   1.514693231   1.530478286   1.546213293   1.561899815   1.577539341   1.593133299   1.60868305   1.624189901   1.639655102   1.65507985   1.670465295   1.685812539   1.701122641   1.716396617   1.731635447   1.746840068   1.762011386   1.777150272   1.792257564   1.807334069   1.822380566   1.837397807   1.852386516   1.867347392   1.88228111   1.897188322   1.91206966   1.926925731   1.941757125   1.956564412   1.971348143   1.986108852   2.000847056   2.015563255   2.030257935   2.044931566   2.059584604   2.07421749   2.088830654   2.103424513   2.117999469   2.132555915   2.147094233   2.161614792   2.176117951   2.19060406   2.20507346   2.219526479   2.23396344   2.248384655   2.262790427   2.277181055   2.291556824   2.305918016   2.320264905   2.334597755   2.348916828   2.363222374   2.377514642   2.39179387   2.406060294   2.420314141   2.434555634   2.44878499   
19.53266332   1.566866337e-09   2.01949303e-09   2.602871731e-09   3.354773274e-09   4.323879499e-09   5.572935154e-09   7.182810299e-09   9.25773624e-09   1.193205397e-08   1.537891208e-08   1.982147725e-08   2.554738312e-08   3.292735318e-08   4.243920313e-08   5.469877704e-08   7.049982006e-08   9.086536926e-08   1.171139899e-07   1.509451454e-07   1.945492285e-07   2.507493768e-07   3.231842552e-07   4.165436375e-07   5.368720406e-07   6.919600679e-07   8.918487971e-07   1.149479865e-06   1.481533334e-06   1.909507574e-06   2.461111067e-06   3.172056201e-06   4.088371171e-06   5.269379557e-06   6.791540394e-06   8.753397102e-06   1.128195536e-05   1.454090221e-05   1.874119759e-05   2.415472221e-05   3.113186286e-05   4.012416869e-05   5.171353803e-05   6.664981225e-05   8.589918957e-05   0.000110706558   0.0001426757241   0.0001838726355   0.0002369581169   0.0003053584476   0.0003934843786   0.0005070120346   0.0006532426699   0.0008415625567   0.00108402946   0.001396118191   0.001797664513   0.002314053753   0.002977707007   0.003829922033   0.004923124942   0.006323577551   0.008114556076   0.01039995831   0.01330819286   0.0169960365   0.02165189686   0.0274975795   0.0347872578   0.04380196525   0.05483775803   0.06818602209   0.08410556448   0.1027883352   0.1243236194   0.1486683449   0.1756321761   0.2048839174   0.2359803754   0.2684121648   0.3016560469   0.3352224851   0.3686901815   0.4017244088   0.4340805441   0.4655968787   0.4961814289   0.5257966658   0.554444869   0.5821555127   0.6089752014   0.6349601007   0.6601705275   0.6846672708   0.7085092246   0.7317519753   0.7544470547   0.7766416445   0.7983785699   0.8196964732   0.8406300885   0.8612105646   0.8814658054   0.9014208032   0.9210979559   0.9405173589   0.9596970702   0.9786533485   0.9974008636   1.015952883   1.034321437   1.052517458   1.070550912   1.088430902   1.106165767   1.123763165   1.141230146   1.158573214   1.175798385   1.192911236   1.209916946   1.226820336   1.243625903   1.260337845   1.276960095   1.293496338   1.309950033   1.326324436   1.342622609   1.358847444   1.375001667   1.39108786   1.407108462   1.423065788   1.438962032   1.454799278   1.470579506   1.486304599   1.501976352   1.517596475   1.533166598   1.548688277   1.564163   1.579592187   1.594977198   1.610319335   1.625619844   1.640879921   1.656100711   1.671283314   1.686428787   1.701538143   1.716612358   1.731652369   1.746659079   1.761633356   1.776576038   1.79148793   1.80636981   1.821222426   1.836046502   1.850842736   1.865611801   1.88035435   1.89507101   1.90976239   1.924429078   1.939071643   1.953690636   1.968286589   1.982860019   1.997411425   2.011941293   2.026450091   2.040938275   2.055406287   2.069854554   2.084283493   2.098693508   2.113084989   2.127458318   2.141813865   2.156151987   2.170473036   2.184777349   2.199065258   2.213337083   2.227593136   2.241833722   2.256059136   2.270269666   2.284465594   2.298647191   2.312814724   2.326968452   2.341108629   2.355235499   2.369349304   2.383450277   2.397538647   2.411614636   
19.78643216   1.207582185e-09   1.556421086e-09   2.006030419e-09   2.585520123e-09   3.332409242e-09   4.295055083e-09   5.535784118e-09   7.134927301e-09   9.196021097e-09   1.185251094e-08   1.527639115e-08   1.96893407e-08   2.537707579e-08   3.270784851e-08   4.215628931e-08   5.433413683e-08   7.002984486e-08   9.025963054e-08   1.163332691e-07   1.499388949e-07   1.932522987e-07   2.490777982e-07   3.210298016e-07   4.137668193e-07   5.332930733e-07   6.873472323e-07   8.859034367e-07   1.14181705e-06   1.47165694e-06   1.896778162e-06   2.444704482e-06   3.150910219e-06   4.061116727e-06   5.234252116e-06   6.746265718e-06   8.69504403e-06   1.120674606e-05   1.444396767e-05   1.861626244e-05   2.399369865e-05   3.092432725e-05   3.985668722e-05   5.136879768e-05   6.620550125e-05   8.532655502e-05   0.0001099685479   0.0001417245948   0.0001826468701   0.0002353784599   0.0003033228011   0.0003908612384   0.0005036320532   0.0006488878197   0.000835952226   0.001076802636   0.001386810666   0.001785679792   0.002298626024   0.002957854173   0.003804386443   0.004890299044   0.006281411391   0.008060443451   0.01033059861   0.01321942653   0.01688265423   0.02150742592   0.02731405692   0.03455500822   0.04350941252   0.0544713119   0.06773009134   0.08354275101   0.1020998518   0.1234899435   0.1476700704   0.1744509697   0.2035034436   0.234387042   0.2665955801   0.2996091418   0.3329413281   0.3661735681   0.3989733276   0.4310976134   0.4623858288   0.492746654   0.5221428812   0.5505768534   0.5780779313   0.6046924924   0.6304764095   0.6554896756   0.6797927479   0.7034441966   0.726499301   0.7490093082   0.7710211396   0.7925773843   0.813716473   0.8344729499   0.8548777951   0.8749587621   0.8947407098   0.9142459173   0.9334943745   0.9525040456   0.9712911055   0.9898701495   1.008254379   1.026455762   1.044485181   1.062352551   1.080066932   1.097636624   1.115069249   1.132371825   1.149550827   1.166612243   1.183561627   1.200404134   1.217144567   1.2337874   1.250336818   1.266796736   1.283170823   1.299462527   1.315675089   1.331811562   1.347874825   1.363867595   1.379792443   1.395651803   1.411447978   1.427183156   1.442859413   1.458478724   1.474042965   1.489553926   1.505013311   1.520422745   1.535783779   1.551097897   1.566366515   1.581590989   1.596772617   1.611912642   1.627012256   1.642072602   1.657094777   1.672079834   1.687028786   1.701942604   1.716822225   1.731668548   1.746482441   1.761264739   1.776016244   1.790737734   1.805429956   1.820093632   1.834729458   1.849338107   1.863920228   1.87847645   1.89300738   1.907513604   1.921995691   1.936454191   1.950889635   1.965302539   1.979693403   1.994062709   2.008410928   2.022738512   2.037045905   2.051333533   2.065601812   2.079851145   2.094081923   2.108294526   2.122489324   2.136666676   2.15082693   2.164970426   2.179097493   2.193208453   2.207303617   2.221383289   2.235447764   2.249497331   2.263532271   2.277552855   2.291559349   2.305552014   2.319531101   2.333496857   2.347449522   2.36138933   2.375316508   
20.04020101   9.307642325e-10   1.199637669e-09   1.546181607e-09   1.992833021e-09   2.568510344e-09   3.310485781e-09   4.266798509e-09   5.499364958e-09   7.087987599e-09   9.135521743e-09   1.177453491e-08   1.517588988e-08   1.955980724e-08   2.521012351e-08   3.249266809e-08   4.18789489e-08   5.397668005e-08   6.956912817e-08   8.966582489e-08   1.155679286e-07   1.489524676e-07   1.919809185e-07   2.474391497e-07   3.189177909e-07   4.110447044e-07   5.297846117e-07   6.828252696e-07   8.800752001e-07   1.134305193e-06   1.461975112e-06   1.884299519e-06   2.428621107e-06   3.130180813e-06   4.034399196e-06   5.199816687e-06   6.701882955e-06   8.637840515e-06   1.113301839e-05   1.434894275e-05   1.849378853e-05   2.383584727e-05   3.072088012e-05   3.959447514e-05   5.103084874e-05   6.576994321e-05   8.476520142e-05   0.0001092450767   0.0001407922028   0.0001814452526   0.0002338299226   0.0003013272574   0.0003882897749   0.0005003186588   0.0006446187623   0.0008304524224   0.001069718185   0.001377686509   0.001773931187   0.002283502247   0.002938392483   0.003779353977   0.004858119935   0.006240076102   0.008007397169   0.01026260582   0.01313240977   0.01677150702   0.0213658034   0.02713415353   0.03432734006   0.04322263286   0.05411210025   0.06728316674   0.08299106264   0.1014249891   0.1226727772   0.1466915886   0.1732932158   0.2021504226   0.2328254523   0.2648152606   0.2976031915   0.3307059238   0.3637075612   0.39627772   0.4281750054   0.459239907   0.489381758   0.5185636626   0.5467880247   0.5740840921   0.6004980182   0.6260853871   0.6509058729   0.6750196062   0.6984848384   0.7213565467   0.7436856981   0.7655189572   0.7868986815   0.8078630927   0.8284465488   0.8486798634   0.8685906421   0.8882036121   0.9075409357   0.9266224989   0.9454661734   0.9640880516   0.9825026551   1.000723119   1.018761355   1.036628189   1.054333489   1.071886274   1.089294804   1.106566667   1.123708847   1.14072779   1.15762946   1.174419384   1.191102697   1.207684179   1.224168289   1.240559191   1.256860787   1.27307673   1.289210456   1.305265191   1.321243979   1.337149686   1.35298502   1.368752544   1.38445468   1.400093727   1.415671863   1.431191158   1.44665358   1.462060999   1.477415199   1.492717878   1.507970657   1.523175083   1.538332634   1.553444723   1.568512702   1.583537864   1.598521451   1.61346465   1.628368601   1.643234398   1.658063093   1.672855694   1.687613171   1.70233646   1.717026456   1.731684026   1.746310002   1.760905186   1.775470353   1.790006249   1.804513594   1.818993083   1.833445388   1.847871157   1.862271017   1.876645574   1.890995414   1.905321104   1.919623192   1.933902212   1.948158675   1.962393083   1.976605916   1.990797644   2.004968721   2.019119587   2.033250669   2.047362383   2.061455131   2.075529303   2.08958528   2.103623431   2.117644113   2.131647676   2.145634459   2.15960479   2.173558991   2.187497374   2.201420241   2.215327888   2.229220604   2.243098668   2.256962352   2.270811923   2.284647641   2.298469756   2.312278516   2.32607416   2.339856922   
20.29396985   7.174636847e-10   9.247201733e-10   1.191847639e-09   1.536141241e-09   1.979892257e-09   2.551831331e-09   3.288988638e-09   4.239091403e-09   5.463653995e-09   7.041960673e-09   9.076198843e-09   1.169807517e-08   1.507734293e-08   1.943279266e-08   2.504641773e-08   3.2281672e-08   4.160700157e-08   5.362617426e-08   6.911737045e-08   8.908356621e-08   1.148174707e-07   1.479852221e-07   1.907342612e-07   2.45832366e-07   3.168468496e-07   4.083755231e-07   5.263443746e-07   6.783912397e-07   8.743602976e-07   1.126939409e-06   1.452481553e-06   1.872063533e-06   2.412850484e-06   3.109854505e-06   4.008201206e-06   5.166050879e-06   6.658363246e-06   8.581749363e-06   1.106072441e-05   1.425576565e-05   1.837369621e-05   2.368106541e-05   3.052138915e-05   3.933736198e-05   5.069947147e-05   6.534285492e-05   8.421476377e-05   0.000108535674   0.0001398779419   0.0001802670014   0.0002323114978   0.0002993705188   0.0003857683161   0.0004970696968   0.0006404327217   0.0008250595697   0.001062771503   0.001368739786   0.001762411056   0.002268672588   0.002919309281   0.003754808353   0.004826566685   0.006199544793   0.007955382718   0.0101959357   0.01304708595   0.01666252251   0.02122693706   0.02695775211   0.03410410491   0.04294143918   0.05375988857   0.0668449562   0.0824501383   0.1007633045   0.1218715838   0.1457322554   0.1721581502   0.2008239588   0.2312945688   0.2630700191   0.2956368525   0.3285147683   0.3612904938   0.3936357543   0.4253107224   0.4561569522   0.4860844161   0.515056523   0.543075735   0.5701711877   0.5963888132   0.6217839111   0.6464158413   0.6703444129   0.6936275635   0.7163199729   0.7384723322   0.7601310537   0.7813382664   0.8021319868   0.8225463889   0.8426121229   0.8623566484   0.8818045633   0.9009779146   0.9198964858   0.9385780575   0.9570386408   0.975292685   0.9933532602   1.011232219   1.028940336   1.046487433   1.063882485   1.081133714   1.098248673   1.115234316   1.132097059   1.148842839   1.165477161   1.182005136   1.198431526   1.214760769   1.230997015   1.247144148   1.263205808   1.279185416   1.295086187   1.310911152   1.326663168   1.342344934   1.357959   1.373507783   1.388993572   1.404418538   1.419784744   1.435094151   1.450348625   1.465549943   1.480699797   1.495799803   1.510851505   1.525856374   1.540815821   1.555731193   1.57060378   1.58543482   1.600225497   1.614976949   1.629690266   1.644366497   1.659006648   1.673611688   1.688182547   1.702720123   1.717225276   1.73169884   1.746141613   1.760554369   1.774937853   1.789292782   1.803619852   1.817919731   1.832193067   1.846440487   1.860662594   1.874859974   1.889033193   1.903182798   1.917309321   1.931413275   1.945495158   1.959555452   1.973594624   1.987613129   2.001611405   2.015589881   2.029548969   2.043489073   2.057410582   2.071313877   2.085199325   2.099067284   2.112918103   2.126752122   2.140569667   2.154371061   2.168156614   2.18192663   2.195681404   2.209421223   2.223146368   2.236857111   2.250553718   2.264236447   2.277905552   2.291561277   2.305203864   
20.54773869   5.530908293e-10   7.128643002e-10   9.18792147e-10   1.184207161e-09   1.526293629e-09   1.967199927e-09   2.535472519e-09   3.267904194e-09   4.211916214e-09   5.428628605e-09   6.996817364e-09   9.018014813e-09   1.16230833e-08   1.498068787e-08   1.930821648e-08   2.488585476e-08   3.207472659e-08   4.134027504e-08   5.328239743e-08   6.86742855e-08   8.851248563e-08   1.140814199e-07   1.470365456e-07   1.89511537e-07   2.442564289e-07   3.14815666e-07   4.057575842e-07   5.229701826e-07   6.740423335e-07   8.687551089e-07   1.119715033e-06   1.443170251e-06   1.860062451e-06   2.397382624e-06   3.089918418e-06   3.982506162e-06   5.132933301e-06   6.615679022e-06   8.526735041e-06   1.098981832e-05   1.416437735e-05   1.82559094e-05   2.352925504e-05   3.032572799e-05   3.908518483e-05   5.037445593e-05   6.492396583e-05   8.367489337e-05   0.0001078398904   0.000138981233   0.0001791113703   0.0002308222238   0.0002974513458   0.0003832952645   0.0004938831091   0.0006363270459   0.0008197702512   0.001055958187   0.00135996483   0.001751112102   0.00225412765   0.002900592475   0.003730734017   0.004795619297   0.006159791778   0.007904367129   0.010130546   0.01296340096   0.01655563158   0.02109073879   0.02678474069   0.033885161   0.04266565279   0.05341445283   0.06641518067   0.08191963312   0.1001143756   0.1210858507   0.1447914557   0.171045043   0.1995231966   0.229793401   0.2613587218   0.2937088423   0.3263664258   0.3589207742   0.391045682   0.4225028587   0.4531349019   0.4828524101   0.5116190896   0.5394374582   0.5663365401   0.5923620487   0.6175690035   0.6420164546   0.6657638946   0.6888689521   0.7113860142   0.7333655003   0.7548535744   0.7758921405   0.7965190129   0.816768185   0.8366701454   0.8562522104   0.87553885   0.894551998   0.9133113369   0.9318345574   0.9501375905   0.9682348138   0.9861392337   1.003862645   1.021415771   1.038808388   1.056049427   1.073147074   1.090108846   1.106941667   1.123651924   1.14024553   1.156727963   1.173104315   1.189379326   1.205557418   1.221642723   1.237639108   1.253550202   1.269379409   1.285129935   1.300804797   1.316406843   1.331938761   1.347403093   1.362802247   1.378138504   1.393414028   1.408630874   1.423790998   1.438896259   1.453948427   1.468949191   1.483900162   1.498802876   1.513658804   1.528469351   1.543235859   1.557959616   1.572641856   1.58728376   1.601886461   1.61645105   1.63097857   1.645470026   1.659926384   1.674348573   1.688737486   1.703093985   1.717418898   1.731713025   1.745977136   1.760211974   1.774418257   1.788596677   1.802747902   1.816872579   1.830971333   1.845044766   1.859093464   1.87311799   1.887118893   1.901096702   1.915051929   1.928985071   1.942896611   1.956787015   1.970656736   1.984506213   1.998335872   2.012146128   2.025937381   2.039710022   2.05346443   2.067200973   2.080920008   2.094621884   2.108306938   2.1219755   2.135627889   2.149264417   2.162885387   2.176491094   2.190081825   2.203657859   2.217219471   2.230766924   2.244300478   2.257820384   2.271326889   
20.80150754   4.264109712e-10   5.495899454e-10   7.083521026e-10   9.129764935e-10   1.176711517e-09   1.51663269e-09   1.954748195e-09   2.519423808e-09   3.24721943e-09   4.185256163e-09   5.394267163e-09   6.952529801e-09   8.960933731e-09   1.154951299e-08   1.488586502e-08   1.918600179e-08   2.472833544e-08   3.187170407e-08   4.107860464e-08   5.294513729e-08   6.823959975e-08   8.795223057e-08   1.133593219e-07   1.461058524e-07   1.88311991e-07   2.427103657e-07   3.128229859e-07   4.031892714e-07   5.196599525e-07   6.697758661e-07   8.632561733e-07   1.112627603e-06   1.434035455e-06   1.848288863e-06   2.382207975e-06   3.070360243e-06   3.957298197e-06   5.100443507e-06   6.573803928e-06   8.47276358e-06   1.092025633e-05   1.407472143e-05   1.814035539e-05   2.338032242e-05   3.013377583e-05   3.883778802e-05   5.005560146e-05   6.45130173e-05   8.314525689e-05   0.0001071572962   0.0001381015223   0.0001779776458   0.000229361181   0.0002955685534   0.0003808690932   0.000490756928   0.0006322991999   0.0008145812011   0.001049274031   0.001351356222   0.001740027346   0.002239858451   0.002882230506   0.003707116102   0.004765258659   0.006120792501   0.007854318884   0.01006639631   0.0128813031   0.01645076816   0.02095712437   0.02661501223   0.0336703728   0.04239510285   0.05307557887   0.06599357347   0.08139921745   0.09947779851   0.1203150879   0.1438686016   0.169953197   0.1982473187   0.2283210023   0.2596802856   0.2918179354   0.3242595247   0.3565968823   0.3885058331   0.4197495943   0.4501717867   0.4796836219   0.5082490968   0.5358707826   0.5625775928   0.5884150249   0.6134378222   0.6377047295   0.6612749279   0.6842057414   0.7065512691   0.728361663   0.7496828426   0.7705564901   0.7910202211   0.8111078506   0.8308497085   0.8502729696   0.8694019784   0.8882585566   0.9068622873   0.9252307727   0.9433798648   0.9613238707   0.9790757335   0.9966471914   1.014048917   1.03129064   1.048381252   1.065328899   1.082141066   1.098824645   1.115385996   1.131831005   1.148165128   1.164393435   1.180520646   1.196551165   1.212489107   1.228338324   1.24410243   1.259784818   1.27538868   1.290917023   1.306372682   1.321758337   1.337076522   1.352329634   1.367519948   1.382649619   1.397720697   1.41273513   1.427694772   1.442601386   1.457456658   1.472262191   1.48701952   1.501730108   1.516395357   1.531016607   1.545595141   1.560132188   1.574628928   1.589086491   1.603505963   1.617888387   1.632234764   1.646546057   1.660823194   1.675067066   1.689278531   1.703458418   1.717607523   1.731726615   1.745816436   1.759877701   1.773911102   1.787917306   1.801896957   1.81585068   1.829779076   1.843682729   1.857562202   1.871418043   1.885250778   1.899060922   1.912848968   1.9266154   1.940360682   1.954085268   1.967789595   1.981474089   1.995139164   2.00878522   2.022412648   2.036021825   2.049613119   2.063186887   2.076743478   2.090283229   2.103806468   2.117313516   2.130804682   2.144280271   2.157740576   2.171185886   2.184616478   2.198032627   2.211434596   2.224822645   2.238197025   
21.05527638   3.287719659e-10   4.237455858e-10   5.461545999e-10   7.039243756e-10   9.072697121e-10   1.169356196e-09   1.507152609e-09   1.942529567e-09   2.503675537e-09   3.226921896e-09   4.159095203e-09   5.360548985e-09   6.909071324e-09   8.904921238e-09   1.147731995e-08   1.47928173e-08   1.906607502e-08   2.457376497e-08   3.167248224e-08   4.082183284e-08   5.261419084e-08   6.781305155e-08   8.740246378e-08   1.126507419e-07   1.451925822e-07   1.871349011e-07   2.411932455e-07   3.108676097e-07   4.006690389e-07   5.164116916e-07   6.655892692e-07   8.578601806e-07   1.105672853e-06   1.425071667e-06   1.836735684e-06   2.367317404e-06   3.051168208e-06   3.932562139e-06   5.068561939e-06   6.532712758e-06   8.419802495e-06   1.085199659e-05   1.398674391e-05   1.80269646e-05   2.323417789e-05   2.994541711e-05   3.85950226e-05   4.974271613e-05   6.410976195e-05   8.262553551e-05   0.0001064874806   0.0001372382803   0.0001768651452   0.0002279274899   0.0002937210083   0.0003784883417   0.0004876892717   0.0006283467591   0.0008094892957   0.00104271501   0.00134290878   0.001729150116   0.002225856402   0.00286421232   0.003683940388   0.004735466487   0.006082523476   0.007805207843   0.01000344798   0.01280074288   0.01634786904   0.02082601326   0.02644846438   0.03345961071   0.04212962601   0.05274306191   0.06557987951   0.08088857605   0.098853187   0.119558827   0.1429631309   0.1688819452   0.1969955435   0.2268764676   0.2580336751   0.2899629605   0.3221927539   0.3543173651   0.3860146116   0.4170491901   0.4472657247   0.4765760277   0.5049443803   0.5323734046   0.5588919042   0.5845451635   0.6093876531   0.6334778174   0.6568745304   0.6796348165   0.7018124908   0.7234574421   0.7446153489   0.7653276757   0.7856318416   0.8055614863   0.8251467833   0.844414768   0.8633896611   0.882093174   0.900544792   0.9187620297   0.9367606612   0.9545549242   0.9721576993   0.9895806691   1.006834456   1.023928744   1.040872383   1.057673485   1.074339499   1.090877287   1.107293182   1.123593043   1.139782305   1.155866015   1.171848874   1.187735269   1.203529297   1.219234796   1.234855365   1.250394384   1.265855034   1.281240309   1.296553035   1.311795882   1.326971375   1.342081902   1.35712973   1.372117008   1.387045779   1.401917983   1.416735468   1.431499995   1.446213239   1.460876803   1.475492215   1.490060934   1.504584358   1.519063822   1.533500607   1.547895939   1.562250992   1.576566896   1.590844733   1.605085542   1.619290323   1.633460038   1.647595609   1.661697927   1.675767849   1.6898062   1.703813775   1.717791342   1.731739641   1.745659385   1.759551265   1.773415947   1.787254073   1.801066267   1.814853129   1.828615242   1.842353169   1.856067454   1.869758625   1.883427195   1.897073657   1.910698493   1.924302168   1.937885133   1.951447826   1.964990672   1.978514085   1.992018464   2.005504198   2.018971666   2.032421235   2.045853262   2.059268093   2.072666067   2.086047511   2.099412745   2.11276208   2.126095818   2.139414254   2.152717674   2.166006359   2.179280579   2.1925406   2.20578668   
21.30904523   2.535098464e-10   3.267422089e-10   4.211294851e-10   5.427827761e-10   6.995785202e-10   9.016684527e-10   1.16213688e-09   1.49784782e-09   1.930536869e-09   2.488218462e-09   3.206999676e-09   4.133417975e-09   5.327454278e-09   6.866416422e-09   8.849944451e-09   1.140646181e-08   1.47014901e-08   1.894836578e-08   2.442205261e-08   3.147694415e-08   4.056980891e-08   5.228936381e-08   6.73943905e-08   8.686286253e-08   1.11955264e-07   1.442961991e-07   1.859795764e-07   2.397041779e-07   3.089483898e-07   3.981954071e-07   5.132234932e-07   6.614800851e-07   8.525639633e-07   1.098846702e-06   1.416273626e-06   1.82539613e-06   2.352702169e-06   3.032331046e-06   3.908283467e-06   5.037269881e-06   6.492381391e-06   8.367820694e-06   1.078499901e-05   1.390039316e-05   1.791567049e-05   2.309073568e-05   2.976054127e-05   3.835674609e-05   4.943561626e-05   6.371396308e-05   8.211542415e-05   0.0001058300503   0.0001363910004   0.0001757732157   0.0002265203089   0.0002919076258   0.0003761516125   0.0004846783394   0.0006244674031   0.0008044915456   0.001036277275   0.001334617544   0.001718474026   0.00221211328   0.002846527336   0.003661193266   0.004706225289   0.006044962228   0.007757005157   0.009941664031   0.01272167298   0.01624687375   0.02069732836   0.02628499917   0.03325275069   0.04186906593   0.05241670596   0.06517385474   0.08038740728   0.09824017155   0.1188166197   0.1420745057   0.1678306496   0.1957671233   0.2254589313   0.2564178996   0.2881427971   0.3201648596   0.3520808331   0.3835704914   0.4143999831   0.4444149167   0.4735276932   0.5017028715   0.5289431227   0.555277141   0.5807500005   0.605415903   0.6293329969   0.6525598534   0.6751532019   0.697166578   0.7186496111   0.7396477426   0.7602022218   0.7803502751   0.8001253692   0.8195575236   0.8386736362   0.8574978058   0.8760516352   0.8943545128   0.9124238673   0.9302753961   0.947923268   0.9653803024   0.9826581265   0.9997673132   1.016717502   1.033517503   1.05017539   1.06669858   1.083093905   1.09936767   1.11552571   1.131573436   1.147515874   1.163357707   1.179103302   1.194756742   1.210321849   1.225802207   1.241201185   1.256521949   1.271767485   1.286940608   1.302043978   1.317080109   1.332051384   1.346960061   1.361808281   1.376598079   1.391331392   1.40601006   1.420635837   1.435210397   1.449735333   1.464212172   1.478642367   1.493027312   1.507368339   1.521666725   1.535923691   1.550140411   1.564318009   1.578457566   1.592560117   1.606626661   1.620658155   1.634655522   1.648619649   1.66255139   1.67645157   1.690320982   1.704160392   1.717970537   1.731752131   1.745505862   1.759232394   1.77293237   1.78660641   1.800255116   1.813879067   1.827478826   1.841054937   1.854607926   1.868138305   1.881646568   1.895133193   1.908598647   1.922043379   1.935467828   1.948872417   1.962257558   1.975623653   1.988971088   2.002300242   2.015611481   2.028905162   2.042181632   2.055441228   2.068684278   2.0819111   2.095122005   2.108317296   2.121497267   2.134662203   2.147812385   2.160948084   2.174069565   
21.56281407   1.954914245e-10   2.519637829e-10   3.247495281e-10   4.185611709e-10   5.394725432e-10   6.953120476e-10   8.961695077e-10   1.155049433e-09   1.488712996e-09   1.918763233e-09   2.473043731e-09   3.187441362e-09   4.108209776e-09   5.29496409e-09   6.824540668e-09   8.795971888e-09   1.133689798e-08   1.461183111e-08   1.883280665e-08   2.427311147e-08   3.128497781e-08   4.032238853e-08   5.197047017e-08   6.698337684e-08   8.633311781e-08   1.112724899e-07   1.434161895e-07   1.848453552e-07   2.382423101e-07   3.070642269e-07   3.957669594e-07   5.100935314e-07   6.574459607e-07   8.473644884e-07   1.092145239e-06   1.407636292e-06   1.814263708e-06   2.338353901e-06   3.013837969e-06   3.884448277e-06   5.006549415e-06   6.452786729e-06   8.316788409e-06   1.071922523e-05   1.381561971e-05   1.780640931e-05   2.294991362e-05   2.957904243e-05   3.812282201e-05   4.913412598e-05   6.332539401e-05   8.161463066e-05   0.0001051846289   0.0001355591972   0.0001747012318   0.0002251388322   0.0002901273675   0.0003738575673   0.0004817224067   0.0006206589103   0.0007995850888   0.001029957137   0.001326477766   0.001707992961   0.002198621215   0.002829165426   0.003638861705   0.004677518311   0.006008087238   0.007709683208   0.009881009065   0.01264404808   0.01614772439   0.02057099588   0.02612452281   0.03304967399   0.04161327292   0.0520963234   0.06477526548   0.07989542233   0.09763839837   0.1180880368   0.1412022112   0.1667986996   0.1945613424   0.2240675648   0.2548320113   0.286356373   0.318174642   0.3498859568   0.3811720124   0.4118003826   0.4416176418   0.4705367679   0.4985225918   0.5255778312   0.5517310719   0.5770271801   0.6015200928   0.6252676662   0.6483281737   0.6707580538   0.6926105668   0.7139350866   0.734776821   0.7551768076   0.7751720827   0.7947959427   0.814078255   0.8330457826   0.8517225036   0.870129914   0.8882873068   0.9062120259   0.9239196928   0.9414244086   0.9587389321   0.9758748362   0.9928426447   1.009651953   1.026311531   1.042829418   1.059212997   1.075469069   1.091603915   1.107623342   1.12353274   1.139337114   1.155041128   1.170649132   1.186165191   1.201593114   1.21693647   1.232198615   1.247382704   1.262491712   1.277528442   1.292495546   1.30739553   1.322230767   1.337003506   1.351715884   1.366369929   1.380967568   1.395510639   1.410000888   1.424439984   1.438829518   1.453171007   1.467465905   1.481715599   1.495921418   1.510084634   1.524206467   1.538288086   1.552330613   1.566335124   1.580302655   1.594234199   1.608130713   1.621993115   1.635822293   1.649619098   1.663384352   1.677118847   1.690823347   1.704498588   1.718145281   1.731764114   1.74535575   1.758920829   1.772459971   1.785973776   1.799462823   1.812927673   1.826368869   1.839786938   1.853182389   1.866555715   1.879907395   1.893237894   1.90654766   1.919837132   1.933106733   1.946356874   1.959587955   1.972800364   1.985994477   1.999170662   2.012329274   2.025470659   2.038595155   2.051703088   2.064794778   2.077870535   2.09093066   2.103975448   2.117005185   2.130020149   2.143020613   
21.81658291   1.507622556e-10   1.943135271e-10   2.504456217e-10   3.227928098e-10   4.16039208e-10   5.362220511e-10   6.911225734e-10   8.907698041e-10   1.148089896e-09   1.479743031e-09   1.90720208e-09   2.458142863e-09   3.168236023e-09   4.083456517e-09   5.263060263e-09   6.78342066e-09   8.742973385e-09   1.12685896e-08   1.452379022e-08   1.871933306e-08   2.412685833e-08   3.109647597e-08   4.007943344e-08   5.165733171e-08   6.657978089e-08   8.581293357e-08   1.106020381e-07   1.425520618e-07   1.837316037e-07   2.368068251e-07   3.052140682e-07   3.933823387e-07   5.070200571e-07   6.534846415e-07   8.422588502e-07   1.085564719e-06   1.39915484e-06   1.803332197e-06   2.32426458e-06   2.995678644e-06   3.861043248e-06   4.976383371e-06   6.413906646e-06   8.266677122e-06   1.065463849e-05   1.37323762e-05   1.769912001e-05   2.281163304e-05   2.940081917e-05   3.789311965e-05   4.883807681e-05   6.29438376e-05   8.11228752e-05   0.0001045508558   0.0001347424059   0.0001736485945   0.0002237822876   0.0002883792385   0.000371604924   0.0004788198216   0.0006169191522   0.0007947671829   0.001023751066   0.001318484896   0.001697701064   0.002185372666   0.002812116884   0.003616933223   0.004649329506   0.00597187789   0.007663215536   0.009821449158   0.01256782475   0.01605036547   0.0204469451   0.02596694546   0.03285026686   0.04136210361   0.0517817345   0.06438388789   0.07941234459   0.09704752859   0.1173726675   0.140345754   0.1657855103   0.1933775154   0.2227015746   0.2532751024   0.2846026615   0.3162209523   0.3477314634   0.3788177769   0.4092488659   0.4388722527   0.4676014813   0.4954016481   0.5222755157   0.5482515623   0.5733744488   0.5976978509   0.6212793371   0.644176887   0.6664466526   0.688141623   0.7093109205   0.7299995224   0.7502482586   0.7700939771   0.789569807   0.8087054658   0.8275275833   0.846060019   0.8643241633   0.8823392153   0.9001224351   0.9176893695   0.9350540528   0.952229184   0.9692262822   0.986055823   1.002727358   1.019249619   1.035630607   1.051877675   1.067997594   1.083996618   1.09988053   1.115654696   1.131324103   1.146893393   1.162366901   1.177748675   1.193042509   1.20825196   1.223380369   1.23843088   1.253406457   1.268309894   1.283143832   1.297910768   1.312613068   1.327252973   1.341832612   1.356354007   1.370819079   1.385229658   1.399587488   1.413894229   1.428151469   1.442360722   1.456523434   1.470640991   1.484714716   1.49874588   1.512735697   1.526685334   1.540595909   1.554468497   1.56830413   1.582103798   1.595868457   1.609599023   1.623296379   1.636961377   1.650594835   1.664197545   1.677770267   1.691313738   1.704828666   1.718315738   1.731775615   1.745208936   1.75861632   1.771998366   1.785355651   1.798688737   1.811998164   1.825284458   1.838548128   1.851789666   1.86500955   1.878208244   1.891386197   1.904543846   1.917681612   1.930799908   1.943899131   1.95697967   1.970041902   1.983086191   1.996112893   2.009122355   2.022114913   2.035090894   2.048050616   2.060994389   2.073922515   2.086835287   2.099732991   2.112615907   
22.07035176   1.162756605e-10   1.49864657e-10   1.931566358e-10   2.489545347e-10   3.208709868e-10   4.135622206e-10   5.330295268e-10   6.870078124e-10   8.854663963e-10   1.141254473e-09   1.470933033e-09   1.895847103e-09   2.443507731e-09   3.149373184e-09   4.059144697e-09   5.231725394e-09   6.743033968e-09   8.690920034e-09   1.12014994e-08   1.443731941e-08   1.86078831e-08   2.39832134e-08   3.091133577e-08   3.984081109e-08   5.134977762e-08   6.618338248e-08   8.530202606e-08   1.099435428e-07   1.417033445e-07   1.826377143e-07   2.353969399e-07   3.033969043e-07   3.910402443e-07   5.040013937e-07   6.495939667e-07   8.372442636e-07   1.079101554e-06   1.390824641e-06   1.792595633e-06   2.310426522e-06   2.977843163e-06   3.838055614e-06   4.946755295e-06   6.375719933e-06   8.217459497e-06   1.059120357e-05   1.365061722e-05   1.759374406e-05   2.267581848e-05   2.922577427e-05   3.766751369e-05   4.854730725e-05   6.25690857e-05   8.06398895e-05   0.000103928385   0.000133940181   0.0001726147296   0.0002224499352   0.0002866622851   0.000369392454   0.0004759690008   0.0006132460888   0.0007900352   0.001017655675   0.001310634574   0.001687592718   0.002172360403   0.002795372409   0.003595395855   0.004621643493   0.005936314424   0.007617576779   0.009762951797   0.01249296139   0.01595474384   0.02032510827   0.02581218099   0.03265442024   0.04111542056   0.05147276697   0.06399950745   0.07893790893   0.09646723744   0.1166701176   0.1395046618   0.1647905212   0.1922149856   0.2213602004   0.2517463031   0.2828806791   0.31430269   0.3456161338   0.3765064462   0.4067439747   0.4361771721   0.4647201376   0.4923382275   0.5190342474   0.5448365687   0.5697896495   0.5939469076   0.6173656281   0.640103501   0.662216396   0.683757035   0.7047742924   0.7253129186   0.745413538   0.7651128142   0.7844437106   0.8034357975   0.8221155731   0.84050678   0.8586307045   0.8765064532   0.8941512035   0.9115804285   0.9288080966   0.9458468477   0.9627081479   0.9794024252   0.9959391881   1.012327129   1.028574215   1.044687766   1.060674526   1.076540718   1.092292105   1.10793403   1.123471458   1.138909014   1.154251014   1.169501493   1.184664227   1.19974276   1.214740423   1.229660347   1.244505483   1.259278618   1.273982382   1.288619263   1.30319162   1.317701685   1.332151581   1.346543322   1.360878824   1.375159911   1.38938832   1.403565709   1.417693657   1.431773675   1.445807207   1.459795631   1.47374027   1.487642389   1.501503199   1.515323864   1.5291055   1.542849178   1.556555926   1.570226734   1.583862554   1.5974643   1.611032854   1.624569065   1.638073749   1.651547695   1.664991665   1.67840639   1.69179258   1.705150917   1.718482064   1.731786657   1.745065314   1.758318633   1.77154719   1.784751544   1.797932237   1.811089793   1.824224719   1.837337508   1.850428637   1.863498567   1.876547748   1.889576616   1.902585592   1.915575087   1.928545499   1.941497216   1.954430613   1.967346055   1.980243899   1.993124488   2.00598816   2.018835241   2.031666048   2.044480893   2.057280075   2.070063888   2.082832618   
22.3241206   8.968411835e-11   1.155915139e-10   1.489828783e-10   1.920201343e-10   2.474897277e-10   3.189830355e-10   4.111288895e-10   5.2989327e-10   6.82965573e-10   8.802564596e-10   1.134539522e-09   1.462278308e-09   1.884692255e-09   2.429130539e-09   3.130842797e-09   4.035261367e-09   5.200942794e-09   6.70335908e-09   8.63978411e-09   1.113559164e-08   1.435237263e-08   1.849839742e-08   2.384210017e-08   3.072945863e-08   3.96063944e-08   5.104764409e-08   6.57939705e-08   8.480012316e-08   1.092966533e-07   1.408695856e-07   1.815631044e-07   2.340119035e-07   3.016117675e-07   3.887394286e-07   5.010359335e-07   6.457718641e-07   8.323180578e-07   1.0727523e-06   1.382641261e-06   1.782048299e-06   2.296832357e-06   2.960322029e-06   3.815473132e-06   4.917649406e-06   6.33820625e-06   8.16910932e-06   1.052888667e-05   1.357029922e-05   1.749022533e-05   2.254239763e-05   2.905381449e-05   3.7445884e-05   4.826166245e-05   6.220093872e-05   8.016541632e-05   0.0001033168852   0.0001331520951   0.0001715990864   0.0002211410654   0.0002849755929   0.0003672189786   0.0004731684259   0.0006096377635   0.0007853866193   0.001011667717   0.001302922619   0.00167766254   0.002159577497   0.002778923081   0.003574238127   0.00459444552   0.00590137789   0.007572742616   0.009705485805   0.01241941807   0.01586080851   0.02020542039   0.02566014682   0.0324620296   0.040873092   0.05116925564   0.06362191842   0.07847186112   0.0958972135   0.1159800096   0.1386784812   0.1638131948   0.1910731233   0.2200427132   0.2502447799   0.281189483   0.3124188004   0.3435387995   0.3742367373   0.4042843116   0.4335308888   0.4618911125   0.4893305937   0.5158521791   0.5414841339   0.5662707162   0.5902650895   0.613524259   0.6361056296   0.6580647928   0.6794542071   0.7003225025   0.7207142061   0.7406697397   0.7602255849   0.7794145423   0.7982660365   0.8168064364   0.8350593692   0.8530460187   0.8707853999   0.8882946089   0.9055890461   0.9226826147   0.9395878965   0.9563163052   0.9728782217   0.9892831121   1.00553963   1.021655709   1.037638636   1.053495126   1.069231377   1.084853128   1.100365698   1.115774035   1.131082744   1.146296124   1.161418193   1.176452714   1.191403218   1.206273021   1.221065245   1.23578283   1.250428551   1.26500503   1.279514747   1.293960051   1.308343169   1.322666214   1.336931195   1.351140022   1.365294512   1.379396397   1.39344733   1.407448886   1.42140257   1.435309821   1.449172016   1.462990472   1.476766449   1.490501158   1.504195759   1.517851362   1.531469038   1.545049813   1.558594672   1.572104566   1.585580406   1.599023073   1.612433412   1.625812239   1.639160341   1.652478476   1.665767377   1.67902775   1.692260276   1.705465616   1.718644407   1.731797263   1.744924782   1.758027539   1.771106092   1.784160982   1.797192732   1.810201847   1.823188821   1.836154128   1.849098231   1.862021577   1.874924602   1.887807727   1.900671361   1.913515903   1.926341739   1.939149245   1.951938785   1.964710713   1.977465376   1.990203109   2.002924237   2.015629079   2.028317944   2.040991132   2.053648937   
22.57788945   6.917865283e-11   8.916255586e-11   1.149192857e-10   1.481164609e-10   1.909034316e-10   2.460504388e-10   3.171279736e-10   4.087379488e-10   5.268116491e-10   6.789937524e-10   8.75137284e-10   1.12794155e-09   1.453774355e-09   1.873731732e-09   2.415003808e-09   3.112635224e-09   4.011794102e-09   5.17069645e-09   6.664375359e-09   8.589539012e-09   1.107083205e-08   1.426890569e-08   1.839081906e-08   2.370344524e-08   3.055074992e-08   3.937606143e-08   5.075077395e-08   6.541134236e-08   8.430696379e-08   1.086610332e-07   1.400503515e-07   1.805072151e-07   2.326509956e-07   2.998577291e-07   3.864786949e-07   4.981221338e-07   6.420163453e-07   8.274776702e-07   1.066513655e-06   1.374600441e-06   1.771684706e-06   2.283475012e-06   2.943106125e-06   3.793284053e-06   4.889050563e-06   6.301346084e-06   8.121601439e-06   1.046765537e-05   1.349138043e-05   1.738850998e-05   2.241130107e-05   2.888485038e-05   3.722811526e-05   4.798099379e-05   6.183920516e-05   7.969920885e-05   0.0001027160383   0.0001323777383   0.0001706011365   0.0002198549972   0.0002833182845   0.0003650833674   0.0004704166399   0.0006060922994   0.0007808190227   0.001005784079   0.001295345018   0.001667905364   0.002147017296   0.002762760342   0.00355344903   0.004567721436   0.005867050107   0.007528689714   0.009649021266   0.01234715651   0.01576851054   0.02008781912   0.02551076371   0.0322729946   0.04063499148   0.05087104201   0.06325092347   0.07801395728   0.09533715806   0.1153019812   0.1378667777   0.1628530158   0.1899513246   0.2187484142   0.248769733   0.2795281692   0.310568272   0.3414983401   0.3720074204   0.4018685372   0.4309319541   0.459112849   0.4863770824   0.5127275402   0.5381923826   0.5628156697   0.5866503141   0.6097530454   0.6321809872   0.6539894568   0.6752306532   0.6959529655   0.7162007006   0.7360140808   0.7554294084   0.7744793231   0.7931931064   0.8115969993   0.8297145154   0.8475667372   0.8651725898   0.8825490888   0.8997115628   0.9166738509   0.9334484773   0.950046804   0.9664791656   0.982754986   0.9988828815   1.01487075   1.030725848   1.046454862   1.062063966   1.077558871   1.092944879   1.108226914   1.123409566   1.138497114   1.153493563   1.16840266   1.183227924   1.197972658   1.212639972   1.227232795   1.241753894   1.25620588   1.270591225   1.284912269   1.299171233   1.313370222   1.327511239   1.341596187   1.355626877   1.369605037   1.383532313   1.397410276   1.411240428   1.425024201   1.43876297   1.452458046   1.466110689   1.479722104   1.493293446   1.506825827   1.520320312   1.533777923   1.547199646   1.560586427   1.573939176   1.587258771   1.600546055   1.613801843   1.62702692   1.640222041   1.653387938   1.666525316   1.679634855   1.692717213   1.705773026   1.718802909   1.731807455   1.744787241   1.757742823   1.77067474   1.783583515   1.796469653   1.809333645   1.822175966   1.834997077   1.847797425   1.860577445   1.873337557   1.886078171   1.898799683   1.911502481   1.924186937   1.936853418   1.949502277   1.962133858   1.974748498   1.987346521   1.999928245   2.012493979   2.025044024   
22.83165829   5.336515831e-11   6.878095647e-11   8.864997542e-11   1.142586342e-10   1.472649645e-10   1.898059601e-10   2.446359364e-10   3.153048586e-10   4.063881835e-10   5.237830981e-10   6.750903322e-10   8.701062679e-10   1.121457205e-09   1.445416852e-09   1.862959966e-09   2.40112036e-09   3.094741211e-09   3.988730976e-09   5.140970992e-09   6.626062993e-09   8.540159206e-09   1.100718771e-08   1.418687617e-08   1.828509335e-08   2.356717814e-08   3.037511883e-08   3.914969511e-08   5.045901634e-08   6.503530362e-08   8.382229732e-08   1.080363593e-07   1.392452257e-07   1.794695096e-07   2.313135244e-07   2.981338978e-07   3.842568943e-07   4.952585139e-07   6.383255019e-07   8.22720641e-07   1.060382448e-06   1.366698095e-06   1.76149959e-06   2.270347699e-06   2.926186704e-06   3.771477102e-06   4.860944234e-06   6.265120703e-06   8.074911712e-06   1.040747857e-05   1.341382072e-05   1.728854631e-05   2.228246218e-05   2.871879607e-05   3.701409681e-05   4.770515866e-05   6.148370117e-05   7.924103016e-05   0.0001021255388   0.0001316167172   0.0001696203729   0.0002185910771   0.0002816895175   0.0003629845348   0.0004677122444   0.0006026078946   0.0007763300889   0.001000001768   0.00128789792   0.001658316231   0.002134673416   0.002746875975   0.003533017997   0.004541457653   0.005833313622   0.007485395671   0.009593529468   0.01227613996   0.015677803   0.0199722446   0.02536395562   0.03208721896   0.04040099765   0.05057797398   0.06288633315   0.07756396332   0.09478678436   0.1146356846   0.1370691341   0.1619094896   0.1888490099   0.2174766324   0.2473203955   0.2778958701   0.3087501347   0.339493681   0.3698173156   0.3994953664   0.4283789784   0.4563838541   0.4834760978   0.5096586335   0.5349595166   0.5594226122   0.5831005853   0.6060498934   0.628327383   0.6499881011   0.6710839908   0.6916632039   0.7117698301   0.7314438953   0.7507215246   0.7696351996   0.7882140602   0.8064842217   0.8244690856   0.8421896345   0.8596647045   0.876911232   0.8939444748   0.9107782087   0.927424901   0.9438958628   0.9602013826   0.9763508432   0.9923528231   1.008215186   1.023945159   1.039549399   1.055034054   1.070404814   1.085666956   1.100825387   1.115884677   1.130849091   1.145722616   1.160508986   1.175211705   1.189834066   1.204379167   1.218849926   1.2332491   1.247579291   1.261842962   1.276042447   1.290179956   1.304257591   1.318277345   1.332241116   1.34615071   1.360007849   1.373814173   1.38757125   1.401280576   1.41494358   1.428561632   1.442136039   1.455668058   1.46915889   1.482609689   1.496021561   1.50939557   1.522732735   1.536034039   1.549300425   1.562532803   1.575732046   1.588898998   1.60203447   1.615139245   1.628214078   1.641259697   1.654276807   1.667266087   1.680228192   1.693163758   1.706073398   1.718957704   1.731817252   1.744652597   1.757464278   1.770252814   1.783018712   1.79576246   1.808484534   1.821185394   1.833865485   1.846525242   1.859165085   1.871785422   1.88438665   1.896969154   1.909533309   1.922079478   1.934608015   1.947119265   1.959613561   1.97209123   1.984552589   1.996997945   
23.08542714   4.116915815e-11   5.306185092e-11   6.839003151e-11   8.814612247e-11   1.136092313e-10   1.464279661e-10   1.887271748e-10   2.432455183e-10   3.135127849e-10   4.040784266e-10   5.208061129e-10   6.71253374e-10   8.651609127e-10   1.115083266e-09   1.437201649e-09   1.852371605e-09   2.387473299e-09   3.077151872e-09   3.966060537e-09   5.111751656e-09   6.588402956e-09   8.491620169e-09   1.094462702e-08   1.410624332e-08   1.818116779e-08   2.343323121e-08   3.020247813e-08   3.892718304e-08   5.017222637e-08   6.466566754e-08   8.334588306e-08   1.074223214e-07   1.384538085e-07   1.784494728e-07   2.299988257e-07   2.964394174e-07   3.820729233e-07   4.924436517e-07   6.346975009e-07   8.180446077e-07   1.054355635e-06   1.358930299e-06   1.751487892e-06   2.2574439e-06   2.909555363e-06   3.750041448e-06   4.833316459e-06   6.229512117e-06   8.029016952e-06   1.034832637e-05   1.33375816e-05   1.719028468e-05   2.215581698e-05   2.855556911e-05   3.680372237e-05   4.743402007e-05   6.113425021e-05   7.87906527e-05   0.0001015450935   0.0001308686537   0.0001686563085   0.0002173486775   0.0002800884832   0.0003609214387   0.0004650538962   0.0005991828185   0.0007719175883   0.0009943179139   0.001280577627   0.001648890377   0.002122539726   0.002731262092   0.003512934879   0.004515641127   0.005800151675   0.007442838977   0.009538982833   0.01220633312   0.01558864078   0.01985863936   0.0252196495   0.03190461021   0.04017099396   0.05028990545   0.06252796556   0.07712165445   0.09424581709   0.1139807859   0.1362851499   0.160982141   0.1877656229   0.2162267239   0.2458960307   0.2762917532   0.3069634569   0.3375237906   0.3676652907   0.3971635663   0.4258706287   0.453702695   0.4806261089   0.5066438303   0.5317838114   0.5560897239   0.5796139888   0.6024127953   0.6245427166   0.6460585332   0.667011936   0.6874508428   0.7074191294   0.7269566276   0.7460992883   0.7648794369   0.7833260741   0.8014651907   0.8193200778   0.8369116196   0.8542585644   0.8713777704   0.8882844254   0.9049922428   0.9215136339   0.9378598593   0.9540411622   0.9700668844   0.9859455676   1.001685042   1.017292504   1.032774582   1.0481374   1.063386623   1.07852751   1.093564945   1.108503482   1.123347368   1.138100576   1.152766826   1.167349609   1.181852204   1.196277699   1.210629002   1.224908859   1.239119864   1.253264471   1.267345006   1.281363672   1.295322562   1.309223665   1.323068873   1.336859985   1.350598717   1.364286705   1.377925512   1.391516629   1.405061482   1.418561435   1.432017795   1.445431811   1.458804682   1.47213756   1.485431548   1.498687705   1.51190705   1.525090562   1.538239182   1.551353817   1.56443534   1.57748459   1.590502378   1.603489484   1.616446663   1.62937464   1.642274119   1.655145776   1.667990267   1.680808225   1.693600262   1.70636697   1.719108923   1.731826674   1.744520761   1.757191704   1.769840008   1.78246616   1.795070635   1.807653892   1.820216376   1.832758521   1.845280746   1.857783459   1.870267056   1.882731921   1.895178429   1.907606943   1.920017815   1.932411391   1.944788003   1.957147978   1.969491631   
23.33919598   3.176245142e-11   4.09377927e-11   5.276365004e-11   6.80056882e-11   8.765075243e-11   1.129707618e-10   1.456050595e-10   1.87666552e-10   2.418785093e-10   3.117508828e-10   4.018075571e-10   5.178792486e-10   6.674810151e-10   8.602988181e-10   1.10881664e-09   1.429124758e-09   1.841961512e-09   2.374056002e-09   3.059858668e-09   3.94377178e-09   5.083024259e-09   6.551376966e-09   8.44389834e-09   1.08831196e-08   1.402696802e-08   1.807899194e-08   2.330153942e-08   3.003274403e-08   3.870841721e-08   4.989026481e-08   6.430225468e-08   8.287748976e-08   1.068186216e-07   1.376757156e-07   1.774466094e-07   2.287062614e-07   2.947734654e-07   3.799257219e-07   4.896761807e-07   6.311305813e-07   8.134473006e-07   1.048430289e-06   1.351293283e-06   1.741644751e-06   2.24475735e-06   2.893204029e-06   3.728966688e-06   4.806153828e-06   6.19450304e-06   7.98389488e-06   1.029017006e-05   1.326262604e-05   1.709367739e-05   2.203130399e-05   2.839509025e-05   3.659688982e-05   4.716744639e-05   6.079068266e-05   7.834785787e-05   0.0001009744207   0.0001301331847   0.0001677084752   0.0002161271952   0.0002785144043   0.0003588930775   0.000462440305   0.0005958154085   0.0007675793791   0.0009887297571   0.001273380584   0.001639623228   0.002110610336   0.002715911111   0.003493189924   0.00449025932   0.005767548161   0.007400998963   0.009485354865   0.01213770207   0.01550098055   0.01974694816   0.02507777518   0.03172507951   0.03994486844   0.05000669608   0.06217564592   0.0766868147   0.09371399173   0.1133369643   0.1355144402   0.160070514   0.1867006289   0.2149980702   0.2444959313   0.2747150187   0.3052073444   0.3355876785   0.3655502584   0.3948719532   0.4234056251   0.4510679967   0.477825646   0.5036815679   0.5286636116   0.5528152583   0.5761886876   0.5988398247   0.6208249728   0.6421986498   0.6630122978   0.6833136043   0.7031462337   0.7225498269   0.7415601628   0.7602094128   0.7785264402   0.7965371133   0.8142646141   0.8317297296   0.8489511217   0.8659455713   0.8827281974   0.8993126514   0.9157112894   0.9319353222   0.9479949484   0.9638994693   0.9796573898   0.995276507   1.010763987   1.026126432   1.041369939   1.056500152   1.071522306   1.08644127   1.101261576   1.115987458   1.130622871   1.145171523   1.159636891   1.174022243   1.188330654   1.202565023   1.216728086   1.230822429   1.244850496   1.258814605   1.272716952   1.286559625   1.300344603   1.314073774   1.327748931   1.341371785   1.354943967   1.368467035   1.381942474   1.395371708   1.408756096   1.42209694   1.435395488   1.448652935   1.461870429   1.475049069   1.488189914   1.501293978   1.514362239   1.527395635   1.54039507   1.553361415   1.566295508   1.579198157   1.592070142   1.604912213   1.617725097   1.630509493   1.643266079   1.655995507   1.66869841   1.681375397   1.694027061   1.706653973   1.719256686   1.731835737   1.744391645   1.756924913   1.769436029   1.781925466   1.794393681   1.806841121   1.819268217   1.831675389   1.844063043   1.856431574   1.868781368   1.881112796   1.893426223   1.905722   1.918000472   1.930261971   1.942506822   
23.59296482   2.45066115e-11   3.158593045e-11   4.071027944e-11   5.247041416e-11   6.762774413e-11   8.716363021e-11   1.123429227e-10   1.447958541e-10   1.866235883e-10   2.405342607e-10   3.10018316e-10   3.995744971e-10   5.15001116e-10   6.637714653e-10   8.555176764e-10   1.102654351e-09   1.421182346e-09   1.831724744e-09   2.3608621e-09   3.042853393e-09   3.921854126e-09   5.054775169e-09   6.514967452e-09   8.39697107e-09   1.082263627e-08   1.394901264e-08   1.797851729e-08   2.317204027e-08   2.986583597e-08   3.849329378e-08   4.961299787e-08   6.394489258e-08   8.241689512e-08   1.062249733e-07   1.369105779e-07   1.764604434e-07   2.274352181e-07   2.931352512e-07   3.77814271e-07   4.869547876e-07   6.276230503e-07   8.089265377e-07   1.0426036e-06   1.343783421e-06   1.731965497e-06   2.232282029e-06   2.877124942e-06   3.708242818e-06   4.77944345e-06   6.160076857e-06   7.939524083e-06   1.023298205e-05   1.318891848e-05   1.69986786e-05   2.190886411e-05   2.823728334e-05   3.6393501e-05   4.690531113e-05   6.045283545e-05   7.79124355e-05   0.0001004132495   0.0001294099612   0.0001667764232   0.0002149260504   0.0002769665337   0.0003568984886   0.0004598702303   0.0005925040665   0.0007633134022   0.0009832346454   0.001266303377   0.001630510383   0.002098879582   0.002700815746   0.003473773761   0.004465300183   0.005735487602   0.007359855762   0.009432620098   0.01207021421   0.01541478066   0.01963711795   0.0249382652   0.03154854145   0.03972251345   0.04972821096   0.06182920626   0.07625923652   0.09319105406   0.1127039115   0.1347566352   0.15917417   0.1856535145   0.2137900767   0.2431194176   0.2731648983   0.3034809379   0.333684393   0.3634711745   0.39261939   0.4209827382   0.4484784384   0.4750732982   0.5007703457   0.5255973283   0.5495975386   0.5728229187   0.5953291324   0.6171722173   0.6384064321   0.6590829739   0.6792493025   0.6989488744   0.718221142   0.7371017146   0.7556226118   0.7738125613   0.7916973106   0.809299934   0.8266411229   0.8437394536   0.8606116308   0.8772727055   0.8937362682   0.9100146203   0.9261189235   0.9420593321   0.9578451075   0.9734847185   0.9889859294   1.004355876   1.019601135   1.034727776   1.049741423   1.064647288   1.079450222   1.09415474   1.108765058   1.123285118   1.137718612   1.152069006   1.166339555   1.180533323   1.1946532   1.208701911   1.222682032   1.236596   1.250446126   1.264234599   1.277963497   1.291634795   1.305250374   1.318812022   1.332321445   1.345780268   1.359190043   1.372552255   1.385868319   1.399139592   1.412367373   1.425552905   1.438697381   1.451801944   1.464867693   1.477895681   1.490886922   1.503842389   1.516763019   1.529649714   1.542503342   1.555324739   1.568114712   1.580874039   1.593603467   1.606303723   1.618975504   1.631619484   1.644236318   1.656826634   1.669391042   1.681930132   1.694444475   1.706934624   1.719401112   1.73184446   1.744265168   1.756663723   1.769040598   1.781396251   1.793731125   1.806045652   1.81834025   1.830615326   1.842871275   1.855108479   1.867327313   1.879528137   1.891711304   1.903877158   1.916026031   
23.84673367   1.89094608e-11   2.437190934e-11   3.141231635e-11   4.048651278e-11   5.218200716e-11   6.72560239e-11   8.668452972e-11   1.117254226e-10   1.439999744e-10   1.855977998e-10   2.392121487e-10   3.083142805e-10   3.973782102e-10   5.121703793e-10   6.601230028e-10   8.508152685e-10   1.096593541e-09   1.413370726e-09   1.821656552e-09   2.34788547e-09   3.026128154e-09   3.900297403e-09   5.026991272e-09   6.479157516e-09   8.35081658e-09   1.076314896e-08   1.3872341e-08   1.787969721e-08   2.304467367e-08   2.970167649e-08   3.828171292e-08   4.934029684e-08   6.359341537e-08   8.196388536e-08   1.056411009e-07   1.361580401e-07   1.754905173e-07   2.261851058e-07   2.915240145e-07   3.757375905e-07   4.842782093e-07   6.241732798e-07   8.044802209e-07   1.036872862e-06   1.336397229e-06   1.722445637e-06   2.220012147e-06   2.861310638e-06   3.68786022e-06   4.753172927e-06   6.126217591e-06   7.895883965e-06   1.017673578e-05   1.31164247e-05   1.690524421e-05   2.178844053e-05   2.808207513e-05   3.61934615e-05   4.664749261e-05   6.012055179e-05   7.748418351e-05   9.98613195e-05   0.0001286986475   0.00016585972   0.0002137446858   0.0002754441532   0.0003549367461   0.0004573424793   0.0005892472555   0.0007591176775   0.000977830028   0.001259342719   0.001621547614   0.00208734202   0.002685968989   0.003454677374   0.004440752128   0.005703955111   0.007319390268   0.009380754038   0.0120038382   0.01533000107   0.01952909765   0.02480105471   0.03137491391   0.03950382551   0.04945432038   0.06148848505   0.07583872032   0.09267675963   0.1120813312   0.1340113795   0.1582926875   0.1846237858   0.2126021723   0.2417658364   0.2716406535   0.3017834113   0.3318130197   0.3614270353   0.3904047841   0.418600787   0.4459327513   0.4723677096   0.4979087221   0.5225834348   0.5464349545   0.5695149883   0.5918789426   0.6135825928   0.634679942   0.6552219455   0.6752558389   0.6948248735   0.7139683157   0.7327216078   0.7511166194   0.7691819445   0.7869432115   0.8044233887   0.8216430726   0.8386207554   0.8553730666   0.8719149899   0.8882600558   0.9044205116   0.9204074705   0.9362310432   0.9519004515   0.9674241285   0.9828098063   0.9980645914   1.013195032   1.028207176   1.043106622   1.057898565   1.072587834   1.087178927   1.101676045   1.116083114   1.130403814   1.144641595   1.158799704   1.172881193   1.186888939   1.200825661   1.214693924   1.228496159   1.242234666   1.255911628   1.269529116   1.283089101   1.296593455   1.310043961   1.32344232   1.336790152   1.350089006   1.363340358   1.376545624   1.389706154   1.402823244   1.415898134   1.428932013   1.441926021   1.454881254   1.467798763   1.480679557   1.493524609   1.506334853   1.519111188   1.531854481   1.544565565   1.557245245   1.569894297   1.582513468   1.595103481   1.607665032   1.620198796   1.632705423   1.645185542   1.657639761   1.670068669   1.682472836   1.694852812   1.707209132   1.719542313   1.731852856   1.744141248   1.756407959   1.768653446   1.780878153   1.793082511   1.805266937   1.817431836   1.829577604   1.841704622   1.853813264   1.86590389   1.877976853   1.890032495   
24.10050251   1.459153808e-11   1.88066517e-11   2.423940138e-11   3.124153031e-11   4.026639112e-11   5.189829811e-11   6.689035872e-11   8.621323345e-11   1.111179812e-10   1.43217059e-10   1.845887206e-10   2.37911573e-10   3.066380024e-10   3.952176994e-10   5.093857533e-10   6.565339713e-10   8.461894597e-10   1.090631457e-09   1.405686352e-09   1.811752363e-09   2.33512022e-09   3.009675358e-09   3.879091824e-09   4.999659957e-09   6.443930898e-09   8.305413914e-09   1.070463065e-08   1.379691828e-08   1.778248685e-08   2.291938177e-08   2.954019105e-08   3.807357857e-08   4.907203792e-08   6.324766348e-08   8.151825482e-08   1.050667394e-07   1.354177606e-07   1.745363905e-07   2.24955357e-07   2.899390236e-07   3.736947378e-07   4.816452306e-07   6.207797037e-07   8.001063315e-07   1.031235474e-06   1.329131353e-06   1.713080848e-06   2.207942132e-06   2.845753938e-06   3.667809641e-06   4.727330333e-06   6.09290987e-06   7.852954716e-06   1.012140573e-05   1.30451118e-05   1.68133318e-05   2.166997857e-05   2.792939516e-05   3.599668052e-05   4.639387378e-05   5.979368081e-05   7.706290747e-05   9.931838008e-05   0.0001279989206   0.0001649579493   0.0002125825649   0.0002739465713   0.0003530069595   0.0004548559042   0.0005860434967   0.0007549903002   0.0009725134512   0.00125249545   0.00161273085   0.002075992411   0.002671364098   0.003435892092   0.004416604007   0.005672936367   0.007279584101   0.009329733123   0.01193854387   0.01524660323   0.01942283817   0.02466608129   0.03120411789   0.03928870505   0.04918489953   0.0611533269   0.07542507408   0.09217087329   0.1114689381   0.133278331   0.1574256611   0.1836109679   0.2114338071   0.2404345591   0.2701415741   0.3001139706   0.3299726792   0.3594168758   0.3882270849   0.416258636   0.4434297156   0.4697075772   0.4950953115   0.5196204644   0.5433259586   0.5662632694   0.5884875494   0.610054315   0.6310173175   0.6514272738   0.671331198   0.6907721393   0.7097891806   0.7284175992   0.7466891172   0.7646321965   0.782272348   0.7996324351   0.8167329611   0.833592335   0.8502271121   0.8666522098   0.8828810989   0.8989259737   0.9147978995   0.9305069436   0.9460622889   0.9614723333   0.9767447768   0.9918866968   1.006904615   1.021804555   1.036592093   1.051272404   1.065850297   1.080330255   1.094716461   1.109012828   1.123223022   1.13735048   1.151398436   1.165369933   1.179267838   1.193094858   1.206853552   1.220546342   1.234175519   1.24774326   1.26125163   1.274702591   1.288098011   1.301439668   1.314729256   1.327968391   1.341158616   1.354301405   1.367398167   1.380450251   1.393458947   1.406425492   1.419351073   1.432236826   1.445083843   1.457893173   1.470665823   1.483402763   1.496104924   1.508773204   1.521408467   1.534011544   1.546583238   1.559124323   1.571635546   1.584117626   1.596571259   1.608997117   1.62139585   1.633768085   1.646114429   1.658435469   1.670731775   1.683003895   1.695252364   1.707477697   1.719680394   1.731860942   1.744019809   1.756157453   1.768274316   1.780370827   1.792447404   1.804504452   1.816542364   1.828561522   1.840562299   1.852545055   1.864510142   
24.35427136   1.126026183e-11   1.451305689e-11   1.870549935e-11   2.410902876e-11   3.107349646e-11   4.004981668e-11   5.161916098e-11   6.653058618e-11   8.574953204e-11   1.105203286e-10   1.424467602e-10   1.835959026e-10   2.366319559e-10   3.049887374e-10   3.930920047e-10   5.066460011e-10   6.530027763e-10   8.416381949e-10   1.084765451e-09   1.39812581e-09   1.802007778e-09   2.32256068e-09   2.993487695e-09   3.858227969e-09   4.97276908e-09   6.409271951e-09   8.260742904e-09   1.064705535e-08   1.372271099e-08   1.768684301e-08   2.279610894e-08   2.938130792e-08   3.786879826e-08   4.880810195e-08   6.290748333e-08   8.107980554e-08   1.045016336e-07   1.346894106e-07   1.735976394e-07   2.237454254e-07   2.883795747e-07   3.716848053e-07   4.790546819e-07   6.174408145e-07   7.958029267e-07   1.025688931e-06   1.321982565e-06   1.703866972e-06   2.196066624e-06   2.830447932e-06   3.648082173e-06   4.701904188e-06   6.060138896e-06   7.810717264e-06   1.006696732e-05   1.29749481e-05   1.672290055e-05   2.155342561e-05   2.77791756e-05   3.580307063e-05   4.614434199e-05   5.94720773e-05   7.664842024e-05   9.878419007e-05   0.0001273104698   0.0001640707106   0.0002114391716   0.000272473123   0.0003511082715   0.0004524094005   0.0005828913671   0.0007509294366   0.000967282553   0.001245758529   0.001604056176   0.002064825713   0.002656994585   0.003417409568   0.00439284509   0.005642417584   0.00724041957   0.009279534674   0.0118743022   0.01516455008   0.01931829225   0.02453328489   0.03103607736   0.03907705623   0.04891982831   0.06082358226   0.07501811302   0.09167316874   0.1108664579   0.1325571606   0.1565727005   0.1826146037   0.2102844526   0.2391249813   0.2686669766   0.2984718517   0.3281625256   0.357439768   0.3860852823   0.4139551933   0.4409681585   0.4670916479   0.4923287819   0.5167070066   0.5402690631   0.5630661978   0.5851533127   0.606585669   0.6274167694   0.6476970954   0.6674734431   0.6867886619   0.705681654   0.724187534   0.7423378781   0.7601610182   0.7776823491   0.7949246307   0.8119082744   0.828651607   0.8451711106   0.8614816369   0.8775965982   0.8935281361   0.9092872686   0.9248840203   0.9403275357   0.9556261777   0.9707876145   0.9858188949   1.000726514   1.015516472   1.030194323   1.044765222   1.059233959   1.073604999   1.087882512   1.102070394   1.116172297   1.130191648   1.144131669   1.157995389   1.171785669   1.185505205   1.199156547   1.212742108   1.226264173   1.239724911   1.253126381   1.266470538   1.279759243   1.29299427   1.306177307   1.319309966   1.332393785   1.345430233   1.358420715   1.371366576   1.384269103   1.397129529   1.409949038   1.422728762   1.435469791   1.448173171   1.460839907   1.473470965   1.486067274   1.498629731   1.511159196   1.523656499   1.536122442   1.548557796   1.560963306   1.573339689   1.585687642   1.598007833   1.61030091   1.622567501   1.634808211   1.647023626   1.659214313   1.671380821   1.683523682   1.695643412   1.70774051   1.71981546   1.731868731   1.743900779   1.755912046   1.76790296   1.779873939   1.791825386   1.803757694   1.815671245   1.82756641   1.83944355   
24.6080402   8.690021515e-12   1.120034139e-11   1.443582701e-11   1.860595978e-11   2.398073481e-11   3.090814175e-11   3.983669531e-11   5.134447443e-11   6.617654987e-11   8.52932239e-11   1.099322049e-10   1.41688743e-10   1.826189142e-10   2.35372741e-10   3.033657682e-10   3.910002023e-10   5.039499317e-10   6.49527883e-10   8.371594958e-10   1.078992973e-09   1.390685814e-09   1.792418562e-09   2.31020139e-09   2.97755813e-09   3.837696769e-09   4.946306953e-09   6.375165608e-09   8.216784131e-09   1.059039804e-08   1.364968687e-08   1.759272413e-08   2.267480157e-08   2.922495803e-08   3.766728298e-08   4.854837419e-08   6.257272702e-08   8.064834692e-08   1.039455379e-07   1.339726735e-07   1.726738557e-07   2.22554785e-07   2.868449897e-07   3.697069192e-07   4.765054371e-07   6.141551607e-07   7.915681355e-07   1.020230823e-06   1.314947757e-06   1.694800002e-06   2.184380459e-06   2.815385966e-06   3.628669242e-06   4.676883439e-06   6.027890425e-06   7.769153248e-06   1.001339687e-05   1.290590309e-05   1.663391114e-05   2.143873097e-05   2.763135115e-05   3.561254766e-05   4.589878874e-05   5.915560147e-05   7.624054162e-05   9.825851723e-05   0.0001266329957   0.0001631976182   0.0002103140087   0.0002710231677   0.0003492398566   0.0004500019046   0.0005797894961   0.0007469333213   0.0009621350593   0.001239129026   0.001595519818   0.002053837069   0.002642854201   0.003399221766   0.004369465044   0.005612385492   0.007201879639   0.009230136855   0.01181108523   0.01508380589   0.01921541436   0.02440260767   0.0308707191   0.03886878679   0.04865899109   0.06049910713   0.07461765924   0.09118342809   0.1102736265   0.1318475514   0.1557334302   0.1816342534   0.2091535997   0.2378365211   0.2672162036   0.2968563193   0.326381745   0.3554948187   0.3839784041   0.4116894092   0.4385469515   0.4645187166   0.4896078519   0.513841705   0.5372628374   0.5599222694   0.5818746558   0.6031750059   0.6238765771   0.6440296189   0.6636807122   0.6828725094   0.7016437343   0.7200293409   0.7380607617   0.7557662   0.7731709364   0.7902976285   0.8071665969   0.8237960873   0.8402025095   0.8564006504   0.8724038646   0.8882242414   0.9038727522   0.9193593796   0.9346932297   0.9498826312   0.9649352209   0.9798580191   0.9946574952   1.009339625   1.023909942   1.038373579   1.05273531   1.066999583   1.081170551   1.095252096   1.109247857   1.12316125   1.136995482   1.150753575   1.164438377   1.178052576   1.191598714   1.205079195   1.218496297   1.231852181   1.245148899   1.258388402   1.271572543   1.284703091   1.297781729   1.310810064   1.323789629   1.336721889   1.349608245   1.362450038   1.375248551   1.388005015   1.400720607   1.413396461   1.42603366   1.438633249   1.45119623   1.463723566   1.476216186   1.488674981   1.501100811   1.513494505   1.525856861   1.538188649   1.550490612   1.562763466   1.575007905   1.587224597   1.599414189   1.611577306   1.623714553   1.635826513   1.647913754   1.659976823   1.672016251   1.684032553   1.696026226   1.707997755   1.719947607   1.731876237   1.743784086   1.755671583   1.767539143   1.77938717   1.791216056   1.803026182   1.814817919   
24.86180905   6.706835216e-12   8.644264454e-12   1.114136631e-11   1.435981557e-11   1.850799063e-11   2.385446494e-11   3.074539581e-11   3.962693633e-11   5.107412156e-11   6.582809914e-11   8.484411486e-11   1.0935336e-10   1.40942685e-10   1.816573395e-10   2.341333925e-10   3.017684044e-10   3.889414019e-10   5.012963977e-10   6.461078124e-10   8.327514563e-10   1.073311566e-09   1.383363197e-09   1.782980633e-09   2.298037091e-09   2.961879882e-09   3.817489486e-09   4.920262315e-09   6.341597355e-09   8.173518888e-09   1.05346346e-08   1.357781483e-08   1.750009014e-08   2.255540805e-08   2.907107484e-08   3.746894698e-08   4.82927441e-08   6.224325211e-08   8.022369534e-08   1.033982156e-07   1.332672442e-07   1.717646464e-07   2.213829291e-07   2.853346155e-07   3.677602379e-07   4.739964112e-07   6.109213441e-07   7.874001559e-07   1.014858827e-06   1.308023937e-06   1.685876081e-06   2.172878665e-06   2.80056163e-06   3.609562585e-06   4.652257438e-06   5.996150732e-06   7.728244981e-06   9.960671591e-06   1.283794739e-05   1.65463257e-05   2.132584585e-05   2.74858589e-05   3.542503056e-05   4.565710956e-05   5.884411864e-05   7.583909806e-05   9.774113788e-05   0.0001259662101   0.0001623383005   0.0002092065974   0.0002695960882   0.0003474009197   0.0004476323919   0.0005767365639   0.0007430002536   0.0009570687796   0.001232604121   0.001587118145   0.002043021805   0.002628936929   0.003381320944   0.004346453918   0.005582827304   0.007163947901   0.009181518631   0.01174886604   0.01500433627   0.01911416067   0.02427399394   0.03070797258   0.03866380786   0.04840227646   0.06017976283   0.07422354137   0.0907014415   0.1096901892   0.1311491983   0.1549074883   0.1806694934   0.2080407581   0.2365686182   0.2657886216   0.2952666654   0.3246295535   0.353581168   0.3819055144   0.4094602693   0.4361650086   0.4619876231   0.4869312884   0.5110232544   0.5343059048   0.5568300371   0.5786500616   0.5998207394   0.6203950859   0.6404231216   0.6599512148   0.6790218239   0.6976734966   0.7159410284   0.7338557099   0.7514456179   0.7687359196   0.7857491723   0.8025056065   0.8190233882   0.8353188554   0.8514067314   0.8673003135   0.8830116396   0.8985516351   0.9139302406   0.9291565248   0.9442387822   0.9591846188   0.9740010266   0.9886944495   1.00327084   1.017735709   1.032094171   1.046350981   1.06051057   1.074577077   1.088554368   1.10244607   1.116255586   1.129986112   1.143640659   1.157222065   1.17073301   1.184176026   1.197553509   1.21086773   1.224120843   1.237314894   1.250451825   1.263533487   1.276561641   1.289537965   1.302464061   1.315341458   1.328171617   1.340955935   1.353695748   1.366392337   1.379046927   1.391660694   1.404234767   1.416770229   1.429268119   1.441729438   1.454155147   1.466546171   1.4789034   1.491227692   1.503519873   1.515780739   1.528011059   1.540211574   1.552382999   1.564526026   1.576641321   1.588729529   1.600791275   1.612827162   1.624837773   1.636823672   1.648785408   1.66072351   1.672638491   1.684530848   1.696401064   1.708249606   1.720076929   1.731883472   1.743669663   1.755435917   1.767182637   1.778910215   1.79061903   
25.11557789   5.176525211e-12   6.671887923e-12   8.599221802e-12   1.108331202e-11   1.428499091e-11   1.841155108e-11   2.373016652e-11   3.058519083e-11   3.942045233e-11   5.080798973e-11   6.548508879e-11   8.440201779e-11   1.087835527e-10   1.402082752e-10   1.807107779e-10   2.329133941e-10   3.001959804e-10   3.869147456e-10   4.986842935e-10   6.427411397e-10   8.284122399e-10   1.067718863e-09   1.376154909e-09   1.773690059e-09   2.286062713e-09   2.94644642e-09   3.797597701e-09   4.894624314e-09   6.308553206e-09   8.130929149e-09   1.04797418e-08   1.350706494e-08   1.740890245e-08   2.243787863e-08   2.891959425e-08   3.727370761e-08   4.80411052e-08   6.191892132e-08   7.980567389e-08   1.028594387e-07   1.325728288e-07   1.708696327e-07   2.202293695e-07   2.83847823e-07   3.658439504e-07   4.71526559e-07   6.077380174e-07   7.832972513e-07   1.009570704e-06   1.301208219e-06   1.677091489e-06   2.161556449e-06   2.785968747e-06   3.590754241e-06   4.628015925e-06   5.964906594e-06   7.687975418e-06   9.908769519e-06   1.277105269e-05   1.646010774e-05   2.121472322e-05   2.734263824e-05   3.524044117e-05   4.541920373e-05   5.853749902e-05   7.544392229e-05   9.723183644e-05   0.0001253098351   0.0001614923994   0.0002081164764   0.0002681912901   0.0003455906946   0.0004452998752   0.0005737312983   0.0007391285949   0.0009520816027   0.001226181093   0.001578847654   0.002032375411   0.002615236968   0.003363699643   0.004323802122   0.005553730701   0.007126608543   0.009133659733   0.01168761869   0.01492610808   0.01901448895   0.02414739002   0.03054776986   0.0384620338   0.0481495771   0.05986541571   0.07383559431   0.09022700677   0.109115901   0.1304618072   0.1540945265   0.1797199153   0.2069454558   0.2353207326   0.2643836209   0.2937022082   0.3229051965   0.351697988   0.3798657122   0.4072668031   0.433821284   0.4594972507   0.4842979045   0.5082503982   0.5313969403   0.5537881078   0.5754780702   0.5965213432   0.6169707034   0.6368759454   0.6562832281   0.6752348179   0.6937690891   0.7119206807   0.7297207433   0.7471972286   0.7643751923   0.7812770922   0.7979230703   0.8143312135   0.8305177893   0.8464974579   0.8622834601   0.8778877831   0.8933213065   0.9085939299   0.9237146847   0.9386918318   0.9535329465   0.9682449931   0.9828343899   0.9973070662   1.011668512   1.025923821   1.040077733   1.05413466   1.068098725   1.081973783   1.095763445   1.109471103   1.123099941   1.136652961   1.150132991   1.1635427   1.176884613   1.190161117   1.203374477   1.216526839   1.229620241   1.242656622   1.255637825   1.268565605   1.281441637   1.294267518   1.30704477   1.319774851   1.332459155   1.345099012   1.357695701   1.370250443   1.382764412   1.395238731   1.407674483   1.420072703   1.432434389   1.444760501   1.457051959   1.469309654   1.481534439   1.493727139   1.50588855   1.518019436   1.530120538   1.54219257   1.55423622   1.566252155   1.578241018   1.590203431   1.602139997   1.614051298   1.625937898   1.637800342   1.649639159   1.661454861   1.673247946   1.685018893   1.696768171   1.708496232   1.720203515   1.731890448   1.743557444   1.755204905   1.766833224   
25.36934673   3.99560411e-12   5.149829609e-12   6.637480659e-12   8.55487518e-12   1.102615482e-11   1.421132249e-11   1.831660178e-11   2.360778885e-11   3.042746145e-11   3.921715906e-11   5.054597036e-11   6.514737887e-11   8.396675231e-11   1.082225504e-10   1.39485214e-10   1.797788433e-10   2.317122479e-10   2.986478545e-10   3.849194067e-10   4.961125534e-10   6.394264911e-10   8.24140076e-10   1.062212583e-09   1.369058009e-09   1.76454305e-09   2.274273372e-09   2.931251447e-09   3.778013297e-09   4.869382488e-09   6.276019678e-09   8.088997536e-09   1.042569724e-08   1.343740832e-08   1.731912386e-08   2.232216535e-08   2.877045444e-08   3.708148521e-08   4.779335478e-08   6.15996023e-08   7.939411198e-08   1.023289874e-07   1.31889144e-07   1.699884494e-07   2.190936354e-07   2.823840054e-07   3.639572746e-07   4.690948726e-07   6.046038816e-07   7.792577476e-07   1.004364296e-06   1.294497822e-06   1.668442643e-06   2.150409192e-06   2.771601364e-06   3.572236537e-06   4.604149009e-06   5.934145262e-06   7.648328128e-06   9.857669474e-06   1.270519169e-05   1.637522207e-05   2.110531773e-05   2.720163073e-05   3.505870419e-05   4.51849742e-05   5.823561751e-05   7.505485306e-05   9.673040511e-05   0.0001246636029   0.0001606595699   0.0002070432008   0.0002668082001   0.0003438084427   0.0004430034027   0.000570772473   0.0007353167653   0.0009471714936   0.001219857323   0.001570704973   0.002021893545   0.002601748727   0.003346350669   0.00430150041   0.005525083807   0.007089846322   0.009086540621   0.01162731817   0.01484908936   0.01891635846   0.02402274415   0.03039004543   0.03826338205   0.04790078955   0.05955593697   0.07345365889   0.08975992898   0.1085505257   0.1297850948   0.1532942087   0.1787851259   0.2058672377   0.2340923444   0.2630006135   0.2921622906   0.3212079466   0.3498444808   0.3778581293   0.4051080713   0.4315147707   0.4570465236   0.4817065567   0.5055219265   0.5285346679   0.5507951406   0.5723572759   0.5932753477   0.6136018967   0.6333864947   0.6526750938   0.6715097712   0.6899287297   0.7079664542   0.725653957   0.7430190662   0.7600867275   0.7768793005   0.7934168399   0.8097173543   0.8257970418   0.8416705002   0.8573509143   0.8728502213   0.8881792557   0.9033478764   0.9183650782   0.9332390884   0.9479774522   0.9625871064   0.9770744441   0.9914453715   1.005705358   1.019859478   1.033912451   1.047868677   1.061732261   1.075507045   1.089196626   1.102804384   1.116333494   1.129786946   1.143167556   1.156477988   1.169720756   1.18289824   1.196012697   1.209066266   1.22206098   1.234998769   1.247881473   1.260710841   1.273488541   1.286216166   1.298895235   1.311527201   1.324113453   1.336655318   1.349154071   1.36161093   1.374027064   1.386403597   1.398741605   1.411042122   1.423306143   1.435534625   1.447728487   1.459888617   1.472015866   1.484111057   1.496174983   1.508208409   1.520212071   1.532186683   1.544132931   1.556051481   1.567942974   1.579808032   1.591647255   1.603461224   1.615250503   1.627015634   1.638757147   1.650475553   1.662171346   1.673845008   1.685497004   1.697127786   1.708737794   1.720327453   1.731897176   1.743447366   
25.62311558   3.084249558e-12   3.975208569e-12   5.12354233e-12   6.603599673e-12   8.511206863e-12   1.096987187e-11   1.413878087e-11   1.822310478e-11   2.348728302e-11   3.027214463e-11   3.901697527e-11   5.028795871e-11   6.481483441e-11   8.353814446e-11   1.07670129e-10   1.387732125e-10   1.788611631e-10   2.305294739e-10   2.971234081e-10   3.829545876e-10   4.935801494e-10   6.361625418e-10   8.199332572e-10   1.056790524e-09   1.362069659e-09   1.755535949e-09   2.262664355e-09   2.916288889e-09   3.758728448e-09   4.84452675e-09   6.243983768e-09   8.04770729e-09   1.037247932e-08   1.336881714e-08   1.723071848e-08   2.220822197e-08   2.86235958e-08   3.689220296e-08   4.754939385e-08   6.128516745e-08   7.898884515e-08   1.018066496e-07   1.312159165e-07   1.691207442e-07   2.179752731e-07   2.809425776e-07   3.620994565e-07   4.667003802e-07   6.015176841e-07   7.752800303e-07   9.992375236e-07   1.287890064e-06   1.659926085e-06   2.139432439e-06   2.757453737e-06   3.554002072e-06   4.58064715e-06   5.903854441e-06   7.609287265e-06   9.807351033e-06   1.264033808e-05   1.629163479e-05   2.099758566e-05   2.706278e-05   3.487974698e-05   4.495432734e-05   5.793835346e-05   7.467173487e-05   9.623664346e-05   0.0001240272552   0.000159839479   0.0002059863417   0.0002654462654   0.0003420534517   0.0004407420566   0.0005678589055   0.0007315632411   0.0009423364898   0.001213630283   0.001562686844   0.002011572016   0.002588466815   0.003329267089   0.004279539865   0.005496875166   0.007053646539   0.00904014245   0.01156794035   0.0147732493   0.01881972993   0.02390000644   0.03023473611   0.038067773   0.04765581403   0.05925120236   0.07307758163   0.08930002021   0.1079938352   0.1291187878   0.1525062112   0.177864746   0.2048056649   0.2328829519   0.2616390329   0.2906462792   0.3195371028   0.3480198776   0.3758819291   0.4029831702   0.4292444978   0.4546344055   0.4791561437   0.5028366736   0.5257178586   0.5478498435   0.5692863248   0.5900813374   0.6102871895   0.6299532328   0.6491252152   0.6678450273   0.6861507027   0.704076574   0.721653517   0.7389092381   0.7558685742   0.7725537879   0.7889848476   0.8051796849   0.821154429   0.8369236161   0.8525003761   0.8678965964   0.8831230669   0.8981896066   0.9131051736   0.9278779625   0.9425154885   0.9570246612   0.9714118487   0.9856829347   0.9998433673   1.013898203   1.027852143   1.041709569   1.055474574   1.069150985   1.082742387   1.096252146   1.109683428   1.12303921   1.136322302   1.149535356   1.162680879   1.175761243   1.188778697   1.201735374   1.2146333   1.227474399   1.240260505   1.252993361   1.265674632   1.278305905   1.290888694   1.303424448   1.315914551   1.328360329   1.340763051   1.353123933   1.36544414   1.377724792   1.389966963   1.402171685   1.41433995   1.426472712   1.438570889   1.450635364   1.462666988   1.474666582   1.486634937   1.498572815   1.510480952   1.522360058   1.53421082   1.546033901   1.557829941   1.569599561   1.581343359   1.593061915   1.604755792   1.616425531   1.62807166   1.63969469   1.651295114   1.662873413   1.674430051   1.685965479   1.697480136   1.708974447   1.720448824   
25.87688442   2.380888461e-12   3.068664852e-12   3.955121849e-12   5.097653082e-12   6.570231699e-12   8.468199754e-12   1.091444113e-11   1.406733764e-11   1.813102347e-11   2.336860183e-11   3.011917955e-11   3.881982258e-11   5.003385377e-11   6.448732519e-11   8.31160264e-11   1.07126072e-10   1.380719917e-10   1.77957378e-10   2.29364609e-10   2.956220441e-10   3.810195189e-10   4.9108609e-10   6.329480139e-10   8.157901363e-10   1.051450564e-09   1.355187124e-09   1.74666523e-09   2.251231117e-09   2.901552888e-09   3.739735601e-09   4.820047367e-09   6.212432931e-09   8.007042242e-09   1.032006721e-08   1.330126453e-08   1.71436517e-08   2.209600388e-08   2.847896083e-08   3.670578674e-08   4.730912687e-08   6.097549363e-08   7.858971468e-08   1.012922208e-07   1.305528828e-07   1.682661774e-07   2.168738445e-07   2.795229754e-07   3.602697687e-07   4.643421442e-07   5.984782165e-07   7.713625419e-07   9.941883784e-07   1.281382358e-06   1.651538482e-06   2.12862189e-06   2.743520328e-06   3.536043705e-06   4.557501146e-06   5.874022271e-06   7.570837542e-06   9.757794491e-06   1.257646645e-05   1.620931314e-05   2.089148482e-05   2.69260317e-05   3.470349947e-05   4.472717284e-05   5.764559045e-05   7.429441771e-05   9.575035817e-05   0.0001234005428   0.0001590318056   0.0002049454851   0.0002641049527   0.0003403250343   0.0004385149513   0.0005649894549   0.0007278665526   0.0009375746979   0.001207497533   0.00155479013   0.002001406782   0.00257538603   0.00331244221   0.004257911887   0.00546909373   0.007017995012   0.008994447042   0.01150946197   0.01469855818   0.01872456549   0.02377912875   0.03008178096   0.03787512985   0.04741455429   0.05895109206   0.07270721449   0.08884709915   0.1074456099   0.1284626227   0.1517302214   0.1769584096   0.2037603144   0.2316920717   0.2602983326   0.2891535632   0.3178919893   0.346223437   0.3739363048   0.4008912281   0.4270095299   0.4522598973   0.4766456038   0.500193516   0.5229453278   0.5449509717   0.5662639124   0.5869379488   0.6070251595   0.6265746791   0.645632054   0.6642389906   0.6824333554   0.7002493306   0.7177176575   0.734865922   0.7517188536   0.7682986195   0.7846251026   0.8007161585   0.8165878482   0.8322546475   0.8477296313   0.8630246385   0.8781504148   0.8931167392   0.9079325343   0.9226059619   0.9371445076   0.951555054   0.9658439449   0.9800170412   0.9940797705   1.00803717   1.021893924   1.035654399   1.049322672   1.062902555   1.076397622   1.089811227   1.103146525   1.116406482   1.1295939   1.14271142   1.155761542   1.16874663   1.181668926   1.194530555   1.207333537   1.220079791   1.232771144   1.245409335   1.257996022   1.270532788   1.283021144   1.295462534   1.307858337   1.320209876   1.332518415   1.344785169   1.357011298   1.36919792   1.381346106   1.393456885   1.405531246   1.41757014   1.429574484   1.441545159   1.453483013   1.465388865   1.477263504   1.489107691   1.500922159   1.512707618   1.524464753   1.536194224   1.547896671   1.559572713   1.571222947   1.582847952   1.594448289   1.606024499   1.617577109   1.629106627   1.640613547   1.652098348   1.663561494   1.675003435   1.686424609   1.697825439   
26.13065327   1.838021634e-12   2.368978e-12   3.05331377e-12   3.935336241e-12   5.07215193e-12   6.537363931e-12   8.425837348e-12   1.085984133e-11   1.399696539e-11   1.804032252e-11   2.325169974e-11   2.996850752e-11   3.862562534e-11   4.978355802e-11   6.416472555e-11   8.270023615e-11   1.065901709e-10   1.373812827e-10   1.770671413e-10   2.282172062e-10   2.941431866e-10   3.791134581e-10   4.886294181e-10   6.297816738e-10   8.117091233e-10   1.046190653e-09   1.348407763e-09   1.737927488e-09   2.239969271e-09   2.887037788e-09   3.72102747e-09   4.795934946e-09   6.181355062e-09   7.96698679e-09   1.026844078e-08   1.323472459e-08   1.70578901e-08   2.1985468e-08   2.833649404e-08   3.652216502e-08   4.707246164e-08   6.067046202e-08   7.819656744e-08   1.007855037e-07   1.298997884e-07   1.674244212e-07   2.15788927e-07   2.781246539e-07   3.584675091e-07   4.620192596e-07   5.954843124e-07   7.675037791e-07   9.892149231e-07   1.274972207e-06   1.643276614e-06   2.117973399e-06   2.72979579e-06   3.518354545e-06   4.534702115e-06   5.844637304e-06   7.532964205e-06   9.708980834e-06   1.251355229e-05   1.612822555e-05   2.07869745e-05   2.679133334e-05   3.452989402e-05   4.450342354e-05   5.735721615e-05   7.392275678e-05   9.527136262e-05   0.0001227832253   0.0001582362399   0.0002039202318   0.0002627837473   0.0003386225272   0.0004363212322   0.0005621630199   0.0007242252812   0.0009328842906   0.001201456722   0.001547011798   0.001991393942   0.002562501352   0.003295869576   0.004236608174   0.005441728834   0.006982878055   0.008949436852   0.01145186056   0.01462498729   0.01863082856   0.02366006462   0.02993112117   0.03768537849   0.04717691743   0.05865549042   0.07234241459   0.08840099086   0.1069056376   0.1278163451   0.150965938   0.1760657638   0.2027307779   0.2305192369   0.2589779855   0.2876835535   0.316271954   0.3444544439   0.3720204786   0.3988314047   0.4248089645   0.4499220357   0.4741739134   0.4975913705   0.5202159335   0.5420973251   0.5632887811   0.5838438674   0.603814436   0.6232494071   0.6421941282   0.6606901237   0.6787750954   0.696483077   0.7138446768   0.7308873619   0.7476357559   0.7641119315   0.7803356872   0.7963248036   0.8120952745   0.8276615155   0.8430365479   0.8582321619   0.87325906   0.8881269817   0.9028448141   0.9174206869   0.9318620563   0.9461757784   0.9603681726   0.9744450776   0.9884119004   1.00227366   1.016035023   1.029700339   1.043273672   1.05675882   1.070159344   1.083478586   1.09671969   1.109885613   1.122979147   1.136002924   1.148959435   1.161851037   1.174679965   1.187448337   1.200158166   1.212811365   1.225409757   1.237955073   1.250448969   1.262893022   1.275288737   1.287637555   1.299940851   1.312199945   1.324416097   1.336590517   1.348724364   1.360818752   1.372874749   1.384893382   1.396875636   1.408822462   1.420734772   1.432613446   1.444459331   1.456273242   1.468055966   1.479808264   1.491530866   1.503224481   1.514889792   1.526527458   1.538138117   1.549722386   1.561280863   1.572814124   1.584322729   1.595807218   1.607268117   1.618705933   1.630121159   1.641514273   1.652885738   1.664236004   1.675565507   
26.38442211   1.419004527e-12   1.828917813e-12   2.357244323e-12   3.03819054e-12   3.915844306e-12   5.047029284e-12   6.50498401e-12   8.384103714e-12   1.080605194e-11   1.392763765e-11   1.795096781e-11   2.31365328e-11   2.982007186e-11   3.84343105e-11   4.953697733e-11   6.384691415e-11   8.229061736e-11   1.060622239e-10   1.367008257e-10   1.76190118e-10   2.270868338e-10   2.926862793e-10   3.772356884e-10   4.862092098e-10   6.266623307e-10   8.076886836e-10   1.041008814e-09   1.341729025e-09   1.729319438e-09   2.22887458e-09   2.872738132e-09   3.702597017e-09   4.772180417e-09   6.150738472e-09   7.927525868e-09   1.021758063e-08   1.316917227e-08   1.697340144e-08   2.187657277e-08   2.819614183e-08   3.634126873e-08   4.683930916e-08   6.03699579e-08   7.780925556e-08   1.002863075e-07   1.292563876e-07   1.665951589e-07   2.147201127e-07   2.767470872e-07   3.566919999e-07   4.597308529e-07   5.92534846e-07   7.637022908e-07   9.843152872e-07   1.268657199e-06   1.635137374e-06   2.10748296e-06   2.716274961e-06   3.50092794e-06   4.512241483e-06   5.815688489e-06   7.495653011e-06   9.660891703e-06   1.245157196e-05   1.604834152e-05   2.06840154e-05   2.665863426e-05   3.435886534e-05   4.428299528e-05   5.707312212e-05   7.355661232e-05   9.479947668e-05   0.0001221750705   0.0001574524825   0.0002029101961   0.0002614821524   0.0003369452903   0.0004341600743   0.0005593785377   0.0007206380575   0.0009282635038   0.001195505575   0.001539348924   0.001981529729   0.002549807934   0.003279542953   0.004215620711   0.005414770183   0.006948282453   0.008905094941   0.01139511446   0.01455250896   0.01853848385   0.0235427692   0.02978269996   0.03749844737   0.0469428138   0.05836428579   0.071983044   0.08796152645   0.1063737135   0.1271797094   0.1502130699   0.1751864679   0.2017166612   0.2293639974   0.2576774828   0.2862356815   0.3146763677   0.3427122082   0.3701336997   0.3968028891   0.4226419314   0.4476198913   0.471740085   0.4950291924   0.5175285744   0.5392877466   0.5603597183   0.5807978259   0.6006536973   0.6199760411   0.6388100086   0.6571969445   0.6751743877   0.6927762256   0.7100329351   0.726971866   0.7436175371   0.7599919279   0.7761147537   0.7920037208   0.8076747567   0.8231422176   0.8384190715   0.8535170611   0.8684468454   0.8832181256   0.8978397532   0.9123198262   0.9266657721   0.9408844204   0.9549820664   0.9689645269   0.9828371887   0.9966050518   1.010272767   1.023844667   1.037324801   1.050716954   1.064024675   1.077251294   1.090399944   1.103473572   1.116474959   1.129406732   1.142271371   1.155071226   1.167808524   1.180485377   1.193103792   1.205665677   1.218172846   1.230627028   1.243029872   1.255382951   1.267687766   1.279945753   1.292158285   1.304326675   1.316452182   1.328536012   1.34057932   1.352583218   1.364548771   1.376477002   1.388368896   1.400225399   1.412047422   1.423835842   1.435591504   1.447315223   1.459007782   1.47066994   1.482302427   1.493905948   1.505481186   1.517028798   1.528549422   1.540043673   1.551512145   1.562955416   1.574374044   1.585768568   1.597139511   1.608487382   1.619812672   1.631115857   1.6423974   1.653657749   
26.63819095   1.095564908e-12   1.41204495e-12   1.819947795e-12   2.345683102e-12   3.023289585e-12   3.896638855e-12   5.022275881e-12   6.473079996e-12   8.342983466e-12   1.075305313e-11   1.385932887e-11   1.786292641e-11   2.302305854e-11   2.967381785e-11   3.824580754e-11   4.929402079e-11   6.353377382e-11   8.188701898e-11   1.055420365e-10   1.360303698e-10   1.75325985e-10   2.259730753e-10   2.912507851e-10   3.753855174e-10   4.838245729e-10   6.235888345e-10   8.037273348e-10   1.035903135e-09   1.33514845e-09   1.720837906e-09   2.217942956e-09   2.858648647e-09   3.684437448e-09   4.748775024e-09   6.120571873e-09   7.888644928e-09   1.016746801e-08   1.310458342e-08   1.689015456e-08   2.176927805e-08   2.805785247e-08   3.61630312e-08   4.660958347e-08   6.007387048e-08   7.742763625e-08   9.979444842e-08   1.286224433e-07   1.657780847e-07   2.136670073e-07   2.753897676e-07   3.549425864e-07   4.574760803e-07   5.896287297e-07   7.599566753e-07   9.794876644e-07   1.262435008e-06   1.627117762e-06   2.097146706e-06   2.702952855e-06   3.483757465e-06   4.49011097e-06   5.787165154e-06   7.458890203e-06   9.613509369e-06   1.239050258e-05   1.596963159e-05   2.058256955e-05   2.652788556e-05   3.419035039e-05   4.40658068e-05   5.67932036e-05   7.319584932e-05   9.433452637e-05   0.0001215758542   0.0001566802446   0.0002019150056   0.0002601996879   0.000335292705   0.0004320306808   0.0005566349815   0.0007171035587   0.0009237106337   0.001189641901   0.001531798682   0.001971810507   0.002537301096   0.003263456319   0.004194941759   0.005388207835   0.006914195446   0.008861404952   0.01133920272   0.01448109643   0.01844749726   0.02342719917   0.02963646249   0.03731426737   0.04671215679   0.05807737036   0.07162896954   0.08752854282   0.1058496401   0.1265524788   0.1494713363   0.174320193   0.2007175841   0.2282259184   0.2563963334   0.2848093982   0.3131046232   0.3409960641   0.3682752436   0.3948048987   0.4205075906   0.4453525674   0.4693431659   0.4925059738   0.514882188   0.5365211195   0.5574755544   0.5777986017   0.5975416687   0.6167532547   0.6354783173   0.6537580238   0.6716297524   0.6891272458   0.7062808513   0.7231178028   0.7396625158   0.7559368774   0.7719605209   0.7877510791   0.8033244142   0.8186948235   0.8338752225   0.8488773066   0.8637116924   0.8783880425   0.8929151739   0.9073011529   0.9215533785   0.935678654   0.949683251   0.9635729644   0.9773531613   0.991028823   1.004604583   1.01808476   1.031473387   1.044774236   1.057990844   1.07112653   1.084184415   1.097167438   1.110078369   1.122919825   1.13569428   1.148404077   1.161051435   1.173638458   1.186167149   1.198639407   1.211057043   1.223421781   1.235735264   1.247999059   1.260214665   1.272383513   1.284506971   1.296586349   1.308622903   1.320617835   1.332572298   1.3444874   1.356364203   1.368203727   1.380006955   1.391774831   1.403508264   1.415208127   1.426875264   1.438510488   1.45011458   1.461688297   1.473232368   1.484747496   1.496234362   1.507693623   1.519125906   1.530531847   1.541912018   1.553267003   1.564597358   1.575903621   1.587186315   1.598445947   1.609683006   1.620897969   1.632091297   
26.8919598   8.458886629e-13   1.090243768e-12   1.405186672e-12   1.81110834e-12   2.334290159e-12   3.00860552e-12   3.877712947e-12   4.997882773e-12   6.441640357e-12   8.302461738e-12   1.070082573e-11   1.379201435e-11   1.777616648e-11   2.291123594e-11   2.952969263e-11   3.80600483e-11   4.905460058e-11   6.322519137e-11   8.148929513e-11   1.050294207e-10   1.353696726e-10   1.744744296e-10   2.24875528e-10   2.89836185e-10   3.735622764e-10   4.814746452e-10   6.205600742e-10   7.998236449e-10   1.030871771e-09   1.328663656e-09   1.712479826e-09   2.207170445e-09   2.844764239e-09   3.666542198e-09   4.725710305e-09   6.09084436e-09   7.850329915e-09   1.011808479e-08   1.304093468e-08   1.680811937e-08   2.166354504e-08   2.792157596e-08   3.598738797e-08   4.638320152e-08   5.978209272e-08   7.705157154e-08   9.930974849e-08   1.279977263e-07   1.649729034e-07   2.126292303e-07   2.740522041e-07   3.532186363e-07   4.552541267e-07   5.86764913e-07   7.562655786e-07   9.747303094e-07   1.256303382e-06   1.619214879e-06   2.086960899e-06   2.689824658e-06   3.466836912e-06   4.468302574e-06   5.759056985e-06   7.42266249e-06   9.566816701e-06   1.233032209e-05   1.589206732e-05   2.048260029e-05   2.639903994e-05   3.402428823e-05   4.385177959e-05   5.651735941e-05   7.284033738e-05   9.38763436e-05   0.0001209853597   0.000155919247   0.0002009343006   0.0002589358904   0.000333664174   0.0004299322818   0.0005539313596   0.000713620507   0.0009192240344   0.001183863577   0.001524358342   0.001962232761   0.002524976314   0.003247603858   0.00417456384   0.005362032182   0.006880604706   0.00881835108   0.01128410512   0.01441072385   0.01835783587   0.02331331269   0.02949235579   0.03713277176   0.04648486274   0.05779463999   0.07128006253   0.08710188245   0.1053332263   0.1259344241   0.1487404658   0.1734666214   0.1997331789   0.2271045799   0.2551340629   0.2834041737   0.3115561339   0.3393053684   0.3664444109   0.3928366781   0.418405131   0.4431191985   0.4669822366   0.4900207417   0.5122757488   0.5337963666   0.5546351606   0.5748450154   0.5944771202   0.6135797679   0.6321977248   0.6503719829   0.6681397618   0.6855346612   0.7025869005   0.719323599   0.7357690703   0.7519451103   0.7678712711   0.7835651132   0.7990424337   0.8143174722   0.8294030922   0.8443109422   0.859051597   0.873634681   0.888068977   0.9023625202   0.9165226811   0.9305562373   0.9444694369   0.9582680533   0.9719574335   0.9855425409   0.9990279922   1.012418091   1.025716855   1.038928044   1.052055182   1.065101577   1.078070339   1.090964397   1.103786513   1.116539294   1.129225207   1.141846587   1.154405645   1.16690448   1.179345087   1.19172936   1.204059105   1.21633604   1.228561803   1.240737957   1.252865997   1.264947348   1.276983375   1.288975386   1.300924631   1.31283231   1.324699573   1.336527524   1.348317222   1.360069686   1.371785896   1.383466792   1.395113281   1.406726237   1.418306498   1.429854876   1.441372151   1.452859078   1.464316384   1.475744771   1.487144917   1.498517478   1.509863088   1.521182359   1.532475884   1.543744238   1.554987975   1.566207634   1.577403735   1.588576784   1.599727271   1.610855671   
27.14572864   6.531435695e-13   8.4181966e-13   1.084999337e-12   1.398427261e-12   1.802396313e-12   2.323061455e-12   2.994133137e-12   3.859059871e-12   4.973841312e-12   6.410653947e-12   8.262524164e-12   1.064935124e-11   1.372567022e-11   1.769065727e-11   2.280102535e-11   2.938764508e-11   3.787696694e-11   4.88186318e-11   6.292105739e-11   8.10973048e-11   1.045241946e-10   1.347184999e-10   1.736351502e-10   2.237938026e-10   2.884419775e-10   3.717653189e-10   4.791585937e-10   6.17574976e-10   7.959762299e-10   1.025912939e-09   1.322272347e-09   1.704242234e-09   2.196553228e-09   2.831079987e-09   3.648904923e-09   4.702978083e-09   6.061545394e-09   7.812567244e-09   1.006941347e-08   1.297820349e-08   1.672726678e-08   2.155933625e-08   2.778726399e-08   3.581427679e-08   4.616008305e-08   5.949452117e-08   7.668092811e-08   9.883203591e-08   1.273820151e-07   1.641793294e-07   2.116064137e-07   2.727339228e-07   3.515195384e-07   4.530642045e-07   5.839423805e-07   7.526276921e-07   9.700415356e-07   1.250260149e-06   1.611425922e-06   2.07692193e-06   2.676885715e-06   3.450160283e-06   4.446808564e-06   5.73135402e-06   7.386957031e-06   9.520797148e-06   1.227100916e-05   1.58156212e-05   2.038407217e-05   2.627205175e-05   3.386062e-05   4.364083775e-05   5.624549174e-05   7.248995044e-05   9.342476593e-05   0.0001204033777   0.0001551692198   0.0001999677334   0.0002576903117   0.0003320591198   0.0004278641334   0.0005512667133   0.0007101876677   0.0009148021152   0.001178168556   0.001517025267   0.001952793096   0.00251282922   0.003231979949   0.004154479727   0.005336233942   0.006847498319   0.008775918054   0.0112298021   0.01434136626   0.01826946785   0.02320106931   0.02935032867   0.03695389601   0.04626085081   0.05751599402   0.07093619864   0.08668139309   0.1048242875   0.125325324   0.1480201961   0.172625446   0.1987630908   0.2259995763   0.253890213   0.2820194959   0.3100303333   0.3376395   0.364640526   0.3908974975   0.4163337696   0.4409189485   0.4646564091   0.4875725569   0.5097082668   0.5311124477   0.5518374471   0.5719359283   0.5914588647   0.6104543455   0.6289669479   0.6470374912   0.664703038   0.6819970471   0.6989496112   0.7155877367   0.7319356362   0.7480150159   0.7638453475   0.7794441198   0.7948270662   0.8100083686   0.8250008395   0.8398160811   0.8544646264   0.8689560626   0.8832991383   0.897501858   0.9115715642   0.9255150089   0.939338417   0.9530475403   0.9666477065   0.9801438609   0.9935406036   1.006842223   1.020052722   1.033175849   1.046215114   1.059173814   1.072055049   1.084861738   1.097596634   1.110262336   1.122861302   1.135395859   1.147868212   1.160280454   1.172634572   1.184932456   1.197175905   1.209366633   1.221506272   1.233596381   1.24563845   1.257633901   1.269584096   1.281490336   1.29335387   1.305175894   1.316957555   1.328699954   1.340404147   1.352071151   1.363701942   1.37529746   1.386858607   1.398386256   1.409881244   1.421344379   1.432776441   1.444178182   1.455550327   1.466893577   1.478208609   1.489496077   1.500756612   1.511990828   1.523199314   1.534382644   1.545541373   1.556676036   1.567787154   1.578875232   1.589940757   
27.39949749   5.043407715e-13   6.500316265e-13   8.37808758e-13   1.07982979e-12   1.391764368e-12   1.793808684e-12   2.311993085e-12   2.979867404e-12   3.840673141e-12   4.950143136e-12   6.380109989e-12   8.223156856e-12   1.059861175e-11   1.366027341e-11   1.760636904e-11   2.269238845e-11   2.924762583e-11   3.769649979e-11   4.85860324e-11   6.262126611e-11   8.071091166e-11   1.040261826e-10   1.340766253e-10   1.728078548e-10   2.227275232e-10   2.870676779e-10   3.6999402e-10   4.768756129e-10   6.146325017e-10   7.921837518e-10   1.021024913e-09   1.315972298e-09   1.696122266e-09   2.186087614e-09   2.817591131e-09   3.63151949e-09   4.680570453e-09   6.032664785e-09   7.775343783e-09   1.002143713e-08   1.291636804e-08   1.664756868e-08   2.145661546e-08   2.765486985e-08   3.564363745e-08   4.594015047e-08   5.921105584e-08   7.631557708e-08   9.836114455e-08   1.267750956e-07   1.633970868e-07   2.105982018e-07   2.714344651e-07   3.498447018e-07   4.50905552e-07   5.811601508e-07   7.490417508e-07   9.654197124e-07   1.244303207e-06   1.603748183e-06   2.067026306e-06   2.664131526e-06   3.433721779e-06   4.425621466e-06   5.704046623e-06   7.351761407e-06   9.475434704e-06   1.221254315e-05   1.574026665e-05   2.028695092e-05   2.614687681e-05   3.369928878e-05   4.343290795e-05   5.597750606e-05   7.214456667e-05   9.297963632e-05   0.0001198297059   0.0001544299022   0.0001990149678   0.0002564625187   0.0003304769844   0.0004258255164   0.000548640116   0.0007068038468   0.0009104433382   0.001172554858   0.001509796905   0.001943488227   0.002500855589   0.003216579156   0.004134682434   0.005310804141   0.006814864766   0.008734091108   0.01117627477   0.01427299951   0.01818236243   0.02309042995   0.02921033163   0.03677757777   0.04604004284   0.05724133514   0.07059725768   0.08626692757   0.1043226453   0.1247249648   0.1473102738   0.1717963702   0.1978069764   0.2249105154   0.252664341   0.28065487   0.308526674   0.3359978586   0.3628629359   0.3889866521   0.4142927498   0.4387510101   0.4623648256   0.485160512   0.5071787858   0.5284683584   0.5490813619   0.5690702409   0.5884857559   0.6073757949   0.6257847482   0.6437532644   0.6613182513   0.6785130283   0.6953675632   0.7119087508   0.7281607039   0.7441450398   0.7598811512   0.7753864559   0.790676624   0.805765781   0.8206666884   0.8353909029   0.8499489164   0.8643502787   0.8786037052   0.8927171696   0.9066979869   0.9205528838   0.934288062   0.9479092524   0.9614217632   0.9748305218   0.988140112   1.001354806   1.014478596   1.027515213   1.040468158   1.053340716   1.066135976   1.078856847   1.091506075   1.104086248   1.116599817   1.129049102   1.141436301   1.1537635   1.16603268   1.178245726   1.19040443   1.202510501   1.214565567   1.226571183   1.238528833   1.250439937   1.26230585   1.274127873   1.285907249   1.297645172   1.309342785   1.321001185   1.332621429   1.344204528   1.355751456   1.367263151   1.378740513   1.390184412   1.401595684   1.412975134   1.424323541   1.435641655   1.446930199   1.458189872   1.46942135   1.480625285   1.491802308   1.50295303   1.51407804   1.52517791   1.536253193   1.547304425   1.558332124   1.569336795   
27.65326633   3.894566258e-13   5.019604565e-13   6.469637007e-13   8.338545887e-13   1.074733365e-12   1.385195718e-12   1.785342524e-12   2.301081273e-12   2.965803454e-12   3.822546484e-12   4.926780163e-12   6.349998063e-12   8.184346382e-12   1.054858994e-11   1.359580162e-11   1.752327303e-11   2.258528818e-11   2.910958709e-11   3.751858527e-11   4.835672303e-11   6.232571526e-11   8.032998391e-11   1.035352148e-10   1.334438297e-10   1.719922611e-10   2.216763259e-10   2.857128171e-10   3.682477754e-10   4.746249239e-10   6.117316476e-10   7.884449168e-10   1.016206026e-09   1.309761361e-09   1.688117152e-09   2.175770032e-09   2.804293069e-09   3.614379966e-09   4.658479769e-09   6.004192681e-09   7.738646833e-09   9.974139389e-09   1.285540722e-08   1.656899788e-08   2.135534761e-08   2.752434837e-08   3.547541173e-08   4.572332875e-08   5.893160001e-08   7.595539379e-08   9.789691376e-08   1.261767607e-07   1.626259087e-07   2.096042507e-07   2.701533878e-07   3.48193555e-07   4.487774328e-07   5.784172746e-07   7.455065311e-07   9.608632631e-07   1.238430523e-06   1.596179042e-06   2.057270651e-06   2.65155774e-06   3.417515791e-06   4.404734051e-06   5.677125478e-06   7.317063611e-06   9.430713894e-06   1.215490412e-05   1.566597796e-05   2.019120341e-05   2.602347242e-05   3.354023953e-05   4.322791923e-05   5.571331094e-05   7.180406822e-05   9.254080292e-05   0.0001192641484   0.0001537010421   0.0001980756787   0.0002552520925   0.0003289172279   0.0004238157352   0.0005460506716   0.0007034678898   0.0009061462162   0.001167020565   0.001502670791   0.001934314981   0.002489051333   0.003201396226   0.004115165206   0.005285734099   0.006782692908   0.008692855964   0.01112350485   0.01420560025   0.01809648986   0.02298135679   0.02907231683   0.03660375672   0.04582236327   0.05697056929   0.0702631234   0.0858583436   0.1038281274   0.1241331395   0.1466104538   0.170979107   0.1968645041   0.2238370183   0.2514560187   0.2793098176   0.307044627   0.3343798643   0.36111101   0.3871034605   0.4122813406   0.4366146029   0.4601066573   0.4827837304   0.504686382   0.5258631283   0.5463658886   0.5662468913   0.5855566867   0.6043429641   0.6226499293   0.6405180621   0.6579841175   0.6750812771   0.6918393854   0.7082852268   0.7244428157   0.7403336816   0.7559771387   0.7713905351   0.7865894782   0.8015880377   0.8163989247   0.8310336509   0.8455026674   0.8598154876   0.8739807932   0.8880065283   0.90189998   0.9156678503   0.9293163179   0.942851093   0.9562774644   0.9696003419   0.9828242932   0.9959535757   1.008992166   1.021943785   1.03481192   1.047599845   1.060310639   1.072947202   1.085512269   1.098008422   1.110438103   1.122803624   1.135107176   1.14735084   1.15953659   1.171666305   1.183741772   1.195764695   1.207736697   1.219659329   1.231534069   1.243362334   1.255145476   1.266884791   1.278581519   1.290236851   1.301851927   1.313427841   1.324965646   1.336466351   1.347930929   1.359360314   1.370755405   1.382117068   1.393446138   1.404743418   1.416009685   1.427245687   1.438452146   1.449629759   1.4607792   1.47190112   1.482996149   1.494064895   1.505107948   1.516125877   1.527119235   1.538088556   1.549034358   
27.90703518   3.00755338e-13   3.876356871e-13   4.996134962e-13   6.43938765e-13   8.299558283e-13   1.069708355e-12   1.378719114e-12   1.776994998e-12   2.290322365e-12   2.951936579e-12   3.804673832e-12   4.903744569e-12   6.320308089e-12   8.146079751e-12   1.049926908e-11   1.353223325e-11   1.744134142e-11   2.247968868e-11   2.897348265e-11   3.734316382e-11   4.813062692e-11   6.20343059e-11   7.995439401e-11   1.030511268e-10   1.328199014e-10   1.711880962e-10   2.206398587e-10   2.843769417e-10   3.665260006e-10   4.724057734e-10   6.088714425e-10   7.847584733e-10   1.011454666e-09   1.303637457e-09   1.680224212e-09   2.165597028e-09   2.791181351e-09   3.597480615e-09   4.636698637e-09   5.976119551e-09   7.70246411e-09   9.927504424e-09   1.279530063e-08   1.649152807e-08   2.125549881e-08   2.739565586e-08   3.530954333e-08   4.550954531e-08   5.865606013e-08   7.560025767e-08   9.743918813e-08   1.255868102e-07   1.61865537e-07   2.086242276e-07   2.688902618e-07   3.465655454e-07   4.466791344e-07   5.757128337e-07   7.420208497e-07   9.563706623e-07   1.232640132e-06   1.588715966e-06   2.047651701e-06   2.639160147e-06   3.401536893e-06   4.384139326e-06   5.650581573e-06   7.282852028e-06   9.386619747e-06   1.209807277e-05   1.559273026e-05   2.00967976e-05   2.590179727e-05   3.3383419e-05   4.302580298e-05   5.545281793e-05   7.146834111e-05   9.210811881e-05   0.000118706516   0.0001529823953   0.0001971495518   0.0002540586279   0.0003273793282   0.0004218341171   0.0005434975132   0.00070017868   0.0009019093107   0.001161563827   0.001495644538   0.001925270286   0.002477412503   0.003186426074   0.004095921506   0.00526101542   0.006750971972   0.00865219881   0.01107147467   0.01413914591   0.01801182134   0.02287381326   0.02893623796   0.03643237454   0.04560773897   0.05670360546   0.06993368341   0.08545550353   0.1033405667   0.1235496482   0.1459204992   0.170173379   0.195935353   0.2227787183   0.2502648321   0.2779838763   0.3055836804   0.332784956   0.3593841381   0.3852472641   0.4102988352   0.4345089729   0.4578811034   0.480441365   0.5022301626   0.5232958196   0.5436900448   0.5634648533   0.5826705876   0.6013547404   0.6195613356   0.6373306862   0.6546993961   0.671700511   0.6883637534   0.7047157986   0.7207805639   0.736579492   0.7521318197   0.7674548257   0.782564056   0.7974735247   0.8121958933   0.8267426289   0.8411241425   0.8553499111   0.8694285835   0.883368074   0.8971756426   0.9108579666   0.9244212021   0.9378710384   0.9512127456   0.964451216   0.9775910009   0.9906363431   1.003591205   1.016459296   1.02924409   1.041948851   1.054576647   1.06713037   1.079612743   1.092026343   1.104373602   1.116656826   1.128878199   1.141039795   1.153143582   1.165191433   1.17718513   1.189126372   1.201016777   1.212857891   1.224651189   1.236398083   1.248099922   1.259757997   1.271373547   1.282947756   1.294481764   1.305976662   1.317433498   1.328853281   1.34023698   1.351585526   1.362899816   1.374180716   1.385429056   1.39664564   1.40783124   1.418986604   1.430112452   1.44120948   1.452278359   1.46331974   1.474334251   1.485322499   1.496285072   1.507222538   1.518135448   1.529024337   
28.16080402   2.322664405e-13   2.993621388e-13   3.858400292e-13   4.972991197e-13   6.409558257e-13   8.261111958e-13   1.064753109e-12   1.372332427e-12   1.768763364e-12   2.279712827e-12   2.938262224e-12   3.787049313e-12   4.881028787e-12   6.291030312e-12   8.10834439e-12   1.045063296e-11   1.346954743e-11   1.736054731e-11   2.237555526e-11   2.883926781e-11   3.717017782e-11   4.790766979e-11   6.174694229e-11   7.958401856e-11   1.025737595e-10   1.322046352e-10   1.703950958e-10   2.196177812e-10   2.830596128e-10   3.648281298e-10   4.702174321e-10   6.060509467e-10   7.811232101e-10   1.00676927e-09   1.297598573e-09   1.672440853e-09   2.15556526e-09   2.778251667e-09   3.580815884e-09   4.615219901e-09   5.94843617e-09   7.666783724e-09   9.881516909e-09   1.273602853e-08   1.641513381e-08   2.115703624e-08   2.726875003e-08   3.514597773e-08   4.52987299e-08   5.838434568e-08   7.525005203e-08   9.698781728e-08   1.250050501e-07   1.611157218e-07   2.076578105e-07   2.676446724e-07   3.449601381e-07   4.446099675e-07   5.730459396e-07   7.385835613e-07   9.519404339e-07   1.226930131e-06   1.581356503e-06   2.038166294e-06   2.626934675e-06   3.385779837e-06   4.363830526e-06   5.624406187e-06   7.249115417e-06   9.343137776e-06   1.204203043e-05   1.552049949e-05   2.000370245e-05   2.578181139e-05   3.322877567e-05   4.282649278e-05   5.519594145e-05   7.113727504e-05   9.168144183e-05   0.0001181566254   0.0001522737259   0.0001962362828   0.0002528817327   0.0003258627799   0.0004198800108   0.0005409798018   0.0006969351365   0.0008977312296   0.00115618285   0.001488715839   0.001916351171   0.002465935271   0.00317166378   0.004076945011   0.005236639982   0.006719691529   0.00861210628   0.01102016711   0.01407361462   0.01792832904   0.02276776399   0.02880205023   0.03626337476   0.04539609923   0.05644035557   0.06960882893   0.08505827418   0.102859802   0.1229742974   0.1452401805   0.1693789177   0.1950192127   0.2217352609   0.2490903808   0.2766765986   0.3041433396   0.3312125914   0.3576817304   0.383417426   0.4083445502   0.4324333906   0.4556873891   0.4781325967   0.4998092647   0.5207655259   0.5410528814   0.5607231351   0.5798264245   0.5984100483   0.6165178502   0.6341899787   0.6514628885   0.6683694908   0.6849393875   0.7011991465   0.7171725888   0.7328810713   0.7483437542   0.7635778483   0.7785988381   0.793420683   0.8080559958   0.822516199   0.8368116642   0.8509518322   0.8649453196   0.8788000109   0.8925231394   0.9061213579   0.9196008002   0.9329671351   0.9462256138   0.9593811113   0.9724381631   0.9854009972   0.9982735627   1.011059555   1.023762438   1.036385464   1.048931691   1.061404001   1.07380511   1.086137583   1.098403849   1.110606203   1.122746823   1.134827778   1.146851028   1.158818442   1.170731797   1.182592785   1.19440302   1.206164044   1.217877329   1.22954428   1.241166244   1.252744508   1.264280307   1.275774824   1.287229193   1.298644504   1.310021802   1.321362093   1.332666343   1.343935481   1.355170404   1.366371971   1.377541015   1.388678334   1.399784701   1.410860861   1.421907533   1.43292541   1.443915163   1.45487744   1.465812869   1.476722055   1.487605584   1.498464025   1.509297926   
28.41457286   1.793816899e-13   2.312003673e-13   2.97988105e-13   3.840690729e-13   4.950165806e-13   6.380139207e-13   8.223194514e-13   1.059866028e-12   1.366033597e-12   1.760644967e-12   2.269249238e-12   2.924775977e-12   3.769667242e-12   4.858625491e-12   6.26215529e-12   8.07112813e-12   1.04026659e-11   1.340772394e-11   1.728086462e-11   2.227285433e-11   2.870689927e-11   3.699957147e-11   4.768777973e-11   6.146353174e-11   7.921873812e-11   1.021029591e-10   1.315978329e-10   1.696130041e-10   2.186097638e-10   2.817604055e-10   3.631536154e-10   4.680591944e-10   6.032692506e-10   7.775379547e-10   1.002148328e-09   1.291642762e-09   1.664764564e-09   2.145671492e-09   2.765499848e-09   3.564380398e-09   4.594036634e-09   5.921133611e-09   7.631594171e-09   9.836162014e-09   1.267757179e-08   1.633979045e-08   2.105992816e-08   2.714358997e-08   3.49846622e-08   4.509081454e-08   5.811636902e-08   7.490466395e-08   9.654265564e-08   1.24431293e-07   1.603762213e-07   2.067046878e-07   2.664162176e-07   3.433768153e-07   4.425692647e-07   5.704157322e-07   7.351935574e-07   9.475711493e-07   1.221298679e-06   1.574098279e-06   2.028811371e-06   2.614877381e-06   3.37023954e-06   4.3438011e-06   5.598590879e-06   7.215842898e-06   9.300253958e-06   1.198675904e-05   1.544926235e-05   1.991188796e-05   2.566347607e-05   3.307625967e-05   4.262992437e-05   5.494259865e-05   7.081076324e-05   9.126063439e-05   0.0001176142993   0.0001515748052   0.0001953355771   0.0002517210274   0.000324367094   0.0004179527863   0.0005384967256   0.0006937362134   0.0008936106252   0.001150875898   0.001481882458   0.001907554757   0.002454615938   0.003157104583   0.004058229598   0.005212599919   0.006688841489   0.008572565437   0.01096956562   0.01400898523   0.017845986   0.02266317471   0.02866971027   0.03609670276   0.04518737557   0.05618073439   0.06928845465   0.08466652664   0.1023856769   0.1224068996   0.1445692758   0.1685954634   0.1941157828   0.2207063028   0.2479322771   0.2753875516   0.3027231256   0.3296622455   0.3560032161   0.38161333   0.4064178245   0.4303871507   0.4535247656   0.4758566333   0.4974228535   0.5182713705   0.5384534802   0.5580207778   0.5770231981   0.5955078481   0.6135183936   0.6310948206   0.6482734361   0.6650870186   0.6815650511   0.6977339949   0.713617576   0.7292370666   0.7446115513   0.7597581732   0.7746923565   0.7894280067   0.8039776878   0.8183527788   0.8325636118   0.8466195924   0.8605293047   0.8743006042   0.8879406976   0.9014562135   0.9148532635   0.9281374962   0.941314144   0.954388065   0.9673637788   0.9802454989   0.9930371608   1.005742447   1.018364811   1.030907493   1.043373542   1.055765829   1.068087062   1.080339799   1.09252646   1.104649333   1.11671059   1.128712292   1.140656395   1.152544761   1.164379162   1.176161285   1.18789274   1.199575063   1.211209723   1.222798121   1.234341599   1.245841442   1.257298882   1.268715096   1.280091218   1.291428333   1.302727484   1.313989675   1.325215869   1.336406992   1.347563939   1.358687569   1.369778709   1.380838159   1.391866687   1.402865038   1.413833929   1.424774051   1.435686074   1.446570645   1.457428388   1.46825991   1.479065794   1.489846607   
28.66834171   1.385440718e-13   1.785658297e-13   2.301488264e-13   2.966328015e-13   3.823222577e-13   4.927651561e-13   6.351121185e-13   8.185793945e-13   1.055045567e-12   1.35982063e-12   1.752637236e-12   2.258928284e-12   2.911473569e-12   3.752522117e-12   4.836527588e-12   6.23367388e-12   8.034419187e-12   1.03553527e-11   1.334674319e-11   1.720226814e-11   2.217155338e-11   2.857633513e-11   3.683129076e-11   4.747088713e-11   6.118398454e-11   7.885843705e-11   1.016385765e-10   1.309993023e-10   1.688415737e-10   2.176154872e-10   2.804789084e-10   3.615019275e-10   4.65930377e-10   6.005254735e-10   7.740015722e-10   9.975903772e-10   1.285768138e-09   1.657192915e-09   2.135912592e-09   2.752921857e-09   3.548168955e-09   4.573142129e-09   5.89420323e-09   7.596884307e-09   9.791425379e-09   1.261991191e-08   1.626547414e-08   2.096414381e-08   2.702013604e-08   3.482554566e-08   4.48857334e-08   5.785204531e-08   7.456398406e-08   9.610356226e-08   1.238653571e-07   1.596468014e-07   2.057645577e-07   2.652045087e-07   3.418150757e-07   4.4055638e-07   5.678213788e-07   7.318497647e-07   9.432614251e-07   1.215743993e-06   1.566938997e-06   2.019583971e-06   2.602984447e-06   3.354911082e-06   4.324044708e-06   5.573127475e-06   7.183023938e-06   9.257954715e-06   1.193224108e-05   1.537899628e-05   1.982132505e-05   2.554675386e-05   3.292582271e-05   4.243603551e-05   5.469270934e-05   7.048870233e-05   9.084556325e-05   0.0001170793661   0.000150885412   0.0001944471495   0.0002505761446   0.0003228917969   0.0004160518334   0.0005360474983   0.0006905808978   0.000889546193   0.001145641291   0.001475142231   0.00189887826   0.002443450918   0.003142743872   0.004039769342   0.005188887619   0.006658412079   0.008533563755   0.01091965417   0.01394523727   0.0177647661   0.02256001226   0.02853917612   0.03593230564   0.04498150169   0.05592465941   0.06897245865   0.08428013612   0.1019180402   0.1218472737   0.1439075704   0.1678227646   0.1932247726   0.219691512   0.2467901462   0.2741163163   0.301322575   0.3281334104   0.3543480431   0.37983438   0.4045180186   0.4283695707   0.451392508   0.4736127084   0.4950701217   0.5158125057   0.5358909533   0.5553568538   0.5742599416   0.5926471342   0.6105619218   0.6280441295   0.6451299187   0.6618519366   0.6782395485   0.6943191107   0.7101142551   0.7256461703   0.7409338661   0.7559944187   0.7708431927   0.7854940401   0.7999594768   0.8142508389   0.8283784194   0.8423515887   0.8561788993   0.8698681777   0.8834266043   0.8968607837   0.9101768056   0.9233802986   0.9364764767   0.9494701809   0.9623659152   0.9751678786   0.9878799933   1.00050593   1.013049129   1.025512821   1.037900045   1.050213663   1.062456374   1.074630727   1.086739135   1.09878388   1.110767126   1.122690927   1.134557234   1.146367904   1.158124703   1.169829313   1.181483339   1.193088315   1.204645702   1.216156899   1.227623245   1.23904602   1.250426453   1.261765719   1.273064946   1.28432522   1.295547579   1.306733024   1.317882517   1.328996981   1.340077309   1.351124356   1.36213895   1.373121886   1.384073934   1.394995833   1.405888301   1.416752026   1.427587678   1.438395902   1.44917732   1.459932537   1.470662136   
28.92211055   1.070078517e-13   1.379196207e-13   1.77760991e-13   2.291114909e-13   2.952958069e-13   3.805990404e-13   4.905441463e-13   6.322495172e-13   8.148898625e-13   1.050290226e-12   1.353691595e-12   1.744737684e-12   2.248746757e-12   2.898350866e-12   3.735608608e-12   4.814728208e-12   6.20557723e-12   7.998206148e-12   1.030867867e-11   1.328658625e-11   1.712473343e-11   2.207162092e-11   2.844753479e-11   3.666528338e-11   4.725692455e-11   6.090821377e-11   7.850300332e-11   1.011804673e-10   1.304088573e-10   1.680805645e-10   2.166346425e-10   2.792147233e-10   3.598725523e-10   4.63830318e-10   5.978187624e-10   7.70512963e-10   9.930940002e-10   1.279972876e-09   1.649723552e-09   2.126285526e-09   2.740513784e-09   3.532176513e-09   4.55252989e-09   5.867636654e-09   7.562643343e-09   9.747293096e-09   1.256303097e-08   1.619216178e-08   2.086965343e-08   2.689834986e-08   3.466857865e-08   4.468342273e-08   5.759129239e-08   7.422790645e-08   9.567040065e-08   1.233070664e-07   1.589272353e-07   2.048371279e-07   2.640091689e-07   3.402744339e-07   4.385706876e-07   5.652620727e-07   7.285511437e-07   9.390099213e-07   1.210264345e-06   1.559876429e-06   2.010481225e-06   2.591252176e-06   3.339789698e-06   4.304555207e-06   5.548008059e-06   7.150648332e-06   9.216226898e-06   1.18784596e-05   1.530967945e-05   1.973198556e-05   2.543160846e-05   3.277741802e-05   4.224476591e-05   5.444619581e-05   7.017099219e-05   9.043609936e-05   0.0001165516593   0.0001502053319   0.0001935707239   0.0002494467282   0.00032143643   0.0004141765609   0.0005336313585   0.0006874682087   0.0008855366693   0.001140477402   0.001468493063   0.001890318983   0.00243243674   0.003128577182   0.0040215585   0.005165495706   0.006628393835   0.008495089103   0.01087041723   0.01388235089   0.01768464408   0.02245824452   0.0284104071   0.03577013216   0.0447784134   0.05567205069   0.06866074219   0.08389898178   0.1014567454   0.1212952439   0.1432548561   0.1670605777   0.1923459005   0.2186905668   0.2456636246   0.2728624871   0.2999412393   0.3266255945   0.3527156768   0.3780799988   0.4026445132   0.42637999   0.4492899149   0.4714000804   0.4927502879   0.5133881109   0.5333644416   0.5527304659   0.5715357199   0.589826934   0.6076474249   0.6250368587   0.6420312527   0.6586631246   0.6749617235   0.6909533014   0.7066613977   0.722107118   0.7373093983   0.7522852488   0.767049975   0.7816173759   0.7959999202   0.810208901   0.8242545731   0.838146272   0.8518925188   0.8655011112   0.8789792039   0.8923333776   0.9055697003   0.9186937808   0.9317108147   0.9446256264   0.9574427042   0.970166233   0.9828001216   0.9953480282   1.007813382   1.020199403   1.032509121   1.044745387   1.056910893   1.069008181   1.081039652   1.093007585   1.104914136   1.116761353   1.128551181   1.140285471   1.151965984   1.163594397   1.175172312   1.186701256   1.198182687   1.209618   1.221008531   1.232355555   1.243660299   1.254923934   1.266147586   1.277332336   1.288479221   1.29958924   1.31066335   1.321702475   1.332707503   1.343679288   1.354618656   1.3655264   1.376403288   1.387250058   1.398067424   1.408856076   1.41961668   1.430349879   1.441056295   1.451736532   
29.1758794   8.2653431e-14   1.065298449e-13   1.373035302e-13   1.769669281e-13   2.280880441e-13   2.939767131e-13   3.788988948e-13   4.883528732e-13   6.294252426e-13   8.112497289e-13   1.045598553e-12   1.347644621e-12   1.736943896e-12   2.238701548e-12   2.885403859e-12   3.718921549e-12   4.793220695e-12   6.177856759e-12   7.962477959e-12   1.026262954e-11   1.322723473e-11   1.704823681e-11   2.197302643e-11   2.832045893e-11   3.650149863e-11   4.704582667e-11   6.063613524e-11   7.815232841e-11   1.007284916e-10   1.298263176e-10   1.673297444e-10   2.1566693e-10   2.779674641e-10   3.582649925e-10   4.617583762e-10   5.951482908e-10   7.670710621e-10   9.886578241e-10   1.274255204e-09   1.642354196e-09   2.116787354e-09   2.728271839e-09   3.516398191e-09   4.532193623e-09   5.841425772e-09   7.528860823e-09   9.703751691e-09   1.250691159e-08   1.611983099e-08   2.077642816e-08   2.677819425e-08   3.451371323e-08   4.448382075e-08   5.733403063e-08   7.389632851e-08   9.524303855e-08   1.227562506e-07   1.582173033e-07   2.039221152e-07   2.628298333e-07   3.387544193e-07   4.366115812e-07   5.627370327e-07   7.252966872e-07   9.348153401e-07   1.204858063e-06   1.552908422e-06   2.001500354e-06   2.579676986e-06   3.324870771e-06   4.285326647e-06   5.523224962e-06   7.118706197e-06   9.175057765e-06   1.18253982e-05   1.524129069e-05   1.964384222e-05   2.531800472e-05   3.26310003e-05   4.205605719e-05   5.42029828e-05   6.98575358e-05   9.003211771e-05   0.000116031018   0.0001495343573   0.0001927060326   0.0002483324334   0.0003200005489   0.0004123263965   0.0005312475684   0.0006843971956   0.0008815808298   0.001135382653   0.001461932924   0.001881874311   0.00242157004   0.003114600187   0.004003591513   0.005142417036   0.006598777589   0.008457129726   0.01082183974   0.01382030688   0.01760559544   0.02235784037   0.02828336383   0.03561013268   0.0445780485   0.0554228308   0.06835320966   0.08352294651   0.1010016506   0.1207506402   0.1426109314   0.1663086669   0.1914788938   0.2177031557   0.2445523609   0.2716256711   0.2985786839   0.3251383216   0.3511055993   0.3763496276   0.4007967089   0.4244177693   0.4472163075   0.4692180316   0.490462596   0.5109973921   0.5308731138   0.5501407456   0.568849628   0.5870463064   0.6047739258   0.6220719952   0.63897639   0.6555194993   0.6717304574   0.6876354136   0.7032578155   0.7186186868   0.7337368904   0.7486293713   0.7633113767   0.7777966532   0.7920976225   0.8062255356   0.8201906091   0.8340021442   0.8476686308   0.8611978384   0.8745968958   0.8878723604   0.9010302787   0.9140762396   0.9270154209   0.9398526301   0.9525923404   0.9652387223   0.9777956717   0.9902668344   1.002655629   1.014965264   1.027198759   1.039358958   1.051448542   1.063470045   1.075425864   1.087318267   1.099149405   1.11092132   1.122635951   1.134295143   1.145900652   1.157454151   1.168957236   1.180411429   1.191818187   1.203178899   1.214494896   1.225767453   1.23699779   1.248187077   1.259336437   1.270446947   1.281519643   1.292555519   1.303555532   1.314520602   1.325451615   1.336349424   1.347214852   1.358048691   1.368851705   1.379624632   1.390368185   1.40108305   1.411769894   1.422429357   1.433062061   
29.42964824   6.384448076e-14   8.228748102e-14   1.060581816e-13   1.366956157e-13   1.76183403e-13   2.27078179e-13   2.926751244e-13   3.772213112e-13   4.861906796e-13   6.266384478e-13   8.076579019e-13   1.040969141e-12   1.341677893e-12   1.729253537e-12   2.228789645e-12   2.872628667e-12   3.702455938e-12   4.771998599e-12   6.150504155e-12   7.927223904e-12   1.021719151e-11   1.316867084e-11   1.697275535e-11   2.187574035e-11   2.819506944e-11   3.63398874e-11   4.683753019e-11   6.036766735e-11   7.780630717e-11   1.002825138e-10   1.292515086e-10   1.665888881e-10   2.147120597e-10   2.767367567e-10   3.56678766e-10   4.597139303e-10   5.92513258e-10   7.636748373e-10   9.842805187e-10   1.26861341e-09   1.635082634e-09   2.107415229e-09   2.716192352e-09   3.500829257e-09   4.512127231e-09   5.815562725e-09   7.495526618e-09   9.660788106e-09   1.245153695e-08   1.604846006e-08   2.068444004e-08   2.665963317e-08   3.436090296e-08   4.42868676e-08   5.708018288e-08   7.35691508e-08   9.482134779e-08   1.222127445e-07   1.575167925e-07   2.030192453e-07   2.616661481e-07   3.372545763e-07   4.346784733e-07   5.602455014e-07   7.220854193e-07   9.306764234e-07   1.199523526e-06   1.546032883e-06   1.992638665e-06   2.568255405e-06   3.310149827e-06   4.266353262e-06   5.498770751e-06   7.087187953e-06   9.134434972e-06   1.177304096e-05   1.517380949e-05   1.955686859e-05   2.520590856e-05   3.248652562e-05   4.186985275e-05   5.396299738e-05   6.954823918e-05   8.963349716e-05   0.0001155172858   0.0001488722869   0.0001918528163   0.0002472329262   0.000318583723   0.0004105007851   0.0005288954132   0.0006813669376   0.0008776774882   0.001130355518   0.001455459846   0.001873541711   0.002410847559   0.003100808694   0.00398586299   0.005119644687   0.006569554453   0.008419674235   0.01077390715   0.01375908661   0.01752759644   0.02225876966   0.02815800813   0.03545225911   0.04438034671   0.05517692482   0.06804976836   0.08315191687   0.1005526183   0.1202132977   0.1419756011   0.1655668036   0.1906234883   0.2167289769   0.2434560141   0.2704054877   0.297234488   0.3236711304   0.3495173095   0.3746427252   0.3989740253   0.4224822891   0.4451710281   0.4670658666   0.4882063137   0.5086395804   0.5284161648   0.5475868522   0.5662007899   0.5843043402   0.6019404786   0.619148559   0.6359643159   0.652420012   0.6685446677   0.6843643309   0.6999023585   0.7151796932   0.7302151256   0.7450255363   0.7596261145   0.7740305554   0.788251234   0.8022993597   0.8161851115   0.8299177563   0.8435057534   0.8569568442   0.8702781321   0.8834761512   0.8965569267   0.9095260281   0.9223886152   0.9351494792   0.9478130779   0.9603835678   0.9728648319   0.9852605038   0.9975739905   1.009808491   1.021967015   1.034052396   1.046067309   1.058014278   1.069895693   1.081713816   1.09347079   1.105168652   1.116809334   1.128394677   1.139926431   1.151406264   1.162835768   1.174216461   1.185549794   1.196837154   1.208079867   1.219279206   1.230436386   1.241552575   1.252628893   1.263666414   1.274666171   1.285629155   1.296556322   1.307448588   1.318306838   1.329131923   1.339924663   1.350685848   1.361416242   1.37211658   1.382787573   1.393429906   1.404044244   1.414631226   
29.68341709   4.931769406e-14   6.356428568e-14   8.192634492e-14   1.055927227e-13   1.360956979e-13   1.754101847e-13   2.260815981e-13   2.913906574e-13   3.755657953e-13   4.840569284e-13   6.238883117e-13   8.041133235e-13   1.036400626e-12   1.335789654e-12   1.72166434e-12   2.219008128e-12   2.860021525e-12   3.686206923e-12   4.751055669e-12   6.12351136e-12   7.892433596e-12   1.017235119e-11   1.311087733e-11   1.68982668e-11   2.177973401e-11   2.807132939e-11   3.618040208e-11   4.663197373e-11   6.0102731e-11   7.746483765e-11   9.98424027e-11   1.286842609e-10   1.658577773e-10   2.137697502e-10   2.755222386e-10   3.551134054e-10   4.57696378e-10   5.899128876e-10   7.603232879e-10   9.799607944e-10   1.26304583e-09   1.627906727e-09   2.09816639e-09   2.704271765e-09   3.485465124e-09   4.492324801e-09   5.790039891e-09   7.462630906e-09   9.618389684e-09   1.239689073e-08   1.597802798e-08   2.059366198e-08   2.65426317e-08   3.421010284e-08   4.409250527e-08   5.682967436e-08   7.324627694e-08   9.440520414e-08   1.216763879e-07   1.568254966e-07   2.021282522e-07   2.605177706e-07   3.357744629e-07   4.327707944e-07   5.577867449e-07   7.189163938e-07   9.265919519e-07   1.194259162e-06   1.539247789e-06   1.983893545e-06   2.556984069e-06   3.295622529e-06   4.24762946e-06   5.474638222e-06   7.056084314e-06   9.094346549e-06   1.172137244e-05   1.510721596e-05   1.947103905e-05   2.509528698e-05   3.234395143e-05   4.168609773e-05   5.372616884e-05   6.92430112e-05   8.924012025e-05   0.0001150103116   0.0001482189258   0.0001910108237   0.0002461478824   0.0003171855349   0.000408699189   0.0005265741998   0.0006783765419   0.0008738254943   0.001125394514   0.001449071922   0.00186531873   0.002400266138   0.003087198639   0.003968367706   0.005097171946   0.006540715816   0.008382711589   0.01072660531   0.01369867204   0.01745062409   0.02216100315   0.02803430301   0.03529646482   0.04418524962   0.05493425987   0.06775032849   0.08278578289   0.1001095153   0.1196830568   0.1413486758   0.1648347663   0.1897794278   0.2157677379   0.242374254   0.2692015681   0.2959082438   0.3222235742   0.3479503214   0.3729587674   0.3971759   0.4205729496   0.4431534401   0.4649429124   0.4859807319   0.5063139314   0.5259928151   0.5450679717   0.5635883573   0.5816001533   0.5991461677   0.6162656009   0.6329940484   0.6493636476   0.6654033067   0.6811389731   0.6965939139   0.7117889919   0.7267429264   0.7414725338   0.7559929466   0.7703178085   0.7844594488   0.7984290355   0.8122367103   0.8258917065   0.8394024528   0.852776663   0.8660214152   0.8791432205   0.8921480831   0.9050415532   0.9178287728   0.9305145168   0.943103228   0.955599049   0.9680058497   0.980327252   0.9925666518   1.004727238   1.016812009   1.028823792   1.040765251   1.052638905   1.064447133   1.076192193   1.08787622   1.099501246   1.111069197   1.122581907   1.134041122   1.145448507   1.156805646   1.168114055   1.17937518   1.190590404   1.201761052   1.212888389   1.22397363   1.235017939   1.246022432   1.256988182   1.267916218   1.278807529   1.289663068   1.30048375   1.311270457   1.322024037   1.33274531   1.343435062   1.354094056   1.364723026   1.37532268   1.385893703   1.396436757   
29.93718593   3.809770375e-14   4.910313369e-14   6.328774444e-14   8.156991815e-14   1.051333336e-13   1.355036033e-13   1.746470494e-13   2.25098013e-13   2.901229402e-13   3.739318678e-13   4.819510021e-13   6.211740383e-13   8.006149676e-13   1.031891687e-12   1.3299782e-12   1.714174109e-12   2.209354165e-12   2.847578785e-12   3.670169801e-12   4.730385841e-12   6.09687056e-12   7.858096966e-12   1.012809561e-11   1.305383747e-11   1.682474961e-11   2.168497962e-11   2.794920294e-11   3.60229965e-11   4.642909779e-11   5.984124952e-11   7.7127821e-11   9.940803076e-11   1.281244102e-10   1.651362005e-10   2.128397287e-10   2.743235582e-10   3.535684576e-10   4.557051352e-10   5.873464269e-10   7.570154438e-10   9.756974007e-10   1.257550854e-09   1.620824395e-09   2.089038158e-09   2.692506626e-09   3.470301343e-09   4.472780602e-09   5.764849884e-09   7.430164165e-09   9.57654415e-09   1.234295712e-08   1.590851436e-08   2.050406769e-08   2.642715597e-08   3.406126919e-08   4.390067748e-08   5.658243255e-08   7.292761346e-08   9.399448715e-08   1.211470255e-07   1.561432154e-07   2.012488779e-07   2.593843682e-07   3.343136506e-07   4.308879922e-07   5.553600513e-07   7.157886935e-07   9.225607433e-07   1.189063447e-06   1.532551174e-06   1.975262466e-06   2.545859715e-06   3.281284672e-06   4.229149824e-06   5.450820389e-06   7.025386277e-06   9.054780892e-06   1.16703777e-05   1.504149084e-05   1.938632877e-05   2.498610793e-05   3.220323646e-05   4.150473893e-05   5.349242863e-05   6.89417635e-05   8.885187313e-05   0.0001145099485   0.0001475740848   0.0001901798111   0.0002450769881   0.0003158055798   0.0004069210866   0.0005242832563   0.0006754251428   0.0008700237332   0.001120498206   0.001442767303   0.001857202985   0.002389822713   0.003073766081   0.003951100597   0.005074992306   0.006512253326   0.008346231082   0.01067992052   0.01363904565   0.01737465607   0.02206451251   0.02791221259   0.03514270462   0.04399270059   0.05469476551   0.06745480294   0.08242443796   0.09967221226   0.1191597624   0.1407299721   0.1641123403   0.1889464643   0.2148191552   0.2413067607   0.268013555   0.2945995561   0.3207952197   0.3464041644   0.371297246   0.3954017883   0.4186891695   0.4411629262   0.4628485165   0.4837851635   0.5040197237   0.5236023097   0.5425833156   0.5610115086   0.5789328914   0.5963901063   0.613422202   0.6300646365   0.6463494234   0.6623053598   0.6779582939   0.6933314043   0.7084454743   0.7233191528   0.7379691929   0.7524106708   0.7666571795   0.7807210028   0.7946132679   0.8083440796   0.821922638   0.8353573414   0.8486558764   0.861825296   0.8748720885   0.8878022373   0.9006212734   0.9133343214   0.92594614   0.938461157   0.9508835012   0.9632170299   0.975465353   0.9876318553   0.9997197154   1.011731923   1.023671295   1.035540488   1.047342013   1.059078242   1.070751424   1.082363692   1.093917067   1.105413472   1.116854736   1.128242599   1.139578719   1.15086468   1.16210199   1.173292094   1.184436369   1.195536136   1.206592658   1.217607146   1.228580762   1.239514617   1.250409783   1.261267285   1.272088111   1.28287321   1.293623496   1.304339848   1.315023112   1.325674105   1.336293614   1.346882398   1.357441189   1.367970695   1.378471598   
30.19095477   2.943141801e-14   3.793338472e-14   4.88913472e-14   6.301477837e-14   8.121809932e-14   1.046798835e-13   1.349191633e-13   1.7389378e-13   2.241271438e-13   2.888716123e-13   3.72319064e-13   4.798723015e-13   6.184948555e-13   7.97161839e-13   1.02744104e-12   1.324241878e-12   1.706780713e-12   2.19982501e-12   2.835296906e-12   3.654340009e-12   4.709983237e-12   6.070574177e-12   7.824204245e-12   1.008441216e-11   1.299753502e-11   1.675218286e-11   2.159145024e-11   2.782865537e-11   3.586762588e-11   4.622884467e-11   5.958314851e-11   7.679516137e-11   9.897927445e-11   1.275717975e-10   1.644239523e-10   2.119217307e-10   2.731403746e-10   3.520434831e-10   4.537396355e-10   5.848131458e-10   7.537503641e-10   9.714891249e-10   1.252126917e-09   1.613833625e-09   2.080027937e-09   2.680893588e-09   3.455333603e-09   4.453489073e-09   5.739985537e-09   7.398117159e-09   9.535239603e-09   1.228972077e-08   1.583989942e-08   2.04156317e-08   2.631317313e-08   3.391435969e-08   4.371132968e-08   5.633838713e-08   7.261306972e-08   9.358907997e-08   1.206245069e-07   1.554697548e-07   2.003808723e-07   2.582656187e-07   3.32871724e-07   4.290295313e-07   5.529647305e-07   7.127014286e-07   9.185816508e-07   1.183934903e-06   1.525941135e-06   1.96674297e-06   2.534879179e-06   3.267132177e-06   4.210909095e-06   5.427310477e-06   6.995085109e-06   9.015726747e-06   1.162004223e-05   1.497661542e-05   1.930271363e-05   2.487834038e-05   3.206434068e-05   4.132572478e-05   5.326171026e-05   6.864441038e-05   8.846864534e-05   0.0001140160542   0.0001469375804   0.000189359542   0.0002440199386   0.0003144434651   0.0004051659721   0.0005220219311   0.0006725119007   0.0008662711233   0.0011156652   0.001436544194   0.001849192168   0.002379514313   0.0030605072   0.003934056749   0.005053099457   0.006484158883   0.008310222332   0.01063383949   0.01358019047   0.01729967075   0.02196927024   0.02779170207   0.03499093465   0.04380264466   0.05445837334   0.06716310725   0.08206777869   0.09924058394   0.1186432645   0.140119312   0.1633993174   0.1881243569   0.2138829539   0.2402532237   0.2668411015   0.2933080417   0.3193856471   0.344878382   0.3696576685   0.3936511613   0.4168303855   0.4391988885   0.4607820469   0.4816189427   0.5017562584   0.5212439168   0.54013212   0.558469448   0.5763017269   0.5936714353   0.6106174719   0.6271751588   0.6433763872   0.6592498444   0.6748212805   0.6901137861   0.7051480666   0.7199427008   0.7345143796   0.748878123   0.7630474742   0.777034672   0.7908508032   0.8045059359   0.8180092374   0.8313690761   0.8445931114   0.8576883716   0.8706613225   0.8835179269   0.8962636967   0.9089037394   0.9214427973   0.9338852837   0.9462353137   0.9584967318   0.9706731363   0.982767901   0.9947841945   1.006724997   1.018593116   1.030391201   1.042121753   1.05378714   1.065389602   1.076931266   1.088414147   1.099840162   1.111211135   1.122528801   1.133794814   1.145010752   1.15617812   1.167298358   1.17837284   1.189402882   1.200389746   1.211334638   1.222238716   1.23310309   1.243928829   1.254716954   1.265468452   1.276184269   1.286865316   1.297512471   1.308126577   1.31870845   1.329258875   1.339778607   1.350268379   1.360728896   
30.44472362   2.273733929e-14   2.930556178e-14   3.777117192e-14   4.868227537e-14   6.274531115e-14   8.087079007e-14   1.042322457e-13   1.343422147e-13   1.73150166e-13   2.231687192e-13   2.876363239e-13   3.70726933e-13   4.778202455e-13   6.158500142e-13   7.937529722e-13   1.023047441e-12   1.318579083e-12   1.699482084e-12   2.190417999e-12   2.823172456e-12   3.638713121e-12   4.689842151e-12   6.044614858e-12   7.790745958e-12   1.004128865e-11   1.294195426e-11   1.668054627e-11   2.149911971e-11   2.770965296e-11   3.571424679e-11   4.603115837e-11   5.932835581e-11   7.646676573e-11   9.855601391e-11   1.27026268e-10   1.637208337e-10   2.110154995e-10   2.719723569e-10   3.505380557e-10   4.517993295e-10   5.823123361e-10   7.505271358e-10   9.673347903e-10   1.246772504e-09   1.606932462e-09   2.071133209e-09   2.669429405e-09   3.440557718e-09   4.434444821e-09   5.715439899e-09   7.366480929e-09   9.494464494e-09   1.22371668e-08   1.577216398e-08   2.032832926e-08   2.620065131e-08   3.376933327e-08   4.352440892e-08   5.609746986e-08   7.230255777e-08   9.318886926e-08   1.201086858e-07   1.548049266e-07   1.995239928e-07   2.571612093e-07   3.314482798e-07   4.271948919e-07   5.506001126e-07   7.09653736e-07   9.14653562e-07   1.178872096e-06   1.519415822e-06   1.958332676e-06   2.52403939e-06   3.253161087e-06   4.192902174e-06   5.404101913e-06   6.965172339e-06   8.977173195e-06   1.157035195e-05   1.491257157e-05   1.922017026e-05   2.477195417e-05   3.192722525e-05   4.114900522e-05   5.303394922e-05   6.835086873e-05   8.809032975e-05   0.0001135284906   0.0001463092347   0.0001885497871   0.0002429764384   0.0003130988101   0.0004034333549   0.0005197895918   0.0006696360011   0.0008625666154   0.001110894145   0.001430400857   0.00184128404   0.002369338056   0.003047418286   0.003917231396   0.005031487275   0.006456424629   0.008274675265   0.01058834934   0.01352209003   0.01722564714   0.02187524969   0.0276727377   0.03484111239   0.04361502856   0.05422501703   0.06687515948   0.08171570476   0.09881450879   0.1181334173   0.139516523   0.1626954955   0.1873128722   0.2129588674   0.2392133421   0.2656838718   0.2920333289   0.3179944493   0.3433725318   0.3680395574   0.3919235073   0.4149960514   0.4372607473   0.4587428907   0.4794814243   0.4995228581   0.5189169274   0.5377136443   0.5559614039   0.5737058578   0.5909893223   0.6078505481   0.6243247229   0.6404436168   0.6562358086   0.6717269511   0.6869400485   0.7018957287   0.7166125013   0.7311069954   0.7453941759   0.7594875364   0.7733992712   0.787140427   0.800721036   0.8141502327   0.8274363561   0.8405870385   0.8536092839   0.8665095357   0.8792937362   0.8919673788   0.9045355534   0.9170029867   0.9293740773   0.9416529268   0.9538433671   0.965948985   0.9779731433   0.9899190005   1.001789528   1.013587523   1.025315629   1.036976337   1.04857201   1.06010488   1.071577066   1.08299058   1.094347333   1.105649143   1.116897739   1.128094772   1.139241814   1.150340366   1.161391865   1.17239768   1.183359126   1.194277458   1.20515388   1.215989549   1.22678557   1.237543009   1.248262886   1.258946184   1.269593848   1.280206785   1.290785871   1.301331949   1.311845832   1.322328301   1.332780113   1.343201996   
30.69849246   1.756644556e-14   2.264093214e-14   2.918130513e-14   3.761102077e-14   4.847586073e-14   6.247926873e-14   8.052789496e-14   1.037902971e-13   1.337725987e-13   1.724160029e-13   2.222224756e-13   2.864167353e-13   3.691550373e-13   4.757942701e-13   6.132387876e-13   7.903874306e-13   1.018709682e-12   1.312988259e-12   1.692276218e-12   2.181130546e-12   2.811202101e-12   3.623284845e-12   4.669957048e-12   6.018985469e-12   7.75771291e-12   9.998713222e-12   1.28870799e-11   1.660982014e-11   2.140796265e-11   2.759216302e-11   3.556281708e-11   4.583598458e-11   5.907680141e-11   7.614254384e-11   9.81381328e-11   1.26487672e-10   1.630266514e-10   2.10120786e-10   2.708191841e-10   3.490517615e-10   4.498836838e-10   5.798433105e-10   7.473448733e-10   9.632332554e-10   1.241486143e-09   1.60011901e-09   2.062351528e-09   2.658110927e-09   3.425969627e-09   4.415642613e-09   5.691206225e-09   7.33524678e-09   9.454207617e-09   1.218528077e-08   1.570528943e-08   2.02421364e-08   2.608955959e-08   3.362615006e-08   4.333986383e-08   5.585961453e-08   7.199599227e-08   9.279374504e-08   1.195994206e-07   1.54148548e-07   1.986780037e-07   2.560708363e-07   3.300429269e-07   4.253835698e-07   5.482655479e-07   7.066447781e-07   9.107753972e-07   1.173873635e-06   1.512973443e-06   1.950029273e-06   2.513337369e-06   3.239367564e-06   4.175124113e-06   5.381188318e-06   6.935639746e-06   8.93910964e-06   1.152129322e-05   1.484934169e-05   1.913867598e-05   2.466692009e-05   3.179185249e-05   4.097453168e-05   5.280908291e-05   6.806105785e-05   8.771682238e-05   0.0001130471237   0.000145688875   0.0001877503238   0.0002419462007   0.0003117712452   0.0004017227586   0.0005175856249   0.0006667966537   0.0008589091913   0.001106183731   0.001424335602   0.001833476426   0.002359291144   0.003034495743   0.003900619912   0.005010149819   0.006429042939   0.008239580108   0.01054343754   0.01346472835   0.01715256488   0.02178242497   0.02755528673   0.03469319656   0.04342980055   0.05399463222   0.06659088013   0.08136811887   0.09839386885   0.1176300794   0.1389214376   0.1620006788   0.1865117836   0.2120466369   0.2381868238   0.2645415397   0.2907750573   0.3166212313   0.3418861844   0.3664424495   0.3902183297   0.4131856374   0.4353479403   0.4567304537   0.4773719825   0.4973188659   0.5166206541   0.5353271708   0.5534866286   0.5711445065   0.5883429604   0.6051205946   0.6215124637   0.6375502183   0.6532623297   0.6686743549   0.6838092122   0.6986874528   0.7133275181   0.7277459762   0.7419577372   0.7559762457   0.769813652   0.7834809633   0.7969881759   0.8103443921   0.8235579215   0.8366363701   0.8495867173   0.8624153847   0.8751282941   0.8877309205   0.9002283367   0.9126252538   0.9249260557   0.9371348307   0.9492553982   0.9612913335   0.9732459886   0.9851225122   0.9969238658   1.00865284   1.020312066   1.031904032   1.04343109   1.054895467   1.066299277   1.077644524   1.088933114   1.100166858   1.111347484   1.122476635   1.13355588   1.144586716   1.155570575   1.166508823   1.17740277   1.18825367   1.199062723   1.209831081   1.220559849   1.231250088   1.241902817   1.252519015   1.263099625   1.273645553   1.284157672   1.294636823   1.305083816   1.315499431   1.325884424   
30.95226131   1.357199456e-14   1.749258873e-14   2.254574e-14   2.905861447e-14   3.745288799e-14   4.827204754e-14   6.221657923e-14   8.018932134e-14   1.033539185e-13   1.332101617e-13   1.716910925e-13   2.212881575e-13   2.852125172e-13   3.67602952e-13   4.73793828e-13   6.106604701e-13   7.870643046e-13   1.014426592e-12   1.307467896e-12   1.685161167e-12   2.171960143e-12   2.799382608e-12   3.608051009e-12   4.650322556e-12   5.993679087e-12   7.725096175e-12   9.956674365e-12   1.283289711e-11   1.653998537e-11   2.131795445e-11   2.747615379e-11   3.541329582e-11   4.564327054e-11   5.882841734e-11   7.58224081e-11   9.772551822e-11   1.259558638e-10   1.623412178e-10   2.092373486e-10   2.696805447e-10   3.47584199e-10   4.479921808e-10   5.774054018e-10   7.442027166e-10   9.591834119e-10   1.236266405e-09   1.593391427e-09   2.053680522e-09   2.646935094e-09   3.411565389e-09   4.397077368e-09   5.667277966e-09   7.304406273e-09   9.414458094e-09   1.213404865e-08   1.563925769e-08   2.015702983e-08   2.597986795e-08   3.348477138e-08   4.315764455e-08   5.562475688e-08   7.169329041e-08   9.240360055e-08   1.190965736e-07   1.535004418e-07   1.978426766e-07   2.549942053e-07   3.286552857e-07   4.235950758e-07   5.459604056e-07   7.036737419e-07   9.069461088e-07   1.168938169e-06   1.506612257e-06   1.941830518e-06   2.502770226e-06   3.225747879e-06   4.157570107e-06   5.358563503e-06   6.906479351e-06   8.901525798e-06   1.147285277e-05   1.478690869e-05   1.905820877e-05   2.456320975e-05   3.165818583e-05   4.080225702e-05   5.258705059e-05   6.777489945e-05   8.734802231e-05   0.0001125718235   0.0001450763337   0.0001869609362   0.0002409289471   0.0003104604117   0.0004000337212   0.000515409435   0.0006639930911   0.0008552978628   0.001101532684   0.001418346791   0.001825767217   0.002349370862   0.003021736079   0.003884217808   0.004989081321   0.006402006412   0.008204927373   0.01049909197   0.01340808993   0.01708040419   0.02169077096   0.02743931736   0.03454714712   0.04324691046   0.05376715642   0.06631019204   0.08102492654   0.09797854966   0.1171331137   0.1383338934   0.161314677   0.1857208715   0.2111460116   0.2371733856   0.2634137888   0.2895328772   0.3152656099   0.3404189236   0.3648658954   0.3885351468   0.4113986297   0.4334599222   0.4547441596   0.4752900104   0.495143645   0.51435443   0.5329720034   0.5510443972   0.5686169192   0.5857315673   0.6024268007   0.6187375426   0.6346953251   0.6503285136   0.6656625699   0.6807203276   0.6955222622   0.7100867473   0.7244302908   0.7385677484   0.7525125165   0.7662767019   0.7798712722   0.7933061888   0.8065905218   0.8197325518   0.8327398585   0.8456193974   0.8583775681   0.8710202724   0.8835529669   0.8959807075   0.9083081896   0.9205397831   0.9326795626   0.9447313354   0.9566986653   0.9685848938   0.9803931594   0.9921264147   1.003787441   1.015378863   1.02690316   1.038362676   1.049759634   1.06109614   1.072374192   1.08359569   1.094762443   1.10587617   1.116938511   1.127951031   1.138915223   1.149832513   1.160704266   1.171531787   1.182316327   1.193059082   1.203761203   1.21442379   1.225047901   1.235634555   1.246184726   1.256699356   1.267179348   1.277625573   1.28803887   1.298420048   1.308769884   
31.20603015   1.048621436e-14   1.351540736e-14   1.741965497e-14   2.245173758e-14   2.893745722e-14   3.729673158e-14   4.807078162e-14   6.195717286e-14   7.985497925e-14   1.029229937e-13   1.32654754e-13   1.709752421e-13   2.203655167e-13   2.840233495e-13   3.660702649e-13   4.718183877e-13   6.081143768e-13   7.837827115e-13   1.010197032e-12   1.302016528e-12   1.678135041e-12   2.162904352e-12   2.787710837e-12   3.593007568e-12   4.630933459e-12   5.968688986e-12   7.692887089e-12   9.915160916e-12   1.277939152e-11   1.647102341e-11   2.122907117e-11   2.736159446e-11   3.52656433e-11   4.545296507e-11   5.85831376e-11   7.550627346e-11   9.731806055e-11   1.254307023e-10   1.616643508e-10   2.083649525e-10   2.685561362e-10   3.461349782e-10   4.461243181e-10   5.749979625e-10   7.41099831e-10   9.551841838e-10   1.231111905e-09   1.586747926e-09   2.045117888e-09   2.635898939e-09   3.397341177e-09   4.378744153e-09   5.643648765e-09   7.273951215e-09   9.375205367e-09   1.208345683e-08   1.557405123e-08   2.007298692e-08   2.587154725e-08   3.334515966e-08   4.297770267e-08   5.539283451e-08   7.139437175e-08   9.201833213e-08   1.186000113e-07   1.528604356e-07   1.970177896e-07   2.539310301e-07   3.272849873e-07   4.218289346e-07   5.436840733e-07   7.007398381e-07   9.031646793e-07   1.164064387e-06   1.500330574e-06   1.933734231e-06   2.492335152e-06   3.212298415e-06   4.140235494e-06   5.336221455e-06   6.877683406e-06   8.864411683e-06   1.142501773e-05   1.472525599e-05   1.897874724e-05   2.446079559e-05   3.152618976e-05   4.063213548e-05   5.236779326e-05   6.74923175e-05   8.698383157e-05   0.0001121024637   0.0001444714481   0.0001861814145   0.0002399244074   0.0003091659613   0.0003983657938   0.0005132604439   0.0006612245685   0.0008517316704   0.001096939768   0.001412432832   0.001818154364   0.002339574574   0.003009135902   0.003868020726   0.004968276184   0.006375307861   0.008170707849   0.01045530082   0.01335215968   0.01700914589   0.02160026329   0.02732479873   0.03440292516   0.0430663096   0.05354252897   0.06603302028   0.08068603608   0.09756844009   0.116642387   0.1377537324   0.1606373055   0.1849399223   0.2102567477   0.2361727523   0.2623003122   0.288306449   0.3139272134   0.3389703451   0.3633094592   0.3868734915   0.4096345299   0.431596164   0.4527834494   0.4732349194   0.4929965773   0.5121176085   0.5306474671   0.5486340062   0.5661223649   0.5831543844   0.5997683804   0.6159991463   0.6318780971   0.6474334932   0.6626907024   0.6776724744   0.6923992098   0.7068892155   0.7211589392   0.7352231836   0.7490952966   0.7627873422   0.7763102492   0.7896739439   0.8028874649   0.815959064   0.8288962948   0.8417060892   0.8543948248   0.866968384   0.8794322048   0.8917913265   0.9040504292   0.9162138683   0.9282857054   0.9402697357   0.9521695114   0.9639883636   0.9757294211   0.9873956271   0.9989897546   1.01051442   1.021972095   1.033365118   1.044695703   1.055965951   1.067177854   1.078333308   1.089434114   1.100481988   1.111478566   1.122425406   1.133323999   1.144175767   1.154982071   1.165744212   1.176463437   1.187140941   1.19777787   1.208375322   1.218934353   1.229455977   1.239941168   1.250390865   1.260805968   1.271187347   1.281535838   1.291852247   
31.45979899   8.10230906e-15   1.044285418e-14   1.345952156e-14   1.734762523e-14   2.235890033e-14   2.881780171e-14   3.714251073e-14   4.787201041e-14   6.170098184e-14   7.952478135e-14   1.024974102e-13   1.321062307e-13   1.702682647e-13   2.19454312e-13   2.828489216e-13   3.645565755e-13   4.698674331e-13   6.055998424e-13   7.805417939e-13   1.006019899e-12   1.296632729e-12   1.671196003e-12   2.153960809e-12   2.776183737e-12   3.578150592e-12   4.611784691e-12   5.94400864e-12   7.661077235e-12   9.874162029e-12   1.272654912e-11   1.640291623e-11   2.114128961e-11   2.724845511e-11   3.511982094e-11   4.526501845e-11   5.834089811e-11   7.519405733e-11   9.691565334e-11   1.249120502e-10   1.609958737e-10   2.075033698e-10   2.674456648e-10   3.447037207e-10   4.442796077e-10   5.726203634e-10   7.380354058e-10   9.512345263e-10   1.226021295e-09   1.580186772e-09   2.036661388e-09   2.624999578e-09   3.383293275e-09   4.36063818e-09   5.62031245e-09   7.243873648e-09   9.336439179e-09   1.203349211e-08   1.5509653e-08   1.998998573e-08   2.57645692e-08   3.320727845e-08   4.279999118e-08   5.516378683e-08   7.10991582e-08   9.163783914e-08   1.181096038e-07   1.522283624e-07   1.96203127e-07   2.52881033e-07   3.259316739e-07   4.200846848e-07   5.414359562e-07   6.978423002e-07   8.994301208e-07   1.159251016e-06   1.494126752e-06   1.925738299e-06   2.482029421e-06   3.199015657e-06   4.123115744e-06   5.314156338e-06   6.849244388e-06   8.827757601e-06   1.137777561e-05   1.466436747e-05   1.890027065e-05   2.435965086e-05   3.139582979e-05   4.04641226e-05   5.215125365e-05   6.721323818e-05   8.6624155e-05   0.0001116389217   0.0001438740601   0.0001854115551   0.0002389323191   0.0003078875558   0.0003967185408   0.00051113809   0.0006584903627   0.0008482096823   0.001092403783   0.00140659218   0.001810635879   0.002329899722   0.00299669192   0.003852024433   0.004947728968   0.006348940309   0.008136912591   0.01041205265   0.01329692301   0.01693877133   0.02151087827   0.02721170087   0.03426049292   0.04288795063   0.05332069098   0.06575929212   0.08035135845   0.09716343225   0.1161577699   0.1371808016   0.1599683852   0.184168729   0.2093786087   0.2351846571   0.2612008116   0.2870954434   0.3126056807   0.3375400568   0.3617727177   0.3852329084   0.4078928541   0.4297561522   0.4508477804   0.4712061381   0.4908770634   0.5099095623   0.5283529068   0.5462547736   0.5636601345   0.5806106757   0.5971445713   0.6132964861   0.6290977194   0.6445764275   0.6597578855   0.6746647599   0.6893173775   0.7037339787   0.7179309522   0.7319230477   0.7457235657   0.7593445274   0.7727968233   0.7860903451   0.7992341   0.8122363114   0.8251045071   0.8378455954   0.8504659326   0.8629713813   0.8753673615   0.887658896   0.8998506494   0.9119469632   0.9239518859   0.9358692005   0.9477024481   0.9594549493   0.9711298231   0.9827300037   0.9942582556   1.005717187   1.017109263   1.028436814   1.039702048   1.050907059   1.062053836   1.073144266   1.084180146   1.095163188   1.106095022   1.116977204   1.127811219   1.138598485   1.149340359   1.16003814   1.170693072   1.181306345   1.191879102   1.20241244   1.212907412   1.223365028   1.23378626   1.244172045   1.254523281   1.264840835   1.275125542   
31.71356784   6.260566773e-15   8.069080733e-15   1.040002706e-14   1.340432281e-14   1.7276481e-14   2.226720439e-14   2.869961721e-14   3.699018582e-14   4.767568281e-14   6.144794035e-14   7.919864278e-14   1.020770588e-13   1.315644506e-13   1.695699786e-13   2.185543093e-13   2.816889318e-13   3.630614949e-13   4.679404628e-13   6.031162208e-13   7.77340719e-13   1.001894117e-12   1.291315117e-12   1.664342272e-12   2.145127214e-12   2.764798348e-12   3.563476262e-12   4.59287133e-12   5.919631704e-12   7.629658441e-12   9.833667167e-12   1.267435635e-11   1.633564633e-11   2.105458721e-11   2.713670664e-11   3.497579128e-11   4.507938238e-11   5.810163663e-11   7.488567947e-11   9.651819319e-11   1.243997742e-10   1.603356145e-10   2.06652379e-10   2.663488451e-10   3.432900585e-10   4.424575755e-10   5.702719938e-10   7.350086536e-10   9.473334246e-10   1.220993267e-09   1.573706278e-09   2.028308849e-09   2.614234209e-09   3.369418073e-09   4.342754795e-09   5.597263023e-09   7.214165845e-09   9.298149569e-09   1.198414163e-08   1.544604647e-08   1.990800493e-08   2.565890629e-08   3.307109229e-08   4.262446442e-08   5.493755499e-08   7.08075739e-08   9.126202379e-08   1.176252253e-07   1.516040596e-07   1.953984796e-07   2.518439442e-07   3.245949976e-07   4.183618782e-07   5.392154767e-07   6.949803836e-07   8.957414736e-07   1.154496819e-06   1.487999198e-06   1.917840666e-06   2.471850386e-06   3.185896193e-06   4.106206459e-06   5.292362482e-06   6.82115499e-06   8.79155413e-06   1.133111427e-05   1.46042275e-05   1.882275882e-05   2.425974957e-05   3.126707241e-05   4.029817522e-05   5.19373761e-05   6.693758977e-05   8.626890018e-05   0.0001111810782   0.0001432840162   0.0001846511601   0.0002379524272   0.0003066248668   0.0003950915387   0.000509041828   0.000655789771   0.0008447309936   0.001087923565   0.001400823335   0.001803209828   0.002320343817   0.002984400934   0.003836224818   0.004927434394   0.006322896977   0.00810353291   0.01036933634   0.01324236568   0.01686926242   0.02142259291   0.02709999465   0.03411981372   0.04271178745   0.05310158523   0.06548893689   0.08002080716   0.09676342131   0.1156791369   0.1366149521   0.1593077419   0.1834070903   0.2085113649   0.2342088406   0.2601149976   0.2858995403   0.3113006614   0.3361276778   0.36025526   0.3836129584   0.4061731326   0.4279393885   0.448936626   0.4692031121   0.4887845214   0.5077296823   0.526087687   0.5439060372   0.5612295396   0.5780997271   0.5945546336   0.6106287968   0.6263534012   0.6417565007   0.6568632783   0.6716963185   0.6862758745   0.7006201215   0.7147453896   0.7286663759   0.7423963343   0.7559472434   0.769329956   0.7825543293   0.7956293395   0.808563182   0.8213633589   0.8340367554   0.8465897064   0.8590280549   0.8713572032   0.8835821577   0.8957075678   0.9077377609   0.9196767728   0.9315283743   0.9432960954   0.9549832465   0.9665929368   0.9781280915   0.9895914668   1.000985663   1.012313137   1.023576214   1.034777094   1.045917866   1.057000512   1.068026915   1.078998866   1.089918072   1.100786159   1.111604678   1.12237511   1.13309887   1.143777311   1.154411729   1.165003363   1.175553401   1.186062983   1.196533204   1.206965111   1.217359716   1.227717986   1.238040856   1.248329222   1.258583948   
31.96733668   4.837634262e-15   6.235100243e-15   8.036257588e-15   1.035772217e-14   1.334979714e-14   1.720620429e-14   2.217662658e-14   2.858287384e-14   3.683971835e-14   4.748174922e-14   6.119798441e-14   7.887648112e-14   1.01661833e-13   1.310292771e-13   1.688802074e-13   2.176652812e-13   2.805430867e-13   3.615846452e-13   4.660369898e-13   6.006628843e-13   7.741786777e-13   9.978186446e-13   1.286062347e-12   1.657572115e-12   2.136401336e-12   2.753551791e-12   3.548980869e-12   4.574188598e-12   5.895552019e-12   7.598622765e-12   9.793666095e-12   1.262280002e-11   1.626919672e-11   2.096894204e-11   2.702632083e-11   3.483351789e-11   4.489600993e-11   5.786529268e-11   7.458106193e-11   9.612557962e-11   1.238937448e-10   1.596834065e-10   2.058117652e-10   2.652653999e-10   3.418936343e-10   4.406577609e-10   5.679522599e-10   7.320188093e-10   9.434798925e-10   1.21602655e-09   1.567304807e-09   2.02005816e-09   2.603600112e-09   3.355712064e-09   4.325089478e-09   5.574494658e-09   7.184820296e-09   9.260326858e-09   1.193539293e-08   1.538321554e-08   1.98270238e-08   2.555453182e-08   3.293656678e-08   4.245107801e-08   5.471408178e-08   7.051954515e-08   9.089079109e-08   1.171467532e-07   1.509873696e-07   1.946036441e-07   2.508195016e-07   3.232746206e-07   4.166600793e-07   5.370220734e-07   6.921533649e-07   8.920978055e-07   1.149800594e-06   1.481946363e-06   1.910039335e-06   2.461795472e-06   3.172936707e-06   4.089503363e-06   5.270834378e-06   6.793408111e-06   8.755792121e-06   1.128502192e-05   1.454482087e-05   1.874619217e-05   2.416106647e-05   3.11398851e-05   4.013425139e-05   5.172610655e-05   6.666530259e-05   8.591797731e-05   0.0001107288177   0.0001427011673   0.0001839000374   0.0002369844842   0.000305377575   0.0003934843764   0.0005069711281   0.0006531221107   0.0008412947247   0.00108349798   0.001395124837   0.001795874335   0.002310904445   0.002972259839   0.003820617884   0.004907387329   0.00629717128   0.008070560364   0.01032714108   0.01318847392   0.01680060157   0.02133538485   0.02698965181   0.03398085192   0.04253777554   0.05288515614   0.06522188595   0.07969429817   0.09636830548   0.1152063659   0.1360560396   0.1586552065   0.1826548109   0.207654793   0.233245051   0.2590425891   0.284718429   0.310011815   0.3347328383   0.3587566872   0.382013213   0.4044749094   0.4261453889   0.4470494749   0.4672253031   0.4867183864   0.5055773774   0.5238511906   0.5415871545   0.5588299124   0.5756208457   0.5919978495   0.6079953357   0.6236443756   0.6389729214   0.654006065   0.6687663099   0.6832738367   0.6975467557   0.7116013391   0.7254522323   0.7391126425   0.7525945066   0.7659086398   0.7790648653   0.7920721286   0.8049385974   0.8176717483   0.8302784434   0.8427649966   0.8551372318   0.8674005334   0.8795598914   0.8916199405   0.9035849941   0.9154590751   0.9272459425   0.9389491154   0.9505718936   0.9621173769   0.9735884817   0.9849879557   0.9963183915   1.007582239   1.018781815   1.029919315   1.040996821   1.052016309   1.062979657   1.073888652   1.084744994   1.095550307   1.106306135   1.117013957   1.127675184   1.138291164   1.14886319   1.159392498   1.169880274   1.180327654   1.190735728   1.201105545   1.211438111   1.221734392   1.231995319   1.242221788   
32.22110553   3.738235944e-15   4.818114513e-15   6.20994175e-15   8.003831464e-15   1.031592899e-14   1.3295931e-14   1.713677763e-14   2.208714438e-14   2.846754257e-14   3.669107089e-14   4.72901614e-14   6.095105188e-14   7.855821624e-14   1.012516298e-13   1.305005768e-13   1.681987794e-13   2.167870066e-13   2.794111014e-13   3.60125659e-13   4.641565407e-13   5.982392226e-13   7.710548836e-13   9.937924681e-13   1.280873114e-12   1.650883848e-12   2.127781003e-12   2.74244127e-12   3.534660808e-12   4.555731846e-12   5.871763595e-12   7.567962488e-12   9.754148866e-12   1.25718673e-11   1.620355087e-11   2.088433282e-11   2.691727022e-11   3.46929654e-11   4.471485551e-11   5.763180749e-11   7.428012897e-11   9.5737715e-11   1.233938363e-10   1.590390875e-10   2.049813192e-10   2.641950598e-10   3.40514101e-10   4.388797165e-10   5.656605849e-10   7.290651294e-10   9.396729717e-10   1.21111991e-09   1.560980766e-09   2.01190727e-09   2.593094642e-09   3.342171839e-09   4.307637836e-09   5.552001694e-09   7.155829703e-09   9.222961641e-09   1.188723388e-08   1.53211446e-08   1.974702219e-08   2.545141984e-08   3.280366845e-08   4.227978883e-08   5.449331166e-08   7.023500033e-08   9.052404873e-08   1.166740686e-07   1.503781388e-07   1.938184226e-07   2.498074504e-07   3.219702145e-07   4.14978865e-07   5.34855201e-07   6.893605411e-07   8.884982102e-07   1.145161174e-06   1.475966742e-06   1.902332368e-06   2.45186218e-06   3.160133975e-06   4.073002304e-06   5.249566672e-06   6.765996851e-06   8.72046268e-06   1.123948708e-05   1.44861328e-05   1.867055164e-05   2.406357701e-05   3.101423621e-05   3.997231033e-05   5.151739247e-05   6.639630894e-05   8.557129913e-05   0.0001102820277   0.0001421253684   0.0001831580001   0.0002360282492   0.0003041453703   0.0003918966542   0.0005049254752   0.0006504867183   0.0008379000212   0.001079125927   0.00138949527   0.001788627576   0.002301579258   0.002960265612   0.003805199752   0.004887582786   0.006271756818   0.00803798675   0.01028545638   0.01313523429   0.01673277167   0.02124923238   0.02688064483   0.03384357288   0.04236587149   0.05267134971   0.06495807259   0.07937174986   0.0959779858   0.1147393383   0.1355039234   0.1580106147   0.1819117008   0.2068086764   0.2322930436   0.257983313   0.2835518075   0.3087388109   0.3333551791   0.3572766115   0.3804332577   0.4027977416   0.4243736835   0.4451858305   0.4652721883   0.4846781098   0.5034520738   0.5216428186   0.5392975016   0.5564606045   0.5731733587   0.589473522   0.6053953819   0.6209698977   0.636224921   0.6511854536   0.6658739188   0.6803104253   0.6945130193   0.7084979157   0.7222797085   0.7358715589   0.7492853626   0.7625318973   0.7756209528   0.7885614441   0.8013615113   0.814028606   0.8265695674   0.8389906886   0.8512977742   0.8634961914   0.8755909139   0.8875865614   0.8994874337   0.911297541   0.9230206305   0.9346602102   0.9462195701   0.9577018002   0.9691098081   0.9804463333   0.9917139606   1.002915132   1.014052159   1.02512723   1.036142421   1.047099701   1.058000945   1.068847932   1.079642361   1.090385848   1.101079935   1.111726096   1.122325738   1.132880207   1.14339079   1.153858722   1.164285185   1.174671311   1.18501819   1.195326866   1.205598342   1.215833584   1.226033519   
32.47487437   2.888779915e-15   3.723272859e-15   4.798828984e-15   6.185085137e-15   7.971794426e-15   1.027463729e-14   1.324271121e-14   1.706818403e-14   2.199873588e-14   2.835359518e-14   3.654420707e-14   4.710087247e-14   6.070708233e-14   7.824377026e-14   1.008463486e-13   1.299782205e-13   1.67525528e-13   2.159192704e-13   2.782926991e-13   3.586841795e-13   4.622986554e-13   5.958446429e-13   7.679685724e-13   9.898146023e-13   1.275746147e-12   1.644275834e-12   2.119264107e-12   2.731464065e-12   3.520512577e-12   4.53749656e-12   5.848260612e-12   7.537670108e-12   9.71510581e-12   1.252154572e-11   1.613869271e-11   2.080073883e-11   2.680952812e-11   3.455409943e-11   4.453587479e-11   5.740112392e-11   7.398280696e-11   9.535450443e-11   1.228999262e-10   1.584024997e-10   2.041608379e-10   2.631375629e-10   3.391511208e-10   4.371230071e-10   5.633964081e-10   7.261468911e-10   9.359117307e-10   1.206272145e-09   1.554732608e-09   2.003854183e-09   2.582715229e-09   3.328794085e-09   4.290395599e-09   5.529778626e-09   7.127186972e-09   9.186044775e-09   1.18396527e-08   1.525981846e-08   1.966798053e-08   2.534954512e-08   3.267236479e-08   4.211055498e-08   5.427519058e-08   6.995386979e-08   9.016170697e-08   1.162070558e-07   1.497762183e-07   1.930426231e-07   2.488075429e-07   3.206814602e-07   4.133178238e-07   5.327143293e-07   6.866012288e-07   8.84941807e-07   1.140577423e-06   1.470058871e-06   1.894717877e-06   2.44204808e-06   3.147484865e-06   4.056699244e-06   5.228554161e-06   6.738914503e-06   8.685557163e-06   1.119449863e-05   1.442814895e-05   1.859581874e-05   2.396725734e-05   3.0890095e-05   3.981231244e-05   5.131118278e-05   6.613054298e-05   8.522878081e-05   0.0001098405988   0.0001415564786   0.0001824248667   0.0002350834883   0.0003029279512   0.0003903279836   0.0005029043688   0.0006478829492   0.0008345460523   0.001074806337   0.001383933256   0.001781467777   0.002292365973   0.00294841532   0.003789966647   0.004868015918   0.006246647369   0.008005804093   0.01024427203   0.01308263377   0.01666575612   0.02116411438   0.02677294702   0.03370794294   0.04219603311   0.05246011342   0.06469743197   0.07905308283   0.09559236612   0.114277939   0.1349584671   0.1573738068   0.1811775754   0.2059728044   0.2313525807   0.2569369037   0.2823993826   0.3074813279   0.331994351   0.3558146566   0.3788726884   0.4011411988   0.4226238158   0.4433452105   0.4633432601   0.482663159   0.501353214   0.5194619891   0.5370364727   0.5541209862   0.5707566127   0.5869809744   0.6028282356   0.6183292446   0.6335117537   0.6484006754   0.6630183537   0.6773848262   0.6915180756   0.7054342602   0.719147923   0.7326721797   0.7460188851   0.75919878   0.7722216209   0.7850962928   0.7978309084   0.8104328945   0.8229090677   0.8352657004   0.8475085783   0.8596430511   0.8716740767   0.88360626   0.8954438871   0.9071909557   0.9188512014   0.9304281212   0.941924995   0.9533449036   0.9646907455   0.9759652522   0.9871710008   0.9983104265   1.009385833   1.020399403   1.031353206   1.042249207   1.053089274   1.063875182   1.074608624   1.085291213   1.095924486   1.106509913   1.117048898   1.127542782   1.13799285   1.148400332   1.158766409   1.169092209   1.179378819   1.189627281   1.199838595   1.210013725   
32.72864322   2.232420739e-15   2.877308689e-15   3.708487897e-15   4.779773033e-15   6.160524419e-15   7.94013876e-15   1.023383713e-14   1.319012495e-14   1.700040698e-14   2.191137981e-14   2.824100422e-14   3.639909153e-14   4.691383685e-14   6.046601701e-14   7.793306749e-14   1.004458919e-13   1.294620823e-13   1.668602911e-13   2.150618639e-13   2.771876103e-13   3.572598594e-13   4.604628866e-13   5.934785684e-13   7.64919001e-13   9.858840895e-13   1.270680211e-12   1.637746482e-12   2.110848596e-12   2.720617534e-12   3.506532767e-12   4.519478349e-12   5.825037411e-12   7.507738331e-12   9.676527527e-12   1.247182318e-11   1.607460663e-11   2.071813996e-11   2.670306859e-11   3.441688653e-11   4.435902467e-11   5.717318643e-11   7.368902429e-11   9.497585563e-11   1.224118957e-10   1.577734899e-10   2.033501236e-10   2.620926545e-10   3.378043658e-10   4.353872097e-10   5.611591842e-10   7.232633918e-10   9.321952639e-10   1.201482088e-09   1.548558829e-09   1.995896961e-09   2.572459374e-09   3.315575581e-09   4.273358616e-09   5.507820104e-09   7.098885207e-09   9.149567371e-09   1.179263793e-08   1.519922235e-08   1.958987979e-08   2.524888313e-08   3.254262418e-08   4.194333571e-08   5.405966605e-08   6.967608587e-08   8.980367856e-08   1.157456024e-07   1.491814631e-07   1.922760588e-07   2.478195385e-07   3.194080474e-07   4.116765558e-07   5.305989427e-07   6.838747636e-07   8.814277395e-07   1.136048237e-06   1.464221327e-06   1.88719403e-06   2.432350807e-06   3.134986332e-06   4.040590256e-06   5.207791785e-06   6.712154546e-06   8.651067164e-06   1.115004572e-05   1.437085533e-05   1.852197547e-05   2.387208428e-05   3.076743158e-05   3.965421918e-05   5.110742784e-05   6.586794074e-05   8.489033986e-05   0.0001094044246   0.000140994361   0.0001817004606   0.0002341499741   0.0003017250244   0.0003887779867   0.0005009073222   0.0006453101761   0.0008312320105   0.001070538169   0.001378437456   0.001774393213   0.002283262372   0.002936706109   0.0037749149   0.004848682013   0.006221836886   0.007974004641   0.0102035781   0.01303065968   0.01659953877   0.02108001035   0.02666653239   0.03357392938   0.04202821939   0.05225139623   0.06443990106   0.07873821995   0.09521135294   0.1138220558   0.134419538   0.1567446276   0.1804522555   0.205146972   0.2304234311   0.2559031033   0.2812608691   0.3062390536   0.3306500148   0.3543704566   0.3773311128   0.399504863   0.4208953421   0.4415271462   0.4614380251   0.4806730163   0.4992802564   0.5173081371   0.5348034791   0.5518104458   0.5683699733   0.5845195495   0.6002932169   0.6157217142   0.6308326951   0.645650984   0.6601988462   0.6744962491   0.6885611125   0.7024095385   0.7160560199   0.7295136273   0.7427941748   0.7559083671   0.7688659273   0.7816757109   0.7943458033   0.806883607   0.819295916   0.8315889822   0.8437685727   0.8558400198   0.8678082657   0.8796779006   0.8914531973   0.9031381409   0.9147364503   0.9262516269   0.9376869255   0.9490454226   0.9603300082   0.9715434053   0.9826881836   0.9937667711   1.004781465   1.015734441   1.026627764   1.037463392   1.048243188   1.058968923   1.069642284   1.08026488   1.090838245   1.101363844   1.111843076   1.122277281   1.132667739   1.143015678   1.153322273   1.163588653   1.1738159   1.184005053   1.194157111   
32.98241206   1.725246952e-15   2.223625663e-15   2.865972945e-15   3.693877552e-15   4.760942142e-15   6.136253777e-15   7.908856964e-15   1.019351884e-14   1.313815976e-14   1.693343041e-14   2.182505546e-14   2.812974303e-14   3.625568989e-14   4.672901022e-14   6.02277988e-14   7.762603427e-14   1.000501648e-13   1.2895204e-13   1.662029109e-13   2.142145839e-13   2.760955731e-13   3.558523613e-13   4.586487991e-13   5.911404386e-13   7.619054466e-13   9.81999998e-13   1.265674108e-12   1.631294246e-12   2.102532478e-12   2.709899107e-12   3.492718066e-12   4.501672942e-12   5.802088488e-12   7.478160065e-12   9.638404873e-12   1.242268789e-11   1.601127744e-11   2.063651662e-11   2.65978664e-11   3.428129418e-11   4.418426325e-11   5.6947941e-11   7.339871135e-11   9.460167888e-11   1.21929629e-10   1.571519091e-10   2.025489844e-10   2.61060087e-10   3.364735166e-10   4.336719129e-10   5.589483832e-10   7.204139482e-10   9.285226905e-10   1.196748604e-09   1.542457966e-09   1.988033718e-09   2.562324645e-09   3.302513195e-09   4.256522848e-09   5.486120923e-09   7.070917701e-09   9.113520784e-09   1.174617842e-08   1.513934192e-08   1.951270147e-08   2.514941e-08   3.241441587e-08   4.177809138e-08   5.384668696e-08   6.940158272e-08   8.944987865e-08   1.15289599e-07   1.485937323e-07   1.915185481e-07   2.468432028e-07   3.181496742e-07   4.10054672e-07   5.285085399e-07   6.811804995e-07   8.779551751e-07   1.131572543e-06   1.458452728e-06   1.879759044e-06   2.422768064e-06   3.122635412e-06   4.024671525e-06   5.187274624e-06   6.685710638e-06   8.616984511e-06   1.110611782e-05   1.431423839e-05   1.844900432e-05   2.377803526e-05   3.064621688e-05   3.949799309e-05   5.090607936e-05   6.560843998e-05   8.455589609e-05   0.000108973402   0.0001404388823   0.0001809846101   0.0002332274852   0.000300536305   0.0003872462964   0.0004989338622   0.0006427677895   0.0008279571102   0.001066320413   0.001373006566   0.001767402208   0.002274266297   0.002925135202   0.003760040944   0.004829576487   0.006197319486   0.007942580853   0.01016336494   0.01297929968   0.0165341039   0.02099690031   0.02656137567   0.03344150035   0.04186239044   0.05204514851   0.06418541855   0.07842708619   0.09483485536   0.1133715798   0.1338870072   0.1561229261   0.1797355665   0.2043309802   0.2295053701   0.254881661   0.2801359898   0.3050116845   0.3293218408   0.3529436557   0.3758081497   0.3978883278   0.4191878315   0.4397311823   0.459556004   0.4787071788   0.4972326749   0.5151807134   0.5325979493   0.5495283892   0.5660128241   0.5820886089   0.5977896657   0.6131466245   0.6281870418   0.6429356543   0.6574146499   0.6716439262   0.6856413409   0.6994229405   0.713003168   0.7263950494   0.7396103588   0.7526597644   0.765552957   0.7782987624   0.7909052393   0.8033797658   0.8157291137   0.8279595148   0.8400767173   0.8520860366   0.8639923993   0.875800381   0.8875142411   0.8991379524   0.9106752274   0.9221295418   0.9335041553   0.9448021304   0.9560263482   0.9671795239   0.9782642194   0.9892828558   1.000237724   1.011130992   1.02196472   1.032740861   1.043461271   1.054127718   1.064741884   1.075305373   1.085819714   1.096286369   1.106706734   1.117082143   1.127413876   1.137703155   1.147951154   1.158158998   1.168327766   1.178458495   
33.2361809   1.333336916e-15   1.71850307e-15   2.21493365e-15   2.854770037e-15   3.679438418e-15   4.74233192e-15   6.112267548e-15   7.877941741e-15   1.015367302e-14   1.308680352e-14   1.68672387e-14   2.17397427e-14   2.801978563e-14   3.611396868e-14   4.654634947e-14   5.999237214e-14   7.7322599e-14   9.965907503e-14   1.284479746e-13   1.655532342e-13   2.133772326e-13   2.750163329e-13   3.544613569e-13   4.568559699e-13   5.888297079e-13   7.589272062e-13   9.781614219e-13   1.260726667e-12   1.62491762e-12   2.094313811e-12   2.699306282e-12   3.479065251e-12   4.484076187e-12   5.77940849e-12   7.448928409e-12   9.600728956e-12   1.237412839e-11   1.594869036e-11   2.055584978e-11   2.649389702e-11   3.414729077e-11   4.401154975e-11   5.672533509e-11   7.311180041e-11   9.423188688e-11   1.214530138e-10   1.565376122e-10   2.017572331e-10   2.600396196e-10   3.351582628e-10   4.319767168e-10   5.567634892e-10   7.175978955e-10   9.248931539e-10   1.192070589e-09   1.536428595e-09   1.980262619e-09   2.55230868e-09   3.289603879e-09   4.239884369e-09   5.464676022e-09   7.043277929e-09   9.077896606e-09   1.170026335e-08   1.508016318e-08   1.943642755e-08   2.505110254e-08   3.228770996e-08   4.161478346e-08   5.363620366e-08   6.91302963e-08   8.910022471e-08   1.148389392e-07   1.480128888e-07   1.907699141e-07   2.458783083e-07   3.169060472e-07   4.084517941e-07   5.264426333e-07   6.785178078e-07   8.745233035e-07   1.127149297e-06   1.452751728e-06   1.872411184e-06   2.413297615e-06   3.110429226e-06   4.008939335e-06   5.166997891e-06   6.659576611e-06   8.583301252e-06   1.106270469e-05   1.425828491e-05   1.837688828e-05   2.368508834e-05   3.052642263e-05   3.934359772e-05   5.070709036e-05   6.535198015e-05   8.422537148e-05   0.0001085474303   0.000139889913   0.0001802771484   0.0002323158065   0.0002993615156   0.0003857325553   0.0004969835284   0.0006402551963   0.0008247205876   0.001062152084   0.001367639321   0.001760493132   0.00226537565   0.002913699901   0.003745341307   0.004810694881   0.006173089448   0.007911525396   0.01012362317   0.0129285418   0.01646943623   0.02091476486   0.0264574523   0.03331062491   0.04169850748   0.05184132198   0.06393392482   0.07811960857   0.09446278496   0.1129264051   0.1333607491   0.1555085555   0.1790273388   0.2035246354   0.2285981792   0.2538723329   0.2790244753   0.3037989255   0.3280095084   0.3515339081   0.3743034285   0.3962911981   0.4175008647   0.437956876   0.4576967309   0.4767651577   0.4952099582   0.5130791845   0.5304193275   0.5472742389   0.5636845661   0.5796875323   0.5953169404   0.610603313   0.6255741104   0.640253982   0.6546650396   0.6688271118   0.6827579946   0.6964736795   0.7099885603   0.7233156186   0.7364665889   0.7494521037   0.7622818214   0.7749645385   0.7875082873   0.7999204217   0.8122076915   0.8243763084   0.8364320022   0.8483800715   0.8602254272   0.8719726307   0.8836259281   0.8951892798   0.906666387   0.9180607149   0.9293755134   0.9406138357   0.9517785543   0.9628723765   0.9738978568   0.984857409   0.9957533171   1.006587745   1.017362744   1.028080263   1.038742153   1.049350177   1.059906012   1.070411257   1.080867439   1.091276015   1.101638376   1.111955856   1.122229727   1.132461211   1.142651478   1.15280165   1.162912803   
33.48994975   1.030485168e-15   1.328165374e-15   1.711837605e-15   2.206342706e-15   2.843697394e-15   3.665167178e-15   4.723938092e-15   6.088560224e-15   7.847385991e-15   1.011429051e-14   1.303604444e-14   1.680181665e-14   2.165542193e-14   2.79111068e-14   3.597389537e-14   4.636581264e-14   5.975968295e-14   7.702269199e-14   9.927253273e-14   1.279497704e-13   1.649111118e-13   2.125496178e-13   2.739496419e-13   3.530865267e-13   4.550839872e-13   5.865458457e-13   7.55983596e-13   9.743674798e-13   1.255836754e-12   1.618615139e-12   2.086190709e-12   2.688836628e-12   3.465571187e-12   4.466684041e-12   5.756992209e-12   7.42003665e-12   9.563491124e-12   1.232613352e-11   1.588683103e-11   2.047612091e-11   2.639113657e-11   3.40148455e-11   4.384084451e-11   5.650531758e-11   7.28282256e-11   9.386639472e-11   1.209819405e-10   1.559304581e-10   2.009746882e-10   2.590310179e-10   3.338583025e-10   4.303012319e-10   5.546040006e-10   7.148145871e-10   9.213058205e-10   1.187446969e-09   1.530469332e-09   1.972581881e-09   2.542409177e-09   3.27684467e-09   4.223439357e-09   5.443480477e-09   7.015959546e-09   9.042686656e-09   1.165488217e-08   1.502167257e-08   1.936104052e-08   2.495393818e-08   3.216247736e-08   4.145337443e-08   5.34281678e-08   6.886216434e-08   8.875463646e-08   1.143935196e-07   1.474387992e-07   1.900299851e-07   2.449246333e-07   3.156768807e-07   4.06867554e-07   5.244007485e-07   6.758860772e-07   8.711313369e-07   1.122777483e-06   1.447117018e-06   1.865148763e-06   2.403937287e-06   3.09836497e-06   3.993390076e-06   5.14695693e-06   6.633746463e-06   8.550009653e-06   1.101979636e-05   1.420298204e-05   1.830561079e-05   2.359322219e-05   3.040802131e-05   3.919099762e-05   5.051041516e-05   6.509850238e-05   8.389869014e-05   0.0001081264117   0.0001393473269   0.0001795779129   0.0002314147286   0.0002982003865   0.0003842364157   0.0004950558728   0.0006377718194   0.0008215216994   0.001058032224   0.001362334488   0.001753664397   0.002256588388   0.002902397578   0.003730812615   0.00479203286   0.006149141206   0.007880831135   0.01008434367   0.01287837436   0.0164055209   0.02083358511   0.02635473838   0.03318127293   0.04153653278   0.05163986968   0.06368536188   0.07781571611   0.09409505573   0.1124864286   0.1328406416   0.1549013731   0.1783274075   0.2027277491   0.2277016458   0.2528748818   0.2779260633   0.3026004894   0.3267127057   0.3501408776   0.3728165889   0.3947130898   0.4158340344   0.436203797   0.4558597527   0.4748464779   0.4932116091   0.5110030315   0.5282670736   0.5450474338   0.5613846171   0.5773157168   0.5928744175   0.6080911356   0.6229932336   0.6376052825   0.6519493109   0.6660450813   0.679910329   0.693560991   0.7070114123   0.7202745308   0.7333620415   0.7462845415   0.7590516573   0.7716721564   0.7841540448   0.7965046525   0.8087307077   0.8208384018   0.8328334468   0.8447211242   0.8565063297   0.8681936103   0.8797871992   0.8912910445   0.9027088362   0.9140440289   0.9252998628   0.9364793819   0.9475854505   0.9586207676   0.9695878804   0.9804891959   0.9913269912   1.002103424   1.01282054   1.023480283   1.034084499   1.044634945   1.055133295   1.065581142   1.07598001   1.086331351   1.096636554   1.106896947   1.117113802   1.127288335   1.137421715   1.147515059   
33.74371859   7.964464662e-16   1.026519015e-15   1.323053503e-15   1.705249048e-15   2.197850888e-15   2.832752512e-15   3.651060605e-15   4.705756499e-15   6.065126446e-15   7.817182807e-15   1.007536242e-14   1.298587104e-14   1.673714946e-14   2.157207408e-14   2.780368194e-14   3.583543829e-14   4.618735893e-14   5.952967863e-14   7.672624544e-14   9.889045052e-14   1.274573146e-13   1.642763984e-13   2.117315523e-13   2.728952587e-13   3.517275598e-13   4.533324504e-13   5.842883358e-13   7.530739505e-13   9.706173138e-13   1.251003264e-12   1.612385379e-12   2.078161334e-12   2.678487777e-12   3.452232824e-12   4.449492574e-12   5.734834576e-12   7.391478258e-12   9.526682959e-12   1.227869244e-11   1.582568547e-11   2.039731198e-11   2.62895618e-11   3.388392845e-11   4.367210895e-11   5.628783873e-11   7.25479228e-11   9.350511977e-11   1.205163027e-10   1.553303097e-10   2.002011726e-10   2.580340539e-10   3.325733416e-10   4.286450795e-10   5.52469429e-10   7.120633937e-10   9.177598794e-10   1.182876698e-09   1.52457883e-09   1.964989766e-09   2.5326239e-09   3.264232681e-09   4.207184095e-09   5.422529495e-09   6.988956373e-09   9.007882974e-09   1.161002461e-08   1.496385684e-08   1.928652334e-08   2.485789494e-08   3.203868974e-08   4.129382782e-08   5.322253234e-08   6.859712619e-08   8.841303575e-08   1.139532394e-07   1.468713336e-07   1.892985937e-07   2.439819622e-07   3.144618969e-07   4.053015936e-07   5.223824238e-07   6.732847126e-07   8.677785082e-07   1.118456114e-06   1.441547323e-06   1.857970139e-06   2.394684962e-06   3.086439917e-06   3.97802023e-06   5.127147211e-06   6.608214355e-06   8.517102187e-06   1.097738312e-05   1.414831728e-05   1.823515573e-05   2.350241603e-05   3.029098616e-05   3.904015828e-05   5.031600929e-05   6.484794935e-05   8.357577819e-05   0.000107710251   0.0001388110015   0.0001788867455   0.0002305240478   0.0002970526551   0.0003827575395   0.0004931504598   0.0006353170973   0.0008183597224   0.001053959903   0.001357090866   0.001746914459   0.002247902524   0.002891225678   0.00371645158   0.004773586201   0.006125469343   0.007850491126   0.01004551753   0.01282878601   0.01634234345   0.02075334268   0.02625321063   0.03305341511   0.0413764296   0.05144074589   0.06343967327   0.07751533972   0.09373158396   0.11205155   0.132326566   0.1543012399   0.177635612   0.2019401381   0.2268155633   0.2518890769   0.276840499   0.3014160972   0.3254311295   0.3487642372   0.3713472803   0.3931536293   0.4141869442   0.4344715266   0.454044629   0.4729506771   0.4912371442   0.50895175   0.5261406625   0.5428474281   0.5591124113   0.5749725763   0.590461491   0.6056094665   0.6204437721   0.6349888908   0.6492667789   0.6632971306   0.6770976207   0.6906841323   0.704070962   0.7172710046   0.730295916   0.7431562582   0.7558616261   0.7684207584   0.7808416351   0.7931315626   0.8052972474   0.8173448614   0.8292800982   0.8411082231   0.852834116   0.8644623104   0.875997026   0.8874421991   0.8988015084   0.9100783982   0.921276099   0.9323976458   0.9434458944   0.9544235359   0.9653331103   0.9761770173   0.986957528   0.9976767937   1.008336855   1.018939649   1.029487017   1.039980711   1.050422401   1.060813677   1.071156056   1.081450989   1.091699859   1.101903992   1.112064655   1.122183063   1.132260381   
33.99748744   6.15579628e-16   7.934044784e-16   1.022598276e-15   1.318000166e-15   1.698735934e-15   2.189456305e-15   2.821932954e-15   3.63711556e-15   4.687783096e-15   6.041960996e-15   7.787325465e-15   1.003688007e-14   1.293627215e-14   1.667322275e-14   2.148968062e-14   2.769748716e-14   3.569856661e-14   4.60109486e-14   5.930230797e-14   7.643319334e-14   9.851274334e-14   1.269704977e-13   1.636489529e-13   2.109228542e-13   2.718529488e-13   3.503841538e-13   4.516009695e-13   5.820566754e-13   7.501976219e-13   9.66910089e-13   1.246225119e-12   1.606226953e-12   2.0702239e-12   2.668257426e-12   3.439047192e-12   4.432497958e-12   5.71293066e-12   7.363246873e-12   9.490296265e-12   1.223179458e-11   1.576524004e-11   2.031940546e-11   2.618915013e-11   3.375451047e-11   4.350530549e-11   5.607285012e-11   7.22708296e-11   9.31479816e-11   1.200559966e-10   1.547370333e-10   1.994365141e-10   2.570485056e-10   3.313030942e-10   4.270078908e-10   5.503592994e-10   7.093437028e-10   9.14254541e-10   1.178358759e-09   1.518755776e-09   1.957484585e-09   2.522950668e-09   3.251765106e-09   4.191114964e-09   5.401818412e-09   6.962262401e-09   8.973477811e-09   1.15656807e-08   1.490670313e-08   1.921285942e-08   2.476295144e-08   3.191631955e-08   4.113610809e-08   5.301925152e-08   6.833512287e-08   8.807534654e-08   1.135180007e-07   1.463103658e-07   1.885755771e-07   2.430500852e-07   3.132608253e-07   4.037535643e-07   5.2038721e-07   6.707131349e-07   8.644640711e-07   1.114184226e-06   1.436041405e-06   1.850873713e-06   2.385538581e-06   3.074651411e-06   3.962826377e-06   5.107564323e-06   6.582974602e-06   8.484571528e-06   1.093545553e-05   1.409427845e-05   1.816550741e-05   2.341264965e-05   3.017529112e-05   3.889104614e-05   5.012382946e-05   6.460026529e-05   8.325656375e-05   0.0001072988555   0.0001382808173   0.0001782034923   0.0002296435659   0.000295918066   0.0003812955973   0.000491266865   0.0006328904836   0.0008152339524   0.001049934213   0.00135190729   0.001740241815   0.002239316125   0.002880181714   0.003702255006   0.004755350798   0.006102068587   0.007820498612   0.01000713611   0.01277976571   0.01627988978   0.02067401968   0.02615284643   0.03292702292   0.04121816222   0.05124390614   0.06319680407   0.07721841218   0.09337228821   0.1116216717   0.1318184067   0.1537080207   0.176951796   0.2011616242   0.2259397304   0.2509146936   0.2757675341   0.3002454771   0.3241644847   0.3474036685   0.3698951616   0.3916124532   0.4125592088   0.4327596577   0.4522509314   0.4710773061   0.4892860935   0.5069248497   0.5240395836   0.5406736915   0.5568673983   0.5726575409   0.5880775716   0.6031576972   0.617925094   0.63240416   0.6466167781   0.6605825751   0.6743191662   0.6878423812   0.7011664688   0.7143042807   0.7272674345   0.7400664573   0.7527109127   0.7652095109   0.7775702062   0.7898002815   0.8019064219   0.8138947797   0.8257710308   0.8375404238   0.8492078238   0.8607777499   0.8722544091   0.8836417259   0.8949433677   0.9061627686   0.9173031494   0.9283675362   0.9393587765   0.9502795536   0.9611324   0.9719197088   0.9826437444   0.9933066521   1.003910467   1.01445712   1.024948449   1.0353862   1.045772038   1.05610755   1.066394248   1.076633579   1.086826923   1.096975603   1.107080882   1.117143972   
34.25125628   4.758000665e-16   6.132462584e-16   7.903970594e-16   1.018722092e-15   1.313004254e-15   1.692296834e-15   2.181157118e-15   2.811236348e-15   3.623328985e-15   4.67001394e-15   6.019058795e-15   7.757807418e-15   9.99883503e-15   1.288723689e-14   1.661002249e-14   2.140822346e-14   2.759249916e-14   3.556325032e-14   4.583654298e-14   5.907752112e-14   7.614347146e-14   9.813932839e-14   1.26489213e-13   1.630286375e-13   2.101233459e-13   2.708224836e-13   3.490560142e-13   4.498891651e-13   5.798503754e-13   7.473539795e-13   9.632449928e-13   1.241501272e-12   1.600138511e-12   2.062376666e-12   2.658143331e-12   3.4260114e-12   4.415696466e-12   5.691275657e-12   7.335336306e-12   9.454323066e-12   1.218542967e-11   1.570548152e-11   2.024238426e-11   2.608987951e-11   3.362656317e-11   4.334039757e-11   5.586030461e-11   7.199688526e-11   9.279490191e-11   1.196009215e-10   1.541504988e-10   1.986805452e-10   2.56074157e-10   3.300472818e-10   4.25389307e-10   5.482731491e-10   7.066549182e-10   9.107890368e-10   1.173892162e-09   1.512998895e-09   1.950064692e-09   2.513387362e-09   3.239439211e-09   4.17522844e-09   5.381342688e-09   6.935871775e-09   8.939463625e-09   1.152184071e-08   1.48501989e-08   1.914003261e-08   2.466908687e-08   3.179533996e-08   4.098018066e-08   5.281828075e-08   6.807609692e-08   8.774149479e-08   1.130877079e-07   1.457557728e-07   1.878607768e-07   2.421287979e-07   3.120734024e-07   4.022231265e-07   5.184146696e-07   6.681707804e-07   8.611872989e-07   1.109960883e-06   1.430598054e-06   1.843857931e-06   2.376496138e-06   3.062996869e-06   3.947805185e-06   5.088203972e-06   6.55802167e-06   8.452410543e-06   1.089400441e-05   1.404085372e-05   1.809665057e-05   2.332390336e-05   3.006091083e-05   3.874362849e-05   4.993383354e-05   6.435539588e-05   8.294097684e-05   0.0001068921351   0.0001377566581   0.0001775280036   0.0002287730897   0.0002947963703   0.0003798502687   0.0004894046755   0.0006304914462   0.0008121437042   0.001045954273   0.001346782621   0.001733645003   0.002230827308   0.002869263264   0.003688219779   0.004737322651   0.006078933806   0.007790847014   0.009969190989   0.01273130269   0.01621814621   0.02059559871   0.02605362372   0.03280206859   0.04106169584   0.05104930714   0.06295670081   0.07692486804   0.09301708918   0.1111966987   0.1313160513   0.1531215838   0.1762758076   0.2003920336   0.2250739512   0.2499515135   0.2747069273   0.2990883648   0.3229124842   0.3460588621   0.3684599012   0.3900892079   0.410950453   0.4310677943   0.4504782429   0.4692259275   0.4873579997   0.5049218534   0.5219633402   0.5385257077   0.5546490429   0.5703700565   0.5857220863   0.600735236   0.6154365892   0.6298504614   0.6439986611   0.6579007492   0.6715742819   0.6850350357   0.6982972123   0.7113736209   0.7242758407   0.7370143646   0.7495987248   0.7620376037   0.7743389299   0.7865099631   0.7985573672   0.8104872751   0.8223053449   0.834016809   0.8456265175   0.8571389756   0.8685583776   0.879888636   0.8911334073   0.9022961153   0.9133799715   0.9243879929   0.9353230188   0.9461877247   0.9569846359   0.9677161386   0.9783844909   0.9889918319   0.9995401909   1.010031494   1.020467574   1.030850172   1.041180949   1.051461485   1.061693293   1.071877811   1.08201642   1.092110435   1.102161119   
34.50502513   3.677707442e-16   4.74010091e-16   6.109392059e-16   7.874235598e-16   1.014889627e-15   1.308064689e-15   1.685930358e-15   2.172951533e-15   2.800660385e-15   3.609697903e-15   4.652445194e-15   5.996414899e-15   7.728622292e-15   9.961219086e-15   1.283875469e-14   1.654753504e-14   2.132768502e-14   2.748869527e-14   3.542946021e-14   4.56641044e-14   5.885526955e-14   7.585701723e-14   9.777012502e-14   1.260133564e-13   1.624153184e-13   2.09332855e-13   2.698036405e-13   3.47742854e-13   4.481966673e-13   5.776689593e-13   7.445424093e-13   9.596212336e-13   1.236830703e-12   1.594118737e-12   2.054617937e-12   2.648143308e-12   3.413122633e-12   4.399084471e-12   5.669864891e-12   7.30774053e-12   9.418755593e-12   1.213958768e-11   1.564639698e-11   2.016623175e-11   2.599172853e-11   3.350005894e-11   4.317734958e-11   5.565015631e-11   7.172603062e-11   9.244580445e-11   1.191509789e-10   1.535705796e-10   1.979331025e-10   2.551107976e-10   3.288056331e-10   4.237889785e-10   5.462105275e-10   7.039964593e-10   9.073626186e-10   1.169475941e-09   1.507306944e-09   1.942728485e-09   2.503931916e-09   3.227252335e-09   4.159521094e-09   5.361097901e-09   6.909778798e-09   8.90583307e-09   1.147849516e-08   1.479433197e-08   1.906802718e-08   2.457628095e-08   3.167572485e-08   4.082601188e-08   5.261957665e-08   6.781999241e-08   8.741140841e-08   1.126622683e-07   1.452074348e-07   1.871540384e-07   2.412179015e-07   3.108993721e-07   4.007099499e-07   5.164643766e-07   6.656571e-07   8.57947484e-07   1.105785174e-06   1.425216097e-06   1.836921277e-06   2.367555681e-06   3.051473773e-06   3.932953411e-06   5.069061979e-06   6.533350173e-06   8.420612289e-06   1.085302079e-05   1.398803155e-05   1.802857034e-05   2.3236158e-05   2.994782059e-05   3.85978735e-05   4.974598051e-05   6.411328826e-05   8.262894931e-05   0.000106490002   0.0001372384106   0.0001768601335   0.0002279124313   0.0002936873258   0.0003784212415   0.0004875634891   0.000628119467   0.0008090883106   0.001042019222   0.001341715754   0.001727122598   0.002222434239   0.002858467969   0.003674342868   0.004719497866   0.006056060002   0.007761529926   0.009931673973   0.0126833865   0.01615709938   0.02051806279   0.02595552105   0.03267852508   0.04090699658   0.0508569067   0.06271931141   0.07663464358   0.09266590967   0.1107765385   0.13081939   0.1525418012   0.1756074986   0.1996311975   0.2242180352   0.2489993236   0.2736584433   0.2979445028   0.3216748485   0.3447295164   0.367041176   0.3885835493   0.409360312   0.4293955509   0.4487261581   0.4673961161   0.4854524178   0.502942297   0.5199114492   0.5364029749   0.5524568246   0.568109584   0.5833944777   0.5983415072   0.6129776647   0.6273271833   0.6414117986   0.6552510059   0.6688623026   0.6822614133   0.6954624925   0.7084783074   0.7213203994   0.7339992272   0.7465242923   0.7589042492   0.7711470012   0.7832597849   0.7952492433   0.8071214902   0.8188821659   0.8305364868   0.8420892879   0.853545061   0.8649079875   0.8761819682   0.8873706487   0.8984774428   0.9095055523   0.9204579856   0.9313375736   0.9421469843   0.9528887356   0.9635652071   0.9741786505   0.984731199   0.9952248761   1.005661603   1.016043207   1.026371424   1.036647912   1.046874246   1.057051934   1.067182413   1.077267057   1.08730718   
34.75879397   2.842772424e-16   3.663975008e-16   4.722401535e-16   6.086579797e-16   7.844833471e-16   1.011100063e-15   1.30318042e-15   1.679635152e-15   2.164837806e-15   2.790202815e-15   3.596219414e-15   4.635073123e-15   5.974024491e-15   7.699763881e-15   9.924024234e-15   1.279081521e-14   1.648574711e-14   2.124804817e-14   2.738605342e-14   3.529716782e-14   4.549359619e-14   5.863550599e-14   7.557376971e-14   9.740505471e-14   1.255428268e-13   1.618088652e-13   2.085512133e-13   2.68796203e-13   3.464443941e-13   4.465231162e-13   5.755119631e-13   7.417623134e-13   9.560380406e-13   1.23221242e-12   1.588166352e-12   2.046946064e-12   2.638255232e-12   3.400378149e-12   4.38265844e-12   5.64869381e-12   7.280453677e-12   9.383586281e-12   1.209425888e-11   1.558797387e-11   2.009093173e-11   2.589467631e-11   3.337497086e-11   4.301612683e-11   5.544236053e-11   7.145820807e-11   9.210061497e-11   1.187060732e-10   1.529971523e-10   1.97194027e-10   2.541582226e-10   3.275778841e-10   4.222065649e-10   5.441709961e-10   7.013677605e-10   9.039745576e-10   1.165109158e-09   1.501678711e-09   1.935474403e-09   2.49458232e-09   3.215201885e-09   4.143989584e-09   5.341079744e-09   6.88397792e-09   8.872578993e-09   1.143563485e-08   1.473909044e-08   1.899682782e-08   2.448451396e-08   3.155744878e-08   4.067356895e-08   5.242309695e-08   6.756675488e-08   8.708501719e-08   1.122415912e-07   1.446652352e-07   1.864552116e-07   2.40317202e-07   3.097384844e-07   3.992137126e-07   5.145359162e-07   6.63171559e-07   8.547439373e-07   1.101656209e-06   1.419894389e-06   1.830062275e-06   2.358715308e-06   3.040079673e-06   3.918267895e-06   5.050134272e-06   6.508954861e-06   8.389170002e-06   1.081249597e-05   1.393580069e-05   1.796125223e-05   2.314939491e-05   2.983599634e-05   3.845375018e-05   4.956023042e-05   6.387389092e-05   8.232041479e-05   0.0001060923706   0.0001367259648   0.00017619974   0.0002270614076   0.0002925906967   0.0003770082118   0.0004857429143   0.0006257740416   0.0008060671215   0.001038128223   0.00133670561   0.001720673211   0.002214135133   0.002847793534   0.00366062132   0.004701872651   0.006033442309   0.00773254111   0.009894577075   0.01263600691   0.01609673629   0.02044139543   0.02585851751   0.03255636607   0.04075403145   0.05066666377   0.06248458518   0.07634767675   0.0923186745   0.110361101   0.1303283164   0.151968548   0.1749467249   0.1988789513   0.2233717966   0.248057917   0.2726218536   0.2968136407   0.3204513055   0.3434153381   0.3656386717   0.3870951423   0.4077884304   0.4277425523   0.4469942824   0.4655874577   0.4835689149   0.5009857286   0.5178834402   0.5343050044   0.5502902366   0.5658755988   0.5810942035   0.5959759509   0.6105477426   0.6248337309   0.6388555783   0.6526327153   0.6661825817   0.67952085   0.6926616283   0.7056176421   0.7184003953   0.731020313   0.7434868661   0.7558086813   0.7679936371   0.7800489472   0.7919812338   0.8037965915   0.8155006435   0.8270985899   0.8385952511   0.8499951052   0.8613023212   0.8725207881   0.8836541408   0.8947057829   0.9056789069   0.9165765125   0.9274014224   0.9381562971   0.9488436472   0.9594658456   0.9700251377   0.9805236508   0.9909634029   1.00134631   1.011674193   1.021948787   1.03217174   1.042344628   1.052468952   1.062546146   1.072577581   
35.01256281   2.197450309e-16   2.832236216e-16   3.650395165e-16   4.704898831e-16   6.06402102e-16   7.815758053e-16   1.007352609e-15   1.298350424e-15   1.673409896e-15   2.156814237e-15   2.779861446e-15   3.582890695e-15   4.617894085e-15   5.951882878e-15   7.671226136e-15   9.887242681e-15   1.274340843e-14   1.642464575e-14   2.116929623e-14   2.72845521e-14   3.516634542e-14   4.532498263e-14   5.841818437e-14   7.529366957e-14   9.704404097e-14   1.250775257e-13   1.612091507e-13   2.07778257e-13   2.677999598e-13   3.451603623e-13   4.448681612e-13   5.733789349e-13   7.390131092e-13   9.524946632e-13   1.227645453e-12   1.582280109e-12   2.039359438e-12   2.628477029e-12   3.387775279e-12   4.366414931e-12   5.627757975e-12   7.253470027e-12   9.348807762e-12   1.204943375e-11   1.553019994e-11   2.001646842e-11   2.57987025e-11   3.325127273e-11   4.285669554e-11   5.523687372e-11   7.119336149e-11   9.175926115e-11   1.182661112e-10   1.524300968e-10   1.96463164e-10   2.532162324e-10   3.263637775e-10   4.206417347e-10   5.421541274e-10   6.987682712e-10   9.006241438e-10   1.160790897e-09   1.496113018e-09   1.928300927e-09   2.485336614e-09   3.203285336e-09   4.128630657e-09   5.321284024e-09   6.858463735e-09   8.839694427e-09   1.13932508e-08   1.468446274e-08   1.89264196e-08   2.439376666e-08   3.144048696e-08   4.052281992e-08   5.222880048e-08   6.731633125e-08   8.676225275e-08   1.118255886e-07   1.441290604e-07   1.8576415e-07   2.39426511e-07   3.085904962e-07   3.977341011e-07   5.126288844e-07   6.607136368e-07   8.515759875e-07   1.097573125e-06   1.414631814e-06   1.823279488e-06   2.349973167e-06   3.028812181e-06   3.903745561e-06   5.031416884e-06   6.484830624e-06   8.358077093e-06   1.077242144e-05   1.388415021e-05   1.789468215e-05   2.306359592e-05   2.972541465e-05   3.831122831e-05   4.937654433e-05   6.363715371e-05   8.201530864e-05   0.0001056991575   0.0001362192131   0.0001755466846   0.0002262198404   0.0002915062532   0.0003756108835   0.0004839425695   0.0006234546784   0.0008030795039   0.001034280462   0.00133175114   0.001714295493   0.002205928251   0.00283723772   0.00364705226   0.004684443312   0.006011075985   0.007703874488   0.009857892517   0.01258915401   0.01603704428   0.02036558053   0.02576259276   0.03243556589   0.04060276831   0.05047853836   0.06225247273   0.0760639071   0.09197531045   0.1099502985   0.1298427265   0.1514017028   0.1742933461   0.1981351348   0.2225350548   0.2471270919   0.2715969351   0.2956955345   0.3192415902   0.3421160417   0.3642520823   0.3856236609   0.4062344624   0.4261084334   0.4452822311   0.4637995495   0.4817070695   0.4990517087   0.5158788557   0.532231321   0.5481487861   0.5636675906   0.5788207359   0.5936380223   0.6081462615   0.6223695252   0.6363294043   0.6500452651   0.6635344899   0.6768126998   0.689893957   0.7027909458   0.7155151329   0.7280769098   0.7404857174   0.7527501551   0.7648780762   0.7768766721   0.7887525442   0.8005117685   0.8121599507   0.8237022751   0.8351435474   0.8464882324   0.8577404865   0.8689041872   0.8799829586   0.8909801943   0.9018990777   0.9127425998   0.9235135751   0.9342146566   0.9448483477   0.9554170148   0.9659228969   0.9763681156   0.9867546831   0.9970845104   1.007359414   1.017581122   1.027751282   1.037871462   1.047943161   1.057967809   
35.26633166   1.698665666e-16   2.189365738e-16   2.821816224e-16   3.63696511e-16   4.687589185e-16   6.041711069e-16   7.787003341e-16   1.003646489e-15   1.293573704e-15   1.667253306e-15   2.148879169e-15   2.769634145e-15   3.569708993e-15   4.600904535e-15   5.929985491e-15   7.643003167e-15   9.850866835e-15   1.269652456e-14   1.636421835e-14   2.109141293e-14   2.718417036e-14   3.503696601e-14   4.51582289e-14   5.820325985e-14   7.501665898e-14   9.668700926e-14   1.246173568e-13   1.606160511e-13   2.070138264e-13   2.668147053e-13   3.438904935e-13   4.432314607e-13   5.712694343e-13   7.362942291e-13   9.489903698e-13   1.223128861e-12   1.576458791e-12   2.031856495e-12   2.618806681e-12   3.375311421e-12   4.350350589e-12   5.607053066e-12   7.226784012e-12   9.314412854e-12   1.200510306e-11   1.547306326e-11   1.994282645e-11   2.57037873e-11   3.312893901e-11   4.269902281e-11   5.503365346e-11   7.093143621e-11   9.142167251e-11   1.17831002e-10   1.518692959e-10   1.957403625e-10   2.522846324e-10   3.251630627e-10   4.190941648e-10   5.40159505e-10   6.961974546e-10   8.973106856e-10   1.156520267e-09   1.490608715e-09   1.921206575e-09   2.47619289e-09   3.191500229e-09   4.11344114e-09   5.301706654e-09   6.833230975e-09   8.807172583e-09   1.135133424e-08   1.463043759e-08   1.8856788e-08   2.430402031e-08   3.132481524e-08   4.037373367e-08   5.203664712e-08   6.706866983e-08   8.644304845e-08   1.114141746e-07   1.435987997e-07   1.850807109e-07   2.385456443e-07   3.074551706e-07   3.9627081e-07   5.107428874e-07   6.582828257e-07   8.484429807e-07   1.093535078e-06   1.409427286e-06   1.816571517e-06   2.341327453e-06   3.017668972e-06   3.88938341e-06   5.012905952e-06   6.46097248e-06   8.327327143e-06   1.073278895e-05   1.383306944e-05   1.782884634e-05   2.297874329e-05   2.961605269e-05   3.817027849e-05   4.919488433e-05   6.340302775e-05   8.171356786e-05   0.0001053102817   0.000135718051   0.0001749008325   0.0002253875558   0.0002904337713   0.0003742289682   0.0004821620832   0.0006211608986   0.0008001248409   0.001030475143   0.001326851321   0.001707988125   0.002197811899   0.002826798349   0.003633632885   0.004667206249   0.005988956412   0.00767552414   0.00982161272   0.01254281811   0.01597801102   0.02029060242   0.02566772694   0.03231609957   0.04045317587   0.05029249151   0.06202292594   0.07578327575   0.09163574616   0.1095440454   0.129362519   0.1508411471   0.1736472254   0.1973995919   0.2217076336   0.2462066518   0.2705834708   0.2945899465   0.3180454447   0.3408313488   0.3628811096   0.3841687875   0.4046980713   0.4244928385   0.4435896303   0.4620319989   0.4798664713   0.4971398092   0.5138972502   0.5301814618   0.5460319931   0.5614850625   0.5765735614   0.5913271911   0.6057726741   0.6199340029   0.633832697   0.6474880591   0.6609174148   0.6741363342   0.6871588342   0.6999975578   0.7126639353   0.7251683249   0.7375201376   0.7497279456   0.7617995777   0.7737422028   0.7855624021   0.7972662326   0.808859283   0.820346722   0.8317333408   0.8430235906   0.8542216155   0.8653312816   0.8763562025   0.8872997618   0.8981651337   0.9089553005   0.9196730689   0.930321084   0.9409018427   0.9514177044   0.961870902   0.9722635512   0.9825976589   0.9928751306   1.003097778   1.013267325   1.023385414   1.033453611   1.043473408   
35.5201005   1.313132218e-16   1.692461764e-16   2.181369691e-16   2.811510328e-16   3.623682111e-16   4.670469074e-16   6.019645407e-16   7.758563486e-16   9.999809506e-16   1.288849287e-15   1.661164129e-15   2.141030988e-15   2.759518829e-15   3.556671628e-15   4.584101016e-15   5.908327876e-15   7.615089232e-15   9.814889295e-15   1.265015405e-14   1.630445261e-14   2.101438243e-14   2.708488777e-14   3.490900328e-14   4.499330108e-14   5.79906887e-14   7.474268158e-14   9.633388696e-14   1.241622267e-13   1.600294459e-13   2.062577663e-13   2.658402391e-13   3.426345295e-13   4.416126815e-13   5.691830323e-13   7.3360512e-13   9.455244475e-13   1.218661725e-12   1.570701216e-12   2.024435706e-12   2.609242221e-12   3.362984039e-12   4.334462149e-12   5.586574871e-12   7.200390201e-12   9.280394563e-12   1.196125777e-11   1.541655222e-11   1.986999085e-11   2.560991139e-11   3.300794481e-11   4.254307656e-11   5.483265841e-11   7.067237895e-11   9.108778038e-11   1.174006572e-10   1.513146357e-10   1.950254755e-10   2.513632333e-10   3.239754954e-10   4.175635404e-10   5.381867233e-10   6.936547878e-10   8.940335089e-10   1.1522964e-09   1.485164683e-09   1.914189905e-09   2.467149287e-09   3.179844165e-09   4.098417945e-09   5.282343651e-09   6.808274507e-09   8.775006845e-09   1.130987667e-08   1.4577004e-08   1.878791885e-08   2.421525666e-08   3.12104101e-08   4.022627989e-08   5.18465978e-08   6.682372024e-08   8.612733936e-08   1.110072654e-07   1.430743451e-07   1.844047553e-07   2.37674423e-07   3.063322764e-07   3.948235415e-07   5.088775416e-07   6.558786315e-07   8.453442796e-07   1.089541246e-06   1.404279746e-06   1.809936997e-06   2.332776408e-06   3.006647778e-06   3.875178522e-06   4.99459771e-06   6.437375578e-06   8.296913898e-06   1.069359042e-05   1.3782548e-05   1.776373142e-05   2.289481979e-05   2.950788823e-05   3.803087203e-05   4.901521346e-05   6.317146541e-05   8.141513107e-05   0.000104925664   0.0001352223765   0.0001742620524   0.0002245643846   0.000289373033   0.0003728621846   0.0004804010929   0.0006188922357   0.0007972025317   0.001026711493   0.001322005156   0.001701749825   0.002189784424   0.002816473297   0.003620360466   0.004650157955   0.005967079087   0.007647484296   0.0097857303   0.01249698977   0.01591962449   0.02021644584   0.02557390074   0.03219794274   0.04030522359   0.05010848524   0.06179589791   0.07550572531   0.09129991213   0.1091422585   0.1288875953   0.1502867657   0.1730082296   0.1966721704   0.2208893616   0.2452964053   0.2695812493   0.2934966454   0.3168626176   0.3395609885   0.3615254636   0.3827302127   0.4031789291   0.4228954213   0.4419161158   0.4602844241   0.4780467208   0.4952496134   0.5119381899   0.5281549763   0.5439393905   0.5593275309   0.57435218   0.5890429409   0.6034264483   0.6175266155   0.631364892   0.6449605172   0.6583307604   0.6714911416   0.6844556322   0.6972368351   0.7098461439   0.722293884   0.7345894368   0.7467413476   0.7587574209   0.7706448032   0.7824100556   0.7940592167   0.8055978581   0.8170311327   0.8283638176   0.8396003507   0.8507448639   0.8618012119   0.8727729975   0.8836635949   0.8944761689   0.9052136933   0.9158789669   0.9264746275   0.9370031647   0.9474669315   0.9578681547   0.9682089441   0.9784913011   0.9887171263   0.9988882264   1.009006321   1.019073047   1.029089967   
35.77386935   1.015127373e-16   1.308371114e-16   1.686325301e-16   2.173460565e-16   2.801316463e-16   3.610543505e-16   4.653535068e-16   5.997819609e-16   7.730432787e-16   9.963552584e-16   1.284176227e-15   1.655141144e-15   2.133268121e-15   2.749513473e-15   3.543775986e-15   4.56748016e-15   5.886905689e-15   7.587478737e-15   9.779302849e-15   1.260428761e-14   1.624533656e-14   2.09381893e-14   2.698668443e-14   3.478243157e-14   4.483016611e-14   5.778042831e-14   7.447168246e-14   9.598460328e-14   1.237120441e-13   1.594492173e-13   2.055099248e-13   2.648763658e-13   3.413922185e-13   4.400114994e-13   5.671193105e-13   7.30945243e-13   9.420962015e-13   1.214243148e-12   1.565006228e-12   2.017095586e-12   2.599781731e-12   3.350790661e-12   4.318746424e-12   5.566319284e-12   7.174283305e-12   9.246746067e-12   1.19178891e-11   1.536065548e-11   1.979794701e-11   2.551705597e-11   3.288826589e-11   4.238882552e-11   5.463384828e-11   7.041613778e-11   9.075751783e-11   1.169749904e-10   1.50766005e-10   1.943183596e-10   2.504518502e-10   3.228008376e-10   4.160495547e-10   5.362353867e-10   6.911397612e-10   8.907919568e-10   1.148118448e-09   1.479779831e-09   1.907249509e-09   2.458203992e-09   3.16831481e-09   4.08355806e-09   5.263191134e-09   6.783589329e-09   8.743190765e-09   1.126886975e-08   1.452415126e-08   1.871979834e-08   2.412745792e-08   3.10972486e-08   4.0080429e-08   5.165861441e-08   6.658143339e-08   8.581506218e-08   1.106047795e-07   1.425555917e-07   1.837361476e-07   2.368126723e-07   3.052215887e-07   3.933920056e-07   5.070324731e-07   6.535005721e-07   8.42279263e-07   1.08559083e-06   1.399188163e-06   1.803374597e-06   2.324318317e-06   2.995746389e-06   3.861128048e-06   4.976488488e-06   6.414035186e-06   8.266831261e-06   1.0654818e-05   1.373257575e-05   1.769932433e-05   2.281180857e-05   2.940089957e-05   3.7892981e-05   4.883749571e-05   6.294242029e-05   8.111993846e-05   0.0001045452272   0.0001347320903   0.0001736302162   0.0002237501618   0.0002883238255   0.0003715102588   0.0004786592459   0.0006166482347   0.0007943119902   0.001022988757   0.001317211673   0.001695579342   0.002181844218   0.002806260493   0.003607232341   0.004633295011   0.005945439625   0.007619749332   0.009750238061   0.01245165981   0.01586187296   0.0201430959   0.02548109532   0.03208107167   0.04015888176   0.04992648254   0.06157134296   0.07523119987   0.09096774061   0.1087448567   0.1284178595   0.149738446   0.1723762289   0.1959527222   0.2200800714   0.2443961659   0.2685900646   0.2924154055   0.3156928639   0.3383046967   0.360184861   0.3813076353   0.4016767163   0.4213158444   0.4402613325   0.4585564527   0.4762474287   0.4933807154   0.5100012524   0.5261514256   0.5418705233   0.5571945247   0.5721561047   0.5867847692   0.6011070657   0.6151468293   0.6289254399   0.6424620746   0.6557739467   0.6688765264   0.6817837405   0.6945081517   0.7070611175   0.7194529308   0.7316929436   0.7437896746   0.7557509041   0.7675837567   0.7792947733   0.7908899742   0.8023749141   0.8137547307   0.8250341865   0.8362177065   0.8473094103   0.8583131414   0.8692324923   0.8800708272   0.890831302   0.901516882   0.9121303582   0.9226743608   0.9331513726   0.9435637401   0.9539136839   0.9642033082   0.9744346089   0.9846094815   0.9947297278   1.004797063   1.01481312   
36.02763819   7.847728818e-17   1.011473237e-16   1.303661394e-16   1.680255066e-16   2.165636798e-16   2.791232614e-16   3.597546696e-16   4.636783821e-16   5.976229365e-16   7.702605686e-16   9.927686962e-16   1.279553601e-15   1.649183162e-15   2.125589034e-15   2.739616098e-15   3.531019519e-15   4.551038683e-15   5.8657147e-15   7.560166225e-15   9.744100467e-15   1.255891618e-14   1.618685851e-14   2.086281847e-14   2.688954094e-14   3.465722587e-14   4.466879176e-14   5.757243713e-14   7.420360808e-14   9.563908922e-14   1.232667201e-13   1.588752508e-13   2.047701544e-13   2.639228951e-13   3.401633151e-13   4.384275978e-13   5.650778612e-13   7.283140724e-13   9.387049547e-13   1.209872259e-12   1.559372703e-12   2.009834683e-12   2.590423344e-12   3.33872888e-12   4.303200309e-12   5.546282304e-12   7.148458166e-12   9.213460721e-12   1.187498849e-11   1.530536201e-11   1.972668069e-11   2.542520267e-11   3.276987858e-11   4.223623922e-11   5.443718379e-11   7.016266206e-11   9.043081962e-11   1.165539177e-10   1.502232953e-10   1.936188753e-10   2.495503031e-10   3.216388572e-10   4.145519086e-10   5.343051097e-10   6.886518777e-10   8.875853889e-10   1.143985587e-09   1.474453094e-09   1.900384017e-09   2.449355239e-09   3.156909883e-09   4.068858549e-09   5.244245319e-09   6.759170563e-09   8.711718057e-09   1.12283054e-08   1.447186894e-08   1.865241302e-08   2.404060674e-08   3.098530839e-08   3.993615219e-08   5.147265982e-08   6.634176139e-08   8.550615523e-08   1.102066375e-07   1.420424369e-07   1.830747559e-07   2.359602219e-07   3.04122888e-07   3.919759194e-07   5.052073173e-07   6.511481777e-07   8.392473253e-07   1.081683048e-06   1.39415153e-06   1.796883021e-06   2.315951509e-06   2.984962654e-06   3.847229212e-06   4.958574708e-06   6.390946693e-06   8.237073288e-06   1.061646403e-05   1.368314282e-05   1.763561235e-05   2.272969325e-05   2.929506557e-05   3.775657814e-05   4.866169597e-05   6.271584712e-05   8.082793169e-05   0.0001041688964   0.0001342470955   0.0001730051991   0.0002229447265   0.0002872859416   0.0003701729238   0.0004769361978   0.0006144284524   0.0007914526454   0.0010193062   0.001312469926   0.001689475458   0.002173989712   0.002796157919   0.003594245917   0.004616614086   0.005924033748   0.007592313766   0.009715128985   0.01240681926   0.01580474503   0.02007053808   0.0253892923   0.03196546323   0.04001412139   0.04974644734   0.06134921654   0.07495964491   0.09063916555   0.1083517608   0.1279532176   0.1491960786   0.1717510966   0.1952411029   0.2192796002   0.2435057517   0.2676097157   0.291346007   0.3145359451   0.3370622163   0.3588590266   0.3799007616   0.4001911215   0.4197537791   0.4386249348   0.4568477223   0.4744682161   0.4915327198   0.5080860262   0.5241703825   0.5398249483   0.5550855852   0.5699848613   0.5845521864   0.5988140214   0.6127941245   0.6265138059   0.6399921812   0.6532464087   0.6662919089   0.6791425645   0.6918108982   0.704308232   0.7166448266   0.7288300046   0.7408722585   0.7527793447   0.7645583659   0.7762158431   0.7877577784   0.79918971   0.81051676   0.821743677   0.8328748729   0.8439144552   0.8548662563   0.8657338583   0.8765206156   0.8872296754   0.8978639945   0.9084263559   0.9189193827   0.9293455507   0.9397071999   0.950006545   0.9602456843   0.9704266084   0.9805512077   0.9906212794   1.000638534   
36.28140704   6.0670649e-17   7.81968123e-17   1.007858257e-16   1.299002141e-16   1.674249876e-16   2.157896866e-16   2.781256818e-16   3.584689153e-16   4.620212071e-16   5.95487047e-16   7.675076764e-16   9.892205655e-16   1.274980508e-15   1.643289022e-15   2.117992231e-15   2.729824778e-15   3.518399742e-15   4.534773384e-15   5.844750781e-15   7.533146378e-15   9.709275294e-15   1.251403092e-14   1.612900708e-14   2.078825528e-14   2.679343839e-14   3.45333618e-14   4.450914661e-14   5.736667467e-14   7.393840622e-14   9.529727749e-14   1.228261679e-13   1.583074346e-13   2.04038311e-13   2.629796412e-13   3.389475798e-13   4.368606685e-13   5.63058287e-13   7.25711096e-13   9.353500465e-13   1.205548205e-12   1.553799544e-12   2.002651583e-12   2.581165235e-12   3.326796346e-12   4.287820778e-12   5.526460028e-12   7.122909754e-12   9.180532041e-12   1.183254758e-11   1.525066102e-11   1.965617802e-11   2.533433363e-11   3.265275985e-11   4.208528795e-11   5.424262665e-11   6.991190245e-11   9.010762211e-11   1.161373568e-10   1.49686401e-10   1.929268863e-10   2.486584165e-10   3.204893279e-10   4.130703103e-10   5.323955165e-10   6.86190653e-10   8.844131808e-10   1.139897011e-09   1.469183435e-09   1.893592092e-09   2.440601304e-09   3.145627166e-09   4.05431655e-09   5.225502516e-09   6.735013456e-09   8.680582593e-09   1.118817572e-08   1.442014684e-08   1.858574976e-08   2.395468621e-08   3.087456767e-08   3.979342138e-08   5.128869781e-08   6.610465758e-08   8.520055836e-08   1.098127617e-07   1.415347807e-07   1.824204513e-07   2.351169059e-07   3.030359603e-07   3.905750071e-07   5.034017189e-07   6.488209903e-07   8.362478761e-07   1.077817139e-06   1.389168867e-06   1.790461006e-06   2.307674355e-06   2.97429447e-06   3.833479309e-06   4.940852882e-06   6.368105603e-06   8.207634185e-06   1.057852104e-05   1.363423958e-05   1.757258308e-05   2.264845783e-05   2.919036563e-05   3.76216369e-05   4.848778e-05   6.249170178e-05   8.053905391e-05   0.0001037965981   0.0001337672976   0.0001723868793   0.0002221479218   0.0002862591792   0.000368849919   0.0004752316133   0.0006122324565   0.0007886239404   0.001015663104   0.001307778991   0.001683436982   0.002166219376   0.002786163608   0.003581398662   0.004600111929   0.005902857286   0.007565172253   0.009680396232   0.01236245938   0.01574822955   0.01999875825   0.0252984738   0.03185109487   0.03987091421   0.04956834448   0.06112947522   0.07469100729   0.09031412258   0.1079628936   0.1274935785   0.1486595566   0.1711327094   0.1945371716   0.2184877892   0.2426249856   0.2666400071   0.2902882358   0.3133916285   0.3358332966   0.3575476916   0.3785093055   0.3987218414   0.4182089053   0.4370065857   0.4551578796   0.4727087136   0.4897052413   0.5061921103   0.5222114304   0.5378022338   0.5530002657   0.5678379881   0.5823447157   0.596546824   0.6104679944   0.6241294688   0.6375503016   0.6507475963   0.6637367245   0.676531525   0.6891444813   0.7015868797   0.7138689491   0.7259999833   0.7379884486   0.7498420777   0.7615679516   0.7731725717   0.7846619219   0.796041524   0.807316485   0.8184915393   0.8295710859   0.8405592205   0.8514597642   0.8622762889   0.8730121397   0.8836704545   0.8942541819   0.9047660972   0.9152088162   0.9255848077   0.9358964057   0.9461458184   0.9563351387   0.9664663519   0.9765413432   0.986561905   
36.53517588   4.690556153e-17   6.045535116e-17   7.791932055e-17   1.004281738e-16   1.29439246e-16   1.668308579e-16   2.150239283e-16   2.77138716e-16   3.571968409e-16   4.603816636e-16   5.933738823e-16   7.647840738e-16   9.857101853e-16   1.270456071e-15   1.637457594e-15   2.110476255e-15   2.720137634e-15   3.505914235e-15   4.51868114e-15   5.824009909e-15   7.506414011e-15   9.674820645e-15   1.246962323e-14   1.607177116e-14   2.07144854e-14   2.669835833e-14   3.44108156e-14   4.435120001e-14   5.716310143e-14   7.3676026e-14   9.495910248e-14   1.22390303e-13   1.577456597e-13   2.03314254e-13   2.620464231e-13   3.377447794e-13   4.353104105e-13   5.610602001e-13   7.231358141e-13   9.320308329e-13   1.201270158e-12   1.54828568e-12   1.995544909e-12   2.572005628e-12   3.314990768e-12   4.272604878e-12   5.506848653e-12   7.097633165e-12   9.147953707e-12   1.179055821e-11   1.519654203e-11   1.958642547e-11   2.524443139e-11   3.253688721e-11   4.193594273e-11   5.40501395e-11   6.966381081e-11   8.978786328e-11   1.15725228e-10   1.49155219e-10   1.922422597e-10   2.477760192e-10   3.193520291e-10   4.116044756e-10   5.305062405e-10   6.837556146e-10   8.812747235e-10   1.135851935e-09   1.463969843e-09   1.886872429e-09   2.431940507e-09   3.134464491e-09   4.03992927e-09   5.206959128e-09   6.711113368e-09   8.649778396e-09   1.1148473e-08   1.436897504e-08   1.851979576e-08   2.386967984e-08   3.076500518e-08   3.965220915e-08   5.110669308e-08   6.587007645e-08   8.489821289e-08   1.094230766e-07   1.410325258e-07   1.817731081e-07   2.342825624e-07   3.019605971e-07   3.89189e-07   5.016153312e-07   6.46518563e-07   8.332803397e-07   1.073992362e-06   1.384239217e-06   1.784107317e-06   2.299485267e-06   2.963739791e-06   3.819875698e-06   4.923319608e-06   6.345507532e-06   8.1785083e-06   1.054098174e-05   1.358585665e-05   1.75102244e-05   2.256808672e-05   2.908677966e-05   3.748813138e-05   4.831571442e-05   6.226994125e-05   8.025324966e-05   0.0001034282608   0.0001332926045   0.0001717751382   0.0002213595948   0.0002852433412   0.0003675409906   0.000473545165   0.0006100598254   0.0007858253323   0.00101205877   0.001303137966   0.001677462756   0.002158531719   0.002776275641   0.003568688112   0.004583785372   0.005881906173   0.007538319581   0.00964603313   0.01231857165   0.01569231567   0.01992774261   0.02520862233   0.03173794457   0.03972923266   0.04939213964   0.06091207664   0.07442523517   0.0899925489   0.10757818   0.1270388531   0.1481287758   0.170520947   0.1938407911   0.2177044836   0.2417536949   0.2656807479   0.289241883   0.3122596874   0.3346176929   0.3562505944   0.3771329881   0.3972685804   0.4166809107   0.4354059568   0.4534865804   0.4709685612   0.4878979047   0.5043191143   0.5202741638   0.5358019594   0.5509381306   0.565715035   0.5801618927   0.5943049945   0.6081679459   0.6217719212   0.635135914   0.6482769736   0.6612104233   0.6739500583   0.686508323   0.6988964687   0.7111246927   0.7232022601   0.7351376114   0.7469384557   0.7586118526   0.770164284   0.7816017159   0.7929296537   0.8041531892   0.8152770431   0.8263056016   0.8372429483   0.8480928937   0.8588589992   0.8695446004   0.8801528265   0.8906866179   0.901148742   0.9115418074   0.9218682763   0.932130476   0.9423306091   0.9524707627   0.9625529168   0.9725789516   
36.78894472   3.626443605e-17   4.674028292e-17   6.024232789e-17   7.764476043e-17   1.000743005e-16   1.289831478e-16   1.66243005e-16   2.1426626e-16   2.761621772e-16   3.559382055e-16   4.587594415e-16   5.912830426e-16   7.620892452e-16   9.822368913e-16   1.265979433e-15   1.631687772e-15   2.103039683e-15   2.710552831e-15   3.493560633e-15   4.502758906e-15   5.803488158e-15   7.479964063e-15   9.640729998e-15   1.242568469e-14   1.601513993e-14   2.064149488e-14   2.660428275e-14   3.428956405e-14   4.419492206e-14   5.696167887e-14   7.341641774e-14   9.462450019e-14   1.219590428e-13   1.571898198e-13   2.025978465e-13   2.611230642e-13   3.365546863e-13   4.337765306e-13   5.590832223e-13   7.205877392e-13   9.287466859e-13   1.197037307e-12   1.542830069e-12   1.988513314e-12   2.56294279e-12   3.303309913e-12   4.25754973e-12   5.487444466e-12   7.072623616e-12   9.115719553e-12   1.174901246e-11   1.514299479e-11   1.951740984e-11   2.515547894e-11   3.242223872e-11   4.17881753e-11   5.385968593e-11   6.941834017e-11   8.947148261e-11   1.153174533e-10   1.486296487e-10   1.915648659e-10   2.469029442e-10   3.182267455e-10   4.10154127e-10   5.286369242e-10   6.813463016e-10   8.78169423e-10   1.131849595e-09   1.458811331e-09   1.880223758e-09   2.423371209e-09   3.123419747e-09   4.025693988e-09   5.188611646e-09   6.687465778e-09   8.619299636e-09   1.110918972e-08   1.431834385e-08   1.845453855e-08   2.378557153e-08   3.065660018e-08   3.951248879e-08   5.092661116e-08   6.563797359e-08   8.459906161e-08   1.090375084e-07   1.405355771e-07   1.81132604e-07   2.334570335e-07   3.008965947e-07   3.878176356e-07   4.998478161e-07   6.442404602e-07   8.303441544e-07   1.070207993e-06   1.379361647e-06   1.777820754e-06   2.291382693e-06   2.953296619e-06   3.806415806e-06   4.905971569e-06   6.323148204e-06   8.149690121e-06   1.050383904e-05   1.353798488e-05   1.744852453e-05   2.248856471e-05   2.898428804e-05   3.73560363e-05   4.814546667e-05   6.205052356e-05   7.997046486e-05   0.000103063815   0.0001328229265   0.00017116986   0.0002205795963   0.0002842382352   0.0003662458907   0.0004718765337   0.000607910148   0.0007830562914   0.001008492516   0.001298545975   0.001671551649   0.002150925284   0.002766492147   0.00355611186   0.004567631326   0.005861176442   0.007511750666   0.009612033173   0.01227514776   0.01563699279   0.01985747769   0.02511972088   0.03162599089   0.03958904986   0.04921779939   0.06069697951   0.07416227801   0.08967438328   0.1071975465   0.1265889545   0.1476036347   0.1699156919   0.1931518274   0.2169295322   0.240891711   0.2647317519   0.2882067449   0.3111399008   0.3334151672   0.3549674795   0.3757715374   0.3958310502   0.415169491   0.4338227282   0.451833489   0.4692474081   0.4861103439   0.5024666573   0.5183581873   0.5338237151   0.5488987559   0.5636155635   0.5780032646   0.5920880661   0.6058934984   0.6194406685   0.63274851   0.6458340186   0.6587124695   0.6713976147   0.6839018602   0.6962364225   0.7084114672   0.7204362315   0.7323191298   0.7440678482   0.755689425   0.7671903226   0.7785764895   0.7898534146   0.801026175   0.8120994775   0.8230776955   0.8339649011   0.8447648936   0.8554812245   0.86611722   0.8766760004   0.8871604979   0.8975734723   0.907917525   0.9181951116   0.928408553   0.9385600458   0.9486516716   0.9586854051   
37.04271357   2.803807894e-17   3.613754645e-17   4.657673823e-17   6.003153942e-17   7.737308069e-17   9.972413955e-17   1.285318346e-16   1.656613191e-16   2.135165404e-16   2.751958831e-16   3.546927744e-16   4.571542379e-16   5.892141377e-16   7.594226878e-16   9.788000352e-16   1.261549759e-15   1.625978481e-15   2.095681128e-15   2.701068581e-15   3.481336632e-15   4.48700371e-15   5.783181699e-15   7.453791599e-15   9.606996994e-15   1.23822071e-14   1.59591028e-14   2.05692701e-14   2.651119412e-14   3.416958455e-14   4.404028362e-14   5.676236943e-14   7.315953301e-14   9.429340818e-14   1.21532307e-13   1.566398111e-13   2.018889547e-13   2.602093922e-13   3.353770783e-13   4.322587425e-13   5.571269849e-13   7.18066396e-13   9.254969926e-13   1.192848862e-12   1.537431692e-12   1.981555488e-12   2.553975029e-12   3.291751601e-12   4.242652524e-12   5.468243847e-12   7.04787644e-12   9.083823566e-12   1.170790255e-11   1.509000931e-11   1.944911824e-11   2.506745969e-11   3.230879301e-11   4.164195808e-11   5.367123038e-11   6.917544476e-11   8.915842105e-11   1.149139564e-10   1.481095922e-10   1.908945787e-10   2.460390285e-10   3.171132671e-10   4.087189939e-10   5.267872186e-10   6.789622646e-10   8.750967e-10   1.127889242e-09   1.453706937e-09   1.873644838e-09   2.414891811e-09   3.112490872e-09   4.011608048e-09   5.170456645e-09   6.664066273e-09   8.589140626e-09   1.107031856e-08   1.426824383e-08   1.838996595e-08   2.370234559e-08   3.054933245e-08   3.937423422e-08   5.074841848e-08   6.540830571e-08   8.430304871e-08   1.086559851e-07   1.400438418e-07   1.804988193e-07   2.326401652e-07   2.998437547e-07   3.86460658e-07   4.980988439e-07   6.419862568e-07   8.274387724e-07   1.066463325e-06   1.374535247e-06   1.771600142e-06   2.283365123e-06   2.942963006e-06   3.79309712e-06   4.888805526e-06   6.301023445e-06   8.121174272e-06   1.0467086e-05   1.349061532e-05   1.738747195e-05   2.240987695e-05   2.888287165e-05   3.722532703e-05   4.797700497e-05   6.183340776e-05   7.969064674e-05   0.0001027031926   0.0001323581759   0.0001705709318   0.0002198077807   0.0002832436739   0.0003649643778   0.0004702254082   0.000605783023   0.000780316301   0.001004963677   0.001294002161   0.001665702559   0.002143398653   0.002756811299   0.003543667558   0.004551646773   0.005840664225   0.007485460548   0.009578390013   0.0122321796   0.01558225058   0.01978795037   0.02503175283   0.03151521289   0.03945033959   0.04904529108   0.06048414351   0.07390208649   0.08935956599   0.1068209217   0.126143798   0.1470840342   0.1693168298   0.19247015   0.2161627878   0.2400388697   0.2637928379   0.2871826229   0.310032053   0.332225487   0.3536980982   0.3744246884   0.3944089696   0.4136743495   0.4322565877   0.4501982784   0.4675449123   0.4843422024   0.5006343682   0.5164631154   0.5318671013   0.5468817279   0.5615391462   0.5758683904   0.5898955842   0.6036441835   0.6171352288   0.6303875944   0.6434182226   0.6562423411   0.6688736592   0.6813245445   0.6936061791   0.7057286977   0.7177013091   0.7295324026   0.7412296408   0.7528000413   0.7642500471   0.7755855892   0.7868121403   0.7979347628   0.8089581498   0.8198866621   0.8307243601   0.8414750323   0.8521422203   0.8627292408   0.8732392054   0.8836750383   0.8940394916   0.9043351596   0.9145644912   0.9247298011   0.93483328   0.944877004   
37.29648241   2.167834724e-17   2.794065463e-17   3.601197881e-17   4.641489738e-17   5.982294698e-17   7.710423135e-17   9.937762668e-17   1.280852232e-16   1.650856934e-16   2.127746315e-16   2.742396561e-16   3.534603184e-16   4.555657576e-16   5.87166787e-16   7.567839111e-16   9.753989849e-16   1.257166234e-15   1.620328671e-15   2.088399235e-15   2.69168314e-15   3.469239982e-15   4.471412655e-15   5.763086795e-15   7.427891804e-15   9.573615426e-15   1.233918247e-14   1.590364948e-14   2.049779776e-14   2.64190753e-14   3.405085501e-14   4.388725622e-14   5.656513642e-14   7.290532454e-14   9.396576554e-14   1.21110017e-13   1.560955326e-13   2.011874483e-13   2.593052389e-13   3.342117388e-13   4.307567669e-13   5.551911279e-13   7.155713205e-13   9.222811551e-13   1.188704053e-12   1.532089557e-12   1.974670149e-12   2.545100696e-12   3.280313705e-12   4.227910519e-12   5.449243262e-12   7.023387084e-12   9.052259876e-12   1.166722094e-11   1.503757584e-11   1.938153811e-11   2.498035743e-11   3.219652919e-11   4.149726418e-11   5.34847382e-11   6.893507986e-11   8.884862103e-11   1.145146633e-10   1.475949537e-10   1.902312746e-10   2.451841132e-10   3.160113892e-10   4.072988123e-10   5.249567836e-10   6.766030648e-10   8.720559892e-10   1.12397015e-09   1.44865572e-09   1.867134457e-09   2.406500752e-09   3.101675856e-09   3.997668856e-09   5.152490787e-09   6.640910548e-09   8.559295818e-09   1.103185237e-08   1.421866576e-08   1.832606607e-08   2.361998671e-08   3.044318225e-08   3.923742002e-08   5.057208223e-08   6.518103055e-08   8.401011971e-08   1.082784366e-07   1.395572295e-07   1.798716375e-07   2.318318071e-07   2.988018834e-07   3.851178177e-07   4.963680928e-07   6.39755538e-07   8.245636591e-07   1.06275767e-06   1.36975913e-06   1.765444337e-06   2.275431082e-06   2.93273705e-06   3.77991719e-06   4.871818321e-06   6.279129185e-06   8.092955506e-06   1.043071585e-05   1.344373927e-05   1.732705542e-05   2.233200898e-05   2.878251183e-05   3.70959795e-05   4.781029834e-05   6.161855392e-05   7.941374381e-05   0.0001023463272   0.0001318982671   0.0001699782433   0.0002190440061   0.0002822594741   0.000363696216   0.0004685914847   0.0006036780592   0.0007776048568   0.001001471602   0.001289505686   0.001659914408   0.002135950441   0.002747231316   0.003531352917   0.004535828774   0.005820365745   0.007459444387   0.009545097456   0.01218965926   0.01552807896   0.01971914786   0.02494470196   0.03140559015   0.03931307627   0.04887458287   0.06027352935   0.07364461252   0.08904803875   0.1064482356   0.1257033009   0.1465698776   0.1687242491   0.1917956314   0.2154041067   0.2391950106   0.2628638287   0.2861693233   0.3089359337   0.3310484255   0.3524422076   0.3730921825   0.3930020648   0.412195197   0.4307072311   0.4485806294   0.4658607403   0.4825931323   0.4988218853   0.5145885724   0.5299317286   0.5448866435   0.5594853666   0.57375684   0.5877271053   0.6014195447   0.6148551326   0.6280526844   0.6410290898   0.6537995292   0.6663776699   0.6787758413   0.6910051913   0.703075824   0.7149969202   0.7267768439   0.7384232351   0.7499430903   0.7613428334   0.7726283783   0.7838051815   0.7948782906   0.8058523853   0.8167318139   0.8275206253   0.8382225973   0.8488412613   0.8593799249   0.869841691   0.8802294759   0.890546024   0.9007939226   0.910975614   0.9210934066   0.9311494853   
37.55025126   1.676156342e-17   2.16035406e-17   2.784423831e-17   3.588771033e-17   4.6254731e-17   5.961651272e-17   7.683816363e-17   9.903469896e-17   1.276432327e-16   1.645160233e-16   2.120403986e-16   2.732933226e-16   3.522406139e-16   4.539937124e-16   5.85140619e-16   7.541724361e-16   9.720331232e-16   1.252828063e-15   1.614737316e-15   2.081192683e-15   2.682394804e-15   3.457268489e-15   4.455982911e-15   5.743199802e-15   7.402259978e-15   9.540579236e-15   1.229660299e-14   1.58487699e-14   2.042706491e-14   2.632790958e-14   3.393335389e-14   4.373581211e-14   5.636994406e-14   7.265374622e-14   9.364151282e-14   1.206920961e-13   1.555568853e-13   2.004932e-13   2.584104404e-13   3.330584564e-13   4.292703314e-13   5.532753001e-13   7.131020601e-13   9.190985899e-13   1.184602128e-12   1.526802693e-12   1.967856049e-12   2.53631818e-12   3.26899415e-12   4.213321041e-12   5.430439266e-12   6.999151105e-12   9.021022756e-12   1.162696023e-11   1.498568487e-11   1.931465719e-11   2.489415637e-11   3.208542689e-11   4.135406734e-11   5.330017554e-11   6.869720187e-11   8.854202631e-11   1.141195014e-10   1.470856398e-10   1.895748333e-10   2.443380432e-10   3.149209117e-10   4.058933243e-10   5.23145287e-10   6.742682742e-10   8.690467386e-10   1.120091606e-09   1.443656766e-09   1.860691436e-09   2.398196511e-09   3.090972736e-09   3.983873885e-09   5.134710809e-09   6.617994401e-09   8.529759795e-09   1.099378416e-08   1.416960065e-08   1.826282733e-08   2.353847995e-08   3.033813033e-08   3.910202134e-08   5.039757042e-08   6.495610686e-08   8.372022147e-08   1.079047944e-07   1.390756518e-07   1.792509448e-07   2.310318126e-07   2.977707916e-07   3.837888709e-07   4.946552487e-07   6.375478991e-07   8.217182928e-07   1.059090354e-06   1.365032428e-06   1.759352223e-06   2.267579129e-06   2.922616895e-06   3.766873625e-06   4.855006873e-06   6.257461452e-06   8.065028702e-06   1.039472201e-05   1.339734822e-05   1.726726398e-05   2.225494666e-05   2.868319038e-05   3.696797026e-05   4.764531652e-05   6.140592304e-05   7.913970584e-05   0.000101993154   0.0001314431167   0.000169391687   0.0002182881339   0.0002812854574   0.0003624411753   0.0004669744665   0.0006015948745   0.000774921467   0.0009980156593   0.001285055735   0.001654186147   0.002128579296   0.002737750459   0.003519165702   0.004520174456   0.005800277318   0.007433697461   0.009512149458   0.01214757902   0.0154744681   0.01965105763   0.02485855247   0.03129710275   0.03917723492   0.0487056437   0.06006509866   0.07338980913   0.0887397447   0.1060794203   0.1252673826   0.1460610706   0.1681378407   0.1911281474   0.2146533488   0.2383599774   0.2619445516   0.2851666572   0.3078513377   0.3298837618   0.3511995709   0.3717737675   0.3916100682   0.4107317511   0.4291743615   0.4469802311   0.4641945668   0.4808627947   0.4970288556   0.512734192   0.5280172171   0.5429131097   0.5574538183   0.5716681941   0.5855821972   0.5992191369   0.6125999218   0.6257433094   0.6386661369   0.6513835382   0.6639091384   0.6762552295   0.6884329256   0.7004522999   0.7123225061   0.7240518829   0.7356480477   0.7471179762   0.7584680737   0.7697042364   0.7808319052   0.7918561132   0.8027815266   0.8136124813   0.8243530148   0.835006894   0.8455776407   0.8560685533   0.866482726   0.8768230671   0.8870923137   0.8972930459   0.9074276995   0.9174985767   
37.8040201   1.296024405e-17   1.670411951e-17   2.152950264e-17   2.774881273e-17   3.57647188e-17   4.609621042e-17   5.94121997e-17   7.657482992e-17   9.869529502e-17   1.272057838e-16   1.639522069e-16   2.113137104e-16   2.723567132e-16   3.510334426e-16   4.524378208e-16   5.831352711e-16   7.515877957e-16   9.687018477e-16   1.248534469e-15   1.609203415e-15   2.074060184e-15   2.673201912e-15   3.445420011e-15   4.440711717e-15   5.723517159e-15   7.376891535e-15   9.507882514e-15   1.225446104e-14   1.579445425e-14   2.035705888e-14   2.623768063e-14   3.381706017e-14   4.358592417e-14   5.617675742e-14   7.240475301e-14   9.332059199e-14   1.202784697e-13   1.55023773e-13   1.998060855e-13   2.575248365e-13   3.319170247e-13   4.277991699e-13   5.513791585e-13   7.106581728e-13   9.159487276e-13   1.180542353e-12   1.521570155e-12   1.961111967e-12   2.52762591e-12   3.257790911e-12   4.198881478e-12   5.411828491e-12   6.975164165e-12   8.990106616e-12   1.158711323e-11   1.493432711e-11   1.924846352e-11   2.480884108e-11   3.197546624e-11   4.121234193e-11   5.311750937e-11   6.846176823e-11   8.823858205e-11   1.137284e-10   1.465815595e-10   1.889251373e-10   2.43500667e-10   3.138416395e-10   4.045022787e-10   5.213524047e-10   6.71957475e-10   8.6606841e-10   1.116252916e-09   1.438709179e-09   1.854314621e-09   2.3899776e-09   3.080379598e-09   3.970220666e-09   5.117113532e-09   6.595313731e-09   8.500527274e-09   1.095610713e-08   1.412103971e-08   1.820023841e-08   2.345781073e-08   3.023415787e-08   3.896801397e-08   5.022485184e-08   6.47334944e-08   8.343330211e-08   1.075349916e-07   1.385990227e-07   1.7863663e-07   2.302400386e-07   2.96750295e-07   3.824735799e-07   4.929600051e-07   6.353629451e-07   8.189021645e-07   1.055460723e-06   1.360354296e-06   1.753322709e-06   2.259807859e-06   2.912600732e-06   3.75396409e-06   4.838368173e-06   6.236016368e-06   8.037388863e-06   1.035909802e-05   1.335143386e-05   1.720808694e-05   2.217867621e-05   2.858488952e-05   3.684127639e-05   4.748202999e-05   6.119547708e-05   7.886848378e-05   0.00010164361   0.0001309926433   0.000168811158   0.0002175400288   0.0002803214493   0.0003611990311   0.0004653740645   0.0005995330962   0.0007722656513   0.0009945952293   0.001280651512   0.00164851675   0.002121283899   0.002728367032   0.003507103732   0.004504681018   0.005780395349   0.007408215161   0.009479540119   0.01210593133   0.01542140838   0.01958366751   0.0247732889   0.03118973122   0.03904279118   0.04853844323   0.05985881398   0.07313763052   0.08843462832   0.105714409   0.1248359643   0.1455575212   0.1675574985   0.1904675767   0.2139103773   0.2375336174   0.2610348382   0.28417444   0.306778065   0.3287312801   0.3499699572   0.3704691973   0.390232719   0.4092837367   0.4276576895   0.4453967798   0.4625460747   0.4791508586   0.495254935   0.5108996167   0.5261231966   0.5409607432   0.5554441053   0.5696020441   0.5834604386   0.5970425261   0.6103691501   0.6234590105   0.6363288928   0.6489938844   0.661467569   0.6737622012   0.6858888616   0.6978575934   0.7096775225   0.7213569631   0.73290351   0.7443241185   0.755625175   0.7668125587   0.7778916949   0.788867602   0.799744933   0.8105280116   0.8212208636   0.8318272458   0.84235067   0.8527944254   0.8631615978   0.8734550875   0.8836776242   0.8938317811   0.9039199873   
38.05778894   1.002125224e-17   1.291612984e-17   1.664726186e-17   2.14562203e-17   2.765436104e-17   3.564298248e-17   4.593930767e-17   5.920997185e-17   7.631418374e-17   9.835935498e-17   1.267727995e-16   1.633941448e-16   2.105944387e-16   2.714296627e-16   3.498385914e-16   4.508978084e-16   5.811503894e-16   7.490295335e-16   9.654045705e-16   1.244284695e-15   1.603725992e-15   2.067000477e-15   2.66410284e-15   3.433692455e-15   4.425596377e-15   5.704035393e-15   7.351781996e-15   9.475519487e-15   1.221274918e-14   1.574069292e-14   2.028776732e-14   2.614837255e-14   3.370195332e-14   4.343756596e-14   5.598554241e-14   7.215830098e-14   9.300294642e-14   1.198690646e-13   1.544961015e-13   1.991259835e-13   2.566482708e-13   3.307872421e-13   4.263430227e-13   5.495023685e-13   7.082392273e-13   9.12831012e-13   1.176524011e-12   1.516391019e-12   1.954436714e-12   2.519022351e-12   3.246702009e-12   4.184589283e-12   5.393407655e-12   6.95142203e-12   8.959506e-12   1.15476729e-11   1.48834935e-11   1.918294541e-11   2.472439649e-11   3.186662783e-11   4.107206295e-11   5.293670745e-11   6.822873736e-11   8.793823466e-11   1.133412901e-10   1.460826237e-10   1.88282072e-10   2.42671837e-10   3.127733821e-10   4.031254297e-10   5.195778201e-10   6.696702593e-10   8.631204776e-10   1.112453403e-09   1.433812086e-09   1.848002886e-09   2.38184257e-09   3.06989457e-09   3.956706789e-09   5.09969585e-09   6.572864535e-09   8.471593093e-09   1.091881462e-08   1.407297437e-08   1.813828825e-08   2.337796479e-08   3.013124654e-08   3.883537425e-08   5.005389597e-08   6.451315387e-08   8.314931099e-08   1.071689629e-07   1.381272579e-07   1.780285849e-07   2.294563452e-07   2.957402133e-07   3.811717124e-07   4.912820628e-07   6.332002902e-07   8.161147769e-07   1.051868135e-06   1.355723909e-06   1.747354732e-06   2.252115902e-06   2.902686791e-06   3.741186308e-06   4.821899284e-06   6.214790148e-06   8.01003111e-06   1.032383761e-05   1.330598809e-05   1.714951385e-05   2.210318415e-05   2.848759189e-05   3.671587553e-05   4.732040993e-05   6.098717889e-05   7.860002976e-05   0.0001012976333   0.0001305467674   0.0001682365538   0.0002167995587   0.0002793672798   0.000359969564   0.0004637899961   0.0005974923604   0.0007696369409   0.0009912097086   0.001276292239   0.001642905217   0.002114062962   0.002719079379   0.003495164876   0.004489345724   0.005760716327   0.007382992986   0.009447263681   0.01206470886   0.01536889043   0.01951696557   0.0246888962   0.03108345659   0.03890972126   0.04837295187   0.05965463877   0.07288803196   0.08813263544   0.1053531371   0.1244089693   0.1450591395   0.1669831185   0.1898138008   0.2131750585   0.2367157819   0.2601345239   0.2831924919   0.3057159201   0.3275907699   0.348753141   0.3691782318   0.3888697629   0.4078508851   0.4261569326   0.4438299796   0.4609149545   0.4774570014   0.4934997879   0.509084498   0.5242493056   0.5390291701   0.5534558412   0.567557991   0.5813614185   0.5948892892   0.6081623821   0.6211993404   0.634016898   0.6466300964   0.6590524782   0.6712962612   0.6833724925   0.6952911853   0.7070614386   0.718691542   0.7301890678   0.741560951   0.7528135597   0.7639527559   0.7749839493   0.785912144   0.79674198   0.8074777684   0.8181235242   0.8286829933   0.839159678   0.8495568584   0.8598776119   0.8701248309   0.8803012377   0.8904093986   
38.31155779   7.748913778e-18   9.98737225e-18   1.287246282e-17   1.659098057e-17   2.138368082e-17   2.75608668e-17   3.55224802e-17   4.578399543e-17   5.900979397e-17   7.60561797e-17   9.802682033e-17   1.263442043e-16   1.628417396e-16   2.098824581e-16   2.705120096e-16   3.486558523e-16   4.493734069e-16   5.791856282e-16   7.464972042e-16   9.621407175e-16   1.240078e-15   1.598304093e-15   2.060012333e-15   2.655096004e-15   3.422083781e-15   4.41063426e-15   5.684751113e-15   7.326926991e-15   9.443484521e-15   1.217146015e-14   1.568747657e-14   2.021917816e-14   2.605996978e-14   3.358801329e-14   4.329071165e-14   5.579626572e-14   7.191434721e-14   9.268852078e-14   1.194638096e-13   1.53973779e-13   1.984527756e-13   2.557805908e-13   3.296689121e-13   4.249016364e-13   5.476446034e-13   7.058448024e-13   9.097449004e-13   1.172546402e-12   1.511264383e-12   1.947829128e-12   2.510506006e-12   3.235725514e-12   4.170441966e-12   5.375173548e-12   6.927920567e-12   8.929215579e-12   1.150863236e-11   1.483317518e-11   1.911809144e-11   2.464080791e-11   3.175889269e-11   4.093320595e-11   5.275773831e-11   6.799806872e-11   8.764093188e-11   1.129581043e-10   1.455887456e-10   1.876455254e-10   2.418514087e-10   3.117159536e-10   4.017625377e-10   5.178212242e-10   6.67406229e-10   8.602024281e-10   1.108692405e-09   1.428964635e-09   1.841755132e-09   2.373790004e-09   3.059515829e-09   3.9433299e-09   5.082454728e-09   6.550642905e-09   8.442952215e-09   1.088190014e-08   1.402539626e-08   1.807696608e-08   2.329892825e-08   3.002937841e-08   3.870407908e-08   4.988467308e-08   6.429504692e-08   8.286819866e-08   1.068066446e-07   1.376602754e-07   1.774267034e-07   2.28680596e-07   2.947403707e-07   3.798830419e-07   4.896211297e-07   6.310595579e-07   8.133556448e-07   1.048311965e-06   1.351140458e-06   1.74144725e-06   2.244501917e-06   2.892873347e-06   3.728538052e-06   4.805597338e-06   6.193779096e-06   7.98295068e-06   1.028893462e-05   1.326100301e-05   1.70915345e-05   2.202845735e-05   2.839128056e-05   3.659174585e-05   4.71604282e-05   6.07809922e-05   7.833429704e-05   0.0001009551638   0.0001301054113   0.0001676677743   0.0002160665947   0.0002784227827   0.00035875256   0.0004622219854   0.0005954723117   0.0007670348782   0.0009878585076   0.001271977158   0.00163735057   0.002106915228   0.002709885881   0.003483347056   0.004474165904   0.005741236824   0.007358026544   0.00941531452   0.0120239044   0.01531690511   0.01945094019   0.02460535963   0.03097826031   0.03877800194   0.04820914071   0.05945253734   0.07264096977   0.08783371317   0.1049955411   0.1239863225   0.1445658378   0.1664145994   0.1891667042   0.2124472623   0.2359063252   0.2592434483   0.2822206371   0.3046647123   0.3264620257   0.3475489022   0.3679006367   0.3875209514   0.4064329342   0.4246718152   0.4422795416   0.4593009041   0.4757809083   0.4917630866   0.5072884959   0.5223951918   0.5371180257   0.5514886492   0.565535646   0.5792847358   0.5927590091   0.6059791932   0.6189638626   0.6317297043   0.6442917144   0.6566633947   0.6688569263   0.6808833235   0.6927525696   0.7044737368   0.7160550904   0.7275041805   0.738827922   0.7500326645   0.7611242531   0.7721080823   0.7829891419   0.7937720585   0.8044611317   0.8150603647   0.8255734934   0.8360040104   0.8463551866   0.8566300913   0.866831609   0.8769624546   
38.56532663   5.991968893e-18   7.722891951e-18   9.953833399e-18   1.282923547e-17   1.653526597e-17   2.131187173e-17   2.746831394e-17   3.540319125e-17   4.563024702e-17   5.881163166e-17   7.580077349e-17   9.769763395e-17   1.259199245e-16   1.622948966e-16   2.091776464e-16   2.696035962e-16   3.474850221e-16   4.478643545e-16   5.772406501e-16   7.439903728e-16   9.589097281e-16   1.235913663e-15   1.592936787e-15   2.053094553e-15   2.646179858e-15   3.410591993e-15   4.395822796e-15   5.665661004e-15   7.30232225e-15   9.411772113e-15   1.213058686e-14   1.563479605e-14   2.015127962e-14   2.597245712e-14   3.347522053e-14   4.3145336e-14   5.560889485e-14   7.16728498e-14   9.237726108e-14   1.190626351e-13   1.534567157e-13   1.977863463e-13   2.549216475e-13   3.285618425e-13   4.234747633e-13   5.45805544e-13   7.034744869e-13   9.066898627e-13   1.168608844e-12   1.506189368e-12   1.941288073e-12   2.502075412e-12   3.224859542e-12   4.156437098e-12   5.35712304e-12   6.90465574e-12   8.899230152e-12   1.146998493e-11   1.478336351e-11   1.905389049e-11   2.455806098e-11   3.165224234e-11   4.079574711e-11   5.258057119e-11   6.776972266e-11   8.734662262e-11   1.125787768e-10   1.450998403e-10   1.870153882e-10   2.410392413e-10   3.106691723e-10   4.004133687e-10   5.160823155e-10   6.65164995e-10   8.573137602e-10   1.104969277e-09   1.424165992e-09   1.835570287e-09   2.365818519e-09   3.04924159e-09   3.930087703e-09   5.065387206e-09   6.528645023e-09   8.41459972e-09   1.084535736e-08   1.397829722e-08   1.801626135e-08   2.322068752e-08   2.992853598e-08   3.857410592e-08   4.971715408e-08   6.407913607e-08   8.258991684e-08   1.064479744e-07   1.371979949e-07   1.768308822e-07   2.279126578e-07   2.937505955e-07   3.786073469e-07   4.879769204e-07   6.289403806e-07   8.106242943e-07   1.044791601e-06   1.346603159e-06   1.735599251e-06   2.236964597e-06   2.883158714e-06   3.716017151e-06   4.789459536e-06   6.172979604e-06   7.956142922e-06   1.025438308e-05   1.321647088e-05   1.703413895e-05   2.195448297e-05   2.829593899e-05   3.646886603e-05   4.700205732e-05   6.05768816e-05   7.807123998e-05   0.0001006161426   0.0001296684991   0.0001671047219   0.000215341011   0.0002774877958   0.0003575478102   0.0004606697631   0.0005934726031   0.0007644590161   0.0009845410507   0.001267705526   0.001631851855   0.002099839469   0.00270078496   0.003471648242   0.004459138949   0.005721953494   0.007333311543   0.009383687146   0.01198351096   0.01526544347   0.01938558002   0.02452266483   0.03087412428   0.03864761052   0.04804698153   0.05925247485   0.07239640132   0.08753780985   0.1046415592   0.1235679507   0.1440775304   0.1658518425   0.188526174   0.2117268612   0.2351051057   0.2583614546   0.2812587043   0.3036242557   0.325344847   0.3463570261   0.3666361832   0.3861860421   0.4050296281   0.4232020683   0.4407451837   0.457703629   0.474122272   0.4900445116   0.5055112785   0.5205605112   0.535226954   0.5495421614   0.5635346296   0.5772299994   0.590651294   0.6038191691   0.6167521513   0.6294668746   0.6419782899   0.6542998587   0.6664437256   0.6784208724   0.6902412528   0.7019139125   0.7134470925   0.7248483211   0.7361244931   0.7472819399   0.75832649   0.7692635224   0.7800980128   0.7908345751   0.8014774965   0.8120307694   0.8224981193   0.8328830292   0.8431887611   0.8534183761   0.8635747507   
38.81909548   4.633487826e-18   5.971981244e-18   7.697130393e-18   9.92063e-18   1.278644048e-17   1.648010863e-17   2.124078087e-17   2.737668679e-17   3.528509541e-17   4.547803639e-17   5.861545136e-17   7.554792183e-17   9.737174005e-17   1.254998884e-16   1.61753523e-16   2.084798842e-16   2.687042688e-16   3.463259025e-16   4.463703956e-16   5.753151254e-16   7.415086145e-16   9.557110547e-16   1.231790976e-15   1.587623165e-15   2.046245963e-15   2.637352891e-15   3.399215146e-15   4.381159475e-15   5.646761833e-15   7.277963603e-15   9.38037689e-15   1.209012238e-14   1.558264244e-14   2.008406019e-14   2.588581976e-14   3.33635559e-14   4.300141438e-14   5.542339804e-14   7.143376782e-14   9.206911457e-14   1.186654732e-13   1.52944824e-13   1.971265825e-13   2.540712952e-13   3.274658456e-13   4.220621617e-13   5.439848787e-13   7.01127879e-13   9.036653812e-13   1.164710669e-12   1.501165112e-12   1.934812441e-12   2.493729139e-12   3.214102249e-12   4.142572305e-12   5.339253071e-12   6.881623604e-12   8.869544635e-12   1.143172405e-11   1.473405006e-11   1.899033167e-11   2.447614168e-11   3.15466587e-11   4.065966311e-11   5.240517609e-11   6.754366049e-11   8.705525701e-11   1.122032433e-10   1.44615825e-10   1.863915535e-10   2.402351971e-10   3.096328607e-10   3.990776938e-10   5.143607992e-10   6.629461776e-10   8.544539846e-10   1.101283387e-09   1.419415345e-09   1.829447302e-09   2.357926764e-09   3.039070114e-09   3.916977953e-09   5.048490392e-09   6.506867161e-09   8.386530805e-09   1.080918007e-08   1.393166926e-08   1.795616379e-08   2.314322935e-08   2.982870217e-08   3.844543274e-08   4.955131059e-08   6.386538474e-08   8.231441836e-08   1.060928917e-07   1.367403381e-07   1.762410204e-07   2.271524005e-07   2.927707199e-07   3.773444112e-07   4.863491563e-07   6.268423991e-07   8.079202625e-07   1.041306448e-06   1.342111241e-06   1.729809743e-06   2.229502665e-06   2.873541245e-06   3.703621483e-06   4.773483143e-06   6.152388145e-06   7.929603292e-06   1.022017711e-05   1.317238415e-05   1.697731747e-05   2.188124848e-05   2.820155101e-05   3.634721524e-05   4.684527045e-05   6.03748125e-05   7.781081399e-05   0.0001002805122   0.000129235957   0.0001665473011   0.0002146226845   0.0002765621606   0.0003563551102   0.0004591330663   0.0005914928958   0.000761908918   0.0009812567756   0.001263476621   0.001626408141   0.002092834484   0.002691775072   0.00346006645   0.004444262313   0.005702863066   0.007308843795   0.009352376196   0.01194352167   0.01521449678   0.01932087397   0.02444079777   0.03077103082   0.03851852488   0.04788644676   0.05905441725   0.07215428496   0.08724487504   0.1042911311   0.1231537823   0.1435941337   0.165294751   0.1878921   0.2110137311   0.2343119846   0.2574883897   0.2803065259   0.3025943683   0.3242390378   0.345177303   0.3653846481   0.3848647985   0.4036407172   0.4217474293   0.4392266307   0.4561228415   0.4724807927   0.488343751   0.503752522   0.5187449282   0.5333556079   0.5476160192   0.5615545714   0.5751968278   0.5885657416   0.6016819056   0.6145637913   0.6272279825   0.6396893855   0.6519614216   0.6640561995   0.6759846686   0.6877567535   0.6993814732   0.7108670451   0.7222209754   0.7334501394   0.7445608502   0.7555589199   0.7664497121   0.7772381887   0.7879289506   0.7985262732   0.8090341378   0.8194562597   0.8297961123   0.8400569491   0.8502418226   
39.07286432   3.58307689e-18   4.618134068e-18   5.952192186e-18   7.671624794e-18   9.887756502e-18   1.274407068e-17   1.642549931e-17   2.117039635e-17   2.728597003e-17   3.516817294e-17   4.532733808e-17   5.842122025e-17   7.529758244e-17   9.704908416e-17   1.250840257e-16   1.612175284e-16   2.077890548e-16   2.678138768e-16   3.451782996e-16   4.448912802e-16   5.734087323e-16   7.390515142e-16   9.525441625e-16   1.227709252e-15   1.582362337e-15   2.03946542e-15   2.628613626e-15   3.387951335e-15   4.366641845e-15   5.628050439e-15   7.253846976e-15   9.349293601e-15   1.205005994e-14   1.553100701e-14   2.001750864e-14   2.580004321e-14   3.325300074e-14   4.285892273e-14   5.523974428e-14   7.119706129e-14   9.176402972e-14   1.182722573e-13   1.524380183e-13   1.964733739e-13   2.532293917e-13   3.263807383e-13   4.206635952e-13   5.42182303e-13   6.988045864e-13   9.006709501e-13   1.160851225e-12   1.496190776e-12   1.928401149e-12   2.485465792e-12   3.203451838e-12   4.128845269e-12   5.321560654e-12   6.85882031e-12   8.840154065e-12   1.139384331e-11   1.468522657e-11   1.892740435e-11   2.439503631e-11   3.14421241e-11   4.05249312e-11   5.223152366e-11   6.731984442e-11   8.676678633e-11   1.11831441e-10   1.441366187e-10   1.857739171e-10   2.394391417e-10   3.086068457e-10   3.977552899e-10   5.126563873e-10   6.607494058e-10   8.516226228e-10   1.097634118e-09   1.414711899e-09   1.823385154e-09   2.350113419e-09   3.028999698e-09   3.903998458e-09   5.031761461e-09   6.485305679e-09   8.358740774e-09   1.077336222e-08   1.388550458e-08   1.789666334e-08   2.306654078e-08   2.972986028e-08   3.831803802e-08   4.938711487e-08   6.365375719e-08   8.204165716e-08   1.057413369e-07   1.362872284e-07   1.756570193e-07   2.263996969e-07   2.918005801e-07   3.760940238e-07   4.847375652e-07   6.247652625e-07   8.052430972e-07   1.037855923e-06   1.337663953e-06   1.724077759e-06   2.222114872e-06   2.864019334e-06   3.691348975e-06   4.757665486e-06   6.132001279e-06   7.903327353e-06   1.018631101e-05   1.312873546e-05   1.692106054e-05   2.180874162e-05   2.810810085e-05   3.622677314e-05   4.669004137e-05   6.01747511e-05   7.755297553e-05   9.994821662e-05   0.0001288077125   0.0001659954186   0.0002139114951   0.0002756457223   0.0003551742607   0.0004576116378   0.0005895328586   0.0007593841577   0.0009780051332   0.001259289734   0.001621018516   0.002085899104   0.002682854712   0.003448599744   0.004429533507   0.005683962348   0.007284619205   0.009321376431   0.01190392985   0.01516405652   0.01925681119   0.02435974474   0.03066896265   0.03839072336   0.04772750948   0.05885833131   0.07191458002   0.08695485948   0.1039441973   0.1227437474   0.143115566   0.1647432307   0.1872643746   0.2103077507   0.2335268265   0.2566241043   0.2793639383   0.3015748728   0.3231444071   0.3440095281   0.3641458131   0.3835569893   0.4022659577   0.4203076418   0.4377236141   0.4545582607   0.4708561776   0.4866605002   0.5020119102   0.5169481152   0.5315036483   0.5457098722   0.5595951102   0.5731848483   0.5865019709   0.5995670083   0.6123983771   0.6250126118   0.637424574   0.6496476456   0.6616938995   0.673574253   0.6852986017   0.6968759386   0.708314457   0.7196216419   0.7308043487   0.7418688728   0.7528210095   0.7636661077   0.7744091153   0.7850546203   0.7956068864   0.806069884   0.8164473183   0.8267426531   0.8369591333   
39.32663317   2.770854544e-18   3.571281934e-18   4.602931858e-18   5.932598455e-18   7.646370947e-18   9.855207478e-18   1.27021191e-17   1.637142901e-17   2.110070656e-17   2.719614867e-17   3.505240455e-17   4.517812723e-17   5.822890629e-17   7.5049714e-17   9.672961301e-17   1.246722677e-16   1.606868243e-16   2.071050441e-16   2.669322733e-16   3.44042024e-16   4.434267643e-16   5.71521156e-16   7.366186666e-16   9.494085288e-16   1.223667815e-15   1.577153435e-15   2.032751803e-15   2.619960621e-15   3.376798704e-15   4.352267509e-15   5.609523734e-15   7.229968391e-15   9.318517117e-15   1.201039293e-14   1.547988125e-14   1.995161398e-14   2.57151133e-14   3.314353681e-14   4.271783753e-14   5.505790326e-14   7.096269115e-14   9.146195619e-14   1.178829226e-13   1.51936215e-13   1.958266128e-13   2.523957982e-13   3.253063415e-13   4.192788333e-13   5.403975195e-13   6.965042257e-13   8.977060754e-13   1.157029876e-12   1.491265538e-12   1.922053139e-12   2.477284009e-12   3.192906551e-12   4.115253725e-12   5.304042868e-12   6.836242094e-12   8.811053593e-12   1.135633647e-11   1.463688499e-11   1.886509815e-11   2.431473148e-11   3.133862131e-11   4.039152916e-11   5.205958525e-11   6.709823751e-11   8.648116297e-11   1.114633085e-10   1.436621424e-10   1.85162377e-10   2.386509436e-10   3.075909579e-10   3.964459387e-10   5.109687988e-10   6.585743171e-10   8.488192079e-10   1.09402087e-09   1.410054878e-09   1.817382841e-09   2.342377195e-09   3.019028682e-09   3.891147076e-09   5.01519765e-09   6.463957017e-09   8.331225043e-09   1.073789792e-08   1.383979556e-08   1.783775019e-08   2.299060916e-08   2.963199401e-08   3.819190074e-08   4.922453983e-08   6.344421849e-08   8.177158823e-08   1.053932522e-07   1.358385911e-07   1.750787825e-07   2.256544227e-07   2.90840016e-07   3.748559782e-07   4.831418812e-07   6.227086282e-07   8.025923566e-07   1.034439455e-06   1.333260562e-06   1.718402351e-06   2.2148e-06   2.854591407e-06   3.679197602e-06   4.742003957e-06   6.111815639e-06   7.877310769e-06   1.015277918e-05   1.308551759e-05   1.68653589e-05   2.173695044e-05   2.801557308e-05   3.610751986e-05   4.653634448e-05   5.99766644e-05   7.729768205e-05   9.961920093e-05   0.0001283836949   0.0001654489836   0.0002132073256   0.0002747383297   0.0003540050669   0.0004561052268   0.0005875921682   0.0007568843183   0.0009747855868   0.001255144176   0.001615682092   0.002079032184   0.002674022406   0.003437246231   0.004414950099   0.005665248221   0.007260633774   0.009290682734   0.01186472897   0.01511411436   0.01919338112   0.02427949233   0.03056790291   0.03826418482   0.04757014339   0.05866418455   0.07167724674   0.08666771501   0.1036007004   0.1223377779   0.1426417476   0.1641971894   0.1866428927   0.2096088012   0.2327494993   0.2557684523   0.278430782   0.3005655959   0.322060768   0.3428535016   0.3629194662   0.3822623891   0.4009051113   0.4188824555   0.4362358714   0.4530096125   0.4692481409   0.484994462   0.5002891345   0.5151697524   0.5296707443   0.5438233785   0.5576558931   0.5711936975   0.5844596075   0.5974740921   0.6102555133   0.6228203562   0.6351834389   0.6473581036   0.6593563881   0.6711891776   0.6828663392   0.6943968398   0.7057888493   0.7170498312   0.7281866214   0.7392054975   0.7501122387   0.7609121786   0.7716102517   0.7822110332   0.7927187749   0.8031374367   0.8134707133   0.8237220597   
39.58040201   2.142795387e-18   2.761792917e-18   3.559602639e-18   4.58787872e-18   5.913196859e-18   7.621364738e-18   9.82297763e-18   1.266057889e-17   1.631788892e-17   2.103170014e-17   2.710720811e-17   3.493777138e-17   4.503037953e-17   5.803847815e-17   7.480427615e-17   9.641327459e-17   1.242645474e-16   1.601613242e-16   2.064277409e-16   2.660593149e-16   3.429168906e-16   4.419766094e-16   5.696520893e-16   7.342096754e-16   9.463036431e-16   1.21966601e-15   1.571995612e-15   2.02610402e-15   2.611392467e-15   3.365755434e-15   4.338034128e-15   5.591178702e-15   7.206323959e-15   9.288042427e-15   1.19711149e-14   1.542925682e-14   1.988636548e-14   2.563101622e-14   3.303514628e-14   4.257813581e-14   5.487784537e-14   7.073061925e-14   9.116284478e-14   1.174974057e-13   1.514393324e-13   1.951861938e-13   2.51570379e-13   3.242424802e-13   4.179076502e-13   5.386302376e-13   6.942264222e-13   8.947702741e-13   1.153245998e-12   1.486388597e-12   1.915767378e-12   2.469182456e-12   3.182464671e-12   4.101795459e-12   5.286696861e-12   6.81388528e-12   8.78223848e-12   1.131919743e-11   1.458901744e-11   1.880340292e-11   2.423521411e-11   3.123613346e-11   4.025943525e-11   5.188933287e-11   6.687880367e-11   8.619834044e-11   1.11098786e-10   1.431923188e-10   1.845568336e-10   2.378704747e-10   3.065850318e-10   3.951494269e-10   5.092977587e-10   6.564205572e-10   8.460432831e-10   1.090443053e-09   1.405443523e-09   1.811439387e-09   2.334716833e-09   3.009155441e-09   3.878421714e-09   4.998796265e-09   6.442817701e-09   8.303979131e-09   1.070278137e-08   1.379453477e-08   1.777941474e-08   2.291542212e-08   2.95350874e-08   3.806700036e-08   4.906355901e-08   6.323673452e-08   8.150416759e-08   1.050485807e-07   1.353943532e-07   1.745062159e-07   2.249164568e-07   2.898888712e-07   3.736300729e-07   4.815618445e-07   6.206721611e-07   7.999676092e-07   1.03105649e-06   1.328900351e-06   1.712782596e-06   2.207556857e-06   2.845255931e-06   3.667165386e-06   4.726496004e-06   6.091827939e-06   7.851549303e-06   1.011957616e-05   1.304272353e-05   1.681020347e-05   2.166586324e-05   2.792395264e-05   3.598943597e-05   4.638415473e-05   5.978052013e-05   7.704489198e-05   9.929341157e-05   0.0001279638353   0.0001649079069   0.0002125100612   0.0002738398351   0.0003528473382   0.0004546135877   0.0005856705085   0.0007544089929   0.0009715976121   0.00125103927   0.001610397999   0.002072232604   0.002665276717   0.003426004062   0.004400509715   0.005646717635   0.007236883595   0.009260290102   0.01182591262   0.01506466216   0.01913057341   0.02420002747   0.0304678351   0.03813888862   0.04741432277   0.05847194523   0.07144224632   0.08638339462   0.1032605842   0.121935807   0.1421726003   0.1636565369   0.1860275515   0.208916767   0.2319798738   0.2549212911   0.2775069009   0.2995663681   0.3209879381   0.3417090279   0.3617053983   0.3809807775   0.3995579456   0.4174716259   0.4347631464   0.4514766292   0.4676564036   0.4833453461   0.4985838937   0.5134095275   0.5278565729   0.5419562045   0.5557365758   0.5692230203   0.5824382862   0.5954027813   0.6081348136   0.6206508195   0.6329655734   0.6450923787   0.6570432381   0.6688290051   0.6804595186   0.6919437194   0.7032897543   0.7145050655   0.7255964697   0.7365702267   0.7474320996   0.7581874072   0.7688410703   0.7793976515   0.7898613911   0.8002362381   0.8105258774   
39.83417085   1.657131336e-18   2.135833227e-18   2.752819571e-18   3.548037128e-18   4.572972235e-18   5.893984282e-18   7.596602149e-18   9.791061777e-18   1.261944338e-17   1.626487044e-17   2.096336601e-17   2.701913403e-17   3.482425501e-17   4.488407125e-17   5.784990523e-17   7.456122945e-17   9.610001806e-17   1.238607992e-16   1.596409438e-16   2.057570362e-16   2.651948611e-16   3.418027188e-16   4.405405824e-16   5.678012318e-16   7.318241535e-16   9.432290064e-16   1.215703191e-15   1.566888039e-15   2.019521002e-15   2.602907787e-15   3.354819753e-15   4.323939414e-15   5.573012394e-15   7.18290988e-15   9.257864633e-15   1.193221953e-14   1.53791256e-14   1.982175265e-14   2.554773844e-14   3.292781173e-14   4.243979512e-14   5.469954167e-14   7.050080828e-14   9.086664743e-14   1.171156447e-13   1.509472906e-13   1.94552014e-13   2.507530012e-13   3.231889834e-13   4.165498258e-13   5.368801732e-13   6.9197081e-13   8.918630745e-13   1.149498985e-12   1.48155917e-12   1.909542855e-12   2.461159831e-12   3.17212452e-12   4.088468308e-12   5.269519845e-12   6.791746273e-12   8.753704094e-12   1.12824202e-11   1.454161624e-11   1.874230875e-11   2.415647144e-11   3.113464408e-11   4.012862825e-11   5.172073915e-11   6.666150763e-11   8.591827327e-11   1.107378147e-10   1.427270724e-10   1.839571897e-10   2.370976093e-10   3.055889059e-10   3.938655462e-10   5.076429985e-10   6.542877801e-10   8.432944025e-10   1.086900093e-09   1.400877094e-09   1.805553836e-09   2.327131101e-09   2.999378389e-09   3.865820327e-09   4.982554667e-09   6.421884331e-09   8.276998658e-09   1.066800695e-08   1.374971492e-08   1.772164761e-08   2.284096759e-08   2.94391249e-08   3.79433168e-08   4.890414651e-08   6.303127194e-08   8.123935226e-08   1.047072672e-07   1.349544432e-07   1.739392275e-07   2.241856803e-07   2.889469928e-07   3.724161107e-07   4.799972011e-07   6.186555341e-07   7.97368433e-07   1.027706482e-06   1.324582618e-06   1.707217591e-06   2.20038428e-06   2.836011404e-06   3.655250391e-06   4.711139136e-06   6.072034967e-06   7.826038815e-06   1.008669662e-05   1.300034637e-05   1.675558538e-05   2.15954686e-05   2.78332248e-05   3.58725025e-05   4.623344768e-05   5.958628678e-05   7.679456469e-05   9.897079618e-05   0.0001275480661   0.0001643721015   0.0002118195898   0.000272950094   0.0003517008887   0.0004531364809   0.0005837675706   0.0007519577836   0.0009684406968   0.001246974357   0.001605165389   0.002065499272   0.002656616238   0.003414871429   0.004386210034   0.005628367611   0.00721336485   0.009230193649   0.01178747457   0.01501569196   0.01906837796   0.02412133736   0.03036874311   0.03801481457   0.04726002252   0.05828158234   0.07120954079   0.08610185234   0.1029237935   0.1215377696   0.1417080481   0.1631211854   0.1854182506   0.2082315348   0.2312178237   0.2540824814   0.2765921425   0.2985770241   0.3199257391   0.3405759165   0.3605034067   0.3797119391   0.3982242335   0.4160749143   0.4333051889   0.4499590492   0.466080693   0.4817128689   0.4968958933   0.5116671356   0.5260608186   0.540108024   0.5538368218   0.5672724703   0.5804376501   0.593352709   0.606035901   0.6185036144   0.6307705805   0.6428500639   0.6547540325   0.6664933088   0.678077703   0.6895161309   0.7008167157   0.7119868789   0.7230334178   0.7339625748   0.7447800969   0.7554912883   0.7661010561   0.7766139507   0.7870342006   0.7973657442   
40.0879397   1.281569874e-18   1.651781883e-18   2.128938457e-18   2.743933083e-18   3.536583567e-18   4.558210039e-18   5.874957673e-18   7.572079251e-18   9.759454856e-18   1.257870605e-17   1.621236516e-17   2.089569332e-17   2.693191247e-17   3.471183743e-17   4.473917917e-17   5.766315762e-17   7.432053534e-17   9.578979372e-17   1.234609592e-16   1.591256005e-16   2.050928236e-16   2.643387749e-16   3.406993317e-16   4.391184556e-16   5.659682897e-16   7.294617225e-16   9.401841308e-16   1.21177873e-15   1.561829904e-15   2.013001705e-15   2.594505236e-15   3.343989924e-15   4.309981131e-15   5.555021928e-15   7.159722439e-15   9.227978947e-15   1.189370065e-14   1.532947962e-14   1.975776526e-14   2.546526676e-14   3.282151613e-14   4.230279351e-14   5.452296388e-14   7.027322177e-14   9.057331714e-14   1.16737579e-13   1.504600116e-13   1.939239728e-13   2.499435354e-13   3.22145684e-13   4.152051445e-13   5.351470487e-13   6.897370311e-13   8.889840153e-13   1.145788241e-12   1.476776489e-12   1.903378583e-12   2.453214862e-12   3.161884457e-12   4.075270159e-12   5.252509096e-12   6.769821563e-12   8.725445909e-12   1.124599897e-11   1.449467386e-11   1.868180595e-11   2.407849096e-11   3.103413708e-11   3.999908741e-11   5.155377735e-11   6.644631493e-11   8.564091702e-11   1.103803375e-10   1.422663294e-10   1.833633501e-10   2.363322249e-10   3.04602422e-10   3.92594093e-10   5.060042557e-10   6.521756473e-10   8.405721298e-10   1.083391427e-09   1.396354866e-09   1.799725255e-09   2.319618795e-09   2.989695974e-09   3.853340917e-09   4.966470282e-09   6.401153587e-09   8.250279345e-09   1.063356912e-08   1.370532891e-08   1.766443965e-08   2.276723374e-08   2.934409128e-08   3.782083045e-08   4.874627707e-08   6.282779815e-08   8.097710024e-08   1.043692575e-07   1.345187913e-07   1.733777272e-07   2.234619775e-07   2.880142313e-07   3.712138993e-07   4.784477028e-07   6.166584272e-07   7.947944158e-07   1.024388901e-06   1.32030668e-06   1.701706453e-06   2.19328113e-06   2.826856361e-06   3.643450728e-06   4.695930916e-06   6.052433582e-06   7.800775257e-06   1.005413533e-05   1.295837941e-05   1.670149597e-05   2.152575535e-05   2.774337517e-05   3.57567009e-05   4.608419941e-05   5.939393353e-05   7.654666046e-05   9.865130358e-05   0.0001271363214   0.0001638414826   0.0002111358019   0.0002720689653   0.0003505655364   0.0004516736721   0.0005818830527   0.0007495303014   0.0009653143399   0.001242948792   0.00159998343   0.002058831121   0.002648039595   0.003403846566   0.004372048785   0.005610195238   0.007190073805   0.009200388598   0.01174940871   0.01496719598   0.01900678487   0.02404340951   0.03027061119   0.03789194293   0.04710721808   0.05809306557   0.07097909307   0.08582304325   0.1025902746   0.1211436019   0.1412480165   0.1625910489   0.184814892   0.2075529941   0.2304632259   0.2532518871   0.2756863579   0.2975974023   0.3188739971   0.3394539808   0.3593132928   0.3784556637   0.396903753   0.4146920873   0.4318617544   0.4484566172   0.4645207428   0.4800967535   0.495224846   0.5099422787   0.5242831732   0.5382785189   0.5519563029   0.5653417089   0.5784573509   0.5913235168   0.6039584073   0.616378363   0.6285980724   0.6406307617   0.6524883643   0.6641816717   0.6757204663   0.6871136382   0.698369288   0.7094948161   0.7204970009   0.7313820674   0.7421557468   0.7528233286   0.7633897066   0.7738594185   0.7842366818   
40.34170854   9.911437928e-19   1.277459305e-18   1.646483879e-18   2.122109999e-18   2.735132061e-18   3.525240161e-18   4.54358982e-18   5.856114055e-18   7.547792205e-18   9.728151917e-18   1.253836051e-17   1.616036485e-17   2.082867148e-17   2.684552978e-17   3.460050103e-17   4.45956806e-17   5.747820607e-17   7.408215613e-17   9.548255298e-17   1.230649646e-16   1.586152134e-16   2.044349991e-16   2.634909222e-16   3.396065564e-16   4.377100062e-16   5.641529762e-16   7.271220123e-16   9.371685396e-16   1.207892014e-15   1.556820417e-15   2.006545108e-15   2.586183496e-15   3.333264252e-15   4.296157093e-15   5.537204487e-15   7.136758005e-15   9.198380689e-15   1.185555223e-14   1.528031112e-14   1.969439326e-14   2.538358825e-14   3.271624284e-14   4.216710952e-14   5.434808433e-14   7.004782411e-14   9.028280798e-14   1.163631493e-13   1.49977419e-13   1.933019719e-13   2.491418546e-13   3.211124186e-13   4.138733958e-13   5.334305926e-13   6.875247358e-13   8.861326458e-13   1.142113185e-12   1.472039806e-12   1.897273596e-12   2.445346304e-12   3.151742879e-12   4.062198944e-12   5.235661949e-12   6.748107716e-12   8.6974595e-12   1.120992802e-11   1.444818296e-11   1.862188504e-11   2.400126046e-11   3.093459672e-11   3.987079244e-11   5.138842132e-11   6.623319187e-11   8.536622828e-11   1.100262984e-10   1.418100176e-10   1.827752218e-10   2.355742017e-10   3.036254257e-10   3.91334868e-10   5.043812736e-10   6.500838282e-10   8.378760388e-10   1.079916506e-09   1.391876132e-09   1.793952731e-09   2.312178739e-09   2.980106682e-09   3.840981528e-09   4.950540589e-09   6.380622223e-09   8.223817007e-09   1.059946251e-08   1.366136979e-08   1.760778189e-08   2.269420903e-08   2.924997164e-08   3.769952212e-08   4.858992594e-08   6.262628129e-08   8.071737044e-08   1.040344986e-07   1.340873293e-07   1.728216273e-07   2.227452349e-07   2.870904408e-07   3.700232502e-07   4.769131069e-07   6.146805277e-07   7.922451544e-07   1.021103228e-06   1.316071865e-06   1.696248318e-06   2.186246296e-06   2.817789367e-06   3.63176455e-06   4.680868962e-06   6.033020716e-06   7.775754674e-06   1.002188721e-05   1.291681608e-05   1.664792677e-05   2.145671257e-05   2.765438967e-05   3.564201303e-05   4.593638655e-05   5.920343025e-05   7.630114049e-05   9.833488373e-05   0.0001267285368   0.000163315967   0.0002104585905   0.000271196311   0.0003494411036   0.0004502249322   0.0005800166596   0.0007471261663   0.0009622180519   0.001238961945   0.001594851312   0.002052227104   0.002639545446   0.003392927747   0.00435802375   0.005592197668   0.007167006812   0.009170870279   0.01171170909   0.01491916663   0.01894578451   0.02396623168   0.03017342395   0.03777025443   0.04695588545   0.05790636528   0.07075086691   0.08554692343   0.1022599748   0.1207532418   0.1407924326   0.1620660432   0.1842173797   0.2068810368   0.2297159596   0.252429375   0.2747894014   0.2966273447   0.3178325417   0.3383430386   0.3581348629   0.3772117457   0.3955962873   0.413322917   0.4304326041   0.4469690835   0.4629762931   0.4784967295   0.493570471   0.5082346661   0.5225233357   0.5364673782   0.5500946981   0.5634304055   0.5764970481   0.5893148547   0.6019019731   0.6142746963   0.6264476706   0.638434084   0.650245836   0.6618936871   0.673387392   0.6847358157   0.6959470361   0.7070284328   0.7179867655   0.7288282418   0.7395585772   0.7501830467   0.7607065308   0.771133555   
40.59547739   7.665490365e-19   9.879849997e-19   1.27338802e-18   1.641236506e-18   2.115346796e-18   2.726415146e-18   3.514005157e-18   4.529109317e-18   5.837450514e-18   7.523737255e-18   9.697148121e-18   1.249840053e-17   1.610886147e-17   2.076229013e-17   2.675997259e-17   3.449022861e-17   4.445355336e-17   5.729502199e-17   7.384605496e-17   9.517824836e-17   1.226727544e-16   1.581097039e-16   2.037834611e-16   2.626511718e-16   3.385242242e-16   4.363150165e-16   5.623550104e-16   7.248046613e-16   9.341817665e-16   1.20404244e-15   1.551858802e-15   2.000150212e-15   2.577941283e-15   3.322641078e-15   4.282465163e-15   5.519557316e-15   7.114013028e-15   9.169065284e-15   1.181776837e-14   1.52316125e-14   1.963162687e-14   2.53026903e-14   3.261197559e-14   4.203272218e-14   5.417487601e-14   6.982458043e-14   8.999507504e-14   1.159922979e-13   1.494994383e-13   1.92685915e-13   2.48347835e-13   3.200890275e-13   4.125543738e-13   5.317305397e-13   6.853335821e-13   8.833085251e-13   1.13847325e-12   1.467348388e-12   1.891226951e-12   2.437552941e-12   3.141698217e-12   4.049252643e-12   5.218975799e-12   6.726601375e-12   8.669740539e-12   1.117420177e-11   1.440213634e-11   1.856253676e-11   2.392476801e-11   3.08360076e-11   3.97437235e-11   5.122464549e-11   6.602210549e-11   8.509416457e-11   1.096756426e-10   1.413580665e-10   1.821927138e-10   2.348234225e-10   3.02657766e-10   3.900876767e-10   5.027738013e-10   6.480119993e-10   8.352057128e-10   1.076474793e-09   1.387440197e-09   1.788235371e-09   2.304809784e-09   2.970609028e-09   3.828740251e-09   4.934763127e-09   6.360287065e-09   8.197607554e-09   1.056568183e-08   1.361783076e-08   1.755166557e-08   2.262188218e-08   2.915675146e-08   3.757937306e-08   4.843506897e-08   6.24266902e-08   8.046012272e-08   1.037029387e-07   1.336599906e-07   1.722708416e-07   2.220353418e-07   2.861754784e-07   3.688439794e-07   4.753931761e-07   6.127215297e-07   7.897202547e-07   1.017848953e-06   1.31187752e-06   1.690842344e-06   2.179278689e-06   2.80880902e-06   3.62019005e-06   4.665950946e-06   6.013793366e-06   7.750973198e-06   9.989947268e-06   1.287564993e-05   1.65948695e-05   2.13883296e-05   2.756625456e-05   3.552842117e-05   4.578998625e-05   5.901474751e-05   7.60579668e-05   9.802148773e-05   0.000126324649   0.0001627954734   0.0002097878508   0.0002703319962   0.0003483274165   0.0004487900372   0.0005781681028   0.0007447450066   0.000959151354   0.001235013199   0.00158976824   0.002045686202   0.002631132476   0.003382113282   0.004344132762   0.005574372118   0.007144160304   0.009141634125   0.01167436987   0.01487159647   0.01888536743   0.02388979194   0.03007716634   0.0376497302   0.04680600116   0.05772145251   0.07052482686   0.08527344997   0.1019328427   0.1203666283   0.1403412254   0.1615460863   0.1836256202   0.2062155571   0.2289759071   0.2516148151   0.273901131   0.295666697   0.3168012067   0.3372429119   0.3569679273   0.3759799843   0.3943016245   0.4119671806   0.4290175046   0.4454962043   0.4614470895   0.4769125324   0.4919324939   0.5065440134   0.5207810121   0.5346742981   0.5482516942   0.5615382373   0.5745564096   0.5873263811   0.599866247   0.6121922537   0.6243190052   0.6362596519   0.6480260593   0.6596289575   0.6710780735   0.6823822477   0.6935495352   0.7045872952   0.7155022685   0.7263006458   0.7369881269   0.7475699725   0.7580510498   
40.84924623   5.92859805e-19   7.64121493e-19   9.848562022e-19   1.269355394e-18   1.636038961e-18   2.108647816e-18   2.717781006e-18   3.50287684e-18   4.514766321e-18   5.818964201e-18   7.499910729e-18   9.666438736e-18   1.245882e-17   1.605784717e-17   2.069653913e-17   2.667522785e-17   3.438100333e-17   4.431277576e-17   5.711357742e-17   7.361219579e-17   9.48768334e-17   1.222842685e-16   1.576089946e-16   2.0313811e-16   2.618193957e-16   3.374521698e-16   4.349332736e-16   5.605741181e-16   7.225093158e-16   9.312233557e-16   1.200229422e-15   1.546944303e-15   1.993816042e-15   2.569777337e-15   3.312118782e-15   4.268903251e-15   5.502077722e-15   7.091484037e-15   9.140028256e-15   1.178034331e-14   1.518337631e-14   1.956945651e-14   2.522256055e-14   3.250869845e-14   4.189961097e-14   5.400331246e-14   6.960345666e-14   8.97100744e-14   1.15624968e-13   1.490259964e-13   1.920757082e-13   2.475613554e-13   3.190753545e-13   4.112478772e-13   5.300466304e-13   6.831632354e-13   8.80511222e-13   1.134867879e-12   1.46270152e-12   1.885237724e-12   2.429833583e-12   3.131748939e-12   4.036429279e-12   5.202448101e-12   6.705299257e-12   8.642284797e-12   1.113881479e-11   1.435652698e-11   1.850375204e-11   2.384900193e-11   3.073835468e-11   3.961786121e-11   5.106242487e-11   6.581302358e-11   8.482468436e-11   1.093283166e-10   1.409104071e-10   1.816157374e-10   2.340797726e-10   3.016992952e-10   3.888523287e-10   5.011815936e-10   6.459598443e-10   8.32560744e-10   1.073065762e-09   1.383046386e-09   1.782572303e-09   2.297510804e-09   2.961201563e-09   3.816615216e-09   4.919135487e-09   6.340145008e-09   8.171646985e-09   1.053222193e-08   1.357470517e-08   1.749608213e-08   2.255024214e-08   2.906441648e-08   3.746036494e-08   4.828168251e-08   6.222899442e-08   8.020531782e-08   1.033745274e-07   1.332367098e-07   1.717252862e-07   2.213321898e-07   2.852692044e-07   3.676759069e-07   4.738876786e-07   6.107811343e-07   7.872193313e-07   1.014625581e-06   1.307723005e-06   1.685487704e-06   2.172377246e-06   2.799913951e-06   3.60872546e-06   4.65117459e-06   5.994748599e-06   7.726427045e-06   9.958310623e-06   1.28348747e-05   1.654231606e-05   2.132059598e-05   2.747895637e-05   3.541590797e-05   4.564497616e-05   5.882785649e-05   7.581710228e-05   9.771106773e-05   0.0001259245966   0.0001622799225   0.0002091234804   0.000269475889   0.0003472243049   0.0004473687681   0.0005763371001   0.0007423864587   0.0009561137782   0.001231101951   0.001584733439   0.002039207416   0.002622799402   0.003371401521   0.004330373699   0.005556715867   0.00712153079   0.009112675672   0.01163738534   0.01482447824   0.01882552439   0.02381407859   0.02998182363   0.03753035181   0.04665754228   0.05753829893   0.07030093826   0.08500258088   0.1016088281   0.1199837019   0.1398943252   0.1610310978   0.1830395216   0.2055564519   0.2282429533   0.2508080803   0.2730214073   0.294715308   0.3157798294   0.3361534267   0.3558123006   0.3747601833   0.3930195575   0.4106246605   0.4276162277   0.4440377413   0.4599328838   0.4753439041   0.4903106466   0.5048700428   0.5190559151   0.5328989818   0.5464269849   0.5596648888   0.5726351104   0.5853577618   0.5978508861   0.610130683   0.6222117149   0.634107095   0.6458286549   0.6573870946   0.6687921138   0.6800525282   0.6911763704   0.7021709793   0.7130430773   0.723798838   0.7344439457   0.7449836468   
41.10301508   4.585352724e-19   5.909941169e-19   7.617168564e-19   9.817569291e-19   1.265360822e-18   1.630890461e-18   2.10201205e-18   2.709228341e-18   3.491853533e-18   4.500558669e-18   5.80065233e-18   7.476309038e-18   9.636019133e-18   1.241961297e-17   1.600731426e-17   2.063140858e-17   2.659128278e-17   3.427280873e-17   4.417332657e-17   5.693384501e-17   7.338054339e-17   9.457826268e-17   1.218994485e-16   1.571130102e-16   2.024988487e-16   2.609954685e-16   3.363902315e-16   4.335645692e-16   5.588100308e-16   7.202356298e-16   9.282928613e-16   1.196452384e-15   1.542076178e-15   1.987541643e-15   2.561690428e-15   3.301695777e-15   4.255469312e-15   5.48476307e-15   7.069167636e-15   9.11126523e-15   1.17432714e-14   1.513559529e-14   1.950787281e-14   2.514318692e-14   3.240639586e-14   4.176775585e-14   5.383336783e-14   6.938441948e-14   8.942776311e-14   1.152611044e-13   1.485570221e-13   1.914712594e-13   2.467822972e-13   3.180712469e-13   4.099537091e-13   5.283786109e-13   6.810133688e-13   8.777403152e-13   1.13129653e-12   1.458098502e-12   1.879305014e-12   2.422187068e-12   3.121893546e-12   4.02372692e-12   5.186076363e-12   6.684198152e-12   8.615088134e-12   1.110376172e-11   1.4311348e-11   1.844552203e-11   2.37739508e-11   3.064162324e-11   3.949318658e-11   5.090173501e-11   6.560591462e-11   8.455774705e-11   1.089842681e-10   1.40466972e-10   1.810442054e-10   2.333431401e-10   3.007498687e-10   3.876286378e-10   4.996044104e-10   6.439270542e-10   8.299407339e-10   1.069688899e-09   1.378694037e-09   1.776962674e-09   2.290280699e-09   2.95188287e-09   3.804604596e-09   4.903655313e-09   6.320193018e-09   8.145931386e-09   1.049907777e-08   1.353198653e-08   1.744102319e-08   2.247927811e-08   2.897295281e-08   3.73424798e-08   4.812974346e-08   6.203316415e-08   7.995291732e-08   1.03049215e-07   1.328174233e-07   1.711848788e-07   2.20635673e-07   2.843714823e-07   3.665188567e-07   4.723963874e-07   6.08859049e-07   7.847420074e-07   1.011432626e-06   1.303607692e-06   1.680183593e-06   2.165540927e-06   2.791102818e-06   3.597369054e-06   4.636537669e-06   5.975883543e-06   7.702112517e-06   9.92697251e-06   1.279448424e-05   1.649025853e-05   2.125350152e-05   2.739248196e-05   3.530445648e-05   4.550133443e-05   5.864272902e-05   7.557851064e-05   9.740357694e-05   0.0001255283192   0.0001617692364   0.0002084653793   0.0002686278603   0.0003461316028   0.0004459609106   0.0005745233756   0.0007400501672   0.0009531048667   0.001227227613   0.00157974615   0.00203278977   0.002614544967   0.00336079085   0.004316744487   0.005539226253   0.007099114861   0.009083990553   0.01160074993   0.01477780483   0.01876624637   0.02373908021   0.02988738142   0.03741210122   0.04651048637   0.05735687684   0.07007916722   0.0847342751   0.1012878818   0.1196044045   0.139451664   0.1605209991   0.1824589944   0.20490362   0.2275169853   0.2500090461   0.2721500944   0.2937730304   0.3147682509   0.3350744127   0.3546678019   0.3735521506   0.3917498838   0.4092951439   0.4262285506   0.4425934615   0.458433433   0.4737905919   0.488704667   0.5032124829   0.5173477639   0.5311411392   0.5446202711   0.5578100515   0.5707328332   0.5834086705   0.595855555   0.6080896401   0.620125447   0.6319760516   0.6436532523   0.6551677192   0.6665291249   0.6777462604   0.6888271363   0.6997790713   0.7106087692   0.7213223871   0.7319255936   
41.35678392   3.546517114e-19   4.571013129e-19   5.89145924e-19   7.59334769e-19   9.786867189e-19   1.261403709e-18   1.625790241e-18   2.095438509e-18   2.700755877e-18   3.480933595e-18   4.486484247e-18   5.782512176e-18   7.452928668e-18   9.605884786e-18   1.23807736e-17   1.595725521e-17   2.056688878e-17   2.65081249e-17   3.416562871e-17   4.403518505e-17   5.675579801e-17   7.315106328e-17   9.428249177e-17   1.215182371e-16   1.566216768e-16   2.018655819e-16   2.601792676e-16   3.353382515e-16   4.322086996e-16   5.57062486e-16   7.17983265e-16   9.253898472e-16   1.192710765e-15   1.537253703e-15   1.981326082e-15   2.553679354e-15   3.291370513e-15   4.242161349e-15   5.467610785e-15   7.047060503e-15   9.082771926e-15   1.170654712e-14   1.508826233e-14   1.94468666e-14   2.506455762e-14   3.23050526e-14   4.163713717e-14   5.366501684e-14   6.916743629e-14   8.914809915e-14   1.149006528e-13   1.480924455e-13   1.908724788e-13   2.460105446e-13   3.17076555e-13   4.086716768e-13   5.267262331e-13   6.788836622e-13   8.749953921e-13   1.12775867e-12   1.453538647e-12   1.873427936e-12   2.414612257e-12   3.11213057e-12   4.011143675e-12   5.169858149e-12   6.66329492e-12   8.588146505e-12   1.106903736e-11   1.426659267e-11   1.838783807e-11   2.369960345e-11   3.054579889e-11   3.936968108e-11   5.0742552e-11   6.54007478e-11   8.42933129e-11   1.086434458e-10   1.400276951e-10   1.804780329e-10   2.326134152e-10   2.998093454e-10   3.864164219e-10   4.98042017e-10   6.419133262e-10   8.273452926e-10   1.066343703e-09   1.3743825e-09   1.771405647e-09   2.283118393e-09   2.942651562e-09   3.792706605e-09   4.888320303e-09   6.300428125e-09   8.120456933e-09   1.046624442e-08   1.348966848e-08   1.738648055e-08   2.240897954e-08   2.888234682e-08   3.722570012e-08   4.797922919e-08   6.183917025e-08   7.970288368e-08   1.027269532e-07   1.324020685e-07   1.70649539e-07   2.199456877e-07   2.834821784e-07   3.653726565e-07   4.709190806e-07   6.069549878e-07   7.822879143e-07   1.008269612e-06   1.29953097e-06   1.67492922e-06   2.158768715e-06   2.78237431e-06   3.586119141e-06   4.622038003e-06   5.957195392e-06   7.678025995e-06   9.895928267e-06   1.275447253e-05   1.643868916e-05   2.118703623e-05   2.730681844e-05   3.519405011e-05   4.535903968e-05   5.845933757e-05   7.534215636e-05   9.709896962e-05   0.0001251357579   0.0001612633393   0.0002078134495   0.0002677877839   0.0003450491474   0.0004445662553   0.0005727266593   0.0007377357845   0.0009501241716   0.001223389607   0.001574805631   0.002026432307   0.002606367943   0.003350279689   0.004303243097   0.005521900672   0.007076909177   0.009055574498   0.01156445818   0.01473156929   0.01870752453   0.02366478563   0.02979382565   0.0372949608   0.04636481147   0.05717715915   0.06985948058   0.0844684925   0.1009699556   0.1192286791   0.1390131752   0.1600157134   0.181883951   0.2042569626   0.2267978931   0.249217591   0.2712870593   0.2928397197   0.3137663158   0.3340057036   0.3535342539   0.3723556987   0.3904924055   0.4079784226   0.4248542552   0.4411631371   0.4569485   0.4722523492   0.4871142992   0.5015710684   0.5156562839   0.5294004869   0.5428312602   0.5559734243   0.568849268   0.5814787885   0.5938799262   0.6060687888   0.6180598563   0.6298661682   0.6414994896   0.6529704608   0.6642887276   0.6754630569   0.686501437   0.6974111666   0.7081989315   0.7188708718   
41.61055276   2.743088587e-19   3.535495119e-19   4.556807167e-19   5.873149548e-19   7.569748806e-19   9.756451205e-19   1.257483472e-18   1.620737551e-18   2.088926229e-18   2.692362369e-18   3.470115423e-18   4.472540987e-18   5.764541073e-18   7.429766184e-18   9.576031266e-18   1.234229618e-17   1.590766266e-17   2.050297025e-17   2.642574198e-17   3.405944752e-17   4.389833089e-17   5.657941027e-17   7.292372173e-17   9.39894772e-17   1.211405783e-16   1.561349223e-16   2.012382167e-16   2.593706729e-16   3.34296075e-16   4.308654656e-16   5.553312268e-16   7.157518904e-16   9.225138868e-16   1.189004015e-15   1.53247617e-15   1.975168444e-15   2.545742936e-15   3.281141471e-15   4.228977405e-15   5.450618344e-15   7.025159391e-15   9.054544155e-15   1.167016509e-14   1.504137048e-14   1.938642892e-14   2.498666107e-14   3.220465378e-14   4.150773576e-14   5.349823474e-14   6.89524752e-14   8.887104143e-14   1.145435604e-13   1.476321984e-13   1.902792783e-13   2.45245984e-13   3.160911329e-13   4.07401592e-13   5.25089254e-13   6.767738028e-13   8.722760494e-13   1.124253781e-12   1.449021287e-12   1.867605629e-12   2.407108037e-12   3.102458577e-12   3.998677696e-12   5.153791074e-12   6.642586488e-12   8.561455949e-12   1.10346366e-11   1.422225444e-11   1.833069168e-11   2.362594896e-11   3.045086754e-11   3.924732655e-11   5.058485244e-11   6.519749297e-11   8.403134306e-11   1.083057997e-10   1.395925119e-10   1.799171367e-10   2.318904907e-10   2.988775869e-10   3.852155028e-10   4.964941838e-10   6.399183645e-10   8.247740387e-10   1.063029681e-09   1.370111144e-09   1.765900408e-09   2.276022835e-09   2.933506282e-09   3.780919492e-09   4.873128203e-09   6.280847424e-09   8.09521988e-09   1.043371704e-08   1.344774479e-08   1.733244621e-08   2.233933609e-08   2.879258521e-08   3.711000873e-08   4.783011758e-08   6.164698422e-08   7.945518014e-08   1.024076946e-07   1.319905845e-07   1.701191881e-07   2.192621324e-07   2.826011621e-07   3.64237138e-07   4.69455541e-07   6.050686708e-07   7.798566912e-07   1.005136074e-06   1.29549224e-06   1.669723814e-06   2.152059614e-06   2.773727145e-06   3.574974067e-06   4.607673463e-06   5.938681399e-06   7.654163939e-06   9.86517333e-06   1.27148337e-05   1.638760037e-05   2.112119035e-05   2.722195324e-05   3.508467263e-05   4.5218071e-05   5.827765518e-05   7.510800471e-05   9.6797201e-05   0.0001247468549   0.0001607621567   0.0002071675951   0.0002669555364   0.0003439767797   0.0004431845972   0.0005709466871   0.0007354429704   0.0009471712548   0.001219587369   0.001569911156   0.002020134094   0.002598267128   0.003339866492   0.004289867545   0.005504736577   0.007054910476   0.009027423327   0.01152850476   0.01468576481   0.01864935024   0.0235911839   0.02970114254   0.03717891329   0.04622049612   0.05699911933   0.06964184592   0.08420519378   0.1006550025   0.1188564701   0.1385787938   0.1595151656   0.1813143057   0.2036163832   0.226085569   0.248433596   0.270432172   0.2919152349   0.312773872   0.3329471368   0.3524114834   0.3711706441   0.3892469291   0.4066742933   0.4234931284   0.4397465456   0.4554778526   0.4707289346   0.4855392926   0.4999455398   0.5139812069   0.5276767479   0.5410596664   0.5541547125   0.5669841116   0.579567804   0.5919236795   0.6040678003   0.6160146061   0.6277770993   0.6393670129   0.6507949572   0.6620705517   0.6732025388   0.6841988854   0.6950668702   0.7058131607   
41.86432161   2.121709712e-19   2.734616142e-19   3.524575205e-19   4.542732777e-19   5.855009434e-19   7.546368488e-19   9.726316925e-19   1.253599544e-18   1.615731657e-18   2.082474263e-18   2.684046599e-18   3.459397445e-18   4.458726866e-18   5.746736413e-18   7.406818224e-18   9.54645424e-18   1.230417513e-17   1.585852943e-17   2.043964372e-17   2.634412207e-17   3.395424975e-17   4.376274423e-17   5.640465617e-17   7.269848575e-17   9.369917643e-17   1.207664173e-16   1.556526759e-16   2.006166619e-16   2.585695672e-16   3.332635508e-16   4.295346722e-16   5.536160021e-16   7.13541182e-16   9.196645627e-16   1.185331596e-15   1.527742884e-15   1.969067837e-15   2.537880022e-15   3.271007168e-15   4.215915567e-15   5.433783282e-15   7.00346112e-15   9.026577821e-15   1.163412001e-14   1.499491292e-14   1.932655099e-14   2.490948597e-14   3.210518482e-14   4.137953281e-14   5.333299732e-14   6.873950501e-14   8.859654973e-14   1.141897752e-13   1.471762139e-13   1.896915719e-13   2.444885046e-13   3.151148375e-13   4.061432704e-13   5.234674362e-13   6.746834842e-13   8.695818925e-13   1.120781352e-12   1.444545764e-12   1.861837245e-12   2.399673318e-12   3.092876162e-12   3.986327174e-12   5.137872808e-12   6.622069852e-12   8.535012593e-12   1.100055445e-11   1.417832685e-11   1.827407455e-11   2.355297663e-11   3.035681541e-11   3.912610522e-11   5.042861345e-11   6.499612062e-11   8.377179951e-11   1.079712808e-10   1.391613592e-10   1.793614353e-10   2.311742617e-10   2.979544581e-10   3.840257063e-10   4.949606862e-10   6.379418795e-10   8.222265989e-10   1.059746352e-09   1.365879348e-09   1.760446157e-09   2.268992993e-09   2.924445703e-09   3.769241549e-09   4.858076807e-09   6.261448073e-09   8.070216565e-09   1.040149092e-08   1.340620939e-08   1.727891232e-08   2.227033766e-08   2.870365494e-08   3.699538884e-08   4.768238701e-08   6.145657815e-08   7.920977076e-08   1.020913929e-07   1.315829116e-07   1.695937492e-07   2.18584908e-07   2.817283055e-07   3.631121363e-07   4.680055563e-07   6.031998244e-07   7.774479854e-07   1.002031559e-06   1.291490916e-06   1.664566618e-06   2.145412651e-06   2.765160067e-06   3.563932216e-06   4.593441962e-06   5.920338877e-06   7.630522887e-06   9.834703236e-06   1.267556199e-05   1.633698476e-05   2.10559543e-05   2.713787404e-05   3.497630818e-05   4.507840793e-05   5.809765548e-05   7.487602171e-05   9.649822727e-05   0.0001243615539   0.0001602656159   0.0002065277225   0.000266130997   0.000342914344   0.0004418157358   0.0005691832008   0.000733171392   0.0009442456878   0.001215820348   0.001565062014   0.002013894217   0.002590241346   0.003329549749   0.004276615889   0.005487731477   0.007033115562   0.008999532954   0.01149288444   0.01464038474   0.01859171504   0.02351826434   0.02960931861   0.03706394182   0.04607751931   0.05682273147   0.0694262315   0.08394434052   0.1003429766   0.1184877229   0.1381484561   0.159019282   0.1807499745   0.2029817872   0.2253799075   0.247656945   0.2695853051   0.290999438   0.3117907708   0.3318985529   0.351299321   0.3699968073   0.3880132652   0.4053825571   0.4221449618   0.4383434692   0.454021264   0.4692201123   0.4839794026   0.4983356436   0.5123222707   0.525969651   0.5393052103   0.5523536283   0.5651370676   0.5776754124   0.5899865019   0.6020863536   0.6139893666   0.6257085074   0.6372554763   0.6486408545   0.6598742349   0.6709643363   0.6819191035   0.6927457957   
42.11809045   1.641120046e-19   2.115196695e-19   2.726221685e-19   3.513755809e-19   4.52878794e-19   5.837036299e-19   7.523203384e-19   9.696460029e-19   1.249751366e-18   1.610771842e-18   2.076081688e-18   2.675807375e-18   3.448778125e-18   4.445039902e-18   5.729095644e-18   7.384081497e-18   9.517149468e-18   1.226640497e-17   1.580984847e-17   2.03769001e-17   2.626325346e-17   3.385002031e-17   4.362840564e-17   5.623151067e-17   7.247532305e-17   9.341154786e-17   1.203957003e-16   1.551748685e-16   2.000008285e-16   2.577758357e-16   3.32240531e-16   4.282161287e-16   5.519165658e-16   7.113508231e-16   9.168414663e-16   1.181692981e-15   1.523053169e-15   1.963023385e-15   2.530089486e-15   3.26096615e-15   4.202973961e-15   5.417103185e-15   6.98196258e-15   8.998868915e-15   1.159840673e-14   1.494888301e-14   1.926722423e-14   2.483302127e-14   3.200663146e-14   4.125250997e-14   5.31692809e-14   6.85284952e-14   8.832458471e-14   1.138392466e-13   1.467244268e-13   1.891092753e-13   2.437379976e-13   3.141475288e-13   4.048965315e-13   5.21860547e-13   6.726124068e-13   8.66912535e-13   1.117340887e-12   1.440111439e-12   1.856121959e-12   2.392307036e-12   3.083381954e-12   3.974090336e-12   5.122101069e-12   6.601742069e-12   8.508812646e-12   1.096678602e-11   1.41348036e-11   1.821797859e-11   2.3480676e-11   3.026362903e-11   3.900599973e-11   5.027381262e-11   6.479660188e-11   8.351464503e-11   1.076398412e-10   1.387341753e-10   1.788108491e-10   2.304646256e-10   2.970398267e-10   3.828468617e-10   4.934413043e-10   6.359835879e-10   8.197026081e-10   1.056493247e-09   1.361686505e-09   1.755042111e-09   2.26202786e-09   2.915468525e-09   3.7576711e-09   4.843163958e-09   6.242227292e-09   8.045443403e-09   1.036956144e-08   1.336505632e-08   1.722587121e-08   2.220197436e-08   2.861554327e-08   3.688182401e-08   4.753601628e-08   6.126792476e-08   7.896662035e-08   1.017780028e-07   1.311789912e-07   1.690731469e-07   2.179139175e-07   2.808634835e-07   3.619974902e-07   4.665689186e-07   6.013481805e-07   7.750614516e-07   9.989556205e-07   1.287526423e-06   1.659456894e-06   2.138826873e-06   2.756671848e-06   3.552992004e-06   4.579341461e-06   5.902165196e-06   7.607099448e-06   9.804513616e-06   1.263665178e-05   1.628683505e-05   2.099131875e-05   2.705456878e-05   3.486894122e-05   4.494003045e-05   5.791931266e-05   7.464617409e-05   9.620200557e-05   0.0001239797995   0.0001597736458   0.0002058937399   0.0002653140475   0.0003418616881   0.0004404594748   0.0005674359476   0.0007309207238   0.0009413470512   0.001212088003   0.00156025751   0.002007711781   0.002582289446   0.00331932798   0.004263486229   0.005470882932   0.007011521309   0.008971899377   0.01145759211   0.01459542258   0.01853461067   0.02344601648   0.02951834066   0.03695002985   0.04593586049   0.05664797018   0.06921260628   0.08368589513   0.1000338328   0.1181223843   0.1377220998   0.1585279909   0.1801908755   0.2023530821   0.2246808055   0.2468875237   0.2687463341   0.2900921938   0.3108168668   0.3308597964   0.3501976011   0.3688340128   0.3867912287   0.4041030192   0.4208095516   0.436953695   0.4525785123   0.4677256515   0.4824343896   0.4967411317   0.5106792186   0.5242789315   0.5375676186   0.5505698902   0.5633078464   0.5758013156   0.5880680874   0.6001241344   0.6119838159   0.6236600624   0.6351645419   0.6465078068   0.6576994236   0.6687480873   0.6796617216   
42.3718593   1.269412852e-19   1.636113016e-19   2.108743264e-19   2.717904027e-19   3.503035398e-19   4.514970682e-19   5.819227597e-19   7.500250214e-19   9.666876288e-19   1.245938395e-18   1.605857403e-18   2.069747596e-18   2.667643531e-18   3.438255959e-18   4.431478158e-18   5.711616267e-18   7.361552786e-18   9.488112801e-18   1.222898037e-17   1.576161288e-17   2.031473051e-17   2.61831247e-17   3.374674446e-17   4.349529609e-17   5.605994926e-17   7.225420202e-17   9.312655076e-17   1.20028375e-16   1.547014325e-16   1.993906292e-16   2.569893658e-16   3.312268706e-16   4.269096483e-16   5.502326774e-16   7.091805033e-16   9.14044198e-16   1.178087655e-15   1.518406358e-15   1.957034233e-15   2.522370225e-15   3.251016996e-15   4.190150756e-15   5.400575692e-15   6.960660726e-15   8.971413514e-15   1.156302018e-14   1.490327421e-14   1.920844025e-14   2.475725613e-14   3.190897975e-14   4.112664924e-14   5.30070623e-14   6.831941589e-14   8.805510785e-14   1.134919249e-13   1.46276773e-13   1.88532306e-13   2.42994357e-13   3.131890698e-13   4.036611988e-13   5.20268359e-13   6.705602773e-13   8.642675991e-13   1.113931898e-12   1.435717683e-12   1.850458962e-12   2.385008146e-12   3.073974606e-12   3.961965452e-12   5.106473622e-12   6.581600262e-12   8.482852398e-12   1.093332654e-11   1.409167855e-11   1.816239583e-11   2.340903685e-11   3.017129519e-11   3.888699306e-11   5.012042804e-11   6.459890851e-11   8.325984321e-11   1.073114338e-10   1.383108996e-10   1.782653002e-10   2.297614818e-10   2.96133563e-10   3.816788022e-10   4.919358229e-10   6.340432124e-10   8.172017088e-10   1.053269903e-09   1.357532022e-09   1.749687507e-09   2.25512645e-09   2.906573478e-09   3.746206507e-09   4.828387544e-09   6.223182359e-09   8.020896887e-09   1.033792408e-08   1.332427975e-08   1.717331536e-08   2.21342365e-08   2.852823771e-08   3.676929817e-08   4.739098467e-08   6.108099732e-08   7.872569449e-08   1.014674797e-07   1.307787663e-07   1.685573075e-07   2.172490657e-07   2.800065736e-07   3.608930417e-07   4.651454245e-07   5.99513477e-07   7.726967517e-07   9.959078232e-07   1.283598201e-06   1.654393918e-06   2.132301346e-06   2.748261287e-06   3.542151883e-06   4.565369963e-06   5.884157784e-06   7.583890307e-06   9.774600197e-06   1.259809754e-05   1.623714416e-05   2.092727454e-05   2.697202566e-05   3.476255653e-05   4.480291897e-05   5.774260147e-05   7.441842932e-05   9.590849397e-05   0.0001236015377   0.0001592861767   0.0002052655576   0.0002645045721   0.0003408186628   0.0004391156221   0.0005657046799   0.000728690647   0.0009384749344   0.001208389806   0.001555496963   0.00200158591   0.002574410302   0.003309199737   0.004250476704   0.005454188557   0.00699012466   0.008944518682   0.01142262277   0.01455087194   0.01847802902   0.02337443006   0.02942819581   0.03683716123   0.04579549954   0.05647481063   0.06900093987   0.0834298208   0.09972752692   0.1177604021   0.1372996639   0.1580412217   0.1796369283   0.2017301775   0.2239881621   0.2461252212   0.2679151374   0.2891933702   0.3098520177   0.329830715   0.3491061616   0.367682089   0.3855806385   0.4028354895   0.4194866984   0.4355770146   0.4511493804   0.4662453267   0.4809040195   0.4951617616   0.5090517999   0.5226043302   0.5358466241   0.5488032228   0.5614961646   0.5739452226   0.5861681368   0.5981808358   0.609997639   0.6216314415   0.6330938793   0.6443954758   0.6555457716   0.6665534384   
42.62562814   9.819140783e-20   1.265563368e-19   1.631151517e-19   2.102348518e-19   2.709662005e-19   3.492412472e-19   4.50127907e-19   5.801580837e-19   7.477505766e-19   9.637561565e-19   1.242160097e-18   1.600987654e-18   2.063471104e-18   2.659553923e-18   3.427829476e-18   4.418039737e-18   5.694295837e-18   7.339228937e-18   9.459340177e-18   1.219189609e-17   1.571381592e-17   2.025312625e-17   2.610372459e-17   3.364440773e-17   4.336339696e-17   5.588994792e-17   7.203509175e-17   9.284414526e-17   1.196643899e-16   1.542323017e-16   1.987859788e-16   2.562100477e-16   3.302224278e-16   4.256150483e-16   5.485641013e-16   7.070299193e-16   9.112723665e-16   1.174515114e-15   1.513801804e-15   1.951099542e-15   2.514721158e-15   3.241158313e-15   4.177444159e-15   5.384198491e-15   6.93955258e-15   8.944207776e-15   1.152795541e-14   1.485808015e-14   1.915019081e-14   2.468217995e-14   3.181221603e-14   4.100193301e-14   5.284631881e-14   6.811223782e-14   8.778808145e-14   1.131477616e-13   1.458331899e-13   1.879605833e-13   2.422574786e-13   3.122393265e-13   4.024370995e-13   5.186906495e-13   6.685268088e-13   8.616467146e-13   1.110553909e-12   1.43136388e-12   1.84484746e-12   2.377775628e-12   3.064652803e-12   3.949950824e-12   5.090988283e-12   6.561641614e-12   8.457128218e-12   1.090017131e-11   1.404894565e-11   1.810731852e-11   2.333804913e-11   3.007980098e-11   3.876906858e-11   4.996843826e-11   6.440301285e-11   8.300735842e-11   1.069860127e-10   1.378914729e-10   1.777247121e-10   2.29064732e-10   2.952355404e-10   3.805213643e-10   4.904440316e-10   6.321204815e-10   8.147235513e-10   1.050075871e-09   1.353415317e-09   1.744381594e-09   2.248287797e-09   2.897759318e-09   3.734846166e-09   4.813745498e-09   6.20431061e-09   7.996573583e-09   1.030657441e-08   1.328387398e-08   1.712123742e-08   2.206711461e-08   2.844172607e-08   3.665779557e-08   4.72472719e-08   6.08957697e-08   7.848695946e-08   1.011597804e-07   1.303821807e-07   1.680461588e-07   2.165902596e-07   2.79157456e-07   3.597986365e-07   4.637348748e-07   5.976954573e-07   7.703535551e-07   9.928877408e-07   1.2797057e-06   1.649376981e-06   2.12583516e-06   2.739927206e-06   3.531410335e-06   4.551525514e-06   5.86631412e-06   7.560892217e-06   9.744958793e-06   1.25598939e-05   1.618790513e-05   2.086381271e-05   2.689023315e-05   3.465713926e-05   4.46670543e-05   5.75674972e-05   7.419275553e-05   9.56176514e-05   0.0001232267157   0.0001588031403   0.0002046430876   0.0002637024577   0.0003397851223   0.0004377839898   0.0005639891556   0.0007264808497   0.0009356289358   0.001204725239   0.001550779709   0.001995515747   0.002566602811   0.003299163603   0.004237585495   0.005437646014   0.006968922619   0.008917387036   0.01138797154   0.0145067266   0.01842196218   0.02330349507   0.02933887142   0.03672532013   0.04565641678   0.05630322852   0.06879120255   0.08317608152   0.09942401595   0.1174017252   0.1368810887   0.1575589056   0.1790880544   0.2011129846   0.2233018787   0.2453699284   0.2670915957   0.2883028381   0.3088960843   0.3288111597   0.3480248437   0.3665408678   0.3843813174   0.4015797817   0.418176207   0.4342132243   0.4497336561   0.4647789169   0.4793880633   0.4935972961   0.5074397692   0.5209455939   0.5341419655   0.5470533569   0.5597017451   0.5721068484   0.5842863576   0.5962561575   0.6080305281   0.6196223292   0.6310431651   0.6423035307   0.6534129408   
42.87939698   7.595424322e-20   9.789543707e-20   1.261748678e-19   1.626234863e-19   2.096011571e-19   2.701494481e-19   3.481885563e-19   4.487711213e-19   5.78409358e-19   7.454966899e-19   9.608511808e-19   1.23841595e-18   1.59616192e-18   2.057251342e-18   2.651537436e-18   3.417497235e-18   4.404722781e-18   5.677131962e-18   7.317106867e-18   9.43082762e-18   1.2155147e-17   1.566645098e-17   2.019207882e-17   2.602504215e-17   3.3542996e-17   4.323269003e-17   5.572148317e-17   7.181796194e-17   9.256429233e-17   1.193036948e-16   1.537674112e-16   1.981867936e-16   2.554377735e-16   3.292270639e-16   4.243321498e-16   5.46910607e-16   7.048987737e-16   9.085255887e-16   1.170974864e-15   1.509238868e-15   1.945218494e-15   2.507141228e-15   3.23138874e-15   4.164852412e-15   5.367969318e-15   6.918635223e-15   8.917247942e-15   1.149320759e-14   1.481329459e-14   1.909246787e-14   2.460778236e-14   3.171632693e-14   4.087834406e-14   5.268702824e-14   6.790693237e-14   8.752346863e-14   1.12806709e-13   1.453936162e-13   1.873940283e-13   2.415272606e-13   3.112981677e-13   4.012240645e-13   5.171272004e-13   6.665117201e-13   8.590495196e-13   1.107206452e-12   1.427049431e-12   1.839286679e-12   2.370608483e-12   3.055415257e-12   3.938044793e-12   5.075642911e-12   6.541863365e-12   8.43163655e-12   1.086731577e-11   1.4006599e-11   1.805273903e-11   2.326770306e-11   2.998913377e-11   3.865220997e-11   4.981782226e-11   6.420888783e-11   8.275715576e-11   1.066635331e-10   1.374758373e-10   1.771890102e-10   2.283742799e-10   2.943456348e-10   3.793743882e-10   4.889657241e-10   6.302151297e-10   8.122677932e-10   1.046910708e-09   1.349335822e-09   1.739123639e-09   2.241510957e-09   2.889024826e-09   3.723588508e-09   4.799235797e-09   6.185609436e-09   7.97247013e-09   1.02755081e-08   1.324383343e-08   1.70696302e-08   2.200059941e-08   2.835599637e-08   3.654730081e-08   4.71048581e-08   6.071221629e-08   7.825038229e-08   1.008548623e-07   1.299891798e-07   1.675396303e-07   2.159374084e-07   2.783160132e-07   3.587141233e-07   4.623370746e-07   5.958938701e-07   7.680315379e-07   9.89894956e-07   1.275848382e-06   1.644405392e-06   2.119427419e-06   2.731668455e-06   3.520765877e-06   4.537806201e-06   5.84863174e-06   7.538101999e-06   9.715585309e-06   1.252203557e-05   1.613911116e-05   2.080092449e-05   2.680917994e-05   3.455267481e-05   4.453241767e-05   5.739397565e-05   7.396912155e-05   9.532943768e-05   0.0001228552815   0.00015832447   0.0002040262439   0.0002629075935   0.0003387609238   0.0004364643939   0.0005622891377   0.0007242910265   0.0009328086619   0.001201093796   0.001546105093   0.001989500454   0.002558865896   0.003289218192   0.00422481082   0.005421253019   0.006947912256   0.00889050069   0.01135363361   0.01446298045   0.01836640239   0.02323320168   0.02925035512   0.03661449107   0.04551859292   0.05613320005   0.06858336519   0.08292464204   0.0991232576   0.1170463038   0.1364663159   0.1570809751   0.1785441769   0.200501417   0.2226218584   0.2446215385   0.2662755924   0.2874204707   0.3079489302   0.3278009845   0.3469534924   0.3654101848   0.383193092   0.4003357136   0.4168778867   0.4328621249   0.4483311316   0.4633262064   0.4778862969   0.4920475031   0.5058428864   0.5193024745   0.5324533871   0.5453200292   0.557924317   0.5702859145   0.5824224636   0.5943498058   0.6060821819   0.6176324169   0.6290120834   0.6402316482   
43.13316583   5.875413786e-20   7.572667123e-20   9.760212548e-20   1.257968262e-19   1.621362383e-19   2.08973156e-19   2.693400338e-19   3.471453234e-19   4.474265258e-19   5.76676344e-19   7.432630535e-19   9.579723053e-19   1.234705443e-18   1.591379545e-18   2.051087463e-18   2.643592973e-18   3.407257825e-18   4.391525474e-18   5.660122297e-18   7.295183555e-18   9.402571236e-18   1.211872809e-17   1.56195116e-17   2.013157988e-17   2.594706665e-17   3.34424954e-17   4.310315744e-17   5.555453202e-17   7.160278296e-17   9.228695378e-17   1.189462404e-16   1.533066976e-16   1.975929918e-16   2.54672438e-16   3.282406429e-16   4.230607776e-16   5.452719686e-16   7.027867756e-16   9.058034896e-16   1.167466421e-15   1.504716928e-15   1.939390284e-15   2.499629402e-15   3.221706943e-15   4.152373797e-15   5.351885958e-15   6.897905801e-15   8.890530332e-15   1.145877196e-14   1.476891141e-14   1.903526355e-14   2.453405321e-14   3.162129935e-14   4.07558655e-14   5.252916884e-14   6.770347151e-14   8.726123325e-14   1.124687207e-13   1.449579919e-13   1.868325635e-13   2.408036034e-13   3.103654648e-13   4.000219281e-13   5.155777983e-13   6.645147363e-13   8.564756594e-13   1.103889071e-12   1.422773745e-12   1.833775859e-12   2.363505732e-12   3.046260707e-12   3.926245733e-12   5.060435411e-12   6.522262816e-12   8.406373916e-12   1.083475542e-11   1.396463282e-11   1.799864991e-11   2.319798901e-11   2.989928116e-11   3.85364013e-11   4.966855949e-11   6.401650695e-11   8.250920108e-11   1.063439508e-10   1.370639361e-10   1.766581215e-10   2.276900312e-10   2.934637246e-10   3.782377173e-10   4.875006986e-10   6.283268966e-10   8.09834099e-10   1.043773983e-09   1.34529298e-09   1.733912925e-09   2.234795005e-09   2.880368811e-09   3.712431996e-09   4.784856461e-09   6.167076285e-09   7.948583237e-09   1.024472091e-08   1.320415262e-08   1.701848665e-08   2.193468183e-08   2.827103692e-08   3.643779881e-08   4.696372383e-08   6.053031204e-08   7.801593067e-08   1.005526838e-07   1.295997098e-07   1.670376527e-07   2.152904227e-07   2.774821305e-07   3.57639354e-07   4.609518331e-07   5.941084694e-07   7.657303832e-07   9.869290602e-07   1.27202572e-06   1.63947847e-06   2.113077249e-06   2.723483905e-06   3.510217055e-06   4.524210151e-06   5.83110823e-06   7.515516542e-06   9.686475734e-06   1.248451738e-05   1.609075558e-05   2.07386013e-05   2.672885495e-05   3.444914894e-05   4.43989907e-05   5.722201312e-05   7.374749683e-05   9.504381345e-05   0.0001224871846   0.0001578501003   0.0002034149424   0.0002621198708   0.0003377459274   0.0004351566542   0.0005606043941   0.0007221208785   0.0009300137278   0.001197494982   0.00154147248   0.00198353921   0.002551198499   0.003279362145   0.004212150935   0.005405007331   0.006927090701   0.008863855969   0.0113196043   0.0144196275   0.01831134205   0.02316354029   0.0291626348   0.03650465887   0.0453820091   0.05596470192   0.0683773993   0.08267546785   0.09882521066   0.1166940888   0.1360552881   0.1566073643   0.1780052205   0.1998953896   0.2219480068   0.2438799473   0.2654670132   0.2865461443   0.3070104221   0.3268000468   0.3458919558   0.3642898791   0.3820157927   0.3991031068   0.4155915507   0.4315235211   0.4469416038   0.4618869839   0.4763985011   0.4905121555   0.5042609168   0.5176747297   0.5307806389   0.543602982   0.5561636151   0.5684821483   0.5805761748   0.5924614933   0.6041523059   0.6156614026   0.6270003251   
43.38693467   4.544986987e-20   5.857914827e-20   7.550113173e-20   9.731143352e-20   1.254221609e-19   1.616533421e-19   2.083507636e-19   2.685378486e-19   3.461114079e-19   4.46093939e-19   5.749588078e-19   7.41049366e-19   9.551191415e-19   1.231028075e-18   1.586639881e-18   2.044978635e-18   2.635719464e-18   3.397109864e-18   4.378446033e-18   5.643264548e-18   7.273456044e-18   9.374567216e-18   1.208263444e-17   1.557299144e-17   2.007162126e-17   2.586978755e-17   3.33428924e-17   4.297478174e-17   5.538907193e-17   7.138952579e-17   9.201209218e-17   1.185919785e-16   1.528500986e-16   1.970044934e-16   2.539139378e-16   3.272630318e-16   4.218007603e-16   5.436479653e-16   7.006936402e-16   9.031057021e-16   1.163989313e-15   1.500235375e-15   1.933614128e-15   2.492184664e-15   3.212111616e-15   4.140006631e-15   5.335946241e-15   6.877361517e-15   8.864051342e-15   1.142464388e-14   1.472492462e-14   1.897857013e-14   2.446098255e-14   3.152712049e-14   4.063448082e-14   5.23727193e-14   6.750182779e-14   8.700133994e-14   1.12133751e-13   1.445262582e-13   1.862761132e-13   2.400864092e-13   3.09441092e-13   3.988305283e-13   5.140422341e-13   6.625355878e-13   8.539247867e-13   1.100601318e-12   1.418536246e-12   1.828314258e-12   2.356466417e-12   3.037187918e-12   3.914552052e-12   5.045363732e-12   6.502837323e-12   8.381336906e-12   1.080248588e-11   1.392304144e-11   1.794504388e-11   2.31288976e-11   2.981023104e-11   3.842162693e-11   4.952062981e-11   6.382584425e-11   8.226346092e-11   1.060272227e-10   1.366557135e-10   1.761319741e-10   2.270118937e-10   2.925896909e-10   3.771111981e-10   4.860487575e-10   6.264555278e-10   8.074221406e-10   1.040665273e-09   1.341286245e-09   1.728748749e-09   2.228139033e-09   2.871790103e-09   3.701375124e-09   4.770605548e-09   6.148708657e-09   7.924909681e-09   1.021420868e-08   1.316482621e-08   1.696779987e-08   2.186935297e-08   2.818683626e-08   3.632927478e-08   4.682385006e-08   6.03500324e-08   7.778357298e-08   1.002532041e-07   1.292137183e-07   1.665401584e-07   2.146492154e-07   2.766556954e-07   3.565741837e-07   4.595789634e-07   5.923390145e-07   7.634497804e-07   9.839896533e-07   1.2682372e-06   1.634595551e-06   2.106783794e-06   2.715372453e-06   3.499762446e-06   4.510735529e-06   5.813741224e-06   7.493132801e-06   9.657626142e-06   1.244733427e-05   1.604283187e-05   2.067683473e-05   2.664924737e-05   3.434654768e-05   4.426675539e-05   5.705158642e-05   7.352785149e-05   9.476074019e-05   0.0001221223752   0.0001573799674   0.0002028091005   0.0002613391835   0.0003367399961   0.0004338605943   0.0005589346974   0.0007199701127   0.0009272437564   0.00119392831   0.001536881243   0.001977631209   0.002543599586   0.003269594132   0.004199604131   0.005388906759   0.006906455144   0.008837449278   0.011285879   0.01437666191   0.01825677373   0.02309450148   0.02907569861   0.0363958087   0.04524664686   0.05579771133   0.06817327697   0.08242852514   0.09852983451   0.1163450324   0.1356479496   0.1561380085   0.1774711114   0.1992948195   0.2212802312   0.2431450524   0.2646657465   0.2856797377   0.3060804295   0.3258082069   0.344840085   0.3631797933   0.3808492533   0.3978817869   0.4143170162   0.4301972221   0.4455648736   0.4604610424   0.4749244613   0.4889910311   0.5026936306   0.5160621222   0.5291234761   0.5419019633   0.5544193801   0.5666952832   0.5787472175   0.5905909391   0.6022406118   0.6137089912   
43.64070352   3.515883753e-20   4.531530591e-20   5.84057123e-20   7.527759465e-20   9.702332242e-20   1.250508221e-19   1.611747331e-19   2.077338971e-19   2.677427854e-19   3.450866718e-19   4.447731835e-19   5.732565206e-19   7.388553325e-19   9.52291309e-19   1.227383356e-18   1.581942298e-18   2.038924042e-18   2.627915858e-18   3.387052002e-18   4.365482717e-18   5.626556469e-18   7.251921438e-18   9.346811825e-18   1.204686124e-17   1.55268843e-17   2.001219498e-17   2.579319457e-17   3.324417371e-17   4.28475458e-17   5.522508086e-17   7.117816198e-17   9.17396709e-17   1.182408618e-16   1.523975536e-16   1.964212199e-16   2.531621718e-16   3.262941003e-16   4.205519298e-16   5.420383804e-16   6.986190883e-16   9.004318665e-16   1.160543077e-15   1.495793611e-15   1.927889254e-15   2.484806024e-15   3.20260148e-15   4.127749265e-15   5.320148042e-15   6.856999632e-15   8.837807441e-15   1.139081881e-14   1.468132837e-14   1.892238006e-14   2.438856063e-14   3.143377777e-14   4.051417384e-14   5.221765878e-14   6.730197434e-14   8.674375405e-14   1.118017553e-13   1.440983576e-13   1.857246034e-13   2.393755826e-13   3.085249261e-13   3.976497061e-13   5.125203033e-13   6.60574011e-13   8.513965616e-13   1.097342755e-12   1.41433637e-12   1.822901147e-12   2.349489599e-12   3.02819568e-12   3.902962192e-12   5.030425864e-12   6.483584296e-12   8.356522184e-12   1.077050283e-11   1.388181933e-11   1.789191378e-11   2.30604196e-11   2.972197154e-11   3.830787157e-11   4.93740135e-11   6.363687433e-11   8.201990253e-11   1.057133067e-10   1.362511154e-10   1.756104982e-10   2.263397769e-10   2.917234172e-10   3.759946805e-10   4.846097072e-10   6.246007736e-10   8.050315964e-10   1.037584163e-09   1.337315083e-09   1.723630423e-09   2.221542156e-09   2.863287561e-09   3.69041642e-09   4.756481161e-09   6.130504104e-09   7.901446309e-09   1.018396735e-08   1.312584896e-08   1.69175631e-08   2.180460412e-08   2.810338317e-08   3.622171428e-08   4.668521814e-08   6.017135336e-08   7.755327825e-08   9.995638324e-08   1.288311537e-07   1.66047081e-07   2.14013701e-07   2.758365976e-07   3.555184703e-07   4.582182826e-07   5.905852694e-07   7.611894257e-07   9.810763435e-07   1.264482315e-06   1.629755985e-06   2.100546214e-06   2.707333018e-06   3.489400658e-06   4.49738054e-06   5.79652841e-06   7.47094779e-06   9.629032687e-06   1.241048129e-05   1.599533365e-05   2.061561655e-05   2.657034656e-05   3.424485735e-05   4.413569412e-05   5.688267283e-05   7.331015624e-05   9.448018016e-05   0.0001217608047   0.0001569140085   0.0002022086376   0.0002605654274   0.000335742996   0.0004325760415   0.0005572798251   0.0007178384427   0.0009244983784   0.001190393306   0.00153233077   0.001971775664   0.002536068143   0.003259912851   0.004187168736   0.005372949156   0.006886002834   0.008811277095   0.01125245324   0.01433407795   0.01820269014   0.02302607605   0.02898953496   0.03628792601   0.04511248808   0.05563220595   0.06797097089   0.08218378083   0.09823708958   0.1159990877   0.1352442453   0.1556728444   0.1769417776   0.1986996252   0.220618441   0.2424167539   0.2638716827   0.2848211322   0.3051588245   0.324825328   0.3437977347   0.3620797733   0.3796933112   0.3966715831   0.4130541043   0.4288830411   0.4442007464   0.4590481798   0.4734639676   0.4874839124   0.5011408029   0.5144644196   0.5274816593   0.5402167265   0.5526913582   0.5649250593   0.5769353235   0.5887378683   0.6003468178   
43.89447236   2.719843763e-20   3.505535473e-20   4.518192963e-20   5.823380711e-20   7.505603054e-20   9.673775424e-20   1.246827607e-19   1.607003485e-19   2.071224751e-19   2.669547396e-19   3.440709802e-19   4.434640852e-19   5.71569258e-19   7.366806639e-19   9.494884356e-19   1.223770805e-18   1.577286176e-18   2.032922889e-18   2.620181129e-18   3.377082911e-18   4.352633817e-18   5.609995858e-18   7.2305769e-18   9.319301408e-18   1.201140378e-17   1.548118411e-17   1.99532932e-17   2.571727761e-17   3.314632633e-17   4.272143287e-17   5.50625372e-17   7.096866371e-17   9.146965406e-17   1.178928442e-16   1.519490027e-16   1.958430945e-16   2.524170411e-16   3.253337208e-16   4.193141218e-16   5.40443002e-16   6.965628468e-16   8.977816306e-16   1.157127257e-15   1.49139105e-15   1.922214909e-15   2.477492509e-15   3.193175282e-15   4.115600084e-15   5.304489281e-15   6.836817465e-15   8.811795174e-15   1.135729228e-14   1.46381169e-14   1.886668593e-14   2.431677792e-14   3.134125892e-14   4.039492871e-14   5.206396685e-14   6.710388483e-14   8.648844167e-14   1.114726899e-13   1.436742337e-13   1.851779612e-13   2.386710298e-13   3.076168465e-13   3.96479306e-13   5.110118053e-13   6.586297473e-13   8.48890651e-13   1.094112952e-12   1.410173562e-12   1.817535812e-12   2.34257436e-12   3.019282809e-12   3.891474626e-12   5.015619841e-12   6.464501201e-12   8.331926481e-12   1.073880207e-11   1.384096105e-11   1.783925261e-11   2.2992546e-11   2.963449104e-11   3.819512023e-11   4.922869125e-11   6.344957229e-11   8.177849382e-11   1.054021613e-10   1.358500883e-10   1.750936248e-10   2.256735924e-10   2.908647893e-10   3.748880176e-10   4.831833583e-10   6.227623897e-10   8.026621516e-10   1.034530248e-09   1.333378971e-09   1.718557271e-09   2.215003504e-09   2.854860063e-09   3.679554439e-09   4.742481437e-09   6.112460227e-09   7.878190028e-09   1.015399294e-08   1.308721572e-08   1.686776974e-08   2.174042675e-08   2.802066664e-08   3.611510312e-08   4.654780981e-08   5.999425136e-08   7.732501614e-08   9.96621822e-08   1.284519657e-07   1.655583556e-07   2.133837957e-07   2.750247294e-07   3.544720749e-07   4.568696114e-07   5.888470032e-07   7.589490212e-07   9.781887472e-07   1.260760571e-06   1.624959133e-06   2.094363688e-06   2.699364539e-06   3.479130324e-06   4.484143424e-06   5.779467518e-06   7.448958588e-06   9.600691603e-06   1.237395358e-05   1.594825465e-05   2.055493869e-05   2.649214216e-05   3.414406456e-05   4.400578962e-05   5.67152501e-05   7.309438241e-05   9.420209641e-05   0.0001214024256   0.0001564521622   0.0002016134745   0.0002597985007   0.0003347547957   0.0004313028264   0.0005556395592   0.0007157255875   0.0009217772323   0.001186889503   0.001527820462   0.001965971805   0.002528603179   0.003250317027   0.004174843111   0.005357132419   0.006865731075   0.008785335972   0.01121932259   0.01429186999   0.01814908417   0.02295825497   0.02890413245   0.03618099655   0.04497951506   0.05546816389   0.06777045428   0.08194120251   0.09794693705   0.1156562088   0.1348441217   0.15521181   0.1764171483   0.1981097272   0.2199625473   0.2416949537   0.2630847148   0.2839702115   0.304245482   0.3238512761   0.3427647622   0.360989668   0.3785478074   0.3954723281   0.4118026398   0.427580795   0.4428490317   0.4576481978   0.4720168145   0.4859905867   0.4996022137   0.5128813949   0.525854954   0.53854703   0.5509793009   0.5631712157   0.5751402307   0.5869020116   
44.14824121   2.104073494e-20   2.711885282e-20   3.495277995e-20   4.504972368e-20   5.806341031e-20   7.483641057e-20   9.64546918e-20   1.243179289e-19   1.602301263e-19   2.065164181e-19   2.661736086e-19   3.430642009e-19   4.421664737e-19   5.698968005e-19   7.345250772e-19   9.467101562e-19   1.220189954e-18   1.57267091e-18   2.026974394e-18   2.612514269e-18   3.367201295e-18   4.339897661e-18   5.59358056e-18   7.209419651e-18   9.292032384e-18   1.197625745e-17   1.543588492e-17   1.989490826e-17   2.564202679e-17   3.304933752e-17   4.259642653e-17   5.490141979e-17   7.076100371e-17   9.120200651e-17   1.175478803e-16   1.515043877e-16   1.952700419e-16   2.516784486e-16   3.243817682e-16   4.18087175e-16   5.388616223e-16   6.94524648e-16   8.951546495e-16   1.15374141e-15   1.48702712e-15   1.916590353e-15   2.470243167e-15   3.183831794e-15   4.103557508e-15   5.28896792e-15   6.816812388e-15   8.786011154e-15   1.132405993e-14   1.459528459e-14   1.881148049e-14   2.424562508e-14   3.124955188e-14   4.02767299e-14   5.19116235e-14   6.690753348e-14   8.623536954e-14   1.111465118e-13   1.432538314e-13   1.846361157e-13   2.379726592e-13   3.067167349e-13   3.953191757e-13   5.095165437e-13   6.567025438e-13   8.464067288e-13   1.09091149e-12   1.406047281e-12   1.812217557e-12   2.3357198e-12   3.010448145e-12   3.880087859e-12   5.000943735e-12   6.445585551e-12   8.307546595e-12   1.070737947e-11   1.380046129e-11   1.778705353e-11   2.292526797e-11   2.954777814e-11   3.808335824e-11   4.908464415e-11   6.326391375e-11   8.153920339e-11   1.050937461e-10   1.3545258e-10   1.745812868e-10   2.250132533e-10   2.900136956e-10   3.737910651e-10   4.81769525e-10   6.20940137e-10   8.003134977e-10   1.031503129e-09   1.329477397e-09   1.713528635e-09   2.208522226e-09   2.846506513e-09   3.668787767e-09   4.728604556e-09   6.094574677e-09   7.855137811e-09   1.012428154e-08   1.304892148e-08   1.681841329e-08   2.167681252e-08   2.793867592e-08   3.600942742e-08   4.641160718e-08   5.981870337e-08   7.709875693e-08   9.937056265e-08   1.28076105e-07   1.650739185e-07   2.127594176e-07   2.742199849e-07   3.534348611e-07   4.555327742e-07   5.871239896e-07   7.567282754e-07   9.753264883e-07   1.257071484e-06   1.620204372e-06   2.088235411e-06   2.691465981e-06   3.468950108e-06   4.471022458e-06   5.76255633e-06   7.427162332e-06   9.572599201e-06   1.233774639e-05   1.590158876e-05   2.049479325e-05   2.641462396e-05   3.404415618e-05   4.387702497e-05   5.654929645e-05   7.288050191e-05   9.392645274e-05   0.000121047191   0.0001559943685   0.0002010235337   0.0002590383036   0.0003337752665   0.0004300407835   0.0005540136863   0.0007136312722   0.0009190799638   0.001183416445   0.001523349732   0.001960218875   0.002521203722   0.00324080541   0.004162625651   0.005341454489   0.006845637228   0.008759622529   0.01118648274   0.01425003255   0.01809594882   0.02289102939   0.02881947997   0.03607500639   0.04484771043   0.05530556374   0.06757170094   0.08170075844   0.09765933892   0.1153163506   0.1344475261   0.1547548446   0.1758971542   0.1975250474   0.2193124632   0.2409795558   0.2623047378   0.2831268618   0.3033402794   0.3228859202   0.3417410281   0.3599093298   0.377412586   0.3942838582   0.4105624513   0.4262903049   0.4415095428   0.4562609025   0.4705828007   0.4845108454   0.4980776473   0.5113128255   0.524243131   0.5368926376   0.5492829651   0.5614335113   0.5733616825   
44.40201005   1.627740854e-20   2.097952604e-20   2.703996227e-20   3.485109999e-20   4.491867104e-20   5.78945e-20   7.461870648e-20   9.617409869e-20   1.239562798e-19   1.597640063e-19   2.059156481e-19   2.653992919e-19   3.420662043e-19   4.40880182e-19   5.682389328e-19   7.323882949e-19   9.439561134e-19   1.21664034e-18   1.568095906e-18   2.02107779e-18   2.604914291e-18   3.357405883e-18   4.32727261e-18   5.577308462e-18   7.18844697e-18   9.265001244e-18   1.194141772e-17   1.539098091e-17   1.983703265e-17   2.556743243e-17   3.29531948e-17   4.247251069e-17   5.474170791e-17   7.055515524e-17   9.093669381e-17   1.172059257e-16   1.510636514e-16   1.947019884e-16   2.509462992e-16   3.234381201e-16   4.168709316e-16   5.372940381e-16   6.925042296e-16   8.925505851e-16   1.150385099e-15   1.482701259e-15   1.911014865e-15   2.463057065e-15   3.174569816e-15   4.091619987e-15   5.273581961e-15   6.796981828e-15   8.760452064e-15   1.129111748e-14   1.455282594e-14   1.875675664e-14   2.417509294e-14   3.115864485e-14   4.015956222e-14   5.176060914e-14   6.671289502e-14   8.598450512e-14   1.108231792e-13   1.428370965e-13   1.840989969e-13   2.37280381e-13   3.058244756e-13   3.94169166e-13   5.080343262e-13   6.547921525e-13   8.439444754e-13   1.087737956e-12   1.401956996e-12   1.806945695e-12   2.328925035e-12   3.001690552e-12   3.868800425e-12   4.986395657e-12   6.426834914e-12   8.28337939e-12   1.0676231e-11   1.376031483e-11   1.77353098e-11   2.285857684e-11   2.946182169e-11   3.797257122e-11   4.894185366e-11   6.307987482e-11   8.130200042e-11   1.047880214e-10   1.350585394e-10   1.740734182e-10   2.243586748e-10   2.891700265e-10   3.727036821e-10   4.803680254e-10   6.191337809e-10   7.979853326e-10   1.028502418e-09   1.325609859e-09   1.708543866e-09   2.202097488e-09   2.838225837e-09   3.65811502e-09   4.714848731e-09   6.076845154e-09   7.832286693e-09   1.009482934e-08   1.30109613e-08   1.676948741e-08   2.161375323e-08   2.785740046e-08   3.590467361e-08   4.627659273e-08   5.964468678e-08   7.687447152e-08   9.908148708e-08   1.277035231e-07   1.645937075e-07   2.121404863e-07   2.734222608e-07   3.524066956e-07   4.542075991e-07   5.854160068e-07   7.545269025e-07   9.724891986e-07   1.25341458e-06   1.61549109e-06   2.082160595e-06   2.683636327e-06   3.458858701e-06   4.458015955e-06   5.745792667e-06   7.405556218e-06   9.544751865e-06   1.230185505e-05   1.585532996e-05   2.04351725e-05   2.6337782e-05   3.394511937e-05   4.374938362e-05   5.638479051e-05   7.266848723e-05   9.365321368e-05   0.0001206950554   0.0001555405684   0.0002004387394   0.0002582847381   0.0003328042824   0.0004287897502   0.000552401997   0.0007115552272   0.0009164062257   0.001179973687   0.001518918005   0.001954516134   0.00251386882   0.003231376777   0.004150514784   0.005325913348   0.006825718706   0.008734133457   0.01115392947   0.01420856024   0.01804327724   0.02282439066   0.0287355666   0.03596994185   0.0447170572   0.05514438449   0.06737468518   0.08146241752   0.09737425793   0.1149794691   0.1340544071   0.1543018889   0.1753817277   0.1969455093   0.2186681034   0.2402704663   0.2615316489   0.2822909716   0.3024430966   0.3219291318   0.3407263956   0.3588386139   0.3762874944   0.393106013   0.4093333709   0.4250113953   0.4401820971   0.4548861041   0.4691617293   0.4830444847   0.4965668931   0.5097584937   0.5226459655   0.535253318   0.5476021129   0.5597116961   
44.65577889   1.259264462e-20   1.623033022e-20   2.091884802e-20   2.696175596e-20   3.475030192e-20   4.478875505e-20   5.772705467e-20   7.440289058e-20   9.589593923e-20   1.235977674e-19   1.593019289e-19   2.053200887e-19   2.64631691e-19   3.410768636e-19   4.396050466e-19   5.665954442e-19   7.302700454e-19   9.412259571e-19   1.213121513e-18   1.563560582e-18   2.01523233e-18   2.59738023e-18   3.347695429e-18   4.314757059e-18   5.561177496e-18   7.16765619e-18   9.238204552e-18   1.190688017e-17   1.534646635e-17   1.977965901e-17   2.549348504e-17   3.285788594e-17   4.23496696e-17   5.458338125e-17   7.035109215e-17   9.067368223e-17   1.168669369e-16   1.506267377e-16   1.941388617e-16   2.502205e-16   3.225026565e-16   4.15665237e-16   5.357400498e-16   6.905013348e-16   8.899691064e-16   1.147057899e-15   1.478412918e-15   1.905487733e-15   2.455933291e-15   3.165388169e-15   4.079786002e-15   5.258329447e-15   6.777323263e-15   8.735114653e-15   1.125846076e-14   1.451073554e-14   1.870250743e-14   2.410517255e-14   3.106852629e-14   4.004341076e-14   5.161090455e-14   6.65199447e-14   8.57358165e-14   1.10502651e-13   1.42423976e-13   1.835665367e-13   2.36594107e-13   3.04939955e-13   3.930291305e-13   5.065649643e-13   6.528983304e-13   8.415035777e-13   1.084591947e-12   1.397902186e-12   1.801719558e-12   2.322189204e-12   2.993008914e-12   3.85761089e-12   4.971973758e-12   6.408246906e-12   8.259421792e-12   1.064535267e-11   1.372051657e-11   1.768401487e-11   2.279246414e-11   2.937661075e-11   3.786274508e-11   4.880030162e-11   6.28974321e-11   8.106685478e-11   1.044849483e-10   1.346679165e-10   1.735699545e-10   2.237097736e-10   2.883336747e-10   3.716257302e-10   4.789786814e-10   6.173430917e-10   7.956773601e-10   1.025527733e-09   1.321775865e-09   1.703602331e-09   2.195728473e-09   2.83001698e-09   3.647534839e-09   4.701212213e-09   6.059269404e-09   7.809633768e-09   1.006563257e-08   1.297333036e-08   1.672098587e-08   2.155124087e-08   2.777682991e-08   3.580082834e-08   4.614274929e-08   5.947217948e-08   7.665213139e-08   9.879491872e-08   1.273341727e-07   1.641176615e-07   2.115269231e-07   2.726314554e-07   3.513874476e-07   4.528939175e-07   5.837228378e-07   7.523446226e-07   9.696765174e-07   1.249789392e-06   1.610818687e-06   2.076138468e-06   2.675874582e-06   3.448854818e-06   4.44512226e-06   5.7291744e-06   7.384137499e-06   9.517146056e-06   1.226627501e-05   1.580947237e-05   2.037606885e-05   2.626160651e-05   3.384694152e-05   4.362284934e-05   5.622171137e-05   7.24583114e-05   9.338234449e-05   0.000120345974   0.0001550907042   0.0001998590172   0.0002575377085   0.0003318417199   0.0004275495676   0.0005508042865   0.0007094971886   0.0009137556783   0.001176560789   0.001514524717   0.001948862856   0.002506597539   0.003222029928   0.00413850897   0.00531050702   0.006805972976   0.008708865513   0.01112165863   0.01416744777   0.01799106274   0.0227583303   0.02865238165   0.03586578955   0.0445875387   0.05498460559   0.06717938184   0.08122614927   0.09709165761   0.1146455212   0.1336647142   0.1538528844   0.1748708022   0.1963710382   0.2180293847   0.2395675931   0.2607653475   0.2814624318   0.3015538162   0.3209807851   0.3397207309   0.3577773785   0.3751723831   0.3919386356   0.408115234   0.4237438945   0.4388665158   0.4535236166   0.4677534074   0.4815913048   0.4950697443   0.5082181861   0.5210632379   0.5336288448   0.5459365112   
44.90954774   9.742173761e-21   1.25564329e-20   1.618365787e-20   2.085869326e-20   2.688422406e-20   3.465037308e-20   4.465995938e-20   5.75610533e-20   7.418893575e-20   9.562017845e-20   1.232423465e-19   1.588438363e-19   2.047296651e-19   2.638707095e-19   3.400960544e-19   4.383409073e-19   5.64966128e-19   7.281700625e-19   9.38519344e-19   1.20963303e-18   1.559064367e-18   2.009437277e-18   2.589911138e-18   3.338068711e-18   4.302349435e-18   5.545185634e-18   7.147044697e-18   9.211638938e-18   1.187264044e-17   1.530233567e-17   1.972278012e-17   2.542017534e-17   3.276339898e-17   4.222788783e-17   5.442641991e-17   7.014878878e-17   9.041293871e-17   1.165308714e-16   1.501935916e-16   1.935805911e-16   2.495009596e-16   3.215752597e-16   4.144699396e-16   5.341994622e-16   6.885157118e-16   8.874098888e-16   1.14375939e-15   1.474161556e-15   1.900008265e-15   2.448870947e-15   3.156285699e-15   4.068054066e-15   5.243208463e-15   6.757834221e-15   8.709995737e-15   1.122608564e-14   1.44690081e-14   1.864872602e-14   2.403585511e-14   3.097918485e-14   3.992826091e-14   5.146249094e-14   6.632865827e-14   8.548927243e-14   1.101848868e-13   1.42014418e-13   1.830386682e-13   2.35913751e-13   3.04063062e-13   3.91898926e-13   5.051082733e-13   6.510208395e-13   8.390837288e-13   1.081473067e-12   1.393882344e-12   1.796538488e-12   2.315511458e-12   2.984402143e-12   3.846517847e-12   4.957676225e-12   6.38981919e-12   8.235670791e-12   1.061474063e-11   1.368106151e-11   1.763316227e-11   2.272692155e-11   2.929213463e-11   3.775386602e-11   4.865997024e-11   6.271656266e-11   8.083373689e-11   1.041844888e-10   1.34280662e-10   1.730708324e-10   2.230664681e-10   2.875045351e-10   3.705570738e-10   4.776013182e-10   6.155678443e-10   7.933892902e-10   1.0225787e-09   1.317974933e-09   1.698703409e-09   2.189414381e-09   2.821878912e-09   3.637045896e-09   4.687693289e-09   6.041845216e-09   7.787176189e-09   1.003668759e-08   1.293602392e-08   1.667290258e-08   2.148926758e-08   2.769695416e-08   3.569787858e-08   4.601006004e-08   5.930115978e-08   7.643170859e-08   9.851082156e-08   1.269680073e-07   1.636457206e-07   2.10918651e-07   2.718474696e-07   3.50376989e-07   4.515915643e-07   5.820442697e-07   7.501811614e-07   9.668880911e-07   1.246195466e-06   1.606186576e-06   2.070168271e-06   2.668179769e-06   3.438937204e-06   4.432339753e-06   5.712699439e-06   7.362903483e-06   9.489778304e-06   1.223100178e-05   1.576401023e-05   2.031747488e-05   2.618608792e-05   3.374961031e-05   4.349740621e-05   5.606003853e-05   7.2249948e-05   9.311381112e-05   0.0001199999028   0.0001546447195   0.0001992842941   0.000256797121   0.0003308874581   0.0004263200797   0.0005492203539   0.0007074568976   0.0009111279881   0.001173177323   0.001510169316   0.001943258333   0.002499388967   0.003212763688   0.004126606699   0.005295233567   0.006786397555   0.008683815519   0.01108966616   0.01412668997   0.01793929874   0.02269283997   0.02856991464   0.03576253636   0.04445913862   0.05482620688   0.06698576628   0.08099192386   0.0968115022   0.1143144644   0.1332783979   0.1534077741   0.1743643127   0.1958015606   0.2173962251   0.238870846   0.2600057348   0.2806411354   0.3006723229   0.3200407569   0.338723903   0.3567254849   0.3740671057   0.390781572   0.4069078796   0.4224876343   0.4375626235   0.452173258   0.4663576461   0.48015111   0.4935859988   0.5066916941   0.5194947327   0.5320189962   
45.16331658   7.537059663e-21   9.714319024e-21   1.252053166e-20   1.61373857e-20   2.079905427e-20   2.680735692e-20   3.455130104e-20   4.453226802e-20   5.739647525e-20   7.397681541e-20   9.534678209e-20   1.228899731e-19   1.583896714e-19   2.041443039e-19   2.631162527e-19   3.391236548e-19   4.370876069e-19   5.633507819e-19   7.260880851e-19   9.358359379e-19   1.206174458e-18   1.554606705e-18   2.003691912e-18   2.582506087e-18   3.328524535e-18   4.290048196e-18   5.529330889e-18   7.126609931e-18   9.185301102e-18   1.18386943e-17   1.525858337e-17   1.966638893e-17   2.53474942e-17   3.266972216e-17   4.210715023e-17   5.427080437e-17   6.994821998e-17   9.015443084e-17   1.161976874e-16   1.497641595e-16   1.930271072e-16   2.487875887e-16   3.206558146e-16   4.132848908e-16   5.326720839e-16   6.865471138e-16   8.848726143e-16   1.140489164e-15   1.469946647e-15   1.894575778e-15   2.441869157e-15   3.147261275e-15   4.056422722e-15   5.228217128e-15   6.738512282e-15   8.685092195e-15   1.119398812e-14   1.442763845e-14   1.859540575e-14   2.3967132e-14   3.089060944e-14   3.981409839e-14   5.131534984e-14   6.613901196e-14   8.524484226e-14   1.098698471e-13   1.416083717e-13   1.825153257e-13   2.352392285e-13   3.031936876e-13   3.907784121e-13   5.036640723e-13   6.491594465e-13   8.366846281e-13   1.078380929e-12   1.389896968e-12   1.791401841e-12   2.308890968e-12   2.975869167e-12   3.835519918e-12   4.943501281e-12   6.371549476e-12   8.212123434e-12   1.058439106e-11   1.364194474e-11   1.758274569e-11   2.266194094e-11   2.920838282e-11   3.76459205e-11   4.852084209e-11   6.253724402e-11   8.060261779e-11   1.038866054e-10   1.33896728e-10   1.725759898e-10   2.224286785e-10   2.866825047e-10   3.694975804e-10   4.762357648e-10   6.138078182e-10   7.911208387e-10   1.019654952e-09   1.314206591e-09   1.693846492e-09   2.183154427e-09   2.813810621e-09   3.626646887e-09   4.674290278e-09   6.024570426e-09   7.764911164e-09   1.000799078e-08   1.289903736e-08   1.662523157e-08   2.142782565e-08   2.761776328e-08   3.559581152e-08   4.587850849e-08   5.913160644e-08   7.621317573e-08   9.82291603e-08   1.266049815e-07   1.631778262e-07   2.103155942e-07   2.710702057e-07   3.493751942e-07   4.503003777e-07   5.803800938e-07   7.480362501e-07   9.641235732e-07   1.242632355e-06   1.601594181e-06   2.064249264e-06   2.660550932e-06   3.429104624e-06   4.419666845e-06   5.696365737e-06   7.34185153e-06   9.462645206e-06   1.2196031e-05   1.571893789e-05   2.02593833e-05   2.611121683e-05   3.365311363e-05   4.337303866e-05   5.58997519e-05   7.204337115e-05   9.284758021e-05   0.000119656799   0.0001542025586   0.0001987144989   0.0002560628833   0.0003299413784   0.0004251011337   0.0005476500025   0.0007054341008   0.0009085228288   0.001169822868   0.00150585126   0.001937701865   0.002492242206   0.003203576905   0.004114806493   0.00528009109   0.006766990009   0.008658980361   0.01105794809   0.01408628178   0.0178879788   0.02262791155   0.02848815532   0.03566016943   0.04433184094   0.05466916862   0.06679381434   0.08075971202   0.09653375667   0.1139862574   0.1328954097   0.1529665022   0.1738621955   0.1952370048   0.2167685446   0.2381801366   0.2592527143   0.2798269776   0.299798504   0.3191089264   0.3377357833   0.3556827969   0.3729715187   0.3896346718   0.40571115   0.4212424501   0.4362702487   0.4508348497   0.4649742604   0.4787237089   0.4921154586   0.5051788131   0.5179402391   
45.41708543   5.831162057e-21   7.515632227e-21   9.686701763e-21   1.248493649e-20   1.609150803e-20   2.073992373e-20   2.673114512e-20   3.445307364e-20   4.440566529e-20   5.72333003e-20   7.376650349e-20   9.507571656e-20   1.225406038e-19   1.579393785e-19   2.035639331e-19   2.62368228e-19   3.381595453e-19   4.358449914e-19   5.617492074e-19   7.240238576e-19   9.33175409e-19   1.202745372e-18   1.550187045e-18   1.997995529e-18   2.575164168e-18   3.319061727e-18   4.277851831e-18   5.513611313e-18   7.10634938e-18   9.159187809e-18   1.180503755e-17   1.521520408e-17   1.961047849e-17   2.52754327e-17   3.257684398e-17   4.198744197e-17   5.411651553e-17   6.974936114e-17   8.989812687e-17   1.158673439e-16   1.493383884e-16   1.92478342e-16   2.480802996e-16   3.197442082e-16   4.121099451e-16   5.311577272e-16   6.84595299e-16   8.823569714e-16   1.137246817e-15   1.465767671e-15   1.889189606e-15   2.43492706e-15   3.138313789e-15   4.044890541e-15   5.213353601e-15   6.719355071e-15   8.660400967e-15   1.116216424e-14   1.438662148e-14   1.854254006e-14   2.38989948e-14   3.080278918e-14   3.970090915e-14   5.116946319e-14   6.595098248e-14   8.500249598e-14   1.095574933e-13   1.41205787e-13   1.819964449e-13   2.345704566e-13   3.02331725e-13   3.896674511e-13   5.022321837e-13   6.473139228e-13   8.343059808e-13   1.075315153e-12   1.385945569e-12   1.786308986e-12   2.302326921e-12   2.967408938e-12   3.824615751e-12   4.929447186e-12   6.35343552e-12   8.18877683e-12   1.055430023e-11   1.360316146e-11   1.753275893e-11   2.259751432e-11   2.912534504e-11   3.753889527e-11   4.838290007e-11   6.235945416e-11   8.037346909e-11   1.035912617e-10   1.335160671e-10   1.72085366e-10   2.217963263e-10   2.858674825e-10   3.684471196e-10   4.748818533e-10   6.120627972e-10   7.888717267e-10   1.01675613e-09   1.310470376e-09   1.689030982e-09   2.176947842e-09   2.805811116e-09   3.616336534e-09   4.661001534e-09   6.007442912e-09   7.742835959e-09   9.979538625e-09   1.286236612e-08   1.657796697e-08   2.136690755e-08   2.753924753e-08   3.549461463e-08   4.574807847e-08   5.896349861e-08   7.599650596e-08   9.794990033e-08   1.262450507e-07   1.627139209e-07   2.097176788e-07   2.702995684e-07   3.483819402e-07   4.490201991e-07   5.787301059e-07   7.459096251e-07   9.613826241e-07   1.239099621e-06   1.597040939e-06   2.058380719e-06   2.652987135e-06   3.419355872e-06   4.40710198e-06   5.680171287e-06   7.320979056e-06   9.435743432e-06   1.216135836e-05   1.567424982e-05   2.020178698e-05   2.603698405e-05   3.355743963e-05   4.324973139e-05   5.574083179e-05   7.183855547e-05   9.258361905e-05   0.0001193166202   0.0001537641675   0.0001981495615   0.0002553349055   0.0003290033645   0.00042389258   0.0005460930392   0.0007034285496   0.0009059398803   0.001166497013   0.001501570019   0.001932192771   0.002485156378   0.003194468451   0.0041031069   0.00526507773   0.006747747954   0.008634356988   0.01102650052   0.01404621824   0.01783709662   0.02256353703   0.02840709363   0.03555867616   0.04420563   0.05451347145   0.06660350233   0.08052948508   0.09625838669   0.1136608595   0.1325157023   0.1525290137   0.1733643879   0.1946773002   0.2161462647   0.2374953782   0.2585061913   0.2790198556   0.2989322487   0.3181851754   0.336756246   0.3546491814   0.3718854818   0.3884977871   0.4045248906   0.4200081803   0.4349892234   0.4495082173   0.463603069   0.4773089137   0.4906579295   0.5036793428   
45.67085427   4.51144083e-21   5.814678063e-21   7.494386439e-21   9.659318622e-21   1.244964308e-20   1.604601927e-20   2.068129446e-20   2.665557939e-20   3.435567894e-20   4.428013582e-20   5.707150865e-20   7.355797446e-20   9.480694895e-20   1.221941963e-19   1.574929029e-19   2.029884824e-19   2.616265446e-19   3.37203609e-19   4.346129101e-19   5.6016121e-19   7.219771293e-19   9.305374344e-19   1.199345356e-18   1.545804853e-18   1.992347436e-18   2.567884488e-18   3.309679139e-18   4.265758858e-18   5.498024997e-18   7.086260586e-18   9.133295886e-18   1.177166613e-17   1.517219252e-17   1.955504203e-17   2.520398209e-17   3.248475316e-17   4.186874852e-17   5.396353465e-17   6.955218808e-17   8.964399568e-17   1.155398009e-16   1.489162267e-16   1.919342289e-16   2.473790064e-16   3.188403298e-16   4.109449599e-16   5.296562082e-16   6.826600305e-16   8.798626543e-16   1.134031957e-15   1.461624123e-15   1.883849094e-15   2.428043815e-15   3.129442153e-15   4.033456122e-15   5.198616078e-15   6.700360262e-15   8.635919055e-15   1.113061015e-14   1.434595223e-14   1.849012253e-14   2.383143522e-14   3.07157134e-14   3.958867945e-14   5.102481328e-14   6.576454698e-14   8.476220415e-14   1.092477875e-13   1.408066153e-13   1.814819628e-13   2.339073542e-13   3.014770696e-13   3.885659081e-13   5.008124337e-13   6.454840442e-13   8.319474982e-13   1.072275366e-12   1.382027668e-12   1.781259306e-12   2.29581852e-12   2.95902043e-12   3.813804022e-12   4.915512232e-12   6.335475122e-12   8.165628143e-12   1.052446449e-11   1.356470696e-11   1.748319593e-11   2.253363386e-11   2.904301119e-11   3.743277733e-11   4.824612743e-11   6.218317148e-11   8.014626296e-11   1.032984216e-10   1.331386332e-10   1.715989014e-10   2.211693348e-10   2.850593695e-10   3.674055639e-10   4.735394195e-10   6.103325693e-10   7.866416812e-10   1.013881883e-09   1.306765833e-09   1.684256294e-09   2.170793872e-09   2.797879426e-09   3.606113586e-09   4.647825444e-09   5.990460593e-09   7.720947893e-09   9.95132767e-09   1.282600576e-08   1.653110305e-08   2.130650588e-08   2.746139739e-08   3.539427563e-08   4.561875416e-08   5.879681589e-08   7.578167298e-08   9.767300775e-08   1.258881711e-07   1.622539482e-07   2.091248322e-07   2.69535464e-07   3.473971064e-07   4.47750873e-07   5.770941055e-07   7.438010283e-07   9.58664911e-07   1.235596835e-06   1.592526296e-06   2.052561924e-06   2.645487459e-06   3.409689763e-06   4.394643631e-06   5.664114124e-06   7.300283524e-06   9.409069713e-06   1.212697965e-05   1.562994058e-05   2.014467892e-05   2.596338058e-05   3.346257669e-05   4.312746945e-05   5.558325891e-05   7.163547609e-05   9.232189558e-05   0.0001189793253   0.0001533294927   0.0001975894132   0.000254613099   0.0003280733026   0.0004226942717   0.000544549275   0.0007014400005   0.0009033788288   0.001163199352   0.001497325073   0.001926730384   0.002478130624   0.00318543722   0.0040915065   0.005250191662   0.006728669051   0.008609942406   0.01099531963   0.01400649446   0.01778664601   0.0224997086   0.0283267197   0.0354580442   0.04408049043   0.05435909639   0.06641480706   0.08030121494   0.0959853586   0.113338231   0.132139229   0.152095255   0.1728708288   0.1941223779   0.2155293084   0.236816486   0.257766073   0.278219669   0.2980734489   0.317269388   0.3357851678   0.3536245078   0.3708088572   0.3873707735   0.40334895   0.4187846668   0.4337193827   0.4481931894   0.4622438944   0.4759065406   0.4892132216   
45.92462312   3.490457367e-21   4.498759187e-21   5.798333025e-21   7.473319747e-21   9.632166314e-21   1.241464718e-20   1.600091397e-20   2.062315942e-20   2.658065066e-20   3.425910526e-20   4.415566452e-20   5.691108086e-20   7.335120327e-20   9.454044697e-20   1.218507089e-19   1.570501909e-19   2.024178825e-19   2.608911134e-19   3.362557309e-19   4.333912148e-19   5.585865989e-19   7.199476543e-19   9.279216972e-19   1.195974e-18   1.541459601e-18   1.986746954e-18   2.560666175e-18   3.300375643e-18   4.253767826e-18   5.482570069e-18   7.066341134e-18   9.107622227e-18   1.173857603e-17   1.512954355e-17   1.950007288e-17   2.513313379e-17   3.239343865e-17   4.175105563e-17   5.381184336e-17   6.935667715e-17   8.939200675e-17   1.152150189e-16   1.484976238e-16   1.913947025e-16   2.46683625e-16   3.179440708e-16   4.097897952e-16   5.281673466e-16   6.807410757e-16   8.773893638e-16   1.130844198e-15   1.457515503e-15   1.878553602e-15   2.421218593e-15   3.120645303e-15   4.022118093e-15   5.184002788e-15   6.681525575e-15   8.61164352e-15   1.109932205e-14   1.430562582e-14   1.843814687e-14   2.376444514e-14   3.062937165e-14   3.947739583e-14   5.088138272e-14   6.557968309e-14   8.452393792e-14   1.089406924e-13   1.404108084e-13   1.809718177e-13   2.332498415e-13   3.006296187e-13   3.874736508e-13   4.994046519e-13   6.43669591e-13   8.296088969e-13   1.069261204e-12   1.378142793e-12   1.776252193e-12   2.289364983e-12   2.950702635e-12   3.803083433e-12   4.901694746e-12   6.317666125e-12   8.142674593e-12   1.049488026e-11   1.352657662e-11   1.743405074e-11   2.247029191e-11   2.89613714e-11   3.732755394e-11   4.811050775e-11   6.200837482e-11   7.992097212e-11   1.030080502e-10   1.327643811e-10   1.711165375e-10   2.205476286e-10   2.842580687e-10   3.663727882e-10   4.72208302e-10   6.086169267e-10   7.844304345e-10   1.011031865e-09   1.30309252e-09   1.679521856e-09   2.164691779e-09   2.790014597e-09   3.595976814e-09   4.634760424e-09   5.973621431e-09   7.699244338e-09   9.923354525e-09   1.278995191e-08   1.648463419e-08   2.124661337e-08   2.738420351e-08   3.529478245e-08   4.549052001e-08   5.863153827e-08   7.556865099e-08   9.739844929e-08   1.255342999e-07   1.617978529e-07   2.085369831e-07   2.687778008e-07   3.464205744e-07   4.46492247e-07   5.754718961e-07   7.417102064e-07   9.559701075e-07   1.232123577e-06   1.58804971e-06   2.04679218e-06   2.638051003e-06   3.400105137e-06   4.382290303e-06   5.648192318e-06   7.27976245e-06   9.382620846e-06   1.209289074e-05   1.558600485e-05   2.008805228e-05   2.589039756e-05   3.336851342e-05   4.300623814e-05   5.542701433e-05   7.143410862e-05   9.206237838e-05   0.0001186448737   0.0001528984821   0.0001970339869   0.0002538973772   0.0003271510809   0.000421506065   0.0005430185246   0.0006994682147   0.000900839367   0.001159929492   0.001493115912   0.001921314045   0.0024711641   0.003176482126   0.0040800039   0.005235431098   0.006709751009   0.008585733684   0.01096440166   0.01396710567   0.0177366209   0.02243641858   0.02824702386   0.03535826144   0.04395640716   0.05420602486   0.06622770576   0.08007487405   0.09571463941   0.1130183327   0.1317659442   0.1516651734   0.1723814581   0.1935721702   0.2149176004   0.2361433768   0.2570322683   0.2774263189   0.2972219982   0.3163614505   0.3348224277   0.3526086481   0.3697415101   0.3862534892   0.4021831797   0.4175717548   0.4324605653   0.4468895984   0.4608965626   0.4745164094   
46.17839196   2.700575045e-21   3.480700526e-21   4.48618385e-21   5.782125003e-21   7.452429651e-21   9.605241615e-21   1.237994464e-20   1.595618677e-20   2.056551171e-20   2.650635003e-20   3.416334112e-20   4.403223663e-20   5.675199788e-20   7.314616538e-20   9.4276179e-20   1.215101008e-19   1.566111901e-19   2.018520658e-19   2.60161847e-19   3.353157986e-19   4.321797607e-19   5.570251874e-19   7.179351918e-19   9.253278869e-19   1.192630906e-18   1.537150775e-18   1.98119342e-18   2.55350837e-18   3.291150136e-18   4.241877311e-18   5.467244696e-18   7.046588661e-18   9.082163781e-18   1.17057633e-17   1.508725209e-17   1.944556452e-17   2.50628794e-17   3.230288959e-17   4.163434932e-17   5.366142365e-17   6.916280512e-17   8.914213016e-17   1.148929595e-16   1.480825299e-16   1.908596988e-16   2.459940727e-16   3.170553249e-16   4.086443138e-16   5.266909656e-16   6.78838207e-16   8.74936806e-16   1.12768316e-15   1.453441324e-15   1.873302499e-15   2.414450584e-15   3.111922194e-15   4.010875106e-15   5.169511996e-15   6.662848773e-15   8.587571478e-15   1.106829622e-14   1.426563744e-14   1.83866069e-14   2.369801662e-14   3.054375367e-14   3.936704505e-14   5.07391545e-14   6.539636885e-14   8.428766899e-14   1.086361715e-13   1.400183195e-13   1.80465949e-13   2.325978405e-13   2.997892717e-13   3.863905495e-13   4.98008671e-13   6.418703478e-13   8.272898994e-13   1.066272309e-12   1.374290484e-12   1.771287053e-12   2.282965544e-12   2.942454565e-12   3.792452712e-12   4.887993087e-12   6.300006416e-12   8.119913456e-12   1.046554403e-11   1.348876591e-11   1.738531751e-11   2.240748092e-11   2.888041596e-11   3.72232126e-11   4.797602492e-11   6.183504343e-11   7.969756982e-11   1.027201128e-10   1.323932661e-10   1.706382171e-10   2.19931134e-10   2.83463485e-10   3.6534867e-10   4.708883428e-10   6.069156659e-10   7.822377238e-10   1.008205737e-09   1.299449998e-09   1.674827105e-09   2.158640837e-09   2.782215697e-09   3.585925016e-09   4.621804924e-09   5.956923427e-09   7.677722717e-09   9.895615871e-09   1.275420028e-08   1.643855485e-08   2.118722292e-08   2.730765672e-08   3.51961233e-08   4.536336081e-08   5.846764611e-08   7.535741469e-08   9.712619237e-08   1.251833951e-07   1.61345581e-07   2.079540617e-07   2.680264889e-07   3.454522284e-07   4.452441716e-07   5.738632852e-07   7.396369111e-07   9.532978937e-07   1.228679434e-06   1.583610651e-06   2.041070802e-06   2.630676885e-06   3.390600856e-06   4.370040529e-06   5.632403979e-06   7.259413398e-06   9.356393692e-06   1.205908759e-05   1.554243743e-05   2.003190031e-05   2.581802633e-05   3.327523865e-05   4.288602308e-05   5.527207949e-05   7.123442914e-05   9.180503664e-05   0.0001183132257   0.0001524710846   0.0001964832166   0.0002531876551   0.0003262365899   0.0004203278187   0.0005415006062   0.0006975129581   0.0008983211931   0.001156687042   0.001488942037   0.001915943111   0.002464255977   0.003167602107   0.004068597734   0.005220794286   0.006690991581   0.008561727944   0.01093374295   0.01392804721   0.01768701535   0.02237365947   0.02816799665   0.035259316   0.04383336542   0.05405423862   0.06604217613   0.07985043539   0.09544619678   0.1127011264   0.1313958035   0.1512387173   0.1718962169   0.1930266107   0.2143110667   0.2354759691   0.2563046882   0.2766397087   0.2963777926   0.3154612515   0.3338679074   0.3516014769   0.368683308   0.3851457953   0.4010274343   0.4163692924   0.4312126131   0.4455972798   0.4595609033   
46.4321608   2.089473785e-21   2.693068099e-21   3.47102502e-21   4.473713343e-21   5.766052092e-21   7.431713697e-21   9.578541364e-21   1.234553138e-20   1.591183243e-20   2.050834455e-20   2.643266878e-20   3.406837529e-20   4.390983765e-20   5.659424103e-20   7.294283672e-20   9.4014114e-20   1.211723321e-19   1.561758488e-19   2.012909659e-19   2.5943866e-19   3.343837017e-19   4.309784054e-19   5.554767919e-19   7.159395054e-19   9.227556989e-19   1.18931568e-18   1.532877867e-18   1.975686181e-18   2.546410234e-18   3.282001534e-18   4.230085917e-18   5.452047076e-18   7.027000847e-18   9.056917559e-18   1.167322411e-17   1.504531317e-17   1.939151055e-17   2.499321065e-17   3.221309536e-17   4.151861589e-17   5.351225786e-17   6.897054923e-17   8.889433658e-17   1.145735849e-16   1.476708962e-16   1.903291549e-16   2.453102686e-16   3.161739877e-16   4.075083814e-16   5.25226892e-16   6.769512007e-16   8.725046931e-16   1.124548473e-15   1.449401108e-15   1.868095171e-15   2.407738995e-15   3.103271802e-15   3.999725842e-15   5.155142002e-15   6.644327663e-15   8.563700104e-15   1.103752903e-14   1.422598242e-14   1.833549657e-14   2.363214186e-14   3.045884941e-14   3.925761418e-14   5.059811191e-14   6.521458275e-14   8.405336964e-14   1.083341892e-13   1.396291024e-13   1.799642972e-13   2.319512747e-13   2.989559299e-13   3.853164772e-13   4.966243272e-13   6.400861033e-13   8.249902334e-13   1.063308329e-12   1.370470289e-12   1.766363303e-12   2.276619451e-12   2.934275252e-12   3.78191061e-12   4.874405647e-12   6.28249392e-12   8.097342058e-12   1.043645235e-11   1.34512704e-11   1.733699053e-11   2.234519354e-11   2.880013538e-11   3.711974106e-11   4.784266317e-11   6.166315695e-11   7.947602983e-11   1.024345757e-10   1.320252448e-10   1.701638841e-10   2.193197786e-10   2.82675525e-10   3.64333089e-10   4.69579387e-10   6.05228587e-10   7.80063292e-10   1.005403169e-09   1.295837841e-09   1.670171491e-09   2.152640337e-09   2.77448181e-09   3.575957011e-09   4.608957423e-09   5.940364619e-09   7.656380502e-09   9.86810845e-09   1.271874669e-08   1.639285964e-08   2.112832756e-08   2.723174803e-08   3.509828658e-08   4.523726163e-08   5.830512018e-08   7.514793928e-08   9.685620502e-08   1.248354155e-07   1.608970793e-07   2.073759997e-07   2.6728144e-07   3.444919547e-07   4.440065004e-07   5.722680839e-07   7.375808992e-07   9.506479558e-07   1.225264002e-06   1.579208595e-06   2.035397118e-06   2.623364238e-06   3.381175804e-06   4.35789287e-06   5.616747255e-06   7.239233979e-06   9.330385171e-06   1.202556623e-05   1.549923319e-05   1.997621643e-05   2.57462584e-05   3.318274144e-05   4.276681015e-05   5.511843622e-05   7.103641423e-05   9.154984013e-05   0.0001179843424   0.0001520472499   0.0001959370376   0.0002524838494   0.0003253297224   0.0004191593945   0.0005399953415   0.000695574001   0.0008958240116   0.001153471623   0.001484802958   0.001910616953   0.002457405446   0.003158796119   0.004057286661   0.005206279506   0.006672388564   0.008537922369   0.0109033399   0.01388931447   0.01763782353   0.02231142387   0.02808962876   0.03516119625   0.04371135073   0.05390371978   0.06585819631   0.07962787249   0.095179999   0.1123865746   0.1310287621   0.150815836   0.1714150476   0.1924856344   0.2137096348   0.2348141827   0.2555832452   0.2758597437   0.2955407301   0.3145686821   0.3329214907   0.3506028713   0.3676341216   0.3840475556   0.3998815713   0.4151771307   0.429975371   0.4443160727   
46.68592965   1.616680845e-21   2.083697647e-21   2.685623386e-21   3.461429724e-21   4.461346218e-21   5.750112428e-21   7.41116948e-21   9.552062461e-21   1.231140342e-20   1.586784579e-20   2.045165132e-20   2.635959835e-20   3.397419673e-20   4.378845337e-20   5.643779201e-20   7.274119366e-20   9.375422155e-20   1.208373635e-19   1.557441166e-19   2.007345175e-19   2.587214682e-19   3.33459332e-19   4.297870094e-19   5.539412328e-19   7.139603635e-19   9.202048347e-19   1.186027938e-18   1.528640382e-18   1.970224598e-18   2.539370942e-18   3.272928775e-18   4.218392275e-18   5.436975447e-18   7.007575418e-18   9.031880632e-18   1.164095467e-17   1.500372193e-17   1.933790469e-17   2.492411946e-17   3.212404553e-17   4.14038419e-17   5.336432866e-17   6.877988716e-17   8.864859723e-17   1.142568578e-16   1.47262675e-16   1.898030093e-16   2.446321333e-16   3.152999569e-16   4.063818659e-16   5.237749557e-16   6.75079838e-16   8.700927426e-16   1.121439774e-15   1.445394386e-15   1.862931012e-15   2.401083046e-15   3.094693123e-15   3.988669007e-15   5.140891136e-15   6.625960095e-15   8.540026626e-15   1.10070169e-14   1.418665614e-14   1.828480996e-14   2.356681321e-14   3.037464902e-14   3.91490905e-14   5.045823857e-14   6.503430367e-14   8.382101265e-14   1.080347104e-13   1.392431119e-13   1.794668043e-13   2.31310069e-13   2.981294967e-13   3.84251309e-13   4.952514598e-13   6.383166504e-13   8.227096318e-13   1.060368922e-12   1.366681763e-12   1.761480371e-12   2.270325968e-12   2.926163747e-12   3.771455903e-12   4.860930848e-12   6.265126605e-12   8.07495778e-12   1.040760184e-11   1.341408573e-11   1.728906418e-11   2.228342252e-11   2.872052034e-11   3.701712731e-11   4.771040699e-11   6.149269542e-11   7.925632643e-11   1.021514057e-10   1.316602744e-10   1.696934834e-10   2.187134914e-10   2.818940972e-10   3.633259272e-10   4.682812825e-10   6.035554941e-10   7.779068863e-10   1.002623834e-09   1.292255629e-09   1.665554472e-09   2.146689582e-09   2.766812037e-09   3.566071641e-09   4.596216429e-09   5.923943085e-09   7.635215217e-09   9.840829068e-09   1.2683587e-08   1.634754325e-08   2.106992045e-08   2.715646863e-08   3.500126094e-08   4.511220782e-08   5.814394161e-08   7.494020045e-08   9.65884559e-08   1.244903207e-07   1.604522957e-07   2.068027298e-07   2.665425677e-07   3.435396417e-07   4.427790895e-07   5.70686107e-07   7.355419318e-07   9.480199862e-07   1.221876885e-06   1.574843034e-06   2.029770469e-06   2.616112214e-06   3.371828887e-06   4.345845917e-06   5.601220326e-06   7.219221849e-06   9.304592264e-06   1.199232277e-05   1.545638712e-05   1.992099418e-05   2.567508543e-05   3.309101104e-05   4.264858551e-05   5.496606666e-05   7.084004088e-05   9.129675923e-05   0.0001176581856   0.0001516269289   0.0001953953865   0.0002517858783   0.0003244303729   0.0004180006569   0.0005385025558   0.0006936511184   0.0008933475325   0.00115028286   0.001480698193   0.001905334952   0.00245061171   0.00315006314   0.00404606937   0.005191885073   0.006653939796   0.008514314192   0.01087318896   0.01385090295   0.01758903973   0.0222497045   0.02801191108   0.03506389076   0.04359034888   0.05375445083   0.06567574484   0.07940715938   0.09491601496   0.1120746404   0.130664778   0.15039648   0.1709378935   0.1919491776   0.2131132337   0.2341579395   0.2548678536   0.2750863309   0.2947107106   0.313683635   0.3319830638   0.3496127107   0.3665938236   0.3829586368   0.398745451   0.4139951238   0.4287486872   
46.93969849   1.250887562e-21   1.612236255e-21   2.077969131e-21   2.678240052e-21   3.451913538e-21   4.449081054e-21   5.734304179e-21   7.390794642e-21   9.525801865e-21   1.227755682e-20   1.58242218e-20   2.03954255e-20   2.628713036e-20   3.388079463e-20   4.366806986e-20   5.628263284e-20   7.254121307e-20   9.349647179e-20   1.205051566e-19   1.553159438e-19   2.001826567e-19   2.580101893e-19   3.325425833e-19   4.28605436e-19   5.524183338e-19   7.119975387e-19   9.176750012e-19   1.182767302e-18   1.524437833e-18   1.964808043e-18   2.532389685e-18   3.263930816e-18   4.206795042e-18   5.422028077e-18   6.988310143e-18   9.007050124e-18   1.160895127e-17   1.49624736e-17   1.928474079e-17   2.48555979e-17   3.203572989e-17   4.129001417e-17   5.321761908e-17   6.859079702e-17   8.840488389e-17   1.139427421e-16   1.468578195e-16   1.892812016e-16   2.43959589e-16   3.144331321e-16   4.052646381e-16   5.2233499e-16   6.732239039e-16   8.677006776e-16   1.118356704e-15   1.441420698e-15   1.857809429e-15   2.394481972e-15   3.086185172e-15   3.97770333e-15   5.126757763e-15   6.60774396e-15   8.516548326e-15   1.097675634e-14   1.414765408e-14   1.823454123e-14   2.350202317e-14   3.029114283e-14   3.904146155e-14   5.031951844e-14   6.485551091e-14   8.359057134e-14   1.077377006e-13   1.388603038e-13   1.789734129e-13   2.306741498e-13   2.97309877e-13   3.831949226e-13   4.938899111e-13   6.365617858e-13   8.204478328e-13   1.057453748e-12   1.362924472e-12   1.756637697e-12   2.264084372e-12   2.918119117e-12   3.76108739e-12   4.847567144e-12   6.247902475e-12   8.05275805e-12   1.037898918e-11   1.337720764e-11   1.724153296e-11   2.222216079e-11   2.864156169e-11   3.691535957e-11   4.757924121e-11   6.132363928e-11   7.903843439e-11   1.018705704e-10   1.312983131e-10   1.692269609e-10   2.181122027e-10   2.81119112e-10   3.623270691e-10   4.669938804e-10   6.018961952e-10   7.757682594e-10   9.998674139e-10   1.288702951e-09   1.660975518e-09   2.140787888e-09   2.759205498e-09   3.556267773e-09   4.583580479e-09   5.90765694e-09   7.614224431e-09   9.813774593e-09   1.26487172e-08   1.630260047e-08   2.101199488e-08   2.708180988e-08   3.490503523e-08   4.498818503e-08   5.798409188e-08   7.473417433e-08   9.632291425e-08   1.241480711e-07   1.600111791e-07   2.062341863e-07   2.65809787e-07   3.425951802e-07   4.415617982e-07   5.691171728e-07   7.335197748e-07   9.45413683e-07   1.218517692e-06   1.570513464e-06   2.02419021e-06   2.60891998e-06   3.36255903e-06   4.333898286e-06   5.58582141e-06   7.19937471e-06   9.279012008e-06   1.195935338e-05   1.541389429e-05   1.986622722e-05   2.560449926e-05   3.300003691e-05   4.253133558e-05   5.481495333e-05   7.064528655e-05   9.104576489e-05   0.0001173347178   0.0001512100733   0.0001948582011   0.0002510936618   0.0003235384383   0.0004168514726   0.0005370220776   0.0006917440895   0.0008908914714   0.001147120389   0.001476627272   0.001900096501   0.00244387399   0.003141402167   0.00403494457   0.005177609333   0.00663564316   0.0084909007   0.01084328669   0.01381280825   0.01754065832   0.02218849433   0.02793483467   0.03496738835   0.04347034595   0.05360641455   0.06549480069   0.07918827057   0.09465421417   0.1117652879   0.1303038087   0.1499806005   0.1704646991   0.1914171777   0.2125217937   0.2335071624   0.2541584294   0.2743193792   0.2938876361   0.3128060055   0.3310525151   0.3486308769   0.3655622895   0.3818789079   0.3976189363   0.4128231288   
47.19346734   9.678739459e-22   1.247467408e-21   1.607828108e-21   2.072287586e-21   2.670917257e-21   3.44247538e-21   4.436916459e-21   5.718625551e-21   7.370586868e-21   9.499756594e-21   1.224398775e-20   1.57809555e-20   2.03396607e-20   2.621525658e-20   3.378815839e-20   4.354867343e-20   5.612874591e-20   7.234287223e-20   9.324083547e-20   1.201756736e-19   1.548912818e-19   1.99635321e-19   2.573047426e-19   3.316333515e-19   4.27433551e-19   5.509079218e-19   7.100508082e-19   9.151659112e-19   1.179533402e-18   1.520269744e-18   1.959435901e-18   2.525465673e-18   3.255006637e-18   4.195292901e-18   5.407203268e-18   6.969202835e-18   8.982423214e-18   1.157721029e-17   1.492156348e-17   1.923201281e-17   2.478763818e-17   3.194813839e-17   4.117711978e-17   5.307211246e-17   6.840325734e-17   8.81631689e-17   1.13631202e-16   1.464562835e-16   1.887636724e-16   2.432925592e-16   3.135734148e-16   4.04156571e-16   5.209068313e-16   6.713831876e-16   8.653282265e-16   1.115298913e-15   1.437479592e-15   1.852729841e-15   2.387935023e-15   3.077746981e-15   3.966827568e-15   5.112740277e-15   6.589677189e-15   8.493262538e-15   1.094674389e-14   1.410897183e-14   1.818468469e-14   2.343776437e-14   3.020832135e-14   3.893471511e-14   5.018193574e-14   6.467818418e-14   8.336201955e-14   1.074431262e-13   1.384806345e-13   1.784840671e-13   2.300434448e-13   2.964969779e-13   3.821471982e-13   4.925395264e-13   6.348213104e-13   8.182045795e-13   1.054562478e-12   1.359197989e-12   1.751834731e-12   2.257893955e-12   2.91014045e-12   3.750803895e-12   4.834313016e-12   6.230819576e-12   8.030740349e-12   1.035061114e-11   1.334063192e-11   1.719439148e-11   2.216140137e-11   2.856325046e-11   3.681442628e-11   4.744915093e-11   6.115596932e-11   7.882232897e-11   1.015920377e-10   1.309393197e-10   1.687642637e-10   2.175158444e-10   2.803504814e-10   3.613364011e-10   4.657170344e-10   6.002505018e-10   7.736471682e-10   9.97133595e-10   1.285179403e-09   1.656434109e-09   2.134934586e-09   2.75166133e-09   3.546544291e-09   4.571048139e-09   5.891504334e-09   7.59340576e-09   9.786941952e-09   1.261413331e-08   1.62580262e-08   2.095454427e-08   2.70077633e-08   3.480959853e-08   4.486517917e-08   5.782555285e-08   7.452983754e-08   9.605954992e-08   1.238086277e-07   1.595736795e-07   2.056703046e-07   2.650830148e-07   3.416584628e-07   4.403544881e-07   5.675611031e-07   7.315141986e-07   9.428287504e-07   1.215186043e-06   1.566219395e-06   2.018655706e-06   2.601786719e-06   3.353365183e-06   4.32204862e-06   5.570548758e-06   7.179690309e-06   9.253641498e-06   1.192665432e-05   1.537174989e-05   1.981190932e-05   2.553449186e-05   3.290980874e-05   4.241504704e-05   5.466507906e-05   7.045212912e-05   9.079682859e-05   0.0001170139023   0.0001507966357   0.0001943254204   0.0002504071212   0.0003226538172   0.0004157117113   0.0005355537389   0.0006898526976   0.0008884555494   0.001143983849   0.001472589731   0.001894901005   0.002437191519   0.003132812217   0.004023911   0.005163450664   0.006617496575   0.008467679235   0.01081362967   0.01377502602   0.01749267382   0.02212778637   0.02785839077   0.03487167804   0.04335132826   0.05345959408   0.06531534323   0.0789711811   0.09439456672   0.1114584815   0.1299458127   0.1495681498   0.16999541   0.1908895734   0.2119352464   0.2328617761   0.2534548901   0.2735587992   0.2930714102   0.3119356905   0.330129735   0.3476572541   0.3645393973   0.3808082406   0.396501893   
47.44723618   7.489033901e-22   9.652419876e-22   1.244075146e-21   1.60345591e-21   2.066652375e-21   2.663654181e-21   3.43311419e-21   4.424851066e-21   5.703074782e-21   7.350543889e-21   9.473923723e-21   1.221069244e-20   1.573804205e-20   2.028435067e-20   2.614396893e-20   3.36962776e-20   4.343025068e-20   5.597611393e-20   7.214614887e-20   9.298728387e-20   1.198488776e-19   1.544700829e-19   1.990924488e-19   2.566050489e-19   3.307315345e-19   4.262712226e-19   5.494098273e-19   7.081199534e-19   9.126772829e-19   1.176325874e-18   1.516135645e-18   1.954107569e-18   2.518598125e-18   3.246155235e-18   4.18388456e-18   5.392499356e-18   6.950251347e-18   8.957997137e-18   1.154572816e-17   1.488098698e-17   1.917971482e-17   2.472023268e-17   3.18612612e-17   4.106514604e-17   5.292779244e-17   6.821724704e-17   8.792342509e-17   1.133222024e-16   1.460580221e-16   1.882503637e-16   2.42630969e-16   3.127207086e-16   4.030575403e-16   5.194903193e-16   6.695574823e-16   8.629751228e-16   1.11226606e-15   1.433570626e-15   1.847691677e-15   2.381441465e-15   3.069377604e-15   3.956040497e-15   5.098837103e-15   6.571757753e-15   8.470166645e-15   1.09169762e-14   1.407060503e-14   1.813523473e-14   2.337402961e-14   3.012617527e-14   3.882883919e-14   5.004547503e-14   6.450230354e-14   8.31353316e-14   1.07150954e-13   1.381040615e-13   1.779987119e-13   2.294178832e-13   2.956907079e-13   3.811080179e-13   4.912001542e-13   6.330950286e-13   8.1597962e-13   1.051694786e-12   1.355501896e-12   1.747070933e-12   2.25175402e-12   2.902226849e-12   3.740604261e-12   4.821166975e-12   6.213875988e-12   8.008902201e-12   1.032246453e-11   1.330435449e-11   1.714763444e-11   2.210113744e-11   2.848557786e-11   3.67143161e-11   4.732012154e-11   6.098966672e-11   7.860798589e-11   1.013157766e-10   1.305832539e-10   1.683053397e-10   2.169243493e-10   2.795881189e-10   3.603538121e-10   4.644506011e-10   5.98618229e-10   7.715433745e-10   9.944220703e-10   1.28168459e-09   1.651929736e-09   2.129129017e-09   2.744178684e-09   3.536900105e-09   4.558617999e-09   5.875483452e-09   7.572756865e-09   9.760328132e-09   1.257983145e-08   1.621381544e-08   2.089756217e-08   2.693432057e-08   3.471494012e-08   4.474317642e-08   5.766830671e-08   7.432716711e-08   9.579833333e-08   1.234719525e-07   1.591397477e-07   2.051110214e-07   2.643621694e-07   3.407293843e-07   4.391570236e-07   5.660177233e-07   7.295249779e-07   9.402648979e-07   1.211881564e-06   1.561960344e-06   2.013166337e-06   2.594711629e-06   3.344246311e-06   4.310295589e-06   5.555400655e-06   7.160166435e-06   9.228477885e-06   1.189422193e-05   1.532994917e-05   1.975803438e-05   2.546505537e-05   3.282031638e-05   4.229970685e-05   5.451642702e-05   7.02605469e-05   9.054992237e-05   0.000116695703   0.0001503865697   0.0001937969846   0.0002497261793   0.0003217764103   0.0004145812448   0.0005340973747   0.0006879767304   0.0008860394929   0.001140872888   0.001468585119   0.001889747881   0.002430563548   0.003124292324   0.004012967418   0.005149407477   0.006599498004   0.008444647186   0.01078421459   0.01373755204   0.01744508083   0.0220675738   0.02778257078   0.03477674904   0.04323328242   0.05331397289   0.06513735221   0.07875586645   0.09413704325   0.1111541866   0.1295907495   0.149159081   0.1695299729   0.1903663045   0.2113535248   0.2322217066   0.2527571549   0.2728045032   0.2922619388   0.3110725892   0.3292146163   0.3466917286   0.363525027   0.3797465092   
47.70100503   5.794809934e-22   7.468778927e-22   9.62631377e-22   1.240710399e-21   1.599119175e-21   2.06106287e-21   2.656450014e-21   3.423828928e-21   4.412883536e-21   5.687650144e-21   7.330663478e-21   9.44830038e-21   1.217766719e-20   1.569547666e-20   2.022948926e-20   2.607325948e-20   3.360514205e-20   4.331278845e-20   5.582471994e-20   7.195102111e-20   9.273578881e-20   1.195247322e-19   1.540523004e-19   1.985539799e-19   2.559110303e-19   3.298370321e-19   4.251183219e-19   5.479238837e-19   7.062047596e-19   9.102088397e-19   1.173144362e-18   1.512035077e-18   1.948822455e-18   2.51178628e-18   3.237375626e-18   4.172568752e-18   5.377914706e-18   6.931453574e-18   8.933769179e-18   1.151450138e-17   1.48407396e-17   1.912784103e-17   2.46533739e-17   3.177508867e-17   4.095408052e-17   5.278464299e-17   6.803274546e-17   8.768562583e-17   1.130157092e-16   1.45662991e-16   1.877412185e-16   2.41974745e-16   3.118749186e-16   4.019674237e-16   5.180852966e-16   6.677465852e-16   8.606411049e-16   1.109257805e-15   1.429693366e-15   1.842694377e-15   2.375000577e-15   3.061076111e-15   3.94534092e-15   5.085046698e-15   6.55398366e-15   8.447258082e-15   1.088744995e-14   1.403254942e-14   1.808618585e-14   2.331081179e-14   3.004469549e-14   3.872382202e-14   4.991012115e-14   6.432784947e-14   8.291048231e-14   1.068611516e-13   1.377305428e-13   1.775172934e-13   2.287973955e-13   2.948909776e-13   3.800772664e-13   4.898716455e-13   6.313827485e-13   8.137727071e-13   1.048850353e-12   1.351835781e-12   1.742345774e-12   2.245663886e-12   2.894377435e-12   3.730487356e-12   4.808127561e-12   6.197069829e-12   7.987241182e-12   1.029454621e-11   1.326837129e-11   1.710125665e-11   2.204136231e-11   2.840853526e-11   3.661501791e-11   4.71921387e-11   6.082471298e-11   7.839538133e-11   1.010417561e-10   1.302300761e-10   1.678501381e-10   2.163376519e-10   2.788319399e-10   3.593791928e-10   4.631944397e-10   5.969991955e-10   7.694566446e-10   9.917325388e-10   1.278218123e-09   1.647461898e-09   2.123370537e-09   2.736756729e-09   3.527334142e-09   4.54628868e-09   5.859592515e-09   7.552275452e-09   9.733930175e-09   1.254580782e-08   1.616996326e-08   2.084104226e-08   2.686147352e-08   3.462104947e-08   4.462216323e-08   5.751233598e-08   7.412614053e-08   9.553923546e-08   1.231380081e-07   1.587093355e-07   2.045562745e-07   2.636471708e-07   3.398078415e-07   4.379692717e-07   5.644868616e-07   7.275518916e-07   9.377218407e-07   1.208603888e-06   1.557735838e-06   2.007721491e-06   2.587693926e-06   3.335201403e-06   4.298637885e-06   5.540375417e-06   7.140800917e-06   9.203518374e-06   1.18620526e-05   1.52884875e-05   1.970459642e-05   2.539618208e-05   3.273154988e-05   4.218530217e-05   5.436898069e-05   7.007051859e-05   9.03050188e-05   0.0001163800847   0.0001499798297   0.0001932728349   0.0002490507606   0.00032090612   0.0004134599475   0.0005326528232   0.0006861159793   0.0008836430334   0.001137787161   0.001464612988   0.001884636556   0.002423989339   0.003115841541   0.004002112609   0.005135478209   0.006581645445   0.008421801994   0.01075503816   0.01370038212   0.01739787406   0.02200784992   0.02770736625   0.03468259079   0.04311619528   0.05316953473   0.06496080779   0.07854230259   0.09388161498   0.1108523691   0.1292385794   0.1487533483   0.1690683353   0.189847312   0.2107765632   0.2315868814   0.2520651445   0.2720564054   0.2914591292   0.3102166026   0.3283070537   0.345734189   0.3625190613   
47.95477387   4.483931079e-22   5.779221465e-22   7.448687357e-22   9.600418271e-22   1.237372795e-21   1.594817425e-21   2.055518458e-21   2.649303966e-21   3.414618574e-21   4.401012551e-21   5.672349943e-21   7.310943449e-21   9.422883751e-21   1.214490836e-20   1.565325466e-20   2.017507043e-20   2.600312048e-20   3.351474172e-20   4.319627384e-20   5.56745473e-20   7.175746752e-20   9.248632265e-20   1.192032018e-19   1.536378883e-19   1.980198549e-19   2.552226107e-19   3.28949746e-19   4.239747221e-19   5.464499278e-19   7.043050163e-19   9.077603104e-19   1.169988516e-18   1.507967591e-18   1.943579978e-18   2.505029388e-18   3.228666845e-18   4.161344232e-18   5.363447716e-18   6.912807449e-18   8.909736677e-18   1.148352652e-17   1.480081691e-17   1.907638571e-17   2.458705449e-17   3.168961132e-17   4.0843911e-17   5.264264838e-17   6.784973232e-17   8.744974499e-17   1.127116886e-16   1.452711468e-16   1.872361806e-16   2.41323815e-16   3.110359519e-16   4.008861015e-16   5.166916087e-16   6.659502973e-16   8.583259165e-16   1.106273819e-15   1.425847385e-15   1.837737393e-15   2.368611649e-15   3.052841589e-15   3.93472766e-15   5.071367545e-15   6.536352957e-15   8.424534331e-15   1.085816191e-14   1.399480082e-14   1.803753266e-14   2.324810398e-14   2.996387302e-14   3.861965206e-14   4.977585922e-14   6.415480277e-14   8.268744696e-14   1.065736872e-13   1.373600374e-13   1.770397587e-13   2.281819135e-13   2.940976989e-13   3.790548303e-13   4.885538544e-13   6.29684282e-13   8.115835981e-13   1.046028868e-12   1.348199243e-12   1.737658734e-12   2.239622884e-12   2.886591345e-12   3.720452068e-12   4.795193341e-12   6.180399251e-12   7.96575491e-12   1.026685311e-11   1.323267839e-11   1.7055253e-11   2.198206941e-11   2.833211419e-11   3.651652079e-11   4.706518834e-11   6.066108999e-11   7.818449194e-11   1.007699463e-10   1.298797475e-10   1.673986088e-10   2.157556876e-10   2.780818613e-10   3.58412436e-10   4.619484123e-10   5.953932233e-10   7.673867491e-10   9.890647046e-10   1.274779622e-09   1.643030103e-09   2.117658513e-09   2.729394651e-09   3.517845351e-09   4.534058826e-09   5.843829777e-09   7.531959271e-09   9.70774518e-09   1.251205866e-08   1.612646486e-08   2.078497831e-08   2.678921417e-08   3.452791628e-08   4.45021263e-08   5.735762353e-08   7.392673571e-08   9.528222782e-08   1.228067577e-07   1.582823956e-07   2.040060029e-07   2.629379403e-07   3.388937332e-07   4.367911019e-07   5.6296835e-07   7.25594723e-07   9.351992992e-07   1.205352654e-06   1.553545413e-06   2.002320571e-06   2.580732836e-06   3.326229462e-06   4.287074229e-06   5.525471393e-06   7.121591629e-06   9.178760219e-06   1.183014278e-05   1.524736032e-05   1.965158956e-05   2.532786442e-05   3.26434995e-05   4.207182043e-05   5.422272387e-05   6.988202331e-05   9.006209097e-05   0.0001160670126   0.0001495763711   0.0001927529137   0.0002483807907   0.0003200428507   0.0004123476963   0.0005312199256   0.0006842702399   0.0008812659074   0.001134726329   0.001460672904   0.001879566467   0.002417468171   0.00310745894   0.003991345379   0.00512166133   0.006563936935   0.008399141145   0.01072609717   0.01366351218   0.01735104831   0.02194860816   0.02763276891   0.03458919292   0.04300005393   0.05302626369   0.06478569049   0.07833046592   0.09362825368   0.1105529956   0.1288892632   0.1483509065   0.1686104459   0.1893325381   0.210204297   0.2309572293   0.2513787812   0.2713144213   0.2906628906   0.3093676337   0.327406944   0.3447845261   
48.20854271   3.469644081e-22   4.471933487e-22   5.763758082e-22   7.428757007e-22   9.574730564e-22   1.234061974e-21   1.590550194e-21   2.050018535e-21   2.64221526e-21   3.405482126e-21   4.389236823e-21   5.657172515e-21   7.291381658e-21   9.397671071e-21   1.211241239e-20   1.561137146e-20   2.012108827e-20   2.593354429e-20   3.342506679e-20   4.308069416e-20   5.552557968e-20   7.156546705e-20   9.223885827e-20   1.188842514e-19   1.532268015e-19   1.974900159e-19   2.54539715e-19   3.280695797e-19   4.228402988e-19   5.449877992e-19   7.024205171e-19   9.053314286e-19   1.166857994e-18   1.503932743e-18   1.938379568e-18   2.498326716e-18   3.220027945e-18   4.15020978e-18   5.349096813e-18   6.894310946e-18   8.885897017e-18   1.14528002e-17   1.476121457e-17   1.902534329e-17   2.452126725e-17   3.160481986e-17   4.073462551e-17   5.250179317e-17   6.766818773e-17   8.721575691e-17   1.124101074e-16   1.448824467e-16   1.867351954e-16   2.406781082e-16   3.102037173e-16   3.99813456e-16   5.15309104e-16   6.641684233e-16   8.560293056e-16   1.103313778e-15   1.422032264e-15   1.832820184e-15   2.362273987e-15   3.044673143e-15   3.924199563e-15   5.057798157e-15   6.518863728e-15   8.40199292e-15   1.082910887e-14   1.395735513e-14   1.798926989e-14   2.318589934e-14   2.98836991e-14   3.851631799e-14   4.964267464e-14   6.398314465e-14   8.246620129e-14   1.062885295e-13   1.36992505e-13   1.765660559e-13   2.275713703e-13   2.933107858e-13   3.780405985e-13   4.872466376e-13   6.279994445e-13   8.09412055e-13   1.043230023e-12   1.344591885e-12   1.733009305e-12   2.233630356e-12   2.878867732e-12   3.710497306e-12   4.782362908e-12   6.163862442e-12   7.94444105e-12   1.023938224e-11   1.319727189e-11   1.700961849e-11   2.192325229e-11   2.825630634e-11   3.641881404e-11   4.693925667e-11   6.049877994e-11   7.797529477e-11   1.005003175e-10   1.295322301e-10   1.669507026e-10   2.15178393e-10   2.773378015e-10   3.574534368e-10   4.607123833e-10   5.938001379e-10   7.653334629e-10   9.864182778e-10   1.271368711e-09   1.63863387e-09   2.111992323e-09   2.722091647e-09   3.508432701e-09   4.521927107e-09   5.828193522e-09   7.511806111e-09   9.6817703e-09   1.247858032e-08   1.60833155e-08   2.072936423e-08   2.671753463e-08   3.443553041e-08   4.438305257e-08   5.720415252e-08   7.372893096e-08   9.502728247e-08   1.224781654e-07   1.578588816e-07   2.034601468e-07   2.622344009e-07   3.379869599e-07   4.356223859e-07   5.614620234e-07   7.236532591e-07   9.326969993e-07   1.202127508e-06   1.549388613e-06   1.996962989e-06   2.573827605e-06   3.317329515e-06   4.275603362e-06   5.510686963e-06   7.10253648e-06   9.15420073e-06   1.179848902e-05   1.520656315e-05   1.959900804e-05   2.526009495e-05   3.255615565e-05   4.195924931e-05   5.407764065e-05   6.969504057e-05   8.982111245e-05   0.0001157564526   0.00014917615   0.0001922371645   0.0002477161969   0.0003191865086   0.0004112443702   0.000529798526   0.0006824393114   0.0008789078566   0.001131690058   0.001456764437   0.001874537065   0.002410999333   0.003099143608   0.003980664558   0.005107955336   0.006546370549   0.008376662175   0.01069738849   0.0136269382   0.01730459848   0.02188984207   0.02755877064   0.03449654526   0.04288484573   0.05288414412   0.06461198117   0.07812033331   0.09337693162   0.1102560333   0.1285427626   0.1479517115   0.1681562542   0.1888219259   0.2096366629   0.2303326806   0.2506979886   0.2705784683   0.2898731341   0.3085255871   0.3265141857   
48.46231156   2.68483205e-22   3.460409792e-22   4.460031654e-22   5.748418121e-22   7.408985732e-22   9.549247886e-22   1.230777578e-21   1.586317023e-21   2.044562511e-21   2.635183133e-21   3.396418602e-21   4.377555083e-21   5.642116226e-21   7.271976001e-21   9.372659627e-21   1.20801758e-20   1.556982256e-20   2.006753698e-20   2.586452343e-20   3.333610761e-20   4.296603699e-20   5.537780106e-20   7.137499905e-20   9.199336905e-20   1.185678468e-19   1.528189958e-19   1.969644059e-19   2.5386227e-19   3.271964385e-19   4.217149299e-19   5.435373408e-19   7.005510592e-19   9.029219332e-19   1.163752458e-18   1.499930099e-18   1.933220665e-18   2.491677541e-18   3.211457998e-18   4.139164199e-18   5.334860453e-18   6.875962073e-18   8.862247636e-18   1.142231913e-17   1.472192831e-17   1.897470827e-17   2.445600509e-17   3.152070517e-17   4.062621229e-17   5.236206221e-17   6.748809215e-17   8.698363643e-17   1.121109334e-16   1.444968492e-16   1.862382088e-16   2.400375551e-16   3.093781252e-16   3.98749372e-16   5.13937634e-16   6.624007714e-16   8.537510254e-16   1.100377362e-15   1.418247595e-15   1.827942223e-15   2.35598691e-15   3.036569894e-15   3.913755497e-15   5.044337073e-15   6.50151409e-15   8.379631426e-15   1.080028773e-14   1.392020831e-14   1.794139232e-14   2.31241912e-14   2.980416509e-14   3.841380869e-14   4.951055308e-14   6.381285663e-14   8.224672152e-14   1.060056477e-13   1.366279062e-13   1.76096134e-13   2.269657002e-13   2.925301534e-13   3.770344619e-13   4.859498545e-13   6.263280546e-13   8.072578443e-13   1.040453517e-12   1.341013319e-12   1.728396985e-12   2.227685657e-12   2.871205766e-12   3.700621999e-12   4.769634883e-12   6.147457623e-12   7.923297307e-12   1.021213062e-11   1.3162148e-11   1.696434822e-11   2.186490462e-11   2.818110356e-11   3.632188714e-11   4.681433012e-11   6.033776539e-11   7.776776732e-11   1.002328408e-10   1.291874864e-10   1.665063715e-10   2.146057062e-10   2.765996804e-10   3.565020919e-10   4.594862197e-10   5.922197678e-10   7.632965652e-10   9.837929737e-10   1.267985026e-09   1.634272726e-09   2.106371358e-09   2.714846933e-09   3.499095179e-09   4.509892219e-09   5.812682069e-09   7.491813805e-09   9.656002741e-09   1.244536919e-08   1.604051054e-08   2.067419403e-08   2.664642722e-08   3.434388192e-08   4.426492924e-08   5.705190646e-08   7.353270501e-08   9.4774372e-08   1.221521957e-07   1.574387479e-07   2.029186476e-07   2.615364768e-07   3.370874241e-07   4.344629982e-07   5.599677195e-07   7.217272912e-07   9.302146717e-07   1.198928104e-06   1.545264991e-06   1.991648169e-06   2.566977488e-06   3.308500604e-06   4.264224051e-06   5.496020536e-06   7.083633422e-06   9.129837265e-06   1.176708791e-05   1.51660916e-05   1.954684621e-05   2.519286639e-05   3.246950895e-05   4.184757668e-05   5.393371542e-05   6.950955025e-05   8.958205732e-05   0.0001154483715   0.0001487791232   0.0001917255319   0.0002470569077   0.0003183370015   0.0004101498505   0.0005283884716   0.0006806229968   0.0008765686272   0.001128678022   0.001452887167   0.001869547807   0.002404582131   0.003090894652   0.003970068996   0.005094358754   0.006528944396   0.008354362664   0.01066890902   0.01359065626   0.01725851958   0.02183154532   0.02748536346   0.03440463782   0.04277055823   0.05274316071   0.0644396611   0.07791188203   0.0931276216   0.1099614501   0.1281990401   0.1475557198   0.1677057109   0.1883154197   0.2090735989   0.2297131666   0.2500226918   0.2698484652   0.2890897723   0.3076903695   
48.7160804   2.077568986e-22   2.677724315e-22   3.451248818e-22   4.448224314e-22   5.733199949e-22   7.38937143e-22   9.523967524e-22   1.227519259e-21   1.58211746e-21   2.039149804e-21   2.628206837e-21   3.387427036e-21   4.365966089e-21   5.627179475e-21   7.252724413e-21   9.347846759e-21   1.204819514e-20   1.552860353e-20   2.001441084e-20   2.579605054e-20   3.32478547e-20   4.285229013e-20   5.52311957e-20   7.118604325e-20   9.174982886e-20   1.182539542e-19   1.524144279e-19   1.964429688e-19   2.531902034e-19   3.263302296e-19   4.205984958e-19   5.420983981e-19   6.986964435e-19   9.005315676e-19   1.160671579e-18   1.495959234e-18   1.928102721e-18   2.485081156e-18   3.202956091e-18   4.128206314e-18   5.32073712e-18   6.85775888e-18   8.838786015e-18   1.139208007e-17   1.468295397e-17   1.892447525e-17   2.439126108e-17   3.143725831e-17   4.051865981e-17   5.222344062e-17   6.730942641e-17   8.675335884e-17   1.118141347e-16   1.44114313e-16   1.857451679e-16   2.394020877e-16   3.085590879e-16   3.976937362e-16   5.125770526e-16   6.606471536e-16   8.514908332e-16   1.097464259e-15   1.414492973e-15   1.823102989e-15   2.349749749e-15   3.02853098e-15   3.903394351e-15   5.030982863e-15   6.484302197e-15   8.357447468e-15   1.07716954e-14   1.388335641e-14   1.789389488e-14   2.306297299e-14   2.972526254e-14   3.831211325e-14   4.937948049e-14   6.36439206e-14   8.202898428e-14   1.057250119e-13   1.36266202e-13   1.756299429e-13   2.263648388e-13   2.917557188e-13   3.760363134e-13   4.846633669e-13   6.246699345e-13   8.051207367e-13   1.037699055e-12   1.337463165e-12   1.723821284e-12   2.221788156e-12   2.863604631e-12   3.690825095e-12   4.75700791e-12   6.131183047e-12   7.902321433e-12   1.018509536e-11   1.312730296e-11   1.691943737e-11   2.18070202e-11   2.810649784e-11   3.622572978e-11   4.669039542e-11   6.017802919e-11   7.756188752e-11   9.996748773e-11   1.288454797e-10   1.660655681e-10   2.140375662e-10   2.758674196e-10   3.555583001e-10   4.582697912e-10   5.906519448e-10   7.612758393e-10   9.811885128e-10   1.264628204e-09   1.629946206e-09   2.100795021e-09   2.707659737e-09   3.48983179e-09   4.49795288e-09   5.797293767e-09   7.471980226e-09   9.630439759e-09   1.241242173e-08   1.599804543e-08   2.061946186e-08   2.657588435e-08   3.425296107e-08   4.414774374e-08   5.690086914e-08   7.333803697e-08   9.452346947e-08   1.21828814e-07   1.570219498e-07   2.023814475e-07   2.608440938e-07   3.3619503e-07   4.333128152e-07   5.584852796e-07   7.198166143e-07   9.277520521e-07   1.195754102e-06   1.541174107e-06   1.986375545e-06   2.560181756e-06   3.299741788e-06   4.252935084e-06   5.481470552e-06   7.064880442e-06   9.105667231e-06   1.17359361e-05   1.512594138e-05   1.949509851e-05   2.512617158e-05   3.238355017e-05   4.173679066e-05   5.379093288e-05   6.93255326e-05   8.934490015e-05   0.0001151427363   0.0001483852486   0.0001912179613   0.0002464028528   0.000317494239   0.0004090640206   0.0005269896124   0.000678821103   0.0008742479702   0.001125689901   0.001449040682   0.001864598162   0.00239821588   0.003082711193   0.003959557566   0.005080870135   0.00651165662   0.008332240239   0.01064065572   0.01355466249   0.0172128067   0.0217737117   0.02741253954   0.03431346079   0.04265717925   0.0526032984   0.06426871185   0.0777050898   0.09288029694   0.1096692142   0.1278580587   0.1471628889   0.1672587672   0.1878129649   0.2085150439   0.2290986203   0.2493528174   0.2691243322   0.2883127194   
48.96984925   1.607680899e-22   2.072097852e-22   2.670672714e-22   3.442160194e-22   4.436510224e-22   5.718101965e-22   7.369912033e-22   9.498886816e-22   1.224286672e-21   1.577951063e-21   2.033779845e-21   2.621285636e-21   3.378506482e-21   4.35446862e-21   5.612360688e-21   7.233624867e-21   9.323229854e-21   1.201646706e-20   1.548771003e-20   1.996170428e-20   2.572811844e-20   3.316029878e-20   4.27394416e-20   5.508574818e-20   7.099857974e-20   9.150821205e-20   1.179425406e-19   1.520130551e-19   1.959256499e-19   2.525234446e-19   3.254708615e-19   4.194908789e-19   5.406708195e-19   6.968564749e-19   8.981600802e-19   1.157615031e-18   1.492019729e-18   1.923025196e-18   2.478536868e-18   3.194521328e-18   4.117334969e-18   5.306725328e-18   6.839699447e-18   8.815509686e-18   1.136207981e-17   1.464428743e-17   1.887463896e-17   2.432702838e-17   3.135447047e-17   4.041195673e-17   5.208591382e-17   6.713217171e-17   8.652489988e-17   1.115196799e-16   1.43734798e-16   1.852560209e-16   2.387716389e-16   3.077465189e-16   3.966464373e-16   5.112272165e-16   6.589073852e-16   8.492484912e-16   1.094574163e-15   1.410768004e-15   1.818301974e-15   2.343561846e-15   3.020555553e-15   3.893115033e-15   5.017734119e-15   6.467226237e-15   8.33543871e-15   1.074332889e-14   1.384679555e-14   1.784677255e-14   2.300223825e-14   2.964698312e-14   3.821122096e-14   4.924944305e-14   6.347631875e-14   8.181296664e-14   1.054465924e-13   1.359073544e-13   1.751674336e-13   2.257687227e-13   2.909874004e-13   3.750460479e-13   4.833870396e-13   6.230249095e-13   8.030005071e-13   1.034966346e-12   1.333941048e-12   1.71928172e-12   2.215937231e-12   2.856063527e-12   3.681105563e-12   4.744480659e-12   6.115037002e-12   7.881511218e-12   1.015827362e-11   1.309273312e-11   1.687488121e-11   2.174959292e-11   2.803248133e-11   3.613033184e-11   4.65674395e-11   6.001955453e-11   7.735763367e-11   9.970423029e-11   1.285061741e-10   1.656282459e-10   2.134739131e-10   2.751409419e-10   3.54621962e-10   4.570629695e-10   5.890965039e-10   7.592710722e-10   9.786046209e-10   1.261297893e-09   1.625653856e-09   2.095262723e-09   2.700529303e-09   3.48064156e-09   4.486107833e-09   5.782026996e-09   7.452303285e-09   9.605078665e-09   1.237973448e-08   1.595591568e-08   2.056516194e-08   2.65058986e-08   3.416275827e-08   4.403148372e-08   5.675102465e-08   7.314490633e-08   9.427454847e-08   1.215079863e-07   1.566084433e-07   2.0184849e-07   2.60157179e-07   3.353096837e-07   4.32171716e-07   5.570145473e-07   7.179210272e-07   9.253088814e-07   1.192605166e-06   1.537115532e-06   1.981144563e-06   2.553439695e-06   3.291052146e-06   4.241735273e-06   5.467035477e-06   7.046275566e-06   9.081688082e-06   1.170503032e-05   1.508610824e-05   1.944375949e-05   2.506000351e-05   3.229827026e-05   4.162687959e-05   5.364927797e-05   6.914296826e-05   8.910961595e-05   0.0001148395149   0.0001479944847   0.0001907143993   0.0002457539634   0.0003166581324   0.0004079867663   0.0005256018009   0.0006770334401   0.0008719456413   0.001122725379   0.001445224576   0.00185968761   0.002391899911   0.003074592369   0.003949129159   0.005067488059   0.006494505402   0.008310292569   0.01061262562   0.01351895308   0.01716745501   0.0217163351   0.02734029122   0.03422300457   0.04254469682   0.0524645424   0.06409911535   0.07749993468   0.09263493144   0.1093792949   0.1275197822   0.1467731769   0.1668153756   0.1873145076   0.2079609383   0.2284889755   0.2486882933   0.2684059913   
49.22361809   1.244085576e-22   1.603469353e-22   2.066669701e-22   2.663676512e-22   3.433142972e-22   4.424888163e-22   5.703122595e-22   7.350605514e-22   9.474003149e-22   1.221079481e-21   1.573817399e-21   2.028452073e-21   2.614418811e-21   3.36965601e-21   4.343061479e-21   5.597658322e-21   7.214675372e-21   9.298806345e-21   1.198498823e-20   1.54471378e-20   1.99094118e-20   2.566072002e-20   3.307343073e-20   4.262747964e-20   5.494144334e-20   7.0812589e-20   9.126849345e-20   1.176335736e-19   1.516148356e-19   1.954123952e-19   2.51861924e-19   3.24618245e-19   4.183919637e-19   5.392544565e-19   6.950309616e-19   8.958072239e-19   1.154582496e-18   1.488111174e-18   1.917987562e-18   2.472043993e-18   3.186152831e-18   4.106549032e-18   5.292823617e-18   6.821781895e-18   8.792416221e-18   1.133231525e-17   1.460592466e-17   1.88251942e-17   2.426330032e-17   3.127233303e-17   4.030609194e-17   5.194946746e-17   6.695630957e-17   8.629823577e-17   1.112275385e-16   1.433582645e-16   1.847707168e-16   2.381461431e-16   3.069403337e-16   3.956073663e-16   5.098879851e-16   6.571812849e-16   8.470237657e-16   1.091706773e-15   1.407072299e-15   1.813538677e-15   2.337422557e-15   3.012642784e-15   3.882916472e-15   5.00458946e-15   6.450284431e-15   8.313602859e-15   1.071518523e-14   1.381052193e-14   1.780002042e-14   2.294198066e-14   2.956931869e-14   3.81111213e-14   4.912042723e-14   6.331003362e-14   8.15986461e-14   1.051703603e-13   1.35551326e-13   1.74708558e-13   2.251772898e-13   2.902251181e-13   3.740635621e-13   4.821207394e-13   6.213928084e-13   8.008969346e-13   1.032255107e-12   1.330446603e-12   1.714777821e-12   2.210132273e-12   2.848581668e-12   3.67146239e-12   4.732051827e-12   6.099017805e-12   7.860864494e-12   1.01316626e-11   1.305843487e-11   1.683067509e-11   2.169261681e-11   2.795904631e-11   3.603568336e-11   4.644544956e-11   5.986232489e-11   7.71549845e-11   9.944304107e-11   1.281695341e-10   1.651943595e-10   2.129146883e-10   2.744201716e-10   3.5369298e-10   4.558656289e-10   5.87553283e-10   7.572820551e-10   9.760410288e-10   1.257993747e-09   1.621395228e-09   2.089773888e-09   2.693454888e-09   3.471523531e-09   4.474355844e-09   5.766880166e-09   7.432780931e-09   9.579916813e-09   1.234730403e-08   1.591411693e-08   2.051128861e-08   2.643646268e-08   3.407326414e-08   4.391613707e-08   5.660235738e-08   7.295329299e-08   9.402758306e-08   1.211896791e-07   1.561981856e-07   2.013197195e-07   2.594756608e-07   3.34431293e-07   4.310395815e-07   5.555553695e-07   7.160403323e-07   9.228849049e-07   1.189480969e-06   1.533088842e-06   1.975954677e-06   2.5467506e-06   3.282430773e-06   4.230623451e-06   5.452713808e-06   7.027816855e-06   9.05789732e-06   1.167436734e-05   1.504658805e-05   1.939282381e-05   2.499435526e-05   3.221366033e-05   4.151783201e-05   5.350873594e-05   6.89618382e-05   8.887618022e-05   0.0001145386757   0.0001476067908   0.0001902147934   0.0002451101719   0.0003158285945   0.0004069179753   0.0005242248926   0.0006752598218   0.0008696614006   0.001119784148   0.001441438451   0.001854815639   0.002385633565   0.003066537334   0.00393878269   0.005054211131   0.006477488952   0.008288517365   0.0105848158   0.01348352433   0.01712245979   0.02165940955   0.02726861094   0.0341332597   0.04243309919   0.05232687823   0.06393085387   0.07729639526   0.09239149937   0.1090916615   0.1271841751   0.1463865428   0.1663754893   0.1868199952   0.2074112231   0.2278841675   0.2480290486   
49.47738693   9.627346444e-23   1.240843497e-22   1.599290722e-22   2.061283973e-22   2.656734988e-22   3.424196224e-22   4.413356933e-22   5.688260294e-22   7.331449883e-22   9.449313958e-22   1.217897356e-21   1.569716041e-21   2.02316594e-21   2.607605652e-21   3.360874708e-21   4.331743488e-21   5.58307086e-21   7.195873974e-21   9.274573715e-21   1.195375543e-20   1.540688266e-20   1.9857528e-20   2.559384835e-20   3.298724158e-20   4.25163927e-20   5.479826629e-20   7.062805185e-20   9.103064834e-20   1.173270212e-19   1.512197283e-19   1.949031517e-19   2.512055735e-19   3.237722919e-19   4.173016369e-19   5.378491628e-19   6.932197154e-19   8.93472756e-19   1.151573661e-18   1.484233166e-18   1.912989299e-18   2.465601862e-18   3.177849738e-18   4.095847392e-18   5.279030552e-18   6.804004375e-18   8.769503241e-18   1.130278331e-17   1.456786172e-17   1.877613586e-17   2.420007031e-17   3.119083753e-17   4.020105452e-17   5.181408748e-17   6.678182185e-17   8.607334312e-17   1.109376802e-16   1.429846738e-16   1.842892055e-16   2.375255358e-16   3.061404492e-16   3.945764161e-16   5.085592202e-16   6.554686746e-16   8.448164271e-16   1.088861792e-15   1.403405478e-15   1.808812606e-15   2.331331248e-15   3.004791857e-15   3.872797616e-15   4.991547532e-15   6.433475031e-15   8.291937663e-15   1.068726153e-14   1.37745318e-14   1.775363368e-14   2.2882194e-14   2.949226123e-14   3.801180396e-14   4.899241971e-14   6.314504808e-14   8.138600055e-14   1.04896287e-13   1.351980801e-13   1.742532686e-13   2.245904793e-13   2.894687933e-13   3.730887549e-13   4.808643359e-13   6.197734627e-13   7.988098023e-13   1.029565057e-12   1.326979467e-12   1.710309121e-12   2.204372682e-12   2.841158282e-12   3.661894583e-12   4.71972013e-12   6.083123804e-12   7.840379131e-12   1.010525955e-11   1.302440467e-11   1.678681445e-11   2.163608599e-11   2.788618522e-11   3.59417746e-11   4.632441302e-11   5.970632405e-11   7.69539191e-11   9.918389314e-11   1.278355251e-10   1.64763864e-10   2.12359834e-10   2.737050344e-10   3.527712584e-10   4.54677646e-10   5.860221229e-10   7.553085829e-10   9.734974722e-10   1.254715423e-09   1.617169882e-09   2.084327951e-09   2.686435762e-09   3.462476763e-09   4.462695701e-09   5.751851713e-09   7.413411151e-09   9.554951612e-09   1.231512703e-08   1.587264484e-08   2.045783632e-08   2.636756943e-08   3.398446943e-08   4.38016919e-08   5.6454852e-08   7.276317718e-08   9.378254778e-08   1.208738596e-07   1.557911341e-07   2.007950816e-07   2.587994689e-07   3.335597671e-07   4.299162951e-07   5.541075958e-07   7.141743357e-07   9.204798727e-07   1.18638119e-06   1.529093622e-06   1.970805351e-06   2.540113784e-06   3.273876778e-06   4.219598472e-06   5.438504069e-06   7.009502405e-06   9.034292491e-06   1.1643944e-05   1.500737672e-05   1.93422862e-05   2.492922009e-05   3.212971167e-05   4.140963667e-05   5.336929231e-05   6.878212374e-05   8.864456888e-05   0.0001142401876   0.0001472221268   0.0001897190922   0.0002444714119   0.0003150055398   0.0004058575374   0.0005228587456   0.0006735000652   0.0008673950125   0.001116865905   0.001437681917   0.001849981746   0.002379416196   0.003058545258   0.003928517091   0.005041037981   0.006460605515   0.008266912381   0.01055722339   0.01344837256   0.0170778164   0.02160292917   0.0271974913   0.03404421691   0.04232237483   0.05219029164   0.06376390998   0.07709445045   0.0921499755   0.1088062843   0.1268512024   0.1460029463   0.1659390625   0.1863293761   0.2068658409   0.2272841328   
49.73115578   7.45021535e-23   9.602387661e-23   1.237626625e-22   1.59514458e-22   2.055940118e-22   2.649847434e-22   3.415319035e-22   4.401915357e-22   5.673513546e-22   7.312443185e-22   9.424816722e-22   1.214739971e-21   1.56564657e-21   2.017920906e-21   2.600845465e-21   3.35216168e-21   4.320513494e-21   5.568596814e-21   7.177218755e-21   9.250529492e-21   1.192276546e-20   1.536694049e-20   1.980604759e-20   2.55274966e-20   3.290172254e-20   4.240616945e-20   5.465620242e-20   7.044494945e-20   9.079465246e-20   1.170228523e-19   1.508276929e-19   1.943978676e-19   2.50554326e-19   3.22932916e-19   4.162197873e-19   5.364547952e-19   6.914225514e-19   8.911564383e-19   1.14858822e-18   1.480385309e-18   1.908029896e-18   2.459209818e-18   3.169611199e-18   4.085228955e-18   5.265344728e-18   6.786365074e-18   8.746768407e-18   1.127348098e-17   1.453009471e-17   1.872745895e-17   2.413733192e-17   3.110997565e-17   4.009683376e-17   5.167976006e-17   6.660869076e-17   8.585019899e-17   1.106500756e-16   1.426139877e-16   1.838114379e-16   2.369097536e-16   3.053467837e-16   3.935534813e-16   5.072407864e-16   6.537693798e-16   8.426262505e-16   1.08603893e-15   1.399767166e-15   1.804123281e-15   2.3252873e-15   2.997001969e-15   3.862757434e-15   4.978607004e-15   6.416796323e-15   8.270440912e-15   1.065955493e-14   1.373882149e-14   1.770760759e-14   2.282287218e-14   2.941580289e-14   3.791325881e-14   4.886540744e-14   6.298134529e-14   8.11750083e-14   1.046243446e-13   1.348475807e-13   1.73801519e-13   2.240082311e-13   2.887183488e-13   3.721215267e-13   4.796177007e-13   6.181667073e-13   7.967388973e-13   1.026895921e-12   1.323539289e-12   1.705875164e-12   2.198657872e-12   2.833792613e-12   3.652401164e-12   4.707484311e-12   6.067353377e-12   7.82005304e-12   1.007906178e-11   1.299063906e-11   1.674329484e-11   2.157999469e-11   2.781389061e-11   3.584859597e-11   4.620431752e-11   5.955153611e-11   7.675441697e-11   9.892676006e-11   1.27504113e-10   1.643367156e-10   2.118092936e-10   2.729954573e-10   3.518567031e-10   4.534988995e-10   5.845028674e-10   7.533504542e-10   9.709736914e-10   1.251462588e-09   1.612977388e-09   2.078924355e-09   2.679471208e-09   3.453500333e-09   4.451126215e-09   5.736940105e-09   7.39419197e-09   9.530180512e-09   1.228320021e-08   1.583149519e-08   2.040479962e-08   2.629921182e-08   3.389636509e-08   4.368813652e-08   5.630849345e-08   7.257453949e-08   9.353941763e-08   1.205604955e-07   1.553872474e-07   2.002745227e-07   2.581285343e-07   3.326950174e-07   4.288017422e-07   5.526710783e-07   7.123228471e-07   9.180935394e-07   1.18330551e-06   1.525129465e-06   1.965696061e-06   2.533528569e-06   3.26538929e-06   4.208659211e-06   5.424404809e-06   6.991330349e-06   9.010871188e-06   1.16137572e-05   1.496847026e-05   1.929214153e-05   2.486459133e-05   3.204641569e-05   4.130228255e-05   5.323093283e-05   6.860380654e-05   8.84147583e-05   0.0001139440203   0.0001468404536   0.0001892272451   0.0002438376183   0.0003141888843   0.0004048053444   0.0005215032203   0.0006717539908   0.0008651462457   0.001113970352   0.001433954592   0.001845185438   0.00237324717   0.003050615324   0.003918331315   0.005027967265   0.006443853369   0.008245475412   0.01052984557   0.0134134942   0.01703352027   0.02154688819   0.02712692504   0.0339558671   0.0422125124   0.05205476865   0.06359826659   0.07689407954   0.09191033502   0.1085231339   0.1265208299   0.145622348   0.1655060499   0.1858425993   0.206324735   
49.98492462   5.765498615e-23   7.431000335e-23   9.57762193e-23   1.234434635e-22   1.591030507e-22   2.050637598e-22   2.643013153e-22   3.40651051e-22   4.390562279e-22   5.658880861e-22   7.293583501e-22   9.400508969e-22   1.211607008e-21   1.561608577e-21   2.012716441e-21   2.594137567e-21   3.343516046e-21   4.309370362e-21   5.554234723e-21   7.158707831e-21   9.226671246e-21   1.189201519e-20   1.532730728e-20   1.975496537e-20   2.546165806e-20   3.281686498e-20   4.229679876e-20   5.45152374e-20   7.026326333e-20   9.056048196e-20   1.167210361e-19   1.504386899e-19   1.938964918e-19   2.499081157e-19   3.221000326e-19   4.151463056e-19   5.350712127e-19   6.896392882e-19   8.88858037e-19   1.145625871e-18   1.476567214e-18   1.903108854e-18   2.452867215e-18   3.161436385e-18   4.074692651e-18   5.25176476e-18   6.768862209e-18   8.724209423e-18   1.124440529e-17   1.449261982e-17   1.867915855e-17   2.407507879e-17   3.102973923e-17   3.999341913e-17   5.154647165e-17   6.643689881e-17   8.562878084e-17   1.103646955e-16   1.422461688e-16   1.833373657e-16   2.362987344e-16   3.04559257e-16   3.925384588e-16   5.059325505e-16   6.520832287e-16   8.404530145e-16   1.083237903e-15   1.396156995e-15   1.799470227e-15   2.3192901e-15   2.989272335e-15   3.852794911e-15   4.965766568e-15   6.400246621e-15   8.249110434e-15   1.063206264e-14   1.370338739e-14   1.766193751e-14   2.276400921e-14   2.933993594e-14   3.781547588e-14   4.873937758e-14   6.28189087e-14   8.096564803e-14   1.043545056e-13   1.344997923e-13   1.733532637e-13   2.234304865e-13   2.879737089e-13   3.711617798e-13   4.783807081e-13   6.165723798e-13   7.946840103e-13   1.024247431e-12   1.320125719e-12   1.701475504e-12   2.192987265e-12   2.826483915e-12   3.642981175e-12   4.695343134e-12   6.051704931e-12   7.799884168e-12   1.005306665e-11   1.295713461e-11   1.670011183e-11   2.152433725e-11   2.774215519e-11   3.575613807e-11   4.608515094e-11   5.939794542e-11   7.655645795e-11   9.867161587e-11   1.271752643e-10   1.639128712e-10   2.112630115e-10   2.722913687e-10   3.509492216e-10   4.523292705e-10   5.829953631e-10   7.514074714e-10   9.684694316e-10   1.248234913e-09   1.608817322e-09   2.073562555e-09   2.672560525e-09   3.444593334e-09   4.439646217e-09   5.722143835e-09   7.375121446e-09   9.505601012e-09   1.225152034e-08   1.579066383e-08   2.035217315e-08   2.623138294e-08   3.380894222e-08   4.357545948e-08   5.616326697e-08   7.238736089e-08   9.329816804e-08   1.202495553e-07   1.549864847e-07   1.997579903e-07   2.574627892e-07   3.318369563e-07   4.276958101e-07   5.512456721e-07   7.104856794e-07   9.157256639e-07   1.180253621e-06   1.521195969e-06   1.96062629e-06   2.526994289e-06   3.256967452e-06   4.197804564e-06   5.410414604e-06   6.973298851e-06   8.987631045e-06   1.158380389e-05   1.492986473e-05   1.924238471e-05   2.480046247e-05   3.196376399e-05   4.11957588e-05   5.309364355e-05   6.84268686e-05   8.818672527e-05   0.0001136501438   0.0001464617325   0.0001887392023   0.0002432087269   0.0003133785456   0.00040376129   0.0005201581799   0.0006700214223   0.0008629148732   0.001111097195   0.001430256097   0.00184042623   0.002367125863   0.003042746732   0.003908224333   0.005014997664   0.006427230821   0.008224204292   0.01050267957   0.01337888572   0.01698956692   0.02149128093   0.02705690503   0.03386820133   0.04210350079   0.05192029554   0.06343390691   0.07669526217   0.09167255361   0.1082421816   0.1261930239   0.1452447088   0.1650764074   0.1853596151   
50.23869347   4.461805948e-23   5.750704962e-23   7.411933182e-23   9.553046777e-23   1.231267208e-22   1.586948093e-22   2.045375881e-22   2.636231464e-22   3.397769768e-22   4.379296566e-22   5.644360778e-22   7.274868946e-22   9.376388268e-22   1.208498154e-21   1.557601656e-21   2.007552026e-21   2.587481288e-21   3.334936941e-21   4.298312979e-21   5.539983151e-21   7.140339353e-21   9.202996594e-21   1.186150155e-20   1.528797904e-20   1.970427625e-20   2.539632617e-20   3.273266042e-20   4.21882697e-20   5.437535713e-20   7.008297531e-20   9.032811345e-20   1.164215424e-19   1.500526803e-19   1.933989741e-19   2.492668782e-19   3.212735584e-19   4.140810846e-19   5.336982772e-19   6.878697475e-19   8.865773224e-19   1.142686317e-18   1.472778501e-18   1.89822568e-18   2.44657342e-18   3.153324477e-18   4.064237425e-18   5.238289294e-18   6.751494033e-18   8.701824034e-18   1.121555335e-17   1.445543331e-17   1.863122982e-17   2.401330471e-17   3.095012023e-17   3.989080029e-17   5.141420892e-17   6.626642884e-17   8.540906654e-17   1.100815115e-16   1.418811804e-16   1.828669416e-16   2.356924171e-16   3.037777905e-16   3.915312471e-16   5.046343817e-16   6.504100529e-16   8.382965019e-16   1.080458431e-15   1.392574606e-15   1.794852979e-15   2.313339049e-15   2.981602182e-15   3.842909051e-15   4.953024942e-15   6.383824273e-15   8.227944099e-15   1.06047819e-14   1.366822596e-14   1.761661887e-14   2.27055992e-14   2.926465281e-14   3.771844542e-14   4.861431755e-14   6.26577221e-14   8.075789884e-14   1.040867431e-13   1.341546802e-13   1.729084577e-13   2.228571878e-13   2.872347992e-13   3.702094184e-13   4.771532344e-13   6.14990321e-13   7.926449362e-13   1.021619322e-12   1.316738418e-12   1.6971097e-12   2.187360294e-12   2.81923146e-12   3.633633675e-12   4.683295385e-12   6.036176903e-12   7.7798705e-12   1.002727156e-11   1.292388799e-11   1.665726113e-11   2.14691081e-11   2.767097179e-11   3.566439164e-11   4.596690137e-11   5.924553665e-11   7.636002227e-11   9.841843505e-11   1.268489462e-10   1.634922883e-10   2.107209332e-10   2.715926982e-10   3.500487235e-10   4.511686419e-10   5.814994594e-10   7.494794402e-10   9.659844426e-10   1.245032076e-09   1.604689269e-09   2.068242015e-09   2.66570302e-09   3.435754876e-09   4.42825456e-09   5.707461426e-09   7.356197673e-09   9.481210656e-09   1.222008425e-08   1.575014668e-08   2.029995165e-08   2.616407601e-08   3.372219209e-08   4.346364951e-08   5.601915803e-08   7.220162266e-08   9.305877492e-08   1.199410078e-07   1.54588806e-07   1.992454326e-07   2.568021672e-07   3.309854981e-07   4.265983884e-07   5.498312346e-07   7.086626491e-07   9.133760098e-07   1.177225216e-06   1.517292743e-06   1.955595533e-06   2.520510291e-06   3.248610421e-06   4.187033445e-06   5.396532057e-06   6.955406108e-06   8.964569739e-06   1.155408108e-05   1.489155628e-05   1.919301078e-05   2.473682709e-05   3.188174832e-05   4.109005476e-05   5.295741074e-05   6.825129224e-05   8.7960447e-05   0.0001133585288   0.0001460859258   0.0001882549151   0.0002425846751   0.0003125744427   0.0004027252699   0.0005188234901   0.0006683021864   0.000860700672   0.001108246149   0.001426586065   0.001835703647   0.002361051664   0.003034938696   0.003898195133   0.005002127879   0.00641073621   0.008203096895   0.01047572268   0.01334454366   0.01694595196   0.02143610184   0.02698742424   0.03378121082   0.04199532908   0.05178685882   0.06327081445   0.07649797841   0.09143660735   0.107963399   0.1258677515   0.1448699909   0.1646500914   
50.49246231   3.452949171e-23   4.450415855e-23   5.736024568e-23   7.393012007e-23   9.528659769e-23   1.22812403e-22   1.582896933e-22   2.040154448e-22   2.629501695e-22   3.389095945e-22   4.368117102e-22   5.62995186e-22   7.256297668e-22   9.352452234e-22   1.205413102e-21   1.553625412e-21   2.00242715e-21   2.580875968e-21   3.326423517e-21   4.28734025e-21   5.525840688e-21   7.122111502e-21   9.179503195e-21   1.183122152e-20   1.524895191e-20   1.965397519e-20   2.533149446e-20   3.264910051e-20   4.208057153e-20   5.423654778e-20   6.990406756e-20   9.009752393e-20   1.161243416e-19   1.496696259e-19   1.929052654e-19   2.4863055e-19   3.204534116e-19   4.130240188e-19   5.323358528e-19   6.861137544e-19   8.843140687e-19   1.139769269e-18   1.469018793e-18   1.893379892e-18   2.44032781e-18   3.145274674e-18   4.053862244e-18   5.224916994e-18   6.734258826e-18   8.679610027e-18   1.11869223e-17   1.441853149e-17   1.858366804e-17   2.395200357e-17   3.08711108e-17   3.97889671e-17   5.128295878e-17   6.609726397e-17   8.519103437e-17   1.098004955e-16   1.415189862e-16   1.824001191e-16   2.350907418e-16   3.030023069e-16   3.905317466e-16   5.033461515e-16   6.487496868e-16   8.361564995e-16   1.077700238e-15   1.389019643e-15   1.79027108e-15   2.30743356e-15   2.973990751e-15   3.833098877e-15   4.940380865e-15   6.367527653e-15   8.206939812e-15   1.057771002e-14   1.363333373e-14   1.757164718e-14   2.264763637e-14   2.918994603e-14   3.762215781e-14   4.849021497e-14   6.249776954e-14   8.055174016e-14   1.038210306e-13   1.338122103e-13   1.724670572e-13   2.222882782e-13   2.865015465e-13   3.692643482e-13   4.759351581e-13   6.134203744e-13   7.90621473e-13   1.019011333e-12   1.313377049e-12   1.69277732e-12   2.181776403e-12   2.812034529e-12   3.624357739e-12   4.671339874e-12   6.020767757e-12   7.760010054e-12   1.000167395e-11   1.28908959e-11   1.661473849e-11   2.141430179e-11   2.760033336e-11   3.557334762e-11   4.584955712e-11   5.90942947e-11   7.616509048e-11   9.816719257e-11   1.265251264e-10   1.630749253e-10   2.101830051e-10   2.708993766e-10   3.491551195e-10   4.500168991e-10   5.800150082e-10   7.475661699e-10   9.635184786e-10   1.241853759e-09   1.60059282e-09   2.062962209e-09   2.658898017e-09   3.426984084e-09   4.416950116e-09   5.692891425e-09   7.337418779e-09   9.457007032e-09   1.218888883e-08   1.570993972e-08   2.024812996e-08   2.609728439e-08   3.363610612e-08   4.335269556e-08   5.587615239e-08   7.201730644e-08   9.282121458e-08   1.196348225e-07   1.541941718e-07   1.987367991e-07   2.561466029e-07   3.301405587e-07   4.255093684e-07   5.48427626e-07   7.068535758e-07   9.110443444e-07   1.174219997e-06   1.513419399e-06   1.95060329e-06   2.514075934e-06   3.240317371e-06   4.176344789e-06   5.382755793e-06   6.937650351e-06   8.941684989e-06   1.152458583e-05   1.485354111e-05   1.914401486e-05   2.46736789e-05   3.180036055e-05   4.098515999e-05   5.282222091e-05   6.807706008e-05   8.77359011e-05   0.0001130691463   0.0001457129963   0.0001877743356   0.0002419654009   0.0003117764959   0.0004016971816   0.0005174990187   0.0006665961132   0.0008585034229   0.001105416931   0.001422944131   0.001831017222   0.002355023972   0.003027190442   0.003888242725   0.004989356638   0.006394367902   0.008182151131   0.01044897223   0.01331046462   0.01690267108   0.02138134546   0.0269184758   0.03369488695   0.04188798653   0.05165444525   0.06310897301   0.07630220863   0.09120247278   0.1076867583   0.12554498   0.1444981566   
50.74623116   2.672239234e-23   3.44417924e-23   4.43911252e-23   5.721455997e-23   7.374234956e-23   9.504458519e-23   1.225004794e-22   1.578876632e-22   2.034972786e-22   2.622823188e-22   3.380488192e-22   4.357022794e-22   5.615652696e-22   7.23786785e-22   9.328698523e-22   1.202351548e-21   1.549679456e-21   1.99734131e-21   2.574320962e-21   3.317974942e-21   4.276451101e-21   5.511805949e-21   7.104022494e-21   9.156188746e-21   1.180117214e-20   1.521022204e-20   1.960405728e-20   2.526715657e-20   3.25661771e-20   4.19736937e-20   5.409879575e-20   6.972652257e-20   8.986869084e-20   1.158294046e-19   1.492894894e-19   1.924153173e-19   2.479990688e-19   3.196395119e-19   4.119750048e-19   5.309838061e-19   6.843711368e-19   8.820680545e-19   1.13687444e-18   1.465287724e-18   1.888571014e-18   2.434129774e-18   3.137286187e-18   4.043566092e-18   5.211646553e-18   6.717154901e-18   8.657565226e-18   1.115850933e-17   1.438191076e-17   1.853646854e-17   2.389116937e-17   3.079270319e-17   3.968790958e-17   5.115270839e-17   6.592938764e-17   8.497466297e-17   1.095216201e-16   1.41159551e-16   1.819368524e-16   2.344936494e-16   3.022327302e-16   3.895398593e-16   5.02067734e-16   6.471019678e-16   8.340327976e-16   1.074963054e-15   1.385491758e-15   1.785724082e-15   2.301573053e-15   2.966437297e-15   3.823363428e-15   4.9278331e-15   6.351355166e-15   8.186095517e-15   1.055084436e-14   1.359870727e-14   1.752701805e-14   2.259011504e-14   2.911580831e-14   3.752660363e-14   4.83670577e-14   6.233903534e-14   8.034715181e-14   1.03557342e-13   1.33472349e-13   1.720290189e-13   2.21723702e-13   2.85773879e-13   3.683264766e-13   4.7472636e-13   6.118623862e-13   7.886134228e-13   1.01642321e-12   1.310041285e-12   1.68847794e-12   2.176235045e-12   2.804892417e-12   3.615152459e-12   4.659475429e-12   6.005475984e-12   7.740300888e-12   9.976271322e-12   1.285815512e-11   1.657253975e-11   2.135991294e-11   2.753023299e-11   3.548299709e-11   4.573310668e-11   5.894420478e-11   7.597164351e-11   9.791786384e-11   1.262037731e-10   1.626607415e-10   2.096491743e-10   2.702113362e-10   3.482683221e-10   4.488739292e-10   5.785418642e-10   7.456674731e-10   9.61071298e-10   1.238699652e-09   1.596527574e-09   2.05772262e-09   2.652144847e-09   3.418280101e-09   4.405731779e-09   5.678432404e-09   7.318782926e-09   9.432987769e-09   1.215793103e-08   1.567003902e-08   2.019670299e-08   2.603100152e-08   3.355067587e-08   4.324258674e-08   5.573423603e-08   7.183439416e-08   9.258546376e-08   1.193309694e-07   1.538025436e-07   1.982320399e-07   2.554960321e-07   3.293020552e-07   4.244286437e-07   5.470347088e-07   7.050582824e-07   9.087304395e-07   1.171237668e-06   1.50957556e-06   1.945649074e-06   2.507690589e-06   3.23208749e-06   4.16573755e-06   5.369084465e-06   6.920029842e-06   8.918974554e-06   1.149531524e-05   1.481581551e-05   1.909539214e-05   2.461101172e-05   3.171959273e-05   4.088106422e-05   5.268806084e-05   6.790415506e-05   8.75130656e-05   0.0001127819681   0.0001453429074   0.0001872974167   0.0002413508439   0.0003109846273   0.0004006769244   0.000516184636   0.0006649030355   0.0008563229109   0.001102609264   0.001419329939   0.001826366495   0.002349042196   0.003019501212   0.003878366134   0.00497668269   0.006378124294   0.008161364948   0.0104224256   0.01327664525   0.01685972002   0.02132700641   0.02685005295   0.03360922125   0.04178146262   0.05152304183   0.06294836668   0.07610793358   0.09097012683   0.1074122324   0.1252246777   
51   2.068073992e-23   2.665486465e-23   3.435475774e-23   4.42789485e-23   5.706997835e-23   7.35560021e-23   9.480440682e-23   1.221909198e-22   1.574886799e-22   2.029830395e-22   2.616195294e-22   3.371945673e-22   4.346012565e-22   5.6014619e-22   7.219577704e-22   9.305124833e-22   1.199313197e-21   1.545763404e-21   1.992294013e-21   2.567815634e-21   3.309590394e-21   4.265644478e-21   5.497877575e-21   7.086070577e-21   9.133050989e-21   1.177135049e-20   1.51717857e-20   1.955451768e-20   2.520330628e-20   3.248388213e-20   4.186762587e-20   5.396208769e-20   6.955032313e-20   8.9641592e-20   1.155367028e-19   1.489122337e-19   1.919290824e-19   2.473723733e-19   3.188317805e-19   4.10933941e-19   5.296420061e-19   6.826417258e-19   8.79839062e-19   1.13400155e-18   1.461584931e-18   1.883798581e-18   2.42797871e-18   3.129358241e-18   4.033347971e-18   5.198476684e-18   6.700180601e-18   8.635687495e-18   1.11303117e-17   1.434556757e-17   1.848962674e-17   2.383079621e-17   3.07148898e-17   3.958761794e-17   5.102344511e-17   6.576278359e-17   8.475993136e-17   1.092448581e-16   1.408028397e-16   1.814770966e-16   2.339010822e-16   3.014689859e-16   3.885554892e-16   5.007990051e-16   6.454667364e-16   8.319251906e-16   1.072246614e-15   1.38199061e-15   1.781211544e-15   2.295756961e-15   2.958941088e-15   3.81370176e-15   4.915380429e-15   6.335305244e-15   8.165409193e-15   1.052418229e-14   1.356434324e-14   1.748272715e-14   2.253302966e-14   2.904223244e-14   3.743177363e-14   4.824483378e-14   6.218150414e-14   8.014411397e-14   1.032956519e-13   1.331350634e-13   1.715943003e-13   2.211634046e-13   2.850517263e-13   3.673957129e-13   4.73526723e-13   6.103162054e-13   7.866205908e-13   1.013854701e-12   1.306730801e-12   1.684211144e-12   2.170735683e-12   2.797804434e-12   3.606016942e-12   4.6477009e-12   5.990300102e-12   7.72074109e-12   9.95106121e-12   1.282566247e-11   1.653066082e-11   2.130593628e-11   2.746066389e-11   3.539333129e-11   4.561753878e-11   5.879525234e-11   7.577966261e-11   9.767042467e-11   1.258848552e-10   1.622496966e-10   2.091193893e-10   2.695285101e-10   3.473882455e-10   4.477396215e-10   5.770798846e-10   7.437831659e-10   9.586426637e-10   1.235569449e-09   1.592493137e-09   2.05252274e-09   2.645442857e-09   3.409642082e-09   4.394598463e-09   5.664082964e-09   7.300288307e-09   9.409150539e-09   1.212720785e-08   1.563044072e-08   2.014566577e-08   2.596522099e-08   3.346589306e-08   4.313331241e-08   5.55933952e-08   7.165286812e-08   9.23514996e-08   1.190294192e-07   1.534138835e-07   1.97731106e-07   2.548503918e-07   3.284699065e-07   4.233561093e-07   5.45652348e-07   7.032765949e-07   9.064340709e-07   1.168277942e-06   1.505760851e-06   1.940732404e-06   2.501353636e-06   3.22391998e-06   4.155210699e-06   5.355516747e-06   6.902542872e-06   8.896436234e-06   1.146626648e-05   1.477837582e-05   1.904713792e-05   2.454881946e-05   3.163943701e-05   4.077775735e-05   5.255491753e-05   6.773256043e-05   8.72919189e-05   0.0001124969664   0.0001449756233   0.0001868241123   0.0002407409444   0.00031019876   0.0003996643995   0.0005148802147   0.0006632227892   0.0008541589245   0.001099822876   0.001415743138   0.001821751017   0.002343105756   0.00301187026   0.003868564401   0.004964104806   0.006362003813   0.008140736332   0.01039608021   0.01324308228   0.01681709463   0.02127307942   0.02678214904   0.03352420541   0.041675747   0.05139263579   0.06278897985   0.07591513434   0.09073954686   0.1071397944   
