             0.5   0.7537688442   1.007537688   1.261306533   1.515075377   1.768844221   2.022613065   2.27638191   2.530150754   2.783919598   3.037688442   3.291457286   3.545226131   3.798994975   4.052763819   4.306532663   4.560301508   4.814070352   5.067839196   5.32160804   5.575376884   5.829145729   6.082914573   6.336683417   6.590452261   6.844221106   7.09798995   7.351758794   7.605527638   7.859296482   8.113065327   8.366834171   8.620603015   8.874371859   9.128140704   9.381909548   9.635678392   9.889447236   10.14321608   10.39698492   10.65075377   10.90452261   11.15829146   11.4120603   11.66582915   11.91959799   12.17336683   12.42713568   12.68090452   12.93467337   13.18844221   13.44221106   13.6959799   13.94974874   14.20351759   14.45728643   14.71105528   14.96482412   15.21859296   15.47236181   15.72613065   15.9798995   16.23366834   16.48743719   16.74120603   16.99497487   17.24874372   17.50251256   17.75628141   18.01005025   18.2638191   18.51758794   18.77135678   19.02512563   19.27889447   19.53266332   19.78643216   20.04020101   20.29396985   20.54773869   20.80150754   21.05527638   21.30904523   21.56281407   21.81658291   22.07035176   22.3241206   22.57788945   22.83165829   23.08542714   23.33919598   23.59296482   23.84673367   24.10050251   24.35427136   24.6080402   24.86180905   25.11557789   25.36934673   25.62311558   25.87688442   26.13065327   26.38442211   26.63819095   26.8919598   27.14572864   27.39949749   27.65326633   27.90703518   28.16080402   28.41457286   28.66834171   28.92211055   29.1758794   29.42964824   29.68341709   29.93718593   30.19095477   30.44472362   30.69849246   30.95226131   31.20603015   31.45979899   31.71356784   31.96733668   32.22110553   32.47487437   32.72864322   32.98241206   33.2361809   33.48994975   33.74371859   33.99748744   34.25125628   34.50502513   34.75879397   35.01256281   35.26633166   35.5201005   35.77386935   36.02763819   36.28140704   36.53517588   36.78894472   37.04271357   37.29648241   37.55025126   37.8040201   38.05778894   38.31155779   38.56532663   38.81909548   39.07286432   39.32663317   39.58040201   39.83417085   40.0879397   40.34170854   40.59547739   40.84924623   41.10301508   41.35678392   41.61055276   41.86432161   42.11809045   42.3718593   42.62562814   42.87939698   43.13316583   43.38693467   43.64070352   43.89447236   44.14824121   44.40201005   44.65577889   44.90954774   45.16331658   45.41708543   45.67085427   45.92462312   46.17839196   46.4321608   46.68592965   46.93969849   47.19346734   47.44723618   47.70100503   47.95477387   48.20854271   48.46231156   48.7160804   48.96984925   49.22361809   49.47738693   49.73115578   49.98492462   50.23869347   50.49246231   50.74623116   51   
0.5   0.6084896478   0.673313139   0.733053688   0.7862169397   0.8320137118   0.8703245049   0.9015574684   0.9264617092   0.9459496015   0.9609590906   0.9723645785   0.9809305211   0.9872959446   0.9919780916   0.9953858865   0.9978370558   0.9995753035   1.000785755   1.00160799   1.002146647   1.002479773   1.002665338   1.002746218   1.002753986   1.002711782   1.002636467   1.002540239   1.002431849   1.002317503   1.002201533   1.002086903   1.001975581   1.001868813   1.001767332   1.001671503   1.001581438   1.001497077   1.001418243   1.001344689   1.001276123   1.001212236   1.001152711   1.001097236   1.001045511   1.000997249   1.000952181   1.000910056   1.000870643   1.000833728   1.000799114   1.000766617   1.000736082   1.000707352   1.000680292   1.000654774   1.000630686   1.00060792   1.000586386   1.000565994   1.000546663   1.000528322   1.000510903   1.000494344   1.00047859   1.000463589   1.000449292   1.000435656   1.000422641   1.000410207   1.000398322   1.000386952   1.000376069   1.000365644   1.000355651   1.000346067   1.00033687   1.000328038   1.000319553   1.000311396   1.000303551   1.000296001   1.000288732   1.00028173   1.000274982   1.000268475   1.000262199   1.000256142   1.000250294   1.000244645   1.000239187   1.000233911   1.000228809   1.000223873   1.000219096   1.000214471   1.000209993   1.000205654   1.000201448   1.000197372   1.000193418   1.000189583   1.000185861   1.000182249   1.000178741   1.000175334   1.000172025   1.000168808   1.000165681   1.000162641   1.000159684   1.000156808   1.000154008   1.000151284   1.000148631   1.000146048   1.000143532   1.00014108   1.000138691   1.000136363   1.000134093   1.000131879   1.00012972   1.000127613   1.000125558   1.000123552   1.000121594   1.000119683   1.000117816   1.000115993   1.000114211   1.000112471   1.00011077   1.000109108   1.000107483   1.000105894   1.00010434   1.000102821   1.000101334   1.000099879   1.000098456   1.000097063   1.000095699   1.000094364   1.000093057   1.000091776   1.000090523   1.000089294   1.000088091   1.000086912   1.000085756   1.000084623   1.000083513   1.000082424   1.000081357   1.00008031   1.000079284   1.000078277   1.000077289   1.000076319   1.000075368   1.000074435   1.000073519   1.000072619   1.000071737   1.00007087   1.000070019   1.000069183   1.000068362   1.000067555   1.000066763   1.000065985   1.00006522   1.000064468   1.00006373   1.000063004   1.00006229   1.000061588   1.000060899   1.000060221   1.000059554   1.000058898   1.000058253   1.000057618   1.000056994   1.00005638   1.000055776   1.000055181   1.000054596   1.00005402   1.000053454   1.000052896   1.000052347   1.000051806   1.000051274   1.00005075   1.000050233   1.000049725   1.000049225   1.000048732   1.000048246   
0.7537688442   0.584925349   0.6555195879   0.7219893247   0.7821378941   0.8344951474   0.8784166394   0.9140109435   0.9419508912   0.9632444706   0.9790275445   0.9904114289   0.9983913884   1.003805786   1.007329932   1.009489769   1.010684361   1.011210285   1.011284185   1.011061963   1.010654233   1.010138353   1.00956756   1.008977776   1.008392618   1.007827046   1.007289997   1.006786271   1.006317879   1.005884989   1.005486596   1.005120983   1.004786039   1.004479474   1.004198962   1.003942231   1.00370712   1.003491609   1.003293833   1.00311209   1.002944832   1.002790664   1.002648327   1.002516694   1.002394753   1.0022816   1.002176425   1.002078504   1.001987187   1.001901896   1.001822108   1.001747357   1.001677225   1.001611329   1.001549339   1.001490941   1.001435859   1.001383843   1.001334664   1.001288117   1.001244014   1.001202183   1.001162467   1.001124724   1.001088823   1.001054643   1.001022074   1.000991015   1.000961372   1.000933059   1.000905997   1.000880112   1.000855335   1.000831603   1.000808858   1.000787044   1.000766111   1.000746012   1.000726702   1.00070814   1.000690287   1.000673108   1.000656568   1.000640636   1.000625282   1.000610479   1.000596199   1.000582419   1.000569115   1.000556265   1.000543849   1.000531846   1.00052024   1.000509012   1.000498147   1.000487627   1.00047744   1.000467571   1.000458006   1.000448734   1.000439742   1.000431019   1.000422555   1.000414339   1.000406361   1.000398613   1.000391086   1.000383771   1.00037666   1.000369746   1.000363022   1.00035648   1.000350115   1.000343919   1.000337887   1.000332012   1.000326291   1.000320716   1.000315284   1.000309989   1.000304827   1.000299794   1.000294884   1.000290095   1.000285422   1.000280861   1.000276409   1.000272062   1.000267818   1.000263672   1.000259622   1.000255665   1.000251799   1.000248019   1.000244324   1.000240712   1.000237179   1.000233724   1.000230343   1.000227036   1.0002238   1.000220633   1.000217532   1.000214497   1.000211525   1.000208614   1.000205764   1.000202971   1.000200235   1.000197554   1.000194927   1.000192352   1.000189828   1.000187353   1.000184927   1.000182547   1.000180213   1.000177924   1.000175678   1.000173474   1.000171312   1.00016919   1.000167107   1.000165063   1.000163056   1.000161085   1.00015915   1.00015725   1.000155384   1.000153551   1.00015175   1.00014998   1.000148242   1.000146533   1.000144854   1.000143204   1.000141582   1.000139987   1.000138419   1.000136877   1.000135361   1.00013387   1.000132404   1.000130961   1.000129543   1.000128147   1.000126773   1.000125422   1.000124092   1.000122783   1.000121495   1.000120227   1.000118978   1.000117749   1.00011654   1.000115348   1.000114175   1.00011302   1.000111882   1.000110761   1.000109657   
1.007537688   0.5501035304   0.6257073137   0.6990642715   0.7673083538   0.8281287503   0.8800587437   0.9225656071   0.9559474102   0.9811043206   0.999272176   1.011788209   1.019924207   1.024791371   1.027303047   1.028175841   1.027951567   1.027027431   1.025686769   1.024126459   1.022479572   1.020833164   1.019241774   1.017737407   1.016336762   1.015046386   1.013866288   1.012792446   1.01181851   1.010936948   1.010139795   1.009419129   1.008767361   1.008177399   1.007642728   1.007157435   1.0067162   1.00631427   1.005947413   1.005611878   1.005304345   1.005021879   1.004761888   1.004522086   1.004300449   1.004095191   1.003904731   1.003727667   1.003562758   1.003408898   1.003265104   1.0031305   1.0030043   1.002885805   1.002774384   1.002669467   1.002570554   1.002477178   1.002388926   1.002305417   1.002226314   1.002151301   1.002080094   1.002012437   1.001948091   1.00188684   1.001828485   1.001772841   1.00171974   1.001669027   1.001620559   1.001574202   1.001529834   1.00148734   1.001446616   1.001407562   1.001370088   1.001334108   1.001299543   1.001266318   1.001234365   1.001203619   1.001174018   1.001145507   1.001118031   1.001091541   1.00106599   1.001041333   1.001017529   1.000994538   1.000972324   1.000950852   1.000930088   1.000910002   1.000890564   1.000871747   1.000853524   1.00083587   1.000818762   1.000802177   1.000786094   1.000770493   1.000755354   1.00074066   1.000726393   1.000712536   1.000699074   1.000685992   1.000673276   1.000660912   1.000648887   1.000637188   1.000625805   1.000614726   1.000603939   1.000593435   1.000583205   1.000573237   1.000563524   1.000554057   1.000544827   1.000535827   1.000527049   1.000518486   1.000510131   1.000501976   1.000494017   1.000486246   1.000478657   1.000471246   1.000464005   1.000456931   1.000450018   1.000443262   1.000436656   1.000430198   1.000423882   1.000417705   1.000411663   1.000405751   1.000399965   1.000394303   1.000388761   1.000383335   1.000378022   1.00037282   1.000367724   1.000362732   1.000357841   1.000353049   1.000348353   1.00034375   1.000339238   1.000334814   1.000330477   1.000326223   1.000322052   1.00031796   1.000313945   1.000310007   1.000306142   1.000302349   1.000298627   1.000294972   1.000291385   1.000287863   1.000284404   1.000281008   1.000277672   1.000274395   1.000271176   1.000268014   1.000264907   1.000261853   1.000258852   1.000255902   1.000253003   1.000250153   1.000247351   1.000244595   1.000241886   1.000239221   1.0002366   1.000234022   1.000231486   1.000228992   1.000226537   1.000224121   1.000221745   1.000219405   1.000217103   1.000214837   1.000212606   1.00021041   1.000208247   1.000206118   1.000204022   1.000201957   1.000199923   1.000197921   1.000195948   
1.261306533   0.5061014204   0.5847755832   0.6637775352   0.7398481164   0.8099188781   0.8715651502   0.9233119555   0.9647171322   0.9962419851   1.018987358   1.034393645   1.043981716   1.049172266   1.051186522   1.051011409   1.049406605   1.046933553   1.043992361   1.040858193   1.037713081   1.03467177   1.031801716   1.029138016   1.02669426   1.024470228   1.022457249   1.020641855   1.019008215   1.017539722   1.016219982   1.015033405   1.013965532   1.013003174   1.012134447   1.011348739   1.010636631   1.009989799   1.009400914   1.008863532   1.008371998   1.007921346   1.007507223   1.007125804   1.006773731   1.006448047   1.006146148   1.005865738   1.005604786   1.005361492   1.005134261   1.004921672   1.00472246   1.004535494   1.004359763   1.004194358   1.004038458   1.003891337   1.003752324   1.00362082   1.003496277   1.0033782   1.00326614   1.003159683   1.003058453   1.002962104   1.002870325   1.002782822   1.002699329   1.002619599   1.002543406   1.00247054   1.002400807   1.002334026   1.002270031   1.002208667   1.002149789   1.002093262   1.002038963   1.001986772   1.001936583   1.001888291   1.001841803   1.001797027   1.00175388   1.001712283   1.001672162   1.001633447   1.001596073   1.001559978   1.001525104   1.001491395   1.0014588   1.001427271   1.00139676   1.001367224   1.001338622   1.001310914   1.001284063   1.001258034   1.001232794   1.00120831   1.001184553   1.001161494   1.001139106   1.001117362   1.001096239   1.001075712   1.00105576   1.001036361   1.001017494   1.00099914   1.000981281   1.000963898   1.000946976   1.000930497   1.000914447   1.000898811   1.000883574   1.000868722   1.000854244   1.000840126   1.000826357   1.000812924   1.000799818   1.000787028   1.000774543   1.000762354   1.000750451   1.000738826   1.00072747   1.000716375   1.000705533   1.000694936   1.000684576   1.000674447   1.000664542   1.000654855   1.000645378   1.000636106   1.000627033   1.000618154   1.000609462   1.000600953   1.000592621   1.000584462   1.000576471   1.000568643   1.000560974   1.000553459   1.000546095   1.000538877   1.000531802   1.000524865   1.000518064   1.000511394   1.000504852   1.000498436   1.000492141   1.000485965   1.000479905   1.000473958   1.000468121   1.000462392   1.000456767   1.000451244   1.000445821   1.000440496   1.000435266   1.000430128   1.000425081   1.000420122   1.00041525   1.000410463   1.000405758   1.000401133   1.000396587   1.000392118   1.000387725   1.000383405   1.000379157   1.000374979   1.00037087   1.000366828   1.000362853   1.000358941   1.000355093   1.000351306   1.00034758   1.000343912   1.000340303   1.00033675   1.000333252   1.000329809   1.000326419   1.000323081   1.000319794   1.000316557   1.00031337   1.00031023   1.000307137   
1.515075377   0.4558988495   0.535048701   0.6173714813   0.6996422158   0.7783639968   0.8502766265   0.9128436083   0.9645746157   1.005103443   1.035035574   1.055652497   1.068581061   1.0755114   1.078003156   1.077381807   1.074705561   1.07077745   1.06618053   1.061320772   1.056468567   1.051794553   1.047398425   1.043331005   1.039610552   1.036234461   1.033187462   1.030447208   1.02798801   1.025783246   1.02380686   1.022034234   1.020442658   1.01901152   1.017722329   1.016558637   1.0155059   1.014551316   1.013683644   1.012893037   1.012170877   1.011509624   1.010902681   1.010344269   1.009829327   1.009353412   1.008912618   1.008503508   1.008123048   1.007768557   1.007437661   1.00712825   1.006838448   1.006566582   1.006311155   1.006070826   1.005844393   1.005630771   1.005428982   1.005238143   1.005057449   1.00488618   1.00472367   1.004569319   1.004422575   1.004282933   1.004149932   1.004023149   1.003902193   1.003786706   1.003676355   1.003570836   1.003469865   1.003373181   1.003280539   1.003191714   1.003106496   1.003024689   1.002946112   1.002870593   1.002797975   1.002728108   1.002660855   1.002596084   1.002533673   1.002473508   1.002415482   1.002359493   1.002305445   1.00225325   1.002202823   1.002154084   1.002106957   1.002061373   1.002017264   1.001974566   1.001933219   1.001893167   1.001854355   1.001816733   1.001780252   1.001744866   1.001710532   1.001677207   1.001644852   1.001613431   1.001582906   1.001553245   1.001524414   1.001496383   1.001469122   1.001442604   1.0014168   1.001391687   1.001367238   1.001343431   1.001320244   1.001297654   1.001275642   1.001254188   1.001233274   1.00121288   1.00119299   1.001173587   1.001154656   1.001136181   1.001118148   1.001100542   1.001083351   1.001066561   1.001050159   1.001034135   1.001018475   1.00100317   1.000988209   1.000973581   1.000959277   1.000945286   1.0009316   1.000918211   1.000905109   1.000892286   1.000879735   1.000867447   1.000855416   1.000843634   1.000832095   1.000820791   1.000809717   1.000798866   1.000788233   1.00077781   1.000767594   1.000757578   1.000747758   1.000738128   1.000728683   1.000719418   1.00071033   1.000701413   1.000692664   1.000684077   1.00067565   1.000667378   1.000659257   1.000651284   1.000643454   1.000635766   1.000628215   1.000620797   1.000613511   1.000606353   1.000599319   1.000592407   1.000585614   1.000578938   1.000572376   1.000565924   1.000559582   1.000553345   1.000547213   1.000541182   1.00053525   1.000529415   1.000523676   1.00051803   1.000512474   1.000507008   1.000501629   1.000496335   1.000491124   1.000485995   1.000480947   1.000475977   1.000471083   1.000466265   1.00046152   1.000456848   1.000452246   1.000447714   1.000443249   
1.768844221   0.4027342018   0.4796703699   0.5624260488   0.6482406078   0.7336615989   0.8149683506   0.8887182918   0.9522658173   1.004100748   1.043922204   1.072465378   1.091176769   1.101855195   1.106348221   1.10634589   1.103272617   1.098255337   1.09213998   1.085532218   1.07884578   1.072348639   1.06620254   1.060494578   1.055261217   1.050505914   1.046211652   1.042349628   1.038885104   1.035781236   1.033001486   1.030511064   1.028277711   1.026272059   1.024467715   1.02284118   1.021371671   1.020040894   1.018832799   1.017733336   1.016730221   1.015812717   1.014971443   1.014198197   1.013485798   1.012827957   1.012219151   1.011654526   1.011129806   1.010641217   1.01018542   1.009759454   1.009360688   1.008986779   1.008635635   1.008305382   1.007994342   1.007701003   1.007424004   1.007162116   1.006914225   1.006679323   1.00645649   1.006244891   1.006043764   1.005852413   1.005670194   1.005496526   1.005330872   1.005172731   1.005021648   1.004877201   1.004738998   1.00460668   1.004479909   1.004358376   1.004241791   1.004129885   1.004022408   1.003919124   1.003819816   1.00372428   1.003632325   1.003543771   1.003458451   1.003376207   1.003296893   1.003220368   1.003146502   1.003075172   1.003006262   1.002939663   1.002875272   1.002812991   1.002752729   1.002694397   1.002637915   1.002583204   1.002530189   1.002478802   1.002428976   1.002380647   1.002333756   1.002288246   1.002244063   1.002201156   1.002159474   1.002118973   1.002079608   1.002041335   1.002004116   1.00196791   1.001932683   1.001898398   1.001865022   1.001832523   1.00180087   1.001770035   1.001739988   1.001710704   1.001682157   1.001654321   1.001627174   1.001600692   1.001574855   1.00154964   1.001525029   1.001501003   1.001477541   1.001454628   1.001432246   1.001410378   1.00138901   1.001368125   1.001347709   1.001327749   1.00130823   1.00128914   1.001270467   1.001252197   1.001234321   1.001216825   1.0011997   1.001182935   1.001166521   1.001150447   1.001134703   1.001119282   1.001104174   1.00108937   1.001074864   1.001060645   1.001046708   1.001033045   1.001019648   1.001006511   1.000993626   1.000980989   1.000968591   1.000956427   1.000944492   1.00093278   1.000921284   1.00091   1.000898923   1.000888047   1.000877368   1.000866881   1.000856581   1.000846464   1.000836526   1.000826762   1.000817168   1.000807741   1.000798476   1.00078937   1.00078042   1.000771621   1.00076297   1.000754464   1.0007461   1.000737875   1.000729785   1.000721827   1.000714   1.000706299   1.000698722   1.000691267   1.000683931   1.000676711   1.000669605   1.000662611   1.000655726   1.000648947   1.000642274   1.000635703   1.000629233   1.000622861   1.000616585   1.000610404   1.000604316   
2.022613065   0.3495751804   0.4219702722   0.5022671531   0.5884731691   0.6776411761   0.7661043806   0.8499302008   0.9255019575   0.9900678775   1.042094987   1.081339687   1.108655507   1.125641395   1.134256269   1.13649522   1.134171333   1.128803161   1.121583807   1.113401289   1.104884326   1.096455636   1.088382444   1.08081947   1.073843082   1.067477169   1.061712007   1.056517611   1.051852898   1.047671807   1.043927247   1.040573519   1.037567726   1.034870481   1.032446181   1.030262995   1.028292694   1.026510382   1.024894194   1.023424974   1.022085974   1.020862561   1.01974195   1.018712971   1.017765856   1.016892054   1.016084066   1.015335309   1.014639989   1.013992997   1.013389822   1.012826468   1.012299386   1.011805421   1.011341759   1.010905884   1.010495541   1.010108706   1.009743556   1.009398445   1.009071887   1.008762532   1.008469158   1.008190649   1.00792599   1.00767425   1.007434583   1.00720621   1.006988414   1.006780535   1.006581971   1.006392161   1.006210585   1.006036765   1.005870258   1.005710652   1.005557564   1.005410638   1.005269543   1.005133969   1.005003628   1.00487825   1.004757583   1.004641391   1.004529452   1.004421559   1.004317517   1.004217143   1.004120263   1.004026717   1.003936351   1.003849022   1.003764593   1.003682937   1.003603931   1.003527462   1.003453421   1.003381706   1.003312219   1.003244868   1.003179566   1.00311623   1.003054782   1.002995145   1.00293725   1.002881029   1.002826417   1.002773353   1.002721779   1.002671639   1.00262288   1.002575452   1.002529306   1.002484397   1.002440679   1.002398112   1.002356654   1.002316268   1.002276917   1.002238565   1.002201179   1.002164726   1.002129175   1.002094497   1.002060664   1.002027647   1.001995421   1.001963961   1.001933242   1.001903241   1.001873936   1.001845306   1.001817329   1.001789987   1.001763259   1.001737127   1.001711575   1.001686584   1.001662139   1.001638223   1.001614822   1.00159192   1.001569503   1.001547559   1.001526073   1.001505032   1.001484426   1.001464241   1.001444466   1.001425091   1.001406103   1.001387494   1.001369253   1.001351371   1.001333837   1.001316644   1.001299782   1.001283242   1.001267018   1.001251099   1.00123548   1.001220152   1.001205109   1.001190342   1.001175846   1.001161614   1.001147639   1.001133916   1.001120438   1.0011072   1.001094195   1.001081418   1.001068865   1.001056529   1.001044406   1.001032491   1.00102078   1.001009267   1.000997948   1.000986818   1.000975875   1.000965112   1.000954527   1.000944116   1.000933874   1.000923799   1.000913886   1.000904132   1.000894534   1.000885088   1.000875791   1.00086664   1.000857632   1.000848764   1.000840033   1.000831436   1.000822971   1.000814635   1.000806425   1.000798338   1.000790373   
2.27638191   0.2987856797   0.3649437898   0.4403351181   0.5238530001   0.6133728005   0.7057711461   0.797178038   0.883459188   0.9608311319   1.02643888   1.078724713   1.117496035   1.143715536   1.159124279   1.165831367   1.165971002   1.161472915   1.153945506   1.144645589   1.134502296   1.124167483   1.114073655   1.10448851   1.095561153   1.087358694   1.079893865   1.073145081   1.067070568   1.061618007   1.056730919   1.052352731   1.048429239   1.044909985   1.041748913   1.03890456   1.036339972   1.034022444   1.031923176   1.030016903   1.028281505   1.026697646   1.025248434   1.023919108   1.022696769   1.021570129   1.020529299   1.019565604   1.018671417   1.017840024   1.017065496   1.016342591   1.015666663   1.01503358   1.014439665   1.013881632   1.013356543   1.012861758   1.012394908   1.011953853   1.011536664   1.01114159   1.010767046   1.010411589   1.010073901   1.009752795   1.009447157   1.009155995   1.008878381   1.008613465   1.00836047   1.008118672   1.007887408   1.00766606   1.007454058   1.007250875   1.00705602   1.006869033   1.006689492   1.006516999   1.006351183   1.006191701   1.006038228   1.005890463   1.005748121   1.005610938   1.005478664   1.005351064   1.005227918   1.00510902   1.004994173   1.004883193   1.004775908   1.004672154   1.004571774   1.004474625   1.004380566   1.004289467   1.004201204   1.00411566   1.004032723   1.003952287   1.003874252   1.003798523   1.003725008   1.003653623   1.003584284   1.003516914   1.003451438   1.003387786   1.003325889   1.003265684   1.00320711   1.003150106   1.003094618   1.003040592   1.002987976   1.002936722   1.002886783   1.002838113   1.002790671   1.002744414   1.002699304   1.002655302   1.002612373   1.002570482   1.002529595   1.002489681   1.002450708   1.002412647   1.00237547   1.002339149   1.002303659   1.002268974   1.002235069   1.002201922   1.00216951   1.002137811   1.002106804   1.00207647   1.002046789   1.002017742   1.001989311   1.001961479   1.001934229   1.001907545   1.001881411   1.001855813   1.001830735   1.001806164   1.001782086   1.001758488   1.001735357   1.00171268   1.001690447   1.001668645   1.001647263   1.001626291   1.001605719   1.001585535   1.00156573   1.001546295   1.001527221   1.001508499   1.00149012   1.001472075   1.001454357   1.001436958   1.00141987   1.001403086   1.001386599   1.001370401   1.001354486   1.001338847   1.001323479   1.001308374   1.001293526   1.001278931   1.001264582   1.001250474   1.0012366   1.001222957   1.001209539   1.001196341   1.001183359   1.001170587   1.001158021   1.001145657   1.00113349   1.001121516   1.001109732   1.001098132   1.001086714   1.001075474   1.001064407   1.00105351   1.001042781   1.001032214   1.001021808   1.001011559   1.001001463   
2.530150754   0.25199829   0.310932677   0.3796709922   0.4579403523   0.5445560318   0.6372683913   0.7327866238   0.8270471287   0.9157228088   0.9948699445   1.061533194   1.114128794   1.152510137   1.1777415   1.1916974   1.196628699   1.194801473   1.188256511   1.178688197   1.16741476   1.1554054   1.143334999   1.131646362   1.120608556   1.110366171   1.100978224   1.092447439   1.084741451   1.077807682   1.071583453   1.066002632   1.060999828   1.056512895   1.052484295   1.048861703   1.045598139   1.042651803   1.039985749   1.037567472   1.035368463   1.033363771   1.031531581   1.02985283   1.028310857   1.026891089   1.025580768   1.024368708   1.023245088   1.022201264   1.021229619   1.020323422   1.019476713   1.018684205   1.017941191   1.017243475   1.016587307   1.015969326   1.015386512   1.014836147   1.01431578   1.013823192   1.013356373   1.012913497   1.012492901   1.012093065   1.011712614   1.011350273   1.011004881   1.010675369   1.010360754   1.010060131   1.009772661   1.009497573   1.00923415   1.008981728   1.00873969   1.008507466   1.008284521   1.008070358   1.007864516   1.007666562   1.007476091   1.007292726   1.007116112   1.006945917   1.00678183   1.006623558   1.006470826   1.006323376   1.006180963   1.006043359   1.005910346   1.005781721   1.00565729   1.005536872   1.005420294   1.005307392   1.005198013   1.00509201   1.004989243   1.004889583   1.004792903   1.004699085   1.004608017   1.00451959   1.004433703   1.004350259   1.004269165   1.004190334   1.004113681   1.004039126   1.003966593   1.003896009   1.003827304   1.003760412   1.003695269   1.003631814   1.003569989   1.003509739   1.00345101   1.00339375   1.003337912   1.003283448   1.003230313   1.003178464   1.00312786   1.003078461   1.003030228   1.002983126   1.002937118   1.002892172   1.002848255   1.002805334   1.002763381   1.002722366   1.002682261   1.00264304   1.002604677   1.002567146   1.002530423   1.002494487   1.002459313   1.002424881   1.00239117   1.002358159   1.00232583   1.002294164   1.002263142   1.002232748   1.002202964   1.002173774   1.002145162   1.002117113   1.002089613   1.002062647   1.002036201   1.002010262   1.001984817   1.001959854   1.00193536   1.001911324   1.001887734   1.00186458   1.00184185   1.001819534   1.001797623   1.001776106   1.001754974   1.001734219   1.00171383   1.0016938   1.001674119   1.001654781   1.001635777   1.001617099   1.00159874   1.001580692   1.001562949   1.001545504   1.00152835   1.001511481   1.00149489   1.001478572   1.00146252   1.001446728   1.001431191   1.001415904   1.001400861   1.001386057   1.001371487   1.001357146   1.00134303   1.001329132   1.00131545   1.001301979   1.001288713   1.00127565   1.001262785   1.001250114   1.001237633   
2.783919598   0.2101458078   0.2615139359   0.3226101817   0.3938327009   0.474875172   0.5644788794   0.6602751946   0.7588135059   0.8558449989   0.946857611   1.027753226   1.095478883   1.148423925   1.186483637   1.210817524   1.223426178   1.226694976   1.22301556   1.214534847   1.203029735   1.189877733   1.176087057   1.162355373   1.149136109   1.136700372   1.125189099   1.114654157   1.105089206   1.096452001   1.08867999   1.081700876   1.07543953   1.069822313   1.064779632   1.060247287   1.056167043   1.052486703   1.049159879   1.046145596   1.043407818   1.040914947   1.03863932   1.03655675   1.034646088   1.032888842   1.031268827   1.029771863   1.028385506   1.02709882   1.025902175   1.024787073   1.023745998   1.022772288   1.021860025   1.021003938   1.02019932   1.019441962   1.018728086   1.018054294   1.017417525   1.016815015   1.01624426   1.015702987   1.015189132   1.014700813   1.014236311   1.013794057   1.01337261   1.012970645   1.012586954   1.012220414   1.01186999   1.011534734   1.01121376   1.010906252   1.01061145   1.01032865   1.010057197   1.00979648   1.009545931   1.009305017   1.009073245   1.008850149   1.008635294   1.008428275   1.008228709   1.008036237   1.007850524   1.007671251   1.00749812   1.007330852   1.00716918   1.007012856   1.006861643   1.006715318   1.006573671   1.006436502   1.006303623   1.006174855   1.006050028   1.005928981   1.005811563   1.005697628   1.005587039   1.005479664   1.00537538   1.005274068   1.005175615   1.005079914   1.004986862   1.004896361   1.00480832   1.004722648   1.004639261   1.004558077   1.00447902   1.004402015   1.004326992   1.004253882   1.00418262   1.004113145   1.004045396   1.003979317   1.003914853   1.003851952   1.003790563   1.003730637   1.003672129   1.003614993   1.003559188   1.003504671   1.003451403   1.003399346   1.003348464   1.003298721   1.003250084   1.003202519   1.003155995   1.003110483   1.003065952   1.003022374   1.002979723   1.002937972   1.002897096   1.002857071   1.002817873   1.002779479   1.002741867   1.002705017   1.002668907   1.002633518   1.002598831   1.002564827   1.002531489   1.002498799   1.00246674   1.002435296   1.002404452   1.002374191   1.002344501   1.002315365   1.002286771   1.002258706   1.002231155   1.002204107   1.002177549   1.00215147   1.002125858   1.002100702   1.002075991   1.002051715   1.002027863   1.002004426   1.001981394   1.001958758   1.001936508   1.001914637   1.001893135   1.001871994   1.001851206   1.001830763   1.001810658   1.001790883   1.001771432   1.001752296   1.001733469   1.001714945   1.001696716   1.001678778   1.001661123   1.001643746   1.001626641   1.001609802   1.001593223   1.0015769   1.001560827   1.001544999   1.001529412   1.001514059   1.001498937   
3.037688442   0.173584606   0.2175467862   0.2706874006   0.3338697851   0.4074906978   0.4912122846   0.5837053685   0.6824875823   0.783955208   0.883681623   0.9769767791   1.059593452   1.12838365   1.181709277   1.219504116   1.24301748   1.254369669   1.256074255   1.250642906   1.240324286   1.226974679   1.212028891   1.196533127   1.18120752   1.166516308   1.152733143   1.139996002   1.128350372   1.117781635   1.108238423   1.099648914   1.09193183   1.085003611   1.07878287   1.073192995   1.068163495   1.063630546   1.059537   1.055832109   1.052471066   1.049414469   1.046627763   1.044080693   1.041746794   1.039602916   1.037628802   1.035806712   1.03412109   1.032558278   1.031106259   1.029754441   1.02849347   1.027315064   1.026211876   1.025177371   1.024205724   1.023291728   1.022430719   1.021618511   1.020851332   1.020125784   1.01943879   1.018787564   1.018169575   1.01758252   1.017024299   1.016492993   1.01598684   1.01550424   1.015043704   1.014603872   1.014183489   1.013781397   1.013396521   1.013027871   1.012674527   1.012335637   1.012010404   1.011698091   1.011398009   1.011109516   1.010832011   1.010564935   1.010307763   1.010060003   1.009821195   1.009590905   1.009368728   1.009154281   1.008947206   1.008747163   1.008553834   1.008366919   1.008186132   1.008011206   1.007841887   1.007677936   1.007519126   1.007365241   1.007216078   1.007071444   1.006931155   1.006795038   1.006662927   1.006534665   1.006410103   1.006289098   1.006171515   1.006057225   1.005946106   1.00583804   1.005732916   1.005630626   1.00553107   1.00543415   1.005339772   1.005247849   1.005158295   1.005071029   1.004985973   1.004903053   1.004822197   1.004743337   1.004666407   1.004591345   1.004518089   1.004446584   1.004376772   1.0043086   1.004242017   1.004176974   1.004113423   1.00405132   1.003990619   1.003931279   1.00387326   1.003816521   1.003761027   1.003706739   1.003653624   1.003601648   1.003550778   1.003500983   1.003452232   1.003404497   1.00335775   1.003311963   1.00326711   1.003223166   1.003180105   1.003137906   1.003096544   1.003055998   1.003016246   1.002977267   1.002939042   1.002901551   1.002864776   1.002828697   1.002793299   1.002758562   1.002724473   1.002691013   1.002658168   1.002625922   1.002594262   1.002563173   1.002532641   1.002502652   1.002473196   1.002444257   1.002415825   1.002387888   1.002360434   1.002333452   1.002306932   1.002280862   1.002255233   1.002230035   1.002205258   1.002180893   1.00215693   1.002133361   1.002110177   1.002087371   1.002064933   1.002042855   1.002021131   1.001999752   1.001978712   1.001958003   1.001937617   1.00191755   1.001897793   1.001878341   1.001859187   1.001840325   1.001821749   1.001803454   1.001785433   
3.291457286   0.1422503173   0.1793083075   0.2246991118   0.2795537534   0.3447541346   0.4206961087   0.5070119386   0.6023050791   0.7039840585   0.8082979919   0.9106490482   1.006175455   1.090485682   1.160339143   1.214069982   1.251647617   1.274406492   1.284581054   1.284807513   1.277712649   1.265642949   1.250531248   1.233867823   1.216735866   1.199877626   1.183768241   1.168684297   1.154761361   1.142039184   1.130495533   1.120070559   1.110683773   1.102245471   1.094664152   1.087851115   1.081723109   1.076203685   1.071223705   1.066721319   1.062641625   1.058936158   1.055562298   1.052482662   1.04966451   1.04707919   1.044701624   1.042509858   1.040484652   1.038609122   1.03686843   1.035249514   1.033740848   1.032332246   1.031014681   1.029780135   1.028621471   1.027532323   1.026506993   1.025540373   1.024627873   1.023765356   1.022949086   1.022175685   1.021442084   1.020745498   1.020083388   1.019453435   1.018853518   1.018281704   1.017736205   1.017215384   1.016717735   1.016241861   1.015786479   1.015350402   1.014932524   1.014531825   1.014147355   1.01377823   1.013423628   1.013082781   1.012754974   1.012439538   1.012135846   1.011843313   1.01156139   1.011289562   1.011027345   1.010774284   1.010529951   1.010293945   1.010065886   1.009845416   1.009632198   1.009425913   1.009226261   1.009032957   1.00884573   1.008664327   1.008488505   1.008318036   1.008152701   1.007992296   1.007836623   1.007685497   1.00753874   1.007396185   1.00725767   1.007123044   1.00699216   1.006864881   1.006741073   1.006620611   1.006503375   1.006389248   1.006278122   1.006169892   1.006064456   1.005961719   1.005861588   1.005763976   1.005668799   1.005575975   1.005485427   1.005397081   1.005310866   1.005226712   1.005144555   1.005064332   1.004985981   1.004909445   1.004834667   1.004761595   1.004690176   1.00462036   1.0045521   1.004485349   1.004420063   1.0043562   1.004293717   1.004232576   1.004172738   1.004114166   1.004056824   1.004000678   1.003945695   1.003891843   1.003839091   1.003787409   1.003736768   1.00368714   1.003638498   1.003590816   1.00354407   1.003498234   1.003453285   1.0034092   1.003365958   1.003323536   1.003281914   1.003241071   1.00320099   1.00316165   1.003123033   1.003085122   1.003047899   1.003011349   1.002975454   1.002940199   1.002905569   1.00287155   1.002838126   1.002805285   1.002773012   1.002741294   1.002710119   1.002679475   1.002649349   1.00261973   1.002590606   1.002561966   1.0025338   1.002506098   1.002478848   1.002452042   1.00242567   1.002399722   1.002374189   1.002349062   1.002324333   1.002299994   1.002276036   1.002252452   1.002229233   1.002206372   1.002183862   1.002161695   1.002139865   1.002118365   1.002097188   
3.545226131   0.1158062016   0.146657489   0.18485165   0.2316266497   0.2881423774   0.3552989886   0.4334918406   0.5223247564   0.6203365619   0.7248308072   0.8319147537   0.9368252904   1.034534577   1.120511161   1.191424151   1.245579767   1.282980627   1.305042219   1.314108236   1.312932591   1.304252782   1.290509589   1.273709818   1.255397521   1.236691932   1.218357033   1.200878888   1.184537311   1.169465917   1.155699255   1.143208038   1.131924492   1.121759984   1.112616861   1.104396117   1.097002118   1.090345311   1.084343579   1.078922728   1.07401642   1.069565787   1.065518865   1.061829954   1.058458959   1.055370754   1.052534582   1.049923514   1.047513957   1.045285222   1.043219143   1.041299741   1.039512938   1.037846305   1.036288845   1.034830805   1.033463515   1.032179253   1.030971119   1.029832938   1.028759166   1.027744818   1.026785396   1.025876836   1.025015459   1.024197922   1.023421184   1.022682475   1.021979262   1.021309226   1.020670255   1.020060384   1.019477819   1.018920915   1.018388138   1.01787808   1.017389431   1.016920981   1.016471606   1.01604026   1.015625969   1.015227826   1.014844988   1.014476663   1.014122113   1.013780647   1.013451617   1.013134417   1.012828477   1.01253326   1.012248265   1.011973018   1.011707071   1.011450006   1.011201426   1.010960955   1.010728241   1.010502949   1.010284763   1.010073384   1.009868527   1.009669925   1.009477323   1.009290477   1.00910916   1.008933152   1.008762247   1.008596246   1.008434963   1.008278218   1.008125841   1.00797767   1.00783355   1.007693333   1.007556879   1.007424053   1.007294726   1.007168776   1.007046085   1.006926541   1.006810035   1.006696467   1.006585735   1.006477748   1.006372412   1.006269643   1.006169357   1.006071473   1.005975916   1.005882611   1.005791488   1.005702479   1.005615519   1.005530544   1.005447495   1.005366314   1.005286944   1.005209332   1.005133425   1.005059175   1.004986533   1.004915452   1.004845888   1.004777798   1.00471114   1.004645875   1.004581963   1.004519367   1.004458051   1.00439798   1.004339121   1.004281441   1.004224909   1.004169494   1.004115167   1.004061899   1.004009663   1.003958433   1.003908182   1.003858886   1.003810521   1.003763063   1.003716489   1.003670778   1.003625909   1.00358186   1.003538612   1.003496145   1.003454442   1.003413482   1.003373249   1.003333726   1.003294896   1.003256743   1.003219251   1.003182405   1.00314619   1.003110591   1.003075595   1.003041189   1.003007358   1.00297409   1.002941374   1.002909195   1.002877544   1.002846407   1.002815775   1.002785636   1.00275598   1.002726796   1.002698075   1.002669806   1.002641981   1.002614589   1.002587623   1.002561072   1.002534929   1.002509186   1.002483833   1.002458864   1.002434271   
3.798994975   0.09376450911   0.1191884206   0.1509339521   0.1902309042   0.2383496317   0.2964781948   0.3655346963   0.4459143396   0.5371937825   0.6378496673   0.7450842712   0.8548677891   0.9622771933   1.062123718   1.149740006   1.221707018   1.276302998   1.313561663   1.334975946   1.342994427   1.340484306   1.330289847   1.314942923   1.296521953   1.276623196   1.256401027   1.23664077   1.217839396   1.200280169   1.18409513   1.169314078   1.155901156   1.143781145   1.132857724   1.123025711   1.114178977   1.106215295   1.099039109   1.092562897   1.086707634   1.081402692   1.076585406   1.072200459   1.068199195   1.064538916   1.061182199   1.058096264   1.055252394   1.052625416   1.050193243   1.047936466   1.045838004   1.043882794   1.042057528   1.040350422   1.038751018   1.037250012   1.035839106   1.034510886   1.033258706   1.032076597   1.030959186   1.029901623   1.028899521   1.027948904   1.027046159   1.026187997   1.025371417   1.024593676   1.023852263   1.023144871   1.02246938   1.021823845   1.021206468   1.020615583   1.020049653   1.019507257   1.018987076   1.018487882   1.018008532   1.017547965   1.017105192   1.016679287   1.016269387   1.015874685   1.015494423   1.015127892   1.014774428   1.014433406   1.014104239   1.013786375   1.013479293   1.013182505   1.012895549   1.012617988   1.012349412   1.01208943   1.011837676   1.011593802   1.011357477   1.01112839   1.010906244   1.010690758   1.010481667   1.010278716   1.010081664   1.009890283   1.009704356   1.009523674   1.00934804   1.009177266   1.009011172   1.008849589   1.008692351   1.008539304   1.008390298   1.008245191   1.008103847   1.007966137   1.007831934   1.007701122   1.007573584   1.007449213   1.007327903   1.007209553   1.007094069   1.006981356   1.006871328   1.006763897   1.006658984   1.006556508   1.006456395   1.006358573   1.006262971   1.006169522   1.006078162   1.005988828   1.005901461   1.005816003   1.005732398   1.005650594   1.005570538   1.00549218   1.005415473   1.005340371   1.005266828   1.005194802   1.00512425   1.005055134   1.004987413   1.004921051   1.00485601   1.004792257   1.004729757   1.004668478   1.004608387   1.004549454   1.004491649   1.004434944   1.00437931   1.004324721   1.004271151   1.004218575   1.004166967   1.004116304   1.004066563   1.004017722   1.003969759   1.003922653   1.003876384   1.003830932   1.003786277   1.003742401   1.003699287   1.003656916   1.003615271   1.003574336   1.003534095   1.003494532   1.003455632   1.00341738   1.003379762   1.003342763   1.003306371   1.003270571   1.003235352   1.003200701   1.003166604   1.003133052   1.003100031   1.003067532   1.003035542   1.003004051   1.00297305   1.002942527   1.002912473   1.002882879   1.002853734   1.002825031   1.002796759   
4.052763819   0.07557550202   0.09635379205   0.1224759237   0.1550908277   0.1954600074   0.2448853937   0.30458257   0.3754872891   0.457994889   0.5516559976   0.6548872733   0.764793069   0.8772108565   0.9870625721   1.089003226   1.178233256   1.251247501   1.306296264   1.343442533   1.364253489   1.371278691   1.367494648   1.355848811   1.338961234   1.318979782   1.297551473   1.275864962   1.254726526   1.23464399   1.215904241   1.198638056   1.182870871   1.168560679   1.155625235   1.143960929   1.133455425   1.123995805   1.115473557   1.107787386   1.100844602   1.094561554   1.088863502   1.083684138   1.078964924   1.074654364   1.070707253   1.067083958   1.063749747   1.06067418   1.057830557   1.055195438   1.052748213   1.05047073   1.048346974   1.046362783   1.044505609   1.042764306   1.041128953   1.039590693   1.038141607   1.036774592   1.035483262   1.034261864   1.033105203   1.032008577   1.030967717   1.029978746   1.02903813   1.028142641   1.027289329   1.026475489   1.025698637   1.024956491   1.024246942   1.023568056   1.022918038   1.022295221   1.021698071   1.021125162   1.020575158   1.02004683   1.019539024   1.019050668   1.018580758   1.018128358   1.01769259   1.017272633   1.016867716   1.016477116   1.016100154   1.015736191   1.015384625   1.015044892   1.014716458   1.014398818   1.014091499   1.013794051   1.013506049   1.013227093   1.012956803   1.012694818   1.012440797   1.012194416   1.011955369   1.011723363   1.011498123   1.011279383   1.011066893   1.010860416   1.010659723   1.010464599   1.010274837   1.010090241   1.009910622   1.009735802   1.00956561   1.009399882   1.009238463   1.009081202   1.008927956   1.00877859   1.008632972   1.008490977   1.008352484   1.008217378   1.00808555   1.007956892   1.007831304   1.007708687   1.007588949   1.007471998   1.007357749   1.007246119   1.007137026   1.007030396   1.006926152   1.006824225   1.006724546   1.006627048   1.006531669   1.006438346   1.006347021   1.006257637   1.006170139   1.006084473   1.00600059   1.005918438   1.005837972   1.005759144   1.00568191   1.005606228   1.005532056   1.005459353   1.005388082   1.005318204   1.005249683   1.005182484   1.005116574   1.005051918   1.004988487   1.004926248   1.004865171   1.004805229   1.004746392   1.004688635   1.004631929   1.004576251   1.004521574   1.004467876   1.004415133   1.004363321   1.00431242   1.004262409   1.004213265   1.00416497   1.004117503   1.004070847   1.004024981   1.00397989   1.003935555   1.003891959   1.003849086   1.00380692   1.003765446   1.003724648   1.003684511   1.003645023   1.003606167   1.003567932   1.003530304   1.003493269   1.003456816   1.003420933   1.003385607   1.003350827   1.003316582   1.003282861   1.003249653   1.003216948   1.003184736   
4.306532663   0.06068686144   0.07755427101   0.09887440736   0.1256763346   0.1591377292   0.2005510099   0.2512489293   0.3124739885   0.3851793017   0.4697605879   0.5657434622   0.6714865911   0.783999449   0.8989907467   1.011231851   1.115225866   1.206044448   1.28009822   1.33560964   1.372669363   1.392915955   1.398996433   1.393993006   1.380953055   1.362582144   1.341095601   1.318189842   1.295087   1.272613917   1.251289192   1.231403468   1.213086518   1.196359752   1.181175373   1.167444481   1.155056532   1.143892366   1.133832582   1.124762647   1.116575775   1.109174316   1.102470181   1.096384679   1.090847997   1.085798502   1.081181961   1.076950752   1.073063111   1.069482423   1.066176579   1.063117407   1.060280155   1.057643051   1.055186905   1.052894777   1.050751676   1.048744311   1.046860869   1.045090825   1.043424779   1.04185432   1.040371895   1.038970715   1.037644654   1.03638818   1.035196278   1.034064398   1.0329884   1.031964508   1.030989275   1.030059544   1.029172421   1.028325247   1.027515576   1.026741148   1.025999888   1.025289869   1.024609303   1.023956538   1.023330043   1.022728386   1.022150237   1.021594359   1.021059594   1.020544862   1.020049153   1.019571521   1.019111079   1.018666996   1.018238491   1.017824829   1.017425321   1.017039316   1.016666203   1.016305404   1.015956375   1.0156186   1.015291595   1.014974898   1.014668074   1.014370713   1.014082423   1.013802833   1.013531593   1.01326837   1.013012845   1.012764719   1.012523705   1.012289531   1.012061937   1.011840676   1.011625512   1.011416222   1.011212591   1.011014415   1.010821499   1.010633656   1.010450708   1.010272486   1.010098826   1.009929572   1.009764575   1.009603692   1.009446787   1.009293729   1.00914439   1.008998652   1.008856398   1.008717517   1.008581902   1.008449452   1.008320067   1.008193653   1.00807012   1.007949379   1.007831346   1.007715941   1.007603085   1.007492704   1.007384725   1.007279079   1.007175698   1.007074518   1.006975476   1.006878512   1.006783568   1.006690588   1.006599518   1.006510305   1.0064229   1.006337252   1.006253316   1.006171046   1.006090397   1.006011328   1.005933796   1.005857762   1.005783188   1.005710036   1.00563827   1.005567855   1.005498758   1.005430945   1.005364385   1.005299046   1.0052349   1.005171916   1.005110068   1.005049327   1.004989667   1.004931064   1.004873491   1.004816924   1.004761341   1.004706719   1.004653035   1.004600268   1.004548396   1.004497401   1.004447262   1.00439796   1.004349476   1.004301793   1.004254893   1.004208758   1.004163372   1.004118719   1.004074783   1.004031549   1.003989001   1.003947126   1.003905909   1.003865337   1.003825396   1.003786072   1.003747354   1.003709228   1.003671683   1.003634708   1.003598289   
4.560301508   0.04857951175   0.0621972417   0.07948321075   0.1013315985   0.1287962973   0.1630830359   0.2055144176   0.2574533141   0.3201685765   0.3946304021   0.4812351012   0.5794841945   0.6876801705   0.8027404102   0.9202484966   1.034829335   1.140838107   1.233220863   1.308305805   1.364287692   1.401283427   1.421000382   1.42617983   1.420006398   1.405624412   1.385822499   1.362881605   1.338546291   1.314071396   1.290303953   1.26777324   1.246773755   1.227434487   1.209773108   1.193736356   1.179228998   1.166133874   1.154325295   1.143677647   1.134070626   1.125392167   1.117539853   1.110421328   1.103954096   1.098064971   1.09268933   1.087770302   1.083257935   1.079108404   1.075283271   1.07174882   1.068475446   1.065437132   1.062610974   1.059976781   1.05751671   1.055214968   1.05305754   1.051031962   1.049127123   1.047333094   1.045640982   1.044042799   1.042531356   1.041100168   1.039743368   1.03845564   1.037232154   1.036068513   1.034960707   1.033905069   1.032898243   1.031937146   1.031018948   1.030141041   1.029301019   1.028496658   1.027725911   1.026986868   1.026277763   1.025596955   1.024942917   1.024314227   1.023709557   1.023127668   1.022567405   1.022027684   1.02150749   1.021005872   1.020521938   1.02005485   1.019603819   1.019168103   1.018747005   1.018339866   1.017946064   1.017565014   1.017196163   1.016838985   1.016492987   1.016157699   1.015832678   1.015517501   1.015211771   1.014915108   1.014627151   1.01434756   1.01407601   1.013812189   1.013555806   1.013306579   1.01306424   1.012828537   1.012599226   1.012376074   1.012158862   1.011947378   1.011741421   1.011540796   1.011345321   1.011154818   1.010969119   1.010788062   1.010611491   1.01043926   1.010271225   1.01010725   1.009947203   1.009790961   1.009638401   1.009489408   1.009343871   1.009201683   1.009062741   1.008926946   1.008794204   1.008664422   1.008537513   1.008413392   1.008291977   1.00817319   1.008056954   1.007943197   1.007831849   1.007722841   1.007616107   1.007511586   1.007409214   1.007308934   1.007210689   1.007114423   1.007020083   1.006927619   1.00683698   1.006748118   1.006660987   1.006575542   1.00649174   1.006409539   1.006328897   1.006249775   1.006172136   1.006095941   1.006021156   1.005947746   1.005875677   1.005804916   1.005735432   1.005667194   1.005600172   1.005534338   1.005469663   1.00540612   1.005343683   1.005282327   1.005222025   1.005162755   1.005104492   1.005047215   1.0049909   1.004935526   1.004881072   1.004827519   1.004774845   1.004723032   1.004672061   1.004621914   1.004572573   1.004524021   1.004476241   1.004429217   1.004382933   1.004337373   1.004292522   1.004248366   1.00420489   1.00416208   1.004119923   1.004078405   1.004037514   
4.814070352   0.03878636693   0.04973147353   0.06367141766   0.08136594015   0.1037299685   0.131841645   0.1669341056   0.2103594575   0.2635100349   0.3276805053   0.4038578811   0.4924392444   0.5929028557   0.7034966856   0.8210485799   0.9410203422   1.057894209   1.165881129   1.259804506   1.335911818   1.392370297   1.429321833   1.448540263   1.452858207   1.445559692   1.429883249   1.40869831   1.384349731   1.35862904   1.332823062   1.307798652   1.284095661   1.262012515   1.241677608   1.223105126   1.206236624   1.190970828   1.177184244   1.164744923   1.15352128   1.14338746   1.134226319   1.12593085   1.11840458   1.111561344   1.105324699   1.099627139   1.094409242   1.089618801   1.085209999   1.081142637   1.077381435   1.073895406   1.070657302   1.067643127   1.064831709   1.062204334   1.059744427   1.057437268   1.055269762   1.053230226   1.051308214   1.049494363   1.04778026   1.046158328   1.044621727   1.043164265   1.041780331   1.040464819   1.039213084   1.038020882   1.036884333   1.035799882   1.034764265   1.033774475   1.032827759   1.031921554   1.031053501   1.030221425   1.029423296   1.028657238   1.027921505   1.027214468   1.026534619   1.025880541   1.025250916   1.024644509   1.024060164   1.023496802   1.022953405   1.022429022   1.021922756   1.021433766   1.020961259   1.020504489   1.02006275   1.019635378   1.019221747   1.018821263   1.018433366   1.018057525   1.017693237   1.017340026   1.016997441   1.016665054   1.016342458   1.016029267   1.015725114   1.015429648   1.01514254   1.014863471   1.014592141   1.014328263   1.014071562   1.013821779   1.013578664   1.013341978   1.013111495   1.012886997   1.012668276   1.012455135   1.012247382   1.012044836   1.011847323   1.011654675   1.011466732   1.011283342   1.011104356   1.010929634   1.010759039   1.010592443   1.010429719   1.010270748   1.010115415   1.009963607   1.009815219   1.009670147   1.009528293   1.009389561   1.00925386   1.009121102   1.008991201   1.008864075   1.008739646   1.008617837   1.008498574   1.008381787   1.008267407   1.008155368   1.008045605   1.007938058   1.007832667   1.007729374   1.007628124   1.007528861   1.007431536   1.007336097   1.007242495   1.007150684   1.007060617   1.006972251   1.006885543   1.006800451   1.006716935   1.006634956   1.006554477   1.006475461   1.006397873   1.006321678   1.006246843   1.006173335   1.006101124   1.006030178   1.005960469   1.005891967   1.005824645   1.005758475   1.005693432   1.005629489   1.005566623   1.005504808   1.005444022   1.005384241   1.005325444   1.005267609   1.005210714   1.005154741   1.005099668   1.005045476   1.004992148   1.004939663   1.004888005   1.004837157   1.004787101   1.00473782   1.0046893   1.004641524   1.004594477   1.004548144   1.004502511   
5.067839196   0.03089962775   0.03966456489   0.05085709161   0.065111896   0.08320565699   0.1060735849   0.1348175331   0.170697442   0.2150942868   0.2694292492   0.3350223101   0.4128770386   0.5033914457   0.6060212914   0.7189615549   0.8389529101   0.961338476   1.080461337   1.190391644   1.285832911   1.362953496   1.419893303   1.456818083   1.475566006   1.479058361   1.470675808   1.453748554   1.43122474   1.405511546   1.378446367   1.351347329   1.325100753   1.30025695   1.277118327   1.255812842   1.236351418   1.218670679   1.202663572   1.188200522   1.175143559   1.163355353   1.152704695   1.143069545   1.134338464   1.126411003   1.119197453   1.112618222   1.106603014   1.101089939   1.096024609   1.091359274   1.087052029   1.08306608   1.079369097   1.075932638   1.072731643   1.069743992   1.066950123   1.064332697   1.061876313   1.059567256   1.057393287   1.055343457   1.053407945   1.051577922   1.049845431   1.048203285   1.046644977   1.045164603   1.043756792   1.042416649   1.041139706   1.039921871   1.038759396   1.037648837   1.036587023   1.035571034   1.034598174   1.033665943   1.032772044   1.031914328   1.031090807   1.030299635   1.029539084   1.028807554   1.028103544   1.027425655   1.026772578   1.026143085   1.025536028   1.024950329   1.024384974   1.023839012   1.023311546   1.022801734   1.022308781   1.021831936   1.021370493   1.020923782   1.020491173   1.020072066   1.019665897   1.01927213   1.018890256   1.018519794   1.018160286   1.017811299   1.017472419   1.017143255   1.016823432   1.016512597   1.016210411   1.015916552   1.015630712   1.0153526   1.015081934   1.014818449   1.014561889   1.014312012   1.014068584   1.013831383   1.013600196   1.013374819   1.013155057   1.012940723   1.012731637   1.012527629   1.012328534   1.012134192   1.011944454   1.011759172   1.011578208   1.011401427   1.0112287   1.011059903   1.010894916   1.010733625   1.010575919   1.010421692   1.010270841   1.010123268   1.009978877   1.009837578   1.009699281   1.009563903   1.009431359   1.009301573   1.009174466   1.009049965   1.008927999   1.008808499   1.008691399   1.008576634   1.008464142   1.008353863   1.008245739   1.008139714   1.008035734   1.007933746   1.007833699   1.007735544   1.007639233   1.00754472   1.007451961   1.007360911   1.00727153   1.007183776   1.007097609   1.007012992   1.006929887   1.006848259   1.006768072   1.006689292   1.006611887   1.006535824   1.006461073   1.006387604   1.006315386   1.006244393   1.006174595   1.006105967   1.006038482   1.005972114   1.00590684   1.005842635   1.005779476   1.00571734   1.005656205   1.005596049   1.005536852   1.005478594   1.005421254   1.005364813   1.005309253   1.005254554   1.0052007   1.005147673   1.005095457   1.005044033   1.004993388   
5.32160804   0.02457096127   0.0315689836   0.04052356305   0.05195810858   0.06652090486   0.08500520389   0.108366064   0.1377285451   0.1743788285   0.2197261604   0.2752199926   0.3422051445   0.4217014932   0.5141081146   0.6188589651   0.7340974425   0.8564792362   0.9812316566   1.102561909   1.214402543   1.311339775   1.389464357   1.446889086   1.483802551   1.502105305   1.504804847   1.495375911   1.477238031   1.453416118   1.426378193   1.398006485   1.369649774   1.342213503   1.316258327   1.292090667   1.269838186   1.249508737   1.231034241   1.214302098   1.199176887   1.185514832   1.173173059   1.162015192   1.151914457   1.14275513   1.134432916   1.126854676   1.119937767   1.113609193   1.107804671   1.102467695   1.097548648   1.093003962   1.088795378   1.08488926   1.081256006   1.077869523   1.074706767   1.071747351   1.068973194   1.066368228   1.063918138   1.061610142   1.059432799   1.057375841   1.055430033   1.053587047   1.051839358   1.050180149   1.048603228   1.047102965   1.045674224   1.044312312   1.043012934   1.041772149   1.040586336   1.039452161   1.038366551   1.037326666   1.03632988   1.035373757   1.034456045   1.033574647   1.032727604   1.031913107   1.031129458   1.030375074   1.029648476   1.02894828   1.028273188   1.027621985   1.02699353   1.026386751   1.02580064   1.025234248   1.024686681   1.024157097   1.0236447   1.023148741   1.02266851   1.022203337   1.021752587   1.021315659   1.020891984   1.020481022   1.020082262   1.019695217   1.019319425   1.018954448   1.018599869   1.018255289   1.017920332   1.017594637   1.017277861   1.016969677   1.016669773   1.01637785   1.016093626   1.015816827   1.015547194   1.01528448   1.015028446   1.014778865   1.01453552   1.014298203   1.014066713   1.013840859   1.013620459   1.013405335   1.01319532   1.012990251   1.012789972   1.012594334   1.012403193   1.012216411   1.012033855   1.011855399   1.011680917   1.011510294   1.011343413   1.011180167   1.011020449   1.010864158   1.010711195   1.010561465   1.010414878   1.010271346   1.010130783   1.009993107   1.00985824   1.009726105   1.009596629   1.009469739   1.009345366   1.009223445   1.009103911   1.008986702   1.008871756   1.008759016   1.008648426   1.00853993   1.008433476   1.008329013   1.008226491   1.008125862   1.008027079   1.007930097   1.007834872   1.007741362   1.007649526   1.007559324   1.007470717   1.007383667   1.007298138   1.007214095   1.007131503   1.007050328   1.006970539   1.006892104   1.006814992   1.006739173   1.006664619   1.006591302   1.006519193   1.006448267   1.006378498   1.00630986   1.006242329   1.006175882   1.006110495   1.006046145   1.005982812   1.005920472   1.005859106   1.005798693   1.005739214   1.00568065   1.00562298   1.005566189   1.005510256   
5.575376884   0.01950764164   0.02508112853   0.0322243224   0.04136457718   0.05303608178   0.0679004356   0.0867671215   0.1106106381   0.1405787784   0.1779834352   0.2242615652   0.2808903458   0.3492389859   0.4303434311   0.5246039407   0.6314333091   0.7489246594   0.8736507307   1.000725704   1.124223959   1.237943441   1.336355497   1.415474708   1.473386998   1.51030287   1.528183468   1.530120224   1.519679572   1.5003682   1.475285968   1.446960357   1.41731746   1.387736097   1.359140504   1.332101553   1.306929709   1.283752455   1.26257475   1.243324016   1.225882316   1.210108591   1.195853463   1.182968695   1.171312914   1.160754761   1.151174363   1.142463698   1.134526302   1.127276575   1.120638899   1.114546669   1.108941328   1.103771438   1.098991823   1.094562794   1.090449449   1.086621058   1.083050521   1.079713896   1.076589992   1.073660005   1.070907218   1.068316731   1.065875231   1.063570797   1.061392725   1.059331382   1.05737808   1.055524961   1.053764905   1.052091441   1.050498682   1.048981256   1.047534252   1.046153173   1.044833889   1.043572608   1.042365833   1.041210341   1.040103153   1.039041511   1.038022856   1.037044824   1.036105207   1.035201954   1.034333155   1.033497025   1.032691897   1.031916215   1.031168519   1.030447445   1.02975171   1.029080112   1.028431519   1.027804867   1.027199156   1.026613442   1.026046835   1.025498495   1.02496763   1.02445349   1.023955365   1.023472585   1.023004515   1.022550551   1.022110123   1.021682689   1.021267733   1.020864766   1.020473325   1.020092965   1.019723267   1.01936383   1.019014272   1.018674228   1.018343352   1.018021312   1.017707793   1.017402491   1.01710512   1.016815402   1.016533075   1.016257885   1.015989592   1.015727964   1.015472779   1.015223825   1.014980899   1.014743805   1.014512357   1.014286373   1.014065683   1.013850119   1.013639524   1.013433743   1.01323263   1.013036043   1.012843846   1.012655908   1.012472103   1.01229231   1.012116412   1.011944295   1.011775852   1.011610977   1.01144957   1.011291534   1.011136773   1.010985199   1.010836722   1.01069126   1.010548729   1.010409051   1.01027215   1.010137952   1.010006386   1.009877383   1.009750877   1.009626803   1.009505098   1.009385702   1.009268558   1.009153607   1.009040796   1.008930071   1.008821381   1.008714676   1.008609907   1.008507028   1.008405993   1.008306759   1.008209282   1.00811352   1.008019435   1.007926986   1.007836135   1.007746846   1.007659083   1.007572812   1.007487997   1.007404607   1.00732261   1.007241975   1.007162671   1.007084669   1.007007941   1.006932459   1.006858196   1.006785126   1.006713223   1.006642463   1.00657282   1.006504273   1.006436797   1.00637037   1.006304971   1.006240579   1.006177173   1.006114732   1.006053237   
5.829145729   0.01546670733   0.01989652409   0.02558104462   0.03286649537   0.04218869916   0.05409240987   0.06925227677   0.08849369188   0.1128102106   0.1433719138   0.1815159075   0.2287063302   0.2864475712   0.3561328033   0.4388138098   0.5348921377   0.6437600113   0.7634614948   0.8904882746   1.019843906   1.145472804   1.261041117   1.360907611   1.441012061   1.499413753   1.536344271   1.553823691   1.555025268   1.543604929   1.523154481   1.496847041   1.467268252   1.436387156   1.40561203   1.375885585   1.34778879   1.321636164   1.297555114   1.275547863   1.255537512   1.237400986   1.220991777   1.206155084   1.192737481   1.180592749   1.169585086   1.159590593   1.150497631   1.142206508   1.134628753   1.127686202   1.121309995   1.115439577   1.110021742   1.105009751   1.100362525   1.096043927   1.092022129   1.088269052   1.084759881   1.081472637   1.078387815   1.075488063   1.07275791   1.070183526   1.067752521   1.065453764   1.063277237   1.061213894   1.059255555   1.057394801   1.055624892   1.053939686   1.05233358   1.05080145   1.049338599   1.047940716   1.046603836   1.045324305   1.044098752   1.042924059   1.041797342   1.040715924   1.039677318   1.038679221   1.03771948   1.036796092   1.035907184   1.035051009   1.034225931   1.03343042   1.032663041   1.031922447   1.031207374   1.030516632   1.029849104   1.029203736   1.028579534   1.027975564   1.027390939   1.026824826   1.026276434   1.025745017   1.025229867   1.024730314   1.024245723   1.023775491   1.023319047   1.022875846   1.022445373   1.022027137   1.02162067   1.021225529   1.020841288   1.020467546   1.020103917   1.019750033   1.019405546   1.01907012   1.018743435   1.018425187   1.018115084   1.017812846   1.017518206   1.017230908   1.016950707   1.016677369   1.016410668   1.016150389   1.015896325   1.015648277   1.015406055   1.015169475   1.014938362   1.014712547   1.014491867   1.014276167   1.014065295   1.013859108   1.013657466   1.013460236   1.013267288   1.013078498   1.012893746   1.012712918   1.012535901   1.012362589   1.012192877   1.012026667   1.01186386   1.011704365   1.011548092   1.011394952   1.011244864   1.011097744   1.010953516   1.010812103   1.010673431   1.010537431   1.010404032   1.010273169   1.010144778   1.010018795   1.009895162   1.009773818   1.009654709   1.009537778   1.009422973   1.009310242   1.009199535   1.009090803   1.008984001   1.008879081   1.008776   1.008674715   1.008575184   1.008477366   1.008381222   1.008286714   1.008193805   1.008102459   1.00801264   1.007924316   1.007837451   1.007752015   1.007667976   1.007585303   1.007503968   1.00742394   1.007345192   1.007267697   1.007191429   1.00711636   1.007042467   1.006969725   1.006898109   1.006827596   1.006758165   1.006689792   1.006622456   
6.082914573   0.01224842847   0.01576320226   0.02027789639   0.02607130755   0.03349627041   0.04299691403   0.05512835471   0.07057804206   0.09018697401   0.1149674013   0.1461112729   0.1849804375   0.2330657165   0.2918982249   0.362894695   0.4471225261   0.5449846436   0.6558532514   0.7777244886   0.9070107648   1.038607357   1.166331398   1.283719883   1.385021154   1.466101479   1.52499375   1.561949864   1.579047296   1.579539161   1.567168815   1.545611287   1.518111361   1.487311621   1.455223197   1.42328327   1.392452719   1.363322488   1.336211155   1.311246141   1.288427072   1.267672895   1.248855572   1.231823321   1.216416087   1.202475411   1.189850368   1.178400844   1.167999028   1.158529768   1.149890231   1.141989158   1.134745905   1.12808942   1.121957205   1.116294336   1.111052546   1.106189404   1.101667573   1.097454154   1.093520114   1.089839784   1.086390421   1.083151833   1.08010605   1.077237042   1.074530476   1.071973501   1.069554573   1.067263291   1.065090266   1.063027   1.061065781   1.059199603   1.057422079   1.055727378   1.054110165   1.05256555   1.051089041   1.049676506   1.048324136   1.047028413   1.045786086   1.044594143   1.043449786   1.042350427   1.041293651   1.04027721   1.039299006   1.038357086   1.037449618   1.036574891   1.035731304   1.034917352   1.034131625   1.033372798   1.032639626   1.031930934   1.031245618   1.030582637   1.029941007   1.029319802   1.028718142   1.028135201   1.027570191   1.027022371   1.026491036   1.025975518   1.025475183   1.02498943   1.024517687   1.024059411   1.023614085   1.023181218   1.02276034   1.022351006   1.021952791   1.021565289   1.021188113   1.020820895   1.020463281   1.020114935   1.019775534   1.01944477   1.019122349   1.018807989   1.01850142   1.018202382   1.017910628   1.017625921   1.017348032   1.017076743   1.016811844   1.016553133   1.016300416   1.016053509   1.015812232   1.015576414   1.015345889   1.015120498   1.014900088   1.014684513   1.01447363   1.014267302   1.014065399   1.013867793   1.013674362   1.013484989   1.013299558   1.013117961   1.012940092   1.012765849   1.012595132   1.012427847   1.012263901   1.012103205   1.011945673   1.011791222   1.011639771   1.011491243   1.011345563   1.011202656   1.011062454   1.010924887   1.010789889   1.010657397   1.010527348   1.010399683   1.010274342   1.010151269   1.01003041   1.009911711   1.009795121   1.00968059   1.00956807   1.009457513   1.009348873   1.009242106   1.00913717   1.009034021   1.008932621   1.008832928   1.008734905   1.008638515   1.008543721   1.008450487   1.00835878   1.008268567   1.008179814   1.008092491   1.008006566   1.00792201   1.007838794   1.007756889   1.007676267   1.007596903   1.00751877   1.007441842   1.007366094   1.007291503   1.007218045   
6.336683417   0.009689846857   0.0124745488   0.01605418562   0.02065218004   0.02655245905   0.03411434319   0.04379011419   0.05614505949   0.07187919341   0.0918488334   0.1170845841   0.1487998654   0.1883808242   0.2373444924   0.2972482498   0.3695320033   0.4552785548   0.5548922881   0.6677258977   0.7917286585   0.9232353694   1.057035233   1.186820629   1.306001891   1.408718975   1.490765877   1.550149342   1.587140879   1.603873936   1.60367965   1.590386884   1.567752101   1.539090265   1.507099746   1.473832949   1.440755435   1.408845955   1.378705306   1.350656125   1.324825923   1.301211855   1.279728868   1.26024412   1.242600717   1.226633505   1.212179133   1.199082107   1.187198116   1.176395544   1.166555822   1.157573063   1.149353287   1.141813442   1.134880338   1.128489586   1.122584583   1.11711558   1.112038826   1.107315812   1.102912597   1.098799215   1.094949166   1.09133896   1.087947735   1.084756918   1.081749932   1.078911951   1.076229677   1.073691159   1.071285625   1.069003346   1.066835514   1.064774133   1.062811934   1.060942289   1.059159145   1.057456961   1.055830656   1.054275561   1.05278738   1.051362151   1.049996214   1.048686184   1.047428921   1.046221523   1.045061284   1.043945685   1.042872384   1.041839196   1.04084408   1.039885127   1.038960549   1.038068674   1.037207931   1.036376846   1.035574034   1.034798193   1.034048096   1.033322587   1.032620576   1.031941035   1.031282992   1.030645529   1.030027777   1.029428915   1.028848162   1.028284781   1.027738072   1.02720737   1.026692045   1.026191495   1.025705152   1.025232473   1.024772941   1.024326065   1.023891377   1.023468429   1.023056796   1.022656071   1.022265865   1.021885809   1.021515548   1.021154743   1.02080307   1.020460219   1.020125893   1.019799807   1.019481691   1.019171281   1.018868329   1.018572594   1.018283846   1.018001863   1.017726434   1.017457354   1.017194427   1.016937465   1.016686286   1.016440718   1.01620059   1.015965743   1.015736022   1.015511275   1.01529136   1.015076137   1.014865472   1.014659236   1.014457305   1.014259559   1.014065881   1.01387616   1.013690287   1.013508159   1.013329673   1.013154734   1.012983247   1.012815121   1.012650267   1.012488602   1.012330041   1.012174506   1.01202192   1.011872208   1.011725297   1.011581117   1.011439602   1.011300684   1.011164301   1.01103039   1.010898892   1.010769748   1.010642903   1.010518302   1.010395892   1.010275621   1.010157439   1.010041298   1.009927152   1.009814953   1.009704659   1.009596225   1.00948961   1.009384774   1.009281676   1.009180278   1.009080543   1.008982434   1.008885916   1.008790955   1.008697517   1.008605569   1.00851508   1.008426019   1.008338355   1.008252061   1.008167106   1.008083464   1.008001107   1.007920009   1.007840144   
6.590452261   0.007658799174   0.009862353549   0.01269661746   0.01633995549   0.02101975838   0.02702499178   0.03472134634   0.04456911116   0.05714356386   0.0731570604   0.09348096671   0.1191639179   0.1514404291   0.1917205237   0.2415469961   0.3025030533   0.3760514102   0.4632900656   0.5646249321   0.6793896713   0.8054876901   0.9391777429   1.075145037   1.206959579   1.327907397   1.432021994   1.51502627   1.574901071   1.611936875   1.628321768   1.627463196   1.613273716   1.589589555   1.559794443   1.52664146   1.492223508   1.45803403   1.425069366   1.393940045   1.364972755   1.338295168   1.31390208   1.291704576   1.271565159   1.253321973   1.236804908   1.221845852   1.208284865   1.195973551   1.184776589   1.174572079   1.165251158   1.156717198   1.148884798   1.141678682   1.135032617   1.128888367   1.123194733   1.117906678   1.112984549   1.108393386   1.104102317   1.100084027   1.096314298   1.092771612   1.089436806   1.086292772   1.083324199   1.080517354   1.077859886   1.07534066   1.072949615   1.070677639   1.068516458   1.066458546   1.064497038   1.062625662   1.060838677   1.059130814   1.057497231   1.05593347   1.054435419   1.052999278   1.051621531   1.05029892   1.049028418   1.04780722   1.046632707   1.045502439   1.044414147   1.043365702   1.042355118   1.041380534   1.040440205   1.039532496   1.038655871   1.037808885   1.03699018   1.036198476   1.035432568   1.034691316   1.033973649   1.03327855   1.032605062   1.031952276   1.031319334   1.03070542   1.030109764   1.029531632   1.028970331   1.028425199   1.027895609   1.027380965   1.026880698   1.026394268   1.02592116   1.025460883   1.02501297   1.024576973   1.024152466   1.023739043   1.023336315   1.02294391   1.022561473   1.022188664   1.021825157   1.021470641   1.021124817   1.020787401   1.020458116   1.020136702   1.019822904   1.019516482   1.019217203   1.018924844   1.01863919   1.018360036   1.018087182   1.01782044   1.017559624   1.01730456   1.017055077   1.016811012   1.016572206   1.016338509   1.016109775   1.015885861   1.015666633   1.015451958   1.015241711   1.01503577   1.014834015   1.014636335   1.014442617   1.014252757   1.014066651   1.013884201   1.01370531   1.013529885   1.013357838   1.013189079   1.013023527   1.012861099   1.012701716   1.012545303   1.012391785   1.012241091   1.012093151   1.011947898   1.011805267   1.011665194   1.011527619   1.011392482   1.011259725   1.011129293   1.01100113   1.010875184   1.010751404   1.010629741   1.010510145   1.01039257   1.010276971   1.010163302   1.010051522   1.009941588   1.009833459   1.009727096   1.009622461   1.009519515   1.009418223   1.00931855   1.009220459   1.009123919   1.009028896   1.008935359   1.008843276   1.008752617   1.008663353   1.008575456   1.008488897   
6.844221106   0.00604861133   0.007790451814   0.01003187689   0.01291484586   0.01662078387   0.0213809812   0.0274893553   0.03531785719   0.04533464556   0.05812481664   0.0744128565   0.09508492245   0.1212073733   0.1540354628   0.1950026907   0.2456771882   0.3076675727   0.382459018   0.4711645208   0.5741915853   0.6908552856   0.8190140973   0.9548522074   1.092952788   1.22676573   1.349454979   1.454949422   1.538901987   1.599267869   1.636355915   1.652407609   1.650905094   1.635842917   1.611135491   1.580233988   1.545945165   1.510401695   1.475124424   1.44112701   1.409029595   1.379162907   1.351654836   1.326497925   1.303599525   1.282817621   1.263985531   1.246928319   1.231473242   1.217456025   1.204724289   1.193139101   1.182575315   1.172921163   1.164077435   1.155956434   1.148480855   1.141582662   1.135202024   1.129286327   1.123789279   1.11867011   1.113892865   1.109425784   1.105240758   1.101312857   1.097619923   1.094142214   1.090862104   1.087763808   1.084833165   1.082057434   1.079425126   1.076925853   1.074550206   1.072289638   1.070136371   1.068083309   1.066123966   1.064252401   1.062463164   1.060751241   1.059112016   1.057541228   1.056034942   1.054589512   1.053201561   1.051867948   1.050585765   1.049352291   1.048164994   1.047021519   1.045919655   1.044857337   1.04383263   1.042843724   1.041888915   1.040966607   1.040075296   1.039213569   1.038380094   1.037573615   1.036792948   1.036036974   1.035304636   1.034594934   1.033906922   1.033239705   1.032592434   1.031964302   1.031354547   1.030762443   1.0301873   1.029628464   1.029085312   1.02855725   1.028043714   1.027544166   1.027058092   1.026585004   1.026124435   1.025675938   1.02523909   1.024813482   1.024398727   1.023994451   1.023600301   1.023215934   1.022841024   1.02247526   1.022118342   1.021769982   1.021429905   1.021097848   1.020773555   1.020456784   1.020147301   1.019844881   1.019549308   1.019260373   1.018977878   1.018701629   1.018431442   1.018167139   1.017908547   1.017655502   1.017407845   1.017165421   1.016928082   1.016695686   1.016468095   1.016245176   1.0160268   1.015812844   1.015603188   1.015397716   1.015196317   1.014998883   1.014805308   1.014615493   1.01442934   1.014246753   1.014067643   1.01389192   1.013719498   1.013550295   1.01338423   1.013221226   1.013061207   1.0129041   1.012749835   1.012598342   1.012449555   1.01230341   1.012159843   1.012018794   1.011880205   1.011744017   1.011610175   1.011478625   1.011349315   1.011222194   1.011097212   1.010974322   1.010853476   1.010734628   1.010617736   1.010502756   1.010389646   1.010278366   1.010168876   1.010061137   1.009955113   1.009850766   1.009748062   1.009646966   1.009547444   1.009449464   1.009352994   1.009258002   1.009164459   
7.09798995   0.004773517656   0.00614912341   0.007919904256   0.01019856726   0.01312942755   0.01689691979   0.02173616879   0.02794596125   0.03590440435   0.04608739552   0.05908968659   0.07564769283   0.09666211863   0.1232167551   0.1565872551   0.1982302145   0.2497386962   0.3127463311   0.3887604176   0.478908759   0.5836005062   0.7021325638   0.832319359   0.9702719071   1.110473201   1.246255148   1.370661729   1.477518956   1.562410858   1.623267226   1.660414727   1.676147073   1.674019586   1.658107203   1.63240103   1.600418424   1.565018851   1.528374058   1.492031837   1.457022906   1.423976899   1.393228572   1.364906086   1.338999826   1.315413523   1.294000772   1.274590194   1.25700215   1.24105938   1.226593381   1.213447888   1.201480445   1.190562732   1.180580148   1.171430961   1.163025233   1.155283674   1.14813649   1.141522289   1.135387076   1.129683332   1.124369196   1.11940774   1.114766336   1.110416097   1.106331398   1.102489455   1.098869962   1.095454781   1.092227666   1.089174037   1.086280772   1.083536031   1.080929111   1.078450309   1.076090812   1.073842593   1.071698329   1.069651326   1.067695448   1.065825063   1.064034992   1.062320462   1.060677069   1.059100739   1.057587704   1.056134466   1.054737774   1.053394616   1.052102176   1.050857832   1.049659136   1.048503797   1.047389679   1.046314774   1.0452772   1.044275193   1.043307094   1.042371342   1.041466469   1.040591092   1.039743906   1.03892368   1.038129251   1.037359519   1.036613446   1.035890046   1.035188389   1.034507591   1.033846812   1.033205259   1.032582176   1.031976845   1.031388583   1.030816741   1.030260701   1.029719875   1.029193702   1.028681646   1.028183197   1.027697869   1.027225197   1.026764737   1.026316063   1.025878771   1.025452471   1.025036793   1.024631381   1.024235894   1.023850005   1.023473402   1.023105784   1.022746864   1.022396365   1.022054022   1.02171958   1.021392795   1.021073432   1.020761263   1.020456073   1.020157651   1.019865797   1.019580316   1.019301023   1.019027736   1.018760284   1.018498499   1.018242221   1.017991293   1.017745567   1.017504899   1.017269148   1.01703818   1.016811865   1.016590078   1.016372698   1.016159607   1.015950692   1.015745843   1.015544955   1.015347925   1.015154654   1.014965046   1.014779008   1.01459645   1.014417286   1.01424143   1.014068802   1.013899321   1.013732911   1.013569499   1.013409011   1.013251377   1.013096531   1.012944405   1.012794936   1.012648062   1.012503723   1.012361861   1.012222418   1.012085339   1.011950571   1.011818062   1.011687761   1.01155962   1.011433589   1.011309624   1.011187678   1.011067708   1.01094967   1.010833524   1.010719229   1.010606746   1.010496035   1.010387061   1.010279786   1.010174175   1.010070193   1.009967808   1.009866986   
7.351758794   0.003764782926   0.004850284858   0.006248010394   0.008047263758   0.01036256274   0.01334054029   0.01716859198   0.02208561528   0.02839518767   0.0364814733   0.04682798384   0.06003897163   0.07686258992   0.09821385764   0.1251937206   0.1590979082   0.2014057497   0.253734853   0.3177434845   0.3949607469   0.4865290657   0.5928592872   0.7132305395   0.8454140354   0.9854489399   1.127719826   1.265442641   1.391543412   1.499746936   1.585569369   1.646915344   1.684128832   1.69955468   1.696819959   1.680078478   1.653396624   1.620356755   1.583870119   1.546146875   1.50876133   1.472761007   1.438784921   1.407171836   1.378050231   1.351408419   1.32714662   1.305114157   1.28513507   1.267025137   1.250602685   1.235695083   1.222142273   1.209798352   1.198531903   1.188225556   1.178775111   1.170088443   1.16208432   1.154691227   1.14784625   1.141494041   1.135585881   1.130078841   1.124935043   1.120121009   1.115607093   1.111366987   1.107377294   1.103617156   1.100067936   1.096712936   1.093537164   1.090527123   1.087670635   1.084956683   1.082375279   1.079917345   1.077574615   1.075339542   1.073205225   1.071165337   1.069214071   1.067346082   1.065556445   1.063840613   1.062194381   1.060613854   1.05909542   1.057635722   1.056231636   1.054880259   1.053578875   1.052324955   1.051116128   1.049950179   1.048825031   1.047738736   1.046689464   1.045675498   1.044695221   1.04374711   1.04282973   1.041941729   1.041081829   1.040248824   1.039441574   1.038658999   1.037900077   1.037163841   1.036449373   1.035755802   1.035082302   1.034428087   1.033792413   1.033174568   1.032573879   1.031989702   1.031421424   1.030868462   1.03033026   1.029806287   1.029296035   1.02879902   1.028314781   1.027842874   1.027382878   1.026934387   1.026497014   1.026070389   1.025654157   1.025247977   1.024851522   1.02446448   1.024086551   1.023717446   1.023356888   1.023004612   1.022660362   1.022323893   1.021994968   1.021673361   1.021358854   1.021051235   1.020750303   1.020455862   1.020167725   1.019885711   1.019609645   1.019339359   1.019074691   1.018815485   1.018561589   1.018312858   1.01806915   1.017830331   1.017596268   1.017366835   1.017141909   1.016921372   1.016705108   1.016493008   1.016284963   1.016080871   1.015880629   1.015684142   1.015491315   1.015302057   1.015116279   1.014933896   1.014754825   1.014578985   1.014406299   1.01423669   1.014070086   1.013906415   1.013745608   1.013587598   1.01343232   1.013279711   1.01312971   1.012982257   1.012837294   1.012694765   1.012554615   1.012416792   1.012281243   1.012147919   1.012016771   1.011887751   1.011760813   1.011635913   1.011513006   1.01139205   1.011273003   1.011155827   1.01104048   1.010926926   1.010815126   1.010705045   1.010596647   
7.605527638   0.002967466356   0.0038234376   0.004925849994   0.006345348985   0.008172629101   0.01052399054   0.0135483478   0.01743601108   0.02242959158   0.02883738272   0.03704951117   0.04755698415   0.06097340668   0.07805848773   0.09974133915   0.1271397968   0.1615693586   0.2045317412   0.2576687294   0.322662862   0.4010647407   0.4940312342   0.6019749279   0.7241575433   0.8583078686   1.000394471   1.144705175   1.284341894   1.412114609   1.52164849   1.608392803   1.670227264   1.707512669   1.722643968   1.719318631   1.7017679   1.674132113   1.640057493   1.602506197   1.563726162   1.525317799   1.488345191   1.453456624   1.420994847   1.391088702   1.363724505   1.33879907   1.316157554   1.29561953   1.276996295   1.26010187   1.244759588   1.230805679   1.218090874   1.206480725   1.195855152   1.186107544   1.177143634   1.16888029   1.161244316   1.154171306   1.147604588   1.141494269   1.135796375   1.130472097   1.125487126   1.120811071   1.116416957   1.112280787   1.108381162   1.104698954   1.101217023   1.097919976   1.094793947   1.091826425   1.089006086   1.086322661   1.083766816   1.081330047   1.079004588   1.076783336   1.074659776   1.072627928   1.070682286   1.068817774   1.067029704   1.065313743   1.063665872   1.062082365   1.060559759   1.059094829   1.057684578   1.056326203   1.055017085   1.053754781   1.052537   1.051361596   1.050226553   1.049129981   1.048070101   1.047045242   1.046053826   1.04509437   1.044165474   1.043265813   1.042394139   1.04154927   1.040730088   1.039935534   1.039164604   1.038416347   1.037689861   1.036984288   1.036298814   1.035632664   1.034985102   1.034355428   1.033742974   1.033147104   1.032567211   1.032002719   1.031453075   1.030917752   1.030396248   1.029888081   1.029392793   1.028909942   1.02843911   1.027979893   1.027531904   1.027094776   1.026668153   1.026251697   1.02584508   1.025447991   1.02506013   1.024681207   1.024310947   1.023949083   1.02359536   1.023249532   1.022911361   1.022580621   1.022257091   1.021940562   1.021630829   1.021327698   1.021030979   1.02074049   1.020456055   1.020177507   1.01990468   1.019637418   1.019375569   1.019118985   1.018867525   1.018621052   1.018379432   1.018142538   1.017910247   1.017682437   1.017458995   1.017239806   1.017024764   1.016813762   1.0166067   1.016403479   1.016204003   1.01600818   1.01581592   1.015627137   1.015441747   1.015259668   1.01508082   1.014905128   1.014732516   1.014562913   1.014396248   1.014232453   1.014071462   1.013913212   1.013757638   1.013604682   1.013454283   1.013306386   1.013160934   1.013017873   1.012877151   1.012738716   1.012602519   1.012468512   1.012336648   1.01220688   1.012079164   1.011953457   1.011829716   1.011707901   1.011587972   1.011469889   1.011353614   
7.859296482   0.002337750442   0.00301229933   0.003881201882   0.005000268053   0.006441210014   0.008296091504   0.01068296809   0.01375300124   0.01769937161   0.02276834785   0.02927286795   0.03760893087   0.04827492617   0.06189367045   0.07923625437   0.1012456711   0.1290563939   0.164003395   0.207610448   0.2615431616   0.3275080015   0.4070767738   0.5014206186   0.6109538983   0.7349212775   0.8710098686   1.015118832   1.161440832   1.30296558   1.432388838   1.543237658   1.63089536   1.693216978   1.730579693   1.74542758   1.741527226   1.72318595   1.694616766   1.659528694   1.62093396   1.581117683   1.541705973   1.503779247   1.467994948   1.434699792   1.404023016   1.375949018   1.350371292   1.327130935   1.306043157   1.286914877   1.2695559   1.253785612   1.239436614   1.226356339   1.214407373   1.203466985   1.193426202   1.18418866   1.175669368   1.16779348   1.160495132   1.153716356   1.147406108   1.14151939   1.136016483   1.130862261   1.126025606   1.121478888   1.117197521   1.113159577   1.109345447   1.105737558   1.102320121   1.099078912   1.096001091   1.093075033   1.090290196   1.087636992   1.085106683   1.08269129   1.080383509   1.078176644   1.076064542   1.074041539   1.072102412   1.070242337   1.068456848   1.06674181   1.065093384   1.063508001   1.061982339   1.060513304   1.059098005   1.05773375   1.056418011   1.055148424   1.053922776   1.052738987   1.051595104   1.05048929   1.049419817   1.048385058   1.047383478   1.046413629   1.045474144   1.044563731   1.043681167   1.042825296   1.041995021   1.041189306   1.040407164   1.039647661   1.03890991   1.038193067   1.03749633   1.036818937   1.03616016   1.035519309   1.034895725   1.034288778   1.033697869   1.033122427   1.032561904   1.03201578   1.031483555   1.030964752   1.030458915   1.029965606   1.029484409   1.029014923   1.028556763   1.028109562   1.027672967   1.02724664   1.026830255   1.026423501   1.026026077   1.025637697   1.025258084   1.024886971   1.024524103   1.024169233   1.023822126   1.023482552   1.023150292   1.022825135   1.022506876   1.02219532   1.021890276   1.021591563   1.021299003   1.021012428   1.020731671   1.020456576   1.020186989   1.019922762   1.019663752   1.019409821   1.019160835   1.018916666   1.018677189   1.018442283   1.01821183   1.017985718   1.017763837   1.017546082   1.017332349   1.017122539   1.016916555   1.016714305   1.016515696   1.016320643   1.016129059   1.015940862   1.015755972   1.01557431   1.015395802   1.015220375   1.015047956   1.014878478   1.014711873   1.014548075   1.014387022   1.014228652   1.014072906   1.013919724   1.013769051   1.013620832   1.013475013   1.013331542   1.01319037   1.013051445   1.012914722   1.012780152   1.012647691   1.012517295   1.01238892   1.012262525   1.012138068   
8.113065327   0.001840754366   0.002372031757   0.003056471898   0.003938115286   0.005073589941   0.006535659051   0.008417735411   0.01083960413   0.01395464058   0.01795885365   0.02310211568   0.029701941   0.03816011468   0.04898230033   0.06280039126   0.08039669352   0.1027278792   0.1309448174   0.1664016734   0.2106439613   0.2653607766   0.3322821793   0.4130008984   0.5087021784   0.6198021931   0.7455288803   0.8835283884   1.029631604   1.177937544   1.32132547   1.45237866   1.564527496   1.653090257   1.715897533   1.753342469   1.767917342   1.763456646   1.744342481   1.714859331   1.678777989   1.639159956   1.598326954   1.557930417   1.519066868   1.482402801   1.448288876   1.416854758   1.38808299   1.36186384   1.338034436   1.316405723   1.296780336   1.278963955   1.262772102   1.248033821   1.234593317   1.222310272   1.211059354   1.200729278   1.191221625   1.182449582   1.174336689   1.16681565   1.159827227   1.153319249   1.147245716   1.141566013   1.136244217   1.131248495   1.126550575   1.122125295   1.117950207   1.114005231   1.110272369   1.106735443   1.103379878   1.100192511   1.097161424   1.094275803   1.091525813   1.088902486   1.086397633   1.084003755   1.081713976   1.079521973   1.077421928   1.075408473   1.073476647   1.07162186   1.069839858   1.068126686   1.066478681   1.064892422   1.063364719   1.061892603   1.060473287   1.059104178   1.057782842   1.056506987   1.055274477   1.054083296   1.05293155   1.051817457   1.050739337   1.049695608   1.048684773   1.047705422   1.046756221   1.045835906   1.044943285   1.044077223   1.04323665   1.042420546   1.041627945   1.04085793   1.040109629   1.039382213   1.038674891   1.037986913   1.037317563   1.036666159   1.036032051   1.035414617   1.034813266   1.034227431   1.033656572   1.033100173   1.032557738   1.032028796   1.031512893   1.031009596   1.030518491   1.030039178   1.029571277   1.029114421   1.02866826   1.028232456   1.027806685   1.027390637   1.026984014   1.026586527   1.026197901   1.02581787   1.025446178   1.02508258   1.024726839   1.024378726   1.024038021   1.023704514   1.023377999   1.02305828   1.022745167   1.022438476   1.022138032   1.021843662   1.021555202   1.021272494   1.020995382   1.020723719   1.020457361   1.020196169   1.019940008   1.019688749   1.019442265   1.019200436   1.018963142   1.018730272   1.018501712   1.018277358   1.018057105   1.017840853   1.017628504   1.017419964   1.017215142   1.017013948   1.016816297   1.016622105   1.016431291   1.016243777   1.016059485   1.015878343   1.015700277   1.015525218   1.015353099   1.015183852   1.015017414   1.014853722   1.014692716   1.014534337   1.014378527   1.014225231   1.014074394   1.013925965   1.01377989   1.013636121   1.013494609   1.013355305   1.013218166   1.013083144   1.012950197   
8.366834171   0.001448755727   0.001866977121   0.002405822626   0.003100012517   0.003994214478   0.005145862892   0.006628756939   0.008537639181   0.01099399955   0.01415339567   0.01821462429   0.02343110998   0.0301248781   0.03870341731   0.04967956171   0.0636941522   0.081540551   0.1041889155   0.1328062792   0.1687657308   0.2136342224   0.2691240125   0.3369884369   0.4188408764   0.5158805189   0.6285253796   0.7559869828   0.8958711896   1.043941693   1.194205308   1.339432513   1.472095769   1.585530171   1.674989828   1.738281115   1.77581275   1.79012434   1.785117129   1.765246771   1.734868068   1.697812612   1.657190416   1.615359258   1.573995531   1.534211646   1.496683046   1.461764308   1.429585554   1.400127539   1.373277378   1.348868327   1.326707154   1.3065923   1.288325404   1.271718201   1.25659625   1.242800592   1.23018806   1.218630776   1.208015186   1.198240855   1.189219186   1.180872134   1.173130999   1.1659353   1.159231759   1.152973392   1.147118708   1.141631001   1.136477735   1.131630012   1.127062103   1.122751048   1.118676308   1.114819465   1.111163962   1.107694878   1.104398733   1.101263321   1.098277561   1.095431376   1.092715573   1.090121755   1.087642232   1.085269949   1.082998421   1.080821674   1.078734199   1.076730901   1.074807067   1.072958326   1.071180618   1.069470167   1.067823467   1.066237236   1.064708416   1.063234148   1.06181176   1.060438739   1.059112741   1.057831557   1.056593113   1.05539546   1.05423676   1.053115283   1.052029398   1.050977564   1.049958326   1.048970308   1.048012208   1.047082794   1.046180898   1.045305412   1.044455287   1.043629526   1.04282718   1.042047349   1.041289176   1.040551847   1.039834585   1.039136651   1.038457339   1.037795978   1.037151926   1.03652457   1.035913325   1.035317632   1.034736957   1.034170788   1.033618637   1.033080034   1.032554531   1.032041699   1.031541125   1.031052415   1.030575188   1.030109083   1.029653748   1.029208851   1.028774067   1.028349087   1.027933615   1.027527363   1.027130057   1.02674143   1.026361229   1.025989208   1.02562513   1.025268766   1.024919898   1.024578313   1.024243807   1.023916183   1.023595251   1.023280826   1.022972733   1.0226708   1.02237486   1.022084756   1.021800332   1.021521439   1.021247932   1.020979673   1.020716525   1.020458359   1.020205048   1.019956469   1.019712504   1.019473039   1.019237961   1.019007163   1.01878054   1.018557993   1.018339421   1.01812473   1.017913828   1.017706625   1.017503035   1.017302972   1.017106355   1.016913104   1.016723143   1.016536396   1.016352791   1.016172256   1.015994724   1.015820126   1.015648399   1.015479479   1.015313304   1.015149815   1.014988954   1.014830665   1.014674892   1.014521581   1.014370682   1.014222142   1.014075913   1.013931946   1.013790195   
8.620603015   0.001139751823   0.001468821475   0.001892835212   0.002439143589   0.003142947653   0.004049533555   0.005217130835   0.006720560259   0.008655875682   0.01114624817   0.01434938729   0.01846683892   0.02375553059   0.03054193609   0.03923916865   0.05036713354   0.06457549554   0.08266852044   0.1056296652   0.1346419061   0.1710969969   0.2165830368   0.2728351371   0.3416296036   0.424600208   0.5229599255   0.6371286395   0.7663017578   0.9080454996   1.058057396   1.210253438   1.35729692   1.491551078   1.606257046   1.696605601   1.760379129   1.798001552   1.812058979   1.806518306   1.785907568   1.754650787   1.716639424   1.675031278   1.632219655   1.589905555   1.54921707   1.510838491   1.475128287   1.442217063   1.41208384   1.384612662   1.359632991   1.336947508   1.316350543   1.297639774   1.280623222   1.265123029   1.250977131   1.238039568   1.226179962   1.215282533   1.205244872   1.195976626   1.187398199   1.179439513   1.172038866   1.165141893   1.158700647   1.152672775   1.147020802   1.141711507   1.136715372   1.132006112   1.127560268   1.123356847   1.119377021   1.11560386   1.112022102   1.108617958   1.105378936   1.102293698   1.099351923   1.096544201   1.093861929   1.09129723   1.088842874   1.086492213   1.084239124   1.082077956   1.080003485   1.078010874   1.076095638   1.074253613   1.072480922   1.070773959   1.069129355   1.067543974   1.066014879   1.064539312   1.063114707   1.061738643   1.060408852   1.0591232   1.057879682   1.056676407   1.055511597   1.05438357   1.053290742   1.052231613   1.051204767   1.050208863   1.049242632   1.04830487   1.047394437   1.04651025   1.04565128   1.044816551   1.044005134   1.043216145   1.042448745   1.041702132   1.040975543   1.04026825   1.03957956   1.03890881   1.038255368   1.037618629   1.036998017   1.036392979   1.035802986   1.035227535   1.034666139   1.034118337   1.033583683   1.033061752   1.032552134   1.03205444   1.031568291   1.031093327   1.030629202   1.030175581   1.029732145   1.029298585   1.028874606   1.028459922   1.028054259   1.027657352   1.027268949   1.026888802   1.026516677   1.026152345   1.025795587   1.025446192   1.025103955   1.024768679   1.024440173   1.024118255   1.023802746   1.023493476   1.023190277   1.022892992   1.022601464   1.022315543   1.022035086   1.021759952   1.021490005   1.021225114   1.020965153   1.020709997   1.020459528   1.020213631   1.019972193   1.019735106   1.019502265   1.019273568   1.019048916   1.018828213   1.018611366   1.018398285   1.018188883   1.017983073   1.017780774   1.017581905   1.017386388   1.017194149   1.017005112   1.016819207   1.016636364   1.016456516   1.016279596   1.016105542   1.015934291   1.015765782   1.015599957   1.015436759   1.015276131   1.01511802   1.014962373   1.014809139   1.014658267   
8.874371859   0.0008963005147   0.001155111546   0.00148861577   0.001918343492   0.002472013786   0.003185301969   0.004104104293   0.005287434702   0.006811121738   0.008772512818   0.01129643741   0.01454272798   0.01871564237   0.02407556376   0.03095335437   0.03976767611   0.05104541022   0.06544492663   0.08378124828   0.1070509535   0.1364527485   0.173396804   0.2194920876   0.2764962647   0.3462083173   0.4302821565   0.5299443939   0.6456168048   0.7764789631   0.9200580619   1.071986455   1.226090632   1.37492823   1.510754787   1.626718751   1.71794837   1.782202263   1.819919214   1.833731041   1.827669249   1.806333131   1.774214883   1.735264944   1.692688202   1.648912988   1.605664572   1.564086527   1.524871889   1.488382996   1.454750959   1.423953118   1.395870517   1.370328905   1.347126954   1.326054966   1.306906732   1.289486627   1.273613442   1.259122064   1.24586379   1.233705791   1.222530102   1.212232371   1.202720527   1.193913447   1.185739702   1.178136389   1.17104808   1.164425879   1.158226588   1.152411978   1.146948151   1.141804984   1.136955648   1.132376188   1.12804517   1.123943361   1.120053464   1.116359885   1.112848527   1.109506623   1.106322575   1.103285829   1.100386757   1.097616556   1.094967164   1.09243118   1.090001795   1.087672739   1.085438222   1.083292892   1.081231793   1.079250326   1.077344221   1.075509504   1.073742475   1.072039678   1.070397894   1.068814108   1.067285496   1.065809416   1.064383383   1.063005068   1.06167228   1.060382958   1.059135159   1.057927054   1.056756916   1.055623115   1.054524108   1.05345844   1.052424731   1.051421675   1.050448033   1.04950263   1.048584354   1.047692144   1.046824995   1.045981951   1.045162102   1.044364581   1.043588564   1.042833263   1.042097929   1.041381847   1.040684334   1.040004737   1.039342434   1.038696829   1.038067353   1.03745346   1.036854629   1.036270361   1.035700177   1.035143618   1.034600244   1.034069635   1.033551384   1.033045105   1.032550423   1.03206698   1.031594432   1.031132448   1.03068071   1.030238911   1.029806757   1.029383964   1.028970259   1.028565379   1.028169071   1.02778109   1.027401201   1.027029177   1.026664798   1.026307854   1.02595814   1.02561546   1.025279623   1.024950446   1.02462775   1.024311365   1.024001125   1.02369687   1.023398443   1.023105696   1.022818484   1.022536665   1.022260104   1.021988668   1.021722232   1.02146067   1.021203864   1.020951697   1.020704056   1.020460834   1.020221924   1.019987223   1.019756633   1.019530056   1.019307399   1.019088571   1.018873484   1.018662052   1.018454192   1.018249823   1.018048866   1.017851245   1.017656885   1.017465716   1.017277666   1.017092668   1.016910654   1.016731561   1.016555326   1.016381888   1.016211187   1.016043165   1.015877767   1.015714936   1.015554621   
9.128140704   0.00070458952   0.0009080618597   0.001170268981   0.001508149375   0.00194351583   0.002504451088   0.003227098491   0.00415795636   0.005356812714   0.006900490608   0.008887613995   0.01144464893   0.01473352282   0.01896116984   0.02439138338   0.03135935643   0.04028922677   0.05171476005   0.06630291736   0.08487933811   0.108453551   0.1382397872   0.1756663966   0.2223629463   0.2801093697   0.3507270414   0.4358897701   0.5368376571   0.6539943908   0.7865239799   0.9319151799   1.085736111   1.241725028   1.392335371   1.529716449   1.646925245   1.739028258   1.803760558   1.841575458   1.855149739   1.848578514   1.826531265   1.793567361   1.753695365   1.710166587   1.665443897   1.621276514   1.578823295   1.538785928   1.501530591   1.467188922   1.43573663   1.407051825   1.38095662   1.357245756   1.335705577   1.316126062   1.298308007   1.282066909   1.267234663   1.253659872   1.241207296   1.229756826   1.219202204   1.209449667   1.200416594   1.192030229   1.18422649   1.176948903   1.17014764   1.163778673   1.157803033   1.152186158   1.146897328   1.141909178   1.137197273   1.132739737   1.128516944   1.124511236   1.12070669   1.117088912   1.113644857   1.110362678   1.107231588   1.104241745   1.101384152   1.098650563   1.096033407   1.09352572   1.091121086   1.08881358   1.086597721   1.084468436   1.082421015   1.080451085   1.078554574   1.07672769   1.074966896   1.073268883   1.071630566   1.070049049   1.068521618   1.06704573   1.065618991   1.064239155   1.062904104   1.061611846   1.060360502   1.059148298   1.05797356   1.056834705   1.055730236   1.054658734   1.053618858   1.052609335   1.051628957   1.050676579   1.049751112   1.048851521   1.047976823   1.04712608   1.046298403   1.04549294   1.044708884   1.043945462   1.043201938   1.042477608   1.041771801   1.041083874   1.040413216   1.039759238   1.039121379   1.038499102   1.037891891   1.037299254   1.036720717   1.036155827   1.03560415   1.035065267   1.034538779   1.0340243   1.03352146   1.033029904   1.032549291   1.032079292   1.031619591   1.031169883   1.030729877   1.030299289   1.029877849   1.029465294   1.029061372   1.02866584   1.028278464   1.027899016   1.027527279   1.027163041   1.0268061   1.026456258   1.026113326   1.025777119   1.025447462   1.025124182   1.024807113   1.024496095   1.024190973   1.023891597   1.023597821   1.023309504   1.023026511   1.02274871   1.022475971   1.022208173   1.021945194   1.021686917   1.021433232   1.021184026   1.020939195   1.020698636   1.020462248   1.020229935   1.020001602   1.019777158   1.019556514   1.019339583   1.019126283   1.018916531   1.018710248   1.018507358   1.018307785   1.018111458   1.017918305   1.017728257   1.017541248   1.017357212   1.017176086   1.01699781   1.016822321   1.016649563   1.016479478   
9.381909548   0.0005536912247   0.0007135983969   0.0009196723011   0.001185231939   0.001527432356   0.001968365199   0.002536472213   0.00326835876   0.004211117508   0.005425300625   0.006988712925   0.009001238523   0.01159095909   0.01492187011   0.01920354782   0.02470315213   0.03176015137   0.04080408913   0.05237552754   0.06714990916   0.08596335465   0.1098381783   0.1400039399   0.1779069387   0.2251970836   0.2836762997   0.3551880814   0.4414259015   0.5436432091   0.662265624   0.7964418463   0.9436227572   1.099313146   1.257164244   1.409526712   1.548445024   1.666885881   1.759854778   1.825063452   1.862979437   1.876323758   1.869254182   1.84650936   1.812714868   1.771936578   1.727471584   1.681816828   1.636745166   1.593430551   1.552583232   1.514573197   1.479532629   1.447435657   1.418157516   1.391516754   1.367304254   1.345302477   1.325297653   1.307087064   1.290482969   1.275314325   1.261427084   1.248683642   1.236961777   1.226153359   1.216162963   1.206906498   1.198309899   1.190307929   1.182843083   1.175864619   1.169327694   1.163192609   1.15742415   1.151991012   1.146865303   1.142022112   1.137439135   1.133096354   1.128975759   1.125061104   1.121337699   1.11779223   1.114412603   1.111187803   1.108107779   1.105163339   1.102346057   1.099648197   1.097062643   1.094582831   1.092202705   1.08991666   1.087719505   1.085606421   1.083572933   1.081614874   1.079728362   1.077909771   1.076155723   1.074463048   1.07282878   1.071250142   1.069724524   1.068249476   1.066822693   1.065442004   1.064105367   1.062810853   1.061556643   1.060341019   1.059162357   1.05801912   1.056909852   1.055833176   1.054787785   1.053772438   1.05278596   1.05182723   1.050895186   1.049988818   1.049107163   1.048249305   1.04741437   1.046601527   1.045809981   1.045038976   1.044287787   1.043555724   1.042842127   1.042146365   1.041467832   1.040805952   1.040160171   1.039529959   1.038914808   1.038314231   1.037727761   1.03715495   1.036595368   1.036048603   1.035514257   1.034991949   1.034481314   1.033981999   1.033493666   1.033015988   1.032548653   1.032091357   1.03164381   1.031205733   1.030776854   1.030356914   1.029945661   1.029542854   1.029148259   1.02876165   1.02838281   1.028011529   1.027647603   1.027290837   1.02694104   1.026598031   1.026261632   1.02593167   1.025607982   1.025290406   1.024978787   1.024672976   1.024372826   1.024078196   1.023788952   1.023504959   1.02322609   1.022952221   1.022683232   1.022419005   1.022159428   1.021904391   1.021653787   1.021407512   1.021165467   1.020927554   1.020693678   1.020463748   1.020237673   1.020015368   1.019796747   1.01958173   1.019370236   1.019162189   1.018957512   1.018756133   1.01855798   1.018362984   1.018171077   1.017982195   1.017796273   1.017613249   1.017433063   
9.635678392   0.0004349674409   0.0005605939231   0.0007224945906   0.0009311375191   0.001200007741   0.001546474147   0.001992903757   0.002568092826   0.003309102961   0.004263613745   0.005492931938   0.007075831836   0.009113441978   0.01173543944   0.01510786197   0.01944289483   0.02501102245   0.03215593511   0.04131251484   0.05302803554   0.06798631573   0.08703382706   0.111205511   0.1417460664   0.1801195213   0.2279958778   0.2871987861   0.3595935982   0.4468932248   0.5503643254   0.6704344675   0.8062372874   0.9551863313   1.112723926   1.272415444   1.426510113   1.566948932   1.686609449   1.780436881   1.846119836   1.88413978   1.897261298   1.889703896   1.866274413   1.831663713   1.789994193   1.744608112   1.698036042   1.652074171   1.607911372   1.566266357   1.527512901   1.491783751   1.459051493   1.429188552   1.402009975   1.377302858   1.354845844   1.334421483   1.315823598   1.298861268   1.283360557   1.269164816   1.25613411   1.244144144   1.233084947   1.222859459   1.21338214   1.204577643   1.19637959   1.188729467   1.181575631   1.174872437   1.168579469   1.162660872   1.157084765   1.151822738   1.146849413   1.142142063   1.137680287   1.133445726   1.129421818   1.125593582   1.12194744   1.118471053   1.115153182   1.11198357   1.108952834   1.106052374   1.103274288   1.100611307   1.098056729   1.095604364   1.093248486   1.090983787   1.088805343   1.086708577   1.084689223   1.082743325   1.080867159   1.079057276   1.077310422   1.075623575   1.073993884   1.072418677   1.070895446   1.069421831   1.067995607   1.066614682   1.06527708   1.063980936   1.06272449   1.061506075   1.060324116   1.059177122   1.058063677   1.056982443   1.055932146   1.054911578   1.053919593   1.052955099   1.052017057   1.051104481   1.050216429   1.049352005   1.048510354   1.04769066   1.046892146   1.046114067   1.045355714   1.044616409   1.043895502   1.043192373   1.042506427   1.041837095   1.041183832   1.040546115   1.039923445   1.039315339   1.038721338   1.038140999   1.037573896   1.037019623   1.036477786   1.035948008   1.035429927   1.034923194   1.034427474   1.033942443   1.033467791   1.033003217   1.032548433   1.032103161   1.031667132   1.031240089   1.03082178   1.030411966   1.030010414   1.029616899   1.029231206   1.028853123   1.028482451   1.028118992   1.027762558   1.027412966   1.02707004   1.026733608   1.026403505   1.026079571   1.025761651   1.025449594   1.025143256   1.024842495   1.024547176   1.024257165   1.023972334   1.023692559   1.023417721   1.0231477   1.022882385   1.022621665   1.022365433   1.022113586   1.021866022   1.021622644   1.021383357   1.021148069   1.02091669   1.020689132   1.020465312   1.020245147   1.020028556   1.019815462   1.01960579   1.019399465   1.019196416   1.018996572   1.018799868   1.018606235   1.01841561   
9.889447236   0.0003415948829   0.0004402579361   0.0005674123986   0.0007312822382   0.0009424628457   0.001214603259   0.001565283604   0.002017142914   0.002599327631   0.003349350041   0.004315469481   0.005559738102   0.007161887858   0.009224276532   0.01187815716   0.01529158486   0.01967932214   0.02531513741   0.03254689158   0.04181474011   0.05367258711   0.06881252538   0.08809125212   0.1125561832   0.1434669742   0.1823051688   0.2307606226   0.2906784549   0.3639456207   0.4522942512   0.5570040823   0.6785046438   0.8159147417   0.9666111055   1.125974432   1.287485354   1.443292967   1.585236096   1.706104228   1.800782999   1.866938095   1.905064635   1.917970111   1.909934892   1.885833063   1.850419894   1.807873553   1.761580873   1.714105624   1.667267038   1.622268731   1.579837792   1.540351754   1.503943941   1.470585439   1.44014592   1.412436992   1.38724203   1.364335925   1.343497604   1.324517493   1.30720154   1.291372964   1.276872556   1.263558089   1.251303229   1.23999619   1.229538307   1.219842614   1.210832502   1.202440472   1.194607015   1.187279602   1.1804118   1.173962488   1.167895178   1.162177425   1.156780308   1.151677989   1.146847327   1.142267542   1.137919934   1.133787626   1.129855355   1.12610928   1.122536823   1.119126524   1.115867923   1.11275145   1.109768329   1.1069105   1.104170543   1.101541618   1.099017404   1.096592054   1.094260148   1.092016657   1.089856902   1.087776532   1.085771482   1.083837973   1.08197246   1.080171631   1.078432383   1.076751804   1.075127161   1.073555887   1.072035564   1.070563921   1.069138812   1.067758215   1.06642022   1.065123025   1.063864924   1.062644302   1.06145963   1.06030946   1.059192418   1.0581072   1.057052568   1.056027344   1.055030411   1.054060703   1.053117208   1.052198961   1.05130504   1.05043457   1.049586714   1.048760672   1.047955681   1.047171014   1.046405973   1.045659891   1.044932131   1.044222083   1.043529162   1.042852807   1.042192483   1.041547674   1.040917887   1.040302648   1.039701501   1.039114011   1.038539757   1.037978336   1.03742936   1.036892457   1.036367268   1.035853446   1.035350661   1.034858591   1.034376929   1.033905377   1.033443649   1.032991469   1.03254857   1.032114696   1.031689598   1.031273038   1.030864783   1.030464611   1.030072307   1.029687661   1.029310473   1.028940548   1.028577697   1.028221738   1.027872495   1.027529798   1.027193481   1.026863385   1.026539355   1.026221241   1.025908897   1.025602183   1.025300962   1.025005103   1.024714476   1.024428958   1.024148428   1.023872768   1.023601866   1.02333561   1.023073894   1.022816614   1.022563669   1.02231496   1.022070393   1.021829875   1.021593316   1.021360628   1.021131727   1.020906529   1.020684955   1.020466926   1.020252366   1.020041201   1.019833359   1.019628769   1.019427364   
10.14321608   0.0002681875233   0.0003456508806   0.0004454854238   0.0005741496691   0.0007399652289   0.0009536532932   0.001229024952   0.001583869051   0.002041093399   0.002630190453   0.003389117811   0.004366707664   0.005625748679   0.007246919069   0.009333791229   0.0120191754   0.01547312007   0.01991293432   0.02561563155   0.03293319367   0.04231098699   0.05430946716   0.06962890319   0.08913609683   0.1138907911   0.1451674222   0.1844648441   0.2334925348   0.2941168346   0.368246057   0.4576313422   0.5635653731   0.6864796541   0.8254783853   0.9779019759   1.139070293   1.302380309   1.459882237   1.603313982   1.725378025   1.820901092   1.887526151   1.925761708   1.938457535   1.929954029   1.905191614   1.868989117   1.825579753   1.778394361   1.730029491   1.682327144   1.636505506   1.593299957   1.553091763   1.516014834   1.4820388   1.451030626   1.422798549   1.397122281   1.373773022   1.352526138   1.333168709   1.315503601   1.299351236   1.284549883   1.270955061   1.258438426   1.246886408   1.236198761   1.226287116   1.217073621   1.208489674   1.200474788   1.19297556   1.185944782   1.179340639   1.173126023   1.167267929   1.161736935   1.156506752   1.151553828   1.146857014   1.14239727   1.138157415   1.134121901   1.130276633   1.126608796   1.123106714   1.119759725   1.116558076   1.113492819   1.110555736   1.107739259   1.105036412   1.102440745   1.099946294   1.097547526   1.095239307   1.093016863   1.090875749   1.088811814   1.086821201   1.084900283   1.083045679   1.08125422   1.079522927   1.077849008   1.07622984   1.074662948   1.073146009   1.071676829   1.070253341   1.06887359   1.067535732   1.06623802   1.064978802   1.063756513   1.06256967   1.061416867   1.060296767   1.059208103   1.058149669   1.057120319   1.056118962   1.05514456   1.054196123   1.053272709   1.052373419   1.051497394   1.050643816   1.049811901   1.049000903   1.048210107   1.047438828   1.046686413   1.045952236   1.045235695   1.044536218   1.043853251   1.043186268   1.04253476   1.041898242   1.041276247   1.040668325   1.040074046   1.039492994   1.038924773   1.038368998   1.037825301   1.037293327   1.036772735   1.036263195   1.03576439   1.035276015   1.034797775   1.034329387   1.033870576   1.033421078   1.032980638   1.03254901   1.032125956   1.031711247   1.03130466   1.030905981   1.030515002   1.030131524   1.029755353   1.0293863   1.029024185   1.028668832   1.02832007   1.027977736   1.02764167   1.027311716   1.026987727   1.026669556   1.026357064   1.026050113   1.025748572   1.025452313   1.02516121   1.024875144   1.024593997   1.024317656   1.02404601   1.023778952   1.023516378   1.023258187   1.02300428   1.022754562   1.022508941   1.022267325   1.022029628   1.021795763   1.021565649   1.021339203   1.021116349   1.020897009   1.020681109   1.020468576   
10.39698492   0.0002104964904   0.0002712979354   0.0003496597013   0.0004506521086   0.000580808576   0.0007485472248   0.0009647135811   0.001243278902   0.001602238327   0.002064765311   0.002660694306   0.003428423042   0.004417349903   0.005690991507   0.007330961325   0.009442032246   0.01215855362   0.01565254413   0.02014382987   0.02591263152   0.03331500419   0.04280146458   0.05493894397   0.07043579292   0.09016880097   0.1152098961   0.1468481251   0.1865994542   0.2361927601   0.2975153651   0.3724967039   0.462906722   0.5700509231   0.6943627971   0.8349321528   0.9890635568   1.152016818   1.317106283   1.476284492   1.621189636   1.744438208   1.840798679   1.907891491   1.946238289   1.958730525   1.949767814   1.924356056   1.887376814   1.843117655   1.795052874   1.745811404   1.697257741   1.650624479   1.606655206   1.56573489   1.527998044   1.493412873   1.461843691   1.433095414   1.406944157   1.383157486   1.36150726   1.341777266   1.323767338   1.307295138   1.292196456   1.278324589   1.265549215   1.253755009   1.242840164   1.232714932   1.223300236   1.21452639   1.206331939   1.198662626   1.191470476   1.184712991   1.178352451   1.172355303   1.166691632   1.1613347   1.156260556   1.151447682   1.14687671   1.142530151   1.138392187   1.134448464   1.130685937   1.127092716   1.123657943   1.120371681   1.117224816   1.114208972   1.111316437   1.108540098   1.105873382   1.103310205   1.100844926   1.098472308   1.09618748   1.093985907   1.091863354   1.089815882   1.08783979   1.08593163   1.084088158   1.082306333   1.08058331   1.078916403   1.077303087   1.075740987   1.074227861   1.072761594   1.07134019   1.069961762   1.068624525   1.067326788   1.066066952   1.064843499   1.063654989   1.062500056   1.061377402   1.060285794   1.059224058   1.058191077   1.057185789   1.056207179   1.055254284   1.05432618   1.053421991   1.052540875   1.051682032   1.050844696   1.050028134   1.049231644   1.048454558   1.047696231   1.04695605   1.046233424   1.045527789   1.044838602   1.044165343   1.043507514   1.042864635   1.042236245   1.041621902   1.041021181   1.040433673   1.039858984   1.039296736   1.038746565   1.03820812   1.037681062   1.037165067   1.03665982   1.036165019   1.035680372   1.035205597   1.034740424   1.03428459   1.033837841   1.033399934   1.032970633   1.032549709   1.032136941   1.031732117   1.031335031   1.030945482   1.030563279   1.030188235   1.029820169   1.029458905   1.029104276   1.028756116   1.028414267   1.028078574   1.027748889   1.027425067   1.027106967   1.026794454   1.026487395   1.026185663   1.025889133   1.025597684   1.025311199   1.025029566   1.024752672   1.024480412   1.024212681   1.023949377   1.023690402   1.023435661   1.023185061   1.022938511   1.022695923   1.022457212   1.022222295   1.02199109   1.021763519   1.021539506   
10.65075377   0.0001651718917   0.0002128823899   0.0002743729946   0.000353622958   0.0004557600691   0.0005873917983   0.0007570316786   0.0009756481591   0.001257370844   0.001620398821   0.002088168174   0.002690851463   0.003467281547   0.004467416571   0.005755492831   0.007414048434   0.009549043122   0.01229634788   0.0158299292   0.02037210164   0.02620625665   0.03369247664   0.04328637003   0.05556127047   0.07123351869   0.09118977917   0.1165140275   0.1485097568   0.1887098541   0.2388623788   0.3008754039   0.3766992561   0.4681224886   0.5764633032   0.7021571848   0.8442797567   1.000100203   1.164819015   1.331668916   1.492505934   1.638869717   1.763291748   1.860482875   1.928041206   1.966501289   1.978795677   1.969382431   1.943332089   1.905588164   1.860491902   1.811560529   1.761454971   1.712061961   1.664628341   1.619905824   1.578283056   1.539895159   1.50470895   1.472586138   1.443328377   1.416708237   1.392489709   1.370441197   1.350343244   1.331992696   1.315204503   1.299812004   1.285666312   1.272635156   1.260601478   1.249461939   1.239125429   1.229511666   1.220549894   1.212177707   1.204340005   1.196988056   1.190078693   1.183573591   1.177438658   1.17164349   1.166160914   1.160966578   1.156038607   1.151357304   1.146904884   1.142665253   1.138623811   1.134767283   1.131083568   1.127561615   1.124191306   1.120963361   1.117869252   1.114901122   1.112051727   1.109314369   1.106682848   1.104151416   1.101714732   1.099367833   1.097106089   1.094925194   1.092821117   1.090790092   1.088828592   1.086933312   1.085101155   1.083329204   1.081614725   1.079955139   1.07834802   1.076791078   1.075282155   1.073819209   1.072400314   1.071023646   1.069687476   1.068390171   1.067130177   1.065906025   1.064716316   1.063559723   1.062434986   1.061340903   1.060276332   1.059240186   1.058231428   1.05724907   1.056292168   1.055359825   1.054451179   1.053565412   1.052701737   1.051859406   1.0510377   1.050235932   1.049453445   1.048689607   1.047943816   1.047215493   1.04650408   1.045809047   1.04512988   1.044466089   1.043817202   1.043182764   1.04256234   1.041955511   1.041361872   1.040781036   1.04021263   1.039656291   1.039111676   1.038578448   1.038056286   1.03754488   1.037043929   1.036553146   1.036072251   1.035600975   1.035139059   1.034686251   1.034242308   1.033806997   1.033380091   1.032961372   1.032550626   1.03214765   1.031752245   1.03136422   1.030983388   1.030609571   1.030242593   1.029882287   1.029528489   1.02918104   1.028839788   1.028504582   1.02817528   1.027851741   1.02753383   1.027221414   1.026914365   1.026612561   1.026315879   1.026024204   1.025737422   1.025455422   1.025178097   1.024905342   1.024637058   1.024373144   1.024113506   1.02385805   1.023606686   1.023359326   1.023115884   1.022876276   1.022640422   
10.90452261   0.000129573997   0.0001670025012   0.0002152417764   0.0002774138826   0.0003575421734   0.0004608112681   0.0005939018654   0.0007654218503   0.0009864612287   0.001271306193   0.001638357511   0.00211131098   0.002720673509   0.003505708256   0.004516926902   0.005819277432   0.007496212315   0.009654864968   0.0124326111   0.01600534343   0.0205978373   0.02649661999   0.03406575595   0.04376588948   0.05617668552   0.07202238656   0.09219942297   0.1178036852   0.1501529539   0.1907968513   0.2415024112   0.3041982332   0.3808553141   0.4732806233   0.5828049414   0.7098657568   0.8535247045   1.011016028   1.177481619   1.346073542   1.508552433   1.656360525   1.781945241   1.879960418   1.947982019   1.986557264   1.998659259   1.98880376   1.962125139   1.923628106   1.877706933   1.827921268   1.776963658   1.726742821   1.678519694   1.633054032   1.590738132   1.551707739   1.51592831   1.483258997   1.453498242   1.426415125   1.401770116   1.379328215   1.358866768   1.340179679   1.323079219   1.307396319   1.292979934   1.279695873   1.267425374   1.256063583   1.24551805   1.235707305   1.226559537   1.218011406   1.210006976   1.202496775   1.195436971   1.188788648   1.182517178   1.17659168   1.170984548   1.165671037   1.160628921   1.155838177   1.151280729   1.146940213   1.142801784   1.13885194   1.135078375   1.131469844   1.128016053   1.12470756   1.121535683   1.118492427   1.115570414   1.112762825   1.110063345   1.10746612   1.104965711   1.102557058   1.100235449   1.097996485   1.095836063   1.093750346   1.091735738   1.089788866   1.08790657   1.086085879   1.084324002   1.082618307   1.080966318   1.079365701   1.077814249   1.076309882   1.07485063   1.073434631   1.072060123   1.070725433   1.069428978   1.068169254   1.066944833   1.065754361   1.064596546   1.063470163   1.062374044   1.061307076   1.060268201   1.059256407   1.05827073   1.057310251   1.056374091   1.055461409   1.054571404   1.053703307   1.052856385   1.052029933   1.05122328   1.050435779   1.049666812   1.048915787   1.048182134   1.047465308   1.046764784   1.04608006   1.045410651   1.044756094   1.04411594   1.043489761   1.042877143   1.042277688   1.041691013   1.041116748   1.040554539   1.040004042   1.039464928   1.038936879   1.038419586   1.037912753   1.037416096   1.036929337   1.03645221   1.035984457   1.03552583   1.035076088   1.034634999   1.034202338   1.033777887   1.033361437   1.032952783   1.03255173   1.032158085   1.031771666   1.031392292   1.031019791   1.030653995   1.030294741   1.029941872   1.029595235   1.029254681   1.028920066   1.028591252   1.028268103   1.027950487   1.027638277   1.027331349   1.027029582   1.026732861   1.026441071   1.026154102   1.025871848   1.025594203   1.025321067   1.025052341   1.02478793   1.02452774   1.024271681   1.024019664   1.023771605   
11.15829146   0.000101623702   0.0001309788929   0.000168813212   0.0002175755164   0.0002804217163   0.0003614187873   0.000465807561   0.0006003411687   0.0007737208218   0.0009971567618   0.001285090067   0.001656120994   0.002134202231   0.002750171401   0.003543717282   0.004565899082   0.005882368738   0.007577483146   0.009759536646   0.01256739334   0.01617885122   0.02082111974   0.02678382785   0.03443497914   0.04424019891   0.0567854149   0.07280268586   0.09319810252   0.1190793417   0.1517783178   0.1928612094   0.244113822   0.3074850654   0.3849663914   0.4783829998   0.5890781343   0.7174912934   0.8626703142   1.021814927   1.190009112   1.360325207   1.524429545   1.673668028   1.80040494   1.899237699   1.967720308   2.006412442   2.018327226   2.008037395   1.980740381   1.941501353   1.894766992   1.844138869   1.792340796   1.74130323   1.692301052   1.646101984   1.603101948   1.563437316   1.52707222   1.493863294   1.463605822   1.436065444   1.410999161   1.388168617   1.367348009   1.348328335   1.330919229   1.314949247   1.300265217   1.286731055   1.274226316   1.262644656   1.251892302   1.241886614   1.23255474   1.223832417   1.215662889   1.207995953   1.200787122   1.193996893   1.187590117   1.181535438   1.175804823   1.170373144   1.165217823   1.160318521   1.15565687   1.151216244   1.146981555   1.142939078   1.139076302   1.135381795   1.131845089   1.128456578   1.125207432   1.122089518   1.119095327   1.116217921   1.113450872   1.11078822   1.108224428   1.105754344   1.103373168   1.101076424   1.098859926   1.096719767   1.094652282   1.092654036   1.090721809   1.08885257   1.087043473   1.085291836   1.083595135   1.081950987   1.080357144   1.07881148   1.077311989   1.075856769   1.074444022   1.07307204   1.071739209   1.070443991   1.069184931   1.067960644   1.066769811   1.065611182   1.064483562   1.063385817   1.062316862   1.061275666   1.060261244   1.059272654   1.058308999   1.057369421   1.056453099   1.055559247   1.054687116   1.053835985   1.053005166   1.052194   1.051401854   1.05062812   1.049872217   1.049133587   1.048411693   1.04770602   1.047016073   1.046341376   1.045681472   1.045035921   1.044404299   1.043786198   1.043181227   1.042589008   1.042009175   1.041441379   1.040885281   1.040340555   1.039806885   1.039283969   1.038771512   1.038269233   1.037776858   1.037294123   1.036820772   1.036356559   1.035901246   1.035454603   1.035016405   1.034586439   1.034164494   1.03375037   1.03334387   1.032944804   1.032552991   1.032168251   1.031790412   1.031419309   1.031054778   1.030696663   1.030344811   1.029999076   1.029659313   1.029325384   1.028997154   1.028674492   1.028357271   1.028045367   1.02773866   1.027437034   1.027140375   1.026848573   1.026561522   1.026279117   1.026001257   1.025727844   1.025458782   1.025193977   1.02493334   
11.4120603   7.968420613e-05   0.0001027021353   0.0001323688438   0.0001706046608   0.0002198844305   0.000283397553   0.0003652541623   0.0004707507041   0.0006067119719   0.0007819315104   0.001007738518   0.001298727311   0.001673695515   0.002156849971   0.002779355505   0.003581321987   0.004614350325   0.005944788925   0.007657889491   0.009863094946   0.01270074196   0.01635051354   0.02104202741   0.02706798124   0.03480027592   0.04470946492   0.05738767237   0.07357469049   0.09418616823   0.1203414443   0.1533864183   0.194903651   0.2466975244   0.3107370481   0.3890339208   0.4834313924   0.5952850566   0.7250364281   0.8717197285   1.032500587   1.202405739   1.374428697   1.540142535   1.690797886   1.818676777   1.918320785   1.987262133   2.026072744   2.037805249   2.02708867   1.99918275   1.959212412   1.91167614   1.860216957   1.807589586   1.755745989   1.705974847   1.659051772   1.615376285   1.575085392   1.538141928   1.504400054   1.473651938   1.445659836   1.420177323   1.396962738   1.37578717   1.356438755   1.338724523   1.322470686   1.307521977   1.293740444   1.281003983   1.269204778   1.258247754   1.248049114   1.238534983   1.229640186   1.221307159   1.213484975   1.206128503   1.199197666   1.192656793   1.186474064   1.180621026   1.17507217   1.169804574   1.164797585   1.16003255   1.155492583   1.151162355   1.147027924   1.143076575   1.139296691   1.135677632   1.132209634   1.12888372   1.125691616   1.12262569   1.119678882   1.116844655   1.114116944   1.111490116   1.108958926   1.106518491   1.104164253   1.101891952   1.099697603   1.097577483   1.09552809   1.09354614   1.091628551   1.08977242   1.087975016   1.086233764   1.084546238   1.082910144   1.081323317   1.07978371   1.078289383   1.076838503   1.07542933   1.074060213   1.072729587   1.071435965   1.070177934   1.06895415   1.067763335   1.066604269   1.065475795   1.064376806   1.063306248   1.062263115   1.061246447   1.060255325   1.059288874   1.058346254   1.057426664   1.056529336   1.055653536   1.05479856   1.053963733   1.053148408   1.052351965   1.051573809   1.050813369   1.050070097   1.049343465   1.048632968   1.047938118   1.047258447   1.046593506   1.045942861   1.045306095   1.044682806   1.044072608   1.043475128   1.042890006   1.042316896   1.041755465   1.041205389   1.040666359   1.040138073   1.039620241   1.039112585   1.038614833   1.038126723   1.037648005   1.037178432   1.03671777   1.036265789   1.035822268   1.035386995   1.03495976   1.034540365   1.034128614   1.033724321   1.033327301   1.03293738   1.032554385   1.032178151   1.031808516   1.031445326   1.031088427   1.030737674   1.030392923   1.030054037   1.02972088   1.029393323   1.029071238   1.028754502   1.028442996   1.028136604   1.027835212   1.027538711   1.027246993   1.026959956   1.026677497   1.026399519   1.026125926   
11.66582915   6.246746471e-05   8.051222266e-05   0.000103769336   0.0001337443175   0.0001723774506   0.000222169296   0.0002863423949   0.0003690495899   0.0004756423619   0.00061301642   0.0007900566808   0.001018210061   0.001312222517   0.00169108699   0.002179261828   0.002808235649   0.003618535031   0.004662296944   0.006006559007   0.007737458422   0.009965574732   0.01283270184   0.0165203882   0.02126063468   0.02734917579   0.03516176921   0.04517384538   0.05798366048   0.07433866003   0.09516395219   0.1215904171   0.1549777951   0.1969248613   0.2492543841   0.3139552694   0.3930592607   0.4884274828   0.6014277697   0.7325036572   0.8806759275   1.043076505   1.214675528   1.38838855   1.555696405   1.707755471   1.836766387   1.937215443   2.006613259   2.045543805   2.057098728   2.045962669   2.017456957   1.976765589   1.928438269   1.876159007   1.822713106   1.7700738   1.719543432   1.671905428   1.62756288   1.586653439   1.549138667   1.514870292   1.483637414   1.45519895   1.429305099   1.405710937   1.384184488   1.364511063   1.346495126   1.329960576   1.314750076   1.300723831   1.287758103   1.275743622   1.264584029   1.254194385   1.244499804   1.235434216   1.226939254   1.218963282   1.211460532   1.204390358   1.197716579   1.191406915   1.185432498   1.179767444   1.174388491   1.169274678   1.164407069   1.159768521   1.155343471   1.151117758   1.14707847   1.143213806   1.139512957   1.135966001   1.132563815   1.129297993   1.126160773   1.123144981   1.120243969   1.11745157   1.114762054   1.112170088   1.109670704   1.107259258   1.104931428   1.102683156   1.100510641   1.098410328   1.096378874   1.094413138   1.092510164   1.090667171   1.088881537   1.087150789   1.085472592   1.08384474   1.082265145   1.080731833   1.079242933   1.077796671   1.076391367   1.075025423   1.073697323   1.072405627   1.071148962   1.069926026   1.068735576   1.067576428   1.066447455   1.065347581   1.064275779   1.063231068   1.062212513   1.061219218   1.060250326   1.05930502   1.058382515   1.057482062   1.05660294   1.055744461   1.054905965   1.054086817   1.05328641   1.05250416   1.051739507   1.050991911   1.050260856   1.049545844   1.048846397   1.048162053   1.047492371   1.046836923   1.0461953   1.045567105   1.044951957   1.044349488   1.043759345   1.043181185   1.042614678   1.042059507   1.041515364   1.040981953   1.040458987   1.039946188   1.03944329   1.038950035   1.038466171   1.037991457   1.037525659   1.037068551   1.036619913   1.036179535   1.035747209   1.035322737   1.034905927   1.034496591   1.03409455   1.033699626   1.033311651   1.03293046   1.032555891   1.032187791   1.031826008   1.031470396   1.031120814   1.030777123   1.03043919   1.030106884   1.02978008   1.029458655   1.029142489   1.028831466   1.028525474   1.028224404   1.027928148   1.027636603   1.027349669   
11.91959799   4.896028235e-05   6.310334823e-05   8.133179148e-05   0.0001048256489   0.0001351057582   0.0001741321539   0.0002244308505   0.0002892571926   0.0003728062954   0.0004804841135   0.0006192565483   0.000798098956   0.00102857477   0.001325580043   0.001708301034   0.002201445037   0.002836821155   0.003655368428   0.004709754417   0.006067698926   0.007816215621   0.01006700908   0.01296331559   0.01668853   0.02147701208   0.02762750222   0.03551957564   0.04563349007   0.05857357144   0.07509484077   0.09613176949   0.1228266622   0.1565529604   0.1989254902   0.2517852223   0.3171407615   0.3970436998   0.4933728671   0.6075082304   0.7398953506   0.88954174   1.053546003   1.226822302   1.402209077   1.571095903   1.724545893   1.854679129   1.955927159   2.02577917   2.064830994   2.076212814   2.064664245   2.035567505   1.994165007   1.945057105   1.891968359   1.837714318   1.784289271   1.733009081   1.68466492   1.639663425   1.598142895   1.560063649   1.525275017   1.493563076   1.464683447   1.438383002   1.414413595   1.392540227   1.37254542   1.354231104   1.337418896   1.321949417   1.307681054   1.294488451   1.282260909   1.270900798   1.260322054   1.250448794   1.241214059   1.232558697   1.224430369   1.216782679   1.20957442   1.202768905   1.196333402   1.190238634   1.184458347   1.178968944   1.173749158   1.168779777   1.164043403   1.159524239   1.155207913   1.151081315   1.147132464   1.143350384   1.139724997   1.136247037   1.132907965   1.129699895   1.126615536   1.123648133   1.120791418   1.118039566   1.115387155   1.112829133   1.110360784   1.107977701   1.105675758   1.1034511   1.101300103   1.099219361   1.097205683   1.09525606   1.093367661   1.091537818   1.089764011   1.088043864   1.086375129   1.084755681   1.083183508   1.081656706   1.080173466   1.078732077   1.077330911   1.075968423   1.074643143   1.073353676   1.07209869   1.070876921   1.06968716   1.068528259   1.06739912   1.066298695   1.065225985   1.064180034   1.063159929   1.062164797   1.061193802   1.060246144   1.059321057   1.058417808   1.057535692   1.056674037   1.055832193   1.055009542   1.054205486   1.053419454   1.052650895   1.05189928   1.051164102   1.050444872   1.049741118   1.049052389   1.048378249   1.047718278   1.047072072   1.04643924   1.045819408   1.045212213   1.044617305   1.044034347   1.043463014   1.042902992   1.042353977   1.041815676   1.041287806   1.040770093   1.040262273   1.039764089   1.039275295   1.038795651   1.038324926   1.037862894   1.037409339   1.036964051   1.036526826   1.036097467   1.035675782   1.035261587   1.034854701   1.034454951   1.034062167   1.033676186   1.033296848   1.032924   1.032557491   1.032197177   1.031842915   1.03149457   1.031152007   1.030815097   1.030483715   1.030157738   1.029837047   1.029521527   1.029211066   1.028905555   1.028604886   
12.17336683   3.836596245e-05   4.944871573e-05   6.373287438e-05   8.214316651e-05   0.000105871401   0.0001364535877   0.0001758693142   0.0002266697947   0.0002921428491   0.0003765254425   0.000485277459   0.0006254342901   0.0008060608276   0.001038835857   0.001338804025   0.00172534298   0.002223406468   0.00286512088   0.003691833588   0.004756737444   0.006128227619   0.007894185485   0.01016742941   0.01309262365   0.01685499102   0.02169122662   0.02790304672   0.03587380598   0.04608854129   0.0591575878   0.07584346665   0.09708991943   0.1240505618   0.1581124009   0.2009061552   0.2542908193   0.3202945052   0.4009884628   0.4982690617   0.6135282977   0.7472137599   0.8983198545   1.063912237   1.238849698   1.415894379   1.586345548   1.741174011   1.872420103   1.974461156   2.044765096   2.08393943   2.09515242   2.083198033   2.0535187   2.01141461   1.961536226   1.90764822   1.852596074   1.798394915   1.746373995   1.69733216   1.651679568   1.60955517   1.570918066   1.535615227   1.503429745   1.474113993   1.447411557   1.423071113   1.400854673   1.380542011   1.361932552   1.344845661   1.329119942   1.314611986   1.301194845   1.288756403   1.277197778   1.266431795   1.256381586   1.246979318   1.23816506   1.22988578   1.222094463   1.214749345   1.207813246   1.201252984   1.195038878   1.18914431   1.183545351   1.178220434   1.173150072   1.168316616   1.163704042   1.159297765   1.155084482   1.151052034   1.147189277   1.143485985   1.139932747   1.136520893   1.133242415   1.130089907   1.127056508   1.124135849   1.121322012   1.118609489   1.115993144   1.113468185   1.111030127   1.108674787   1.106398234   1.104196785   1.102066983   1.100005575   1.098009502   1.096075885   1.094202008   1.092385309   1.090623368   1.088913897   1.087254734   1.085643832   1.084079249   1.082559146   1.08108178   1.079645492   1.078248709   1.076889934   1.075567745   1.074280787   1.073027769   1.071807461   1.070618693   1.069460344   1.068331349   1.067230686   1.066157383   1.065110508   1.06408917   1.063092518   1.062119735   1.061170041   1.060242687   1.059336954   1.058452156   1.057587631   1.056742747   1.055916895   1.05510949   1.054319972   1.0535478   1.052792456   1.052053441   1.051330274   1.050622494   1.049929655   1.049251328   1.0485871   1.047936574   1.047299365   1.046675103   1.046063432   1.045464006   1.044876494   1.044300573   1.043735935   1.043182278   1.042639315   1.042106765   1.041584357   1.04107183   1.040568931   1.040075415   1.039591045   1.039115592   1.038648834   1.038190555   1.037740548   1.03729861   1.036864546   1.036438167   1.036019288   1.035607731   1.035203324   1.034805898   1.034415291   1.034031345   1.033653906   1.033282827   1.032917961   1.032559169   1.032206315   1.031859265   1.031517892   1.031182069   1.030851676   1.030526594   1.030206707   1.029891904   
12.42713568   3.005826701e-05   3.874121088e-05   4.993236191e-05   6.435623045e-05   8.294658914e-05   0.0001069069036   0.0001377882069   0.0001775894484   0.0002288867948   0.0002950002229   0.000380208138   0.0004900238244   0.0006315514832   0.0008139446643   0.001048996374   0.001351898399   0.001742217897   0.002245152657   0.002893143241   0.003727941359   0.004803260002   0.006188163094   0.007971391208   0.01026686559   0.01322066449   0.01701982077   0.02190334202   0.02817589124   0.03622456556   0.0465391343   0.05973588314   0.07658476011   0.09803868657   0.1252624793   0.159656579   0.2028674434   0.2567719171   0.3234174331   0.4048947141   0.5031175087   0.6194897399   0.7544610271   0.9070128284   1.07417821   1.250761175   1.429448357   1.60144964   1.757644453   1.889994168   1.992822415   2.063576022   2.102873998   2.113922241   2.101568465   2.071314664   2.028518183   1.977879063   1.923201672   1.867361118   1.812393158   1.759640303   1.709909004   1.663612913   1.620891641   1.581703091   1.545891907   1.513238241   1.483491258   1.4563913   1.431683904   1.409128134   1.388501045   1.369599592   1.352240913   1.336261623   1.32151654   1.307877138   1.295229907   1.283474726   1.272523324   1.26229786   1.252729637   1.243757957   1.235329101   1.227395445   1.219914677   1.212849124   1.206165165   1.199832719   1.193824807   1.188117175   1.182687957   1.177517396   1.172587597   1.167882306   1.163386734   1.159087386   1.154971925   1.151029046   1.147248369   1.143620347   1.140136177   1.136787732   1.133567492   1.130468491   1.127484262   1.124608795   1.121836493   1.119162142   1.116580871   1.114088129   1.111679653   1.109351455   1.107099797   1.104921159   1.102812234   1.100769913   1.09879127   1.096873539   1.095014117   1.093210542   1.091460487   1.089761752   1.088112254   1.086510017   1.084953171   1.083439938   1.081968633   1.080537654   1.079145477   1.077790652   1.076471801   1.07518761   1.073936826   1.072718255   1.071530758   1.070373247   1.069244684   1.068144076   1.067070475   1.066022972   1.065000699   1.064002825   1.063028553   1.062077121   1.061147795   1.060239875   1.059352687   1.058485586   1.05763795   1.056809184   1.055998716   1.055205994   1.054430489   1.053671691   1.052929112   1.052202279   1.051490737   1.05079405   1.050111795   1.049443567   1.048788973   1.048147635   1.047519188   1.046903282   1.046299576   1.045707742   1.045127464   1.044558435   1.044000361   1.043452953   1.042915938   1.042389047   1.041872021   1.041364611   1.040866574   1.040377676   1.03989769   1.039426396   1.038963581   1.038509038   1.038062569   1.037623978   1.037193078   1.036769686   1.036353627   1.035944727   1.035542822   1.035147748   1.03475935   1.034377474   1.034001974   1.033632706   1.033269529   1.032912308   1.032560912   1.032215212   1.031875084   1.031540406   1.031211062   
12.68090452   2.354511004e-05   3.034661369e-05   3.911285236e-05   5.04113592e-05   6.497359472e-05   8.374228913e-05   0.0001079324527   0.0001391099975   0.0001792930484   0.0002310824847   0.0002978301313   0.0003838554348   0.0004947245671   0.0006376098771   0.0008217527206   0.001059059228   0.001364866909   0.001758930613   0.002266689821   0.002920896254   0.003763702067   0.004849335396   0.006247522489   0.008047854866   0.01036534606   0.01334747472   0.01718306638   0.02211341891   0.02844611376   0.03657195462   0.04698539786   0.06030862265   0.07731893284   0.09897834178   0.1264627604   0.1611859353   0.2048099136   0.2592292218   0.3265104328   0.4087635621   0.5079195811   0.6253942402   0.7616391914   0.915623097   1.084346782   1.262560028   1.442874729   1.616412279   1.77396163   1.907405958   2.011015686   2.082216707   2.121639365   2.132526764   2.119779784   2.088959344   2.04547935   1.994088911   1.938631681   1.882012098   1.826286344   1.772810066   1.72239725   1.675465022   1.632153652   1.592419871   1.55610603   1.522989378   1.492815913   1.465322773   1.440252396   1.417360933   1.396422753   1.377232371   1.359604726   1.343374467   1.328394658   1.314535218   1.301681259   1.289731435   1.278596393   1.268197332   1.258464701   1.249337042   1.240759961   1.232685229   1.225069996   1.217876103   1.21106949   1.204619685   1.198499354   1.192683917   1.187151218   1.181881231   1.176855817   1.172058499   1.167474282   1.163089482   1.158891588   1.154869134   1.151011593   1.147309276   1.143753255   1.140335282   1.137047727   1.133883518   1.130836092   1.127899347   1.125067603   1.122335561   1.119698279   1.117151133   1.114689793   1.112310214   1.110008582   1.107781336   1.105625111   1.103536749   1.10151327   1.09955187   1.097649898   1.095804854   1.09401437   1.092276209   1.090588252   1.088948492   1.087355024   1.085806041   1.084299828   1.082834755   1.081409271   1.080021902   1.078671243   1.077355958   1.076074771   1.074826467   1.073609886   1.07242392   1.071267513   1.070139652   1.069039372   1.067965749   1.066917896   1.065894968   1.064896153   1.063920672   1.062967782   1.062036765   1.061126937   1.060237638   1.059368236   1.058518124   1.057686718   1.056873456   1.056077798   1.055299225   1.054537238   1.053791355   1.053061112   1.052346064   1.05164578   1.050959845   1.05028786   1.049629439   1.04898421   1.048351814   1.047731904   1.047124146   1.046528215   1.0459438   1.045370599   1.04480832   1.04425668   1.043715407   1.043184236   1.042662913   1.042151189   1.041648825   1.04115559   1.040671258   1.040195613   1.039728443   1.039269544   1.038818717   1.038375772   1.037940521   1.037512783   1.037092384   1.036679153   1.036272925   1.035873539   1.035480841   1.035094678   1.034714904   1.034341376   1.033973956   1.033612508   1.033256901   1.032907009   1.032562707   
12.93467337   1.84399419e-05   2.376672062e-05   3.063224116e-05   3.948098912e-05   5.088583937e-05   6.558513702e-05   8.453048538e-05   0.0001089483306   0.0001404193231   0.0001809805828   0.0002332574685   0.0003006333525   0.0003874683363   0.0004993809802   0.0006436111384   0.0008294871446   0.001069027186   0.001377713122   0.001775485723   0.002288023886   0.002948387551   0.003799125548   0.004894976299   0.006306322131   0.008123597491   0.0104628979   0.01347308921   0.01734477274   0.02232151506   0.02871378858   0.03691606866   0.04742745464   0.06087596376   0.07804618656   0.09990914312   0.1276517346   0.1627008891   0.2067340982   0.2616634064   0.3295743503   0.4125960632   0.512676587   0.6312434028   0.7687501964   0.9241529814   1.094420679   1.2742494   1.456177041   1.631237373   1.790129752   1.924659897   2.029045507   2.1006917   2.140239993   2.150970283   2.137836048   2.106456524   2.062301594   2.010168935   1.9539411   1.896551563   1.840076736   1.785885277   1.734798646   1.687237415   1.643342519   1.603069535   1.566258555   1.532683963   1.502088629   1.474206524   1.448777026   1.425553408   1.404307384   1.384831057   1.366937195   1.350458501   1.33524631   1.321169004   1.308110328   1.295967732   1.284650791   1.274079754   1.264184228   1.254902005   1.246178024   1.237963458   1.230214923   1.222893781   1.215965543   1.209399346   1.203167504   1.197245121   1.191609748   1.186241099   1.181120789   1.176232124   1.171559904   1.16709026   1.162810508   1.158709024   1.154775133   1.15099901   1.1473716   1.143884537   1.140530081   1.137301058   1.134190808   1.131193138   1.128302285   1.125512872   1.12281988   1.120218615   1.117704684   1.115273972   1.112922616   1.110646993   1.108443687   1.106309489   1.104241373   1.102236489   1.100292145   1.098405797   1.096575042   1.094797604   1.093071331   1.091394181   1.089764217   1.088179603   1.086638595   1.085139533   1.083680842   1.082261022   1.080878644   1.079532348   1.078220836   1.076942872   1.075697276   1.074482919   1.073298727   1.07214367   1.071016763   1.069917067   1.068843679   1.067795738   1.066772417   1.065772924   1.064796499   1.063842415   1.062909973   1.0619985   1.061107354   1.060235914   1.059383586   1.058549798   1.057734   1.056935662   1.056154274   1.055389347   1.054640408   1.053907002   1.053188689   1.052485048   1.051795671   1.051120164   1.050458148   1.049809256   1.049173135   1.048549443   1.047937851   1.04733804   1.046749701   1.046172536   1.045606259   1.04505059   1.044505259   1.043970006   1.043444578   1.042928731   1.042422228   1.04192484   1.041436345   1.040956527   1.040485177   1.040022094   1.039567081   1.039119947   1.038680509   1.038248587   1.037824007   1.0374066   1.036996203   1.036592656   1.036195805   1.0358055   1.035421595   1.035043948   1.034672422   1.034306882   1.033947198   
13.18844221   1.443920626e-05   1.861029206e-05   2.398628011e-05   3.091522504e-05   3.984571865e-05   5.135592806e-05   6.619101928e-05   8.53113866e-05   0.0001099548061   0.0001417165305   0.0001826524985   0.0002354123221   0.0003034106291   0.0003910477993   0.0005039942967   0.0006495568562   0.0008371499842   0.001078902888   0.001390440441   0.001791887613   0.0023091605   0.002975624413   0.003834221183   0.004940194796   0.006364577589   0.008198639137   0.01055954694   0.01359754123   0.01750498267   0.02252768555   0.02897898656   0.03725699877   0.04786542161   0.06143805653   0.0787667136   0.1008313367   0.1288297161   0.1642018407   0.2086405051   0.2640751124   0.3326099921   0.4163932246   0.5173897741   0.6370387579   0.7757958959   0.9326046961   1.104402503   1.285832288   1.469358674   1.645928656   1.806152839   1.941760208   2.046916212   2.119005349   2.15868015   2.169256908   2.155741149   2.123809831   2.078988254   2.02612218   1.969132674   1.910981971   1.853766518   1.798867868   1.747114888   1.698931571   1.654459523   1.613653187   1.576350427   1.542322795   1.511310073   1.483043105   1.457258241   1.433705908   1.412155201   1.392395837   1.374238437   1.357513782   1.342071495   1.32777844   1.314517015   1.302183474   1.290686336   1.279944911   1.269887972   1.260452572   1.251582988   1.243229806   1.235349112   1.227901796   1.220852941   1.214171303   1.207828847   1.201800362   1.196063113   1.190596553   1.18538206   1.18040272   1.175643133   1.171089247   1.166728207   1.162548232   1.158538501   1.154689057   1.150990718   1.147435   1.144014056   1.14072061   1.137547907   1.134489667   1.13154004   1.128693573   1.125945172   1.123290075   1.120723825   1.118242241   1.115841403   1.113517635   1.111267469   1.109087644   1.106975091   1.104926911   1.102940372   1.101012891   1.099142025   1.097325463   1.095561017   1.093846613   1.092180284   1.090560161   1.088984472   1.087451532   1.085959737   1.084507564   1.083093558   1.081716337   1.080374582   1.079067035   1.077792495   1.076549815   1.075337901   1.074155706   1.073002228   1.071876511   1.070777636   1.069704726   1.068656941   1.067633474   1.066633551   1.065656432   1.064701404   1.063767785   1.062854918   1.061962173   1.061088943   1.060234647   1.059398724   1.058580634   1.057779858   1.056995897   1.056228269   1.05547651   1.054740175   1.05401883   1.053312062   1.052619469   1.051940664   1.051275273   1.050622937   1.049983308   1.049356047   1.048740832   1.048137346   1.047545288   1.046964362   1.046394285   1.045834782   1.045285586   1.044746441   1.044217096   1.04369731   1.043186849   1.042685487   1.042193003   1.041709185   1.041233826   1.040766726   1.040307691   1.039856531   1.039413065   1.038977114   1.038548507   1.038127076   1.037712659   1.037305097   1.036904238   1.036509932   1.036122035   1.035740405   1.035364907   
13.44221106   1.130458919e-05   1.45701752e-05   1.877909428e-05   2.420384453e-05   3.119563753e-05   4.020713399e-05   5.182174519e-05   6.679139606e-05   8.6085192e-05   0.0001109521362   0.0001430019506   0.000184309222   0.0002375475952   0.0003061626694   0.0003945947368   0.0005085656935   0.0006554485473   0.0008447431943   0.001088688853   0.001403052111   0.001808140465   0.002330105055   0.003002613787   0.003868997923   0.004985002422   0.006422303724   0.008272998946   0.01065531784   0.0137208625   0.01766373701   0.02273198296   0.02924177531   0.03759483185   0.04829941041   0.06199504422   0.07948069753   0.1017451573   0.1299970047   0.1656891718   0.2105296189   0.2664649525   0.3356181282   0.420156008   0.5220603336   0.6427817662   0.78277806   0.9409803554   1.114294737   1.297311556   1.482422862   1.660489693   1.822034732   1.958710933   2.06463195   2.137161814   2.176963925   2.187390577   2.173498818   2.14102275   2.095542542   2.041951572   1.984209051   1.925305695   1.867357805   1.811759708   1.75934762   1.710548931   1.665505917   1.624171911   1.586382574   1.551906666   1.520480912   1.491833068   1.46569649   1.441818795   1.419966483   1.399926915   1.381508587   1.364540382   1.348870233   1.334363497   1.320901243   1.308378545   1.296702875   1.285792615   1.275575716   1.265988498   1.256974585   1.248483981   1.24047225   1.232899814   1.225731337   1.218935192   1.212483004   1.206349249   1.20051091   1.194947182   1.189639207   1.184569856   1.179723532   1.175085998   1.170644234   1.166386303   1.162301241   1.158378956   1.154610143   1.150986204   1.147499183   1.144141704   1.140906919   1.137788459   1.134780394   1.13187719   1.129073682   1.126365036   1.123746742   1.121214548   1.118764477   1.116392795   1.11409599   1.11187075   1.109713958   1.107622674   1.105594121   1.103625678   1.101714865   1.099859333   1.098056862   1.096305343   1.094602779   1.092947273   1.091337023   1.089770316   1.088245524   1.086761097   1.085315558   1.083907503   1.082535589   1.081198538   1.07989513   1.078624198   1.077384629   1.076175358   1.074995367   1.073843683   1.072719373   1.071621543   1.070549338   1.069501937   1.068478555   1.067478436   1.066500857   1.065545121   1.064610562   1.063696536   1.062802429   1.061927645   1.061071615   1.060233789   1.05941364   1.058610657   1.057824352   1.05705425   1.056299899   1.055560857   1.054836702   1.054127026   1.053431433   1.052749545   1.052080993   1.051425423   1.050782491   1.050151867   1.049533229   1.04892627   1.048330688   1.047746195   1.047172509   1.046609361   1.046056486   1.045513631   1.04498055   1.044457003   1.043942759   1.043437595   1.042941293   1.042453642   1.041974438   1.041503483   1.041040584   1.040585556   1.040138216   1.039698389   1.039265904   1.038840596   1.038422302   1.038010868   1.03760614   1.037207971   1.036816217   
13.6959799   8.849047662e-06   1.140529749e-05   1.469997536e-05   1.89463901e-05   2.441946738e-05   3.147354759e-05   4.056532401e-05   5.228340531e-05   6.738641502e-05   8.685209187e-05   0.0001119405659   0.0001442758994   0.0001859511607   0.0002396638129   0.0003088901502   0.0003981100211   0.0005130962948   0.0006612876604   0.000852268642   0.001098387487   0.001415551235   0.001824248277   0.002350862701   0.00302936231   0.003903464321   0.005029410194   0.006479514728   0.0083466952   0.01075023413   0.01384308336   0.0178210748   0.02293445752   0.02950221942   0.03792965095   0.04872952768   0.06254706367   0.08018831373   0.1026508293   0.131153887   0.1671632472   0.2124019025   0.2688335117   0.3385994943   0.4238853321   0.5266894035   0.6484738235   0.78969838   0.9492819798   1.124099756   1.308689941   1.495372695   1.674923895   1.837779108   1.975515936   2.082196689   2.155165081   2.195095232   2.205375066   2.191112636   2.158098626   2.111967544   2.057659931   1.99917278   1.939525025   1.880852638   1.824562609   1.77149844   1.722090896   1.676482925   1.634626767   1.596355911   1.561436354   1.529601807   1.500576966   1.474092231   1.449892436   1.427741518   1.407424506   1.388747798   1.371538397   1.355642563   1.340924168   1.327262963   1.314552855   1.302700281   1.291622707   1.281247271   1.271509566   1.262352573   1.253725718   1.245584052   1.237887534   1.23060041   1.223690679   1.217129627   1.210891422   1.204952768   1.199292603   1.19389184   1.188733134   1.183800693   1.179080102   1.174558172   1.170222814   1.166062922   1.162068274   1.15822944   1.154537709   1.15098502   1.147563898   1.1442674   1.141089072   1.1380229   1.135063277   1.132204965   1.129443065   1.126772987   1.124190441   1.121691384   1.119272029   1.116928807   1.114658365   1.112457537   1.110323339   1.108252956   1.106243726   1.104293129   1.102398785   1.100558437   1.098769946   1.097031282   1.095340519   1.093695828   1.092095469   1.090537789   1.089021211   1.087544238   1.08610544   1.084703455   1.083336983   1.082004784   1.080705673   1.079438519   1.078202238   1.076995797   1.075818204   1.074668512   1.073545813   1.072449236   1.071377947   1.070331146   1.069308067   1.068307971   1.067330153   1.066373931   1.065438654   1.064523694   1.063628447   1.062752332   1.06189479   1.061055284   1.060233296   1.059428327   1.058639895   1.057867538   1.057110807   1.056369273   1.05564252   1.054930145   1.054231761   1.053546995   1.052875485   1.052216881   1.051570846   1.050937054   1.050315189   1.049704946   1.049106031   1.048518156   1.047941047   1.047374434   1.04681806   1.046271672   1.045735028   1.045207891   1.044690034   1.044181234   1.043681278   1.043189956   1.042707066   1.042232413   1.041765806   1.04130706   1.040855996   1.04041244   1.039976222   1.039547179   1.03912515   1.038709981   1.03830152   
13.94974874   6.925817141e-06   8.926499337e-06   1.150512285e-05   1.482863753e-05   1.911221919e-05   2.46331998e-05   3.174902114e-05   4.092037369e-05   5.274101794e-05   6.797621728e-05   8.761226813e-05   0.0001129203298   0.0001455386792   0.0001875787042   0.0002417614771   0.0003115937185   0.0004015944861   0.0005175871753   0.0006670755808   0.0008597281127   0.001108001092   0.001427940776   0.001840214869   0.002371438363   0.003055876327   0.003937628551   0.005073428646   0.006536224173   0.00841974538   0.01084431833   0.01396423278   0.01797703335   0.02313515723   0.02976038066   0.03826153542   0.04915587538   0.0630942457   0.08088972981   0.1035485673   0.1323006369   0.1686244158   0.2142577985   0.2711813496   0.3415547938   0.4275820752   0.531278072   0.6541162645   0.7965584735   0.9575115018   1.13381983   1.319970062   1.50821113   1.689234526   1.853389483   1.992178918   2.099614233   2.173018969   2.213077828   2.223213999   2.208586039   2.175040672   2.128266229   2.07324997   2.014026319   1.953642172   1.894252993   1.837278326   1.783568899   1.733558828   1.687391739   1.645018792   1.606271334   1.570912633   1.538673414   1.509275352   1.482445921   1.457927205   1.435480604   1.414888841   1.395956237   1.378507936   1.362388544   1.347460464   1.333602143   1.320706334   1.30867845   1.297435053   1.286902471   1.277015585   1.267716736   1.258954782   1.250684263   1.24286468   1.235459868   1.228437457   1.221768395   1.215426548   1.209388341   1.203632463   1.198139595   1.192892182   1.187874239   1.183071171   1.178469628   1.174057368   1.169823142   1.165756605   1.1618482   1.158089105   1.154471154   1.150986773   1.14762893   1.144391083   1.141267138   1.138251412   1.135338597   1.132523725   1.129802149   1.127169504   1.124621709   1.122154911   1.119765501   1.117450069   1.115205409   1.113028492   1.110916463   1.108866619   1.106876407   1.104943409   1.103065335   1.101240014   1.099465387   1.097739498   1.09606049   1.094426596   1.092836138   1.091287516   1.089779209   1.088309763   1.086877797   1.085481989   1.084121081   1.082793867   1.081499199   1.080235977   1.079003149   1.077799708   1.076624692   1.075477177   1.074356278   1.073261148   1.072190974   1.071144976   1.070122403   1.069122537   1.068144688   1.06718819   1.066252406   1.065336721   1.064440546   1.063563311   1.062704469   1.061863494   1.061039877   1.06023313   1.05944278   1.058668373   1.057909469   1.057165647   1.056436496   1.055721624   1.055020647   1.0543332   1.053658926   1.052997481   1.052348533   1.051711762   1.051086856   1.050473514   1.049871446   1.049280371   1.048700014   1.048130113   1.047570411   1.04702066   1.046480621   1.045950061   1.045428753   1.044916479   1.044413027   1.04391819   1.043431769   1.042953569   1.042483403   1.042021087   1.041566444   1.041119302   1.040679492   1.040246852   1.039821224   
14.20351759   5.419766378e-06   6.985391947e-06   9.003283701e-06   1.160408813e-05   1.495619117e-05   1.927661953e-05   2.484509074e-05   3.202212125e-05   4.127236432e-05   5.319468786e-05   6.856093791e-05   8.836589485e-05   0.0001138916522   0.0001467905791   0.000189192225   0.0002438410683   0.0003142739934   0.0004050489296   0.0005220393632   0.0006728136336   0.0008671233141   0.001117531868   0.001440223572   0.001856043898   0.002391836752   0.003082161909   0.003971498437   0.005117067856   0.006592445042   0.008492166211   0.01093759198   0.01408433851   0.01813164837   0.02333412803   0.0300163181   0.03859056124   0.04957855107   0.06363671549   0.08158510623   0.1044385765   0.1334375162   0.1700730111   0.2160977307   0.2735090014   0.3444846995   0.431247078   0.5358273805   0.6597103664   0.8033598886   0.9656707713   1.143457134   1.331154426   1.520940997   1.703424711   1.868869229   2.008703428   2.116888227   2.19072714   2.230915317   2.240910856   2.225922332   2.191851981   2.144441456   2.088724304   2.028772041   1.967659272   1.907560781   1.84990856   1.795560503   1.744954057   1.698233522   1.655349002   1.616129725   1.58033626   1.547696382   1.517928776   1.490758023   1.465923483   1.443184048   1.422320159   1.403134083   1.385449125   1.369108253   1.353972417   1.339918774   1.326838934   1.314637302   1.303229537   1.292541176   1.282506388   1.273066885   1.26417096   1.25577265   1.247831002   1.240309447   1.233175246   1.226399015   1.21995432   1.213817313   1.207966434   1.202382135   1.197046655   1.191943815   1.187058847   1.182378237   1.177889593   1.173581532   1.16944357   1.165466038   1.161640004   1.157957194   1.154409939   1.150991115   1.147694097   1.144512711   1.141441198   1.138474174   1.135606618   1.132833811   1.13015134   1.127555051   1.125041049   1.122605673   1.120245467   1.117957178   1.115737737   1.113584246   1.111493966   1.109464306   1.107492815   1.105577168   1.103715164   1.101904712   1.100143828   1.098430628   1.096763319   1.095140197   1.093559638   1.092020098   1.090520103   1.089058247   1.087633192   1.086243657   1.08488842   1.083566313   1.082276219   1.081017071   1.079787846   1.078587565   1.077415291   1.076270124   1.075151203   1.074057702   1.072988828   1.07194382   1.070921946   1.069922504   1.06894482   1.067988243   1.067052151   1.066135942   1.065239039   1.064360884   1.063500943   1.062658698   1.061833652   1.061025325   1.060233255   1.059456995   1.058696115   1.057950198   1.057218844   1.056501665   1.055798286   1.055108346   1.054431494   1.053767393   1.053115716   1.052476146   1.051848378   1.051232114   1.050627069   1.050032964   1.049449531   1.048876509   1.048313646   1.047760698   1.047217426   1.046683601   1.046159001   1.045643408   1.045136613   1.044638413   1.044148609   1.04366701   1.043193429   1.042727686   1.042269605   1.041819014   1.041375749   
14.45728643   4.240600621e-06   5.465597289e-06   7.044462182e-06   9.079417736e-06   1.170221522e-05   1.508266448e-05   1.943962747e-05   2.505518706e-05   3.229290833e-05   4.162137375e-05   5.364451539e-05   6.914070622e-05   8.911313868e-05   0.000114854748   0.000148031876   0.00019079208   0.0002459030463   0.0003169315676   0.0004084741156   0.0005264538432   0.0006785030879   0.0008744558819   0.001126981924   0.00145240234   0.001871738863   0.002412062378   0.003108224868   0.004005081467   0.005160337475   0.006648189767   0.008563973705   0.0110300757   0.01420342709   0.01828495403   0.02353141393   0.03027008833   0.03891680112   0.04999764814   0.06417459289   0.08227459658   0.1053210534   0.1345647761   0.1715093529   0.2179221045   0.2758169797   0.3473898561   0.4348811455   0.5403383262   0.6652573526   0.810104108   0.97376156   1.153013749   1.342245434   1.533565011   1.717497447   1.884221575   2.025092866   2.134022169   2.208293111   2.248611159   2.258468978   2.24312469   2.208535526   2.160495976   2.104085454   2.043412235   1.981578388   1.920777852   1.86245496   1.807474716   1.756277874   1.709009412   1.665618392   1.625931949   1.589707985   1.556671355   1.526537787   1.499028997   1.473881652   1.450852162   1.42971871   1.410281528   1.392362102   1.37580178   1.360460072   1.346212861   1.332950627   1.320576772   1.30900607   1.298163266   1.28798183   1.278402851   1.269374063   1.260849004   1.252786275   1.245148904   1.237903787   1.231021216   1.224474455   1.21823939   1.212294211   1.206619147   1.20119623   1.196009093   1.191042793   1.186283656   1.181719143   1.17733773   1.17312881   1.169082595   1.165190041   1.161442772   1.157833024   1.154353584   1.15099774   1.147759242   1.144632256   1.141611334   1.138691373   1.135867609   1.133135561   1.130491031   1.127930064   1.125448944   1.123044179   1.120712467   1.118450697   1.116255931   1.114125393   1.112056456   1.110046632   1.108093567   1.106195025   1.104348889   1.102553144   1.100805879   1.099105276   1.097449605   1.09583722   1.094266551   1.092736105   1.091244456   1.089790242   1.088372166   1.086988986   1.085639518   1.084322626   1.083037228   1.081782284   1.0805568   1.079359825   1.078190445   1.077047786   1.075931008   1.074839305   1.073771905   1.072728064   1.071707068   1.070708233   1.069730898   1.06877443   1.067838217   1.066921672   1.06602423   1.065145346   1.064284495   1.06344117   1.062614885   1.061805168   1.061011567   1.060233642   1.059470971   1.058723146   1.057989773   1.05727047   1.056564871   1.055872618   1.055193368   1.054526788   1.053872556   1.053230362   1.052599902   1.051980887   1.051373032   1.050776064   1.050189719   1.049613739   1.049047876   1.048491887   1.047945538   1.047408604   1.046880863   1.046362101   1.045852112   1.045350695   1.044857652   1.044372796   1.043895941   1.043426909   1.042965526   
14.71105528   3.317519842e-06   4.275863373e-06   5.511046512e-06   7.103040469e-06   9.154917712e-06   1.179952509e-05   1.520808451e-05   1.960127784e-05   2.526353367e-05   3.256144024e-05   4.196747656e-05   5.409059669e-05   6.971564612e-05   8.985415934e-05   0.0001158098229   0.0001492628351   0.0001923786112   0.0002479478518   0.0003195670091   0.0004118707761   0.0005308315588   0.0006841451596   0.0008817273831   0.001136353278   0.001464479681   0.00188730312   0.002432119565   0.003134070775   0.00403838482   0.005203246749   0.006703470261   0.00863518321   0.01112178926   0.01432152398   0.0184369831   0.02372705705   0.03052174556   0.03924032475   0.05041325612   0.06470799277   0.08295834805   0.1061961863   0.1356826569   0.1729337473   0.2197313087   0.2781057759   0.3502708812   0.4384850492   0.5448118651   0.6707583964   0.816792553   0.9817855666   1.162491673   1.353245391   1.546085772   1.731455608   1.899449623   2.041350497   2.151019416   2.225720256   2.266168679   2.27589158   2.260196168   2.225094172   2.176432441   2.119335851   2.057949111   1.995401517   1.933905997   1.874919124   1.819312957   1.767531535   1.719720516   1.675827933   1.635678855   1.599028544   1.565598969   1.535102929   1.507259305   1.4818021   1.458485266   1.43708475   1.417398771   1.399247016   1.382469228   1.366923492   1.352484429   1.339041401   1.326496818   1.314764575   1.303768639   1.293441786   1.283724486   1.274563922   1.265913139   1.257730294   1.249978018   1.242622848   1.235634749   1.228986694   1.222654299   1.216615513   1.21085034   1.205340609   1.200069766   1.195022696   1.190185566   1.18554569   1.181091411   1.176811992   1.172697531   1.168738873   1.164927544   1.161255681   1.157715985   1.15430166   1.151006377   1.147824231   1.144749704   1.141777633   1.138903179   1.136121817   1.133429287   1.13082159   1.128294957   1.125845847   1.123470917   1.121167014   1.118931161   1.116760544   1.114652499   1.112604507   1.110614178   1.108679248   1.106797568   1.104967097   1.103185897   1.101452122   1.09976402   1.098119919   1.09651823   1.094957434   1.093436087   1.091952807   1.090506277   1.089095238   1.087718487   1.086374873   1.085063294   1.083782699   1.082532077   1.081310462   1.080116927   1.078950584   1.07781058   1.076696098   1.075606351   1.074540586   1.073498079   1.072478131   1.071480074   1.070503263   1.069547078   1.068610921   1.06769422   1.066796418   1.065916985   1.065055404   1.06421118   1.063383836   1.062572909   1.061777956   1.060998545   1.060234262   1.059484706   1.05874949   1.058028239   1.057320593   1.0566262   1.055944722   1.055275833   1.054619216   1.053974563   1.053341578   1.052719973   1.052109471   1.051509801   1.050920701   1.050341919   1.049773209   1.049214333   1.048665059   1.048125163   1.047594429   1.047072644   1.046559604   1.04605511   1.045558969   1.045070993   1.044591   
14.96482412   2.595021865e-06   3.344655088e-06   4.310837273e-06   5.55612344e-06   7.161138915e-06   9.229799235e-06   1.189603785e-05   1.533247716e-05   1.976160407e-05   2.547017361e-05   3.28277725e-05   4.231074429e-05   5.453302393e-05   7.028587644e-05   9.058910997e-05   0.0001167570744   0.0001504837109   0.0001939521464   0.0002499759074   0.0003221808625   0.0004152396131   0.0005351734146   0.0006897410149   0.0008889393205   0.001145647868   0.001476458093   0.001902739885   0.002452012457   0.003159704972   0.004071415378   0.005245804547   0.006758297949   0.008705809439   0.01121275162   0.01443865358   0.01858776698   0.02392109784   0.03077134178   0.03956119896   0.05082546083   0.06523702526   0.08363650179   0.1070641559   0.1367913893   0.174346488   0.221525716   0.2803758611   0.3531283672   0.442059529   0.5492489138   0.676214621   0.823426587   0.9897444202   1.171892821   1.364156505   1.558505778   1.745301951   1.914556348   2.057479456   2.167883193   2.243011821   2.283591074   2.293181752   2.277139707   2.241530677   2.192253408   2.134477841   2.072384805   2.009130588   1.946946951   1.887302604   1.831076608   1.778716266   1.730367915   1.685978577   1.645371275   1.608298664   1.574479851   1.543624741   1.515449408   1.489685215   1.466083682   1.444418543   1.424486023   1.406104028   1.389110711   1.37336275   1.358733513   1.345111257   1.332397409   1.320504997   1.309357213   1.298886149   1.289031661   1.279740388   1.270964886   1.262662875   1.254796589   1.247332212   1.240239388   1.233490797   1.227061792   1.220930079   1.215075444   1.209479514   1.204125549   1.198998264   1.194083668   1.189368932   1.184842263   1.180492801   1.176310528   1.17228618   1.168411183   1.164677582   1.161077987   1.157605523   1.154253782   1.151016788   1.147888952   1.144865051   1.141940182   1.139109765   1.136369484   1.13371529   1.131143369   1.12865013   1.126232188   1.12388635   1.121609597   1.11939908   1.1172521   1.115166103   1.113138667   1.111167498   1.109250417   1.107385357   1.10557035   1.103803529   1.102083113   1.100407411   1.098774808   1.097183766   1.095632819   1.094120567   1.092645672   1.091206859   1.089802906   1.088432646   1.087094962   1.085788785   1.08451309   1.083266898   1.082049268   1.080859298   1.079696122   1.07855891   1.077446866   1.076359223   1.075295246   1.074254227   1.073235486   1.072238368   1.071262244   1.070306508   1.069370576   1.068453886   1.067555895   1.066676082   1.065813943   1.064968991   1.064140759   1.063328794   1.062532659   1.061751933   1.060986208   1.06023509   1.0594982   1.058775169   1.058065641   1.057369274   1.056685733   1.056014698   1.055355855   1.054708904   1.054073552   1.053449516   1.052836521   1.052234302   1.051642601   1.051061167   1.05048976   1.049928143   1.049376089   1.048833376   1.04829979   1.047775122   1.047259169   1.046751736   1.046252631   
15.21859296   2.029606001e-06   2.615905651e-06   3.371571648e-06   4.345529313e-06   5.600837086e-06   7.218769138e-06   9.304077278e-06   1.19917728e-05   1.545586731e-05   1.992063821e-05   2.567514821e-05   3.309195834e-05   4.265124558e-05   5.497188559e-05   7.085151118e-05   9.131813754e-05   0.0001176966919   0.0001516947475   0.0001955130002   0.0002519876187   0.0003247736506   0.0004185813003   0.000539480279   0.0006952917725   0.0008960931363   0.001154867552   0.00148833997   0.001918052244   0.002471745031   0.003185132583   0.004104179744   0.005288019378   0.006812683792   0.008775866515   0.01130298094   0.01455483931   0.01873733583   0.02411357507   0.03101892688   0.03987948788   0.05123434464   0.06576179605   0.08430919325   0.1079251354   0.1378911946   0.1757478568   0.223305684   0.2826276874   0.3559628826   0.4456052949   0.5536503522   0.6816271067   0.8300075185   0.997639685   1.181219032   1.374980899   1.570827427   1.759039126   1.929544608   2.073482754   2.184616601   2.260170926   2.300881418   2.31034247   2.293958139   2.2578477   2.207961343   2.14951369   2.08672138   2.022767469   1.959902393   1.899606904   1.842767011   1.789833259   1.740952664   1.696071252   1.655010026   1.617519057   1.583314622   1.552103759   1.523599764   1.497531386   1.473647736   1.451720356   1.4315435   1.412933307   1.395726357   1.379777932   1.364960164   1.351160212   1.338278534   1.326227294   1.314928922   1.304314828   1.294324265   1.284903331   1.276004097   1.26758385   1.259604436   1.252031685   1.244834923   1.237986544   1.231461637   1.22523767   1.219294211   1.213612687   1.208176175   1.202969223   1.197977683   1.193188583   1.188589997   1.184170943   1.179921286   1.175831658   1.171893384   1.168098416   1.164439279   1.160909014   1.15750114   1.154209606   1.151028759   1.147953308   1.144978295   1.14209908   1.139311296   1.136610843   1.133993858   1.131456705   1.128995957   1.12660838   1.124290916   1.122040679   1.119854935   1.117731097   1.115666712   1.113659455   1.111707118   1.109807605   1.107958924   1.106159181   1.104406572   1.102699382   1.101035975   1.099414792   1.097834345   1.096293215   1.094790048   1.093323546   1.091892474   1.090495647   1.089131932   1.087800245   1.086499547   1.085228843   1.083987178   1.082773639   1.081587347   1.080427459   1.079293167   1.078183694   1.077098292   1.076036244   1.074996859   1.073979472   1.072983446   1.072008164   1.071053033   1.070117483   1.069200964   1.068302945   1.067422914   1.066560378   1.065714862   1.064885905   1.064073064   1.063275911   1.062494032   1.061727027   1.060974509   1.060236105   1.059511454   1.058800205   1.058102021   1.057416575   1.056743549   1.056082636   1.055433541   1.054795974   1.054169656   1.053554319   1.052949699   1.052355542   1.051771602   1.051197641   1.050633426   1.050078731   1.04953334   1.048997039   1.048469623   1.047950892   
15.47236181   1.587184735e-06   2.045680623e-06   2.636623807e-06   3.398274731e-06   4.379946208e-06   5.645196107e-06   7.275942293e-06   9.377766217e-06   1.208674848e-05   1.557827885e-05   2.007841104e-05   2.587849715e-05   3.335404891e-05   4.298904634e-05   5.540726662e-05   7.141265986e-05   9.204138316e-05   0.0001186288572   0.0001528961794   0.0001970614749   0.000253983375   0.0003273458752   0.0004218964844   0.0005437529855   0.000700798507   0.0009031902151   0.001164014115   0.001500127612   0.001933243161   0.002491321109   0.00321035853   0.004136684262   0.005329899412   0.006866638317   0.008845367995   0.01139249471   0.01467010365   0.01888571858   0.02430452599   0.03126454876   0.04019525308   0.05163998666   0.06628240664   0.0849765525   0.1087792913   0.1389822852   0.1771381243   0.2250715564   0.2848616889   0.3587749733   0.4491230291   0.5580170254   0.6869968903   0.8365366043   1.005472863   1.190472071   1.38572061   1.583053022   1.772669679   1.944417153   2.08936329   2.20122262   2.277200572   2.318042673   2.327376601   2.310654195   2.274047803   2.223558627   2.164445585   2.100960831   2.036313968   1.972773952   1.911833485   1.85438547   1.800883673   1.751475792   1.706106869   1.664595908   1.626690424   1.592103894   1.560540514   1.531710829   1.505341003   1.481177756   1.458990464   1.438571425   1.419735028   1.402316299   1.386169136   1.371164444   1.357188297   1.344140192   1.331931439   1.320483712   1.309727749   1.299602202   1.290052634   1.281030639   1.272493073   1.264401395   1.256721089   1.249421166   1.242473733   1.235853621   1.229538062   1.223506407   1.217739887   1.212221398   1.206935319   1.20186735   1.197004377   1.192334342   1.18784614   1.183529525   1.179375021   1.175373857   1.171517893   1.167799566   1.164211838   1.160748152   1.157402386   1.154168821   1.151042098   1.148017213   1.145089459   1.142254417   1.139507939   1.136846114   1.134265263   1.131761916   1.129332796   1.12697481   1.124685034   1.122460699   1.120299185   1.118198009   1.116154814   1.114167365   1.112233538   1.110351315   1.108518777   1.106734097   1.104995536   1.103301435   1.101650216   1.100040371   1.09847046   1.096939111   1.095445011   1.093986904   1.09256359   1.091173921   1.089816796   1.088491164   1.087196014   1.085930379   1.084693332   1.083483981   1.082301471   1.081144984   1.080013729   1.078906949   1.077823916   1.076763929   1.075726314   1.074710422   1.07371563   1.072741334   1.071786956   1.070851938   1.06993574   1.069037844   1.068157749   1.067294971   1.066449044   1.065619518   1.064805956   1.06400794   1.063225063   1.062456933   1.061703169   1.060963406   1.060237287   1.05952447   1.058824621   1.058137419   1.057462552   1.056799718   1.056148625   1.05550899   1.054880536   1.054263   1.053656121   1.05305965   1.052473344   1.051896966   1.051330289   1.05077309   1.050225154   1.049686271   
15.72613065   1.241051927e-06   1.599559204e-06   2.06162975e-06   2.657180216e-06   3.424769344e-06   4.414094412e-06   5.689208818e-06   7.332669098e-06   9.450879869e-06   1.218098268e-05   1.569973472e-05   2.023495214e-05   2.608025855e-05   3.361409335e-05   4.33242099e-05   5.583924864e-05   7.196942766e-05   9.275898242e-05   0.0001195537452   0.0001540882317   0.0001985978607   0.0002559635505   0.0003298980186   0.0004251857871   0.0005479923353   0.0007062622508   0.0009102318875   0.001173089271   0.001511823229   0.001948315485   0.002510744358   0.003235387543   0.004168935025   0.0053714525   0.006920171639   0.00891432691   0.0114813097   0.0147844682   0.01903294304   0.02449398638   0.03150825345   0.04050855374   0.05204246288   0.06679895455   0.08563870452   0.1096267835   0.1400648654   0.1785175506   0.2268236631   0.2870782831   0.3615651639   0.4526133867   0.5623497455   0.6923249679   0.8430150526   1.013245399   1.199653638   1.3963776   1.595184778   1.786196058   1.959176625   2.105123848   2.217704121   2.294103649   2.335077689   2.344286905   2.327230505   2.290133462   2.239047557   2.179275641   2.11510509   2.049771834   1.985563207   1.923983764   1.865933253   1.81186864   1.761938303   1.716086316   1.674129705   1.635813455   1.600848269   1.56893553   1.539783058   1.513114453   1.488674074   1.466229144   1.445570026   1.426509378   1.408880681   1.392536466   1.377346424   1.363195552   1.349982395   1.337617419   1.326021547   1.315124852   1.304865391   1.295188199   1.286044394   1.277390409   1.269187319   1.261400264   1.253997942   1.246952179   1.240237549   1.233831049   1.227711819   1.221860893   1.216260987   1.210896315   1.205752426   1.200816064   1.196075041   1.191518133   1.18713498   1.182916003   1.178852332   1.174935737   1.17115857   1.167513714   1.163994535   1.160594843   1.157308852   1.154131146   1.151056648   1.148080609   1.145198555   1.142406286   1.139699847   1.137075513   1.13452977   1.132059305   1.129660985   1.12733185   1.125069098   1.122870074   1.120732265   1.118653285   1.116630869   1.114662868   1.112747236   1.110882031   1.109065401   1.107295585   1.105570903   1.103889755   1.102250614   1.100652021   1.099092584   1.097570974   1.096085917   1.094636199   1.093220654   1.091838167   1.090487672   1.089168144   1.087878604   1.08661811   1.085385759   1.084180684   1.083002054   1.081849069   1.080720959   1.079616987   1.078536442   1.07747864   1.076442923   1.075428657   1.074435232   1.073462059   1.072508573   1.071574227   1.070658494   1.069760865   1.068880851   1.068017977   1.067171786   1.066341837   1.065527703   1.064728971   1.063945244   1.063176136   1.062421274   1.061680298   1.060952858   1.060238617   1.059537249   1.058848436   1.058171871   1.057507259   1.05685431   1.056212746   1.055582297   1.054962699   1.054353699   1.053755049   1.053166511   1.052587851   1.052018844   1.051459271   
15.9798995   9.702883078e-07   1.250579121e-06   1.611838554e-06   2.077456281e-06   2.677578614e-06   3.4510603e-06   4.447980128e-06   5.732883215e-06   7.38895986e-06   9.523431516e-06   1.227449253e-05   1.5820257e-05   2.039028996e-05   2.628046906e-05   3.38721389e-05   4.365679715e-05   5.626791014e-05   7.252191574e-05   9.347106569e-05   0.0001204715238   0.000155271121   0.0002001224367   0.000257928505   0.0003324305444   0.0004284498059   0.0005521990984   0.0007116839964   0.0009172194329   0.00118209467   0.001523428946   0.001963271954   0.002530018309   0.003260224169   0.004200937891   0.005412686192   0.006973293483   0.008982755785   0.01156944203   0.01489795375   0.01917903597   0.02468199067   0.03175008522   0.04081944674   0.05244184637   0.06731153355   0.08629576948   0.1104677658   0.1411391314   0.1798863857   0.2285623216   0.2892778709   0.3643339589   0.4560769981   0.5666492932   0.6976122978   0.849444025   1.020958682   1.208765366   1.406953752   1.607224826   1.799620619   1.973825568   2.120767112   2.234063867   2.310882941   2.351989215   2.361076045   2.343689609   2.306107064   2.254430354   2.194005903   2.129156023   2.063142764   1.99827169   1.936059118   1.877411593   1.822789259   1.772341176   1.726010462   1.683612186   1.644888826   1.609548341   1.577289325   1.547816901   1.520852126   1.496137019   1.473436674   1.452539535   1.433256544   1.415419654   1.398880038   1.383506186   1.369182029   1.355805167   1.343285231   1.331542401   1.320506089   1.310113766   1.300309941   1.291045262   1.282275741   1.273962075   1.266069062   1.258565093   1.251421712   1.24461324   1.238116443   1.231910249   1.225975497   1.220294727   1.214851989   1.209632682   1.20462341   1.199811857   1.195186679   1.190737403   1.186454351   1.182328553   1.178351689   1.174516029   1.170814376   1.167240022   1.163786708   1.160448582   1.157220165   1.15409633   1.151072256   1.148143433   1.145305608   1.142554778   1.139887174   1.137299243   1.134787629   1.132349163   1.12998085   1.127679853   1.125443486   1.123269203   1.12115459   1.119097353   1.117095317   1.115146411   1.113248667   1.11140021   1.109599257   1.107844107   1.106133139   1.104464804   1.102837628   1.101250199   1.099701169   1.098189251   1.09671321   1.095271869   1.093864096   1.09248881   1.091144975   1.089831595   1.088547718   1.087292427   1.086064845   1.084864128   1.083689464   1.082540075   1.081415212   1.080314154   1.079236208   1.078180706   1.077147005   1.076134487   1.075142555   1.074170635   1.073218172   1.072284631   1.071369497   1.070472272   1.069592475   1.068729643   1.067883328   1.067053096   1.06623853   1.065439224   1.064654788   1.063884843   1.063129023   1.062386974   1.061658354   1.06094283   1.06024008   1.059549794   1.05887167   1.058205416   1.057550747   1.05690739   1.056275078   1.055653552   1.055042562   1.054441865   1.053851224   1.05327041   
16.23366834   7.585104561e-07   9.776242257e-07   1.260034193e-06   1.624024947e-06   2.093163003e-06   2.697822594e-06   3.47715223e-06   4.481609325e-06   5.776226991e-06   7.444824493e-06   9.595433938e-06   1.236729449e-05   1.593986691e-05   2.054445184e-05   2.647916396e-05   3.4128231e-05   4.398686667e-05   5.669332661e-05   7.307022141e-05   9.41777584e-05   0.0001213823546   0.0001564450557   0.0002016354715   0.0002598785845   0.0003349438986   0.0004316891156   0.0005563740159   0.0007170646989   0.0009241540818   0.001191031897   0.001534946807   0.001978115201   0.002549146356   0.003284872781   0.004232698497   0.005453607749   0.007026013203   0.009050666672   0.01165690724   0.01501058027   0.01932402308   0.02486857195   0.03199008664   0.04112798682   0.05283820743   0.06782023384   0.08694786299   0.1113023859   0.1422052722   0.1812448702   0.2302878373   0.2914608384   0.3670818436   0.4595144695   0.57091642   0.7028598019   0.8558246393   1.028614047   1.217808825   1.417450881   1.61917522   1.812945631   1.988366433   2.136295665   2.250304521   2.327541132   2.3687799   2.37774659   2.360033957   2.321970914   2.269709162   2.208638347   2.143115439   2.0764284   2.010900885   1.948060885   1.88882169   1.833646604   1.782685368   1.735880156   1.693044103   1.653917203   1.618204695   1.585602413   1.555812803   1.528554408   1.503566925   1.480613338   1.45948019   1.439976722   1.421933374   1.405199974   1.38964382   1.375147787   1.361608541   1.348934884   1.33704626   1.325871426   1.315347272   1.305417786   1.296033152   1.287148965   1.278725545   1.270727354   1.263122475   1.255882178   1.24898053   1.242394069   1.236101512   1.230083508   1.22432242   1.218802136   1.213507907   1.208426198   1.203544566   1.198851548   1.194336563   1.189989827   1.185802278   1.181765506   1.177871696   1.174113575   1.170484361   1.166977725   1.163587751   1.160308903   1.157135988   1.154064144   1.151088789   1.14820564   1.145410642   1.142699983   1.140070067   1.137517502   1.135039079   1.132631768   1.130292699   1.128019154   1.125808557   1.123658463   1.121566552   1.119530622   1.117548576   1.115618422   1.113738262   1.111906291   1.110120786   1.108380106   1.106682684   1.105027024   1.103411698   1.101835342   1.100296649   1.098794371   1.097327314   1.095894332   1.09449433   1.093126257   1.091789106   1.09048191   1.089203742   1.087953711   1.086730963   1.085534675   1.084364059   1.083218353   1.082096829   1.080998783   1.079923539   1.078870444   1.077838872   1.076828217   1.075837896   1.074867349   1.073916031   1.072983421   1.072069013   1.071172321   1.070292873   1.069430215   1.068583908   1.067753526   1.066938661   1.066138915   1.065353904   1.064583256   1.063826613   1.063083626   1.062353958   1.061637284   1.060933287   1.060241661   1.059562109   1.058894344   1.058238086   1.057593065   1.056959019   1.056335693   1.05572284   1.055120221   
16.48743719   5.92889507e-07   7.6415974e-07   9.849054394e-07   1.269418758e-06   1.636120467e-06   2.108752599e-06   2.717915613e-06   3.503049591e-06   4.514987747e-06   5.819247551e-06   7.500272542e-06   9.666899435e-06   1.245940443e-05   1.605858488e-05   2.069746414e-05   2.667637718e-05   3.438241343e-05   4.431447485e-05   5.711557074e-05   7.361443836e-05   9.487918128e-05   0.0001222863934   0.0001576102364   0.0002031372236   0.0002618141223   0.0003374385107   0.0004349042698   0.000560517801   0.0007224052775   0.0009310370191   0.001199902479   0.00154637878   0.001992847763   0.002568131766   0.003309337592   0.004264222269   0.005494224163   0.007078339807   0.009118071173   0.01174372027   0.01512236701   0.01946792914   0.0250537621   0.0322282987   0.04143422667   0.05323161374   0.06832514226   0.08759509634   0.1121307865   0.1432634696   0.1825932356   0.232000504   0.2936275573   0.3698092854   0.4629263847   0.5751518493   0.708068368   0.8621579724   1.036212782   1.226785532   1.427870735   1.631037933   1.826173278   2.00280158   2.151711999   2.266428649   2.34408081   2.385452299   2.394301018   2.376265915   2.337727241   2.284886056   2.223174886   2.156985088   2.089630335   2.023452234   1.959990363   1.900164709   1.844441719   1.792971811   1.74569623   1.702426193   1.662899239   1.626817907   1.593875298   1.563771207   1.536221683   1.510964122   1.487759417   1.466392228   1.446670111   1.428422004   1.411496402   1.395759423   1.381092897   1.367392561   1.354566397   1.34253312   1.331220839   1.320565866   1.310511675   1.301007988   1.292009988   1.283477623   1.275375019   1.267669959   1.260333435   1.253339267   1.246663765   1.240285439   1.234184747   1.22834388   1.222746564   1.217377902   1.212224224   1.207272958   1.202512527   1.197932239   1.193522209   1.189273281   1.185176956   1.181225338   1.177411074   1.173727312   1.170167654   1.166726119   1.16339711   1.160175382   1.157056009   1.154034377   1.151106132   1.148267188   1.145513687   1.142841991   1.14024867   1.137730478   1.13528435   1.132907382   1.130596825   1.128350072   1.126164651   1.124038213   1.121968529   1.119953478   1.117991044   1.116079306   1.114216436   1.112400691   1.110630409   1.108904004   1.107219962   1.105576836   1.103973245   1.102407867   1.100879438   1.099386747   1.097928635   1.096503992   1.095111753   1.0937509   1.092420451   1.091119468   1.08984705   1.088602328   1.087384472   1.08619268   1.085026183   1.08388424   1.082766141   1.081671197   1.08059875   1.079548163   1.078518823   1.077510139   1.076521541   1.075552479   1.074602424   1.073670863   1.072757302   1.071861264   1.070982288   1.070119929   1.069273755   1.068443351   1.067628314   1.066828255   1.066042797   1.065271575   1.064514236   1.06377044   1.063039853   1.062322157   1.061617039   1.0609242   1.060243347   1.059574196   1.058916474   1.058269915   1.057634258   1.057009255   
16.74120603   4.633816148e-07   5.972404196e-07   7.69767517e-07   9.921331561e-07   1.278734372e-06   1.648127117e-06   2.124227655e-06   2.737861004e-06   3.528756678e-06   4.54812093e-06   5.861952028e-06   7.5553132e-06   9.737839856e-06   1.255083762e-05   1.617643061e-05   2.084935221e-05   2.687214142e-05   3.46347283e-05   4.463967601e-05   5.753471253e-05   7.41546568e-05   9.557545063e-05   0.00012318379   0.0001587668561   0.0002046279419   0.0002637354391   0.0003399147943   0.0004380958015   0.0005646311406   0.0007277066176   0.000937869386   0.001208707887   0.001557726759   0.002007472082   0.002586977687   0.003333622657   0.004295514434   0.005534542166   0.00713028197   0.009184980461   0.01182989549   0.01523333249   0.019610778   0.02523759179   0.03246476087   0.04173821703   0.05362213048   0.06882634247   0.08823757673   0.1129531046   0.1443138987   0.183931705   0.2337006049   0.2957783853   0.3725167343   0.466313306   0.5793562779   0.7132388511   0.8684450609   1.043756128   1.235696943   1.438214999   1.642814871   1.839305668   2.017133285   2.167018514   2.282438728   2.36050447   2.40200888   2.410741724   2.39238777   2.353378199   2.299963043   2.237617373   2.170766667   2.102750114   2.035927137   1.971848815   1.911441788   1.855175621   1.803201416   1.755459496   1.711759181   1.671835574   1.635388544   1.602108481   1.571692551   1.543854332   1.518328942   1.494875198   1.473275894   1.453336914   1.434885711   1.417769458   1.401853101   1.387017435   1.373157278   1.360179798   1.348002987   1.336554313   1.325769515   1.315591557   1.305969705   1.29685873   1.288218216   1.280011953   1.272207425   1.264775354   1.257689312   1.250925384   1.244461873   1.238279052   1.232358935   1.226685094   1.221242483   1.216017296   1.210996838   1.206169414   1.201524225   1.197051287   1.192741348   1.188585824   1.184576734   1.180706651   1.17696865   1.173356266   1.169863454   1.166484558   1.163214277   1.160047634   1.15697995   1.154006849   1.151124178   1.148328046   1.145614774   1.142980892   1.140423119   1.137938353   1.13552366   1.133176257   1.130893508   1.128672912   1.126512094   1.124408797   1.122360877   1.120366292   1.118423101   1.116529452   1.114683582   1.112883809   1.111128527   1.109416204   1.107745377   1.106114646   1.104522673   1.102968177   1.101449935   1.099966772   1.098517564   1.097101234   1.095716747   1.094363113   1.09303938   1.091744635   1.090477999   1.08923863   1.088025717   1.08683848   1.085676169   1.084538062   1.083423466   1.082331709   1.081262148   1.080214162   1.079187151   1.078180539   1.077193767   1.076226299   1.075277615   1.074347215   1.073434615   1.072539347   1.07166096   1.070799017   1.069953096   1.069122789   1.068307702   1.067507452   1.066721668   1.065949994   1.065192083   1.064447599   1.063716216   1.06299762   1.062291504   1.061597573   1.06091554   1.060245125   1.059586059   1.05893808   
16.99497487   3.62124607e-07   4.667329196e-07   6.015598285e-07   7.753346899e-07   9.993085391e-07   1.287982535e-06   1.660046831e-06   2.13959066e-06   2.757661976e-06   3.554277628e-06   4.581014205e-06   5.904347295e-06   7.609955325e-06   9.80826662e-06   1.264160876e-05   1.629342304e-05   2.100014051e-05   2.70664882e-05   3.488521625e-05   4.496252248e-05   5.795081944e-05   7.469096369e-05   9.626667851e-05   0.0001240746889   0.0001599151012   0.0002061078664   0.0002656428443   0.0003423731479   0.0004412642243   0.000568714697   0.0007329695725   0.0009446522821   0.001217449539   0.001568992573   0.002021990512   0.002605687153   0.003357731884   0.004326580027   0.005574568249   0.00718184805   0.009251405304   0.01191544679   0.01534349457   0.01975259265   0.02542009063   0.03269951122   0.04204000681   0.05400982047   0.06932391506   0.08887540747   0.1137694724   0.1453567283   0.1852604934   0.2353884129   0.2979136676   0.375204624   0.4696757754   0.5835303777   0.7183720757   0.8746869045   1.051245279   1.244544465   1.448485295   1.654507871   1.852344832   2.031363744   2.182217527   2.298337145   2.376814523   2.418452025   2.427071021   2.408401731   2.368925871   2.314942064   2.251967602   2.18446182   2.115789235   2.048326951   1.983637468   1.92265403   1.865849304   1.813375071   1.765170747   1.721043772   1.680726837   1.643917164   1.610302453   1.579577269   1.551452737   1.525661714   1.501960965   1.48013143   1.459977338   1.441324666   1.42401928   1.407924964   1.392921485   1.378902751   1.365775123   1.353455877   1.341871844   1.330958197   1.320657394   1.310918247   1.301695124   1.29294724   1.28463806   1.27673477   1.26920782   1.262030539   1.255178789   1.248630671   1.242366268   1.236367428   1.23061756   1.225101476   1.219805236   1.214716022   1.209822021   1.20511233   1.200576864   1.196206279   1.191991903   1.187925676   1.184000094   1.180208161   1.176543345   1.172999539   1.169571027   1.16625245   1.163038776   1.159925297   1.156907557   1.153981384   1.151142833   1.148388187   1.145713939   1.143116771   1.140593548   1.138141301   1.135757218   1.133438633   1.131183015   1.128987963   1.126851195   1.124770541   1.122743937   1.120769417   1.11884511   1.11696923   1.115140077   1.113356025   1.111615524   1.109917093   1.108259316   1.106640839   1.105060366   1.103516656   1.102008522   1.100534826   1.099094478   1.097686429   1.096309678   1.09496326   1.093646251   1.092357761   1.091096937   1.089862958   1.088655033   1.087472404   1.08631434   1.085180135   1.084069114   1.082980622   1.08191403   1.080868731   1.07984414   1.078839693   1.077854846   1.076889071   1.075941862   1.075012728   1.074101195   1.073206807   1.072329119   1.071467705   1.070622151   1.069792056   1.068977033   1.068176707   1.067390715   1.066618706   1.065860339   1.065115284   1.064383222   1.063663843   1.062956846   1.06226194   1.061578843   1.06090728   
17.24874372   2.829650402e-07   3.647062298e-07   4.700603056e-07   6.058484091e-07   7.80862129e-07   1.00643271e-06   1.297164692e-06   1.671881472e-06   2.154844017e-06   2.777321626e-06   3.579616431e-06   4.613672716e-06   5.94643998e-06   7.664207461e-06   9.878190737e-06   1.273173206e-05   1.640958049e-05   2.114985261e-05   2.725944789e-05   3.513391642e-05   4.528306476e-05   5.836395654e-05   7.522344287e-05   9.695297299e-05   0.0001249592292   0.000161055151   0.0002075772285   0.0002675366361   0.0003448139559   0.0004444100336   0.0005727691085   0.000738194965   0.0009513867678   0.0012261288   0.001580177981   0.002036405323   0.002624263089   0.003381669044   0.004357423905   0.005614308668   0.00723304611   0.009317356087   0.01200038754   0.01545287048   0.01989339526   0.02560128712   0.03293258641   0.04233964317   0.05439474428   0.06981793777   0.08950868817   0.1145800174   0.1463921213   0.1865798081   0.2370641912   0.3000337366   0.377873373   0.4730143154   0.5876747961   0.7234688365   0.8808844673   1.058681388   1.253329454   1.45868319   1.666118705   1.86529273   2.045495074   2.197311275   2.31412621   2.393013298   2.434784037   2.443291142   2.424309935   2.384372273   2.329825   2.266227308   2.198072142   2.128749151   2.060652997   1.995357516   1.933802511   1.876463735   1.823493644   1.774830759   1.73028066   1.689573646   1.652404314   1.618457701   1.587425788   1.559017271   1.532962767   1.509017002   1.486959081   1.466591591   1.447739046   1.430246013   1.413975128   1.398805137   1.384629046   1.371352416   1.358891813   1.347173437   1.336131899   1.325709155   1.315853571   1.306519109   1.297664625   1.289253257   1.281251895   1.273630726   1.266362833   1.259423857   1.252791699   1.246446257   1.240369208   1.234543807   1.228954721   1.223587879   1.218430337   1.213470172   1.208696372   1.204098754   1.199667883   1.195395001   1.191271968   1.187291205   1.183445644   1.179728687   1.176134166   1.172656306   1.169289688   1.166029247   1.162870189   1.159808048   1.15683859   1.153957829   1.151162012   1.148447591   1.145811216   1.143249714   1.140760086   1.138339488   1.135985225   1.133694738   1.1314656   1.129295502   1.12718225   1.125123757   1.123118034   1.121163189   1.119257416   1.117398994   1.115586279   1.113817704   1.112091769   1.110407041   1.108762151   1.107155787   1.105586694   1.104053671   1.102555565   1.101091273   1.099659735   1.098259936   1.096890899   1.09555169   1.094241407   1.092959186   1.091704197   1.090475639   1.089272743   1.08809477   1.086941006   1.085810764   1.084703384   1.083618228   1.082554681   1.08151215   1.080490064   1.079487872   1.078505039   1.077541052   1.076595415   1.075667646   1.074757283   1.073863877   1.072986994   1.072126215   1.071281135   1.07045136   1.069636511   1.06883622   1.068050131   1.067277898   1.066519186   1.065773673   1.065041044   1.064320994   1.063613227   1.062917458   
17.50251256   2.210875484e-07   2.849539525e-07   3.672696869e-07   4.733642782e-07   6.101068128e-07   7.863506739e-07   1.013506752e-06   1.306282238e-06   1.683632837e-06   2.169990043e-06   2.79684294e-06   3.604776936e-06   4.646101424e-06   5.988236478e-06   7.718077848e-06   9.947622829e-06   1.282122119e-05   1.652492058e-05   2.129851125e-05   2.745104981e-05   3.53808666e-05   4.560135151e-05   5.877418657e-05   7.575217523e-05   9.763443832e-05   0.0001258375454   0.0001621871788   0.0002090362513   0.0002694171021   0.000347237589   0.0004475337074   0.000576794991   0.0007433835889   0.0009580738661   0.00123474699   0.001591284682   0.002050718705   0.002642708315   0.003405437771   0.004388050753   0.005653769459   0.007283883925   0.009382842827   0.01208473064   0.01556147682   0.0200332072   0.02578120879   0.03316402185   0.04263717161   0.05477696036   0.07030848558   0.09013751494   0.1153848626   0.1474202345   0.187889849   0.2387281937   0.3021389135   0.3805233849   0.4763294305   0.5917901584   0.7285299006   0.8870386797   1.066065567   1.262053219   1.468810195   1.677649081   1.878151254   2.059529322   2.212301919   2.329808149   2.409103042   2.451007139   2.45940425   2.440114449   2.399719355   2.344613671   2.280398177   2.211599178   2.141631275   2.072906557   2.007010119   1.944888279   1.887019855   1.833557982   1.784440293   1.739470524   1.698376606   1.660850534   1.626574702   1.595238532   1.566548309   1.540232429   1.516043596   1.493759095   1.473179884   1.454129028   1.436449807   1.420003714   1.404668486   1.390336236   1.376911727   1.364310825   1.352459103   1.341290616   1.330746821   1.320775639   1.311330636   1.302370307   1.293857468   1.285758717   1.278043975   1.270686087   1.263660474   1.256944835   1.250518888   1.24436414   1.238463692   1.232802069   1.227365068   1.222139624   1.2171137   1.21227618   1.207616783   1.203125983   1.198794937   1.194615426   1.190579795   1.186680907   1.182912099   1.179267141   1.175740198   1.172325804   1.16901882   1.165814443   1.162708116   1.159695588   1.156772828   1.15393604   1.151181641   1.148506243   1.145906641   1.143379804   1.140922856   1.138533074   1.136207871   1.133944793   1.131741506   1.129595793   1.127505541   1.125468741   1.123483479   1.121547929   1.11966035   1.11781908   1.116022533   1.114269193   1.112557611   1.1108864   1.109254234   1.107659844   1.106102013   1.104579577   1.103091417   1.101636462   1.100213684   1.098822096   1.097460751   1.096128737   1.094825179   1.093549237   1.0923001   1.09107699   1.089879158   1.088705883   1.087556468   1.086430244   1.085326566   1.084244811   1.08318438   1.082144693   1.08112519   1.080125334   1.079144602   1.078182492   1.077238517   1.076312208   1.07540311   1.074510784   1.073634805   1.072774762   1.071930258   1.071100907   1.070286336   1.069486185   1.068700104   1.067927753   1.067168804   1.066422939   1.06568985   1.064969236   
17.75628141   1.727244178e-07   2.226199806e-07   2.869290643e-07   3.698153567e-07   4.766453254e-07   6.143356685e-07   7.918011352e-07   1.020531708e-06   1.31533652e-06   1.695302663e-06   2.185030975e-06   2.816228799e-06   3.629762858e-06   4.678305116e-06   6.02974296e-06   7.771574442e-06   1.001657315e-05   1.291008939e-05   1.663946036e-05   2.144613839e-05   2.764132225e-05   3.562610325e-05   4.591742976e-05   5.918157012e-05   7.627723885e-05   9.831117513e-05   0.0001267097672   0.0001633113518   0.0002104851503   0.0002712845201   0.0003496444052   0.0004506357067   0.0005807929389   0.0007485362103   0.0009647145646   0.00124330538   0.001602314318   0.00206493277   0.002661025557   0.003429041575   0.004418465095   0.00569295645   0.007334369003   0.009447875192   0.01216848854   0.01566932963   0.02017204913   0.0259598822   0.03339385169   0.04293263604   0.05515652511   0.07079563088   0.09076198054   0.1161841266   0.1484412196   0.1891908093   0.2403806653   0.3042295079   0.3831550492   0.4796216073   0.5958770677   0.7335560085   0.8931504396   1.073398892   1.270717025   1.478867771   1.689100653   1.890922231   2.073468464   2.227191543   2.345385116   2.425085931   2.467123484   2.475412437   2.455817274   2.414969006   2.359309841   2.294481842   2.225044429   2.154436976   2.085088878   2.018596407   1.955912354   1.897518585   1.843568911   1.794000088   1.748614028   1.707136312   1.669256354   1.634653929   1.603015919   1.57404622   1.547471023   1.523041029   1.500531717   1.479742429   1.460494794   1.442630812   1.426010848   1.410511635   1.396024397   1.382453114   1.369712952   1.357728863   1.34643435   1.335770377   1.325684426   1.316129664   1.307064234   1.29845063   1.29025516   1.282447485   1.275000208   1.267888535   1.261089968   1.254584041   1.248352096   1.242377082   1.23664338   1.231136659   1.225843732   1.22075245   1.215851595   1.211130787   1.206580411   1.20219154   1.197955874   1.193865686   1.18991377   1.186093397   1.182398276   1.178822516   1.175360593   1.172007321   1.168757838   1.165607568   1.162552185   1.159587633   1.156710074   1.153915888   1.151201653   1.148564129   1.146000254   1.143507121   1.141081978   1.138722212   1.13642534   1.134189006   1.132010966   1.129889086   1.127821335   1.125805777   1.123840567   1.121923943   1.120054227   1.118229812   1.116449168   1.114710827   1.113013388   1.111355509   1.109735907   1.108153352   1.106606663   1.105094712   1.103616413   1.102170728   1.100756657   1.09937324   1.098019558   1.096694724   1.095397886   1.094128227   1.092884957   1.091667318   1.09047458   1.089306039   1.088161017   1.087038861   1.08593894   1.084860648   1.083803397   1.082766622   1.081749777   1.080752333   1.079773783   1.078813632   1.077871406   1.076946644   1.076038902   1.075147748   1.074272768   1.073413557   1.072569725   1.071740896   1.070926703   1.070126791   1.069340818   1.068568451   1.067809367   1.067063253   
18.01005025   1.349280646e-07   1.739052509e-07   2.241419254e-07   2.888906591e-07   3.723436049e-07   4.799039183e-07   6.185355835e-07   7.972142954e-07   1.027508589e-06   1.324328838e-06   1.706892625e-06   2.199968971e-06   2.835481989e-06   3.654577785e-06   4.710288418e-06   6.070965386e-06   7.824704925e-06   1.00850516e-05   1.29983494e-05   1.675321627e-05   2.159275521e-05   2.783029253e-05   3.586966159e-05   4.623134487e-05   5.958616568e-05   7.679870912e-05   9.89832806e-05   0.0001275760199   0.0001644278313   0.0002119241336   0.0002731391581   0.00035203475   0.0004537164772   0.0005847635264   0.0007536535691   0.0009713098167   0.0012518052   0.001613268472   0.002079049561   0.002679217444   0.003452483847   0.004448671296   0.005731875267   0.007384508592   0.009512462521   0.01225167326   0.01577644439   0.02030994098   0.02613733299   0.03362210894   0.04322607886   0.055533493   0.07127944357   0.09138217457   0.1169779241   0.1494552231   0.1904828753   0.2420218428   0.3063058191   0.3857687422   0.482891316   0.5999361069   0.7385478754   0.8992206147   1.080682399   1.279322092   1.488857328   1.700475016   1.90360743   2.087314409   2.241982167   2.360859194   2.440964067   2.483135153   2.491317725   2.471420347   2.430123057   2.37391522   2.308479885   2.23840935   2.167167586   2.09720117   2.030117478   1.96687573   1.907960821   1.853527239   1.803510873   1.757711825   1.715853347   1.677622294   1.642695846   1.610758361   1.581511369   1.554678873   1.530009586   1.507277194   1.486279441   1.466836526   1.448789185   1.431996659   1.416334687   1.401693614   1.387976639   1.375098236   1.362982742   1.351563111   1.340779819   1.330579911   1.320916161   1.311746361   1.303032686   1.294741158   1.286841175   1.279305108   1.272107947   1.265226994   1.258641607   1.252332961   1.246283852   1.240478525   1.234902516   1.229542521   1.224386278   1.219422467   1.214640613   1.210031009   1.205584646   1.201293147   1.19714871   1.193144062   1.189272409   1.185527397   1.18190308   1.178393882   1.174994563   1.171700218   1.168506211   1.165408193   1.162402056   1.159483925   1.156650144   1.153897255   1.151221987   1.148621243   1.146092089   1.143631744   1.141237566   1.138907048   1.136637807   1.134427576   1.132274199   1.130175623   1.128129891   1.126135136   1.124189581   1.122291525   1.120439348   1.118631499   1.116866496   1.115142922   1.113459421   1.111814693   1.110207496   1.108636636   1.10710097   1.105599402   1.10413088   1.102694394   1.101288973   1.099913686   1.098567637   1.097249963   1.095959837   1.094696461   1.093459067   1.092246916   1.091059297   1.089895524   1.088754934   1.08763689   1.086540777   1.085466003   1.084411993   1.083378195   1.082364075   1.081369116   1.080392822   1.079434709   1.078494312   1.077571181   1.076664879   1.075774986   1.074901092   1.074042803   1.073199737   1.072371523   1.071557801   1.070758225   1.069972457   1.06920017   
18.2638191   1.053928248e-07   1.358380537e-07   1.75078112e-07   2.256535955e-07   2.908390111e-07   3.748547847e-07   4.831405121e-07   6.227071444e-07   8.025909109e-07   1.034438367e-06   1.333260448e-06   1.718404342e-06   2.21480612e-06   2.854605199e-06   3.679225185e-06   4.742055797e-06   6.111909516e-06   7.877476718e-06   1.015306774e-05   1.308601356e-05   1.68662042e-05   2.173838222e-05   2.801798706e-05   3.611157565e-05   4.654314072e-05   5.998802978e-05   7.73166589e-05   9.965084862e-05   0.0001284364244   0.0001655367734   0.0002133534021   0.0002749812753   0.0003544089574   0.0004567764491   0.0005887073081   0.0007587363803   0.0009778605438   0.001260247638   0.001624148673   0.002093071049   0.002697286517   0.00347576786   0.004478673576   0.005770531347   0.007434309697   0.009576613836   0.01233429643   0.01588283607   0.020446902   0.02631358596   0.03384882546   0.04351754106   0.05590791666   0.07175999118   0.09199818358   0.1177663658   0.1504623862   0.1917662272   0.2436519549   0.3083681362   0.3883648274   0.4861390108   0.6039678389   0.7435061925   0.9052500432   1.087917092   1.2878696   1.498780229   1.711773713   1.916208557   2.101069004   2.256675741   2.376232398   2.456739486   2.499044162   2.507122075   2.486925545   2.445183281   2.388431467   2.322393844   2.251695356   2.179824398   2.109244612   2.041574402   1.977779376   1.918347439   1.863433754   1.812973355   1.76676455   1.724528282   1.685948868   1.650700909   1.618466267   1.588944119   1.561856299   1.536949547   1.513995775   1.492791134   1.47315441   1.454925083   1.437961279   1.422137753   1.407343975   1.393482371   1.380466727   1.368220771   1.356676915   1.345775148   1.335462081   1.325690102   1.31641665   1.307603587   1.29921665   1.29122498   1.283600712   1.276318622   1.269355821   1.262691484   1.256306625   1.25018389   1.244307383   1.238662514   1.233235859   1.228015048   1.222988656   1.218146114   1.213477629   1.208974106   1.20462709   1.20042871   1.196371622   1.192448969   1.188654337   1.184981718   1.181425499   1.177980373   1.17464139   1.171403877   1.168263436   1.165215918   1.162257414   1.159384227   1.156592868   1.153880031   1.151242589   1.148677578   1.146182187   1.143753749   1.141389731   1.139087724   1.136845438   1.134660695   1.132531419   1.130455633   1.128431452   1.126457077   1.124530791   1.122650955   1.120816002   1.119024435   1.117274819   1.115565785   1.113896019   1.112264263   1.110669312   1.109110009   1.107585247   1.106093961   1.104635129   1.10320777   1.101810943   1.100443739   1.099105289   1.097794753   1.096511326   1.095254231   1.094022719   1.092816071   1.091633592   1.090474614   1.08933849   1.0882246   1.087132341   1.086061134   1.08501042   1.083979659   1.082968327   1.081975921   1.081001953   1.080045951   1.07910746   1.078186037   1.077281257   1.076392705   1.075519983   1.074662703   1.073820489   1.072992978   1.072179818   1.071380667   
18.51758794   8.231539317e-08   1.060941562e-07   1.367419813e-07   1.762431607e-07   2.271551962e-07   2.927743849e-07   3.773492374e-07   4.863555468e-07   6.268509184e-07   8.079317126e-07   1.041321986e-06   1.342132564e-06   1.729839379e-06   2.229544438e-06   2.873601028e-06   3.703708407e-06   4.773611573e-06   6.152580915e-06   7.929896997e-06   1.022063083e-05   1.317309379e-05   1.697843952e-05   2.18830392e-05   2.820443135e-05   3.635187831e-05   4.685285969e-05   6.038721705e-05   7.783115859e-05   0.0001003139699   0.0001292910977   0.0001666383288   0.0002147731503   0.0002768111221   0.0003567673501   0.0004598160385   0.0005926248202   0.0007637853349   0.0009843676365   0.00126863384   0.001634956402   0.00210699914   0.002715235233   0.00349889678   0.004508476015   0.005808929944   0.007483779086   0.009640337857   0.01241636928   0.01598851912   0.02058295081   0.02648866505   0.03407403208   0.04380706225   0.05627984698   0.07223733901   0.09261009124   0.1185495588   0.1514628457   0.1930410392   0.2452712226   0.3104167386   0.3909436565   0.489365131   0.6079728082   0.7484316278   0.9112395357   1.095103939   1.296360691   1.508637792   1.722998235   1.92872726   2.114734037   2.271274153   2.391506676   2.472414157   2.51485246   2.522827384   2.502334687   2.460151397   2.402860189   2.336225209   2.264903819   2.192408669   2.121220351   2.05296822   1.988624234   1.92867929   1.873289226   1.82238823   1.775772829   1.733161679   1.694236578   1.65866957   1.626140038   1.596344827   1.569003618   1.543861194   1.520687704   1.499277724   1.479448633   1.461038666   1.443904844   1.427920945   1.412975571   1.398970381   1.38581848   1.373442991   1.361775784   1.350756372   1.340330932   1.330451468   1.321075071   1.312163293   1.303681586   1.295598837   1.287886948   1.280520484   1.273476361   1.266733579   1.260272989   1.254077088   1.248129843   1.242416535   1.236923624   1.231638631   1.22655003   1.221647157   1.21692013   1.212359774   1.207957557   1.203705535   1.199596297   1.195622922   1.191778939   1.188058286   1.184455277   1.180964591   1.177581198   1.174300396   1.171117745   1.16802905   1.165030368   1.162117965   1.159288317   1.156538087   1.153864116   1.151263411   1.148733132   1.146270585   1.143873211   1.141538579   1.139264374   1.137048394   1.134888545   1.132782827   1.130729335   1.128726253   1.126771846   1.124864456   1.1230025   1.121184465   1.119408902   1.117674426   1.115979708   1.114323478   1.112704516   1.111121655   1.109573773   1.108059795   1.106578687   1.105129459   1.103711155   1.10232286   1.100963694   1.099632807   1.098329384   1.097052641   1.095801819   1.094576192   1.093375056   1.092197736   1.091043577   1.08991195   1.088802248   1.087713884   1.086646293   1.085598926   1.084571256   1.083562772   1.08257298   1.081601404   1.080647581   1.079711066   1.078791426   1.077888243   1.077001111   1.07612964   1.075273449   1.074432171   1.073605447   
18.77135678   6.428554678e-08   8.28559591e-08   1.067908775e-07   1.376399671e-07   1.774005511e-07   2.286469264e-07   2.946970369e-07   3.798272932e-07   4.89549448e-07   6.30967454e-07   8.132374073e-07   1.048160357e-06   1.35094636e-06   1.74119925e-06   2.244185876e-06   2.892471992e-06   3.728030693e-06   4.804959922e-06   6.192984968e-06   7.981972699e-06   1.02877498e-05   1.325960161e-05   1.708993707e-05   2.202674529e-05   2.838965007e-05   3.659060137e-05   4.716054276e-05   6.078378032e-05   7.834227631e-05   0.0001009727324   0.0001301401529   0.0001677326433   0.000216183566   0.0002786289408   0.0003591102404   0.0004628356476   0.0005965165813   0.000768801101   0.0009908319561   0.001276964918   0.001645693089   0.002120835678   0.002733065967   0.003521873669   0.004538082557   0.005847076142   0.007532923309   0.009703643017   0.01249790267   0.01609350754   0.02071810541   0.02666259344   0.03429775857   0.04409468072   0.05664933315   0.07271155019   0.09321797847   0.1193276067   0.1524567339   0.1943074795   0.2468798597   0.3124518967   0.3935055691   0.4925701013   0.6119515411   0.7533248277   0.9171898761   1.102243879   1.304796467   1.518431292   1.734150026   1.941165142   2.128311236   2.28577923   2.406683916   2.487989988   2.530561938   2.538435493   2.517649534   2.475029074   2.417202948   2.349975428   2.278036073   2.204921622   2.1331295   2.064299947   1.999411224   1.938957208   1.883094408   1.831756175   1.784737274   1.741754088   1.702485917   1.666602271   1.633780071   1.603713846   1.576121144   1.550744805   1.527353229   1.505739425   1.485719382   1.467130096   1.449827493   1.433684379   1.418588498   1.404440746   1.391153554   1.378649442   1.366859747   1.355723504   1.345186464   1.335200247   1.325721602   1.316711769   1.308135923   1.299962694   1.292163756   1.284713462   1.277588538   1.270767808   1.264231962   1.25796335   1.2519458   1.24616447   1.240605703   1.23525691   1.230106465   1.225143613   1.220358382   1.215741517   1.21128441   1.206979044   1.202817942   1.198794122   1.194901052   1.191132615   1.187483072   1.183947048   1.180519481   1.17719561   1.173970955   1.170841289   1.167802624   1.164851194   1.161983438   1.15919599   1.156485658   1.153849419   1.151284409   1.148787904   1.146357321   1.143990202   1.141684213   1.139437128   1.13724683   1.135111301   1.133028616   1.130996939   1.129014519   1.12707968   1.125190823   1.123346418   1.121545001   1.119785173   1.118065591   1.11638497   1.11474208   1.113135739   1.111564813   1.110028216   1.108524903   1.107053872   1.105614158   1.104204835   1.102825012   1.101473833   1.100150471   1.098854134   1.097584056   1.0963395   1.095119755   1.093924139   1.092751989   1.09160267   1.090475567   1.089370086   1.088285655   1.08722172   1.086177747   1.085153219   1.084147637   1.083160517   1.082191394   1.081239815   1.080305343   1.079387555   1.07848604   1.077600403   1.076730258   1.075875234   
19.02512563   5.02005964e-08   6.470223518e-08   8.339301787e-08   1.074830784e-07   1.385321269e-07   1.785504324e-07   2.301289784e-07   2.966072149e-07   3.822892716e-07   4.927226274e-07   6.350572818e-07   8.185086791e-07   1.054954361e-06   1.359702973e-06   1.752485418e-06   2.258732322e-06   2.911220522e-06   3.752195177e-06   4.836104886e-06   6.233126882e-06   8.033710538e-06   1.03544333e-05   1.334554817e-05   1.720071124e-05   2.216951904e-05   2.857366712e-05   3.682777562e-05   4.746622961e-05   6.117777073e-05   7.885007793e-05   0.0001016272208   0.0001309836996   0.000168819858   0.000217584831   0.0002804349655   0.0003614379301   0.0004658356658   0.000600383093   0.0007737843254   0.0009972543358   0.001285241944   0.001656360117   0.002134582446   0.002750781019   0.003544701488   0.004567497018   0.005884974857   0.007581748699   0.009766537478   0.01257890711   0.01619781486   0.02085238323   0.02683539354   0.03452003379   0.04438043354   0.05701642277   0.0731826858   0.09382192356   0.1201006097   0.1534441786   0.1955657113   0.248478073   0.3144738718   0.3960508944   0.4957543326   0.6159045473   0.7581864174   0.9231018231   1.109337819   1.313177997   1.528161963   1.745230484   1.953523749   2.141802274   2.300192742   2.421765946   2.503468826   2.546174428   2.553948184   2.532871798   2.489817929   2.431461258   2.363645909   2.291093415   2.217364445   2.144973147   2.07557057   2.010141244   1.949182006   1.892850036   1.841077856   1.793658484   1.750306048   1.710697373   1.674499448   1.641386756   1.611051527   1.58320919   1.557600658   1.533992593   1.512176454   1.491966846   1.473199537   1.455729365   1.439428174   1.424182856   1.409893548   1.396472012   1.383840173   1.371928837   1.360676564   1.350028683   1.339936434   1.330356226   1.32124899   1.312579623   1.304316505   1.29643108   1.288897493   1.281692281   1.274794093   1.26818346   1.261842584   1.25575516   1.249906219   1.244281988   1.238869773   1.233657847   1.228635362   1.223792261   1.219119207   1.214607517   1.210249103   1.206036423   1.20196243   1.198020535   1.194204567   1.190508733   1.18692761   1.183456089   1.180089366   1.176822919   1.173652481   1.170574027   1.167583755   1.164678073   1.161853579   1.159107054   1.156435444   1.153835857   1.151305544   1.148841896   1.146442431   1.144104792   1.141826731   1.13960611   1.137440891   1.135329129   1.133268971   1.131258646   1.129296463   1.127380805   1.125510128   1.123682952   1.121897862   1.120153504   1.118448579   1.116781841   1.115152098   1.113558205   1.111999063   1.110473615   1.108980849   1.107519791   1.106089504   1.104689087   1.103317673   1.10197443   1.100658554   1.099369271   1.098105837   1.096867534   1.095653669   1.094463575   1.093296607   1.092152145   1.091029588   1.089928356   1.088847891   1.087787651   1.086747114   1.085725775   1.084723145   1.083738752   1.082772139   1.081822864   1.080890498   1.079974626   1.079074848   1.078190774   
19.27889447   3.919842337e-08   5.052182228e-08   6.51162548e-08   8.392663693e-08   1.081708461e-07   1.394185726e-07   1.796929491e-07   2.316015382e-07   2.985051587e-07   3.847354817e-07   4.958754836e-07   6.391209154e-07   8.237461899e-07   1.061704851e-06   1.368403503e-06   1.763699302e-06   2.273185601e-06   2.929848973e-06   3.776204895e-06   4.867050375e-06   6.273011699e-06   8.085117011e-06   1.042068972e-05   1.343094427e-05   1.731077593e-05   2.231137836e-05   2.875650558e-05   3.706343084e-05   4.776995863e-05   6.156923773e-05   7.935462724e-05   0.0001022775174   0.0001318218435   0.0001699001093   0.0002189771214   0.0002822294232   0.0003637507117   0.0004688164698   0.0006042248409   0.0007787356338   0.001003635582   0.001293465959   0.001666958826   0.002148241171   0.002768382612   0.003567383103   0.004596723091   0.005922630848   0.007630261388   0.009829029136   0.01265939276   0.01630145416   0.02098580112   0.02700708704   0.03474088563   0.04466435658   0.05738116193   0.07365080497   0.09442200228   0.1208686646   0.1544253038   0.1968158921   0.2500660628   0.3164829172   0.3985799505   0.4989182227   0.6198323197   0.7630170023   0.928976111   1.116386637   1.321506316   1.537831002   1.756240961   1.965804579   2.155208774   2.314516402   2.436754537   2.518852464   2.561691705   2.569367186   2.548003136   2.504519533   2.445636591   2.377238016   2.304077104   2.229738295   2.156752347   2.086781052   2.020815168   1.959354476   1.902556827   1.850353921   1.802537045   1.758818089   1.718871421   1.682361531   1.648960479   1.618358215   1.590268064   1.564429026   1.540606041   1.518589026   1.498191213   1.479247152   1.461610603   1.445152453   1.429758745   1.415328871   1.401773923   1.389015236   1.37698309   1.365615575   1.3548576   1.344660029   1.334978931   1.325774932   1.317012655   1.30866023   1.300688872   1.293072522   1.285787527   1.278812364   1.272127406   1.265714708   1.259557833   1.253641686   1.247952381   1.242477116   1.237204067   1.232122293   1.227221651   1.222492725   1.217926756   1.213515587   1.209251609   1.205127714   1.201137255   1.197274005   1.193532126   1.189906132   1.18639088   1.18298152   1.179673488   1.176462478   1.173344428   1.170315501   1.167372071   1.164510704   1.161728151   1.159021331   1.156387322   1.15382335   1.151326781   1.14889511   1.146525955   1.144217048   1.141966229   1.13977144   1.137630719   1.135542191   1.13350407   1.131514648   1.129572291   1.127675438   1.125822597   1.124012338   1.122243292   1.120514146   1.118823643   1.117170578   1.115553794   1.113972179   1.112424668   1.110910237   1.109427901   1.107976713   1.106555763   1.105164176   1.103801108   1.102465748   1.101157315   1.099875055   1.098618242   1.097386177   1.096178184   1.094993613   1.093831834   1.092692242   1.09157425   1.090477293   1.089400823   1.088344313   1.087307251   1.086289144   1.085289513   1.084307897   1.083343847   1.082396931   1.08146673   1.080552836   
19.53266332   3.060507251e-08   3.944607722e-08   5.084101685e-08   6.552765634e-08   8.44568816e-08   1.088542646e-07   1.402994128e-07   1.80828241e-07   2.330647862e-07   3.003911007e-07   3.871662229e-07   4.990084023e-07   6.431588522e-07   8.289505808e-07   1.068412654e-06   1.377049014e-06   1.774842274e-06   2.287547484e-06   2.948359625e-06   3.800062785e-06   4.897800176e-06   6.3126443e-06   8.13619841e-06   1.048652716e-05   1.351580036e-05   1.742014461e-05   2.245234061e-05   2.893818785e-05   3.729759586e-05   4.807176699e-05   6.195822926e-05   7.985598597e-05   0.0001029237018   0.0001326546874   0.0001709735296   0.0002203606074   0.0002840125335   0.0003660488683   0.0004717784244   0.0006080422951   0.0007836556321   0.001009976476   0.001301637969   0.001677490514   0.002161813525   0.002785872901   0.003589921292   0.004625764355   0.005960048724   0.007678467312   0.00989112564   0.01273936949   0.01640443815   0.02111837542   0.02717769496   0.03496034112   0.04494648457   0.05774359523   0.07411596496   0.09501828803   0.1216318654   0.1554002292   0.1980581747   0.251644023   0.318479278   0.4010930459   0.5020621569   0.6237353359   0.7678171688   0.9348134511   1.123391186   1.329782425   1.547439564   1.767182767   1.978009083   2.168532306   2.328751873   2.451651407   2.534142637   2.577115491   2.584694178   2.563045158   2.51913541   2.459730375   2.390753078   2.316988368   2.242044296   2.168468129   2.09793233   2.031433849   1.969475393   1.912215483   1.859585006   1.811373532   1.767290731   1.727008531   1.690188942   1.65650162   1.62563425   1.597298071   1.571230183   1.547193816   1.524977356   1.504392673   1.485273109   1.467471351   1.450857338   1.435316273   1.420746801   1.407059357   1.394174688   1.38202255   1.370540568   1.359673233   1.349371036   1.339589711   1.330289581   1.321434994   1.312993833   1.304937089   1.297238498   1.289874218   1.282822557   1.276063729   1.269579646   1.263353737   1.257370785   1.251616789   1.246078843   1.240745025   1.235604301   1.230646444   1.225861958   1.221242011   1.216778376   1.212463378   1.20828985   1.204251084   1.200340801   1.196553111   1.192882485   1.189323719   1.185871935   1.182522524   1.17927114   1.176113685   1.173046287   1.170065287   1.167167219   1.164348805   1.161606934   1.158938657   1.156341175   1.153811829   1.151348089   1.148947552   1.146607928   1.144327036   1.142102798   1.139933232   1.137816448   1.13575064   1.133734082   1.131765127   1.129842198   1.127963787   1.126128449   1.124334802   1.122581521   1.120867335   1.119191027   1.117551428   1.115947416   1.114377913   1.112841886   1.111338338   1.109866313   1.108424893   1.107013192   1.105630358   1.104275571   1.102948041   1.101647007   1.100371735   1.099121518   1.097895674   1.096693544   1.095514493   1.094357908   1.093223196   1.092109786   1.091017124   1.089944676   1.088891927   1.087858375   1.086843539   1.08584695   1.084868157   1.08390672   1.082962216   
19.78643216   2.389374292e-08   3.079602012e-08   3.96921846e-08   5.11582182e-08   6.593648886e-08   8.498381514e-08   1.095334154e-07   1.411747526e-07   1.819564435e-07   2.345188968e-07   3.022652659e-07   3.895817853e-07   5.021217574e-07   6.47171574e-07   8.341224727e-07   1.07507857e-06   1.385640538e-06   1.785915663e-06   2.301819684e-06   2.966754687e-06   3.823771694e-06   4.92835796e-06   6.352029414e-06   8.18696083e-06   1.055195348e-05   1.360012656e-05   1.752883034e-05   2.259242263e-05   2.91187356e-05   3.753029864e-05   4.837169069e-05   6.234479172e-05   8.035421396e-05   0.000103565851   0.0001334823306   0.0001720402469   0.0002217354543   0.0002857845091   0.0003683326739   0.0004747218831   0.0006118359113   0.0007885449076   0.001016277775   0.001309758948   0.001687956437   0.002175301127   0.002803253973   0.003612318742   0.004654624273   0.00599723295   0.007726372223   0.009952834398   0.01281884683   0.01650677909   0.02125012192   0.02734723764   0.03517842642   0.04522685117   0.05810376591   0.07457822123   0.09561085188   0.122390303   0.1563690711   0.1992927071   0.2532121413   0.3204631916   0.4035904792   0.5051865085   0.6276140587   0.7725874847   0.9406145325   1.130352288   1.338007294   1.556988773   1.778057174   1.990138668   2.181774394   2.342900764   2.46645822   2.549341031   2.592447456   2.599930787   2.577999427   2.533667042   2.473744   2.404192386   2.329828397   2.254283545   2.180121496   2.10902532   2.041998119   1.979545514   1.92182669   1.868771734   1.820168508   1.775724483   1.735109162   1.697982096   1.664010552   1.632879969   1.604299513   1.578004399   1.553756157   1.531341657   1.510571415   1.491277573   1.473311754   1.456542954   1.440855544   1.42614743   1.41232839   1.399318587   1.387047261   1.375451574   1.364475602   1.354069466   1.344188566   1.334792926   1.325846621   1.317317288   1.309175696   1.301395377   1.293952303   1.286824613   1.279992365   1.273437328   1.267142797   1.261093435   1.255275128   1.249674865   1.244280625   1.239081286   1.234066537   1.229226801   1.224553174   1.220037359   1.215671617   1.211448719   1.207361902   1.203404832   1.199571562   1.195856528   1.192254483   1.188760482   1.185369895   1.182078334   1.178881664   1.175775978   1.172757584   1.169822986   1.166968874   1.164192111   1.16148972   1.158858876   1.156296896   1.153801226   1.15136944   1.148999227   1.146688386   1.144434819   1.142236526   1.140091597   1.137998209   1.135954622   1.13395917   1.132010261   1.130106374   1.128246048   1.126427889   1.124650558   1.122912772   1.121213301   1.119550964   1.117924629   1.116333206   1.114775651   1.113250959   1.111758163   1.110296335   1.108864581   1.107462039   1.106087881   1.104741309   1.103421553   1.102127873   1.100859554   1.099615905   1.098396262   1.097199983   1.096026447   1.094875056   1.093745233   1.092636417   1.091548069   1.090479667   1.089430706   1.088400698   1.087389168   1.086395661   1.085419733   
20.04020101   1.865270227e-08   2.404097995e-08   3.098579007e-08   3.993677412e-08   5.147346324e-08   6.634279995e-08   8.550749887e-08   1.102083777e-07   1.420446937e-07   1.830776879e-07   2.359640394e-07   3.041278723e-07   3.9198245e-07   5.052159112e-07   6.511595477e-07   8.392624675e-07   1.081703374e-06   1.394179074e-06   1.796920758e-06   2.316003861e-06   2.985036298e-06   3.84733438e-06   4.958727282e-06   6.391171624e-06   8.237410178e-06   1.061697628e-05   1.368393269e-05   1.763684576e-05   2.27316407e-05   2.929816983e-05   3.776156625e-05   4.866976464e-05   6.272897009e-05   8.084936917e-05   0.0001042040399   0.0001343048694   0.0001731003854   0.0002231018219   0.0002875455563   0.0003706023944   0.0004776471883   0.0006156061307   0.0007934040289   0.001022540211   0.001317829843   0.001698357813   0.002188705546   0.00282052785   0.00363457806   0.004683306204   0.006034187851   0.007773981696   0.01001416259   0.01289783403   0.0166084889   0.02138105597   0.02751573481   0.03539516692   0.04550548898   0.05846171584   0.07503762754   0.09619976272   0.1231440657   0.1573319421   0.2005196326   0.2547705998   0.3224348882   0.4060725398   0.5082916391   0.6314689365   0.7773285007   0.9463800232   1.137270744   1.346181865   1.566479715   1.788865413   2.0021947   2.194936514   2.356964639   2.481176592   2.564449279   2.607689223   2.615078595   2.592867461   2.548115867   2.487678814   2.417557195   2.342598352   2.266457108   2.191713424   2.120060912   2.052508791   1.989565576   1.931391121   1.877914713   1.828922526   1.784119844   1.743173767   1.705741401   1.671487645   1.640095705   1.611272689   1.584751941   1.560293306   1.537682143   1.516727629   1.497260711   1.479131958   1.46220943   1.44637667   1.43153085   1.417581097   1.404446997   1.392057274   1.38034863   1.369264733   1.358755333   1.348775501   1.33928496   1.33024752   1.321630571   1.313404661   1.30554312   1.298021738   1.290818482   1.283913256   1.277287689   1.270924943   1.264809561   1.258927317   1.253265095   1.24781078   1.242553157   1.237481834   1.232587154   1.227860141   1.223292429   1.218876216   1.214604211   1.210469596   1.206465981   1.202587377   1.198828153   1.195183032   1.191647036   1.188215475   1.184883932   1.181648235   1.178504444   1.175448831   1.172477872   1.169588227   1.16677673   1.164040377   1.161376318   1.158781845   1.156254382   1.15379148   1.151390807   1.149050141   1.146767365   1.14454046   1.142367498   1.140246639   1.138176126   1.136154278   1.134179488   1.132250219   1.130364997   1.128522414   1.126721118   1.124959814   1.12323726   1.121552262   1.119903678   1.118290408   1.116711395   1.115165626   1.113652124   1.112169951   1.110718204   1.109296013   1.107902541   1.106536981   1.105198558   1.103886521   1.102600148   1.101338743   1.100101633   1.09888817   1.097697727   1.096529699   1.095383502   1.094258572   1.093154361   1.092070343   1.091006007   1.089960859   1.088934422   1.087926232   
20.29396985   1.456018636e-08   1.876624327e-08   2.418731998e-08   3.117440391e-08   4.017987357e-08   5.178678776e-08   6.674663572e-08   8.602799222e-08   1.108792279e-07   1.429093351e-07   1.841921015e-07   2.37400378e-07   3.059791314e-07   3.943684894e-07   5.082912148e-07   6.55123226e-07   8.443711485e-07   1.088287819e-06   1.402665592e-06   1.807858808e-06   2.330101626e-06   3.003206536e-06   3.870753519e-06   4.988911588e-06   6.430075373e-06   8.287552179e-06   1.068160296e-05   1.376722826e-05   1.774420313e-05   2.287001063e-05   2.947651093e-05   3.799142493e-05   4.896602268e-05   6.311080799e-05   8.134150781e-05   0.0001048383408   0.0001351223971   0.0001741540653   0.0002244598654   0.0002892958748   0.0003728582874   0.000480554672   0.0006193533813   0.0007982335478   0.001028764495   0.001325851568   0.001708695823   0.002202028303   0.002837696493   0.003656701773   0.004711813403   0.006070917623   0.007821301133   0.01007511717   0.01297634006   0.01670957912   0.02151119242   0.02768320559   0.0356105872   0.04578242963   0.05881748565   0.07549423599   0.09678508735   0.1238932388   0.1582889512   0.2017390903   0.2563195751   0.324394591   0.4085395085   0.5113778994   0.635300404   0.7820407505   0.952110571   1.144147329   1.35430705   1.575913446   1.799608678   2.014178501   2.2080201   2.370945012   2.49580809   2.579468968   2.622842366   2.630139136   2.607650734   2.562483283   2.50153613   2.430848727   2.355299362   2.278566022   2.203244864   2.131039976   2.062966657   1.999536302   1.940909429   1.887014539   1.837636125   1.792477304   1.751202789   1.71346726   1.678933261   1.647281784   1.618217894   1.591473075   1.566805499   1.543999028   1.522861503   1.503222691   1.48493211   1.467856893   1.45187976   1.436897155   1.422817559   1.409559983   1.397052641   1.385231778   1.374040655   1.363428656   1.353350522   1.343765685   1.334637682   1.325933664   1.317623959   1.309681695   1.30208248   1.294804115   1.28782635   1.281130671   1.274700112   1.268519095   1.262573284   1.256849458   1.251335407   1.246019829   1.240892245   1.235942925   1.231162817   1.226543488   1.222077073   1.217756221   1.213574057   1.209524139   1.205600422   1.201797245   1.198109267   1.194531476   1.191059145   1.187687814   1.184413277   1.18123156   1.178138904   1.175131752   1.172206735   1.16936066   1.166590497   1.16389337   1.161266546   1.158707427   1.156213542   1.153782536   1.151412168   1.149100302   1.1468449   1.144644017   1.142495795   1.140398461   1.138350318   1.136349744   1.134395187   1.132485161   1.130618242   1.128793067   1.127008327   1.125262769   1.123555188   1.12188443   1.120249384   1.118648984   1.117082205   1.115548062   1.114045608   1.112573929   1.111132148   1.109719419   1.108334928   1.106977889   1.105647547   1.104343171   1.103064057   1.101809528   1.100578926   1.099371619   1.098186996   1.097024467   1.09588346   1.094763425   1.093663827   1.092584152   1.091523899   1.090482586   
20.54773869   1.136476582e-08   1.464774934e-08   1.887910091e-08   2.433277923e-08   3.136188254e-08   4.042150986e-08   5.209822645e-08   6.71480409e-08   8.654535286e-08   1.115460405e-07   1.437687724e-07   1.852998078e-07   2.388280715e-07   3.078192483e-07   3.967401678e-07   5.11348009e-07   6.590630479e-07   8.494490817e-07   1.094832634e-06   1.411101032e-06   1.818731025e-06   2.34411454e-06   3.021267411e-06   3.894031703e-06   5.018914223e-06   6.46874497e-06   8.337392388e-06   1.074584066e-05   1.385002249e-05   1.785091435e-05   2.300754775e-05   2.965377863e-05   3.821990015e-05   4.926049762e-05   6.349034769e-05   8.18306844e-05   0.0001054688241   0.0001359350043   0.0001752014033   0.0002258097352   0.0002910356587   0.0003751006028   0.0004834446564   0.0006230780783   0.0008030339991   0.001034951317   0.001333825013   0.001718971611   0.002215270875   0.002854761803   0.003678692331   0.004740149028   0.006107426333   0.007868335776   0.01013570491   0.0130543736   0.01681006095   0.02164054569   0.02784966853   0.03582471112   0.04605770376   0.0591711147   0.07594809712   0.09736689054   0.1246379053   0.1592402043   0.2029512149   0.2578592382   0.3263425162   0.4109916573   0.5144456298   0.6391088831   0.7867247518   0.957806804   1.150982794   1.362383735   1.585290988   1.810288128   2.026091355   2.221026541   2.384843355   2.510354235   2.594401639   2.637908413   2.645113901   2.622350679   2.57677065   2.515317225   2.44406817   2.367932527   2.290611301   2.214716745   2.14196336   2.073372491   2.009458396   1.950382257   1.896071794   1.846309835   1.800797345   1.759196665   1.721160067   1.686347758   1.654438531   1.62513542   1.598168064   1.573292973   1.550292521   1.528973226   1.50916368   1.490712359   1.473485474   1.457364929   1.442246444   1.428037859   1.414657615   1.402033418   1.390101061   1.378803399   1.368089455   1.357913644   1.348235101   1.339017101   1.330226553   1.321833568   1.313811073   1.306134497   1.298781472   1.291731599   1.284966221   1.278468246   1.272221974   1.266212959   1.26042788   1.25485443   1.249481219   1.244297687   1.239294024   1.234461109   1.229790441   1.225274091   1.220904649   1.216675183   1.2125792   1.208610611   1.20476369   1.201033078   1.197413693   1.19390079   1.190489865   1.187176672   1.183957209   1.180827681   1.177784504   1.174824277   1.171943781   1.169139958   1.166409908   1.163750874   1.161160235   1.158635497   1.156174286   1.15377434   1.151433503   1.149149719   1.146921026   1.144745548   1.142621497   1.140547159   1.138520899   1.136541149   1.134606409   1.132715243   1.130866274   1.129058181   1.127289699   1.125559612   1.123866755   1.122210005   1.120588288   1.119000568   1.11744585   1.115923177   1.114431628   1.112970316   1.111538388   1.11013502   1.108759421   1.107410825   1.106088496   1.104791723   1.10351982   1.102272126   1.101047999   1.099846824   1.098668003   1.09751096   1.096375138   1.095259998   1.094165019   1.093089696   
20.80150754   8.869991022e-09   1.143229938e-08   1.473479157e-08   1.899128737e-08   2.447737343e-08   3.154824621e-08   4.066170912e-08   5.2407813e-08   6.75470589e-08   8.705963672e-08   1.122088875e-07   1.446230985e-07   1.864009264e-07   2.402472745e-07   3.096484218e-07   3.990977417e-07   5.143866242e-07   6.629794394e-07   8.54496816e-07   1.101338526e-06   1.419486306e-06   1.829538584e-06   2.358044118e-06   3.039220877e-06   3.917171451e-06   5.04873843e-06   6.507184596e-06   8.386936194e-06   1.080969634e-05   1.393232434e-05   1.795699094e-05   2.314426693e-05   2.982999211e-05   3.844701661e-05   4.955322129e-05   6.386763025e-05   8.231695182e-05   0.0001060955578   0.0001367427789   0.0001762425128   0.0002271515772   0.0002927650959   0.000377329583   0.0004863174539   0.0006267806242   0.0008078059019   0.001041101346   0.00134175104   0.001729186288   0.002228434693   0.002871725626   0.003700552111   0.004768316143   0.006143717929   0.00791509071   0.01019593233   0.01313194309   0.01690994525   0.02176912975   0.02801514161   0.03603756182   0.04633134114   0.05952264123   0.07639925998   0.09794523514   0.1253781456   0.1601858041   0.2041561373   0.2593897552   0.328278874   0.4134292505   0.5174951601   0.6428947828   0.7913810072   0.9634693319   1.157777869   1.370412777   1.594613335   1.820904888   2.037934508   2.233957189   2.398661097   2.524816506   2.609248787   2.65288885   2.660004341   2.63696869   2.59097929   2.52902334   2.457216681   2.380498916   2.30259393   2.226129971   2.152831892   2.083727048   2.019332547   1.959810232   1.905087049   1.854944176   1.809080438   1.767155823   1.728820211   1.693731489   1.661566263   1.632025554   1.604837168   1.579755961   1.556562833   1.535062987   1.515083845   1.496472852   1.479095302   1.462832289   1.447578815   1.433242081   1.419739963   1.406999664   1.394956527   1.383553004   1.372737759   1.362464882   1.352693217   1.343385776   1.33450923   1.32603347   1.317931231   1.310177756   1.302750517   1.29562896   1.288794291   1.28222929   1.275918138   1.26984628   1.264000294   1.258367778   1.252937254   1.24769808   1.242640371   1.237754934   1.2330332   1.228467179   1.224049401   1.219772879   1.215631068   1.211617825   1.207727395   1.203954342   1.200293583   1.196740302   1.19328997   1.189938309   1.186681277   1.18351505   1.180436012   1.177440736   1.174525973   1.171688641   1.168925813   1.166234709   1.163612685   1.161057226   1.158565935   1.156136533   1.153766844   1.151454793   1.1491984   1.146995775   1.14484511   1.142744678   1.140692829   1.138687979   1.136728617   1.134813292   1.132940614   1.131109251   1.129317925   1.12756541   1.125850528   1.124172148   1.122529183   1.120920589   1.119345362   1.117802534   1.116291177   1.114810394   1.113359324   1.111937136   1.11054303   1.109176233   1.107836002   1.106521619   1.10523239   1.103967648   1.102726747   1.101509062   1.100313991   1.099140952   1.097989383   1.096858737   1.095748491   
21.05527638   6.922384603e-09   8.922080416e-09   1.149943603e-08   1.482132225e-08   1.91028145e-08   2.462111783e-08   3.173351461e-08   4.090049671e-08   5.271558007e-08   6.794373182e-08   8.757089807e-08   1.128678389e-07   1.454724037e-07   1.874955736e-07   2.416581367e-07   3.114668451e-07   4.014414598e-07   5.174073812e-07   6.668728139e-07   8.595148843e-07   1.107806183e-06   1.427822298e-06   1.840282626e-06   2.371891831e-06   3.057068828e-06   3.940175204e-06   5.078387357e-06   6.545398309e-06   8.436188826e-06   1.087317673e-05   1.401414249e-05   1.806244412e-05   2.328018259e-05   3.000516996e-05   3.867279829e-05   4.984422459e-05   6.424269548e-05   8.280036139e-05   0.0001067186081   0.0001375458061   0.0001772775035   0.0002284855331   0.0002944843691   0.0003795454632   0.0004891733676   0.00063046141   0.0008125497598   0.001047215231   0.001349630485   0.001739340933   0.002241521147   0.002888589752   0.003722283422   0.004796317719   0.006179796241   0.007961570869   0.01025580581   0.01320905673   0.01700924256   0.02189695818   0.02817964231   0.03624916176   0.04660337063   0.05987210231   0.07684777216   0.09852018215   0.1261140377   0.1611258504   0.2053539845   0.2609112874   0.3302038682   0.4158525444   0.5205268108   0.6466585005   0.7960100042   0.9690987464   1.164533261   1.378395012   1.60388145   1.83146005   2.049709172   2.246813353   2.412399624   2.539196338   2.624011867   2.667785122   2.674811864   2.65150612   2.605110489   2.542655684   2.470295386   2.392999573   2.314514869   2.237485424   2.16364638   2.094031067   2.029159428   1.969193967   1.914060864   1.863539655   1.817327045   1.775080684   1.736448075   1.701084799   1.668665296   1.638888582   1.611480643   1.586194696   1.562810173   1.541130971   1.520983354   1.502213738   1.48468651   1.468281956   1.452894367   1.438430311   1.424807102   1.41195144   1.399798224   1.388289507   1.377373594   1.367004255   1.357140044   1.34774371   1.338781688   1.330223655   1.322042148   1.314212232   1.306711216   1.299518395   1.292614838   1.285983197   1.279607535   1.27347319   1.267566638   1.261875384   1.256387862   1.251093351   1.245981888   1.24104421   1.236271682   1.23165625   1.227190388   1.222867053   1.218679647   1.214621983   1.210688246   1.206872981   1.203171038   1.199577577   1.19608803   1.192698081   1.189403656   1.186200901   1.183086168   1.180056002   1.177107126   1.174236432   1.17144097   1.168717936   1.166064661   1.163478611   1.160957368   1.158498631   1.156100207   1.153760003   1.151476022   1.149246355   1.14706918   1.144942755   1.142865413   1.140835558   1.138851665   1.136912268   1.135015967   1.133161416   1.131347327   1.12957246   1.127835629   1.126135691   1.124471549   1.12284215   1.121246479   1.119683561   1.118152457   1.116652263   1.11518211   1.113741157   1.112328598   1.110943653   1.109585571   1.108253627   1.10694712   1.105665377   1.104407745   1.103173594   1.101962315   1.100773321   1.099606043   1.098459931   
21.30904523   5.402052778e-09   6.962564501e-09   8.973867235e-09   1.156618271e-08   1.49073503e-08   1.921369379e-08   2.476402725e-08   3.191770682e-08   4.113789724e-08   5.302155941e-08   6.833810058e-08   8.807918965e-08   1.135229626e-07   1.463167755e-07   1.885838623e-07   2.430608035e-07   3.132747057e-07   4.03771564e-07   5.204105913e-07   6.707435728e-07   8.645038039e-07   1.11423627e-06   1.436109869e-06   1.850964258e-06   2.385659106e-06   3.074813106e-06   3.963045334e-06   5.107864061e-06   6.583390048e-06   8.485155362e-06   1.093628838e-05   1.409548538e-05   1.816728474e-05   2.341530875e-05   3.017933025e-05   3.889726846e-05   5.013353753e-05   6.461558205e-05   8.328096297e-05   0.0001073380393   0.0001383441688   0.0001783064823   0.0002298117403   0.0002961936554   0.000381748472   0.0004920126922   0.0006341208151   0.0008172660619   0.001053293601   0.00135746416   0.001749436593   0.002254531586   0.00290535592   0.003743888502   0.004824156645   0.006215664988   0.008007781046   0.01031533152   0.01328572245   0.01710796312   0.02202404415   0.02834318757   0.03645953275   0.04687382028   0.06021953397   0.07729367988   0.09909179081   0.1268456575   0.1620604398   0.2065448798   0.2624239913   0.3321176965   0.4182617879   0.523540893   0.6504004218   0.8006122165   0.9746956224   1.17124966   1.386331249   1.61309627   1.841954675   2.061416521   2.259596307   2.426060286   2.553495126   2.638692291   2.682598631   2.68953784   2.665964289   2.619165499   2.556215433   2.483305382   2.405435514   2.326375055   2.248783964   2.17440761   2.104285267   2.038939697   1.978534063   1.922993785   1.872096772   1.82553762   1.782971659   1.744044032   1.708408032   1.675735939   1.645724785   1.618098745   1.592609408   1.569034748   1.547177365   1.526862373   1.507935166   1.490259229   1.473714048   1.458193204   1.443602638   1.429859105   1.41688881   1.404626206   1.393012951   1.381996994   1.371531787   1.361575595   1.352090909   1.343043927   1.334404113   1.326143809   1.318237904   1.310663542   1.303399871   1.296427823   1.289729921   1.283290116   1.277093635   1.271126854   1.265377186   1.25983298   1.254483431   1.249318503   1.244328862   1.239505808   1.234841225   1.230327527   1.225957618   1.22172485   1.217622984   1.213646163   1.209788885   1.206045965   1.202412519   1.198883943   1.195455887   1.192124245   1.18888513   1.185734865   1.182669967   1.179687131   1.176783224   1.173955271   1.171200444   1.168516053   1.165899541   1.16334847   1.160860521   1.15843348   1.156065237   1.153753776   1.151497174   1.149293593   1.147141274   1.145038536   1.142983771   1.140975436   1.139012056   1.137092217   1.135214561   1.133377787   1.131580647   1.129821942   1.128100518   1.12641527   1.124765133   1.123149085   1.12156614   1.120015352   1.118495807   1.117006628   1.115546968   1.114116011   1.112712971   1.111337088   1.109987632   1.108663896   1.107365199   1.106090881   1.104840307   1.103612863   1.102407954   1.101225007   
21.56281407   4.215345238e-09   5.433048199e-09   7.002513688e-09   9.025356696e-09   1.163254613e-08   1.499288438e-08   1.932393643e-08   2.49061161e-08   3.210084142e-08   4.137393463e-08   5.332578182e-08   6.873020489e-08   8.858456263e-08   1.141743246e-07   1.47156299e-07   1.896659021e-07   2.444554163e-07   3.150721856e-07   4.060882887e-07   5.233965572e-07   6.745921059e-07   8.694640773e-07   1.120629437e-06   1.444349854e-06   1.861584557e-06   2.399347329e-06   3.092455496e-06   3.985784144e-06   5.137171511e-06   6.62116364e-06   8.533840734e-06   1.099903765e-05   1.417636121e-05   1.827152337e-05   2.354965903e-05   3.035249052e-05   3.912044973e-05   5.042118925e-05   6.498632752e-05   8.375880495e-05   0.0001079539137   0.0001391379473   0.0001793295527   0.0002311303326   0.0002978931272   0.0003839388313   0.0004948357135   0.0006377592081   0.0008219552833   0.00105933707   0.001365252855   0.001759474285   0.00226746732   0.002922025818   0.003765369529   0.004851835724   0.006251327784   0.008053725894   0.01037451544   0.01336194799   0.01720611687   0.02215040047   0.02850579387   0.03666869598   0.0471427173   0.06056497116   0.077737028   0.09966011863   0.1275730784   0.1629896665   0.2077289429   0.2639280189   0.3340205513   0.4206572227   0.5265377089   0.6541209212   0.805188104   0.9802605179   1.177927732   1.394222275   1.622258705   1.852389794   2.073057699   2.272307289   2.439644391   2.567714226   2.653291433   2.697330742   2.704183603   2.680344477   2.633145537   2.569703733   2.496247738   2.417807729   2.338175403   2.260026431   2.185116354   2.114490353   2.048673998   1.987831107   1.931886349   1.880616015   1.83371261   1.790829156   1.751608455   1.715701522   1.682778499   1.65253444   1.624691725   1.599000323   1.575236763   1.553202355   1.532721068   1.513637285   1.495813591   1.47912868   1.463475428   1.448759152   1.434896052   1.421811839   1.409440527   1.39772338   1.386607994   1.376047503   1.365999889   1.356427382   1.347295948   1.338574838   1.330236202   1.322254752   1.314607471   1.307273358   1.30023321   1.293469425   1.286965837   1.280707566   1.27468089   1.268873129   1.263272545   1.257868255   1.252650149   1.24760882   1.242735505   1.238022025   1.233460738   1.229044494   1.224766592   1.220620748   1.216601059   1.212701972   1.208918271   1.205245032   1.201677613   1.198211631   1.194842945   1.191567638   1.188382004   1.18528253   1.182265886   1.179328913   1.176468611   1.173682128   1.170966754   1.168319909   1.165739135   1.163222094   1.160766553   1.158370383   1.156031554   1.153748123   1.151518238   1.149340125   1.147212088   1.145132504   1.143099819   1.141112544   1.139169252   1.137268573   1.135409196   1.133589859   1.131809354   1.130066518   1.128360234   1.126689428   1.125053068   1.123450161   1.12187975   1.120340915   1.118832769   1.117354457   1.115905157   1.114484075   1.113090444   1.111723526   1.110382609   1.109067004   1.107776046   1.106509093   1.105265526   1.104044744   
21.81658291   3.289117248e-09   4.239257174e-09   5.463867667e-09   7.042236094e-09   9.076553867e-09   1.169853282e-08   1.50779329e-08   1.943355324e-08   2.504739835e-08   3.228293641e-08   4.16086321e-08   5.362827725e-08   6.912008334e-08   8.908706675e-08   1.148219891e-07   1.479910567e-07   1.907417995e-07   2.458421122e-07   3.168594617e-07   4.083918621e-07   5.263655726e-07   6.78418792e-07   8.743961927e-07   1.126986311e-06   1.452543062e-06   1.872144567e-06   2.412957849e-06   3.109997736e-06   4.008393873e-06   5.166312591e-06   6.658722802e-06   8.582249733e-06   1.10614307e-05   1.425677792e-05   1.837517027e-05   2.368324663e-05   3.052466781e-05   3.934236407e-05   5.070720805e-05   6.535496838e-05   8.423393436e-05   0.000108566292   0.0001399272197   0.0001803468155   0.0002324414396   0.0002995829515   0.0003861167565   0.0004976427093   0.000641376947   0.0008266178855   0.001065346233   0.001372997336   0.001769454996   0.002280329622   0.002938601088   0.003786728616   0.00487935768   0.006286788137   0.008099409935   0.01043336341   0.01343774084   0.01730371346   0.02227603955   0.0286674772   0.03687667202   0.04741008816   0.06090844788   0.07817786015   0.1002252215   0.1282963722   0.1639136217   0.20890629   0.2654235178   0.3359126193   0.4230390839   0.5295175519   0.657820363   0.8097381136   0.9857939754   1.184568127   1.402068854   1.631369639   1.862766408   2.084633815   2.284947502   2.453153215   2.581854957   2.667810631   2.711982784   2.718750449   2.694647933   2.647051791   2.583121699   2.509123494   2.430117184   2.349916803   2.271213644   2.195773362   2.124647014   2.05836296   1.997085674   1.94073908   1.889097863   1.84185245   1.798653573   1.759141704   1.7229656   1.689793275   1.659317821   1.631259831   1.605367669   1.581416423   1.559206125   1.538559606   1.519320243   1.50134973   1.48452597   1.468741142   1.453899942   1.43991802   1.426720595   1.414241245   1.402420841   1.391206631   1.380551433   1.370412945   1.360753142   1.351537757   1.34273583   1.33431932   1.326262763   1.318542982   1.311138831   1.304030969   1.297201671   1.290634657   1.284314938   1.278228696   1.272363158   1.266706502   1.261247765   1.255976762   1.250884017   1.245960703   1.24119858   1.236589948   1.232127603   1.227804794   1.22361519   1.219552842   1.215612155   1.211787873   1.20807503   1.204468951   1.20096522   1.197559662   1.19424833   1.191027487   1.187893593   1.184843292   1.181873398   1.178980888   1.176162887   1.173416662   1.170739612   1.16812926   1.165583246   1.163099321   1.160675338   1.158309248   1.155999095   1.153743009   1.151539201   1.149385961   1.147281653   1.145224708   1.143213625   1.141246964   1.139323345   1.137441443   1.135599988   1.133797758   1.132033582   1.130306332   1.128614926   1.126958321   1.125335515   1.123745544   1.122187479   1.120660424   1.119163518   1.11769593   1.116256858   1.114845531   1.113461202   1.112103151   1.110770686   1.109463133   1.108179846   1.106920198   
22.07035176   2.566244728e-09   3.307565694e-09   4.263034894e-09   5.494514149e-09   7.081735543e-09   9.127463673e-09   1.176414914e-08   1.516250405e-08   1.954255479e-08   2.518788759e-08   3.246400932e-08   4.184201224e-08   5.39290748e-08   6.950777343e-08   8.958675037e-08   1.154660182e-07   1.48821129e-07   1.91811658e-07   2.472210248e-07   3.18636706e-07   4.106825057e-07   5.293179231e-07   6.822239993e-07   8.793006246e-07   1.133307504e-06   1.460690282e-06   1.882645306e-06   2.426491974e-06   3.127441512e-06   4.030876696e-06   5.195290105e-06   6.696071148e-06   8.630387017e-06   1.112347355e-05   1.433674327e-05   1.847823541e-05   2.381608442e-05   3.069587869e-05   3.956303282e-05   5.099162146e-05   6.57215401e-05   8.470639691e-05   0.0001091752331   0.0001407120621   0.0001813583684   0.0002337451874   0.000301263291   0.0003882824572   0.0005004339498   0.0006449743799   0.000831254317   0.001071321666   0.001380698349   0.001779379686   0.00229311973   0.002955083322   0.003807967819   0.004906725161   0.006322049459   0.008144837563   0.01049188108   0.0135131083   0.01740076229   0.0224009735   0.02882825312   0.03708348088   0.04767595857   0.06124999716   0.0786162187   0.1007871537   0.1290156082   0.1648323942   0.2100770344   0.2669106317   0.337794082   0.4254075996   0.5324807075   0.6614991007   0.8142626799   0.9912965221   1.191171477   1.40987173   1.640429931   1.873085491   2.096145949   2.297518117   2.466587995   2.595918601   2.682251182   2.726556049   2.733239641   2.708875872   2.660885415   2.59647042   2.521933665   2.44236482   2.361600124   2.282346404   2.206379368   2.134755921   2.068007198   2.006298326   1.949552492   1.897542786   1.849957569   1.806445302   1.766644139   1.730200593   1.696780566   1.666075198   1.63780331   1.611711668   1.58757393   1.565188857   1.544378151   1.524984189   1.506867777   1.489906038   1.473990453   1.459025103   1.44492509   1.431615147   1.419028417   1.407105384   1.395792945   1.385043608   1.374814787   1.365068204   1.355769361   1.346887089   1.338393156   1.330261925   1.32247006   1.314996267   1.307821073   1.300926629   1.294296539   1.287915712   1.281770228   1.275847226   1.270134799   1.264621904   1.259298283   1.254154392   1.249181338   1.244370821   1.239715086   1.235206873   1.230839382   1.226606234   1.222501436   1.218519353   1.21465468   1.210902422   1.20725787   1.203716566   1.200274307   1.196927115   1.193671223   1.190503065   1.187419255   1.184416586   1.181492009   1.178642625   1.17586568   1.173158552   1.170518745   1.167943878   1.165431685   1.16298   1.160586759   1.158249989   1.155967803   1.153738399   1.151560052   1.149431112   1.147349997   1.145315194   1.143325249   1.141378772   1.139474425   1.137610928   1.135787049   1.134001605   1.132253461   1.130541522   1.128864738   1.127222099   1.12561263   1.124035394   1.12248949   1.120974046   1.119488225   1.118031218   1.116602246   1.115200555   1.113825421   1.112476142   1.111152041   1.109852464   
22.3241206   2.002119074e-09   2.580478897e-09   3.325911742e-09   4.286680635e-09   5.524990526e-09   7.121015748e-09   9.178090902e-09   1.182940125e-08   1.524660579e-08   1.965095132e-08   2.532759704e-08   3.264407718e-08   4.207409699e-08   5.422820276e-08   6.989331163e-08   9.008366047e-08   1.161064726e-07   1.496465939e-07   1.928755781e-07   2.485922836e-07   3.204040856e-07   4.12960435e-07   5.322538866e-07   6.860080856e-07   8.841778342e-07   1.139593612e-06   1.468792281e-06   1.893087759e-06   2.439950977e-06   3.144788467e-06   4.053234726e-06   5.224106778e-06   6.733212191e-06   8.678257113e-06   1.118517203e-05   1.441626476e-05   1.858072848e-05   2.39481849e-05   3.086613925e-05   3.978247674e-05   5.127445622e-05   6.608607714e-05   8.517623705e-05   0.0001097807942   0.0001414925481   0.0001823643067   0.0002350416988   0.0003029343037   0.0003904361372   0.0005032096974   0.0006485518452   0.0008358650138   0.001077263933   0.001388356616   0.00178924929   0.002305838847   0.002971474073   0.003829089134   0.00493394074   0.006357115067   0.008190013052   0.01055007396   0.01358805745   0.01749727248   0.02252521406   0.02898813674   0.037289142   0.04794035352   0.0615896511   0.07905214487   0.1013459682   0.1297308541   0.1657460702   0.2112412859   0.2683895002   0.3396651159   0.427762992   0.5354274531   0.6651574785   0.8187622251   0.9967686708   1.197738394   1.417631626   1.649440417   1.88334799   2.107595151   2.31002027   2.479949938   2.609906406   2.696614354   2.741051793   2.747652407   2.723029478   2.674647534   2.609750953   2.534679242   2.454551556   2.373226214   2.29342549   2.21693509   2.144817731   2.077607313   2.015469615   1.958327088   1.905951243   1.858028389   1.814204726   1.774116109   1.737406821   1.703740664   1.672806839   1.644322405   1.618032541   1.593709485   1.571150734   1.550176869   1.53062927   1.512367867   1.495269001   1.479223465   1.464134726   1.449917343   1.436495566   1.423802105   1.411777058   1.400366978   1.389524061   1.379205441   1.369372587   1.359990772   1.351028621   1.342457711   1.334252232   1.326388691   1.318845648   1.311603498   1.304644269   1.297951451   1.291509848   1.285305444   1.279325288   1.273557386   1.26799062   1.262614657   1.257419886   1.252397349   1.247538686   1.242836085   1.238282234   1.233870284   1.229593807   1.225446766   1.221423486   1.217518619   1.213727136   1.210044286   1.206465586   1.202986796   1.199603907   1.196313126   1.193110855   1.189993686   1.186958386   1.18400188   1.181121248   1.178313714   1.175576635   1.172907494   1.170303894   1.167763548   1.165284273   1.162863989   1.160500706   1.158192522   1.15593762   1.153734262   1.151580783   1.149475588   1.147417151   1.145404008   1.143434754   1.141508042   1.139622581   1.137777127   1.135970488   1.134201519   1.132469116   1.13077222   1.129109811   1.127480906   1.125884561   1.124319866   1.122785941   1.121281942   1.119807054   1.118360488   1.116941487   1.115549318   1.114183273   1.11284267   
22.57788945   1.561907976e-09   2.013102329e-09   2.594634927e-09   3.344157079e-09   4.310196572e-09   5.555299602e-09   7.160080323e-09   9.22844021e-09   1.189429516e-08   1.533024585e-08   1.97587528e-08   2.546653955e-08   3.282315655e-08   4.23049077e-08   5.452568865e-08   7.027673341e-08   9.057784277e-08   1.167434112e-07   1.504675275e-07   1.939336579e-07   2.499560149e-07   3.221617632e-07   4.152258596e-07   5.351737329e-07   6.89771399e-07   8.890282702e-07   1.145845212e-06   1.476849804e-06   1.903472888e-06   2.453336096e-06   3.162040194e-06   4.075470022e-06   5.25276526e-06   6.770149346e-06   8.725864425e-06   1.124653181e-05   1.449534972e-05   1.868265891e-05   2.407956019e-05   3.103546516e-05   4.000071601e-05   5.155573834e-05   6.644861304e-05   8.564349797e-05   0.0001103830311   0.0001422687496   0.0001833647229   0.0002363310929   0.0003045961433   0.0003925779944   0.0005059702074   0.0006521096719   0.0008404504001   0.001083173579   0.001395972844   0.001799064714   0.002318488142   0.002987774847   0.003850094504   0.00496100692   0.006391988185   0.008234940555   0.0106079474   0.01366259518   0.01759325291   0.02264877265   0.02914714278   0.03749367429   0.04820329733   0.06192744092   0.07948567871   0.1019017162   0.1304421755   0.1666547339   0.2123991514   0.2698602588   0.3415258925   0.4301054769   0.5383580586   0.6687958309   0.8232371603   1.00221092   1.204269476   1.425349244   1.658401911   1.893554827   2.118982444   2.32245507   2.493240216   2.623819588   2.710901377   2.755471243   2.761989946   2.737109904   2.688339246   2.622964333   2.547361189   2.466678287   2.384795903   2.304451665   2.227441229   2.154833089   2.087163895   2.024600079   1.967063363   1.914323687   1.866065323   1.821932223   1.78155796   1.7445846   1.710673856   1.679513006   1.650817355   1.624330506   1.599823287   1.577091936   1.555955921   1.536255635   1.517850132   1.500614979   1.484440284   1.469228906   1.454894863   1.441361924   1.428562371   1.416435918   1.404928775   1.393992828   1.383584934   1.373666311   1.364202005   1.355160433   1.346512984   1.338233678   1.330298864   1.322686959   1.315378224   1.308354566   1.301599363   1.295097315   1.288834308   1.282797301   1.27697422   1.271353865   1.265925833   1.260680445   1.255608678   1.250702114   1.245952883   1.241353623   1.236897433   1.23257784   1.228388762   1.224324478   1.220379614   1.216549091   1.212828124   1.2092122   1.205697047   1.202278624   1.198953109   1.19571688   1.192566499   1.189498709   1.186510413   1.183598667   1.180760674   1.17799377   1.175295418   1.172663202   1.170094817   1.167588064   1.165140844   1.162751152   1.160417071   1.15813677   1.155908496   1.15373057   1.151601385   1.149519401   1.147483143   1.145491194   1.143542197   1.141634847   1.139767894   1.137940133   1.136150409   1.13439761   1.132680668   1.130998553   1.129350276   1.127734882   1.126151454   1.124599106   1.123076985   1.121584268   1.120120162   1.118683901   1.117274746   1.115891983   
22.83165829   1.218415059e-09   1.570383295e-09   2.024025946e-09   2.608714091e-09   3.362303345e-09   4.33358482e-09   5.585444103e-09   7.198932782e-09   9.278516129e-09   1.19588367e-08   1.541343175e-08   1.986596894e-08   2.560472762e-08   3.300126354e-08   4.253446514e-08   5.482155923e-08   7.065807325e-08   9.106934172e-08   1.173768914e-07   1.512840034e-07   1.949859924e-07   2.513123413e-07   3.239098967e-07   4.174789832e-07   5.380777249e-07   6.935142782e-07   8.93852369e-07   1.152062866e-06   1.484863575e-06   1.913801627e-06   2.466648536e-06   3.179198247e-06   4.097584582e-06   5.281268131e-06   6.806885938e-06   8.773213235e-06   1.130755842e-05   1.457400525e-05   1.878403587e-05   2.421022214e-05   3.120387165e-05   4.021777028e-05   5.183549314e-05   6.680918042e-05   8.610822174e-05   0.0001109819979   0.0001430407365   0.0001843597069   0.0002376134858   0.0003062489594   0.0003947082217   0.0005087157283   0.0006556481802   0.0008450108885   0.001089051138   0.001403547717   0.001808826842   0.002331068753   0.00300398711   0.00387098582   0.004987926138   0.006426671951   0.008279624115   0.01066550661   0.0137367282   0.01768871221   0.02277166039   0.02930528552   0.03769709616   0.04846481364   0.06226339701   0.07991685921   0.1024544477   0.1311496365   0.1675584667   0.213550735   0.2713230398   0.343376579   0.4324352642   0.5412727864   0.6724144835   0.8276878851   1.007623755   1.210765303   1.433025268   1.667315202   1.903706898   2.130308821   2.334823594   2.506459971   2.637659328   2.72511345   2.769815591   2.776253422   2.751118272   2.701961618   2.636111566   2.559980447   2.478745888   2.396309996   2.315425675   2.237898468   2.164802621   2.096677521   2.033690246   1.975761799   1.92266056   1.874068775   1.829628165   1.788970033   1.751734241   1.717580428   1.686193958   1.657288398   1.630605781   1.605915532   1.583012642   1.561715471   1.54186343   1.523314704   1.505944091   1.489641018   1.474307738   1.459857734   1.446214296   1.433309279   1.421082019   1.409478381   1.398449947   1.387953298   1.3779494   1.368403075   1.359282534   1.35055898   1.342206262   1.334200573   1.326520187   1.319145234   1.3120575   1.30524025   1.298678081   1.292356785   1.28626323   1.280385258   1.274711595   1.269231764   1.263936018   1.258815272   1.253861049   1.249065423   1.244420979   1.239920767   1.235558267   1.231327356   1.227222267   1.223237593   1.219368213   1.21560931   1.211956333   1.208404982   1.204951187   1.201591095   1.198321057   1.195137611   1.192037474   1.189017524   1.186074798   1.183206474   1.180409869   1.177682427   1.175021713   1.172425403   1.169891281   1.167417233   1.165001236   1.16264136   1.160335757   1.158082661   1.15588038   1.153727294   1.15162185   1.149562561   1.147547999   1.145576796   1.143647635   1.141759256   1.139910445   1.138100037   1.136326911   1.134589989   1.132888233   1.131220645   1.129586263   1.127984161   1.126413447   1.124873259   1.123362768   1.121881173   1.120427703   1.119001611   
23.08542714   9.504076006e-10   1.224955493e-09   1.578813089e-09   2.034890887e-09   2.62271763e-09   3.38035214e-09   4.356847439e-09   5.615426684e-09   7.237576546e-09   9.328323065e-09   1.202303156e-08   1.549617083e-08   1.997260917e-08   2.574217342e-08   3.317841383e-08   4.276278952e-08   5.511584054e-08   7.103736474e-08   9.155820059e-08   1.180069688e-07   1.520960937e-07   1.960326743e-07   2.526613822e-07   3.256486403e-07   4.197200041e-07   5.409661181e-07   6.972370525e-07   8.986505552e-07   1.158247122e-06   1.492834301e-06   1.924074886e-06   2.479889469e-06   3.196264136e-06   4.119580355e-06   5.309617899e-06   6.843425199e-06   8.820307711e-06   1.136825722e-05   1.465223829e-05   1.888486829e-05   2.434018225e-05   3.137137355e-05   4.043365864e-05   5.211374525e-05   6.716781102e-05   8.657044925e-05   0.0001115777474   0.0001438085766   0.0001853493464   0.0002388889904   0.0003078928974   0.0003968270065   0.0005114465017   0.0006591676814   0.0008495468804   0.001094897125   0.001411081901   0.001818536533   0.002343581789   0.003020112291   0.003891764919   0.005014700762   0.006461169418   0.008324067666   0.01072275665   0.01381046303   0.01778365879   0.02289388809   0.02946257889   0.03789942549   0.04872492547   0.06259754894   0.08034572432   0.1030042113   0.1318532992   0.1684573482   0.2146961379   0.2727779717   0.3452173378   0.4347525585   0.544171892   0.6760137529   0.8321147884   1.013007648   1.217226441   1.440660365   1.676181062   1.913805077   2.14157525   2.347126892   2.519610314   2.651426778   2.739251742   2.784085998   2.790443972   2.765055678   2.715515694   2.649193634   2.572537934   2.490755212   2.407769286   2.326348248   2.248307477   2.174726943   2.106148752   2.042740633   1.984422871   1.930962297   1.882039144   1.837292916   1.79635266   1.758856048   1.724460659   1.692849954   1.663735768   1.636858578   1.611986416   1.58891303   1.56745568   1.547452802   1.528761716   1.511256457   1.494825772   1.479371317   1.464806039   1.451052754   1.438042894   1.425715415   1.414015845   1.402895459   1.392310564   1.382221879   1.372594001   1.363394937   1.354595705   1.346169984   1.338093813   1.330345323   1.322904514   1.31575305   1.308874088   1.30225212   1.295872844   1.289723038   1.283790464   1.278063768   1.272532405   1.267186558   1.262017082   1.257015438   1.252173648   1.247484242   1.242940225   1.238535027   1.234262483   1.230116787   1.226092486   1.222184433   1.21838777   1.214697912   1.211110528   1.20762152   1.204227006   1.20092331   1.197706945   1.194574599   1.191523133   1.188549558   1.185651032   1.182824851   1.180068439   1.177379343   1.174755221   1.172193841   1.16969307   1.167250872   1.1648653   1.162534493   1.16025667   1.158030125   1.155853227   1.153724409   1.151642173   1.149605079   1.147611748   1.145660853   1.143751123   1.141881335   1.140050313   1.138256927   1.136500091   1.134778758   1.133091922   1.131438612   1.129817896   1.128228872   1.126670672   1.125142461   1.12364343   1.122172802   
23.33919598   7.413100784e-10   9.554551667e-10   1.231461169e-09   1.587198084e-09   2.045698088e-09   2.636646749e-09   3.398305017e-09   4.379986433e-09   5.645249928e-09   7.276014945e-09   9.377865311e-09   1.208688526e-08   1.55784702e-08   2.007868267e-08   2.587888879e-08   3.335462269e-08   4.29899005e-08   5.540855795e-08   7.141464055e-08   9.20444615e-08   1.186336978e-07   1.529038683e-07   1.970737938e-07   2.540032539e-07   3.273781435e-07   4.219491156e-07   5.438391614e-07   7.009400428e-07   9.034232422e-07   1.164398513e-06   1.500762667e-06   1.934293549e-06   2.493060035e-06   3.213239331e-06   4.141459235e-06   5.337817008e-06   6.879770279e-06   8.867151912e-06   1.142863345e-05   1.473005558e-05   1.898516485e-05   2.44694517e-05   3.153798529e-05   4.06483997e-05   5.239051863e-05   6.752453574e-05   8.703022032e-05   0.0001121703308   0.0001445723362   0.0001863337266   0.0002401577165   0.000309528099   0.0003989345314   0.0005141627628   0.0006626684789   0.0008540587665   0.001100712044   0.001418576047   0.001828194624   0.002356028327   0.003036151778   0.003912433594   0.0050413331   0.006495483559   0.008368275035   0.01077970246   0.01388380604   0.01787810082   0.02301546629   0.02961903645   0.03810067973   0.04898365523   0.06292992546   0.08077231096   0.1035510544   0.1325532242   0.1693514556   0.2158354585   0.2742251794   0.347048327   0.4370575587   0.5470556242   0.6795939476   0.836518249   1.018363058   1.22365344   1.448255182   1.685000241   1.923850212   2.152782674   2.359365985   2.532692328   2.665123061   2.75331739   2.798283597   2.804562704   2.778923188   2.72900249   2.662211495   2.585034547   2.502707092   2.419174541   2.337220093   2.258668912   2.184606655   2.115578143   2.051751746   1.993047043   1.939229322   1.889976819   1.844926834   1.80370617   1.765950324   1.731314825   1.699481244   1.670159697   1.64308911   1.618036131   1.594793277   1.573176709   1.553023896   1.5341913   1.516552195   1.499994655   1.48441974   1.469739865   1.455877375   1.442763282   1.430336165   1.418541215   1.407329404   1.396656766   1.386483776   1.376774804   1.367497657   1.358623168   1.350124849   1.341978582   1.334162359   1.326656051   1.319441202   1.312500857   1.305819408   1.299382457   1.293176695   1.287189801   1.281410347   1.275827714   1.270432021   1.265214059   1.260165232   1.255277506   1.250543361   1.24595575   1.241508056   1.23719408   1.233007972   1.228944235   1.224997687   1.221163436   1.217436868   1.213813615   1.210289553   1.20686077   1.203523564   1.200274423   1.19711001   1.194027162   1.191022869   1.188094268   1.185238634   1.182453372   1.17973601   1.177084189   1.174495659   1.171968272   1.169499975   1.167088808   1.164732893   1.162430436   1.16017972   1.157979097   1.155826992   1.153721892   1.151662348   1.149646967   1.147674415   1.145743408   1.143852714   1.142001148   1.140187571   1.138410886   1.136670041   1.134964019   1.133291842   1.13165257   1.130045293   1.128469138   1.126923261   1.125406846   
23.59296482   5.78183623e-10   7.452057459e-10   9.604761907e-10   1.237932635e-09   1.595538988e-09   2.056448461e-09   2.650502623e-09   3.416163491e-09   4.403003753e-09   5.674916349e-09   7.314251219e-09   9.427147045e-09   1.21504032e-08   1.56603368e-08   2.01841984e-08   2.601488525e-08   3.352990497e-08   4.321581725e-08   5.569973613e-08   7.178993249e-08   9.252816547e-08   1.192571311e-07   1.537073953e-07   1.981094386e-07   2.553380694e-07   3.290985523e-07   4.241665055e-07   5.466970972e-07   7.046235613e-07   9.081708326e-07   1.170517558e-06   1.508649343e-06   1.944458478e-06   2.506161345e-06   3.230125263e-06   4.163223067e-06   5.365867834e-06   6.915924242e-06   8.913749788e-06   1.14886922e-05   1.480746367e-05   1.908493402e-05   2.45980414e-05   3.170372092e-05   4.086201156e-05   5.266583662e-05   6.787938466e-05   8.748757375e-05   0.0001127597983   0.0001453320796   0.0001873129306   0.0002414197711   0.0003111547021   0.0004010309741   0.0005168647409   0.0006661508679   0.0008585469275   0.001106496387   0.001426030785   0.00183780193   0.002368409416   0.003052106924   0.003932993585   0.005067825397   0.006529617266   0.008412249952   0.01083634884   0.01395676339   0.01797204627   0.02313640523   0.02977467137   0.03830087583   0.04924102471   0.06326055461   0.08119665508   0.104095023   0.1332494705   0.1702408644   0.2169687928   0.2756647849   0.3488697006   0.4393504586   0.549924225   0.6831553679   0.8408986357   1.023690433   1.230046835   1.455810351   1.693773467   1.933843133   2.163932012   2.37154187   2.545707069   2.678749269   2.767311503   2.812409491   2.818610697   2.792721845   2.742422997   2.675166085   2.59747116   2.514602342   2.430526516   2.348041907   2.26898341   2.194442347   2.124966233   2.060724082   2.00163477   1.947462055   1.897882185   1.852530271   1.811030886   1.773017365   1.738143198   1.706088078   1.676560412   1.649297586   1.62406487   1.600653555   1.578878717   1.558576858   1.539603587   1.521831424   1.505147774   1.489453102   1.474659298   1.460688236   1.447470512   1.434944328   1.423054543   1.411751826   1.400991942   1.390735119   1.380945507   1.371590711   1.36264138   1.354070861   1.345854881   1.337971293   1.330399838   1.323121942   1.316120541   1.309379924   1.302885599   1.296624172   1.290583239   1.284751296   1.279117655   1.273672367   1.268406162   1.263310386   1.25837695   1.253598283   1.248967286   1.24447731   1.240122098   1.235895771   1.231792776   1.227807912   1.223936247   1.220173134   1.216514176   1.212955216   1.209492317   1.206121749   1.202839974   1.199643632   1.196529538   1.193494657   1.190536106   1.187651142   1.184837149   1.182091636   1.179412228   1.176796657   1.174242759   1.171748465   1.169311801   1.166930875   1.164603878   1.16232908   1.160104822   1.157929515   1.155801635   1.15371972   1.151682369   1.149688235   1.147736025   1.145824497   1.143952457   1.142118757   1.140322291   1.138561996   1.136836851   1.135145868   1.133488098   1.131862627   1.130268571   1.128705081   
23.84673367   4.509288755e-10   5.811904309e-10   7.490811419e-10   9.654710872e-10   1.244370427e-09   1.603836489e-09   2.067142893e-09   2.664286396e-09   3.433929036e-09   4.425901299e-09   5.704428397e-09   7.352288526e-09   9.476172335e-09   1.221359061e-08   1.574177741e-08   2.028916506e-08   2.615017403e-08   3.370427515e-08   4.344055841e-08   5.598939913e-08   7.216327155e-08   9.300935242e-08   1.198773204e-07   1.54506741e-07   1.991396944e-07   2.566659391e-07   3.308100088e-07   4.263723569e-07   5.495401613e-07   7.082879121e-07   9.128937184e-07   1.176604762e-06   1.51649498e-06   1.954570513e-06   2.51919448e-06   3.246923328e-06   4.184873649e-06   5.393772694e-06   6.951890074e-06   8.960105186e-06   1.154843842e-05   1.488446895e-05   1.918418402e-05   2.472596196e-05   3.186859412e-05   4.107451187e-05   5.293972197e-05   6.823238708e-05   8.794254728e-05   0.0001133461983   0.0001460878697   0.0001882870392   0.0002426752585   0.000312772841   0.0004031165077   0.0005195526589   0.0006696151358   0.0008630117339   0.00111225063   0.001433446733   0.001847359243   0.00238072608   0.003067979047   0.003953446592   0.00509417984   0.006563573359   0.008455996047   0.01089270046   0.01402934113   0.0180655029   0.02325671491   0.02992949651   0.03850003033   0.04949705517   0.06358946367   0.0816187917   0.1046361621   0.1339420954   0.1711256478   0.2180962344   0.2770969066   0.3506816087   0.4416314467   0.5527779303   0.6866983061   0.8452563076   1.028990209   1.236407149   1.463326487   1.702501453   1.943784645   2.175024157   2.383655515   2.558655563   2.692306467   2.781235163   2.826464757   2.832589005   2.806452663   2.755778182   2.688058315   2.609848627   2.526441756   2.441825946   2.358814368   2.2792516   2.204234594   2.134313551   2.069658127   2.010186498   1.955660904   1.905755618   1.860103572   1.818327126   1.780057461   1.744946045   1.712670702   1.682938139   1.655484212   1.630072821   1.60649404   1.584561862   1.564111831   1.544998709   1.527094264   1.510285236   1.494471501   1.479564424   1.465485414   1.45216465   1.439539964   1.42755588   1.41616277   1.405316129   1.39497594   1.385106135   1.375674117   1.366650356   1.358008028   1.349722712   1.341772121   1.334135867   1.326795259   1.319733123   1.312933648   1.306382249   1.300065443   1.293970748   1.288086583   1.282402191   1.276907557   1.271593349   1.266450855   1.261471933   1.256648962   1.251974791   1.24744273   1.243046478   1.23878011   1.234638052   1.230615049   1.226706142   1.222906651   1.219212147   1.215618445   1.212121581   1.208717796   1.205403529   1.202175397   1.199030188   1.195964849   1.192976475   1.190062301   1.187219695   1.184446146   1.181739261   1.179096757   1.176516453   1.173996265   1.171534202   1.169128361   1.166776917   1.164478128   1.162230322   1.160031898   1.15788132   1.155777116   1.153717872   1.151702233   1.149728894   1.147796604   1.14590416   1.144050403   1.142234221   1.140454542   1.138710335   1.137000606   1.135324398   1.133680789   1.132068889   
24.10050251   3.516634e-10   4.532497565e-10   5.841817538e-10   7.529365797e-10   9.704402601e-10   1.250775064e-09   1.612091258e-09   2.077782249e-09   2.677999184e-09   3.451603089e-09   4.448680923e-09   5.733788459e-09   7.390129942e-09   9.524945146e-09   1.227645261e-08   1.58227986e-08   2.039359115e-08   2.628476609e-08   3.387774732e-08   4.366414216e-08   5.627757038e-08   7.253468793e-08   9.348806127e-08   1.204943157e-07   1.553019701e-07   2.001646444e-07   2.579869703e-07   3.325126514e-07   4.285668483e-07   5.523685837e-07   7.119333917e-07   9.175922814e-07   1.182660616e-06   1.524300212e-06   1.964630472e-06   2.532160496e-06   3.263634883e-06   4.206412731e-06   5.421533845e-06   6.987670683e-06   9.006221855e-06   1.160787695e-05   1.496107766e-05   1.928292288e-05   2.485322375e-05   3.203261824e-05   4.128591781e-05   5.321219682e-05   6.858357155e-05   8.839517771e-05   0.0001139295784   0.0001468397674   0.0001892561311   0.0002439242802   0.0003143826465   0.0004051913009   0.0005222267342   0.000673061563   0.0008674535466   0.001117975239   0.001440824488   0.001856867336   0.002392979313   0.003083769429   0.003973794268   0.005120398561   0.006597354582   0.008499516857   0.01094876188   0.0141015451   0.01815847825   0.02337640504   0.03008352439   0.03869815932   0.0497517673   0.06391667923   0.08203875494   0.1051745153   0.1346311551   0.1720058774   0.219217874   0.2785216604   0.3524841975   0.4439007071   0.55561697   0.6902230474   0.8495916148   1.034262812   1.24273489   1.470804188   1.711184893   1.953675534   2.186059981   2.395707866   2.571538814   2.705795694   2.795089424   2.840450444   2.846498653   2.820116634   2.769068989   2.700889077   2.622167782   2.53822611   2.45307355   2.369538141   2.289474092   2.21398396   2.143620615   2.078554356   2.018702666   1.963826272   1.913597488   1.867647078   1.825595201   1.787070901   1.751723631   1.719229358   1.689293101   1.661649192   1.636060173   1.612314903   1.590226301   1.569628959   1.550376796   1.532340833   1.515407149   1.499475033   1.48445533   1.470268987   1.456845766   1.444123134   1.432045281   1.420562282   1.409629365   1.399206272   1.389256714   1.379747897   1.370650108   1.361936361   1.353582082   1.345564845   1.337864136   1.330461146   1.323338592   1.316480565   1.309872386   1.303500486   1.297352302   1.29141618   1.28568129   1.280137556   1.274775582   1.2695866   1.264562414   1.259695351   1.254978214   1.250404268   1.245967168   1.241660951   1.23748001   1.233419041   1.229473063   1.225637356   1.221907466   1.218279177   1.214748497   1.211311642   1.207965023   1.204705237   1.201529046   1.198433377   1.195415304   1.192472042   1.189600939   1.186799468   1.184065218   1.181395887   1.17878928   1.176243299   1.173755936   1.171325274   1.168949477   1.166626787   1.16435552   1.162134064   1.159960871   1.157834457   1.155753399   1.15371633   1.151721935   1.149768955   1.147856176   1.145982431   1.144146598   1.142347599   1.140584392   1.138855977   1.13716139   1.1354997   
24.35427136   2.74235472e-10   3.534549257e-10   4.55558807e-10   5.871578286e-10   7.567723647e-10   9.753841031e-10   1.257147054e-09   1.620303949e-09   2.088367371e-09   2.691642071e-09   3.46918705e-09   4.47134443e-09   5.762998861e-09   7.427778464e-09   9.573469341e-09   1.233899418e-08   1.590340678e-08   2.049748494e-08   2.641867207e-08   3.405033524e-08   4.388658621e-08   5.656427269e-08   7.290421104e-08   9.396432994e-08   1.211081659e-07   1.560931456e-07   2.011843698e-07   2.593012677e-07   3.342066148e-07   4.307501534e-07   5.551825885e-07   7.155602886e-07   9.222668938e-07   1.188685601e-06   1.532065657e-06   1.97463915e-06   2.545060418e-06   3.280261252e-06   4.227842018e-06   5.449153486e-06   7.023268902e-06   9.052103448e-06   1.16670125e-05   1.503729587e-05   1.938115844e-05   2.497983682e-05   3.219580625e-05   4.149624613e-05   5.348328274e-05   6.893296588e-05   8.884550088e-05   0.0001145099848   0.0001475878324   0.0001902202832   0.0002451669351   0.0003159842461   0.0004072555181   0.0005248871786   0.0006764904222   0.0008718727177   0.001123670668   0.001448164636   0.001866326963   0.002405170087   0.003099479322   0.003994038224   0.005146483636   0.006630963612   0.008542815829   0.01100453754   0.01417338104   0.0182509797   0.02349548511   0.0302367672   0.0388952785   0.05000518127   0.06424222719   0.08245657804   0.1057101253   0.1353167039   0.1728816227   0.2203338006   0.2799391586   0.3542776092   0.4461584188   0.5584415679   0.6937298693   0.853904898   1.039508654   1.249030554   1.47824404   1.71982446   1.963516566   2.197040334   2.407699846   2.584357798   2.719217964   2.808875313   2.854367575   2.860340645   2.833714723   2.782296341   2.71365924   2.63442944   2.549956163   2.464270032   2.380213877   2.299651486   2.223690995   2.152887933   2.087413237   2.027183701   1.971958554   1.921408156   1.875161122   1.832835419   1.794057966   1.758476215   1.725764286   1.695625517   1.667792729   1.642027109   1.618116313   1.595872189   1.575128385   1.555737978   1.537571249   1.52051362   1.504463796   1.489332105   1.475039033   1.461513931   1.448693899   1.436522799   1.42495041   1.413931692   1.403426148   1.393397272   1.383812073   1.374640656   1.365855871   1.357432996   1.349349467   1.341584642   1.334119595   1.326936939   1.320020662   1.313355993   1.306929279   1.300727877   1.294740058   1.288954924   1.283362331   1.277952826   1.272717583   1.267648351   1.262737408   1.257977517   1.253361878   1.248884124   1.244538243   1.240318592   1.236219835   1.232236952   1.228365195   1.224600077   1.220937354   1.217373006   1.213903224   1.210524393   1.207233088   1.204026047   1.200900175   1.197852526   1.194880296   1.191980813   1.189151533   1.186390026   1.183693976   1.18106117   1.178489495   1.17597693   1.173521543   1.171121484   1.168774982   1.166480342   1.164235938   1.162040212   1.159891668   1.157788873   1.155730449   1.153715073   1.151741474   1.149808428   1.147914763   1.146059346   1.144241089   1.142458945   1.140711905   1.138998996   
24.6080402   2.138443988e-10   2.756184512e-10   3.552374114e-10   4.578562062e-10   5.901188863e-10   7.605887946e-10   9.803029996e-10   1.263486891e-09   1.628475199e-09   2.098899082e-09   2.705216118e-09   3.486682283e-09   4.493893579e-09   5.792061868e-09   7.465237014e-09   9.621748686e-09   1.240122016e-08   1.598360823e-08   2.060085448e-08   2.655190237e-08   3.422205228e-08   4.410790782e-08   5.684952832e-08   7.327186956e-08   9.443819538e-08   1.217189187e-07   1.568803288e-07   2.021989497e-07   2.606089332e-07   3.358920306e-07   4.329224417e-07   5.57982394e-07   7.191688845e-07   9.269179184e-07   1.194680185e-06   1.539791918e-06   1.984597325e-06   2.557895247e-06   3.296803726e-06   4.249163175e-06   5.476633759e-06   7.058687495e-06   9.097753525e-06   1.172584966e-05   1.511312948e-05   1.94788983e-05   2.510581101e-05   3.235817082e-05   4.170551314e-05   5.375300078e-05   6.928059719e-05   8.929355176e-05   0.0001150874625   0.0001483321227   0.0001911795702   0.0002464033196   0.0003175777642   0.0004093093193   0.0005275341986   0.0006799019797   0.0008762695899   0.001129337357   0.001455467746   0.001875738857   0.002417299348   0.003115109944   0.004014180032   0.005172437089   0.006664403056   0.008585896323   0.01106003178   0.01424485452   0.01834301442   0.02361396435   0.03038923683   0.03909140315   0.05025731675   0.0645661328   0.08287229341   0.1062430336   0.135998795   0.1737529517   0.2214441006   0.2813495112   0.3560619828   0.4484047565   0.5612519424   0.6972190426   0.8581964901   1.04472814   1.255294624   1.485646611   1.728420815   1.973308488   2.207966046   2.419632353   2.597113468   2.732574263   2.822593834   2.86821715   2.874115959   2.847247875   2.795461136   2.726369653   2.646634397   2.561632656   2.475416079   2.390842209   2.309784369   2.233356241   2.162116002   2.096235226   2.035630026   1.980058137   1.929187981   1.882646033   1.840048082   1.801018935   1.765204054   1.732275721   1.701935604   1.673915022   1.647973814   1.623898438   1.601499682   1.580610249   1.561082385   1.542785631   1.525604756   1.509437887   1.494194836   1.479795631   1.466169216   1.453252323   1.44098849   1.429327201   1.418223151   1.407635605   1.39752784   1.387866668   1.378622018   1.369766574   1.361275465   1.353125991   1.345297385   1.337770605   1.330528155   1.323553926   1.316833056   1.310351805   1.304097452   1.298058194   1.292223064   1.286581854   1.28112505   1.275843769   1.270729708   1.265775095   1.260972645   1.256315515   1.251797297   1.247411936   1.243153752   1.239017381   1.234997758   1.231090113   1.227289924   1.223592918   1.21999505   1.216492483   1.213081581   1.209758888   1.206521127   1.203365179   1.200288077   1.197286998   1.194359251   1.191502273   1.188713619   1.185990956   1.183332054   1.180734786   1.178197115   1.175717096   1.173292867   1.170922642   1.168604715   1.166337448   1.16411927   1.161948677   1.159824222   1.157744519   1.155708234   1.153714086   1.151760845   1.149847325   1.147972389   1.146134939   1.144333919   1.142568314   
24.86180905   1.667440564e-10   2.149120522e-10   2.769945218e-10   3.570109927e-10   4.601421288e-10   5.930651521e-10   7.643861595e-10   9.85197324e-10   1.269795057e-09   1.63660563e-09   2.109378182e-09   2.718722355e-09   3.504090119e-09   4.516330083e-09   5.820979692e-09   7.50250844e-09   9.669786852e-09   1.24631353e-08   1.606340903e-08   2.070370764e-08   2.668446712e-08   3.439291152e-08   4.432812382e-08   5.713335896e-08   7.363769145e-08   9.490969364e-08   1.223266205e-07   1.576635797e-07   2.032084613e-07   2.619100662e-07   3.375690269e-07   4.350838783e-07   5.60768213e-07   7.227594537e-07   9.315457089e-07   1.200644823e-06   1.547479583e-06   1.994505754e-06   2.570665961e-06   3.313263562e-06   4.270377822e-06   5.503976756e-06   7.093929155e-06   9.143175558e-06   1.178439289e-05   1.518858427e-05   1.95761499e-05   2.52311559e-05   3.251972431e-05   4.191373476e-05   5.402137145e-05   6.962649191e-05   8.97393644e-05   0.0001156620554   0.0001490726949   0.0001921340651   0.0002476335278   0.0003191633218   0.0004113528608   0.0005301679955   0.0006832964948   0.0008806444977   0.001134975739   0.001462734374   0.001885103735   0.002429368018   0.003130662485   0.004034221223   0.005198260895   0.006697675458   0.008628761615   0.0111152488   0.01431597097   0.0184345894   0.02373185178   0.03054094488   0.03928654819   0.05050819289   0.06488842069   0.08328593265   0.1067732806   0.1366774804   0.1746199304   0.2225488582   0.2827528252   0.3578374536   0.4506398904   0.5640483062   0.7006908313   0.8624667151   1.049921662   1.261527572   1.493012456   1.7369746   1.983052029   2.218837923   2.431506263   2.609806754   2.745865556   2.836245965   2.882000143   2.887825548   2.860717011   2.808564253   2.739021147   2.658783431   2.573256315   2.486512364   2.401423761   2.319873313   2.242980225   2.171305309   2.105020773   2.044042052   1.9881254   1.936937311   1.890102131   1.847233487   1.807954082   1.771907398   1.738763895   1.708223577   1.680016267   1.653900468   1.629661447   1.607108932   1.586074692   1.566410144   1.547984095   1.530680665   1.514397403   1.499043611   1.484538861   1.470811691   1.45779847   1.44544241   1.433692705   1.422503786   1.41183468   1.401648449   1.39191171   1.382594213   1.373668483   1.365109499   1.356894424   1.349002367   1.341414171   1.334112235   1.327080349   1.320303561   1.313768048   1.307461008   1.301370566   1.295485685   1.289796096   1.284292222   1.278965125   1.27380645   1.268808375   1.263963567   1.25926514   1.254706643   1.250281985   1.245985447   1.241811628   1.237755434   1.233812058   1.229976954   1.226245816   1.222614573   1.219079364   1.215636525   1.21228258   1.209014229   1.20582833   1.202721897   1.199692086   1.19673619   1.193851626   1.191035933   1.188286761   1.185601866   1.182979103   1.180416424   1.177911867   1.175463558   1.1730697   1.170728572   1.168438525   1.166197977   1.164005413   1.161859376   1.159758468   1.157701346   1.155686721   1.153713352   1.151780046   1.149885656   1.148029075   1.146209242   
25.11557789   1.300114221e-10   1.675683208e-10   2.159744249e-10   2.783637862e-10   3.587758019e-10   4.624167452e-10   5.959968456e-10   7.681647425e-10   9.900674408e-10   1.276072023e-09   1.644695848e-09   2.119805451e-09   2.73216179e-09   3.521411855e-09   4.538655616e-09   5.849754487e-09   7.539595521e-09   9.717587421e-09   1.25247442e-08   1.614281513e-08   2.080605209e-08   2.68163762e-08   3.456292568e-08   4.454725062e-08   5.741578577e-08   7.400170397e-08   9.537885985e-08   1.229313165e-07   1.584429566e-07   2.042129798e-07   2.632047638e-07   3.392377288e-07   4.372346244e-07   5.635402533e-07   7.263322638e-07   9.361506101e-07   1.206579959e-06   1.555129225e-06   2.004365176e-06   2.58337351e-06   3.329641987e-06   4.291487541e-06   5.531184513e-06   7.128996509e-06   9.188372932e-06   1.184264657e-05   1.526366585e-05   1.96729205e-05   2.535588083e-05   3.268047874e-05   4.212092651e-05   5.428841475e-05   6.997067583e-05   9.018297205e-05   0.0001162338064   0.0001498096042   0.0001930838391   0.0002488576514   0.0003207410373   0.0004133862949   0.0005327887655   0.0006866742206   0.0008849977671   0.001140586234   0.001469965061   0.001894422294   0.002441376996   0.003146138103   0.004054163291   0.005223956978   0.006730783297   0.0086714149   0.01117019272   0.01438673569   0.01852571149   0.02384915618   0.03069190265   0.03948072816   0.05075782839   0.06520911487   0.08369752657   0.107300906   0.1373528104   0.1754826236   0.2236481557   0.284149205   0.3596041537   0.4528639867   0.5668308671   0.7041454927   0.8667158891   1.055089606   1.267729856   1.500342118   1.745486441   1.992747899   2.229656756   2.443322433   2.622438563   2.759092784   2.849832661   2.895717505   2.901470345   2.874123031   2.821606551   2.751614533   2.670877301   2.584827846   2.497559543   2.41195914   2.329918881   2.252563466   2.180456331   2.113770316   2.052420186   1.996160718   1.94465649   1.897529736   1.854391925   1.814863675   1.778586498   1.745229037   1.714489647   1.686096661   1.659807252   1.635405503   1.612700091   1.591521853   1.571721383   1.553166758   1.535741452   1.519342441   1.503878518   1.489268802   1.475441428   1.462332404   1.449884618   1.438046973   1.42677364   1.41602341   1.40575913   1.395947224   1.386557265   1.377561616   1.36893511   1.360654775   1.352699593   1.345050296   1.337689175   1.330599924   1.323767499   1.317177994   1.310818528   1.304677153   1.298742766   1.293005031   1.287454315   1.282081622   1.276878545   1.271837212   1.266950244   1.262210719   1.257612124   1.253148348   1.24881363   1.244602533   1.240509932   1.236530984   1.232661116   1.228895996   1.225231523   1.221663811   1.218189173   1.214804109   1.211505294   1.208289569   1.205153925   1.202095501   1.199111569   1.19619953   1.193356906   1.190581329   1.187870542   1.185222383   1.182634791   1.18010579   1.177633493   1.175216088   1.172851845   1.170539101   1.168276265   1.166061809   1.163894265   1.161772227   1.159694342   1.157659311   1.155665883   1.153712857   1.151799077   1.14992343   
25.36934673   1.013658661e-10   1.30647813e-10   1.683885483e-10   2.170315947e-10   2.797263447e-10   3.605319678e-10   4.646802215e-10   5.98914181e-10   7.719248198e-10   9.94913706e-10   1.282318248e-09   1.652746443e-09   2.130181653e-09   2.745535405e-09   3.538648757e-09   4.560871809e-09   5.878388356e-09   7.576500966e-09   9.765153883e-09   1.258605137e-08   1.622183233e-08   2.09078953e-08   2.694763925e-08   3.473210719e-08   4.476530424e-08   5.769682938e-08   7.436393372e-08   9.58457283e-08   1.235330511e-07   1.592185165e-07   2.052125786e-07   2.644931206e-07   3.408982581e-07   4.393748372e-07   5.662987175e-07   7.29887576e-07   9.407329587e-07   1.212486028e-06   1.562741402e-06   2.014176311e-06   2.596018823e-06   3.345940198e-06   4.312493874e-06   5.558259018e-06   7.163892119e-06   9.23334895e-06   1.190061495e-05   1.533837972e-05   1.976921716e-05   2.547999491e-05   3.284044588e-05   4.232710353e-05   5.455415019e-05   7.031317409e-05   9.06244071e-05   0.0001168027572   0.0001505429045   0.0001940289615   0.0002500757797   0.0003223110259   0.0004154097701   0.0005353967003   0.0006900354038   0.0008893297162   0.001146169251   0.001477160336   0.001903695215   0.00245332716   0.00316153793   0.004074007694   0.005249527215   0.006763728992   0.008713859295   0.01122486757   0.01445715385   0.01861638732   0.02396588612   0.03084212117   0.03967395724   0.05100624149   0.06552823876   0.08410710522   0.1078259482   0.1380248344   0.176341094   0.2247420732   0.2855387524   0.3613622117   0.4550772074   0.5695998274   0.7075832781   0.8709443207   1.060232345   1.273901926   1.507636124   1.753956949   2.002396791   2.240423312   2.455081696   2.63500978   2.772256864   2.863354855   2.909370166   2.91505126   2.887466813   2.834588869   2.764150602   2.682916751   2.596347944   2.508558261   2.422448941   2.339921622   2.262106472   2.189569536   2.122484288   2.060764823   2.004164456   1.952345857   1.904929157   1.861523685   1.82174798   1.785241597   1.751671374   1.720734021   1.692156394   1.665694342   1.641130769   1.618273309   1.596951872   1.57701623   1.558333738   1.540787225   1.524273099   1.508699646   1.493985535   1.480058499   1.466854189   1.454315169   1.442390056   1.431032759   1.420201835   1.409859918   1.39997324   1.390511197   1.381445993   1.372752313   1.364407052   1.356389069   1.34867898   1.341258973   1.334112644   1.32722486   1.32058163   1.314169997   1.307977939   1.301994286   1.296208638   1.290611303   1.285193231   1.279945962   1.274861574   1.269932643   1.265152203   1.260513701   1.256010985   1.251638259   1.247390052   1.243261203   1.239246843   1.235342365   1.23154341   1.227845851   1.224245775   1.220739473   1.217323419   1.213994269   1.21074884   1.207584106   1.204497184   1.20148533   1.198545927   1.195676477   1.192874601   1.190138021   1.187464565   1.184852155   1.182298803   1.179802607   1.177361744   1.17497447   1.172639113   1.170354069   1.168117799   1.165928826   1.163785732   1.161687155   1.159631787   1.157618369   1.15564569   1.153712585   
25.62311558   7.90280829e-11   1.018572286e-10   1.312811173e-10   1.692047977e-10   2.180836372e-10   2.810822947e-10   3.622796163e-10   4.669327199e-10   6.018173673e-10   7.756666607e-10   9.997364668e-10   1.288534178e-09   1.660757993e-09   2.14050753e-09   2.758844158e-09   3.555802061e-09   4.582980252e-09   5.906883351e-09   7.61322742e-09   9.812489648e-09   1.26470612e-08   1.630046631e-08   2.100924457e-08   2.707826567e-08   3.490046817e-08   4.49823003e-08   5.797650992e-08   7.472440666e-08   9.631033244e-08   1.241318672e-07   1.59990315e-07   2.062073294e-07   2.657752288e-07   3.425507338e-07   4.415046699e-07   5.690438031e-07   7.334256448e-07   9.452930829e-07   1.218363452e-06   1.57031666e-06   2.023939862e-06   2.608602807e-06   3.362159362e-06   4.333398327e-06   5.585202213e-06   7.198618485e-06   9.278106834e-06   1.195830218e-05   1.541273123e-05   1.986504677e-05   2.560350704e-05   3.299963717e-05   4.253228059e-05   5.481859682e-05   7.065401123e-05   9.10637012e-05   0.0001173689485   0.0001512726483   0.0001949695001   0.0002512880001   0.0003238734   0.0004174234316   0.0005379919866   0.0006933802854   0.0008936406554   0.00115172519   0.001484320714   0.001912923163   0.002465219366   0.003176863068   0.004093755852   0.005274973438   0.006796514904   0.008756097839   0.01127927725   0.01452723051   0.0187066234   0.02408204995   0.0309916112   0.03986624928   0.05125344998   0.06584581522   0.08451469795   0.1083484448   0.1386936006   0.1771954033   0.2258306892   0.2869215668   0.3631117534   0.4572797104   0.5723553849   0.7110044324   0.8751523108   1.065350246   1.280044219   1.51489499   1.762386722   2.011999382   2.251138344   2.466784868   2.647521269   2.785358693   2.876813457   2.922959032   2.928569183   2.900749217   2.847512026   2.77663013   2.694902507   2.607817286   2.519509146   2.432893749   2.349882076   2.271609739   2.198645383   2.13116311   2.069076354   2.012136973   1.960005743   1.912300701   1.86862905   1.828607258   1.791872937   1.758091127   1.726956907   1.698195658   1.671561914   1.646837409   1.623828736   1.602364883   1.582294811   1.563485149   1.54581809   1.529189473   1.513507083   1.49868914   1.484662978   1.47136389   1.458734124   1.446722007   1.43528119   1.424369995   1.413950848   1.403989786   1.394456034   1.385321632   1.376561124   1.368151268   1.360070801   1.352300228   1.34482163   1.337618508   1.330675639   1.323978948   1.317515402   1.311272908   1.305240226   1.299406895   1.293763164   1.288299928   1.283008673   1.277881431   1.272910732   1.268089565   1.263411337   1.258869859   1.254459297   1.250174144   1.246009209   1.241959592   1.238020655   1.234188011   1.230457508   1.226825207   1.223287373   1.21984046   1.216481101   1.213206092   1.210012386   1.206897083   1.203857418   1.200890758   1.197994591   1.195166516   1.192404246   1.18970559   1.187068457   1.184490845   1.181970839   1.179506606   1.177096387   1.174738498   1.172431326   1.17017332   1.167962993   1.165798917   1.163679721   1.161604087   1.159570746   1.15757848   
25.87688442   6.160997554e-11   7.94074857e-11   1.02346231e-10   1.319113796e-10   1.700171263e-10   2.191306263e-10   2.824317316e-10   3.640188702e-10   4.691743987e-10   6.047066085e-10   7.793905281e-10   1.004536062e-09   1.294720251e-09   1.66873106e-09   2.150783808e-09   2.772088984e-09   3.57287297e-09   4.604982501e-09   5.935241474e-09   7.649777463e-09   9.859598042e-09   1.270777797e-08   1.637872257e-08   2.111010702e-08   2.720826465e-08   3.506802045e-08   4.519825405e-08   5.825484706e-08   7.508314811e-08   9.677270491e-08   1.247278069e-07   1.607584061e-07   2.07197302e-07   2.670511786e-07   3.441952721e-07   4.436242722e-07   5.71775703e-07   7.36946719e-07   9.498313031e-07   1.224212645e-06   1.577855531e-06   2.033656515e-06   2.621126345e-06   3.37830062e-06   4.354202367e-06   5.612015989e-06   7.233178047e-06   9.322649729e-06   1.201571232e-05   1.54867256e-05   1.996041609e-05   2.57264259e-05   3.315806381e-05   4.273647211e-05   5.508177321e-05   7.099321121e-05   9.15008852e-05   0.0001179324203   0.0001519988868   0.0001959055209   0.0002524943978   0.0003254282694   0.0004194274206   0.0005405748067   0.0006967091003   0.0008979308877   0.001157254442   0.001491446698   0.001922106786   0.00247705445   0.003192114594   0.004113409153   0.005300297435   0.006829143337   0.008798133502   0.01133342559   0.01459697057   0.01879642607   0.02419765586   0.03114038324   0.04005761778   0.05149947122   0.06616186655   0.08492033337   0.1088684326   0.1393591558   0.1780456112   0.2269140798   0.2882977451   0.3648529014   0.4594716503   0.5750977323   0.7144091949   0.8793401532   1.070443662   1.286157161   1.522119219   1.770776342   2.021556334   2.261802583   2.478432745   2.659973874   2.798399146   2.890209357   2.936484991   2.942024981   2.913971082   2.860376822   2.789053874   2.706835281   2.619236534   2.530412815   2.443294132   2.359800769   2.281073754   2.20768432   2.139807198   2.077355162   2.020078623   1.967636473   1.919644669   1.875708296   1.835441766   1.798480756   1.764488518   1.733158506   1.704214639   1.677410141   1.652525581   1.629366518   1.607761025   1.58755725   1.568621107   1.550834151   1.53409166   1.518300917   1.503379696   1.489254936   1.475861575   1.463141541   1.451042877   1.439518977   1.428527932   1.418031956   1.407996895   1.3983918   1.389188556   1.380361559   1.371887435   1.3637448   1.355914044   1.348377147   1.341117513   1.334119829   1.32736994   1.320854733   1.314562045   1.308480569   1.302599783   1.296909876   1.291401687   1.286066653   1.280896756   1.275884481   1.271022773   1.266305   1.261724936   1.257276704   1.252954771   1.24875391   1.244669189   1.240695942   1.236829755   1.233066448   1.229402058   1.225832825   1.222355183   1.21896574   1.215661272   1.212438712   1.209295142   1.206227779   1.203233972   1.200311191   1.197457022   1.194669159   1.1919454   1.189283638   1.186681858   1.184138132   1.181650614   1.179217534   1.176837197   1.174507976   1.172228312   1.169996707   1.167811723   1.165671979   1.163576147   1.161522952   
26.13065327   4.802870602e-11   6.190294272e-11   7.978508345e-11   1.028329068e-10   1.325386434e-10   1.708255902e-10   2.201726342e-10   2.837747483e-10   3.657498494e-10   4.714054125e-10   6.075821038e-10   7.830966788e-10   1.009312823e-09   1.300876893e-09   1.676666195e-09   2.161011195e-09   2.785270796e-09   3.589862663e-09   4.626880072e-09   5.96346468e-09   7.686153614e-09   9.906482312e-09   1.276820588e-08   1.645660652e-08   2.121048961e-08   2.733764513e-08   3.523477558e-08   4.541318037e-08   5.853185997e-08   7.54401828e-08   9.723287758e-08   1.253209115e-07   1.61522843e-07   2.081825647e-07   2.683210579e-07   3.458319863e-07   4.457337903e-07   5.744946055e-07   7.404510412e-07   9.543479321e-07   1.23003401e-06   1.585358535e-06   2.043326939e-06   2.633590301e-06   3.394365084e-06   4.37490743e-06   5.638702195e-06   7.267573188e-06   9.366980706e-06   1.207284932e-05   1.556036793e-05   2.005533167e-05   2.584875995e-05   3.331573671e-05   4.293969216e-05   5.534369751e-05   7.13307974e-05   9.193598924e-05   0.0001184932112   0.0001527216702   0.0001968370884   0.0002536950559   0.0003269757414   0.0004214218755   0.0005431453388   0.0007000220779   0.0009022007087   0.001162757389   0.001498538779   0.001931246717   0.002488833227   0.00320729356   0.004132968952   0.005325500953   0.006861616538   0.008839969179   0.01138731633   0.01466637884   0.01888580152   0.02431271179   0.03128844754   0.04024807593   0.05174432216   0.06647641453   0.08532403943   0.1093859472   0.1400215459   0.1788917765   0.2279923198   0.2896673822   0.3665857754   0.4616531774   0.577827058   0.717797799   0.8835081347   1.075512945   1.292241171   1.529309303   1.779126377   2.03106829   2.272416747   2.490026102   2.672368418   2.811379078   2.903543422   2.949948909   2.955419504   2.927133228   2.873184042   2.801422575   2.718715767   2.630606339   2.54126987   2.45365065   2.369678219   2.290498995   2.216686789   2.148416957   2.085601622   2.027989753   1.975238369   1.926961358   1.882761698   1.842251758   1.805065287   1.770863761   1.739339019   1.710213523   1.683239195   1.658195445   1.634886803   1.613140431   1.592803672   1.573741725   1.555835515   1.538979756   1.523081236   1.508057285   1.493834448   1.480347309   1.467537481   1.455352722   1.443746171   1.432675688   1.422103277   1.411994597   1.402318525   1.393046788   1.384153637   1.375615568   1.367411075   1.359520436   1.351925527   1.344609658   1.337557428   1.330754598   1.32418798   1.317845339   1.311715303   1.305787286   1.300051419   1.294498488   1.289119877   1.283907522   1.278853861   1.273951798   1.269194663   1.264576179   1.260090447   1.255731896   1.251495265   1.247375594   1.243368186   1.2394686   1.235672629   1.231976286   1.228375786   1.224867542   1.221448138   1.218114332   1.214863037   1.211691313   1.208596362   1.205575515   1.202626225   1.199746062   1.196932707   1.19418394   1.191497643   1.188871786   1.186304429   1.183793712   1.181337855   1.17893515   1.17658396   1.174282715   1.172029907   1.169824088   1.167663868   1.165547909   
26.38442211   3.743961442e-11   4.825493957e-11   6.219452923e-11   8.016090166e-11   1.033172891e-10   1.33162951e-10   1.716302439e-10   2.212097314e-10   2.851114358e-10   3.674726708e-10   4.736259121e-10   6.104440476e-10   7.867853632e-10   1.014067072e-09   1.30700452e-09   1.684563933e-09   2.171190384e-09   2.798390485e-09   3.606772287e-09   4.648674444e-09   5.991554876e-09   7.722358333e-09   9.953145627e-09   1.282834901e-08   1.653412342e-08   2.131039911e-08   2.746641588e-08   3.540074483e-08   4.56270938e-08   5.880756739e-08   7.579553488e-08   9.769088157e-08   1.259112208e-07   1.622836773e-07   2.091631841e-07   2.695849526e-07   3.47460987e-07   4.478333666e-07   5.772006945e-07   7.439388484e-07   9.588432754e-07   1.23582794e-06   1.592826179e-06   2.052951789e-06   2.645995517e-06   3.41035384e-06   4.395514915e-06   5.665262636e-06   7.301806232e-06   9.411102761e-06   1.212971705e-05   1.56336632e-05   2.014979993e-05   2.597051748e-05   3.347266654e-05   4.314195448e-05   5.560438742e-05   7.166679263e-05   9.236904275e-05   0.0001190513593   0.0001534410473   0.0001977642658   0.0002548900556   0.0003285159205   0.000423406931   0.0005457037566   0.0007033194423   0.000906450407   0.001168234401   0.001505597437   0.001940343573   0.002500556494   0.003222400991   0.004152436572   0.005350585694   0.006893936704   0.008881607701   0.01144095309   0.01473546003   0.01897475578   0.02442722553   0.03143581412   0.0404376366   0.05198801937   0.06678948042   0.08572584341   0.1099010237   0.1406808156   0.1797339561   0.2290654819   0.2910305703   0.3683104924   0.4638244389   0.5805435458   0.721170473   0.8876565354   1.080558434   1.298296654   1.536465722   1.787437383   2.04053588   2.282981535   2.5015657   2.684705709   2.824299325   2.916816503   2.96335163   2.968753581   2.940236456   2.885934451   2.813736956   2.730544646   2.641927334   2.552080902   2.46396385   2.379514931   2.299885929   2.225653221   2.156992788   2.093816102   2.035870703   1.982811744   1.934251057   1.889789524   1.849037481   1.81162676   1.777217072   1.745498644   1.716192492   1.689049244   1.663847155   1.640389734   1.618503236   1.598034201   1.578847119   1.560822285   1.543853858   1.527848128   1.512721987   1.498401586   1.484821158   1.471922002   1.459651594   1.447962818   1.436813305   1.426164851   1.415982926   1.406236235   1.39689635   1.387937377   1.379335682   1.371069638   1.363119411   1.355466776   1.348094947   1.340988434   1.334132918   1.327515136   1.32112278   1.314944413   1.308969387   1.303187775   1.29759031   1.292168324   1.286913706   1.281818847   1.27687661   1.272080281   1.267423558   1.262900493   1.258505485   1.254233241   1.25007877   1.246037348   1.242104506   1.23827601   1.234547847   1.230916213   1.227377491   1.223928251   1.220565226   1.21728531   1.214085547   1.210963118   1.207915337   1.204939642   1.202033587   1.199194837   1.196421159   1.193710419   1.191060575   1.188469674   1.185935845   1.183457294   1.181032302   1.178659223   1.176336474   1.174062537   1.171835956   1.16965533   
26.63819095   2.918386724e-11   3.761432301e-11   4.84801169e-11   6.24847544e-11   8.053496529e-11   1.037994099e-10   1.337843439e-10   1.72431141e-10   2.222419867e-10   2.864418826e-10   3.69187449e-10   4.758360447e-10   6.132926297e-10   7.904568262e-10   1.018799124e-09   1.313103539e-09   1.692424799e-09   2.181322048e-09   2.811448922e-09   3.623602965e-09   4.670367064e-09   6.019513927e-09   7.758394022e-09   9.999591085e-09   1.288821134e-08   1.661127842e-08   2.140984217e-08   2.759458544e-08   3.556593922e-08   4.584000852e-08   5.90819876e-08   7.614922791e-08   9.814674727e-08   1.264987742e-07   1.630409595e-07   2.101392252e-07   2.708429465e-07   3.490823824e-07   4.499231407e-07   5.798941496e-07   7.474103721e-07   9.633176311e-07   1.24159482e-06   1.600258959e-06   2.062531704e-06   2.658342817e-06   3.426267948e-06   4.416026189e-06   5.691699073e-06   7.335879453e-06   9.455018823e-06   1.218631928e-05   1.570661628e-05   2.024382715e-05   2.609170655e-05   3.362886371e-05   4.33432725e-05   5.586386024e-05   7.200121919e-05   9.280007444e-05   0.0001196069016   0.0001541570658   0.0001986871143   0.0002560794762   0.000330048909   0.0004253827188   0.0005482502299   0.0007066014123   0.0009106802648   0.001173685842   0.001512623141   0.00194939796   0.002512225029   0.003237437891   0.004171813305   0.005375553323   0.00692610598   0.008923051829   0.01149433945   0.01480421871   0.01906329477   0.02454120468   0.03158249275   0.04062631238   0.05223057899   0.06710108498   0.08612577196   0.1104136963   0.1413370088   0.180572206   0.2301336372   0.2923873998   0.3700271664   0.4659855785   0.5832473752   0.7245274392   0.8917856288   1.08558046   1.30432401   1.543588944   1.795709903   2.049959721   2.293497629   2.513052279   2.69698653   2.837160703   2.930029428   2.976693984   2.982028024   2.953281551   2.898628798   2.825997727   2.742322582   2.653200141   2.562846488   2.474234268   2.389311401   2.309235016   2.234584041   2.165535081   2.101998965   2.043721807   1.990356909   1.941514054   1.896792041   1.855799182   1.818165404   1.783548659   1.751637575   1.722151728   1.694840456   1.669480869   1.645875456   1.623849572   1.603248959   1.583937401   1.565794566   1.548714061   1.532601681   1.517373883   1.502956423   1.48928319   1.476295166   1.463939549   1.452168968   1.440940827   1.430216716   1.419961915   1.410144961   1.400737268   1.391712801   1.383047795   1.374720502   1.366710979   1.359000899   1.35157338   1.344412847   1.337504898   1.330836194   1.324394359   1.318167888   1.312146073   1.30631893   1.300677136   1.295211974   1.289915284   1.284779415   1.279797185   1.274961841   1.270267044   1.26570681   1.261275504   1.256967804   1.252778682   1.248703392   1.244737434   1.24087655   1.237116702   1.233454061   1.229884989   1.226406034   1.223013909   1.219705489   1.216477797   1.213327999   1.210253391   1.207251394   1.204319547   1.201455499   1.198657004   1.195921914   1.193248174   1.190633817   1.18807696   1.185575797   1.1831286   1.180733709   1.178389532   1.176094542   1.173847272   
26.8919598   2.274760392e-11   2.931879159e-11   3.778822348e-11   4.870425267e-11   6.277363713e-11   8.090729868e-11   1.042793007e-10   1.344028626e-10   1.732283335e-10   2.232694673e-10   2.877661755e-10   3.708942954e-10   4.780359544e-10   6.161280358e-10   7.941113069e-10   1.023509289e-09   1.319174346e-09   1.700249304e-09   2.191406848e-09   2.824446957e-09   3.640355793e-09   4.691959346e-09   6.047343654e-09   7.794263029e-09   1.004582171e-08   1.294779679e-08   1.668807654e-08   2.150882526e-08   2.772216215e-08   3.57303695e-08   4.605193841e-08   5.935513849e-08   7.650128494e-08   9.860050436e-08   1.270836098e-07   1.637947388e-07   2.111107517e-07   2.720951215e-07   3.50696278e-07   4.520032485e-07   5.82575146e-07   7.508658381e-07   9.677712908e-07   1.247335025e-06   1.607657359e-06   2.072067307e-06   2.670633004e-06   3.442108447e-06   4.436442588e-06   5.718013229e-06   7.369795067e-06   9.498731752e-06   1.22426597e-05   1.577923191e-05   2.033741945e-05   2.621233506e-05   3.378433838e-05   4.354365932e-05   5.612213287e-05   7.233409886e-05   9.322911241e-05   0.0001201598742   0.0001548697723   0.0001996056943   0.0002572633952   0.0003315748066   0.0004273493676   0.0005507849245   0.0007098682015   0.0009148905575   0.001179112069   0.001519616347   0.001958410465   0.002523839592   0.003252405239   0.004191100411   0.005400405466   0.006958126459   0.008964304262   0.01154747888   0.01487265937   0.01915142424   0.02465465665   0.03172849298   0.04081411554   0.05247201682   0.0674112485   0.08652385111   0.1109239983   0.1419901679   0.1814065807   0.2311968552   0.2937379589   0.3717359091   0.4681367365   0.5859387217   0.7278689152   0.8958956822   1.090579349   1.310323626   1.550679428   1.803944466   2.059340413   2.303965697   2.524486564   2.709211653   2.84996401   2.943183009   2.989976778   2.995243626   2.966269281   2.911267815   2.838205581   2.754050228   2.664425369   2.573567195   2.48446243   2.399068117   2.318546704   2.243479664   2.174044221   2.110150564   2.051543394   1.997874166   1.948750629   1.903769508   1.862537102   1.824681442   1.789858731   1.757756006   1.728091409   1.700612997   1.675096738   1.65134411   1.629179571   1.608448067   1.589012682   1.570752462   1.55356046   1.537341984   1.522013052   1.507499034   1.49373347   1.480657034   1.468216641   1.456364671   1.445058299   1.434258911   1.4239316   1.414044732   1.404569567   1.39547993   1.386751923   1.378363682   1.370295152   1.362527904   1.355044964   1.347830668   1.340870536   1.334151152   1.327660069   1.32138572   1.315317333   1.309444868   1.303758948   1.298250807   1.292912237   1.287735541   1.282713497   1.277839317   1.273106611   1.268509369   1.264041923   1.259698918   1.255475297   1.251366282   1.247367349   1.243474212   1.239682811   1.23598929   1.232389994   1.228881446   1.225460338   1.222123528   1.21886802   1.21569096   1.21258963   1.209561433   1.206603894   1.203714646   1.200891428   1.19813208   1.195434532   1.192796806   1.190217005   1.187693314   1.185223991   1.182807367   1.180441839   1.178125869   
27.14572864   1.77300581e-11   2.285180806e-11   2.945309758e-11   3.796132696e-11   4.892736121e-11   6.306119589e-11   8.127792565e-11   1.047569921e-10   1.350185466e-10   1.740218725e-10   2.242922389e-10   2.89084399e-10   3.725933192e-10   4.802257817e-10   6.18950447e-10   7.977490388e-10   1.028197866e-09   1.325217331e-09   1.708037949e-09   2.201445429e-09   2.837385422e-09   3.657031841e-09   4.713452668e-09   6.075045834e-09   7.829967645e-09   1.009184045e-08   1.300710914e-08   1.676452268e-08   2.160735469e-08   2.784915416e-08   3.589404618e-08   4.6262897e-08   5.96270375e-08   7.685172847e-08   9.905218185e-08   1.276657651e-07   1.645450635e-07   2.120778256e-07   2.733415578e-07   3.523027771e-07   4.54073823e-07   5.852438553e-07   7.543054676e-07   9.72204539e-07   1.253048922e-06   1.615021851e-06   2.081559207e-06   2.682866864e-06   3.457876347e-06   4.456765417e-06   5.744206785e-06   7.403555244e-06   9.54224434e-06   1.22987419e-05   1.585151474e-05   2.043058281e-05   2.633241072e-05   3.393910051e-05   4.374312776e-05   5.637922182e-05   7.266545292e-05   9.365618406e-05   0.0001207103124   0.0001555792125   0.0002005200643   0.0002584418881   0.0003330937109   0.0004293070031   0.0005533080025   0.0007131200189   0.0009190815541   0.001184513426   0.001526577503   0.001967381666   0.002535400924   0.003267303991   0.004210299124   0.005425143712   0.00699000019   0.009005367637   0.01160037478   0.01494078636   0.01923914983   0.0247675887   0.03187382415   0.04100105808   0.0527123483   0.06771999079   0.08692010629   0.1114319622   0.1426403349   0.1822371334   0.2322552037   0.2950823338   0.3734368294   0.47027805   0.5886177566   0.7311951138   0.8999869566   1.095555418   1.316295882   1.557737621   1.812141591   2.068678545   2.314386392   2.535869263   2.721381827   2.862710025   2.956278038   3.003200803   3.008401162   2.979200394   2.92385222   2.850361197   2.76572822   2.675603613   2.584243578   2.494648848   2.408785554   2.327821435   2.252340497   2.182520585   2.118271251   2.059335786   2.005363815   1.955961059   1.910722181   1.869251478   1.831175094   1.796147492   1.763854125   1.73401171   1.706367029   1.680694915   1.656795837   1.634493362   1.613631647   1.594073075   1.575696075   1.55839315   1.542069122   1.526639575   1.512029492   1.498172068   1.485007666   1.472482926   1.460549976   1.449165766   1.438291476   1.427892015   1.41793558   1.408393276   1.399238787   1.390448088   1.381999193   1.37387194   1.366047799   1.358509702   1.3512419   1.34422983   1.337460004   1.330919905   1.324597899   1.318483156   1.312565577   1.306835733   1.301284808   1.295904545   1.290687206   1.285625525   1.28071267   1.275942227   1.271308143   1.266804714   1.262426555   1.258168581   1.254025985   1.249994215   1.246068962   1.242246138   1.238521866   1.234892469   1.231354446   1.227904474   1.224539386   1.221256172   1.218051959   1.21492401   1.211869716   1.208886583   1.205972231   1.203124384   1.200340868   1.197619602   1.194958592   1.192355933   1.189809794   1.187318426   1.184880146   1.182493342   
27.39949749   1.38186837e-11   1.781053992e-11   2.295553896e-11   2.958679363e-11   3.81336443e-11   4.914945653e-11   6.334744873e-11   8.164686944e-11   1.052325141e-10   1.356314344e-10   1.748118076e-10   2.253103656e-10   2.903966359e-10   3.74284627e-10   4.824056642e-10   6.217600404e-10   8.013702503e-10   1.032865151e-09   1.331232873e-09   1.715791223e-09   2.211438421e-09   2.850265127e-09   3.673632157e-09   4.73484838e-09   6.102622208e-09   7.865510112e-09   1.013765021e-08   1.306615214e-08   1.684062166e-08   2.170543667e-08   2.797556945e-08   3.605697954e-08   4.647289755e-08   5.989770171e-08   7.720058048e-08   9.950180809e-08   1.282452766e-07   1.652919807e-07   2.130405077e-07   2.745823334e-07   3.539019803e-07   4.561349942e-07   5.879004449e-07   7.577294762e-07   9.766176539e-07   1.25873687e-06   1.622352898e-06   2.091008001e-06   2.695045166e-06   3.473572638e-06   4.476995953e-06   5.770281385e-06   7.437162102e-06   9.585559321e-06   1.235456941e-05   1.592346931e-05   2.052332307e-05   2.645194107e-05   3.40931598e-05   4.394169033e-05   5.663514322e-05   7.299530216e-05   9.40813162e-05   0.0001212582509   0.0001562854308   0.0002014302819   0.000259615029   0.0003346057173   0.0004312557483   0.0005558196221   0.0007163570684   0.0009232535177   0.001189890254   0.001533507045   0.001976312125   0.002546909753   0.003282135082   0.004229410649   0.005449769613   0.007021729171   0.009046244531   0.01165303046   0.01500860398   0.01932647704   0.02488000792   0.03201849536   0.04118715174   0.05295158849   0.06802733122   0.08731456236   0.1119376201   0.1432875503   0.1830639162   0.2333087491   0.2964206086   0.3751300338   0.4724096529   0.5912846475   0.7345062426   0.9040597073   1.100508975   1.32224115   1.56476396   1.820301783   2.077974689   2.32476035   2.547201069   2.733497788   2.875399511   2.96931529   3.016366833   3.021501391   2.992075624   2.936382714   2.862465239   2.777357184   2.686735457   2.594876179   2.504794029   2.41846418   2.337059641   2.261166941   2.190964543   2.126361365   2.067099302   2.01282615   1.963145617   1.917650314   1.875942544   1.837646578   1.802415143   1.769932121   1.739912807   1.712102715   1.686275548   1.662230776   1.639791074   1.618799817   1.59911869   1.580625508   1.563212227   1.546783184   1.531253531   1.51654787   1.502599049   1.489347125   1.476738459   1.464724934   1.453263272   1.442314452   1.431843196   1.421817535   1.412208421   1.402989396   1.394136307   1.385627052   1.377441358   1.369560595   1.361967603   1.354646547   1.347582784   1.340762751   1.334173862   1.32780442   1.321643532   1.315681046   1.309907477   1.30431396   1.298892192   1.29363439   1.288533248   1.283581893   1.278773881   1.274103105   1.269563848   1.265150687   1.260858506   1.25668247   1.252618002   1.248660764   1.244806648   1.241051751   1.237392374   1.233824998   1.230346275   1.226953024   1.223642212   1.220410952   1.21725649   1.214176198   1.21116757   1.208228209   1.205355826   1.202548233   1.199803336   1.19711913   1.194493694   1.191925191   1.189411855   1.186951996   
27.65326633   1.07697478e-11   1.388084619e-11   1.789065952e-11   2.305880302e-11   2.971988798e-11   3.830518612e-11   4.93705523e-11   6.363241328e-11   8.20141528e-11   1.05705896e-10   1.36241564e-10   1.755981876e-10   2.263239103e-10   2.917029671e-10   3.759683231e-10   4.84575736e-10   6.245569892e-10   8.049751645e-10   1.037511431e-09   1.337221341e-09   1.723509603e-09   2.221386439e-09   2.863086867e-09   3.690157762e-09   4.756147801e-09   6.130074474e-09   7.900892619e-09   1.01832538e-08   1.312492941e-08   1.691637815e-08   2.180307722e-08   2.810141581e-08   3.621917962e-08   4.668195299e-08   6.016714779e-08   7.754786249e-08   9.994941078e-08   1.2882218e-07   1.660355364e-07   2.139988571e-07   2.75817525e-07   3.554939864e-07   4.581868891e-07   5.905450784e-07   7.611380751e-07   9.810109076e-07   1.264399219e-06   1.629650951e-06   2.10041427e-06   2.707168658e-06   3.489198288e-06   4.49713544e-06   5.796238636e-06   7.470617712e-06   9.628679361e-06   1.241014567e-05   1.599510004e-05   2.061564596e-05   2.657093347e-05   3.424652574e-05   4.413935926e-05   5.688991285e-05   7.332366692e-05   9.450453503e-05   0.0001218037234   0.0001569884708   0.0002023364029   0.0002607828902   0.0003361109189   0.000433195723   0.0005583199381   0.0007195795496   0.0009274067054   0.001195242883   0.001540405401   0.001985202393   0.002558366785   0.003296899426   0.004248436163   0.005474284687   0.007053315359   0.009086937463   0.01170544917   0.0150761164   0.01941341125   0.02499192123   0.03216251553   0.04137240798   0.05318975214   0.06833328873   0.08770724361   0.1124410029   0.1439318542   0.1838869801   0.2343575563   0.2977528658   0.3768156264   0.4745316763   0.593939558   0.7378025047   0.9081141837   1.105440324   1.328159791   1.571758873   1.828425538   2.087229409   2.335088197   2.558482658   2.745560255   2.888033215   2.982295525   3.029475624   3.034545057   3.004895691   2.948859984   2.874518356   2.788937731   2.697821472   2.60546553   2.514898465   2.428104452   2.346261747   2.269959389   2.199376459   2.134421245   2.074834251   2.020261458   1.970304569   1.924554154   1.882610532   1.844096107   1.808661884   1.775990177   1.74579487   1.717820213   1.691838788   1.667649064   1.645072836   1.623952696   1.604149637   1.585540862   1.568017783   1.551484255   1.535855002   1.521054242   1.507014481   1.493675471   1.480983298   1.468889596   1.457350865   1.44632788   1.435785181   1.425690632   1.41601503   1.406731782   1.397816603   1.389247276   1.381003419   1.373066303   1.365418675   1.358044614   1.350929398   1.344059391   1.337421938   1.331005277   1.324798456   1.318791265   1.312974168   1.30733825   1.301875162   1.296577076   1.291436646   1.286446959   1.281601527   1.276894235   1.272319301   1.267871286   1.263545043   1.259335708   1.255238676   1.251249588   1.247364307   1.243578911   1.239889677   1.236293064   1.232785707   1.229364403   1.226026103   1.222767902   1.219587028   1.21648084   1.213446813   1.210482538   1.207585711   1.204754132   1.201985691   1.199278372   1.196630245   1.194039456   1.191504233   
27.90703518   8.393189796e-12   1.081776276e-11   1.394273141e-11   1.797042177e-11   2.316160649e-11   2.985238868e-11   3.847596281e-11   4.959066191e-11   6.39161068e-11   8.237979796e-11   1.061771665e-10   1.368489722e-10   1.763810602e-10   2.273329342e-10   2.930034716e-10   3.776445094e-10   4.867361286e-10   6.273414627e-10   8.085639995e-10   1.042136986e-09   1.343183098e-09   1.731193557e-09   2.231290085e-09   2.875851418e-09   3.706609658e-09   4.777352219e-09   6.157404294e-09   7.936117309e-09   1.022865398e-08   1.318344452e-08   1.699179673e-08   2.190028227e-08   2.822670085e-08   3.638065623e-08   4.689007596e-08   6.043539206e-08   7.78935955e-08   1.00395017e-07   1.293965102e-07   1.667757756e-07   2.14952932e-07   2.770472071e-07   3.570788915e-07   4.602296318e-07   5.93177916e-07   7.645314705e-07   9.85384566e-07   1.270036313e-06   1.636916453e-06   2.109778584e-06   2.719238076e-06   3.504754243e-06   4.517185098e-06   5.822080109e-06   7.503924099e-06   9.671607072e-06   1.246547404e-05   1.606641127e-05   2.070755705e-05   2.668939512e-05   3.439920762e-05   4.433614652e-05   5.714354612e-05   7.365056706e-05   9.492586617e-05   0.000122346763   0.000157688375   0.0002032384824   0.0002619455424   0.0003376094067   0.0004351270449   0.000560809102   0.0007227876575   0.0009315413685   0.001200571638   0.001547272989   0.001994053007   0.002569772717   0.003311597916   0.004267376818   0.005498690416   0.007084760664   0.009127448895   0.01175763409   0.0151433277   0.01949995774   0.0251033354   0.03230589339   0.04155683801   0.05342685366   0.06863788183   0.0880981738   0.1129421412   0.1445732854   0.1847063747   0.2354016885   0.2990791858   0.378493709   0.4766442481   0.5965826484   0.7410840987   0.9121506297   1.110349762   1.334052162   1.578722778   1.83651334   2.096443253   2.345370541   2.569714693   2.757569929   2.900611865   2.995219484   3.042527917   3.047532884   3.017661297   2.961284702   2.886521187   2.800470459   2.708862219   2.616012153   2.524962642   2.43770682   2.355428168   2.278718226   2.207756689   2.142451221   2.082540941   2.027670025   1.97743818   1.931433945   1.889255668   1.850523893   1.814887912   1.782028476   1.751658069   1.723519682   1.697384779   1.673050838   1.650338774   1.629090401   1.609166025   1.590442238   1.572809912   1.556172423   1.540444067   1.525548681   1.511418432   1.497992767   1.485217498   1.473044013   1.461428589   1.450331802   1.439718008   1.429554902   1.419813135   1.410465969   1.401488998   1.392859883   1.384558139   1.376564934   1.368862926   1.361436107   1.354269677   1.347349926   1.340664132   1.334200466   1.32794792   1.321896226   1.316035796   1.310357666   1.30485344   1.299515248   1.294335701   1.289307849   1.284425167   1.279681502   1.275071048   1.270588327   1.266228165   1.261985669   1.257856211   1.253835402   1.249919085   1.246103313   1.242384342   1.23875861   1.235222732   1.231773487   1.228407806   1.225122768   1.221915586   1.218783599   1.215724271   1.212735176   1.209813998   1.20695852   1.204166623   1.201436278   1.19876554   1.196152547   
28.16080402   6.54080971e-12   8.430278523e-12   1.086556544e-11   1.400434305e-11   1.804983139e-11   2.326395548e-11   2.998430362e-11   3.864598452e-11   4.980979844e-11   6.419854614e-11   8.274382664e-11   1.066463535e-10   1.374536951e-10   1.771604717e-10   2.283374973e-10   2.942982268e-10   3.793132854e-10   4.888869704e-10   6.301136264e-10   8.121369688e-10   1.046742093e-09   1.3491185e-09   1.73884354e-09   2.241149949e-09   2.888559539e-09   3.722988822e-09   4.798462895e-09   6.184613292e-09   7.971186275e-09   1.027385345e-08   1.324170093e-08   1.706688191e-08   2.199705758e-08   2.835143202e-08   3.654141897e-08   4.709727886e-08   6.070245045e-08   7.823780007e-08   1.008386533e-07   1.299683014e-07   1.675127423e-07   2.159027891e-07   2.78271453e-07   3.5865679e-07   4.622633439e-07   5.957991141e-07   7.679098641e-07   9.897388889e-07   1.275648485e-06   1.644149835e-06   2.1191015e-06   2.731254137e-06   3.520241426e-06   4.53714612e-06   5.84780734e-06   7.537083243e-06   9.714345005e-06   1.252055782e-05   1.613740725e-05   2.079906182e-05   2.680733308e-05   3.455121451e-05   4.453206382e-05   5.73960581e-05   7.397602201e-05   9.534533465e-05   0.0001228874018   0.0001583851849   0.0002041365739   0.0002631030546   0.00033910127   0.0004370498286   0.0005632872615   0.0007259815827   0.0009356577529   0.001205876835   0.001554110216   0.002002864494   0.002581128224   0.003326231428   0.00428623374   0.005522988253   0.007116066956   0.009167781236   0.01180958831   0.01521024188   0.01958612163   0.02521425706   0.03244863744   0.04174045279   0.05366290713   0.06894112861   0.08848737615   0.1134410647   0.1452118821   0.1855221487   0.2364412078   0.3003996473   0.3801643812   0.4787474938   0.5992140751   0.7443512188   0.9161692839   1.115237577   1.339918608   1.585656084   1.844565662   2.105616758   2.35560798   2.580897821   2.769527499   2.913136176   3.008087892   3.055524436   3.060465585   3.03037313   2.973657526   2.898474354   2.811955955   2.719858246   2.62651656   2.534987035   2.447271725   2.364559313   2.28744383   2.216105583   2.150451617   2.090219672   2.035052128   1.984546709   1.938289929   1.895878176   1.856930144   1.821093418   1.788047199   1.757502571   1.729201277   1.702913667   1.678436232   1.655589013   1.634213049   1.614167962   1.595329737   1.577588708   1.560847773   1.545020805   1.53003126   1.515810969   1.502299073   1.489441115   1.477188236   1.465496493   1.45432626   1.443641713   1.433410381   1.423602763   1.414191986   1.405153514   1.396464894   1.388105534   1.380056503   1.372300366   1.364821033   1.357603625   1.350634359   1.343900442   1.337389986   1.33109192   1.324995921   1.319092352   1.313372196   1.307827014   1.302448891   1.297230397   1.292164545   1.287244774   1.282464893   1.277819069   1.273301785   1.268907846   1.264632328   1.260470576   1.256418178   1.252470951   1.248624927   1.244876337   1.241221602   1.237657317   1.23418024   1.230787286   1.227475516   1.224242126   1.22108444   1.217999906   1.214986085   1.212040646   1.209161359   1.206346092   1.203592803   1.200899537   
28.41457286   5.097054097e-12   6.569459683e-12   8.467204723e-12   1.091315866e-11   1.40656847e-11   1.812889304e-11   2.336585597e-11   3.011564049e-11   3.881526118e-11   5.002797469e-11   6.447974781e-11   8.310626011e-11   1.071134845e-10   1.38055768e-10   1.779364678e-10   2.293376583e-10   2.955873082e-10   3.809747487e-10   4.91028387e-10   6.328736422e-10   8.15694281e-10   1.051327019e-09   1.355027892e-09   1.746460001e-09   2.250966606e-09   2.901211971e-09   3.739296211e-09   4.819481062e-09   6.211703058e-09   8.006101565e-09   1.031885486e-08   1.329970207e-08   1.714163805e-08   2.209340882e-08   2.847561661e-08   3.670147724e-08   4.730357377e-08   6.096833856e-08   7.85804963e-08   1.012803455e-07   1.305375869e-07   1.682464795e-07   2.168484838e-07   2.794903341e-07   3.602277739e-07   4.64288144e-07   5.984088259e-07   7.712734532e-07   9.940741307e-07   1.281236065e-06   1.651351519e-06   2.128383561e-06   2.743217542e-06   3.535660743e-06   4.55701967e-06   5.873421832e-06   7.570097079e-06   9.756895656e-06   1.25754002e-05   1.620809212e-05   2.08901656e-05   2.692475421e-05   3.470255529e-05   4.472712258e-05   5.764746356e-05   7.430005079e-05   9.576296498e-05   0.0001234256715   0.0001590789414   0.0002050307298   0.0002642554944   0.0003405865957   0.0004389641866   0.0005657545616   0.0007291615119   0.0009397560988   0.001211158785   0.001560917481   0.002011637369   0.00259243397   0.003340800814   0.004305008029   0.005547179616   0.007147236064   0.009207936841   0.01186131486   0.01527686284   0.01967190796   0.02532469268   0.03259075604   0.04192326304   0.05389792635   0.06924304678   0.08887487339   0.1139378026   0.1458476815   0.1863343498   0.2374761748   0.3017143273   0.3818277403   0.4808415356   0.6018339912   0.7476040548   0.9201703796   1.120104054   1.345759469   1.592559191   1.852582967   2.11475045   2.365801096   2.592032676   2.781433637   2.925606846   3.020901462   3.068465891   3.073343855   3.043031865   2.9859791   2.910378468   2.823394793   2.730810091   2.636979251   2.544972108   2.456799598   2.373655582   2.296136572   2.224423485   2.158422751   2.09787074   2.042408043   1.991630409   1.945122343   1.902478276   1.863315063   1.827278593   1.794046522   1.763328542   1.734865152   1.708425596   1.683805382   1.660823678   1.639320756   1.619155556   1.600203458   1.582354262   1.565510391   1.549585294   1.534502053   1.520192158   1.506594453   1.493654207   1.481322319   1.469554624   1.458311298   1.447556335   1.437257102   1.427383946   1.417909858   1.408810175   1.400062329   1.391645621   1.383541022   1.375731008   1.368199402   1.360931249   1.353912691   1.34713087   1.340573833   1.334230451   1.328090346   1.322143827   1.316381831   1.310795872   1.305377991   1.300120714   1.29501703   1.290060327   1.285244384   1.280563335   1.276011639   1.271584063   1.267275661   1.263081747   1.258997888   1.255019877   1.251143722   1.247365634   1.24368201   1.240089429   1.23658463   1.233164509   1.22982611   1.226566612   1.223383325   1.220273681   1.217235226   1.214265616   1.211362608   1.208524057   1.205747909   
28.66834171   3.971828791e-12   5.119186222e-12   6.5979852e-12   8.503970515e-12   1.096054513e-11   1.412675988e-11   1.820761124e-11   2.34673138e-11   3.024640683e-11   3.898380249e-11   5.024520319e-11   6.475972793e-11   8.346711916e-11   1.075785863e-10   1.386552256e-10   1.787090929e-10   2.303334747e-10   2.968707898e-10   3.826289946e-10   4.931605012e-10   6.356216685e-10   8.192361401e-10   1.055892029e-09   1.360911613e-09   1.754043376e-09   2.260740619e-09   2.913809441e-09   3.75553276e-09   4.840407926e-09   6.238675145e-09   8.040865183e-09   1.036366077e-08   1.335745124e-08   1.721606945e-08   2.21893415e-08   2.859926174e-08   3.686084021e-08   4.750897253e-08   6.123307165e-08   7.892170385e-08   1.01720119e-07   1.311043995e-07   1.689770293e-07   2.177900703e-07   2.807039204e-07   3.617919335e-07   4.663041483e-07   6.010072011e-07   7.746224309e-07   9.983905402e-07   1.286799372e-06   1.658521919e-06   2.137625302e-06   2.755128978e-06   3.551013079e-06   4.576806889e-06   5.898925054e-06   7.602967504e-06   9.799261466e-06   1.263000436e-05   1.627846993e-05   2.098087363e-05   2.704166527e-05   3.485323865e-05   4.492133401e-05   5.78977769e-05   7.462267198e-05   9.617878112e-05   0.0001239616029   0.0001597696843   0.0002059210016   0.0002654029281   0.0003420654693   0.0004408702285   0.0005682111437   0.0007323276275   0.0009438366416   0.001216417789   0.001567695176   0.002020372134   0.002603690605   0.003355306911   0.004323700765   0.005571265893   0.007178269775   0.009247918013   0.01191281673   0.01534319442   0.01975732165   0.0254346486   0.03273225732   0.04210527925   0.05413192478   0.06954365366   0.08926068774   0.1144323833   0.14648072   0.1871430244   0.2385066489   0.3030233011   0.3834838816   0.4829264935   0.6044425467   0.7508427926   0.9241541451   1.124949469   1.351575077   1.59943249   1.860565709   2.123844843   2.375950461   2.603119878   2.793289001   2.938024559   3.033660887   3.081352975   3.086168377   3.055638159   2.998250057   2.922234129   2.834787537   2.741718281   2.647400718   2.55491832   2.466290864   2.382717369   2.304796816   2.232710734   2.166364938   2.105494435   2.04973804   1.998689533   1.951931418   1.909056184   1.869678854   1.833443626   1.800026621   1.769136144   1.74051146   1.713920706   1.689158415   1.66604289   1.644413635   1.624128912   1.6050635   1.587106667   1.570160363   1.554137615   1.538961132   1.524562069   1.510878968   1.49785683   1.485446311   1.473603028   1.462286957   1.451461914   1.441095101   1.431156716   1.421619613   1.412459005   1.403652208   1.395178417   1.387018507   1.379154862   1.371571222   1.364252554   1.357184928   1.350355418   1.343752009   1.337363512   1.331179496   1.325190216   1.319386563   1.313760003   1.308302537   1.303006648   1.297865294   1.292871817   1.288019959   1.283303834   1.278717866   1.274256794   1.269915641   1.265689699   1.261574507   1.257565835   1.25365967   1.249852199   1.246139803   1.242519038   1.238986624   1.235539441   1.232174515   1.22888901   1.225680219   1.222545559   1.219482563   1.216488872   1.213562231   1.21070048   
28.92211055   3.094892917e-12   3.988926516e-12   5.141223034e-12   6.626387869e-12   8.540577973e-12   1.100772752e-11   1.418757203e-11   1.828599043e-11   2.356833469e-11   3.037661002e-11   3.915161798e-11   5.046149617e-11   6.50385023e-11   8.382642416e-11   1.080416851e-10   1.392521015e-10   1.794783907e-10   2.313250024e-10   2.98148744e-10   3.842761163e-10   4.952834333e-10   6.383578602e-10   8.22762746e-10   1.060437379e-09   1.366769996e-09   1.761594092e-09   2.27047254e-09   2.926352659e-09   3.771699386e-09   4.861244667e-09   6.265531075e-09   8.075479089e-09   1.040827373e-08   1.341495172e-08   1.729018031e-08   2.228486105e-08   2.872237438e-08   3.701951687e-08   4.771348673e-08   6.149666465e-08   7.926144197e-08   1.021579985e-07   1.31668771e-07   1.69704433e-07   2.187276019e-07   2.819122803e-07   3.63349357e-07   4.683114706e-07   6.035943862e-07   7.77956986e-07   1.002688361e-06   1.29233872e-06   1.66566144e-06   2.146827242e-06   2.766989116e-06   3.566299298e-06   4.596508894e-06   5.924318445e-06   7.635696369e-06   9.841444826e-06   1.268437335e-05   1.634854465e-05   2.107119102e-05   2.715807284e-05   3.500327308e-05   4.511470905e-05   5.814701226e-05   7.494390379e-05   9.659280652e-05   0.0001244952263   0.0001604574524   0.0002068074393   0.0002665454203   0.0003435379739   0.0004427680619   0.0005706571463   0.000735480108   0.0009478996113   0.001221654146   0.001574443682   0.002029069282   0.002614898763   0.003369750537   0.004342312999   0.005595248442   0.00720916984   0.009287727009   0.0119640968   0.01540924035   0.01984236753   0.02554413101   0.03287314926   0.04228651168   0.05436491563   0.06984296619   0.08964484094   0.1149248346   0.1471110334   0.1879482182   0.239532688   0.3043266424   0.3851328982   0.4850024848   0.607039888   0.754067614   0.9281208036   1.129774094   1.357365757   1.606276366   1.86851433   2.132900441   2.386056633   2.614160034   2.805094236   2.950389984   3.046366849   3.094186369   3.098939817   3.068192661   3.010471014   2.934041921   2.846134739   2.752583332   2.657781443   2.564826117   2.475745939   2.391745059   2.313424922   2.240967661   2.174278485   2.113091044   2.057042383   2.005724326   1.958717386   1.915612115   1.876021715   1.839588702   1.805987667   1.77492554   1.746140349   1.719399138   1.694495465   1.671246773   1.649491801   1.629088136   1.609909961   1.591846013   1.574797771   1.558677846   1.54340857   1.528920767   1.51515268   1.502049042   1.489560267   1.477641754   1.466253283   1.45535849   1.444924414   1.434921105   1.42532128   1.416100029   1.407234553   1.398703943   1.390488975   1.382571942   1.374936505   1.367567549   1.360451074   1.353574089   1.346924513   1.340491101   1.334263366   1.328231513   1.322386384   1.316719399   1.311222517   1.305888182   1.300709307   1.29567921   1.290791599   1.286040546   1.281420449   1.276926017   1.272552248   1.268294408   1.264148009   1.2601088   1.256172744   1.252336008   1.248594953   1.244946113   1.241386192   1.237912052   1.234520701   1.231209287   1.227975089   1.224815507   1.221728061   1.218710378   1.21576019   
29.1758794   2.411486535e-12   3.108101908e-12   4.005951239e-12   5.163165753e-12   6.654669266e-12   8.577029126e-12   1.105470846e-11   1.424812453e-11   1.836403497e-11   2.366892425e-11   3.050625727e-11   3.931871693e-11   5.067686564e-11   6.531608637e-11   8.4184195e-11   1.085028066e-10   1.398464289e-10   1.802444037e-10   2.323122966e-10   2.994212416e-10   3.859162052e-10   4.973973011e-10   6.41082369e-10   8.262742941e-10   1.064963322e-09   1.372603365e-09   1.769112568e-09   2.280162908e-09   2.938842321e-09   3.787796984e-09   4.88199244e-09   6.292272337e-09   8.109945201e-09   1.04526962e-08   1.347220668e-08   1.736397473e-08   2.237997275e-08   2.884496136e-08   3.717751602e-08   4.79171277e-08   6.175913217e-08   7.959972949e-08   1.025940085e-07   1.322307328e-07   1.704287309e-07   2.196611304e-07   2.831154808e-07   3.649001306e-07   4.703102221e-07   6.061705247e-07   7.812773033e-07   1.006967831e-06   1.297854417e-06   1.672770476e-06   2.155989892e-06   2.778798615e-06   3.581520249e-06   4.616126775e-06   5.949603412e-06   7.66828549e-06   9.883448072e-06   1.273851021e-05   1.641832017e-05   2.116112278e-05   2.727398338e-05   3.515266689e-05   4.530725842e-05   5.839518344e-05   7.526376401e-05   9.700506413e-05   0.0001250265712   0.0001611422838   0.0002076900922   0.0002676830343   0.0003450041913   0.0004446577921   0.0005730927051   0.0007386191281   0.0009519452331   0.001226868144   0.001581163374   0.002037729296   0.002626059064   0.003384132493   0.004360845764   0.005619128592   0.007239937971   0.009327366033   0.01201515793   0.01547500428   0.01992705029   0.025653146   0.03301343969   0.04246697038   0.0545969118   0.07014100096   0.09002735428   0.115415184   0.1477386565   0.1887499757   0.2405543489   0.3056244233   0.3867748813   0.487069624   0.6096261586   0.7572786969   0.9320705739   1.134578194   1.363131827   1.613091191   1.876429265   2.141917735   2.396120159   2.625153738   2.816849973   2.962703776   3.059020014   3.106966738   3.11165883   3.080696006   3.022642578   2.945802421   2.85743694   2.763405751   2.668121898   2.574695941   2.48516523   2.400739032   2.322021239   2.249194593   2.182163695   2.120660848   2.064321334   2.012735032   1.965480471   1.922146278   1.882343842   1.845714004   1.811929833   1.780696887   1.751751968   1.72486103   1.699816661   1.676435446   1.654555365   1.634033334   1.614742939   1.596572392   1.579422703   1.563206064   1.54784444   1.53326832   1.519415651   1.506230899   1.493664238   1.481670849   1.470210318   1.4592461   1.448745075   1.438677143   1.429014887   1.419733272   1.410809388   1.402222217   1.39395244   1.385982263   1.37829526   1.370876242   1.363711137   1.356786886   1.350091348   1.343613218   1.337341956   1.331267714   1.325381287   1.319674052   1.314137923   1.30876531   1.303549073   1.298482511   1.29355929   1.288773453   1.284119367   1.279591713   1.27518546   1.27089585   1.266718371   1.262648747   1.25868292   1.254817036   1.251047432   1.247370627   1.243783306   1.240282312   1.236864637   1.233527412   1.230267902   1.227083492   1.223971687   1.2209301   
29.42964824   1.878920611e-12   2.421691621e-12   3.121254977e-12   4.022903886e-12   5.185015576e-12   6.682830931e-12   8.613325959e-12   1.11014905e-11   1.430842068e-11   1.844174909e-11   2.376908795e-11   3.063535564e-11   3.948510844e-11   5.089132331e-11   6.559249526e-11   8.454045119e-11   1.089619759e-10   1.404382402e-10   1.810071738e-10   2.33295411e-10   3.006883521e-10   3.875493507e-10   4.995022195e-10   6.437953433e-10   8.297709758e-10   1.069470103e-09   1.378412038e-09   1.776599215e-09   2.28981225e-09   2.951279106e-09   3.803826431e-09   4.902652375e-09   6.318900387e-09   8.144265398e-09   1.049693061e-08   1.352921924e-08   1.743745673e-08   2.247468178e-08   2.896702935e-08   3.733484627e-08   4.811990654e-08   6.20204885e-08   7.993658483e-08   1.030281725e-07   1.327903154e-07   1.711499623e-07   2.205907068e-07   2.843135874e-07   3.664443388e-07   4.723005117e-07   6.087357568e-07   7.845835637e-07   1.011229183e-06   1.303346762e-06   1.679849416e-06   2.165113751e-06   2.790558116e-06   3.596676761e-06   4.635661602e-06   5.974781333e-06   7.700736642e-06   9.925273493e-06   1.279241787e-05   1.648780029e-05   2.12506738e-05   2.73894032e-05   3.530142824e-05   4.549899262e-05   5.864230396e-05   7.558227007e-05   9.741557641e-05   0.0001255556667   0.000161824216   0.0002085690082   0.0002688158321   0.0003464642013   0.0004465395219   0.0005755179528   0.000741744859   0.0009559737274   0.001232060069   0.001587854618   0.002046352647   0.002637172118   0.003398453562   0.00437930007   0.005642907645   0.007270575845   0.009366837245   0.01206600289   0.01554048981   0.02001137456   0.02576169949   0.03315313622   0.04264666517   0.05482792593   0.0704377742   0.09040824859   0.1159034581   0.1483636236   0.1895483406   0.2415716875   0.3069167144   0.3884099202   0.4891280237   0.612201499   0.7604762156   0.9360036698   1.139362029   1.368873598   1.619877334   1.884310939   2.150897208   2.406141577   2.636101572   2.828556829   2.974966578   3.071621037   3.119694734   3.124326056   3.093148806   3.034765342   2.95751619   2.86869467   2.774186036   2.678422547   2.584528221   2.49454914   2.409699659   2.330586113   2.257391849   2.190020865   2.128204123   2.07157515   2.019721889   1.972220896   1.928658882   1.888645428   1.851819712   1.817853285   1.786450342   1.757346465   1.730306519   1.70512213   1.681609028   1.659604438   1.638964608   1.61956253   1.601285893   1.584035239   1.567722349   1.552268813   1.537604794   1.523667943   1.510402458   1.497758276   1.485690363   1.474158106   1.463124787   1.452557122   1.442424865   1.432700464   1.423358762   1.414376734   1.405733258   1.397408921   1.389385837   1.3816475   1.374178643   1.366965123   1.359993815   1.353252516   1.346729864   1.340415262   1.334298815   1.328371268   1.322623954   1.317048745   1.311638006   1.306384576   1.301281697   1.296323016   1.291502539   1.286814603   1.282253863   1.27781526   1.273494008   1.269285572   1.265185654   1.261190173   1.257295254   1.253497214   1.249792552   1.246177936   1.242650191   1.239206292   1.235843355   1.232558627   1.229349481   1.226213407   
29.68341709   1.463917682e-12   1.886805204e-12   2.431853867e-12   3.134352829e-12   4.039785364e-12   5.206773672e-12   6.710874373e-12   8.649470417e-12   1.114807614e-11   1.43684637e-11   1.851913697e-11   2.386883117e-11   3.076391206e-11   3.965080145e-11   5.110488069e-11   6.586774378e-11   8.48952118e-11   1.094192176e-10   1.41027567e-10   1.817667417e-10   2.342743983e-10   3.019501431e-10   3.891756402e-10   5.015983015e-10   6.464969285e-10   8.332529782e-10   1.073957965e-09   1.384196325e-09   1.784054432e-09   2.299421085e-09   2.963663681e-09   3.819788586e-09   4.923225579e-09   6.345416651e-09   8.178441518e-09   1.054097931e-08   1.358599247e-08   1.751063026e-08   2.256899322e-08   2.90885849e-08   3.749151604e-08   4.83218341e-08   6.228074766e-08   8.027202605e-08   1.034605139e-07   1.33347549e-07   1.71868166e-07   2.215163807e-07   2.855066644e-07   3.679820645e-07   4.742824459e-07   6.112902199e-07   7.878759443e-07   1.015472646e-06   1.30881605e-06   1.686898638e-06   2.174199308e-06   2.802268251e-06   3.611769645e-06   4.655114422e-06   5.999853556e-06   7.733051563e-06   9.96692333e-06   1.284609922e-05   1.655698873e-05   2.133984888e-05   2.750433848e-05   3.544956507e-05   4.568992192e-05   5.888838706e-05   7.589943903e-05   9.782436535e-05   0.000126082541   0.0001625032854   0.0002094442346   0.0002699438744   0.0003479180822   0.0004484133521   0.0005779330192   0.000744857468   0.00095998531   0.001237230197   0.001594517771   0.002054939798   0.002648238519   0.003412714512   0.004397676905   0.005666586875   0.007301085102   0.00940614276   0.01211663441   0.01560570044   0.02009534486   0.02586979729   0.03329224636   0.04282560567   0.05505797039   0.07073330179   0.09078754426   0.1163896829   0.148985968   0.1903433555   0.2425847578   0.3082035849   0.3900381024   0.4911777937   0.6147660465   0.7636603406   0.9399203009   1.144125853   1.374591375   1.626635153   1.892159768   2.159839332   2.416121408   2.647004105   2.84021541   2.987179017   3.084170555   3.132370996   3.136942123   3.105551678   3.046839888   2.969183782   2.879908449   2.784924672   2.688683844   2.594323382   2.50389806   2.418627305   2.339119884   2.265559744   2.197850288   2.135721139   2.078804083   2.026685134   1.978938881   1.935150129   1.894926664   1.857906003   1.82375819   1.792186061   1.762923984   1.735735741   1.710411998   1.686767638   1.664639132   1.643882061   1.624368831   1.605986606   1.588635465   1.572226776   1.556681762   1.541930257   1.527909617   1.514563777   1.501842435   1.489700342   1.478096693   1.46699459   1.456360591   1.446164304   1.436378042   1.426976525   1.417936616   1.40923709   1.400858436   1.392782682   1.384993238   1.377474762   1.370213041   1.363194882   1.356408021   1.349841039   1.343483286   1.337324815   1.331356324   1.3255691   1.319954976   1.314506276   1.309215806   1.304076761   1.299082764   1.294227789   1.289506142   1.284912449   1.280441625   1.276088858   1.271849591   1.267719499   1.26369448   1.259770639   1.255944274   1.252211864   1.248570058   1.245015663   1.24154564   1.238157086   1.234847236   1.231613446   
29.93718593   1.140538041e-12   1.470009643e-12   1.894656972e-12   2.441973806e-12   3.147396154e-12   4.056596565e-12   5.228441189e-12   6.738801068e-12   8.685464404e-12   1.119446785e-11   1.442825676e-11   1.859620268e-11   2.396815914e-11   3.089193329e-11   3.981580466e-11   5.131754902e-11   6.614184642e-11   8.524849552e-11   1.098745557e-10   1.416144404e-10   1.825231475e-10   2.352493099e-10   3.032066812e-10   3.907951593e-10   5.036856573e-10   6.491872669e-10   8.36720485e-10   1.078427144e-09   1.389956533e-09   1.791478613e-09   2.308989917e-09   2.975996699e-09   3.83568429e-09   4.943713136e-09   6.371822527e-09   8.21247536e-09   1.058484464e-08   1.364252934e-08   1.758349916e-08   2.266291204e-08   2.920963441e-08   3.764753358e-08   4.852292103e-08   6.253992334e-08   8.060607081e-08   1.038910555e-07   1.339024627e-07   1.725833798e-07   2.224382011e-07   2.866947745e-07   3.695133885e-07   4.762561293e-07   6.138340487e-07   7.911546186e-07   1.019698444e-06   1.314262569e-06   1.693918513e-06   2.183247041e-06   2.813929637e-06   3.626799697e-06   4.674486258e-06   6.024821402e-06   7.765231955e-06   1.000839978e-05   1.289955709e-05   1.662588913e-05   2.142865272e-05   2.761879528e-05   3.559708521e-05   4.588005636e-05   5.913344571e-05   7.621528761e-05   9.823145247e-05   0.0001266072219   0.0001631795278   0.0002103158173   0.0002710672206   0.0003493659105   0.0004502793815   0.0005803380316   0.000747957119   0.0009639801923   0.001242378803   0.001601153186   0.002063491199   0.002659258851   0.003426916092   0.004415977238   0.005690167528   0.007331467351   0.009445284648   0.01216705516   0.01567063961   0.0201789656   0.02597744511   0.03343077743   0.04300380132   0.05528705729   0.07102759931   0.09116526127   0.1168738842   0.1496057226   0.1911350624   0.2435936133   0.3094851024   0.3916595133   0.4932190418   0.6173199359   0.7668312387   0.9438206724   1.148869916   1.380285456   1.633365001   1.899976159   2.168744569   2.426060168   2.657861895   2.851826307   2.99934171   3.096669196   3.14499615   3.149507644   3.117905213   3.058866788   2.980805738   2.891078788   2.795622139   2.698906235   2.604081839   2.513212378   2.42752233   2.347622884   2.273698588   2.205652251   2.143212166   2.086008383   2.033624996   1.985634641   1.941620222   1.901187737   1.863973053   1.829644712   1.797904197   1.768484667   1.741148828   1.715686391   1.691911392   1.669659554   1.648785796   1.629161936   1.610674619   1.593223463   1.576719423   1.561083358   1.546244775   1.532140735   1.518714912   1.505916766   1.493700836   1.482026121   1.470855551   1.46015552   1.449895493   1.440047649   1.430586588   1.421489057   1.412733731   1.404301003   1.396172812   1.388332488   1.380764611   1.37345484   1.366390093   1.359557868   1.352946747   1.346546027   1.340345711   1.33433645   1.328509486   1.32285661   1.317370112   1.312042746   1.30686769   1.301838524   1.296949193   1.292193969   1.287567456   1.28306454   1.278680385   1.274410407   1.27025026   1.26619582   1.262243171   1.25838859   1.254628537   1.250959644   1.247378702   1.243882652   1.240468579   1.237133699   
30.19095477   8.8856261e-13   1.145245103e-12   1.476076452e-12   1.902476324e-12   2.452051963e-12   3.160385628e-12   4.073338358e-12   5.250019247e-12   6.766612463e-12   8.721309784e-12   1.124066802e-11   1.448780295e-11   1.867295021e-11   2.406707703e-11   3.101942597e-11   3.998012663e-11   5.152933931e-11   6.641481738e-11   8.560032066e-11   1.103280139e-10   1.421988909e-10   1.832764304e-10   2.362201965e-10   3.044580316e-10   3.92407992e-10   5.057643952e-10   6.518664977e-10   8.401736755e-10   1.082877871e-09   1.395692958e-09   1.798872142e-09   2.318519243e-09   2.988278798e-09   3.851514366e-09   4.964116106e-09   6.398119382e-09   8.246368689e-09   1.062852887e-08   1.36988328e-08   1.76560672e-08   2.27564431e-08   2.933018415e-08   3.780290698e-08   4.872317774e-08   6.279802898e-08   8.093873641e-08   1.043198194e-07   1.344550854e-07   1.732956407e-07   2.233562155e-07   2.878779793e-07   3.710383901e-07   4.78221664e-07   6.163673749e-07   7.944197564e-07   1.023906794e-06   1.319686602e-06   1.700909406e-06   2.192257419e-06   2.825542876e-06   3.641767695e-06   4.693778114e-06   6.049686165e-06   7.797279485e-06   1.004970498e-05   1.295279426e-05   1.669450507e-05   2.151708992e-05   2.773277953e-05   3.574399629e-05   4.606940581e-05   5.937749259e-05   7.652983215e-05   9.863685887e-05   0.0001271297366   0.0001638529783   0.0002111838016   0.0002721859289   0.0003508077612   0.0004521377068   0.0005827331145   0.0007510439726   0.000967958581   0.001247506151   0.001607761205   0.002072007295   0.002670233683   0.00344105904   0.004434202015   0.005713650825   0.007361724163   0.009484264936   0.01221726774   0.01573531068   0.02026224111   0.02608464852   0.03356873659   0.04318126133   0.0555151985   0.07132068198   0.09154141916   0.1173560869   0.1502229194   0.1919235022   0.2445983061   0.3107613331   0.3932742369   0.4952518733   0.6198632989   0.7699890736   0.947704985   1.153594461   1.385956135   1.640067222   1.907760511   2.177613373   2.435958359   2.66867549   2.863390102   3.011455259   3.109117574   3.15757081   3.162023225   3.130209997   3.0708466   2.992382588   2.902206186   2.806278904   2.709090159   2.613803999   2.522492472   2.436385086   2.35609544   2.281808685   2.213427036   2.150677465   2.093188293   2.040541704   1.992308388   1.948069359   1.907428832   1.870021034   1.835513012   1.803604901   1.774028656   1.746545913   1.720945432   1.697040406   1.674665813   1.653675913   1.63394194   1.615350021   1.597799314   1.581200367   1.565473673   1.550548413   1.536361359   1.522855921   1.509981324   1.497691893   1.485946437   1.474707709   1.463941946   1.453618467   1.443709318   1.434188978   1.425034084   1.416223206   1.407736642   1.399556246   1.391665263   1.384048201   1.376690706   1.369579455   1.362702061   1.356046991   1.349603488   1.343361504   1.337311644   1.331445107   1.325753641   1.320229498   1.314865394   1.309654475   1.304590282   1.299666729   1.294878069   1.290218869   1.28568399   1.28126857   1.276968003   1.272777919   1.268694172   1.264712825   1.260830137   1.257042548   1.253346672   1.249739282   1.246217304   1.242777806   
30.44472362   6.922320104e-13   8.921997289e-13   1.14993289e-12   1.482118419e-12   1.910263656e-12   2.462088853e-12   3.173321912e-12   4.090011596e-12   5.271508948e-12   6.794309976e-12   8.757008383e-12   1.128667901e-11   1.454710531e-11   1.874938347e-11   2.416558986e-11   3.114639658e-11   4.014377574e-11   5.174026235e-11   6.668667058e-11   8.595070513e-11   1.107796153e-10   1.427809481e-10   1.840266287e-10   2.371871075e-10   3.057042578e-10   3.940142204e-10   5.078346209e-10   6.545347576e-10   8.436127258e-10   1.087310373e-09   1.401405894e-09   1.806235395e-09   2.328009548e-09   3.000510603e-09   3.86727962e-09   4.98443553e-09   6.424308556e-09   8.28012323e-09   1.067203421e-08   1.37549057e-08   1.77283381e-08   2.284959117e-08   2.945024025e-08   3.795764415e-08   4.892261444e-08   6.305507772e-08   8.12700398e-08   1.047468277e-07   1.350054452e-07   1.74004985e-07   2.242704709e-07   2.89056339e-07   3.725571472e-07   4.801791502e-07   6.188903276e-07   7.97671524e-07   1.028097912e-06   1.325088424e-06   1.707871673e-06   2.201230902e-06   2.837108561e-06   3.656674401e-06   4.712990974e-06   6.07444911e-06   7.829195787e-06   1.009084105e-05   1.300581343e-05   1.676284004e-05   2.160516498e-05   2.784629704e-05   3.589030579e-05   4.62579799e-05   5.962054014e-05   7.684308868e-05   9.904060521e-05   0.0001276501116   0.000164523671   0.0002120482316   0.0002733000562   0.0003522437077   0.0004539884225   0.0005851183899   0.0007541181862   0.000971920679   0.001252612504   0.001614342166   0.00208048852   0.002681163576   0.003455144075   0.004452352165   0.005737037964   0.007391857081   0.00952308561   0.01226727471   0.01579971693   0.02034517564   0.02619141297   0.03370613088   0.04335799476   0.05574240564   0.07161256474   0.09191603709   0.1178363157   0.1508375898   0.192708715   0.2455988875   0.3120323421   0.3948823552   0.4972763916   0.6223962648   0.7731340055   0.9515734357   1.158299728   1.391603696   1.646742153   1.915513215   2.186446187   2.445816475   2.679445424   2.874907364   3.023520256   3.12151629   3.170095576   3.174489454   3.142466602   3.082779873   3.003914854   2.913291134   2.81689543   2.719236045   2.623490263   2.531738715   2.445215918   2.364537875   2.289890334   2.221174922   2.158117296   2.100344055   2.047435483   1.998960332   1.954497734   1.913650133   1.876050118   1.841363249   1.809288321   1.779556091   1.751927127   1.726189243   1.702154794   1.679658016   1.658552512   1.638708936   1.620012899   1.602363101   1.585669684   1.569852777   1.554841239   1.54057155   1.52698686   1.51403616   1.501673563   1.489857685   1.478551107   1.467719907   1.457333259   1.44736308   1.437783725   1.42857172   1.419705535   1.411165373   1.402932999   1.394991579   1.387325545   1.379920474   1.372762978   1.365840608   1.359141775   1.35265567   1.346372194   1.340281906   1.334375961   1.328646065   1.323084432   1.317683735   1.312437099   1.30733803   1.302380397   1.297558431   1.292866673   1.288299957   1.283853397   1.279522361   1.275302456   1.271189517   1.267179584   1.263268896   1.259453876   1.255731119   1.252097381   1.248549571   
30.69849246   5.392633968e-13   6.950424845e-13   8.958220754e-13   1.154601638e-12   1.488135845e-12   1.91801936e-12   2.472084977e-12   3.186205655e-12   4.106617114e-12   5.292911366e-12   6.821894993e-12   8.79256199e-12   1.133250313e-11   1.460616682e-11   1.88255063e-11   2.426370258e-11   3.12728515e-11   4.030676017e-11   5.195032873e-11   6.695741963e-11   8.62996665e-11   1.112293825e-10   1.433606412e-10   1.847737801e-10   2.381500913e-10   3.069454225e-10   3.956139251e-10   5.098964384e-10   6.571921801e-10   8.470378083e-10   1.091724872e-09   1.407095627e-09   1.813568743e-09   2.337461308e-09   3.012692729e-09   3.882980843e-09   5.004672426e-09   6.450391362e-09   8.313740676e-09   1.071536286e-08   1.381075086e-08   1.780031546e-08   2.294236091e-08   2.956980874e-08   3.811175285e-08   4.912124111e-08   6.331108244e-08   8.159999759e-08   1.051721017e-07   1.355535696e-07   1.747114483e-07   2.251810129e-07   2.902299128e-07   3.740697357e-07   4.82128686e-07   6.214030332e-07   8.009100843e-07   1.032272007e-06   1.330468306e-06   1.714805662e-06   2.210167938e-06   2.848627271e-06   3.671520563e-06   4.7321258e-06   6.09911148e-06   7.860982458e-06   1.013181004e-05   1.305861726e-05   1.683089746e-05   2.169288233e-05   2.795935348e-05   3.603602105e-05   4.644578809e-05   5.986260055e-05   7.715507291e-05   9.94427117e-05   0.0001281683732   0.0001651916398   0.0002129091507   0.0002744096585   0.0003536738222   0.0004558316214   0.0005874939775   0.0007571799137   0.0009758666847   0.001257698118   0.001620896398   0.002088935297   0.002692049077   0.003469171904   0.004470428599   0.005760330117   0.007421867615   0.009561748615   0.01231707859   0.01586386161   0.02042777335   0.02629774383   0.03384296718   0.04353401044   0.05596869009   0.07190326221   0.09228913384   0.1183145946   0.1514497646   0.1934907401   0.2465954074   0.3132981928   0.3964839486   0.4992926979   0.62491896   0.7762661913   0.9554262173   1.162985951   1.39722842   1.653390126   1.923234654   2.195243446   2.455634999   2.690172223   2.88637865   3.03553728   3.133865935   3.182571038   3.186906912   3.154675589   3.094667145   3.015403045   2.924334114   2.827472164   2.729344315   2.633141023   2.540951472   2.454015166   2.372950503   2.297943827   2.228896182   2.165531912   2.107475906   2.054306553   2.005590678   1.96090554   1.919851818   1.882060472   1.84719558   1.814954605   1.785067109   1.757292598   1.731417945   1.707254669   1.684636269   1.663415693   1.643463017   1.624663339   1.606914905   1.590127449   1.574220742   1.559123318   1.544771369   1.531107786   1.518081326   1.505645893   1.49375991   1.482385785   1.471489441   1.461039906   1.451008966   1.441370856   1.432101993   1.423180742   1.414587216   1.40630309   1.398311451   1.390596657   1.383144214   1.375940669   1.368973515   1.362231105   1.355702576   1.349377783   1.343247235   1.337302045   1.331533878   1.325934909   1.320497774   1.315215564   1.310081749   1.305090175   1.300235041   1.295510856   1.290912429   1.286434851   1.282073464   1.277823856   1.273681836   1.269643426   1.265704846   1.261862499   1.258112961   1.254452974   
30.95226131   4.200839221e-13   5.414351774e-13   6.978416358e-13   8.994298282e-13   1.159251576e-12   1.494129029e-12   1.925743818e-12   2.482040828e-12   3.199037491e-12   4.123155733e-12   5.314227559e-12   6.849368876e-12   8.82797236e-12   1.137814263e-11   1.466499037e-11   1.890132244e-11   2.436142002e-11   3.139879695e-11   4.046908797e-11   5.215954878e-11   6.722707789e-11   8.664722198e-11   1.116773376e-10   1.439379989e-10   1.855179213e-10   2.391091954e-10   3.081815867e-10   3.972071848e-10   5.119499492e-10   6.598388965e-10   8.504490918e-10   1.096121586e-09   1.412762437e-09   1.820872545e-09   2.346874988e-09   3.024825775e-09   3.898618809e-09   5.024827791e-09   6.476369085e-09   8.347222683e-09   1.075851694e-08   1.386637103e-08   1.787200284e-08   2.30347569e-08   2.968889552e-08   3.826524068e-08   4.931906756e-08   6.356605577e-08   8.192862604e-08   1.055956623e-07   1.360994858e-07   1.754150654e-07   2.260878865e-07   2.913987585e-07   3.755762304e-07   4.840703675e-07   6.239056156e-07   8.041355972e-07   1.036429286e-06   1.335826514e-06   1.721711715e-06   2.219068968e-06   2.860099575e-06   3.686306913e-06   4.751183535e-06   6.123674489e-06   7.892641067e-06   1.017261397e-05   1.311120835e-05   1.689868069e-05   2.178024628e-05   2.807195445e-05   3.618114925e-05   4.663283963e-05   6.010368574e-05   7.746580022e-05   9.984319819e-05   0.0001286845467   0.0001658569174   0.0002137666013   0.0002755147904   0.0003550981749   0.0004576673945   0.0005898599943   0.0007602293061   0.0009797967928   0.001262763242   0.001627424224   0.002097348044   0.002702890722   0.003483143217   0.004488432207   0.005783528431   0.007451757245   0.009600255859   0.01236668182   0.01592774787   0.0205100383   0.02640364632   0.03397925224   0.04370931707   0.056194063   0.07219278872   0.09266072778   0.1187909471   0.1520594739   0.1942696161   0.247587915   0.3145589477   0.398079096   0.5013008913   0.6274315085   0.7793857848   0.9592635187   1.167653358   1.402830583   1.660011465   1.930925204   2.204005576   2.465414403   2.7008564   2.897804506   3.0475069   3.146167087   3.194997774   3.199276167   3.166837509   3.106508944   3.026847664   2.935335598   2.838009553   2.739415382   2.642756667   2.550131103   2.462783165   2.381333636   2.305969456   2.236591084   2.172921563   2.114584077   2.061155132   2.012199631   1.967292968   1.926034065   1.888052262   1.853010162   1.820603898   1.790561846   1.762642455   1.736631658   1.712340144   1.689600677   1.668265554   1.648204276   1.629301429   1.611454806   1.594573738   1.578577637   1.563394715   1.548960877   1.535218757   1.522116877   1.509608932   1.497653157   1.486211786   1.475250585   1.464738441   1.454647007   1.444950401   1.435624927   1.426648852   1.418002191   1.409666537   1.401624896   1.393861549   1.386361936   1.379112538   1.372100789   1.365314985   1.358744211   1.352378272   1.346207631   1.340223359   1.334417078   1.328780925   1.3233075   1.317989859   1.312821441   1.307796063   1.302907889   1.298151405   1.293521394   1.289012917   1.284621299   1.2803421   1.276171112   1.272104335   1.268137968   1.264268397   1.26049218   
31.20603015   3.272331215e-13   4.217622096e-13   5.435982783e-13   7.006296e-13   9.030231624e-13   1.16388293e-12   1.500098261e-12   1.933437404e-12   2.49195689e-12   3.211818044e-12   4.139628253e-12   5.33545856e-12   6.876732958e-12   8.863241208e-12   1.142359972e-11   1.472357883e-11   1.897683558e-11   2.445874693e-11   3.152423905e-11   4.063076702e-11   5.236793267e-11   6.749565844e-11   8.699338842e-11   1.121235025e-10   1.445130491e-10   1.862590885e-10   2.400644664e-10   3.094128105e-10   3.98794077e-10   5.13995253e-10   6.62475035e-10   8.538467418e-10   1.100500728e-09   1.418406598e-09   1.828147158e-09   2.356251046e-09   3.036910331e-09   3.914194277e-09   5.044902604e-09   6.502242985e-09   8.380570877e-09   1.080149856e-08   1.39217689e-08   1.794340372e-08   2.312678362e-08   2.980750635e-08   3.841811508e-08   4.951610337e-08   6.382001007e-08   8.22559411e-08   1.060175301e-07   1.366432202e-07   1.761158705e-07   2.269911358e-07   2.925629329e-07   3.770767042e-07   4.860042889e-07   6.263981962e-07   8.07348219e-07   1.04056995e-06   1.341163307e-06   1.728590167e-06   2.227934425e-06   2.871526029e-06   3.701034168e-06   4.770165105e-06   6.148139331e-06   7.924173151e-06   1.021325483e-05   1.316358926e-05   1.696619302e-05   2.186726107e-05   2.818410539e-05   3.632569743e-05   4.681914361e-05   6.034380741e-05   7.777528568e-05   0.0001002420841   0.0001291986573   0.0001665195362   0.0002146206251   0.0002766155056   0.0003565168352   0.0004594958307   0.0005922165552   0.0007632665114   0.000983711194   0.001267808124   0.001633925962   0.002105727169   0.002713689038   0.003497058694   0.004506363863   0.005806634032   0.00748152742   0.009638609208   0.01241608681   0.01599137882   0.02059197449   0.02650912559   0.03411499267   0.04388392314   0.05641853531   0.07248115831   0.09303083695   0.1192653964   0.1526667474   0.1950453806   0.2485764583   0.3158146677   0.3996678746   0.503301069   0.6299340318   0.7824929366   0.9630855251   1.172302176   1.408410454   1.666606487   1.938585232   2.212732995   2.475155152   2.711498461   2.909185468   3.059429671   3.158420313   3.20737635   3.211597775   3.178952903   3.118305787   3.038249202   2.946296051   2.848508031   2.749449654   2.652337572   2.55927796   2.471520243   2.38968758   2.313967502   2.244259893   2.180286497   2.1216688   2.067981434   2.018787389   1.973660203   1.932197048   1.894025652   1.858807146   1.826236344   1.796040437   1.767976823   1.741830499   1.717411329   1.694551343   1.673102193   1.652932803   1.633927253   1.615982884   1.599008626   1.582923532   1.567655496   1.553140136   1.539319828   1.526142864   1.513562729   1.501537471   1.490029151   1.479003379   1.468428899   1.458277237   1.448522388   1.43914055   1.430109886   1.421410322   1.41302336   1.404931929   1.397120237   1.389573653   1.382278596   1.375222439   1.368393422   1.361780579   1.355373664   1.349163097   1.343139901   1.337295662   1.331622476   1.326112909   1.320759979   1.315557095   1.310498048   1.305576965   1.300788309   1.296126836   1.291587582   1.287165849   1.282857175   1.278657329   1.274562292   1.270568244   1.266671551   
31.45979899   2.548970144e-13   3.285300936e-13   4.23433843e-13   5.457528029e-13   7.034065103e-13   9.066022494e-13   1.168495922e-12   1.506043825e-12   1.941100487e-12   2.501833636e-12   3.224547924e-12   4.156035462e-12   5.356605382e-12   6.903988544e-12   8.89837022e-12   1.146887659e-11   1.4781935e-11   1.905204931e-11   2.455568794e-11   3.164918379e-11   4.079180502e-11   5.257549035e-11   6.776317409e-11   8.733818235e-11   1.125678984e-10   1.450858194e-10   1.86997317e-10   2.410159499e-10   3.106391527e-10   4.003746773e-10   5.160324474e-10   6.651007216e-10   8.572309205e-10   1.104862508e-09   1.424028382e-09   1.835392927e-09   2.365589929e-09   3.048946973e-09   3.92970799e-09   5.064897822e-09   6.528014299e-09   8.413786849e-09   1.084430975e-08   1.397694714e-08   1.80145215e-08   2.321844547e-08   2.992564691e-08   3.857038335e-08   4.971235796e-08   6.407295748e-08   8.25819584e-08   1.064377253e-07   1.371847988e-07   1.768138969e-07   2.278908038e-07   2.937224914e-07   3.785712288e-07   4.879305425e-07   6.28880894e-07   8.105481032e-07   1.044694197e-06   1.34647894e-06   1.735441348e-06   2.236764731e-06   2.882907178e-06   3.715703031e-06   4.789071415e-06   6.172507173e-06   7.955580213e-06   1.025373455e-05   1.321576248e-05   1.703343767e-05   2.195393086e-05   2.829581167e-05   3.64696725e-05   4.700470892e-05   6.058297703e-05   7.808354407e-05   0.0001006393885   0.0001297107296   0.0001671795277   0.0002154712627   0.0002777118566   0.0003579298706   0.0004613170174   0.0005945637726   0.0007662916745   0.000987610075   0.001272833003   0.001640401921   0.002114073073   0.002724444541   0.003510918998   0.004524224423   0.005829648024   0.007511179562   0.009676810495   0.01246529592   0.01605475748   0.02067358582   0.02661418668   0.03425019494   0.04405783699   0.05664211774   0.07276838474   0.09339947899   0.1197379651   0.153271614   0.1958180708   0.2495610845   0.3170654128   0.4012503601   0.5052933264   0.632426649   0.7855877947   0.966892418   1.176932624   1.413968297   1.673175503   1.9462151   2.221426112   2.484857702   2.722098899   2.920522062   3.07130614   3.170626168   3.219707323   3.223872283   3.1910223   3.130058183   3.049608141   2.957215926   2.858968025   2.75944753   2.661884111   2.568392391   2.480226722   2.398012633   2.321938246   2.251902869   2.187626954   2.128730301   2.074785669   2.025354149   1.98000743   1.938340941   1.899980802   1.864586685   1.831852085   1.801503016   1.773295826   1.747014586   1.722468334   1.699488371   1.677925705   1.657648689   1.638540896   1.620499218   1.603432186   1.587258497   1.571905725   1.557309205   1.543411055   1.53015934   1.517507334   1.505412897   1.493837921   1.48274786   1.472111318   1.461899688   1.452086849   1.442648889   1.433563871   1.424811628   1.416373578   1.408232569   1.400372736   1.392779379   1.385438854   1.378338474   1.371466424   1.364811685   1.358363964   1.352113632   1.346051673   1.34016963   1.334459561   1.328913995   1.323525919   1.318288708   1.31319612   1.30824226   1.303421558   1.298728745   1.294158834   1.289707102   1.285369065   1.281140471   1.277017281   1.272995656   
31.71356784   1.985449091e-13   2.558993392e-13   3.298219638e-13   4.250989007e-13   5.478988522e-13   7.061724971e-13   9.101672575e-13   1.173090767e-12   1.511966001e-12   1.948733425e-12   2.511671531e-12   3.237227729e-12   4.172378131e-12   5.37766902e-12   6.931136916e-12   8.933361047e-12   1.151397535e-11   1.484006161e-11   1.912696718e-11   2.465224763e-11   3.177363704e-11   4.095220956e-11   5.278223156e-11   6.802963743e-11   8.768161998e-11   1.130105462e-10   1.456563365e-10   1.877326416e-10   2.419636906e-10   3.118606708e-10   4.019490601e-10   5.180616282e-10   6.677160796e-10   8.60601787e-10   1.109207129e-09   1.429628051e-09   1.842610195e-09   2.374892075e-09   3.060936266e-09   3.945160677e-09   5.084814386e-09   6.553684238e-09   8.446872161e-09   1.088695255e-08   1.403190832e-08   1.808535953e-08   2.330974675e-08   3.004332274e-08   3.872205265e-08   4.990784056e-08   6.432490988e-08   8.290669325e-08   1.068562675e-07   1.377242469e-07   1.775091775e-07   2.287869328e-07   2.948774886e-07   3.800598744e-07   4.898492189e-07   6.313538258e-07   8.137354001e-07   1.048802221e-06   1.351773664e-06   1.742265578e-06   2.245560302e-06   2.894243558e-06   3.730314192e-06   4.807903354e-06   6.196779159e-06   7.98686373e-06   1.029405504e-05   1.326773047e-05   1.710041781e-05   2.204025971e-05   2.840707854e-05   3.661308122e-05   4.718954428e-05   6.082120584e-05   7.839058987e-05   0.00010103513   0.0001302207875   0.0001678369231   0.0002163185543   0.0002788038949   0.0003593373476   0.0004631310403   0.0005969017568   0.0007693049378   0.0009914936193   0.001277838116   0.001646852406   0.002122386146   0.002735157735   0.003524724781   0.004542014726   0.005852571488   0.007540715065   0.009714861514   0.01251431147   0.01611788685   0.02075487614   0.02671883451   0.03438486542   0.0442310668   0.05686482078   0.07305448151   0.09376667124   0.1202086754   0.1538741021   0.196587723   0.2505418398   0.3183112416   0.4028266267   0.5072777567   0.634909477   0.7886705037   0.9706843754   1.181544919   1.419504371   1.67971882   1.95381516   2.230085329   2.494522497   2.732658199   2.931814802   3.083136843   3.182785199   3.231991237   3.236100228   3.203046219   3.141766629   3.060924955   2.968095671   2.869389953   2.769409402   2.67139665   2.577474735   2.48890292   2.406309091   2.329881962   2.259520267   2.194943174   2.1357688   2.081568046   2.031900107   1.98633483   1.944465913   1.905917873   1.870348927   1.837451259   1.806949712   1.778599589   1.752184034   1.727511267   1.704411863   1.682736186   1.662352023   1.643142443   1.625003888   1.607844494   1.591582601   1.576145468   1.561468145   1.547492497   1.534166357   1.521442794   1.509279481   1.497638139   1.486484069   1.475785731   1.465514392   1.455643812   1.44614997   1.437010831   1.428206133   1.419717211   1.411526832   1.40361906   1.395979127   1.388593323   1.381448904   1.374533999   1.367837536   1.361349175   1.355059241   1.348958676   1.34303898   1.337292177   1.331710757   1.326287674   1.321016271   1.315890277   1.310903766   1.306051142   1.301327112   1.296726661   1.292245045   1.287877757   1.283620524   1.279469288   
31.96733668   1.546462832e-13   1.993195487e-13   2.56897752e-13   3.311087919e-13   4.267574598e-13   5.500365256e-13   7.089276885e-13   9.137183516e-13   1.17766768e-12   1.517865064e-12   1.956336572e-12   2.521471028e-12   3.249858045e-12   4.188657015e-12   5.398650448e-12   6.958179329e-12   8.968215306e-12   1.155889809e-11   1.489796136e-11   1.920159265e-11   2.474843044e-11   3.189760456e-11   4.111198805e-11   5.298816588e-11   6.829506078e-11   8.802371719e-11   1.134514663e-10   1.462246269e-10   1.884650963e-10   2.429077322e-10   3.130774214e-10   4.035172981e-10   5.200828892e-10   6.703212301e-10   8.639594972e-10   1.113534794e-09   1.435205865e-09   1.849799293e-09   2.384157916e-09   3.072878767e-09   3.960553053e-09   5.104653217e-09   6.579253988e-09   8.479828343e-09   1.092942891e-08   1.408665499e-08   1.815592108e-08   2.340069168e-08   3.016053929e-08   3.887313e-08   5.010256019e-08   6.457587892e-08   8.323016068e-08   1.072731762e-07   1.382615897e-07   1.782017445e-07   2.296795642e-07   2.960279779e-07   3.8154271e-07   4.917604068e-07   6.338171058e-07   8.169102571e-07   1.052894211e-06   1.357047723e-06   1.749063174e-06   2.254321544e-06   2.905535692e-06   3.744868326e-06   4.826661793e-06   6.220956414e-06   8.01802515e-06   1.033421816e-05   1.331949564e-05   1.716713652e-05   2.212625164e-05   2.851791114e-05   3.675593022e-05   4.737365823e-05   6.105850486e-05   7.86964373e-05   0.000101429327   0.0001307288547   0.0001684917527   0.0002171625389   0.0002798916711   0.0003607393313   0.000464937983   0.000599230616   0.0007723064404   0.0009953620062   0.001282823694   0.001653277715   0.002130666774   0.002745829117   0.003538476681   0.004559735596   0.005875405484   0.007570135294   0.009752764026   0.01256313572   0.01618076983   0.02083584921   0.02682307394   0.03451901033   0.04440362056   0.05708665474   0.07333946185   0.09413243066   0.120677549   0.1544742396   0.1973543725   0.2515187695   0.3195522117   0.4043967472   0.5092544515   0.63738263   0.7917412056   0.9744615717   1.186139273   1.42501893   1.686236736   1.96138576   2.238711039   2.504149977   2.743176837   2.943064194   3.094922305   3.19489794   3.244228627   3.248282134   3.215025172   3.153431616   3.07220011   2.978935725   2.879774229   2.779335654   2.680875549   2.586525328   2.497549148   2.414577245   2.33779892   2.26711234   2.202235392   2.142784518   2.088328769   2.038425452   1.992642583   1.95057213   1.91183702   1.87609402   1.843034007   1.812380655   1.783888232   1.757338958   1.732540236   1.709321919   1.687533732   1.667042895   1.647731976   1.629496972   1.612245621   1.595895912   1.580374788   1.565617016   1.551564207   1.538163967   1.525369159   1.513137268   1.501429847   1.490212042   1.479452175   1.469121383   1.459193308   1.449643822   1.44045079   1.431593859   1.423054278   1.414814738   1.406859227   1.39917291   1.391742015   1.384553738   1.377596153   1.370858138   1.364329302   1.357999927   1.351860911   1.345903714   1.340120322   1.334503191   1.32904524   1.32373978   1.31858051   1.313561476   1.308677054   1.303921925   1.299291053   1.294779666   1.290383238   1.286097475   
32.22110553   1.204500948e-13   1.552449762e-13   2.000911884e-13   2.578922982e-13   3.323906365e-13   4.284095958e-13   5.521659205e-13   7.116722098e-13   9.172556933e-13   1.182226867e-12   1.523741281e-12   1.963910275e-12   2.531232575e-12   3.262439447e-12   4.204872856e-12   5.419550621e-12   6.985117015e-12   9.002934585e-12   1.160364686e-11   1.495563688e-11   1.927592912e-11   2.484424077e-11   3.202109199e-11   4.127114776e-11   5.319330267e-11   6.855945623e-11   8.836448956e-11   1.138906789e-10   1.467907166e-10   1.891947144e-10   2.438481179e-10   3.142894599e-10   4.050794628e-10   5.220963224e-10   6.729162915e-10   8.673042041e-10   1.117845699e-09   1.440762078e-09   1.85696055e-09   2.393387874e-09   3.084775017e-09   3.975885819e-09   5.124415218e-09   6.604724714e-09   8.512656896e-09   1.097174077e-08   1.414118964e-08   1.822620937e-08   2.349128442e-08   3.027730189e-08   3.902362226e-08   5.029652574e-08   6.482587604e-08   8.355237543e-08   1.076884704e-07   1.387968514e-07   1.788916293e-07   2.305687388e-07   2.971740117e-07   3.830198029e-07   4.936641932e-07   6.362708463e-07   8.200728189e-07   1.056970354e-06   1.362301356e-06   1.755834444e-06   2.263048857e-06   2.916784096e-06   3.759366097e-06   4.845347586e-06   6.245040037e-06   8.049065891e-06   1.037422574e-05   1.337106033e-05   1.723359686e-05   2.221191054e-05   2.862831452e-05   3.689822601e-05   4.755705917e-05   6.129488488e-05   7.900110026e-05   0.0001018219973   0.0001312349543   0.0001691440464   0.000218003255   0.0002809752346   0.0003621358856   0.0004667379281   0.0006015504563   0.0007752963191   0.0009992154122   0.001287789965   0.001659678141   0.002138915334   0.002756459171   0.003552175324   0.004577387838   0.005898151051   0.00759944159   0.009790519755   0.01261177089   0.01624340929   0.0209165087   0.0269269097   0.03465263577   0.04457550614   0.0573076297   0.07362333872   0.0944967739   0.1211446073   0.1550720537   0.1981180544   0.2524919181   0.3207883794   0.4059607929   0.5112235007   0.6398462205   0.7948000399   0.978224178   1.190715893   1.430512223   1.692729546   1.968927239   2.247303628   2.513740568   2.753655279   2.954270734   3.106663041   3.206964915   3.256420018   3.260418519   3.226959659   3.165053623   3.08343406   2.989736518   2.890121256   2.789226666   2.690321159   2.595544498   2.506165712   2.422817379   2.345689386   2.274679335   2.209503837   2.14977767   2.09506804   2.044930374   1.998930864   1.95665976   1.9177384   1.881822108   1.848600462   1.817795975   1.789161876   1.76247947   1.737555346   1.714218638   1.692318435   1.671721392   1.652309578   1.633978547   1.616635641   1.600198499   1.584593749   1.569755878   1.555626243   1.542152223   1.529286477   1.516986303   1.505213087   1.49393182   1.483110686   1.472720693   1.462735367   1.453130473   1.443883775   1.43497483   1.426384802   1.418096304   1.410093253   1.402360744   1.394884943   1.387652988   1.380652897   1.373873335   1.367304351   1.360935694   1.35475838   1.348763833   1.342943998   1.337291302   1.331798614   1.326459229   1.321266813   1.316215382   1.311299285   1.306513178   1.301851999   1.297310955   1.292885497   
32.47487437   9.381276482e-14   1.209128184e-13   1.558413684e-13   2.008598628e-13   2.588830225e-13   3.336675551e-13   4.300553828e-13   5.542871323e-13   7.144061842e-13   9.207794414e-13   1.186768534e-12   1.529594916e-12   1.971454872e-12   2.54095661e-12   3.274972501e-12   4.22102638e-12   5.440370476e-12   7.011951182e-12   9.037520441e-12   1.164822367e-11   1.501309076e-11   1.934997992e-11   2.493968291e-11   3.214410486e-11   4.142969584e-11   5.339765114e-11   6.882283562e-11   8.870395237e-11   1.143282036e-10   1.473546308e-10   1.899215287e-10   2.447848898e-10   3.154968407e-10   4.066356243e-10   5.241020182e-10   6.755013804e-10   8.706360575e-10   1.122140038e-09   1.446296939e-09   1.864094288e-09   2.402582361e-09   3.096625551e-09   3.991159662e-09   5.144101275e-09   6.630097558e-09   8.545359291e-09   1.101389003e-08   1.419551472e-08   1.829622754e-08   2.358152901e-08   3.039361579e-08   3.91735362e-08   5.048974589e-08   6.507491244e-08   8.387335192e-08   1.081021686e-07   1.393300562e-07   1.795788631e-07   2.314544963e-07   2.983156414e-07   3.844912196e-07   4.955606636e-07   6.387151572e-07   8.232232273e-07   1.061030832e-06   1.367534801e-06   1.762579693e-06   2.271742631e-06   2.927989273e-06   3.773808153e-06   4.863961571e-06   6.269031109e-06   8.079987345e-06   1.041407958e-05   1.342242687e-05   1.729980179e-05   2.229724026e-05   2.873829362e-05   3.703997497e-05   4.773975531e-05   6.153035652e-05   7.930459244e-05   0.0001022131587   0.000131739109   0.0001697938333   0.0002188407403   0.000282054634   0.000363527073   0.0004685309561   0.0006038613816   0.0007782747081   0.00100305401   0.001292737151   0.00166605397   0.002147132195   0.002767048376   0.003565821325   0.004594972245   0.005920809211   0.007628635265   0.009828130395   0.01266021916   0.01630580805   0.02099685824   0.02703034645   0.03478574774   0.04474673124   0.05752775559   0.07390612486   0.0948597173   0.1216098712   0.1556675713   0.1988788029   0.2534613291   0.3220198003   0.4075188339   0.5131849922   0.6423003585   0.797847143   0.9819723623   1.195274983   1.435984494   1.699197536   1.976439932   2.255863476   2.523294694   2.764093983   2.965434907   3.118359556   3.218986641   3.268565925   3.27250989   3.238850172   3.176633123   3.094627255   3.000498474   2.900431431   2.799082809   2.699733829   2.604532569   2.514752914   2.431029774   2.353553622   2.282221496   2.216748739   2.156748469   2.101786056   2.051415058   2.005199848   1.962728964   1.923622165   1.887533336   1.854150762   1.823195796   1.79442064   1.767605683   1.742556704   1.719102121   1.697090389   1.676387602   1.656875331   1.638448689   1.621014626   1.60449043   1.588802416   1.57388479   1.55967866   1.546131177   1.533194797   1.520826632   1.5089879   1.497643442   1.486761299   1.476312356   1.466270021   1.45660995   1.44730981   1.438349068   1.429708803   1.42137155   1.413321154   1.405542642   1.39802212   1.390746664   1.383704241   1.376883624   1.370274329   1.363866546   1.357651088   1.351619337   1.345763203   1.340075071   1.334547795   1.329174617   1.323949182   1.318865479   1.313917828   1.309100861   1.30440949   1.299838901   
32.72864322   7.306410189e-14   9.417040951e-14   1.213737772e-13   1.564354862e-13   2.016256057e-13   2.598699686e-13   3.349396041e-13   4.316948934e-13   5.564002546e-13   7.171297323e-13   9.242897513e-13   1.19129288e-12   1.535426228e-12   1.978970697e-12   2.55064356e-12   3.287457758e-12   4.237118302e-12   5.461110933e-12   7.038683015e-12   9.0719744e-12   1.169263047e-11   1.507032553e-11   1.942374832e-11   2.503476107e-11   3.226664862e-11   4.158763928e-11   5.36012203e-11   6.90852106e-11   8.904212061e-11   1.147640598e-10   1.479163944e-10   1.906455711e-10   2.457180892e-10   3.16699617e-10   4.081858512e-10   5.261000651e-10   6.780766107e-10   8.739552045e-10   1.126418e-09   1.451810692e-09   1.87120082e-09   2.411741784e-09   3.108430892e-09   4.006375257e-09   5.163712258e-09   6.65537364e-09   8.577936972e-09   1.105587855e-08   1.424963263e-08   1.83659787e-08   2.367142945e-08   3.050948611e-08   3.932287843e-08   5.068222918e-08   6.532299911e-08   8.419310434e-08   1.085142891e-07   1.398612276e-07   1.802634759e-07   2.323368759e-07   2.994529174e-07   3.859570248e-07   4.974499016e-07   6.411501466e-07   8.263616212e-07   1.065075826e-06   1.372748287e-06   1.769299219e-06   2.280403251e-06   2.939151717e-06   3.788195134e-06   4.88250457e-06   6.292930689e-06   8.110790877e-06   1.045378143e-05   1.347359751e-05   1.736575424e-05   2.238224457e-05   2.884785331e-05   3.718118336e-05   4.792175472e-05   6.176493017e-05   7.960692721e-05   0.0001026028283   0.0001322413411   0.0001704411423   0.0002196750318   0.0002831299171   0.000364912955   0.0004703171462   0.000606163494   0.0007812417386   0.001006877969   0.00129766547   0.001672405485   0.002155317721   0.002777597198   0.003579415286   0.004612489593   0.005943380963   0.00765771761   0.009865597607   0.01270848268   0.01636796885   0.02107690138   0.02713338876   0.03491835212   0.04491730343   0.05774704212   0.07418783274   0.09522127687   0.1220733613   0.1562608186   0.1996366514   0.2544270453   0.3232465284   0.4090709388   0.5151390126   0.644745152   0.800882649   0.9857062891   1.199816744   1.441435982   1.705640991   1.983924165   2.264390954   2.532812766   2.774493397   2.976557191   3.130012347   3.230963622   3.280666854   3.284556742   3.250697193   3.188170576   3.105780135   3.011222007   2.910705146   2.808904448   2.709113899   2.613489859   2.52331105   2.439214706   2.361391884   2.289739062   2.22397032   2.163697123   2.108483014   2.057879688   2.011449706   1.968779904   1.929488465   1.893227845   1.859685037   1.828580245   1.799664641   1.772717706   1.747544412   1.723972464   1.701849685   1.681041611   1.661429317   1.642907477   1.625382649   1.608771771   1.59300085   1.578003812   1.563721513   1.550100881   1.537094166   1.524658299   1.512754329   1.501346946   1.490404052   1.479896406   1.469797299   1.460082281   1.450728923   1.441716597   1.433026303   1.424640495   1.416542947   1.408718622   1.401153559   1.393834779   1.386750193   1.379888524   1.373239241   1.366792488   1.360539037   1.35447023   1.348577939   1.342854515   1.337292776   1.331885939   1.326627614   1.321511761   1.316532678   1.311684967   1.306963519   
32.98241206   5.690280588e-14   7.334053787e-14   9.452670061e-14   1.218329915e-13   1.570273555e-13   2.023884506e-13   2.608531793e-13   3.362068387e-13   4.333281989e-13   5.585053794e-13   7.198429725e-13   9.277867756e-13   1.195800103e-12   1.54123547e-12   1.986458078e-12   2.560293849e-12   3.299895763e-12   4.25314932e-12   5.481772893e-12   7.065313675e-12   9.106297961e-12   1.173686921e-11   1.512734368e-11   1.949723753e-11   2.512947939e-11   3.238872858e-11   4.174498495e-11   5.380401902e-11   6.934659255e-11   8.937900898e-11   1.151982664e-10   1.484760319e-10   1.913668733e-10   2.466477567e-10   3.178978411e-10   4.097302109e-10   5.2809055e-10   6.806420946e-10   8.772617895e-10   1.130679771e-09   1.457303577e-09   1.878280456e-09   2.420866542e-09   3.120191553e-09   4.021533266e-09   5.183249018e-09   6.68055406e-09   8.610391356e-09   1.109770816e-08   1.430354571e-08   1.843546586e-08   2.376098964e-08   3.06249179e-08   3.947165544e-08   5.087398397e-08   6.557014685e-08   8.45116466e-08   1.089248499e-07   1.403903886e-07   1.809454977e-07   2.33215916e-07   3.005858891e-07   3.874172824e-07   4.993319893e-07   6.435759202e-07   8.294881373e-07   1.069105511e-06   1.377942042e-06   1.775993313e-06   2.289031093e-06   2.950271915e-06   3.802527664e-06   4.900977389e-06   6.316739815e-06   8.141477826e-06   1.049333301e-05   1.352457449e-05   1.743145708e-05   2.246692716e-05   2.895699835e-05   3.732185731e-05   4.810306532e-05   6.199861602e-05   7.990811774e-05   0.0001029910232   0.0001327416724   0.0001710860013   0.0002205061657   0.0002842011306   0.0003662935919   0.0004720965762   0.0006084568936   0.0007841975398   0.001010687455   0.001302575137   0.001678732962   0.002163472267   0.002788106096   0.003592957798   0.004629940643   0.005965867288   0.007686689888   0.009902923019   0.01275656354   0.01642989439   0.02115664158   0.02723604111   0.03505045466   0.04508723011   0.05796549881   0.07446847461   0.09558146832   0.1225350977   0.1568518215   0.200391633   0.2553891086   0.3244686171   0.410617175   0.5170856464   0.6471807071   0.8039066892   0.9894261199   1.204341371   1.446866923   1.712060186   1.99138026   2.272886426   2.54229519   2.784853963   2.987638053   3.1416219   3.242896355   3.2927233   3.296559565   3.262501195   3.199666439   3.116893131   3.021907526   2.920942782   2.818691942   2.718461704   2.622416681   2.531840412   2.447372447   2.369204426   2.29723227   2.231168801   2.170623839   2.115159106   2.064324442   2.017680607   1.974812737   1.935337449   1.898905774   1.865203421   1.833949444   1.804893996   1.777815649   1.752518574   1.728829764   1.706596415   1.685683505   1.665971616   1.647354985   1.629739779   1.613042591   1.597189115   1.582113002   1.567754858   1.554061386   1.540984634   1.528481349   1.516512416   1.505042371   1.494038981   1.483472876   1.473317233   1.463547496   1.454141138   1.445077442   1.436337323   1.427903159   1.419758652   1.411888697   1.404279274   1.396917344   1.389790764   1.382888208   1.376198966   1.369713527   1.363422232   1.357316514   1.351388208   1.345629628   1.340033562   1.334593194   1.329302104   1.324154225   1.319143827   1.314265489   
33.2361809   4.431502696e-14   5.711647893e-14   7.361593548e-14   9.488165339e-14   1.222904809e-13   1.576170016e-13   2.0314843e-13   2.618326968e-13   3.374693132e-13   4.349553693e-13   5.606025967e-13   7.225460211e-13   9.312706642e-13   1.200290396e-12   1.547022891e-12   1.993917333e-12   2.569907888e-12   3.312287046e-12   4.269120122e-12   5.502357242e-12   7.091844303e-12   9.140492593e-12   1.178094178e-11   1.518414766e-11   1.957045069e-11   2.522384192e-11   3.251034997e-11   4.190173958e-11   5.400605597e-11   6.960699269e-11   8.971463191e-11   1.156308421e-10   1.490335673e-10   1.920854661e-10   2.475739321e-10   3.190915644e-10   4.112687696e-10   5.30073558e-10   6.831979418e-10   8.805559541e-10   1.134925533e-09   1.462775829e-09   1.885333499e-09   2.429957024e-09   3.131908038e-09   4.036634337e-09   5.202712394e-09   6.705639895e-09   8.642723833e-09   1.113938064e-08   1.435725629e-08   1.850469201e-08   2.385021342e-08   3.073991609e-08   3.96198736e-08   5.106501848e-08   6.581636623e-08   8.482899232e-08   1.093338685e-07   1.40917562e-07   1.816249577e-07   2.340916541e-07   3.017146051e-07   3.888720549e-07   5.012070075e-07   6.459925819e-07   8.326029093e-07   1.073120059e-06   1.383116287e-06   1.782662262e-06   2.297626526e-06   2.961350343e-06   3.816806357e-06   4.919380819e-06   6.340459508e-06   8.172049508e-06   1.053273604e-05   1.357535998e-05   1.749691313e-05   2.255129166e-05   2.906573341e-05   3.746200286e-05   4.828369487e-05   6.223142408e-05   8.020817691e-05   0.0001033777598   0.0001332401243   0.0001717284381   0.0002213341777   0.0002852683203   0.0003676690427   0.0004738693221   0.0006107416786   0.0007871422383   0.001014482632   0.001307466362   0.00168503667   0.002171596183   0.002798575519   0.003606449442   0.004647326144   0.00598826915   0.007715553341   0.00994010823   0.0128044638   0.01649158734   0.02123608228   0.02733830789   0.03518206103   0.04525651856   0.05818313502   0.07474806248   0.09594030708   0.1229951001   0.1574406051   0.20114378   0.2563475602   0.3256861187   0.4121576085   0.519024977   0.6496071276   0.8069193927   0.9931320132   1.208849057   1.452277548   1.718455395   1.998808531   2.28135025   2.551742364   2.795176111   2.998677954   3.153188694   3.254785326   3.304735751   3.308518838   3.274262644   3.211121158   3.127966668   3.032555432   2.931144717   2.828445644   2.727777574   2.631313341   2.540341285   2.455503264   2.376991497   2.304701352   2.238344399   2.177528819   2.121814522   2.0707495   2.023892717   1.98082762   1.941169265   1.904567261   1.870706041   1.839303516   1.810108819   1.78289962   1.757479291   1.733674117   1.711330668   1.690313369   1.670502309   1.651791288   1.634086088   1.617302955   1.601367274   1.586212419   1.57177875   1.558012744   1.544866249   1.532295829   1.520262203   1.508729757   1.497666121   1.4870418   1.476829854   1.467005624   1.457546483   1.448431627   1.439641885   1.431159562   1.422968285   1.415052885   1.40739928   1.399994372   1.392825966   1.385882685   1.379153899   1.372629668   1.366300678   1.360158193   1.354194011   1.348400419   1.34277015   1.337296379   1.331972649   1.326792866   1.321751273   
33.48994975   3.451089648e-14   4.448019164e-14   5.732935537e-14   7.389030635e-14   9.523528282e-14   1.227462646e-13   1.582044493e-13   2.03905576e-13   2.628085625e-13   3.387270809e-13   4.365764732e-13   5.626919952e-13   7.252389921e-13   9.347415641e-13   1.204763948e-12   1.552788735e-12   2.001348779e-12   2.579486084e-12   3.324632133e-12   4.285031381e-12   5.522864847e-12   7.118276018e-12   9.17455974e-12   1.182485003e-11   1.524073986e-11   1.96433909e-11   2.531785264e-11   3.263151793e-11   4.20579098e-11   5.420733967e-11   6.986642199e-11   9.004900355e-11   1.160618049e-10   1.495890241e-10   1.928013798e-10   2.484966545e-10   3.202808372e-10   4.128015922e-10   5.32049173e-10   6.857442602e-10   8.838378373e-10   1.139155467e-09   1.46822768e-09   1.892360246e-09   2.439013615e-09   3.143580841e-09   4.051679107e-09   5.222103205e-09   6.730632205e-09   8.674935766e-09   1.118089776e-08   1.441076661e-08   1.857366008e-08   2.393910455e-08   3.085448554e-08   3.976753917e-08   5.125534077e-08   6.606166765e-08   8.51451549e-08   1.097413622e-07   1.414427699e-07   1.823018844e-07   2.349641273e-07   3.028391129e-07   3.903214036e-07   5.030750351e-07   6.484002338e-07   8.357060686e-07   1.077119639e-06   1.388271242e-06   1.789306348e-06   2.306189913e-06   2.972387468e-06   3.831031816e-06   4.937715637e-06   6.364090769e-06   8.20250721e-06   1.057199215e-05   1.362595613e-05   1.756212514e-05   2.263534163e-05   2.917406308e-05   3.760162591e-05   4.846365098e-05   6.246336418e-05   8.050711739e-05   0.0001037630547   0.0001337367178   0.0001723684797   0.0002221591026   0.0002863315312   0.0003690393655   0.0004756354588   0.0006130179453   0.0007900759582   0.001018263659   0.001312339352   0.001691316877   0.00217968981   0.002809005911   0.003619890785   0.004664646827   0.006010587493   0.007744309185   0.009977154808   0.01285218549   0.01655305029   0.02131522681   0.02744019342   0.03531317677   0.04542517592   0.05839995993   0.07502660814   0.09629780828   0.123453388   0.1580271943   0.201893124   0.2573024404   0.3268990845   0.4136923042   0.5209570859   0.6520245157   0.8099208861   0.9968241247   1.213339991   1.457668083   1.724826883   2.006209289   2.289782778   2.561154678   2.805460267   3.009677345   3.164713198   3.266631014   3.316704685   3.320435031   3.285981997   3.222535171   3.139001164   3.043166119   2.941311322   2.8381659   2.737061833   2.640180143   2.548813952   2.463607419   2.384753342   2.312146537   2.245497327   2.184412263   2.128449449   2.077155036   2.030086202   1.986824707   1.946984056   1.910212443   1.876193028   1.84464258   1.815309223   1.787969726   1.762426664   1.738505619   1.716052535   1.694931286   1.675021473   1.656216461   1.638421646   1.621552929   1.605535388   1.590302122   1.575793243   1.561955006   1.548739058   1.536101782   1.524003732   1.512409143   1.50128551   1.490603211   1.480335194   1.470456693   1.460944985   1.451779175   1.442940013   1.434409723   1.426171866   1.418211203   1.410513591   1.403065877   1.39585581   1.388871963   1.382103662   1.375540919   1.36917438   1.362995271   1.356995351   1.351166875   1.345502544   1.339995495   1.334639249   1.329427682   
33.74371859   2.687506543e-14   3.463856876e-14   4.46447451e-14   5.754144402e-14   7.416366187e-14   9.55876036e-14   1.232003616e-13   1.587897231e-13   2.0465992e-13   2.637808168e-13   3.399801941e-13   4.38191578e-13   5.647736615e-13   7.279219974e-13   9.381996194e-13   1.209220945e-12   1.558533242e-12   2.008752723e-12   2.589028835e-12   3.336931534e-12   4.300883757e-12   5.54329656e-12   7.144609919e-12   9.208500816e-12   1.18685958e-11   1.529712263e-11   1.971606118e-11   2.541151547e-11   3.27522375e-11   4.221350209e-11   5.44078785e-11   7.012489124e-11   9.03821378e-11   1.164911729e-10   1.501424253e-10   1.935146441e-10   2.494159623e-10   3.214657089e-10   4.143287424e-10   5.340174769e-10   6.882811556e-10   8.871075754e-10   1.143369746e-09   1.473659355e-09   1.89936099e-09   2.448036691e-09   3.155210448e-09   4.066668203e-09   5.241422258e-09   6.755532026e-09   8.707028495e-09   1.122226124e-08   1.446407892e-08   1.864237291e-08   2.402766672e-08   3.096863101e-08   3.991465828e-08   5.144495874e-08   6.63060613e-08   8.546014747e-08   1.101473479e-07   1.419660342e-07   1.829763061e-07   2.358333718e-07   3.039594594e-07   3.917653888e-07   5.049361498e-07   6.507989758e-07   8.387977443e-07   1.081104419e-06   1.39340712e-06   1.795925846e-06   2.314721611e-06   2.983383748e-06   3.845204632e-06   4.955982604e-06   6.387634578e-06   8.232852199e-06   1.0611103e-05   1.367636505e-05   1.762709582e-05   2.271908056e-05   2.928199186e-05   3.774073226e-05   4.864294114e-05   6.269444596e-05   8.08049516e-05   0.0001041469236   0.0001342314736   0.0001730061528   0.0002229809748   0.0002873908076   0.0003704046172   0.0004773950597   0.0006152857884   0.0007929988215   0.001022030695   0.001317194308   0.001697573844   0.002187753487   0.002819397704   0.003633282388   0.004681903414   0.006032823245   0.007772958615   0.01001406429   0.01289973057   0.01661428579   0.02139407848   0.02754170193   0.03544380734   0.04559320921   0.05861598254   0.07530412317   0.09665398675   0.1239099803   0.1586116135   0.2026396961   0.258253789   0.3281075647   0.4152213258   0.5228820532   0.6544329714   0.8129112937   1.000502607   1.217814358   1.463038749   1.731174913   2.013582836   2.298184354   2.570532515   2.815706847   3.020636667   3.176195871   3.278433888   3.328630571   3.332308607   3.297659703   3.233908909   3.149997029   3.053739974   2.95144296   2.847853052   2.746314799   2.649017383   2.55725869   2.471685171   2.392490202   2.319568049   2.252627797   2.191274369   2.135064071   2.083541223   2.036261222   1.992804151   1.952781966   1.915841454   1.881664505   1.849966757   1.820495321   1.793026073   1.767360793   1.743324361   1.720762103   1.699537341   1.679529189   1.660630579   1.642746523   1.625792579   1.60969352   1.594382169   1.579798392   1.565888223   1.55260311   1.539899254   1.527737044   1.516080569   1.504897183   1.494157144   1.483833284   1.473900732   1.464336669   1.455120113   1.446231728   1.437653665   1.429369412   1.421363666   1.413622223   1.406131871   1.398880307   1.391856055   1.385048391   1.378447184   1.372043345   1.365827752   1.359792233   1.353929005   1.348230744   1.342690543   1.337301901   
33.99748744   2.092816067e-14   2.697375879e-14   3.476577205e-14   4.480869409e-14   5.775275358e-14   7.443601323e-14   9.593863015e-14   1.236527906e-13   1.593728469e-13   2.054114931e-13   2.647494997e-13   3.412287041e-13   4.398007498e-13   5.668476809e-13   7.305951468e-13   9.416449717e-13   1.21366157e-12   1.564256647e-12   2.01612947e-12   2.59853653e-12   3.349185754e-12   4.316677901e-12   5.563653219e-12   7.170847085e-12   9.242317212e-12   1.191218087e-11   1.535329829e-11   1.978846451e-11   2.550483422e-11   3.28725136e-11   4.236852281e-11   5.460768066e-11   7.038241102e-11   9.07140483e-11   1.169189637e-10   1.506937936e-10   1.942252883e-10   2.50331893e-10   3.22646228e-10   4.158502826e-10   5.359785503e-10   6.908087318e-10   8.903653023e-10   1.147568545e-09   1.479071077e-09   1.906336017e-09   2.457026621e-09   3.166797333e-09   4.081602236e-09   5.260670343e-09   6.78034038e-09   8.739003333e-09   1.126347277e-08   1.451719538e-08   1.871083333e-08   2.411590357e-08   3.108235718e-08   4.006123696e-08   5.163388017e-08   6.654955718e-08   8.577398294e-08   1.105518422e-07   1.424873764e-07   1.836482504e-07   2.366994232e-07   3.050756903e-07   3.932040696e-07   5.067904278e-07   6.531889062e-07   8.41878063e-07   1.085074561e-06   1.398524132e-06   1.802521028e-06   2.323221967e-06   2.994339634e-06   3.859325384e-06   4.974182469e-06   6.411091901e-06   8.263085718e-06   1.065007017e-05   1.372658879e-05   1.769182784e-05   2.280251188e-05   2.938952417e-05   3.787932762e-05   4.88215727e-05   6.292467887e-05   8.110169174e-05   0.0001045293825   0.000134724412   0.0001736414834   0.0002237998279   0.0002884461928   0.0003717648538   0.0004791481968   0.0006175453008   0.0007959109479   0.001025783892   0.00132203143   0.001703807825   0.002195787542   0.002829751323   0.003646624797   0.00469909661   0.006054977316   0.007801502806   0.0100508382   0.01294710101   0.01667529636   0.0214726405   0.02764283757   0.03557395808   0.04576062529   0.05883121171   0.07558061893   0.0970088571   0.1243648959   0.1591938866   0.2033835269   0.2592016448   0.3293116087   0.4167447358   0.5247999575   0.6568325932   0.8158907373   1.00416761   1.222272341   1.468389766   1.737499743   2.020929471   2.306555316   2.579876251   2.825916261   3.031556357   3.187637168   3.290194409   3.340513872   3.344140019   3.309296202   3.245242795   3.160954663   3.064277377   2.961539989   2.857507434   2.755536786   2.657825353   2.565675771   2.479736775   2.400202315   2.326966112   2.259736015   2.198115329   2.14165857   2.089908231   2.042417938   1.998766101   1.958563136   1.921454427   1.8871206   1.855276163   1.825667224   1.798068764   1.772281775   1.748130439   1.72545946   1.704131615   1.684025533   1.665033714   1.647060788   1.630021971   1.61384173   1.598452616   1.583794251   1.569812447   1.556458452   1.543688289   1.531462182   1.519744072   1.508501178   1.497703633   1.487324155   1.477337771   1.467721564   1.458454464   1.449517054   1.440891408   1.432560943   1.424510293   1.41672519   1.409192369   1.401899471   1.39483497   1.387988097   1.381348779   1.374907577   1.368655642   1.362584658   1.356686811   1.350954744   1.34538152   
34.25125628   1.629675002e-14   2.100445476e-14   2.707209225e-14   3.489251147e-14   4.497204521e-14   5.796329257e-14   7.470737143e-14   9.628837663e-14   1.241035697e-13   1.599538443e-13   2.061603254e-13   2.657146501e-13   3.424726611e-13   4.414040536e-13   5.689141372e-13   7.332585482e-13   9.450777601e-13   1.218086001e-12   1.569959181e-12   2.023479316e-12   2.608009555e-12   3.361395288e-12   4.33241445e-12   5.583935645e-12   7.196988572e-12   9.276010292e-12   1.1955607e-11   1.540926909e-11   1.986060381e-11   2.559781268e-11   3.299235111e-11   4.252297824e-11   5.480675422e-11   7.063899172e-11   9.104474845e-11   1.173451945e-10   1.512431513e-10   1.949333411e-10   2.512444837e-10   3.238224423e-10   4.173662744e-10   5.379324724e-10   6.933270909e-10   8.936111495e-10   1.151752033e-09   1.484463064e-09   1.913285609e-09   2.465983768e-09   3.178341966e-09   4.096481811e-09   5.279848238e-09   6.805058267e-09   8.770861571e-09   1.130453402e-08   1.457011815e-08   1.877904411e-08   2.420381865e-08   3.119566863e-08   4.020728112e-08   5.182211267e-08   6.679216512e-08   8.608667397e-08   1.109548615e-07   1.430068174e-07   1.843177443e-07   2.375623164e-07   3.061878507e-07   3.946375041e-07   5.08637944e-07   6.555701213e-07   8.449471488e-07   1.089030225e-06   1.403622484e-06   1.80909216e-06   2.331691326e-06   3.005255568e-06   3.873394643e-06   4.992315965e-06   6.434463684e-06   8.293208987e-06   1.068889525e-05   1.377662938e-05   1.77563238e-05   2.288563896e-05   2.949666435e-05   3.801741757e-05   4.899955284e-05   6.31540722e-05   8.139734977e-05   0.0001049104467   0.0001352155528   0.0001742744972   0.000224615695   0.0002894977294   0.0003731201301   0.0004808949408   0.0006197965735   0.0007988124548   0.001029523403   0.001326850913   0.001710019074   0.0022037923   0.002840067186   0.003659918552   0.004716227109   0.0060770506   0.007829942908   0.010087478   0.0129942987   0.01673608445   0.02155091604   0.02774360443   0.03570363424   0.04592743092   0.05904565611   0.07585610656   0.09736243362   0.1248181529   0.159774037   0.2041246464   0.260146046   0.3305112652   0.4182625955   0.5267108761   0.6592234775   0.8188593368   1.00781928   1.226714117   1.473721347   1.743801625   2.028249486   2.314895998   2.589186256   2.836088909   3.042436841   3.199037532   3.30191303   3.352355039   3.355929715   3.320891928   3.256537246   3.171874464   3.074778703   2.97160276   2.867129377   2.764728101   2.666604342   2.574065465   2.48776248   2.407889914   2.334340943   2.266822185   2.204935335   2.148233125   2.096256229   2.048556506   2.004710706   1.964327705   1.927051492   1.892561434   1.860570916   1.830825041   1.803097904   1.777189709   1.752923942   1.730144693   1.708714191   1.688510583   1.66942594   1.651364509   1.634241168   1.617980079   1.602513522   1.587780874   1.573727728   1.560305133   1.547468932   1.535179188   1.523399693   1.512097531   1.501242711   1.49080784   1.480767839   1.471099697   1.461782254   1.452796013   1.444122972   1.435746479   1.427651101   1.41982251   1.412247384   1.404913312   1.397808719   1.390922788   1.384245403   1.377767086   1.371478945   1.365372632   1.359440297   1.353674551   
34.50502513   1.268993877e-14   1.63557301e-14   2.108047265e-14   2.717006971e-14   3.501879206e-14   4.513480497e-14   5.817306936e-14   7.497774725e-14   9.663685695e-14   1.245527168e-13   1.605327383e-13   2.069064468e-13   2.666763064e-13   3.437121148e-13   4.43001553e-13   5.709731124e-13   7.359123075e-13   9.48498121e-13   1.222494415e-12   1.57564107e-12   2.030802555e-12   2.617448285e-12   3.37356062e-12   4.348094029e-12   5.604144644e-12   7.223035422e-12   9.309581395e-12   1.199887591e-11   1.546503727e-11   1.993248195e-11   2.569045454e-11   3.311175477e-11   4.26768745e-11   5.500510708e-11   7.089464354e-11   9.137425139e-11   1.177698822e-10   1.517905202e-10   1.956388305e-10   2.521537706e-10   3.249943984e-10   4.188767779e-10   5.398793209e-10   6.95836333e-10   8.96845246e-10   1.155920375e-09   1.489835532e-09   1.920210042e-09   2.474908488e-09   3.189844804e-09   4.111307518e-09   5.298956704e-09   6.829686669e-09   8.802604475e-09   1.134544662e-08   1.462284933e-08   1.884700794e-08   2.429141546e-08   3.130856986e-08   4.035279657e-08   5.200966372e-08   6.703389476e-08   8.639823298e-08   1.113564217e-07   1.435243779e-07   1.849848145e-07   2.384220857e-07   3.072959849e-07   3.960657492e-07   5.104787717e-07   6.57942716e-07   8.480051239e-07   1.092971569e-06   1.408702378e-06   1.815639503e-06   2.340130025e-06   3.016131984e-06   3.887412969e-06   5.010383814e-06   6.457750855e-06   8.323223202e-06   1.072757977e-05   1.382648882e-05   1.782058627e-05   2.29684651e-05   2.960341666e-05   3.81550076e-05   4.917688866e-05   6.338263508e-05   8.169193746e-05   0.0001052901314   0.0001357049156   0.0001749052193   0.0002254286084   0.0002905454592   0.0003744705   0.0004826353613   0.0006220396961   0.0008017034576   0.001033249376   0.001331652948   0.001716207837   0.002211768079   0.002850345704   0.003673164181   0.004733295593   0.006099043976   0.007858280052   0.01012398516   0.01304132554   0.01679665248   0.02162890822   0.02784400651   0.03583284098   0.04609363274   0.05925932427   0.07613059702   0.09771473037   0.1252697695   0.1603520879   0.204863084   0.2610870301   0.3317065817   0.4197749651   0.5286148848   0.6616057191   0.8218172098   1.011457763   1.231139864   1.479033703   1.750080807   2.035543169   2.323206725   2.598462893   2.846225187   3.053278539   3.210397398   3.313590196   3.364154518   3.367678132   3.332447306   3.267792669   3.182756821   3.085244319   2.98163162   2.876719203   2.773889048   2.675354632   2.582428034   2.495762534   2.41555323   2.341692758   2.27388651   2.211734576   2.154787911   2.102585381   2.054677084   2.010638111   1.970075811   1.932632779   1.897987131   1.865851128   1.83596888   1.808113593   1.78208469   1.757704963   1.734817887   1.71328515   1.692984415   1.673807328   1.655657755   1.638450235   1.622108629   1.606564944   1.591758314   1.577634115   1.564143198   1.551241227   1.538888103   1.52704747   1.515686278   1.504774413   1.49428437   1.484190966   1.474471095   1.465103509   1.456068629   1.44734838   1.438926039   1.430786107   1.422914198   1.415296932   1.407921846   1.400777314   1.393852476   1.387137169   1.380621876   1.374297668   1.36815616   1.362189466   
34.75879397   9.881134099e-15   1.273553524e-14   1.64144982e-14   2.115621732e-14   2.726769503e-14   3.514461878e-14   4.529697974e-14   5.838209218e-14   7.524715129e-14   9.698408477e-14   1.250002497e-13   1.611095517e-13   2.076498864e-13   2.676345063e-13   3.449471137e-13   4.445933107e-13   5.730246873e-13   7.385565287e-13   9.519061886e-13   1.226886984e-12   1.581302537e-12   2.038099472e-12   2.626853091e-12   3.385682228e-12   4.363717252e-12   5.624281008e-12   7.248988655e-12   9.343031838e-12   1.204198932e-11   1.5520605e-11   2.000410175e-11   2.578276343e-11   3.323072928e-11   4.283021763e-11   5.520274703e-11   7.11493765e-11   9.170257004e-11   1.181930435e-10   1.523359218e-10   1.963417843e-10   2.530597893e-10   3.261621422e-10   4.203818525e-10   5.418191721e-10   6.983365565e-10   9.000677186e-10   1.160073736e-09   1.49518869e-09   1.927109587e-09   2.483801131e-09   3.201306299e-09   4.12607994e-09   5.317996491e-09   6.854226553e-09   8.834233288e-09   1.138621217e-08   1.467539098e-08   1.89147275e-08   2.437869743e-08   3.142106531e-08   4.049778901e-08   5.219654068e-08   6.727475559e-08   8.67086722e-08   1.117565387e-07   1.440400782e-07   1.856494872e-07   2.392787648e-07   3.084001363e-07   3.97488861e-07   5.123129832e-07   6.603067831e-07   8.51052108e-07   1.096898747e-06   1.413764015e-06   1.822163313e-06   2.348538392e-06   3.026969308e-06   3.90138091e-06   5.028386724e-06   6.480954329e-06   8.353129541e-06   1.076612525e-05   1.387616905e-05   1.788461778e-05   2.305099354e-05   2.970978528e-05   3.829210311e-05   4.935358711e-05   6.361037646e-05   8.198546634e-05   0.0001056684513   0.0001361925195   0.0001755336746   0.0002262386001   0.0002915894233   0.0003758160164   0.0004843695263   0.0006242747566   0.0008045840697   0.001036961957   0.001336437724   0.001722374357   0.002219715191   0.00286058728   0.003686362203   0.00475030273   0.006120958304   0.007886515349   0.01016036112   0.01308818336   0.01685700283   0.0217066201   0.02794404775   0.03596158336   0.04625923725   0.05947222456   0.07640410107   0.09806576115   0.1257197633   0.1609280619   0.2055988687   0.262024634   0.332897605   0.4212819039   0.5305120579   0.6639794111   0.8247644717   1.0150832   1.235549752   1.48432704   1.756337533   2.042810802   2.331487818   2.607706518   2.856325482   3.064081862   3.221717197   3.325226343   3.375912746   3.3793857   3.343962755   3.279009466   3.193602116   3.095674587   2.991626908   2.886277233   2.783019925   2.684076501   2.59076374   2.503737179   2.423192489   2.349021767   2.280929186   2.218513237   2.161323104   2.108895851   2.060779823   2.016548461   1.975807588   1.938198415   1.903397809   1.871116915   1.841098848   1.813115934   1.786966815   1.762473591   1.739479128   1.717844571   1.697447105   1.67817795   1.659940593   1.642649236   1.626227438   1.610606937   1.595726626   1.581531661   1.567972697   1.555005219   1.542588969   1.530687442   1.519267456   1.508298773   1.497753777   1.487607181   1.477835784   1.468418253   1.459334926   1.450567653   1.442099642   1.433915331   1.426000271   1.418341027   1.410925084   1.403740767   1.396777169   1.390024086   1.383471958   1.377111818   1.370935246   
35.01256281   7.693836697e-15   9.916384842e-15   1.2780969e-14   1.647305659e-14   2.123169169e-14   2.736497198e-14   3.526999649e-14   4.545857578e-14   5.85903691e-14   7.551559396e-14   9.73300735e-14   1.254461855e-13   1.616843067e-13   2.083906731e-13   2.685892869e-13   3.461777054e-13   4.461793882e-13   5.750689411e-13   7.411913139e-13   9.553020943e-13   1.231263878e-12   1.586943801e-12   2.04537035e-12   2.636224335e-12   3.39776058e-12   4.379284724e-12   5.644345515e-12   7.274849273e-12   9.376362912e-12   1.208494886e-11   1.557597444e-11   2.007546598e-11   2.58747429e-11   3.334927923e-11   4.298301355e-11   5.539968169e-11   7.140320044e-11   9.202971708e-11   1.186146948e-10   1.52879377e-10   1.970422296e-10   2.539625749e-10   3.27325719e-10   4.218815561e-10   5.437521009e-10   7.008278578e-10   9.032786916e-10   1.164212275e-09   1.500522745e-09   1.93398451e-09   2.492662041e-09   3.212726894e-09   4.140799645e-09   5.336968335e-09   6.878678865e-09   8.865749234e-09   1.142683225e-08   1.472774514e-08   1.898220541e-08   2.446566793e-08   3.153315931e-08   4.064226404e-08   5.238275077e-08   6.75147569e-08   8.701800361e-08   1.121552279e-07   1.445539382e-07   1.863117879e-07   2.401323869e-07   3.095003474e-07   3.989068943e-07   5.141406492e-07   6.62662414e-07   8.540882189e-07   1.100811911e-06   1.418807589e-06   1.828663844e-06   2.356916755e-06   3.037767958e-06   3.915299006e-06   5.04632539e-06   6.504075e-06   8.382929159e-06   1.080453318e-05   1.3925672e-05   1.794842078e-05   2.313322748e-05   2.981577432e-05   3.842870939e-05   4.9529655e-05   6.383730514e-05   8.227794776e-05   0.0001060454213   0.0001366783834   0.0001761598871   0.0002270457013   0.000292629662   0.0003771567313   0.000486097503   0.0006265018412   0.0008074544022   0.00104066129   0.001341205426   0.001728518871   0.002227633945   0.002870792308   0.003699513128   0.004767249178   0.006142794431   0.007914649889   0.01019660726   0.01313487397   0.01691713782   0.02178405467   0.028043732   0.03608986636   0.04642425085   0.05968436519   0.07667662926   0.09841553951   0.1261681517   0.1615019811   0.2063320287   0.2629588938   0.334084381   0.4227834699   0.5324024687   0.666344645   0.8277012359   1.018695731   1.239943952   1.489601561   1.762572041   2.050052662   2.339739592   2.616917481   2.866390174   3.074847216   3.232997349   3.336821901   3.387630154   3.391052843   3.355438685   3.290188033   3.204410725   3.106069862   3.001588958   2.895803778   2.792121024   2.692770225   2.599072837   2.511686653   2.430807914   2.35632818   2.287950409   2.2252715   2.167838875   2.1151878   2.066864875   2.022441897   1.981523171   1.943748527   1.908793589   1.876368388   1.846215051   1.818105026   1.791836177   1.767229916   1.744128499   1.722392535   1.701898728   1.682537877   1.66421309   1.646838233   1.630336567   1.614639559   1.599685862   1.585420414   1.571793675   1.558760953   1.546281828   1.534319649   1.522841101   1.511815826   1.501216092   1.491016514   1.481193794   1.471726512   1.462594927   1.453780813   1.445267309   1.437038789   1.429080745   1.421379684   1.413923041   1.40669909   1.399696879   1.392906162   1.386317337   1.379921396   
35.26633166   5.990570674e-15   7.721089824e-15   9.951510684e-15   1.282624178e-14   1.653140749e-14   2.130689863e-14   2.746190424e-14   3.539492995e-14   4.561959926e-14   5.879790804e-14   7.578308547e-14   9.767483632e-14   1.258905413e-13   1.622570253e-13   2.091288351e-13   2.695406845e-13   3.474039369e-13   4.477598459e-13   5.771059516e-13   7.438167635e-13   9.586859677e-13   1.235625264e-12   1.592565077e-12   2.052615466e-12   2.645562375e-12   3.409796136e-12   4.394797036e-12   5.664338929e-12   7.300618261e-12   9.409575887e-12   1.21277562e-11   1.563114769e-11   2.014657734e-11   2.596639648e-11   3.346740912e-11   4.313526808e-11   5.559591858e-11   7.165612502e-11   9.235570496e-11   1.19034852e-10   1.534209067e-10   1.97740193e-10   2.548621618e-10   3.284851729e-10   4.233759459e-10   5.456781808e-10   7.033103319e-10   9.064782875e-10   1.168336151e-09   1.5058379e-09   1.940835075e-09   2.501491554e-09   3.224107022e-09   4.155467195e-09   5.355872956e-09   6.903044538e-09   8.897153512e-09   1.14673084e-08   1.477991379e-08   1.904944422e-08   2.455233028e-08   3.164485614e-08   4.078622716e-08   5.256830107e-08   6.775390783e-08   8.732623898e-08   1.125525044e-07   1.450659775e-07   1.869717419e-07   2.409829844e-07   3.105966603e-07   4.003199032e-07   5.159618394e-07   6.650096983e-07   8.571135722e-07   1.104711209e-06   1.423833292e-06   1.835141341e-06   2.365265431e-06   3.048528347e-06   3.929167787e-06   5.064200496e-06   6.527113749e-06   8.41262319e-06   1.084280502e-05   1.397499955e-05   1.801199772e-05   2.321517005e-05   2.992138782e-05   3.856483164e-05   4.970509904e-05   6.406342977e-05   8.256939285e-05   0.0001064210556   0.0001371625257   0.0001767838809   0.0002278499427   0.0002936662149   0.0003784926958   0.0004878193571   0.0006287210348   0.0008103145646   0.001044347515   0.001345956234   0.001734641614   0.00223552464   0.002880961178   0.003712617457   0.00478413558   0.006164553189   0.007942684744   0.01023272499   0.01318139914   0.01697705975   0.02186121488   0.02814306308   0.03621769485   0.04658867983   0.05989575426   0.07694819196   0.09876407877   0.1266149518   0.1620738674   0.2070625922   0.2638898451   0.3352669549   0.4242797203   0.534286189   0.6687015104   0.8306276139   1.022295492   1.24432263   1.494857466   1.768784568   2.057269021   2.347962356   2.626096126   2.876419638   3.085574998   3.244238267   3.348377293   3.399307163   3.402679977   3.3668755   3.301328757   3.215183017   3.116430493   3.011518101   2.905299149   2.801192635   2.701436071   2.607355578   2.519611193   2.438399726   2.363612203   2.294950372   2.232009546   2.174335392   2.121461386   2.07293239   2.02831856   1.987222692   1.949283239   1.914174586   1.881605658   1.851317594   1.823080968   1.796692869   1.771974025   1.748766085   1.726929119   1.706339359   1.686887179   1.668475312   1.651017291   1.634436075   1.618662866   1.603636074   1.589300424   1.575606179   1.562508471   1.54996672   1.537944129   1.52640725   1.515325604   1.504671349   1.494418994   1.484545152   1.475028313   1.465848656   1.456987882   1.448429061   1.440156502   1.432155637   1.424412919   1.41691573   1.409652295   1.402611618   1.395783407   1.389158024   
35.5201005   4.664258837e-15   6.011641194e-15   7.748247066e-15   9.986512943e-15   1.287135528e-14   1.658955309e-14   2.138184098e-14   2.755849548e-14   3.551942387e-14   4.578005621e-14   5.90047168e-14   7.604963587e-14   9.801838616e-14   1.263333337e-13   1.628277288e-13   2.098643999e-13   2.704887349e-13   3.486258542e-13   4.493347431e-13   5.791357954e-13   7.464329761e-13   9.620579356e-13   1.239971305e-12   1.598166576e-12   2.059835091e-12   2.654867562e-12   3.421789347e-12   4.410254772e-12   5.684262e-12   7.326296587e-12   9.442672009e-12   1.217041292e-11   1.568612683e-11   2.021743851e-11   2.605772759e-11   3.35851234e-11   4.328698694e-11   5.579146504e-11   7.190815974e-11   9.268054592e-11   1.19453531e-10   1.539605311e-10   1.984357009e-10   2.557585836e-10   3.296405476e-10   4.248650781e-10   5.475974843e-10   7.057840719e-10   9.096666264e-10   1.172445517e-09   1.511134355e-09   1.947661537e-09   2.510290003e-09   3.235447113e-09   4.170083141e-09   5.374711066e-09   6.927324485e-09   8.928447301e-09   1.150764214e-08   1.48318989e-08   1.911644647e-08   2.463868772e-08   3.175615999e-08   4.092968378e-08   5.275319855e-08   6.799221736e-08   8.76333899e-08   1.129483832e-07   1.455762153e-07   1.876293741e-07   2.418305893e-07   3.11689116e-07   4.017279408e-07   5.177766222e-07   6.673487243e-07   8.601282814e-07   1.108596789e-06   1.428841314e-06   1.841596049e-06   2.373584734e-06   3.059250878e-06   3.942987774e-06   5.082012711e-06   6.550071442e-06   8.442212749e-06   1.088094221e-05   1.402415354e-05   1.807535097e-05   2.329682432e-05   3.002662974e-05   3.870047498e-05   4.987992582e-05   6.428875882e-05   8.285981256e-05   0.0001067953682   0.0001376449647   0.0001774056792   0.0002286513546   0.0002946991209   0.00037982396   0.0004895351532   0.0006309324206   0.0008131646641   0.001048020772   0.001350690328   0.001740742815   0.002243387575   0.002891094271   0.003725675682   0.004800962573   0.006186235394   0.007970620966   0.01026871564   0.01322776064   0.01703677086   0.02193810364   0.0282420447   0.03634507363   0.04675253035   0.06010639968   0.07721879937   0.09911139201   0.1270601802   0.1626437424   0.2077905863   0.2648175228   0.3364453711   0.425770711   0.5361632892   0.6710500958   0.8335437151   1.025882618   1.248685948   1.50009495   1.774975344   2.064460148   2.356156414   2.635242791   2.886414241   3.096265599   3.25544036   3.359892932   3.410944188   3.414267511   3.378273599   3.312432021   3.225919356   3.126756825   3.021414658   2.914763648   2.810235042   2.710074306   2.615612211   2.52751103   2.44596814   2.370874037   2.301929264   2.238727553   2.180812822   2.127716766   2.078982513   2.034178589   1.992906282   1.954802674   1.919540918   1.886828834   1.85640658   1.828043858   1.801536985   1.776706006   1.753391967   1.731454403   1.710769072   1.691225926   1.672727326   1.65518647   1.63852602   1.622676912   1.607577316   1.593171741   1.579410257   1.566247819   1.553643687   1.541560921   1.52996594   1.518828143   1.508119577   1.497814653   1.487889885   1.47832368   1.469096138   1.460188883   1.451584917   1.443268487   1.435224965   1.427440748   1.419903165   1.412600396   1.405521396   1.398655833   
35.77386935   3.631503401e-15   4.68054973e-15   6.032638101e-15   7.775309429e-15   1.002139291e-14   1.291631116e-14   1.664749555e-14   2.145652151e-14   2.765474925e-14   3.564348284e-14   4.593995257e-14   5.921080304e-14   7.631525503e-14   9.836073574e-14   1.267745791e-13   1.633964385e-13   2.10597395e-13   2.71433473e-13   3.498435024e-13   4.509041381e-13   5.811585476e-13   7.490400484e-13   9.654181229e-13   1.244302162e-12   1.603748505e-12   2.067029493e-12   2.664140238e-12   3.433740657e-12   4.425658504e-12   5.704115467e-12   7.351885201e-12   9.475652504e-12   1.221292062e-11   1.574091389e-11   2.028805212e-11   2.614873962e-11   3.370242643e-11   4.343817574e-11   5.598632833e-11   7.215931394e-11   9.300425199e-11   1.198707473e-10   1.544982703e-10   1.991287788e-10   2.566518736e-10   3.307918857e-10   4.263490077e-10   5.495100823e-10   7.082491695e-10   9.128438261e-10   1.176540527e-09   1.516412306e-09   1.95446415e-09   2.519057712e-09   3.246747584e-09   4.184648023e-09   5.393483362e-09   6.951519605e-09   8.959631758e-09   1.154783498e-08   1.488370239e-08   1.918321463e-08   2.472474346e-08   3.186707498e-08   4.107263921e-08   5.293745007e-08   6.822969431e-08   8.793946773e-08   1.133428789e-07   1.460846705e-07   1.882847087e-07   2.426752329e-07   3.12777755e-07   4.031310591e-07   5.195850646e-07   6.696795784e-07   8.631324582e-07   1.112468794e-06   1.433831839e-06   1.848028205e-06   2.381874972e-06   3.069935947e-06   3.956759478e-06   5.099762697e-06   6.572948927e-06   8.471698931e-06   1.091894616e-05   1.407313581e-05   1.813848289e-05   2.337819332e-05   3.013150398e-05   3.883564442e-05   5.005414181e-05   6.451330065e-05   8.314921763e-05   0.0001071683732   0.0001381257182   0.0001780253052   0.0002294499667   0.0002957284182   0.0003811505731   0.0004912449548   0.0006331360805   0.0008160048062   0.001051681195   0.001355407883   0.001746822701   0.002251223038   0.002901191963   0.003738688285   0.004817730777   0.00620784185   0.007998459589   0.01030458055   0.01327396016   0.01709627337   0.02201472378   0.02834068052   0.03647200743   0.04691580848   0.06031630926   0.07748846151   0.09945749208   0.1275038536   0.163211627   0.2085160381   0.2657419611   0.337619673   0.4272564972   0.5380338388   0.6733904876   0.836449647   1.029457242   1.253034068   1.505314205   1.781144595   2.071626305   2.364322065   2.644357809   2.896374344   3.106919402   3.266604025   3.371369226   3.422541638   3.425815847   3.389633371   3.323498199   3.236620099   3.137049195   3.031278949   2.924197573   2.819248523   2.718685191   2.623842979   2.535386391   2.453513369   2.378113882   2.308887271   2.245425695   2.187271331   2.133954094   2.085015391   2.04002212   1.998574068   1.960306954   1.924892699   1.892038025   1.861482111   1.832993791   1.806368614   1.781425945   1.758006227   1.735968463   1.715187938   1.695554187   1.676969196   1.659345833   1.642606462   1.626681753   1.611509639   1.597034414   1.583205954   1.569979039   1.557312771   1.545170064   1.533517206   1.522323476   1.511560811   1.501203518   1.491228022   1.481612641   1.472337395   1.463383837   1.454734899   1.446374764   1.438288746   1.430463186   1.422885362   1.415543405   1.408426225   
36.02763819   2.827351345e-15   3.644099182e-15   4.696784104e-15   6.05356216e-15   7.802277901e-15   1.005615187e-14   1.296111107e-14   1.670523699e-14   2.153094293e-14   2.775066908e-14   3.576711139e-14   4.609929418e-14   5.941617427e-14   7.657995265e-14   9.870189757e-14   1.272142937e-13   1.639631751e-13   2.113278469e-13   2.723749334e-13   3.510569261e-13   4.524680882e-13   5.831742819e-13   7.516380756e-13   9.687666522e-13   1.248617994e-12   1.609311068e-12   2.074198935e-12   2.673380744e-12   3.445650503e-12   4.441008793e-12   5.723900053e-12   7.377385036e-12   9.508518575e-12   1.225528084e-11   1.579551087e-11   2.035842073e-11   2.623943589e-11   3.381932247e-11   4.358884e-11   5.618051555e-11   7.240959677e-11   9.332683498e-11   1.202865161e-10   1.550341438e-10   1.998194521e-10   2.575420644e-10   3.319392293e-10   4.278277889e-10   5.514160447e-10   7.107057145e-10   9.160100028e-10   1.180621329e-09   1.521671945e-09   1.961243161e-09   2.527795003e-09   3.258008849e-09   4.199162373e-09   5.412190528e-09   6.975630782e-09   8.990708024e-09   1.158788836e-08   1.493532615e-08   1.924975114e-08   2.481050063e-08   3.197760516e-08   4.121509866e-08   5.312106233e-08   6.846634735e-08   8.824448364e-08   1.137360059e-07   1.465913617e-07   1.889377696e-07   2.43516946e-07   3.138626171e-07   4.045293094e-07   5.213872328e-07   6.720023458e-07   8.661262122e-07   1.116327365e-06   1.43880505e-06   1.854438046e-06   2.390136447e-06   3.080583945e-06   3.970483403e-06   5.1174511e-06   6.595747041e-06   8.501082813e-06   1.095681826e-05   1.412194814e-05   1.820139577e-05   2.345928002e-05   3.023601437e-05   3.89703449e-05   5.022775337e-05   6.473706344e-05   8.343761863e-05   0.000107540084   0.0001386048038   0.0001786427815   0.000230245808   0.0002967541445   0.0003824725837   0.0004929488245   0.000635332095   0.0008188350947   0.001055328918   0.00136010907   0.001752881493   0.002259031317   0.002911254621   0.003751655742   0.004834440806   0.006229373344   0.008026201629   0.01034032104   0.01331999941   0.01715556944   0.0220910781   0.02843897416   0.03659850086   0.04707852017   0.06052549066   0.07775718821   0.09980239161   0.1279459881   0.163777542   0.209238974   0.2666631939   0.3387899035   0.428737133   0.5398979058   0.6757227712   0.8393455154   1.033019492   1.257367148   1.510515422   1.787292546   2.07876775   2.372459602   2.653441504   2.906300302   3.117536786   3.277729657   3.382806577   3.434099913   3.437325379   3.4009552   3.33452766   3.247285597   3.147307936   3.041111286   2.933601218   2.828233354   2.727268983   2.632048123   2.543237502   2.461035625   2.385331935   2.315824578   2.252104145   2.193711078   2.140173523   2.091031167   2.045849288   2.004226178   1.965796197   1.930230041   1.897233337   1.866544288   1.837930864   1.811187848   1.786133927   1.762608945   1.740471375   1.719596032   1.69987203   1.681200989   1.663495441   1.646677458   1.630677444   1.615433095   1.600888492   1.586993316   1.573702175   1.560974011   1.548771596   1.537061085   1.525811637   1.514995081   1.504585621   1.49455959   1.48489522   1.475572453   1.466572767   1.457879027   1.449475352   1.441346997   1.433480249   1.425862334   1.418481335   
36.28140704   2.201216511e-15   2.837090376e-15   3.656651565e-15   4.712962541e-15   6.074414124e-15   7.829153453e-15   1.009079107e-14   1.300575663e-14   1.676277947e-14   2.160510794e-14   2.784625841e-14   3.589031399e-14   4.625808678e-14   5.96208379e-14   7.684373824e-14   9.904188392e-14   1.276524932e-13   1.64527959e-13   2.120557821e-13   2.7331315e-13   3.52266169e-13   4.540266496e-13   5.85183071e-13   7.542271513e-13   9.721036441e-13   1.252918956e-12   1.614854465e-12   2.081343674e-12   2.682589412e-12   3.457519314e-12   4.456306192e-12   5.743616471e-12   7.402797012e-12   9.541271405e-12   1.229749511e-11   1.584991973e-11   2.042854689e-11   2.632981966e-11   3.393581576e-11   4.373898514e-11   5.63740337e-11   7.265901725e-11   9.364830651e-11   1.207008523e-10   1.55568171e-10   2.005077458e-10   2.584291881e-10   3.330826198e-10   4.293014749e-10   5.533154401e-10   7.131537955e-10   9.191652704e-10   1.184688071e-09   1.526913462e-09   1.967998816e-09   2.536502189e-09   3.269231314e-09   4.213626714e-09   5.430833239e-09   6.999658884e-09   9.021677216e-09   1.162780374e-08   1.498677204e-08   1.93160584e-08   2.489596233e-08   3.20877545e-08   4.135706727e-08   5.330404195e-08   6.8702185e-08   8.854844862e-08   1.141277784e-07   1.47096307e-07   1.895885804e-07   2.443557591e-07   3.149437412e-07   4.05922742e-07   5.231831916e-07   6.7431711e-07   8.691096512e-07   1.120172641e-06   1.443761126e-06   1.860825802e-06   2.398369458e-06   3.091195256e-06   3.984160041e-06   5.135078557e-06   6.618466604e-06   8.530365452e-06   1.099455987e-05   1.417059229e-05   1.826409189e-05   2.354008732e-05   3.034016466e-05   3.910458127e-05   5.040076675e-05   6.496005525e-05   8.372502594e-05   0.0001079105141   0.0001390822387   0.0001792581302   0.0002310389072   0.0002977763366   0.0003837900392   0.0004946468234   0.0006375205431   0.0008216556314   0.001058964073   0.001364794059   0.001758919409   0.002266812693   0.002921282608   0.00376457852   0.004851093261   0.006250830652   0.008053848084   0.01037593838   0.01336588002   0.01721466122   0.02216716935   0.02853692914   0.03672455849   0.04724067129   0.0607339514   0.07802498915   0.100146103   0.1283865995   0.1643415077   0.2099594201   0.2675812542   0.3399561046   0.4302126717   0.5417555572   0.6780470302   0.8422314241   1.036569497   1.261685341   1.515698784   1.793419415   2.085884737   2.380569313   2.662494199   2.916192464   3.128118122   3.288817641   3.394205377   3.445619409   3.448796496   3.412239465   3.345520767   3.257916197   3.157533375   3.050911978   2.942974873   2.837189805   2.735825935   2.64022788   2.551064583   2.468535113   2.39252839   2.322741367   2.258763074   2.200132225   2.146375203   2.097029981   2.051660225   2.009862738   1.971270523   1.935553057   1.902414876   1.871593211   1.842855171   1.815994776   1.790830038   1.767200203   1.744963217   1.723993424   1.704179525   1.685422767   1.667635355   1.650739065   1.63466404   1.619347736   1.604734023   1.59077239   1.577417271   1.56462745   1.552365556   1.540597613   1.529292661   1.518422419   1.507960992   1.497884618   1.488171445   1.478801336   1.469755696   1.461017322   1.452570271   1.444399738   1.436491955   1.428834098   
36.53517588   1.71370294e-15   2.208746888e-15   2.846796081e-15   3.669160994e-15   4.729085617e-15   6.095194735e-15   7.855937039e-15   1.012531173e-14   1.30502494e-14   1.682012505e-14   2.167901915e-14   2.794152065e-14   3.601309499e-14   4.6416336e-14   5.982480118e-14   7.710662117e-14   9.938070686e-14   1.280891932e-13   1.650908102e-13   2.127812263e-13   2.742481561e-13   3.534712739e-13   4.555798778e-13   5.871849861e-13   7.568073674e-13   9.754292171e-13   1.2572052e-12   1.620378893e-12   2.088463964e-12   2.691766568e-12   3.46934751e-12   4.471551245e-12   5.763265421e-12   7.428122029e-12   9.573912158e-12   1.233956492e-11   1.590414241e-11   2.049843309e-11   2.641989415e-11   3.405191041e-11   4.38886165e-11   5.656688964e-11   7.290758422e-11   9.396867798e-11   1.211137708e-10   1.561003707e-10   2.011936841e-10   2.59313276e-10   3.342220976e-10   4.307701181e-10   5.552083359e-10   7.155934994e-10   9.223097408e-10   1.188740897e-09   1.532137043e-09   1.974731353e-09   2.54517958e-09   3.280415376e-09   4.228041559e-09   5.449412155e-09   7.023604763e-09   9.052540433e-09   1.166758254e-08   1.503804189e-08   1.938213877e-08   2.498113158e-08   3.219752692e-08   4.149855007e-08   5.348639543e-08   6.893721563e-08   8.885137344e-08   1.145182103e-07   1.475995244e-07   1.902371642e-07   2.451917017e-07   3.160211658e-07   4.073114064e-07   5.249730048e-07   6.766239533e-07   8.72082881e-07   1.124004759e-06   1.448700242e-06   1.8671917e-06   2.406574296e-06   3.101770255e-06   3.997789879e-06   5.152645695e-06   6.641108421e-06   8.559547888e-06   1.103217233e-05   1.421906998e-05   1.832657347e-05   2.362061811e-05   3.044395856e-05   3.923835829e-05   5.057318809e-05   6.5182284e-05   8.401144976e-05   0.0001082796766   0.0001395580398   0.0001798713732   0.0002318292925   0.0002987950309   0.0003851029866   0.0004963390119   0.0006397015025   0.0008244665165   0.001062586789   0.001369463017   0.001764936664   0.002274567441   0.002931276281   0.003777457078   0.004867688733   0.006272214535   0.008081399937   0.01041143384   0.01341160364   0.01727355079   0.02224300024   0.02863454894   0.03685018479   0.04740226759   0.06094169888   0.07829187382   0.1004886385   0.1288257036   0.1649035442   0.2106774018   0.2684961746   0.3411183177   0.4316831654   0.5436068588   0.680363347   0.8451074752   1.040107382   1.265988802   1.520864476   1.799525417   2.092977517   2.388651483   2.671516208   2.926051173   3.138663774   3.299868356   3.405566014   3.457100512   3.460229581   3.423486536   3.356477878   3.268512239   3.167725834   3.060681327   2.952318823   2.846118144   2.744356296   2.648382482   2.558867853   2.476012038   2.399703436   2.329637815   2.265402649   2.206534929   2.152559281   2.103011974   2.057455064   2.015483871   1.976730049   1.940861857   1.907582746   1.876628978   1.847766805   1.820789486   1.79551436   1.771780079   1.749444062   1.728380185   1.708476737   1.689634594   1.671765635   1.654791342   1.638641593   1.623253613   1.608571056   1.594543221   1.58112437   1.568273128   1.555951982   1.544126827   1.532766582   1.521842858   1.511329659   1.501203133   1.491441341   1.482024068   1.472932646   1.464149805   1.455659539   1.447446984   1.439498319   
36.78894472   1.334130333e-15   1.719525685e-15   2.216251671e-15   2.856468799e-15   3.681627908e-15   4.745153896e-15   6.11590472e-15   7.882629596e-15   1.015971507e-14   1.309459097e-14   1.687727573e-14   2.175267917e-14   2.803645912e-14   3.61354587e-14   4.657404738e-14   6.002807126e-14   7.736861066e-14   9.971837826e-14   1.28524409e-13   1.656517485e-13   2.13504205e-13   2.751799844e-13   3.54672283e-13   4.571278271e-13   5.891800975e-13   7.593788142e-13   9.787434876e-13   1.261476877e-12   1.625884545e-12   2.095560055e-12   2.700912534e-12   3.481135507e-12   4.486744486e-12   5.782847591e-12   7.453360976e-12   9.606441975e-12   1.238149175e-11   1.595818081e-11   2.056808176e-11   2.650966251e-11   3.416761049e-11   4.403773931e-11   5.675909013e-11   7.315530641e-11   9.428796063e-11   1.215252858e-10   1.566307617e-10   2.018772911e-10   2.601943593e-10   3.353577028e-10   4.322337698e-10   5.570947984e-10   7.180249115e-10   9.254435243e-10   1.192779948e-09   1.537342871e-09   1.981441008e-09   2.553827479e-09   3.291561427e-09   4.242407413e-09   5.467927928e-09   7.047469259e-09   9.083298757e-09   1.170722614e-08   1.508913749e-08   1.944799455e-08   2.506601137e-08   3.230692627e-08   4.163955202e-08   5.366812915e-08   6.917144747e-08   8.915326873e-08   1.149073152e-07   1.481010316e-07   1.908835437e-07   2.460248033e-07   3.170949287e-07   4.086953512e-07   5.26756735e-07   6.789229564e-07   8.750460059e-07   1.127823853e-06   1.453622572e-06   1.873535961e-06   2.414751248e-06   3.112309314e-06   4.011373393e-06   5.170153128e-06   6.663673287e-06   8.588631143e-06   1.106965696e-05   1.426738291e-05   1.838884269e-05   2.370087521e-05   3.054739969e-05   3.937168065e-05   5.074502343e-05   6.540375747e-05   8.429690013e-05   0.0001086475845   0.0001400322239   0.0001804825321   0.0002326169915   0.0002998102629   0.0003864114716   0.0004980254492   0.0006418750496   0.0008272678483   0.001066197193   0.001374116106   0.001770933469   0.002282295834   0.002941235989   0.003790291866   0.004884227803   0.006293525743   0.008108858152   0.01044680868   0.01345717187   0.01733224022   0.02231857341   0.02873183698   0.03697538416   0.04756331473   0.06114874038   0.07855785157   0.10083001   0.1292633156   0.1654636712   0.2113929443   0.2694079871   0.3422765834   0.4331486657   0.5454518754   0.6826718024   0.8479737691   1.04363327   1.270277679   1.526012677   1.805610765   2.100046333   2.39670639   2.680507842   2.935876766   3.149174101   3.310882178   3.416888869   3.468543604   3.47162501   3.434696778   3.367399344   3.279074057   3.177885629   3.070419633   2.961633346   2.855018631   2.752860312   2.656512159   2.566647525   2.4834666   2.406857263   2.3365141   2.272023036   2.212919345   2.158725905   2.108977283   2.063233934   2.0210897   1.982174889   1.946156551   1.91273705   1.881651688   1.852665859   1.825572065   1.800186976   1.776348652   1.753913984   1.732756387   1.712763733   1.693836535   1.675886341   1.658834344   1.642610159   1.627150776   1.612399639   1.598305855   1.584823514   1.571911086   1.559530913   1.547648761   1.536233433   1.525256429   1.514691654   1.504515163   1.494704935   1.485240674   1.476103641   1.467276499   1.458743177   1.450488756   
37.04271357   1.038606527e-15   1.338632782e-15   1.725328773e-15   2.22373112e-15   2.866108866e-15   3.694052737e-15   4.761167934e-15   6.136544794e-15   7.909232048e-15   1.019400227e-14   1.313878285e-14   1.693423349e-14   2.182609053e-14   2.81310771e-14   3.625740934e-14   4.673122638e-14   6.023065516e-14   7.762971575e-14   1.000549098e-13   1.289581557e-13   1.662107932e-13   2.142247432e-13   2.761086672e-13   3.558692379e-13   4.586705509e-13   5.911684739e-13   7.619415805e-13   9.820465702e-13   1.265734133e-12   1.631371612e-12   2.102632192e-12   2.710027626e-12   3.492883711e-12   4.501886438e-12   5.802363657e-12   7.478514723e-12   9.638861982e-12   1.242327705e-11   1.601203678e-11   2.063749532e-11   2.659912783e-11   3.428292001e-11   4.418635873e-11   5.695064181e-11   7.340219236e-11   9.460616547e-11   1.219354117e-10   1.571593622e-10   2.025585905e-10   2.610724682e-10   3.364894744e-10   4.336924808e-10   5.589748927e-10   7.204481159e-10   9.285667291e-10   1.196805365e-09   1.542531125e-09   1.988128014e-09   2.562446185e-09   3.302669852e-09   4.256724771e-09   5.486381197e-09   7.071253195e-09   9.11395325e-09   1.174673591e-08   1.51400606e-08   1.951362802e-08   2.515060463e-08   3.241595631e-08   4.178007799e-08   5.38492494e-08   6.940488861e-08   8.945414491e-08   1.152951066e-07   1.486008458e-07   1.915277412e-07   2.468550926e-07   3.181650668e-07   4.100746242e-07   5.285344438e-07   6.812141988e-07   8.779991281e-07   1.131630055e-06   1.458528286e-06   1.879858807e-06   2.422900597e-06   3.122812796e-06   4.024911054e-06   5.187601461e-06   6.686161981e-06   8.617616222e-06   1.110701505e-05   1.431553275e-05   1.845090171e-05   2.378086138e-05   3.065049165e-05   3.950455295e-05   5.091627871e-05   6.562448332e-05   8.45813869e-05   0.0001090142504   0.0001405048072   0.0001810916278   0.0002334020315   0.0003008220678   0.0003877155396   0.0004997061936   0.0006440412594   0.0008300597236   0.001069795409   0.001378753488   0.00177691003   0.002289998138   0.002951162076   0.003803083328   0.004900711042   0.006314765011   0.008136223678   0.01048206409   0.01350258628   0.01739073155   0.02239389148   0.02882879663   0.03710016092   0.04772381827   0.06135508305   0.07882293159   0.1011702293   0.1296994508   0.1660219078   0.2121060723   0.2703167231   0.3434309418   0.4346092231   0.5472906704   0.6849724758   0.8508304043   1.047147283   1.274552121   1.531143563   1.811675667   2.107091429   2.404734308   2.689469405   2.945669575   3.159649455   3.321859472   3.428174316   3.479949061   3.482983151   3.445870552   3.37828551   3.289601981   3.188013074   3.080127188   2.970918719   2.863891526   2.761338225   2.664617138   2.574403813   2.490898997   2.413990055   2.343370395   2.278624397   2.219285626   2.164875217   2.114926043   2.068996963   2.026680345   1.987605158   1.951437245   1.917877891   1.886661436   1.857552423   1.830342601   1.80484797   1.780905999   1.758373058   1.737122098   1.71704058   1.698028651   1.679997533   1.662868128   1.646569791   1.631039277   1.616219819   1.602060337   1.588514746   1.575541362   1.563102386   1.551163453   1.539693248   1.528663164   1.518047006   1.507820737   1.497962252   1.488451178   1.479268703   1.470397423   1.461821205   
37.29648241   8.085260965e-16   1.042088134e-15   1.343120134e-15   1.731112404e-15   2.23118549e-15   2.875716608e-15   3.706435905e-15   4.777128275e-15   6.15711566e-15   7.9357453e-15   1.022817451e-14   1.318282655e-14   1.699100027e-14   2.189925575e-14   2.822537783e-14   3.637895109e-14   4.688787835e-14   6.043255978e-14   7.788994534e-14   1.003903129e-13   1.29390448e-13   1.667679634e-13   2.149428653e-13   2.77034236e-13   3.570621794e-13   4.602081019e-13   5.931501832e-13   7.644957538e-13   9.853385773e-13   1.269977115e-12   1.63684028e-12   2.109680616e-12   2.719112155e-12   3.504592522e-12   4.516977618e-12   5.821814285e-12   7.503584128e-12   9.671173283e-12   1.246492224e-11   1.606571218e-11   2.070667614e-11   2.668829317e-11   3.439784288e-11   4.433447981e-11   5.714155121e-11   7.364825048e-11   9.492330335e-11   1.223441624e-10   1.576861903e-10   2.032376055e-10   2.619476329e-10   3.376174512e-10   4.351463005e-10   5.60848683e-10   7.228631952e-10   9.316794616e-10   1.200817284e-09   1.547701984e-09   1.994792597e-09   2.571035993e-09   3.313741031e-09   4.270994123e-09   5.504772592e-09   7.094957382e-09   9.144504957e-09   1.178611321e-08   1.519081297e-08   1.957904141e-08   2.523491425e-08   3.252462077e-08   4.192013276e-08   5.402976233e-08   6.963754701e-08   8.975401224e-08   1.156815978e-07   1.490989842e-07   1.921697786e-07   2.476825979e-07   3.192316167e-07   4.114492724e-07   5.303061919e-07   6.834977585e-07   8.809423484e-07   1.135423494e-06   1.463417551e-06   1.886160452e-06   2.431022621e-06   3.133281059e-06   4.038403322e-06   5.204991288e-06   6.708575269e-06   8.646504112e-06   1.114424788e-05   1.436352114e-05   1.851275265e-05   2.386057935e-05   3.075323792e-05   3.963697973e-05   5.108695975e-05   6.584446906e-05   8.486491977e-05   0.0001093796868   0.000140975806   0.0001816986813   0.0002341844392   0.0003018304802   0.000389015235   0.0005013813024   0.0006462002058   0.0008328422377   0.00107338156   0.001383375321   0.001782866552   0.002297674616   0.00296105488   0.003815831899   0.004917139013   0.006335933063   0.008163497447   0.0105172013   0.01354784841   0.01744902675   0.02246895702   0.02892543118   0.03722451933   0.04788378368   0.06156073391   0.07908712291   0.1015093081   0.1301341239   0.1665782733   0.2128168101   0.2712224137   0.344581432   0.4360648872   0.5491233065   0.6872654457   0.853677478   1.05064954   1.278812271   1.536257308   1.817720327   2.114113041   2.412735507   2.698401197   2.955429925   3.170090185   3.3328006   3.439422725   3.491317251   3.494304369   3.457008211   3.389136716   3.300096334   3.198108474   3.089804282   2.980175213   2.872737083   2.769790271   2.67269764   2.582136922   2.498309425   2.421101996   2.350206871   2.285206894   2.225633924   2.171007361   2.120858389   2.074744277   2.032255926   1.993020969   1.956704046   1.923005368   1.891658318   1.862426589   1.835101178   1.80949742   1.785452197   1.762821357   1.741477388   1.721307344   1.702211005   1.68409927   1.666892749   1.650520541   1.634919164   1.620031645   1.605806712   1.59219811   1.579163999   1.566666439   1.554670938   1.543146062   1.532063095   1.521395745   1.511119883   1.50121332   1.491655606   1.482427856   1.473512599   
37.55025126   6.29400918e-16   8.112183775e-16   1.045558145e-15   1.34759254e-15   1.736876771e-15   2.238615032e-15   2.88529235e-15   3.718777829e-15   4.793035457e-15   6.177618011e-15   7.962170243e-15   1.026223293e-14   1.322672356e-14   1.704757797e-14   2.197217727e-14   2.831936447e-14   3.6500088e-14   4.704400856e-14   6.063379192e-14   7.814930818e-14   1.007245989e-13   1.298213004e-13   1.673232779e-13   2.156585956e-13   2.77956722e-13   3.582511475e-13   4.617405318e-13   5.95125292e-13   7.670414198e-13   9.886196196e-13   1.274205965e-12   1.642290734e-12   2.116705563e-12   2.728166425e-12   3.516262334e-12   4.532018535e-12   5.841200128e-12   7.528570035e-12   9.703376964e-12   1.250642872e-11   1.61192088e-11   2.077562653e-11   2.677716153e-11   3.451238298e-11   4.448210755e-11   5.733182474e-11   7.389348906e-11   9.523938493e-11   1.227515517e-10   1.582112637e-10   2.039143589e-10   2.628198826e-10   3.38741671e-10   4.365952781e-10   5.627162322e-10   7.252702305e-10   9.347818264e-10   1.204815841e-09   1.552855619e-09   2.001434983e-09   2.57959719e-09   3.324775334e-09   4.285215948e-09   5.52310273e-09   7.118582617e-09   9.174954904e-09   1.182535935e-08   1.524139629e-08   1.964423694e-08   2.531894305e-08   3.263292329e-08   4.205972106e-08   5.420967403e-08   6.98694305e-08   9.00528808e-08   1.160668017e-07   1.495954633e-07   1.928096777e-07   2.48507347e-07   3.202946142e-07   4.128193421e-07   5.320720388e-07   6.857737123e-07   8.838757656e-07   1.139204299e-06   1.46829053e-06   1.892441107e-06   2.439117593e-06   3.143714455e-06   4.051850651e-06   5.222323196e-06   6.730913904e-06   8.675295784e-06   1.11813567e-05   1.441134969e-05   1.857439757e-05   2.39400318e-05   3.085564198e-05   3.976896543e-05   5.125707231e-05   6.606372208e-05   8.514750827e-05   0.0001097439061   0.000141445236   0.0001823037128   0.000234964241   0.0003028355337   0.0003903106015   0.0005030508319   0.0006483519614   0.000835615484   0.001076955766   0.00138798176   0.001788803234   0.002305325526   0.002970914734   0.003828538009   0.004933512267   0.006357030612   0.008190680376   0.01055222148   0.01359295979   0.01750712779   0.02254377254   0.02902174388   0.03734846356   0.04804321633   0.06176569989   0.07935043441   0.1018472578   0.1305673496   0.1671327862   0.2135251815   0.2721250891   0.3457280928   0.4375157069   0.550949845   0.6895507887   0.8565150854   1.054140158   1.283058272   1.541354082   1.823744947   2.121111402   2.420710252   2.707303513   2.965158138   3.18049663   3.343705917   3.450634456   3.502648537   3.505589021   3.468110103   3.399953296   3.310557436   3.208172131   3.099451199   2.989403095   2.881555553   2.778216687   2.680753885   2.589847061   2.505698075   2.428193265   2.357023698   2.291770685   2.231964389   2.177122477   2.126774453   2.080476001   2.03781656   1.998422433   1.96195706   1.928119582   1.896642428   1.867288445   1.839847881   1.814135409   1.789987323   1.767258952   1.745822326   1.725564089   1.706383658   1.688191609   1.670908264   1.654462461   1.638790489   1.623835163   1.609545025   1.595873647   1.582779036   1.570223111   1.558171252   1.546591907   1.535456253   1.5247379   1.514412629   1.504458165   1.494853981   1.485581122   
37.8040201   4.899493267e-16   6.314828697e-16   8.139017507e-16   1.049016674e-15   1.352050148e-15   1.742622065e-15   2.246019992e-15   2.894836409e-15   3.731078917e-15   4.808890008e-15   6.198052527e-15   7.988507756e-15   1.029617866e-14   1.327047532e-14   1.710396847e-14   2.204485751e-14   2.841304014e-14   3.662082412e-14   4.719962218e-14   6.083435825e-14   7.840781287e-14   1.010577788e-13   1.302507273e-13   1.67876755e-13   2.163719577e-13   2.788761559e-13   3.594361817e-13   4.632678914e-13   5.970938658e-13   7.695786631e-13   9.918898061e-13   1.278420822e-12   1.647723154e-12   2.123707267e-12   2.737190738e-12   3.527893536e-12   4.547009685e-12   5.86052183e-12   7.553473271e-12   9.735474094e-12   1.254779787e-11   1.617252842e-11   2.084434879e-11   2.686573585e-11   3.462654411e-11   4.462924684e-11   5.752146872e-11   7.413791622e-11   9.555442071e-11   1.231575931e-10   1.587345998e-10   2.045888731e-10   2.636892463e-10   3.398621712e-10   4.380394614e-10   5.645776023e-10   7.276693018e-10   9.378739266e-10   1.208801168e-09   1.557992203e-09   2.008055392e-09   2.588130062e-09   3.335773128e-09   4.299390718e-09   5.541372219e-09   7.142129685e-09   9.205304103e-09   1.186447563e-08   1.529181225e-08   1.970921675e-08   2.540269383e-08   3.274086748e-08   4.21988475e-08   5.438899047e-08   7.010054675e-08   9.035076049e-08   1.16450731e-07   1.500902998e-07   1.934474595e-07   2.493293672e-07   3.213540946e-07   4.141848787e-07   5.338320432e-07   6.880421358e-07   8.867994772e-07   1.142972594e-06   1.473147387e-06   1.898700982e-06   2.447185782e-06   3.154113331e-06   4.065253488e-06   5.239597757e-06   6.753178629e-06   8.703992195e-06   1.121834274e-05   1.445902e-05   1.863583854e-05   2.401922138e-05   3.095770722e-05   3.990051443e-05   5.142662202e-05   6.628224968e-05   8.542916179e-05   0.0001101069203   0.0001419131128   0.0001829067424   0.0002357414626   0.0003038372619   0.0003916016821   0.0005047148375   0.0006504965976   0.0008383795546   0.001080518147   0.001392572957   0.001794720274   0.002312951122   0.002980741966   0.003841202079   0.004949831349   0.006378058357   0.008217773367   0.01058712579   0.01363792191   0.01756503661   0.02261834054   0.02911773794   0.03747199772   0.04820212152   0.06196998778   0.07961287483   0.1021840894   0.1309991422   0.167685465   0.2142312101   0.2730247794   0.3468709621   0.4389617304   0.5527703466   0.6918285806   0.8593433206   1.057619252   1.287290265   1.546434053   1.829749725   2.128086743   2.428658803   2.716176643   2.974854529   3.190869126   3.354575772   3.461809868   3.513943277   3.516837461   3.47917657   3.410735581   3.320985601   3.218204343   3.109068219   2.99860263   2.890347181   2.786617702   2.688786089   2.597534429   2.513065137   2.43526404   2.363821043   2.298315927   2.238277166   2.183220703   2.132674365   2.086192259   2.043362364   2.003809659   1.967196391   1.933220631   1.901613859   1.87213808   1.844582794   1.818762014   1.794511451   1.771685916   1.750156979   1.729810879   1.710546672   1.69227461   1.674914728   1.658395605   1.642653301   1.627630421   1.613275319   1.599541399   1.586386513   1.573772439   1.56166443   1.550030817   1.538842671   1.528073503   1.517699002   1.507696812   1.498046329   
38.05778894   3.813867026e-16   4.915593436e-16   6.335579784e-16   8.165763039e-16   1.052463836e-15   1.356493105e-15   1.748348476e-15   2.253400612e-15   2.904349098e-15   3.743339573e-15   4.824692446e-15   6.218419876e-15   8.014758699e-15   1.033001282e-14   1.331408328e-14   1.716017363e-14   2.211729886e-14   2.85064079e-14   3.674116339e-14   4.735472432e-14   6.103426533e-14   7.866546788e-14   1.013898636e-13   1.306787428e-13   1.684284129e-13   2.170829751e-13   2.797925676e-13   3.606173208e-13   4.647902307e-13   5.990559691e-13   7.721075667e-13   9.951492438e-13   1.282621826e-12   1.653137718e-12   2.130685957e-12   2.746185389e-12   3.539486506e-12   4.561951562e-12   5.879780024e-12   7.578294653e-12   9.767465723e-12   1.258903105e-11   1.622567278e-11   2.091284516e-11   2.695401904e-11   3.474033e-11   4.47759025e-11   5.771048935e-11   7.438153998e-11   9.586842099e-11   1.235622998e-10   1.592562158e-10   2.052611702e-10   2.645557525e-10   3.409789884e-10   4.394788978e-10   5.664328543e-10   7.300604875e-10   9.409558634e-10   1.212773396e-09   1.563111903e-09   2.014654039e-09   2.596634886e-09   3.346734774e-09   4.313518896e-09   5.559581659e-09   7.165599355e-09   9.235553547e-09   1.190346335e-08   1.53420625e-08   1.977398298e-08   2.548616933e-08   3.284845687e-08   4.233751665e-08   5.45677175e-08   7.033090336e-08   9.064766109e-08   1.168333984e-07   1.505835098e-07   1.940831449e-07   2.501486856e-07   3.224100926e-07   4.155459268e-07   5.355862625e-07   6.903031031e-07   8.897135787e-07   1.146728503e-06   1.47798828e-06   1.904940282e-06   2.455227451e-06   3.164478026e-06   4.07861227e-06   5.256815539e-06   6.775370171e-06   8.732594284e-06   1.12552072e-05   1.450653362e-05   1.869707755e-05   2.409815066e-05   3.105943698e-05   4.003163104e-05   5.159561443e-05   6.650005899e-05   8.570988953e-05   0.0001104687413   0.0001423794517   0.00018350779   0.0002365161296   0.0003048356975   0.000392888519   0.0005063733737   0.0006526341845   0.00084113454   0.001084068818   0.001397149064   0.001800617865   0.002320551653   0.002990536897   0.003853824524   0.004966096791   0.006399016986   0.008244777308   0.01062191537   0.01368273626   0.01762275509   0.02269266344   0.02921341649   0.03759512587   0.04836050444   0.06217360426   0.07987445274   0.1025198142   0.1314295159   0.1682363277   0.214934919   0.273921514   0.3480100773   0.4404030047   0.5545848707   0.6940988957   0.8621622757   1.061086936   1.291508386   1.551497388   1.835734856   2.135039288   2.436581418   2.725020873   2.984519408   3.201208005   3.365410509   3.47294931   3.525201822   3.528050033   3.490207949   3.421483894   3.331381137   3.228205402   3.118655619   3.007774075   2.899112211   2.794993545   2.696794466   2.605199227   2.520410798   2.442314496   2.370599068   2.304842774   2.244572402   2.189302176   2.138558255   2.091893171   2.048893453   2.009182757   1.972422141   1.938308613   1.906572704   1.876975582   1.849306   1.823377316   1.799024656   1.776102318   1.754481415   1.734047779   1.714700106   1.696348329   1.678912194   1.662320024   1.646507648   1.631417464   1.61699764   1.603201408   1.589986469   1.577314461   1.565150508   1.553462827   1.54222238   1.531402582   1.520979032   1.51092929   
38.31155779   2.96872958e-16   3.826317891e-16   4.93164103e-16   6.356263108e-16   8.192421235e-16   1.055899741e-15   1.360921553e-15   1.754056187e-15   2.260757132e-15   2.913830724e-15   3.755560192e-15   4.840443283e-15   6.238720717e-15   8.040923922e-15   1.036373649e-14   1.335754883e-14   1.721619525e-14   2.218950367e-14   2.859947078e-14   3.68611097e-14   4.750931998e-14   6.123351964e-14   7.892228154e-14   1.01720864e-13   1.311053605e-13   1.689782694e-13   2.177916708e-13   2.807059868e-13   3.617946029e-13   4.663075989e-13   6.010116652e-13   7.746282124e-13   9.98398038e-13   1.286809112e-12   1.658534601e-12   2.137641859e-12   2.755150669e-12   3.55104162e-12   4.576844646e-12   5.898975331e-12   7.603034982e-12   9.799352887e-12   1.263012958e-11   1.62786436e-11   2.098111787e-11   2.704201394e-11   3.485374433e-11   4.492207926e-11   5.789889276e-11   7.462436819e-11   9.618139593e-11   1.23965685e-10   1.597761284e-10   2.05931272e-10   2.654194292e-10   3.420921587e-10   4.409136339e-10   5.682820481e-10   7.32443865e-10   9.440277362e-10   1.216732653e-09   1.568214885e-09   2.02123114e-09   2.605111939e-09   3.357660625e-09   4.32760094e-09   5.577731637e-09   7.188992387e-09   9.265704214e-09   1.194232376e-08   1.539214866e-08   1.983853772e-08   2.556937225e-08   3.295569494e-08   4.247573298e-08   5.474586092e-08   7.056050774e-08   9.094359218e-08   1.172148162e-07   1.510751093e-07   1.947167546e-07   2.509653285e-07   3.234626423e-07   4.169025306e-07   5.373347536e-07   6.925566874e-07   8.926181645e-07   1.150472147e-06   1.482813365e-06   1.911159207e-06   2.46324286e-06   3.174808876e-06   4.091927431e-06   5.273977098e-06   6.797489249e-06   8.761102974e-06   1.129195129e-05   1.455389208e-05   1.875811659e-05   2.417682221e-05   3.116083455e-05   4.01623195e-05   5.176405502e-05   6.671715706e-05   8.598970058e-05   0.0001108293808   0.0001428442678   0.0001841068748   0.000237288267   0.0003058308728   0.0003941711538   0.000508026494   0.0006547647914   0.0008438805291   0.001087607895   0.001401710228   0.001806496198   0.002328127365   0.003000299843   0.003866405752   0.00498230912   0.006419907177   0.00827169307   0.01065659135   0.01372740426   0.0176802851   0.02276674366   0.02930878262   0.03771785198   0.04851837023   0.06237655593   0.08013517662   0.1028544428   0.1318584846   0.1687853921   0.2156363308   0.2748153218   0.3491454751   0.4418395766   0.5563934758   0.6963618072   0.8649720414   1.064543322   1.295712772   1.556544247   1.841700531   2.141969259   2.444478348   2.733836483   2.994153081   3.211513589   3.376210468   3.484053128   3.536424517   3.539227079   3.501204572   3.432198554   3.341744349   3.238175597   3.12821367   3.016917686   2.907850883   2.803344439   2.704779224   2.612841652   2.527735241   2.449344806   2.377357937   2.311351378   2.250850238   2.19536703   2.144426249   2.097578858   2.054409939   2.014541833   1.977634411   1.943383622   1.911519054   1.881801035   1.854017581   1.827981391   1.803527013   1.780508229   1.7587957   1.738274852   1.718844022   1.700412824   1.682900717   1.66623577   1.65035358   1.63519634   1.62071203   1.606853717   1.593578944   1.580849213   1.568629521   1.556887968   1.545595412   1.534725167   1.524252745   
38.56532663   2.310822375e-16   2.978358507e-16   3.838728363e-16   4.947636563e-16   6.376879332e-16   8.218992946e-16   1.059324499e-15   1.365335634e-15   1.759745381e-15   2.268089785e-15   2.923281589e-15   3.767741164e-15   4.85614302e-15   6.258955697e-15   8.067004259e-15   1.039735075e-14   1.340087338e-14   1.727203512e-14   2.226147422e-14   2.869223174e-14   3.698066688e-14   4.766341409e-14   6.143212751e-14   7.917826204e-14   1.020507906e-13   1.315305942e-13   1.69526342e-13   2.184980672e-13   2.816164427e-13   3.629680657e-13   4.678200444e-13   6.029610167e-13   7.771406805e-13   1.001636292e-12   1.290982814e-12   1.663913975e-12   2.144575194e-12   2.764086863e-12   3.562559247e-12   4.591689414e-12   5.918108364e-12   7.627695048e-12   9.8311366e-12   1.267109477e-11   1.633144257e-11   2.104916908e-11   2.712972337e-11   3.496679071e-11   4.506778179e-11   5.808668494e-11   7.486640862e-11   9.649335551e-11   1.243677616e-10   1.602943543e-10   2.065991999e-10   2.662803039e-10   3.432017176e-10   4.423437153e-10   5.701252426e-10   7.348195102e-10   9.470896432e-10   1.220679064e-09   1.573301312e-09   2.027786902e-09   2.61356149e-09   3.368551031e-09   4.341637298e-09   5.595822732e-09   7.212309526e-09   9.295757065e-09   1.198105809e-08   1.544207233e-08   1.990288303e-08   2.565230524e-08   3.306258509e-08   4.261350091e-08   5.49234264e-08   7.078936724e-08   9.12385632e-08   1.175949967e-07   1.515651139e-07   1.953483087e-07   2.517793221e-07   3.245117773e-07   4.182547332e-07   5.390775721e-07   6.948029606e-07   8.955133271e-07   1.154203646e-06   1.487622796e-06   1.917357957e-06   2.471232266e-06   3.185106211e-06   4.105199394e-06   5.29108298e-06   6.819536567e-06   8.789519175e-06   1.132857617e-05   1.46010969e-05   1.881895761e-05   2.425523852e-05   3.126190316e-05   4.029258398e-05   5.193194914e-05   6.693355082e-05   8.626860386e-05   0.0001111888504   0.000143307576   0.0001847040161   0.0002380578994   0.0003068228195   0.0003954496275   0.0005096742512   0.000656888486   0.0008466176097   0.001091135491   0.001406256594   0.00181235546   0.0023356785   0.003010031116   0.003878946163   0.004998468853   0.006440729596   0.008298521512   0.01069115484   0.01377192736   0.01773762847   0.02284058355   0.02940383938   0.03784017997   0.0486757239   0.06257884924   0.08039505476   0.1031879861   0.1322860619   0.1693326758   0.2163354679   0.2757062313   0.3502771917   0.4432714916   0.5581962194   0.698617387   0.8677727072   1.067988519   1.299903557   1.561574791   1.847646939   2.148876876   2.452349841   2.742623748   3.003755849   3.2217862   3.386975979   3.495121661   3.547611704   3.550368934   3.512166766   3.442879876   3.352075536   3.248115211   3.13774264   3.026033714   2.916563431   2.811670606   2.712740572   2.620461896   2.535038649   2.45635514   2.384097809   2.31784189   2.257110818   2.2014154   2.150278473   2.103249438   2.059911936   2.019886994   1.982833303   1.948445755   1.916452999   1.886614527   1.858717618   1.832574317   1.808018593   1.784903719   1.763099899   1.74249216   1.722978479   1.704468151   1.686880351   1.670142893   1.654191145   1.638967094   1.624418535   1.610498365   1.597163978   1.584376734   1.572101505   1.560306275   1.548961797   1.538041289   
38.81909548   1.798678063e-16   2.318269101e-16   2.987956396e-16   3.851098832e-16   4.963580536e-16   6.397429102e-16   8.245479008e-16   1.062738218e-15   1.369735488e-15   1.765416237e-15   2.275398803e-15   2.932701991e-15   3.779882874e-15   4.871792152e-15   6.279125454e-15   8.093000531e-15   1.043085666e-14   1.344405828e-14   1.7327695e-14   2.233321278e-14   2.87846937e-14   3.709983868e-14   4.781701152e-14   6.163009521e-14   7.943341743e-14   1.023796537e-13   1.319544573e-13   1.70072648e-13   2.192021867e-13   2.82523964e-13   3.641377461e-13   4.693276148e-13   6.049040847e-13   7.796450501e-13   1.004864109e-12   1.295143062e-12   1.66927601e-12   2.15148618e-12   2.772994253e-12   3.574039749e-12   4.606486333e-12   5.937179725e-12   7.652275626e-12   9.862817865e-12   1.271192793e-11   1.638407135e-11   2.111700094e-11   2.721715008e-11   3.507947271e-11   4.521301467e-11   5.82738718e-11   7.510766887e-11   9.680430953e-11   1.247685421e-10   1.608109098e-10   2.072649747e-10   2.671384037e-10   3.443077e-10   4.437691872e-10   5.71962496e-10   7.37187498e-10   9.501416808e-10   1.224612756e-09   1.578371344e-09   2.034321534e-09   2.621983805e-09   3.379406333e-09   4.355628413e-09   5.613855514e-09   7.235551507e-09   9.325713046e-09   1.201966757e-08   1.549183508e-08   1.996702094e-08   2.573497091e-08   3.316913071e-08   4.275082477e-08   5.510041952e-08   7.101748905e-08   9.153258343e-08   1.179739517e-07   1.520535391e-07   1.959778271e-07   2.525906919e-07   3.255575306e-07   4.196025773e-07   5.40814773e-07   6.970419933e-07   8.983991577e-07   1.157923118e-06   1.492416725e-06   1.923536726e-06   2.479195919e-06   3.195370354e-06   4.118428577e-06   5.308133724e-06   6.841512819e-06   8.817843782e-06   1.1365083e-05   1.464814957e-05   1.887960251e-05   2.433340208e-05   3.1362646e-05   4.042242857e-05   5.209930209e-05   6.714924707e-05   8.654660814e-05   0.0001115471612   0.0001437693908   0.0001852992327   0.000238825051   0.0003078115688   0.0003967239802   0.0005113166972   0.0006590053353   0.0008493458678   0.001094651716   0.001410788306   0.001818195836   0.002343205296   0.003019731022   0.003891446152   0.005014576499   0.006461484899   0.008325263479   0.01072560692   0.01381630695   0.01779478701   0.02291418545   0.02949858975   0.03796211367   0.04883257041   0.06278049056   0.08065409534   0.1035204544   0.1327122613   0.1698781959   0.2170323524   0.2765942705   0.3514052628   0.4446987948   0.5599931582   0.700865706   0.8705643609   1.071422635   1.30408087   1.566589177   1.853574266   2.155762353   2.460196144   2.751382941   3.013328005   3.232026152   3.397707371   3.506155245   3.558763716   3.56147593   3.52309485   3.453528168   3.362374993   3.258024524   3.147242792   3.035122408   2.925250089   2.819972262   2.720678712   2.628060152   2.5423212   2.463345666   2.390818842   2.324314457   2.26335428   2.207447417   2.156115051   2.108905029   2.065399553   2.025218344   1.988018915   1.953495106   1.921374627   1.891416142   1.863406191   1.837156169   1.812499471   1.789288856   1.76739408   1.746699765   1.727103536   1.708514366   1.690851149   1.674041444   1.658020391   1.642729772   1.628117197   1.614135395   1.600741608   1.587897059   1.575566494   1.563717781   1.552321568   
39.07286432   1.400010772e-16   1.804437259e-16   2.325691977e-16   2.997523547e-16   3.863429682e-16   4.979473447e-16   6.417913059e-16   8.271880244e-16   1.066141005e-15   1.37412125e-15   1.771068931e-15   2.282684412e-15   2.942092222e-15   3.791985698e-15   4.887391164e-15   6.299230614e-15   8.118913545e-15   1.046425527e-14   1.348710487e-14   1.738317663e-14   2.24047216e-14   2.887685954e-14   3.721862882e-14   4.797011702e-14   6.182742889e-14   7.968775564e-14   1.027074635e-13   1.323769629e-13   1.706172043e-13   2.199040512e-13   2.834285787e-13   3.653036804e-13   4.70830357e-13   6.068409298e-13   7.82141399e-13   1.008081588e-12   1.299289986e-12   1.674620873e-12   2.158375033e-12   2.781873116e-12   3.585483483e-12   4.621235862e-12   5.956190007e-12   7.676777482e-12   9.894397665e-12   1.275263031e-11   1.643653158e-11   2.118461556e-11   2.730429679e-11   3.519179383e-11   4.535778243e-11   5.846045917e-11   7.534815645e-11   9.711426768e-11   1.25168039e-10   1.61325811e-10   2.079286174e-10   2.679937554e-10   3.454101404e-10   4.451900937e-10   5.737938652e-10   7.39547902e-10   9.531839436e-10   1.228533849e-09   1.583425138e-09   2.040835237e-09   2.630379147e-09   3.390226869e-09   4.369574719e-09   5.631830543e-09   7.258719051e-09   9.355573088e-09   1.20581534e-08   1.554143845e-08   2.003095343e-08   2.581737182e-08   3.32753351e-08   4.288770882e-08   5.52768458e-08   7.124488027e-08   9.182566202e-08   1.18351693e-07   1.525404e-07   1.966053294e-07   2.533994632e-07   3.265999347e-07   4.209461046e-07   5.425464102e-07   6.992738552e-07   9.01275746e-07   1.161630677e-06   1.497195301e-06   1.929695707e-06   2.487134068e-06   3.205601625e-06   4.131615392e-06   5.325129861e-06   6.863418689e-06   8.846077675e-06   1.140147291e-05   1.469505155e-05   1.89400532e-05   2.441131531e-05   3.146306619e-05   4.055185732e-05   5.226611906e-05   6.736425252e-05   8.682372207e-05   0.0001119043245   0.0001442297265   0.0001858925429   0.0002395897457   0.0003087971516   0.0003979942517   0.000512953883   0.0006611154051   0.0008520653882   0.00109815668   0.001415305505   0.001824017508   0.002350707985   0.003029399863   0.003903906109   0.005030632557   0.00648217373   0.008351919802   0.01075994867   0.01386054441   0.0178517625   0.02298755163   0.02959303669   0.03808365689   0.04898891464   0.06298148617   0.08091230642   0.1038518581   0.1331370961   0.1704219694   0.2177270058   0.277479467   0.3525297233   0.4461215306   0.5617843479   0.7031068339   0.8733470889   1.074845776   1.308244842   1.57158756   1.859482694   2.162625903   2.468017494   2.76011433   3.022869843   3.242233754   3.408404967   3.517154207   3.569880884   3.572548391   3.533989142   3.464143734   3.372643011   3.267903811   3.156714385   3.04418401   2.933911085   2.828249623   2.728593844   2.635636606   2.549583071   2.470316549   2.397521191   2.330769227   2.269580762   2.213463209   2.161936106   2.114545746   2.0708729   2.030535986   1.993191345   1.958531766   1.926284027   1.896205962   1.868083379   1.841727024   1.816969716   1.793663709   1.771678305   1.75089773   1.73121925   1.712551525   1.694813164   1.677931473   1.661841366   1.64648442   1.631808059   1.617764847   1.604311875   1.591410227   1.579024523   1.567122519   
39.32663317   1.089683802e-16   1.404464946e-16   1.810178126e-16   2.333091232e-16   3.007060253e-16   3.875721293e-16   4.995315782e-16   6.43833183e-16   8.298197464e-16   1.069532962e-15   1.378493055e-15   1.776703637e-15   2.289946837e-15   2.951452572e-15   3.804050007e-15   4.902940537e-15   6.319271793e-15   8.144744097e-15   1.049754759e-14   1.353001447e-14   1.743848169e-14   2.247600285e-14   2.896873208e-14   3.733704094e-14   4.81227353e-14   6.202413459e-14   7.994128448e-14   1.030342302e-13   1.327981239e-13   1.711600278e-13   2.206036821e-13   2.843303147e-13   3.664659043e-13   4.72328317e-13   6.087716113e-13   7.846298039e-13   1.011288828e-12   1.303423714e-12   1.679948726e-12   2.165241964e-12   2.790723723e-12   3.5968908e-12   4.635938454e-12   5.975139794e-12   7.701201365e-12   9.92587697e-12   1.279320316e-11   1.648882487e-11   2.125201501e-11   2.739116618e-11   3.530375752e-11   4.550208949e-11   5.864645277e-11   7.558787874e-11   9.742323946e-11   1.255662647e-10   1.618390736e-10   2.085901481e-10   2.688463851e-10   3.465090725e-10   4.466064785e-10   5.756194066e-10   7.419007944e-10   9.562165252e-10   1.232442464e-09   1.58846285e-09   2.047328212e-09   2.638747772e-09   3.401012971e-09   4.383476644e-09   5.64974837e-09   7.28181287e-09   9.385338107e-09   1.209651675e-08   1.559088398e-08   2.009468247e-08   2.589951052e-08   3.338120151e-08   4.302415728e-08   5.545271065e-08   7.147154786e-08   9.211780795e-08   1.187282322e-07   1.530257116e-07   1.972308348e-07   2.542056607e-07   3.276390216e-07   4.222853565e-07   5.442725369e-07   7.014986146e-07   9.041431801e-07   1.165326438e-06   1.50195867e-06   1.935835088e-06   2.495046955e-06   3.215800336e-06   4.144760243e-06   5.342071912e-06   6.885254849e-06   8.87422172e-06   1.143774702e-05   1.474180427e-05   1.900031151e-05   2.448898059e-05   3.156316682e-05   4.068087419e-05   5.243240518e-05   6.757857376e-05   8.709995414e-05   0.0001122603512   0.0001446885973   0.0001864839651   0.0002403520069   0.0003097795979   0.0003992604807   0.0005145858588   0.00066321876   0.0008547762543   0.00110165049   0.001419808329   0.001829820653   0.0023581868   0.003039037935   0.003916326415   0.005046637522   0.006502796724   0.008378491298   0.01079418113   0.0139046411   0.01790855669   0.02306068435   0.02968718309   0.03820481335   0.04914476137   0.06318184222   0.08116969592   0.1041822073   0.1335605792   0.170964013   0.2184194494   0.2783618481   0.3536506076   0.4475397424   0.5635698433   0.7053408393   0.8761209764   1.078258047   1.312395599   1.576570092   1.865372402   2.169467732   2.475814129   2.768818177   3.032381647   3.252409312   3.419069084   3.528118872   3.580963533   3.583586636   3.544849954   3.474726876   3.382879876   3.277753342   3.166157676   3.053218763   2.942546645   2.8365029   2.736486171   2.643191445   2.556824434   2.477267953   2.40420501   2.337206342   2.275790399   2.219462906   2.167741758   2.120171703   2.076332085   2.035840024   1.998350691   1.963555829   1.931181287   1.900984072   1.872749262   1.846286956   1.821429401   1.798028344   1.77595264   1.755086114   1.735325681   1.716579684   1.698766449   1.681813031   1.665654118   1.650231082   1.635491164   1.621386763   1.607874816   1.594916273   1.582475628   
39.58040201   8.481270283e-17   1.093128739e-16   1.408905035e-16   1.815900841e-16   2.340467089e-16   3.016566802e-16   3.887974035e-16   5.011108022e-16   6.458686034e-16   8.324431465e-16   1.072914194e-15   1.382851037e-15   1.782320525e-15   2.297186297e-15   2.960783322e-15   3.816076167e-15   4.918440741e-15   6.3392496e-15   8.17049297e-15   1.053073464e-14   1.357278839e-14   1.749361188e-14   2.25470587e-14   2.906031411e-14   3.745507862e-14   4.827487098e-14   6.222021829e-14   8.019401162e-14   1.033599636e-13   1.332179532e-13   1.717011347e-13   2.213011007e-13   2.852291993e-13   3.676244532e-13   4.738215403e-13   6.106961878e-13   7.871103401e-13   1.014485926e-12   1.30754437e-12   1.685259732e-12   2.172087181e-12   2.799546344e-12   3.608262045e-12   4.650594555e-12   5.994029658e-12   7.725548018e-12   9.957256733e-12   1.283364771e-11   1.65409528e-11   2.131920134e-11   2.747776088e-11   3.541536716e-11   4.564594023e-11   5.883185823e-11   7.582684298e-11   9.773123423e-11   1.259632311e-10   1.623507132e-10   2.092495871e-10   2.696963186e-10   3.476045296e-10   4.480183845e-10   5.774391753e-10   7.442462468e-10   9.592395173e-10   1.236338719e-09   1.593484632e-09   2.053800655e-09   2.647089935e-09   3.411764966e-09   4.39733461e-09   5.667609539e-09   7.304833664e-09   9.415009005e-09   1.21347588e-08   1.564017315e-08   2.015821e-08   2.598138948e-08   3.348673316e-08   4.316017426e-08   5.562801938e-08   7.16974987e-08   9.240903007e-08   1.191035808e-07   1.535094885e-07   1.978543623e-07   2.550093089e-07   3.286748227e-07   4.236203735e-07   5.459932053e-07   7.037163391e-07   9.070015471e-07   1.169010512e-06   1.506706977e-06   1.941955056e-06   2.50293482e-06   3.225966799e-06   4.157863527e-06   5.358960389e-06   6.90702196e-06   8.902276769e-06   1.147390642e-05   1.478840915e-05   1.906037927e-05   2.456640029e-05   3.166295091e-05   4.080948308e-05   5.259816547e-05   6.779221729e-05   8.737531274e-05   0.0001126152521   0.0001451460172   0.0001870735171   0.0002411118577   0.0003107589376   0.0004005227058   0.0005162126741   0.0006653154639   0.0008574785484   0.001105133252   0.001424296914   0.001835605448   0.002365641965   0.00304864553   0.003928707447   0.005062591877   0.006523354506   0.008404978772   0.01082830535   0.01394859835   0.01796517129   0.02313358582   0.02978103179   0.03832558672   0.04930011534   0.06338156478   0.08142627162   0.1045115122   0.1339827235   0.1715043431   0.2191097043   0.2792414398   0.3547679498   0.4489534731   0.5653496986   0.7075677896   0.878886107   1.081659551   1.316533266   1.581536923   1.871243568   2.176288046   2.483586282   2.777494741   3.041863701   3.262553124   3.429700034   3.539049558   3.592011982   3.594590983   3.555677593   3.485277887   3.393085869   3.287573386   3.175572916   3.062226901   2.951156991   2.8447323   2.744355883   2.650724852   2.564045464   2.484200038   2.41087045   2.343625946   2.281983326   2.225446633   2.173532126   2.125783013   2.081777215   2.041130557   2.003497047   1.968567385   1.936066491   1.905750552   1.877403916   1.850836038   1.825878595   1.802382829   1.780217147   1.75926498   1.739422886   1.720598896   1.702711056   1.685686167   1.669458693   1.653969803   1.639166556   1.625001182   1.611430471   1.598415234   
39.83417085   6.601045275e-17   8.507914566e-17   1.096562851e-16   1.413331172e-16   1.821605573e-16   2.347819769e-16   3.026043479e-16   3.900188277e-16   5.026850638e-16   6.47897628e-16   8.350583033e-16   1.076284801e-15   1.387195324e-15   1.787919763e-15   2.304403009e-15   2.970084753e-15   3.828064538e-15   4.933892238e-15   6.359164631e-15   8.196160933e-15   1.056381741e-14   1.36154279e-14   1.754856883e-14   2.261789128e-14   2.915160837e-14   3.757274539e-14   4.84265286e-14   6.241568584e-14   8.044594464e-14   1.036846735e-13   1.336364632e-13   1.722405414e-13   2.219963279e-13   2.861252594e-13   3.687793615e-13   4.753100715e-13   6.126147167e-13   7.895830819e-13   1.017672978e-12   1.311652078e-12   1.69055405e-12   2.178910889e-12   2.808341242e-12   3.619597559e-12   4.665204602e-12   6.012860166e-12   7.749818166e-12   9.988537893e-12   1.287396518e-11   1.659291693e-11   2.138617655e-11   2.756408347e-11   3.552662609e-11   4.578933896e-11   5.90166811e-11   7.606505634e-11   9.80382612e-11   1.263589501e-10   1.628607451e-10   2.099069538e-10   2.705435814e-10   3.486965445e-10   4.49425854e-10   5.792532259e-10   7.465843291e-10   9.622530104e-10   1.240222732e-09   1.598490634e-09   2.06025276e-09   2.655405884e-09   3.422483176e-09   4.41114903e-09   5.685414584e-09   7.32778212e-09   9.44458667e-09   1.217288068e-08   1.568930744e-08   2.02215379e-08   2.606301116e-08   3.359193321e-08   4.329576385e-08   5.580277725e-08   7.192273954e-08   9.26993371e-08   1.194777499e-07   1.539917453e-07   1.984759304e-07   2.558104319e-07   3.297073691e-07   4.249511955e-07   5.47708467e-07   7.059270949e-07   9.098509323e-07   1.17268301e-06   1.511440363e-06   1.948055793e-06   2.5107979e-06   3.236101315e-06   4.170925638e-06   5.375795799e-06   6.928720673e-06   8.930243663e-06   1.15099522e-05   1.483486758e-05   1.912025829e-05   2.464357671e-05   3.176242146e-05   4.093768786e-05   5.276340491e-05   6.80051895e-05   8.764980608e-05   0.0001129690378   0.0001456019996   0.0001876612166   0.0002418693209   0.0003117352   0.0004017809647   0.0005178343775   0.0006674055794   0.0008601723512   0.00110860507   0.001428771395   0.001841372066   0.002373073704   0.003058222936   0.003941049574   0.005078496099   0.006543847692   0.008431383018   0.01086232234   0.01399241748   0.01802160799   0.02320625823   0.02987458562   0.03844598061   0.04945498119   0.06358065983   0.08168204121   0.1048397824   0.1344035416   0.1720429758   0.219797791   0.2801182692   0.3558817831   0.450362765   0.5671239667   0.7097877512   0.8816425632   1.085050389   1.320657967   1.5864882   1.877096366   2.183087048   2.491334182   2.786144278   3.051316281   3.272665487   3.440298125   3.549946581   3.603026545   3.60556174   3.56647236   3.49579706   3.403261269   3.297364206   3.184960354   3.07120866   2.959742341   2.85293803   2.752203174   2.658237006   2.571246328   2.491112964   2.41751766   2.350028179   2.288159676   2.231414515   2.179307329   2.131379788   2.087208395   2.046407686   2.008630508   1.973566523   1.940939726   1.910505484   1.882047419   1.855374344   1.830317368   1.80672723   1.784471891   1.763434385   1.743510922   1.724609216   1.706647035   1.68955093   1.673255139   1.657700629   1.642834275   1.628608145   1.614978877   
40.0879397   5.137549581e-17   6.621653252e-17   8.534475649e-17   1.09998624e-16   1.417743488e-16   1.827292492e-16   2.355149489e-16   3.035490564e-16   3.912364377e-16   5.042544095e-16   6.499203168e-16   8.376652938e-16   1.079644883e-15   1.391526046e-15   1.793501517e-15   2.311597185e-15   2.979357139e-15   3.840015474e-15   4.949295487e-15   6.379017475e-15   8.221748744e-15   1.059679687e-14   1.365793426e-14   1.760335417e-14   2.268850267e-14   2.924261754e-14   3.769004474e-14   4.857771266e-14   6.261054302e-14   8.069709096e-14   1.040083694e-13   1.340536664e-13   1.727782637e-13   2.226893841e-13   2.870185214e-13   3.699306636e-13   4.767939546e-13   6.145272548e-13   7.920481021e-13   1.020850078e-12   1.31574696e-12   1.695831835e-12   2.185713288e-12   2.817108677e-12   3.630897676e-12   4.679769027e-12   6.031631873e-12   7.774012528e-12   1.001972137e-11   1.291415675e-11   1.66447188e-11   2.145294262e-11   2.765013651e-11   3.56375376e-11   4.593228991e-11   5.920092683e-11   7.630252585e-11   9.834432944e-11   1.267534334e-10   1.633691844e-10   2.105622679e-10   2.713881986e-10   3.497851494e-10   4.508289284e-10   5.810616118e-10   7.489151104e-10   9.652570935e-10   1.244094616e-09   1.603481004e-09   2.066684717e-09   2.663695866e-09   3.433167916e-09   4.424920312e-09   5.70316403e-09   7.350658916e-09   9.474071975e-09   1.221088351e-08   1.57382883e-08   2.028466805e-08   2.614437796e-08   3.369680475e-08   4.343093003e-08   5.597698941e-08   7.214727704e-08   9.298873761e-08   1.198507507e-07   1.544724962e-07   1.990955577e-07   2.566090532e-07   3.307366913e-07   4.262778619e-07   5.494183725e-07   7.081309474e-07   9.1269142e-07   1.17634404e-06   1.516158968e-06   1.95413748e-06   2.518636426e-06   3.246204185e-06   4.183946961e-06   5.392578637e-06   6.950351628e-06   8.958123226e-06   1.154588542e-05   1.488118095e-05   1.917995033e-05   2.472051214e-05   3.18615814e-05   4.10654923e-05   5.292812836e-05   6.821749667e-05   8.792344229e-05   0.0001133217187   0.0001460565583   0.0001882470809   0.0002426244188   0.0003127084138   0.0004030352945   0.000519451017   0.0006694891682   0.0008628577422   0.001112066047   0.001433231904   0.001847120677   0.002380482237   0.003067770436   0.003953353162   0.005094350659   0.006564276885   0.008457704814   0.01089623311   0.01403609978   0.01807786847   0.02327870371   0.02996784732   0.03856599859   0.04960936349   0.06377913324   0.08193701222   0.1051670278   0.134823046   0.172579927   0.2204837298   0.280992362   0.3569921404   0.4517676596   0.5688926999   0.7120007897   0.8843904262   1.088430662   1.324769822   1.59142407   1.882930966   2.189864934   2.499058055   2.794767038   3.060739661   3.282746691   3.45086366   3.560810248   3.614007534   3.616499214   3.577234552   3.506284679   3.413406347   3.307126059   3.194320234   3.080164268   2.968302913   2.861120292   2.760028234   2.665728086   2.578427193   2.498006887   2.424146788   2.356413179   2.294319578   2.237366677   2.185067483   2.136962136   2.092625728   2.05167151   2.013751169   1.978553332   1.945801076   1.915248948   1.886679847   1.859901947   1.834745789   1.811061612   1.788716932   1.767594391   1.747589845   1.728610698   1.710574439   1.693407369   1.677043501   1.661423602   1.646494365   1.632207692   
40.34170854   3.998443401e-17   5.153489098e-17   6.642197279e-17   8.560954307e-17   1.103399004e-16   1.422142111e-16   1.832961763e-16   2.362456464e-16   3.044908333e-16   3.924502693e-16   5.058188853e-16   6.519367286e-16   8.402641943e-16   1.082994538e-15   1.395843328e-15   1.799065949e-15   2.318769037e-15   2.988600751e-15   3.851929323e-15   4.964650935e-15   6.398808711e-15   8.24725715e-15   1.062967399e-14   1.370030872e-14   1.76579695e-14   2.275889494e-14   2.93333443e-14   3.780698008e-14   4.872842756e-14   6.280479551e-14   8.094745791e-14   1.043310608e-13   1.344695749e-13   1.733143173e-13   2.233802895e-13   2.879090114e-13   3.710783928e-13   4.782732328e-13   6.164338578e-13   7.945054729e-13   1.024017319e-12   1.319829133e-12   1.701093242e-12   2.192494578e-12   2.825848904e-12   3.642162726e-12   4.694288256e-12   6.050345326e-12   7.798131809e-12   1.005080808e-11   1.29542236e-11   1.669635991e-11   2.151950149e-11   2.773592251e-11   3.574810493e-11   4.607479724e-11   5.938460081e-11   7.653925844e-11   9.864944787e-11   1.271466926e-10   1.638760458e-10   2.112155484e-10   2.722301947e-10   3.508703762e-10   4.522276488e-10   5.828643859e-10   7.512386588e-10   9.682518542e-10   1.247954485e-09   1.608455888e-09   2.073096715e-09   2.671960122e-09   3.4438195e-09   4.438648859e-09   5.720858395e-09   7.373464721e-09   9.503465779e-09   1.224876842e-08   1.578711717e-08   2.03476023e-08   2.622549226e-08   3.380135085e-08   4.356567677e-08   5.615066095e-08   7.237111775e-08   9.327724004e-08   1.202225939e-07   1.549517552e-07   1.997132621e-07   2.574051962e-07   3.317628192e-07   4.276004113e-07   5.511229718e-07   7.103279607e-07   9.155230929e-07   1.179993709e-06   1.520862931e-06   1.960200294e-06   2.526450628e-06   3.256275704e-06   4.196927876e-06   5.409309395e-06   6.971915458e-06   8.985916272e-06   1.158170714e-05   1.492735059e-05   1.923945713e-05   2.479720882e-05   3.196043362e-05   4.119290013e-05   5.309234064e-05   6.8429145e-05   8.819622934e-05   0.0001136733052   0.0001465097063   0.0001888311272   0.0002433771735   0.0003136786076   0.0004042857318   0.0005210626396   0.0006715662912   0.0008655347998   0.001115516284   0.00143767857   0.001852851448   0.00238786778   0.003077288307   0.003965618569   0.005110156019   0.006584642682   0.008483944928   0.01093003865   0.01407964653   0.01813395437   0.02335092439   0.03006081963   0.03868564414   0.04976326674   0.0639769908   0.08219119211   0.1054932579   0.1352412488   0.1731152124   0.2211675408   0.2818637434   0.3580990541   0.4531681979   0.5706559498   0.7142069693   0.8871297759   1.091800466   1.328868951   1.596344674   1.888747539   2.196621902   2.506758122   2.803363269   3.070134109   3.292797023   3.461396937   3.571640865   3.624955252   3.627403707   3.587964465   3.516741028   3.423521374   3.316859202   3.203652796   3.089093952   2.976838919   2.869279286   2.76783125   2.673198268   2.585588224   2.504881962   2.430757979   2.362781084   2.300463162   2.243303238   2.190812702   2.142530168   2.098029319   2.056922125   2.018859121   1.983527901   1.950650623   1.919981022   1.891301275   1.864418917   1.839163925   1.81538604   1.792952334   1.771745055   1.751659712   1.732603396   1.714493319   1.697255532   1.680823826   1.665138767   1.650146866   
40.59547739   3.111842408e-17   4.010772271e-17   5.169379455e-17   6.662677945e-17   8.587351302e-17   1.106801244e-16   1.426527169e-16   1.838613549e-16   2.369740903e-16   3.054297056e-16   3.936603573e-16   5.07378536e-16   6.539469216e-16   8.428550795e-16   1.086333862e-15   1.400147296e-15   1.80461322e-15   2.32591877e-15   2.997815854e-15   3.863806429e-15   4.979959026e-15   6.418538909e-15   8.272686886e-15   1.066244971e-14   1.374255249e-14   1.771241639e-14   2.282907011e-14   2.942379124e-14   3.792355478e-14   4.887867764e-14   6.299844891e-14   8.11970527e-14   1.046527571e-13   1.348842008e-13   1.738487177e-13   2.240690642e-13   2.88796755e-13   3.722225824e-13   4.797479488e-13   6.183345806e-13   7.969552648e-13   1.027174792e-12   1.323898717e-12   1.706338423e-12   2.199254954e-12   2.834562176e-12   3.653393034e-12   4.708762706e-12   6.069001066e-12   7.822176704e-12   1.008179892e-11   1.299416688e-11   1.674784175e-11   2.15858551e-11   2.782144393e-11   3.585833125e-11   4.621686507e-11   5.956770832e-11   7.677526091e-11   9.895362529e-11   1.275387389e-10   1.643813441e-10   2.11866814e-10   2.73069594e-10   3.51952256e-10   4.536220554e-10   5.846616001e-10   7.535550411e-10   9.712373788e-10   1.251802449e-09   1.613415428e-09   2.079488937e-09   2.68019889e-09   3.454438232e-09   4.452335066e-09   5.738498189e-09   7.39620019e-09   9.53276893e-09   1.228653648e-08   1.583579544e-08   2.041034245e-08   2.63063564e-08   3.390557453e-08   4.370000793e-08   5.632379687e-08   7.259426811e-08   9.35648527e-08   1.205932903e-07   1.554295362e-07   2.003290614e-07   2.581988839e-07   3.327857824e-07   4.289188818e-07   5.528223139e-07   7.125181983e-07   9.183460327e-07   1.183632122e-06   1.525552386e-06   1.966244409e-06   2.534240729e-06   3.266316161e-06   4.209868756e-06   5.425988553e-06   6.993412783e-06   9.013623602e-06   1.161741837e-05   1.497337784e-05   1.92987804e-05   2.487366896e-05   3.205898097e-05   4.131991503e-05   5.325604647e-05   6.86401406e-05   8.846817508e-05   0.0001140238074   0.0001469614567   0.0001894133722   0.0002441276066   0.0003146458091   0.0004055323126   0.0005226692919   0.0006736370081   0.0008682036011   0.00111895588   0.001442111523   0.001858564546   0.002395230544   0.003086776825   0.003977846149   0.005125912634   0.00660494567   0.008510104116   0.01096373993   0.01412305897   0.01818986729   0.02342292234   0.03015350521   0.03880492071   0.04991669537   0.06417423822   0.08244458818   0.1058184819   0.1356581621   0.1736488474   0.2218492436   0.2827324387   0.359202556   0.4545644201   0.572413767   0.7164063535   0.8898606908   1.095159899   1.332955472   1.601250153   1.894546249   2.203358143   2.514434604   2.811933215   3.079499891   3.302816764   3.471898249   3.582438731   3.635870001   3.638275513   3.598662384   3.527166384   3.433606615   3.326563887   3.212958279   3.097997936   2.985350568   2.877415207   2.775612407   2.680647724   2.592729583   2.511738341   2.437351376   2.369132029   2.306590554   2.24922432   2.196543101   2.148083991   2.103419269   2.062159629   2.023954455   1.988490315   1.955488451   1.924701786   1.895911777   1.868925326   1.843571846   1.819700578   1.797178157   1.775886436   1.755720578   1.736587363   1.718403724   1.701095468   1.684596161   1.668846168   
40.84924623   2.421787615e-17   3.121378702e-17   4.023063351e-17   5.185221106e-17   6.683095834e-17   8.613667386e-17   1.110193055e-16   1.430898785e-16   1.844248011e-16   2.377003014e-16   3.063657001e-16   3.948667361e-16   5.089334061e-16   6.55950953e-16   8.454380232e-16   1.089662951e-15   1.404438071e-15   1.810143488e-15   2.333046587e-15   3.007002712e-15   3.875647129e-15   4.995220195e-15   6.43820863e-15   8.298038675e-15   1.069512496e-14   1.378466677e-14   1.776669639e-14   2.289903018e-14   2.951396094e-14   3.803977215e-14   4.902846718e-14   6.319150872e-14   8.144588245e-14   1.049734672e-13   1.352975557e-13   1.7438148e-13   2.247557276e-13   2.896817776e-13   3.733632648e-13   4.812181445e-13   6.202294774e-13   7.993975477e-13   1.030322586e-12   1.327955828e-12   1.711567526e-12   2.205994608e-12   2.84324874e-12   3.664588919e-12   4.723192789e-12   6.087599623e-12   7.846147897e-12   1.011269476e-11   1.303398772e-11   1.67991658e-11   2.165200532e-11   2.790670322e-11   3.596821972e-11   4.635849744e-11   5.975025457e-11   7.701054e-11   9.925687035e-11   1.279295836e-10   1.648850935e-10   2.125160835e-10   2.739064204e-10   3.530308196e-10   4.550121879e-10   5.864533054e-10   7.558643233e-10   9.742137522e-10   1.255638619e-09   1.618359767e-09   2.085861566e-09   2.688412405e-09   3.465024417e-09   4.465979322e-09   5.756083914e-09   7.41886597e-09   9.561982262e-09   1.232418878e-08   1.58843245e-08   2.047289029e-08   2.638697268e-08   3.400947873e-08   4.383392735e-08   5.64964021e-08   7.281673447e-08   9.385158378e-08   1.209628505e-07   1.559058526e-07   2.009429732e-07   2.589901387e-07   3.338056101e-07   4.30233311e-07   5.545164473e-07   7.147017224e-07   9.211603197e-07   1.187259383e-06   1.530227467e-06   1.972269999e-06   2.542006953e-06   3.276325842e-06   4.22276997e-06   5.442616587e-06   7.014844215e-06   9.041246003e-06   1.165302015e-05   1.501926401e-05   1.935792184e-05   2.494989474e-05   3.215722625e-05   4.14465406e-05   5.341925051e-05   6.885048945e-05   8.873928727e-05   0.0001143732352   0.0001474118225   0.0001899938325   0.0002448757395   0.0003156100461   0.0004067750724   0.0005242710195   0.000675701378   0.0008708642221   0.001122384934   0.001446530888   0.001864260131   0.002402570741   0.003096236258   0.003990036249   0.005141620953   0.006625186426   0.008536183122   0.01099733791   0.01416633836   0.01824560884   0.02349469962   0.03024590671   0.0389238317   0.05006965376   0.0643708811   0.08269720765   0.1061427093   0.1360737978   0.1741808472   0.2225288577   0.2835984725   0.3603026775   0.4559563659   0.5741662015   0.7185990046   0.8925832485   1.098509056   1.3370295   1.606140647   1.900327261   2.210073848   2.522087715   2.820477114   3.088837267   3.312806193   3.482367887   3.593204142   3.646752076   3.649114926   3.609328597   3.537561022   3.443662332   3.336240361   3.222236917   3.106876442   2.993838067   2.885528251   2.783371886   2.688076626   2.599851431   2.518576175   2.443927122   2.375466146   2.312701882   2.255130041   2.202258791   2.153623709   2.108795677   2.067384116   2.029037263   1.993440661   1.960314641   1.929411316   1.900511428   1.873421243   1.847969616   1.824005291   1.801394461   1.780018592   1.759772497   1.740562649   1.722305705   1.704927223   1.688360549   
41.10301508   1.884718221e-17   2.42916401e-17   3.130885943e-17   4.035316986e-17   5.201014496e-17   6.703451521e-17   8.639903297e-17   1.113574533e-16   1.435257084e-16   1.849865308e-16   2.384243002e-16   3.072988431e-16   3.960694397e-16   5.104835393e-16   6.579488792e-16   8.480130979e-16   1.092981897e-15   1.408715774e-15   1.815656908e-15   2.34015269e-15   3.016161581e-15   3.887451757e-15   5.010434871e-15   6.457818428e-15   8.32331323e-15   1.072770068e-14   1.382665276e-14   1.782081102e-14   2.296877712e-14   2.960385595e-14   3.815563547e-14   4.917780038e-14   6.338398038e-14   8.169395413e-14   1.052932003e-13   1.357096513e-13   1.749126193e-13   2.254402992e-13   2.905641039e-13   3.745004721e-13   4.826838613e-13   6.221186014e-13   8.018323902e-13   1.033460791e-12   1.332000578e-12   1.716780698e-12   2.21271373e-12   2.85190884e-12   3.675750695e-12   4.737578911e-12   6.106141519e-12   7.870046062e-12   1.014349648e-11   1.307368725e-11   1.685033348e-11   2.171795401e-11   2.799170276e-11   3.607777341e-11   4.649969832e-11   5.993224469e-11   7.724510231e-11   9.955919157e-11   1.283192375e-10   1.653873082e-10   2.131633749e-10   2.747406974e-10   3.541060975e-10   4.563980853e-10   5.882395524e-10   7.581665702e-10   9.771810581e-10   1.259463102e-09   1.623289043e-09   2.092214781e-09   2.696600897e-09   3.475578351e-09   4.479582011e-09   5.773616064e-09   7.4414627e-09   9.591106596e-09   1.236172637e-08   1.593270572e-08   2.053524758e-08   2.646734335e-08   3.41130664e-08   4.396743878e-08   5.666848149e-08   7.303852309e-08   9.413744133e-08   1.213312848e-07   1.56380718e-07   2.015550147e-07   2.59778983e-07   3.348223308e-07   4.315437358e-07   5.562054194e-07   7.168785943e-07   9.239660329e-07   1.190875593e-06   1.534888306e-06   1.978277231e-06   2.549749517e-06   3.286305028e-06   4.23563188e-06   5.459193963e-06   7.036210356e-06   9.068784254e-06   1.168851346e-05   1.506501039e-05   1.94168831e-05   2.502588829e-05   3.225517223e-05   4.157278041e-05   5.358195735e-05   6.906019747e-05   8.900957351e-05   0.0001147215985   0.0001478608162   0.0001905725244   0.0002456215932   0.0003165713455   0.0004080140462   0.0005258678674   0.0006777594587   0.0008735167375   0.00112580354   0.00145093679   0.001869938366   0.002409888576   0.003105666874   0.004002189212   0.005157281416   0.006645365519   0.00856218268   0.01103083354   0.0142094859   0.01830118058   0.02356625823   0.03033802672   0.03904238046   0.05022214619   0.06456692497   0.08294905762   0.1064659491   0.1364881675   0.1747112267   0.223206402   0.2844618692   0.3613994494   0.4573440744   0.5759133024   0.7207849842   0.8952975253   1.101848031   1.341091149   1.611016292   1.906090735   2.216769202   2.529717668   2.828995203   3.098146495   3.322765582   3.492806135   3.603937389   3.65760177   3.659922234   3.619963381   3.547925211   3.453688782   3.345888868   3.23148894   3.115729684   3.002301621   2.893618608   2.791109868   2.69548514   2.606953926   2.525395613   2.450485355   2.381783567   2.318797268   2.261020518   2.207959883   2.15914943   2.114158644   2.07259568   2.034107633   1.998379023   1.965129273   1.93410969   1.9051003   1.87790674   1.852357303   1.828300241   1.805601308   1.78414158   1.763815526   1.744529309   1.726199311   1.708750846   
41.35678392   1.46672542e-17   1.890424023e-17   2.436518068e-17   3.140364396e-17   4.047533516e-17   5.216760062e-17   6.723745569e-17   8.666059765e-17   1.116945772e-16   1.439602185e-16   1.855465596e-16   2.391461066e-16   3.082291605e-16   3.972685014e-16   5.120289787e-16   6.599407555e-16   8.505803752e-16   1.096290794e-15   1.412980524e-15   1.821153633e-15   2.347237275e-15   3.025292718e-15   3.89922064e-15   5.025603476e-15   6.477368846e-15   8.348511252e-15   1.076017775e-14   1.386851161e-14   1.78747618e-14   2.303831286e-14   2.969347875e-14   3.827114795e-14   4.932668139e-14   6.357586922e-14   8.194127464e-14   1.056119652e-13   1.361204991e-13   1.754421503e-13   2.261227978e-13   2.914437585e-13   3.756342359e-13   4.841451398e-13   6.24002005e-13   8.042598599e-13   1.036589493e-12   1.33603308e-12   1.721978085e-12   2.219412506e-12   2.860542717e-12   3.686878673e-12   4.751921471e-12   6.124627269e-12   7.893871862e-12   1.017420493e-11   1.311326657e-11   1.690134623e-11   2.178370301e-11   2.807644493e-11   3.618699536e-11   4.664047164e-11   6.011368374e-11   7.747895436e-11   9.986059736e-11   1.287077115e-10   1.658880023e-10   2.138087063e-10   2.755724482e-10   3.551781193e-10   4.577797862e-10   5.900203905e-10   7.604618459e-10   9.801393788e-10   1.263276004e-09   1.628203393e-09   2.098548758e-09   2.704764594e-09   3.486100327e-09   4.493143511e-09   5.791095126e-09   7.463991006e-09   9.62014274e-09   1.23991503e-08   1.598094044e-08   2.059741604e-08   2.654747067e-08   3.421634039e-08   4.410054593e-08   5.684003982e-08   7.325964013e-08   9.442243329e-08   1.216986035e-07   1.568541454e-07   2.02165203e-07   2.605654387e-07   3.358359729e-07   4.328501925e-07   5.578892773e-07   7.190488747e-07   9.267632503e-07   1.194480853e-06   1.539535031e-06   1.984266273e-06   2.557468636e-06   3.296253998e-06   4.248454845e-06   5.475721143e-06   7.057511799e-06   9.096239117e-06   1.17238993e-05   1.511061824e-05   1.947566583e-05   2.510165174e-05   3.235282163e-05   4.169863795e-05   5.374417151e-05   6.926927049e-05   8.927904131e-05   0.000115068907   0.0001483084504   0.0001911494641   0.0002463651885   0.000317529734   0.0004092492683   0.00052745988   0.0006798113075   0.000876161221   0.001129211795   0.00145532935   0.001875599406   0.002417184252   0.003115068933   0.004014305376   0.00517289446   0.00666548351   0.008588103512   0.01106422775   0.01425250278   0.01835658404   0.02363760016   0.0304298678   0.03916057026   0.05037417691   0.06476237526   0.08320014507   0.1067882102   0.1369012827   0.1752400006   0.2238818954   0.2853226526   0.3624929022   0.458727584   0.5776551182   0.7229643528   0.8980035962   1.105176916   1.34514053   1.615877221   1.911836831   2.22344439   2.537324671   2.837487715   3.107427827   3.332695202   3.503213273   3.614638758   3.66841937   3.67069772   3.630567015   3.558259217   3.463686218   3.355509651   3.240714576   3.124557877   3.01074143   2.901686468   2.798826528   2.702873435   2.614037223   2.5321968   2.457026213   2.388084423   2.324876835   2.266895868   2.213646487   2.164661254   2.119508268   2.077794415   2.039165653   2.003305486   1.969932428   1.938796982   1.909678466   1.882381883   1.856734972   1.83258549   1.809798756   1.788255457   1.767849717   1.748487393   1.730084592   
41.61055276   1.141414324e-17   1.471139062e-17   1.896112651e-17   2.443849992e-17   3.149814321e-17   4.059713277e-17   5.232458237e-17   6.743978536e-17   8.692137508e-17   1.120306864e-16   1.443934209e-16   1.861049027e-16   2.398657405e-16   3.091566778e-16   3.984639543e-16   5.135697665e-16   6.619266367e-16   8.531399255e-16   1.099589731e-15   1.417232438e-15   1.826633814e-15   2.354300536e-15   3.034396371e-15   3.9109541e-15   5.040726426e-15   6.496860421e-15   8.373633433e-15   1.079255707e-14   1.391024447e-14   1.792855019e-14   2.310763932e-14   2.97828318e-14   3.838631276e-14   4.94751143e-14   6.376718052e-14   8.218785077e-14   1.059297708e-13   1.365301103e-13   1.759700875e-13   2.268032422e-13   2.923207655e-13   3.767645873e-13   4.856020201e-13   6.2587974e-13   8.066800234e-13   1.039708779e-12   1.340053445e-12   1.727159829e-12   2.226091119e-12   2.869150607e-12   3.697973159e-12   4.766220862e-12   6.143057381e-12   7.917625951e-12   1.020482096e-11   1.315272677e-11   1.695220544e-11   2.184925411e-11   2.816093203e-11   3.629588858e-11   4.678082126e-11   6.02945767e-11   7.771210255e-11   1.00161096e-10   1.290950163e-10   1.663871893e-10   2.144520954e-10   2.764016956e-10   3.562469145e-10   4.591573284e-10   5.917958686e-10   7.627502132e-10   9.830887956e-10   1.26707743e-09   1.633102952e-09   2.104863671e-09   2.712903721e-09   3.496590633e-09   4.506664193e-09   5.808521579e-09   7.486451505e-09   9.64909149e-09   1.243646159e-08   1.602902998e-08   2.06593974e-08   2.662735681e-08   3.431930355e-08   4.423325245e-08   5.701108178e-08   7.348009164e-08   9.470656748e-08   1.220648166e-07   1.573261479e-07   2.027735547e-07   2.613495272e-07   3.368465642e-07   4.341527171e-07   5.595680671e-07   7.212126228e-07   9.295520487e-07   1.198075262e-06   1.544167771e-06   1.99023729e-06   2.565164522e-06   3.306173022e-06   4.261239214e-06   5.492198578e-06   7.078749129e-06   9.123611346e-06   1.175917863e-05   1.515608882e-05   1.953427163e-05   2.517718715e-05   3.245017712e-05   4.182411669e-05   5.390589744e-05   6.947771424e-05   8.954769806e-05   0.0001154151701   0.0001487547373   0.0001917246672   0.0002471065456   0.000318485238   0.0004104807727   0.0005290471009   0.0006818569806   0.0008787977451   0.001132609792   0.00145970869   0.001881243408   0.00242445797   0.003124442694   0.004026385073   0.005188460511   0.00668554095   0.008613946327   0.01109752144   0.0142953902   0.01841182076   0.02370872738   0.03052143247   0.03927840436   0.05052575008   0.06495723735   0.0834504769   0.1071095016   0.1373131549   0.1757671835   0.2245553564   0.2861808465   0.3635830659   0.4601069327   0.5793916965   0.7251371701   0.9007015352   1.108495802   1.349177756   1.620723569   1.917565704   2.230099593   2.544908931   2.845954879   3.116681514   3.342595318   3.513589579   3.625308532   3.679205159   3.681441663   3.641139769   3.568563303   3.473654893   3.365102945   3.249914049   3.133361233   3.019157693   2.909732016   2.806522042   2.710241672   2.621101477   2.538979883   2.463549834   2.394368842   2.330940704   2.272756203   2.21931871   2.170159286   2.124844645   2.082980412   2.044211412   2.008220132   1.974724184   1.94347327   1.914245997   1.886846742   1.861102688   1.836861101   1.813986864   1.792360279   1.771875124   1.752436953   
41.86432161   8.882393773e-18   1.144828496e-17   1.475539499e-17   1.901784259e-17   2.45115998e-17   3.159235974e-17   4.071856598e-17   5.248109446e-17   6.764150971e-17   8.71813723e-17   1.1236579e-16   1.448253272e-16   1.866615755e-16   2.405832214e-16   3.100814202e-16   3.996558305e-16   5.151059447e-16   6.639065765e-16   8.556918181e-16   1.102878799e-15   1.421471632e-15   1.832097599e-15   2.361342666e-15   3.043472788e-15   3.922652457e-15   5.055804132e-15   6.516293681e-15   8.398680454e-15   1.082483952e-14   1.395185247e-14   1.798217766e-14   2.317675836e-14   2.987191752e-14   3.850113302e-14   4.962310313e-14   6.395791945e-14   8.243368919e-14   1.062466255e-13   1.369384961e-13   1.764964452e-13   2.274816509e-13   2.931951487e-13   3.778915569e-13   4.870545418e-13   6.277518572e-13   8.090929462e-13   1.042818732e-12   1.344061782e-12   1.73232607e-12   2.232749752e-12   2.877732745e-12   3.709034451e-12   4.780477473e-12   6.161432354e-12   7.941308973e-12   1.023534538e-11   1.31920689e-11   1.700291249e-11   2.19146091e-11   2.824516636e-11   3.640445601e-11   4.692075098e-11   6.047492846e-11   7.794455321e-11   1.004606955e-10   1.294811624e-10   1.668848828e-10   2.150935596e-10   2.77228462e-10   3.573125121e-10   4.605307493e-10   5.935660349e-10   7.650317342e-10   9.860293883e-10   1.270867483e-09   1.637987852e-09   2.111159691e-09   2.721018496e-09   3.507049555e-09   4.520144424e-09   5.825895896e-09   7.508844808e-09   9.677953632e-09   1.247366125e-08   1.607697565e-08   2.072119331e-08   2.670700395e-08   3.442195867e-08   4.436556195e-08   5.718161203e-08   7.369988361e-08   9.498985159e-08   1.224299341e-07   1.577967383e-07   2.033800863e-07   2.6213127e-07   3.378541319e-07   4.354513447e-07   5.612418343e-07   7.233698975e-07   9.323325035e-07   1.201658917e-06   1.54878665e-06   1.996190442e-06   2.572837383e-06   3.316062371e-06   4.273985335e-06   5.508626717e-06   7.099922921e-06   9.150901683e-06   1.179435242e-05   1.520142337e-05   1.959270209e-05   2.525249657e-05   3.254724134e-05   4.194922003e-05   5.406713951e-05   6.968553436e-05   8.981555105e-05   0.0001157603972   0.0001491996889   0.0001922981495   0.0002478456848   0.0003194378832   0.0004117085926   0.0005306295732   0.0006838965335   0.0008814263813   0.001135997622   0.001464074927   0.001886870524   0.002431709926   0.003133788411   0.004038428629   0.005203979993   0.006705538383   0.008639711827   0.01113071553   0.01433814931   0.01846689223   0.02377964181   0.03061272321   0.03939588594   0.05067686981   0.06515151651   0.08370005988   0.1074298319   0.137723795   0.1762927895   0.2252268033   0.2870364739   0.3646699699   0.4614821577   0.5811230842   0.7273034947   0.9033914153   1.111804778   1.353202934   1.625555464   1.923277509   2.23673499   2.552470649   2.854396919   3.125907799   3.35246619   3.523935325   3.635946989   3.689959416   3.69215434   3.651681913   3.578837726   3.483595051   3.374668986   3.259087581   3.142139959   3.027550605   2.917755436   2.814196582   2.717590015   2.628146839   2.545745003   2.470056351   2.400636949   2.336988996   2.278601637   2.224976659   2.175643626   2.13016787   2.088153763   2.049244995   2.013123043   1.979504619   1.948138625   1.918802963   1.891301383   1.865460515   1.841127135   1.818165691   1.796456101   1.775891801   
42.11809045   6.912084256e-18   8.908804571e-18   1.148232515e-17   1.47992685e-17   1.907439001e-17   2.458448228e-17   3.168629606e-17   4.083963805e-17   5.263714109e-17   6.784263412e-17   8.74405963e-17   1.126998971e-16   1.45255949e-16   1.872165927e-16   2.412985685e-16   3.110034124e-16   4.008441622e-16   5.166375542e-16   6.65880628e-16   8.582361214e-16   1.106158085e-15   1.425698217e-15   1.837545135e-15   2.368363853e-15   3.052522212e-15   3.934316022e-15   5.070836996e-15   6.535669147e-15   8.423652985e-15   1.085702596e-14   1.399333674e-14   1.803564564e-14   2.324567184e-14   2.996073831e-14   3.861561181e-14   4.977065185e-14   6.414809112e-14   8.267879648e-14   1.065625378e-13   1.373456673e-13   1.770212375e-13   2.28158042e-13   2.940669315e-13   3.790151749e-13   4.885027436e-13   6.296184067e-13   8.11498693e-13   1.045919436e-12   1.348058199e-12   1.737476946e-12   2.239388582e-12   2.88628936e-12   3.720062848e-12   4.794691685e-12   6.179752679e-12   7.964921561e-12   1.026577903e-11   1.323129403e-11   1.705346874e-11   2.197976972e-11   2.832915019e-11   3.651270056e-11   4.706026455e-11   6.065474385e-11   7.817631257e-11   1.007594041e-10   1.2986616e-10   1.673810962e-10   2.157331161e-10   2.780527696e-10   3.583749407e-10   4.619000856e-10   5.953309367e-10   7.673064699e-10   9.889612357e-10   1.274646265e-09   1.642858225e-09   2.117436987e-09   2.729109138e-09   3.517477372e-09   4.533584564e-09   5.843218542e-09   7.531171513e-09   9.706729938e-09   1.251075027e-08   1.612477873e-08   2.078280545e-08   2.678641422e-08   3.452430849e-08   4.449747795e-08   5.735163511e-08   7.391902192e-08   9.527229323e-08   1.227939658e-07   1.582659291e-07   2.039848141e-07   2.629106878e-07   3.388587031e-07   4.367461103e-07   5.629106238e-07   7.255207565e-07   9.351046892e-07   1.205231915e-06   1.553391793e-06   2.002125889e-06   2.580487425e-06   3.32592231e-06   4.286693549e-06   5.525005998e-06   7.121033743e-06   9.178110859e-06   1.18294216e-05   1.524662309e-05   1.965095879e-05   2.532758202e-05   3.26440169e-05   4.20739513e-05   5.422790205e-05   6.989273643e-05   9.008260745e-05   0.0001161045977   0.0001496433173   0.0001928699263   0.0002485826258   0.0003203876954   0.000412932761   0.0005322073393   0.0006859300207   0.0008840472   0.001139375378   0.00146842818   0.001892480905   0.002438940316   0.003143106334   0.004050436369   0.005219453319   0.006725476344   0.008665400702   0.0111638109   0.01438078126   0.01852179991   0.02385034535   0.03070374246   0.03951301815   0.05082754014   0.06534521794   0.08394890069   0.1077492097   0.1381332142   0.1768168328   0.225896254   0.2878895579   0.3657536434   0.4628532958   0.5828493278   0.7294633845   0.9060733082   1.115103933   1.357216172   1.630373037   1.928972397   2.243350756   2.560010027   2.86281406   3.135106927   3.362308078   3.534250779   3.646554403   3.700682416   3.702836021   3.66219371   3.589082742   3.493506937   3.384208004   3.268235388   3.150894262   3.035920359   2.925756909   2.821850317   2.724918622   2.635173459   2.552492301   2.476545896   2.406888871   2.343021827   2.284432282   2.23062044   2.181114374   2.13547804   2.093314557   2.054266488   2.018014301   1.98427381   1.952793123   1.923349435   1.895745873   1.869808516   1.845383651   1.822335295   1.800542979   
42.3718593   5.378738275e-18   6.932515051e-18   8.935137289e-18   1.15162647e-17   1.48430123e-17   1.913077025e-17   2.465714929e-17   3.177995467e-17   4.096035219e-17   5.279272638e-17   6.804316393e-17   8.769905393e-17   1.130330163e-16   1.456852977e-16   1.87769969e-16   2.420118008e-16   3.119226788e-16   4.020289806e-16   5.181646357e-16   6.678488433e-16   8.607729027e-16   1.109427676e-15   1.429912308e-15   1.842976566e-15   2.375364282e-15   3.061544882e-15   3.945945106e-15   5.085825417e-15   6.554987331e-15   8.448551687e-15   1.088911725e-14   1.403469835e-14   1.808895555e-14   2.331438159e-14   3.00492965e-14   3.872975215e-14   4.991776434e-14   6.433770057e-14   8.292317914e-14   1.068775163e-13   1.377516347e-13   1.775444783e-13   2.288324334e-13   2.949361369e-13   3.801354711e-13   4.89946664e-13   6.314794379e-13   8.138973275e-13   1.049010973e-12   1.3520428e-12   1.742612595e-12   2.246007785e-12   2.894820677e-12   3.73105864e-12   4.808863874e-12   6.198018843e-12   7.988464341e-12   1.02961227e-11   1.32704032e-11   1.710387552e-11   2.204473771e-11   2.841288572e-11   3.66206251e-11   4.719936567e-11   6.083402764e-11   7.840738675e-11   1.010572296e-10   1.302500195e-10   1.678758427e-10   2.163707818e-10   2.788746403e-10   3.594342282e-10   4.632653737e-10   5.970906207e-10   7.695744807e-10   9.918844154e-10   1.278413874e-09   1.647714198e-09   2.123695725e-09   2.737175861e-09   3.527874361e-09   4.546984971e-09   5.860489975e-09   7.553432211e-09   9.735421169e-09   1.254772965e-08   1.617244048e-08   2.084423543e-08   2.686558972e-08   3.462635572e-08   4.462900396e-08   5.752115554e-08   7.413751237e-08   9.555389985e-08   1.231569212e-07   1.587337328e-07   2.04587754e-07   2.636878013e-07   3.398603044e-07   4.38037048e-07   5.645744796e-07   7.276652567e-07   9.378686793e-07   1.208794349e-06   1.557983321e-06   2.008043789e-06   2.588114851e-06   3.335753098e-06   4.299364193e-06   5.541336856e-06   7.142082152e-06   9.205239594e-06   1.18643871e-05   1.529168918e-05   1.970904325e-05   2.540244549e-05   3.274050634e-05   4.219831382e-05   5.438818931e-05   7.009932593e-05   9.034887432e-05   0.0001164477805   0.0001500856342   0.0001934400126   0.000249317388   0.0003213346995   0.0004141533103   0.0005337804408   0.0006879574962   0.0008866602704   0.001142743147   0.001472768562   0.0018980747   0.002446149329   0.00315239671   0.004062408609   0.005234880901   0.006745355361   0.008691013631   0.01119680843   0.01442328717   0.01857654528   0.02392083986   0.03079449264   0.03962980409   0.05097776507   0.06553834677   0.08419700592   0.1080676434   0.1385414232   0.1773393273   0.2265637262   0.2887401209   0.3668341149   0.4642203833   0.5845704727   0.7316168966   0.9087472848   1.118393354   1.361217575   1.635176412   1.934650518   2.249947064   2.567527261   2.871206519   3.144279134   3.372121234   3.544536207   3.657131044   3.71137443   3.713486973   3.672675421   3.599298601   3.50339079   3.393720227   3.277357687   3.159624343   3.044267146   2.933736614   2.829483416   2.732227652   2.642181485   2.559221917   2.483018601   2.41312473   2.349039314   2.290248247   2.236250157   2.186571629   2.140775248   2.098462883   2.059275974   2.022893985   1.989031834   1.957436836   1.927885482   1.900180279   1.874146755   1.849630711   1.826495732   
42.62562814   4.185470437e-18   5.394543351e-18   6.952885799e-18   8.961392613e-18   1.15501045e-17   1.488662753e-17   1.918698478e-17   2.472960274e-17   3.187333802e-17   4.108071154e-17   5.29478544e-17   6.824310438e-17   8.795675194e-17   1.133651566e-16   1.461133846e-16   1.883217189e-16   2.427229369e-16   3.128392435e-16   4.032103168e-16   5.196872291e-16   6.698112741e-16   8.633022284e-16   1.112687657e-15   1.434114013e-15   1.848392034e-15   2.382344137e-15   3.070541034e-15   3.957540011e-15   5.100769787e-15   6.574248739e-15   8.473377212e-15   1.092111422e-14   1.407593841e-14   1.814210878e-14   2.338288939e-14   3.013759442e-14   3.884355703e-14   5.006444448e-14   6.452675276e-14   8.316684356e-14   1.07191569e-13   1.38156409e-13   1.780661813e-13   2.295048427e-13   2.958027877e-13   3.812524747e-13   4.913863407e-13   6.333349995e-13   8.162889123e-13   1.052093424e-12   1.356015691e-12   1.74773315e-12   2.252607534e-12   2.903326921e-12   3.742022115e-12   4.82299441e-12   6.216231322e-12   8.011937929e-12   1.03263772e-11   1.330939742e-11   1.715413415e-11   2.210951475e-11   2.849637515e-11   3.672823245e-11   4.733805796e-11   6.10127845e-11   7.86377818e-11   1.013541797e-10   1.306327508e-10   1.68369135e-10   2.170065734e-10   2.796940954e-10   3.604904025e-10   4.646266491e-10   5.98845133e-10   7.718358257e-10   9.947990038e-10   1.282170411e-09   1.6525559e-09   2.129936067e-09   2.745218876e-09   3.538240792e-09   4.560345993e-09   5.877710646e-09   7.575627484e-09   9.764028076e-09   1.258460035e-08   1.621996215e-08   2.090548488e-08   2.694453252e-08   3.472810303e-08   4.476014341e-08   5.769017775e-08   7.435536067e-08   9.583467882e-08   1.235188098e-07   1.592001617e-07   2.05188922e-07   2.644626309e-07   3.40858962e-07   4.393241916e-07   5.662334453e-07   7.298034541e-07   9.406245459e-07   1.212346314e-06   1.562561354e-06   2.013944297e-06   2.59571986e-06   3.345554993e-06   4.311997597e-06   5.557619717e-06   7.1630687e-06   9.232288596e-06   1.189924983e-05   1.533662282e-05   1.9766957e-05   2.547708894e-05   3.28367122e-05   4.232231084e-05   5.454800549e-05   7.030530826e-05   9.061435862e-05   0.0001167899548   0.000150526651   0.0001940084234   0.0002500499908   0.0003222789203   0.0004153702723   0.000535348919   0.0006899790129   0.000889265661   0.001146101018   0.001477096188   0.001903652054   0.002453337155   0.003161659781   0.004074345663   0.005250263142   0.006765175954   0.008716551283   0.01122970898   0.01446566816   0.01863112975   0.0239911272   0.03088497611   0.03974624682   0.05112754851   0.06573090804   0.08444438206   0.1083851414   0.1389484327   0.1778602866   0.2272292374   0.2895881852   0.3679114127   0.4655834558   0.5862865639   0.7337640871   0.9114134145   1.121673127   1.365207248   1.639965716   1.940312018   2.256524086   2.575022545   2.879574513   3.153424657   3.381905909   3.554791867   3.667677179   3.722035726   3.724107462   3.683127303   3.609485551   3.513246847   3.403205878   3.286454688   3.168330403   3.052591152   2.941694726   2.837096044   2.739517259   2.649171064   2.565933987   2.489474596   2.419344649   2.355041572   2.296049642   2.241865912   2.192015488   2.146059585   2.103598829   2.064273539   2.027762175   1.993778766   1.962069835   1.932411172   1.904604665   1.878475294   1.853868374   
42.87939698   3.256872148e-18   4.197697309e-18   5.410302246e-18   6.973197027e-18   8.987571224e-18   1.158384543e-17   1.493011533e-17   1.924303507e-17   2.480184448e-17   3.196644852e-17   4.120071923e-17   5.310252917e-17   6.844246064e-17   8.821369701e-17   1.136963263e-16   1.465402206e-16   1.888718567e-16   2.434319951e-16   3.137531301e-16   4.043882014e-16   5.212053737e-16   6.71767971e-16   8.658241638e-16   1.115938114e-15   1.438303441e-15   1.853791678e-15   2.389303598e-15   3.079510901e-15   3.969101038e-15   5.115670492e-15   6.593453868e-15   8.4981302e-15   1.09530177e-14   1.411705797e-14   1.81951067e-14   2.345119703e-14   3.022563435e-14   3.895702939e-14   5.021069603e-14   6.471525256e-14   8.340979603e-14   1.07504704e-13   1.385600006e-13   1.7858636e-13   2.301752874e-13   2.966669063e-13   3.823662145e-13   4.928218109e-13   6.351851394e-13   8.186735093e-13   1.055166869e-12   1.359976973e-12   1.752838743e-12   2.259188e-12   2.911808311e-12   3.752953557e-12   4.837083659e-12   6.234390586e-12   8.03534293e-12   1.035654329e-11   1.334827771e-11   1.720424594e-11   2.217410252e-11   2.857962064e-11   3.683552538e-11   4.747634502e-11   6.119101907e-11   7.886750368e-11   1.016502622e-10   1.310143638e-10   1.68860986e-10   2.176405073e-10   2.805111562e-10   3.615434909e-10   4.659839471e-10   6.005945189e-10   7.740905633e-10   9.977050762e-10   1.285915972e-09   1.657383455e-09   2.136158177e-09   2.753238391e-09   3.548576934e-09   4.573667976e-09   5.894881002e-09   7.597757907e-09   9.792551399e-09   1.262136331e-08   1.626734498e-08   2.096655536e-08   2.702324467e-08   3.482955306e-08   4.489089969e-08   5.78587061e-08   7.457257245e-08   9.61146374e-08   1.238796411e-07   1.596652277e-07   2.057883334e-07   2.652351966e-07   3.418547017e-07   4.406075744e-07   5.678875637e-07   7.319354041e-07   9.433723604e-07   1.2158879e-06   1.567126011e-06   2.019827563e-06   2.603302648e-06   3.355328249e-06   4.324594089e-06   5.573855002e-06   7.183993928e-06   9.259258566e-06   1.193401071e-05   1.538142518e-05   1.982470154e-05   2.555151429e-05   3.293263697e-05   4.244594556e-05   5.47073547e-05   7.051068874e-05   9.087906723e-05   0.0001171311292   0.0001509663793   0.0001945751735   0.0002507804531   0.0003232203823   0.0004165836786   0.0005369128143   0.000691994623   0.0008918634391   0.001149449079   0.001481411169   0.001909213112   0.002460503979   0.003170895787   0.004086247839   0.005265600438   0.006784938635   0.00874201432   0.01126251341   0.01450792532   0.01868555473   0.02406120918   0.03097519521   0.03986234934   0.05127689435   0.06592290673   0.0846910355   0.1087017119   0.1393542532   0.178379724   0.2278928047   0.2904337727   0.3689855645   0.4669425486   0.5879976456   0.7359050115   0.9140717663   1.124943335   1.369185292   1.644741071   1.945957044   2.26308199   2.582496071   2.887918255   3.162543726   3.39166235   3.565018019   3.678193071   3.732666565   3.734697746   3.693549609   3.619643836   3.52307534   3.41266518   3.295526602   3.177012635   3.060892564   2.949631421   2.844688364   2.746787596   2.656142338   2.572628648   2.495914007   2.425548748   2.361028716   2.301836574   2.247467809   2.197446048   2.151331143   2.108722481   2.069259263   2.03261895   1.998514682   1.966692192   1.936926574   1.909019097   1.882794194   
43.13316583   2.534251972e-18   3.266331068e-18   4.209888664e-18   5.426015365e-18   6.993449254e-18   9.01367379e-18   1.161748834e-17   1.49734768e-17   1.929892253e-17   2.487387638e-17   3.205928854e-17   4.13203783e-17   5.325675462e-17   6.864123779e-17   8.846989568e-17   1.140265341e-16   1.469658168e-16   1.894203965e-16   2.441389936e-16   3.14664362e-16   4.055626644e-16   5.227191083e-16   6.737189839e-16   8.683387733e-16   1.119179128e-15   1.4424807e-15   1.859175638e-15   2.396242842e-15   3.088454711e-15   3.980628481e-15   5.130527913e-15   6.612603208e-15   8.522811284e-15   1.09848285e-14   1.415805808e-14   1.824795068e-14   2.351930624e-14   3.031341854e-14   3.907017213e-14   5.035652275e-14   6.49032048e-14   8.365204275e-14   1.078169295e-13   1.389624198e-13   1.791050276e-13   2.308437845e-13   2.975285148e-13   3.834767191e-13   4.942531112e-13   6.37029905e-13   8.210511793e-13   1.058231386e-12   1.363926749e-12   1.757929505e-12   2.26574935e-12   2.920265064e-12   3.763853244e-12   4.851131981e-12   6.252497101e-12   8.058679943e-12   1.038662176e-11   1.338704506e-11   1.725421216e-11   2.223850267e-11   2.866262432e-11   3.694250664e-11   4.761423037e-11   6.136873589e-11   7.909655824e-11   1.019454847e-10   1.313948682e-10   1.693514083e-10   2.182725997e-10   2.813258436e-10   3.625935201e-10   4.673373023e-10   6.02338823e-10   7.763387513e-10   1.000602707e-09   1.289650652e-09   1.662196987e-09   2.142362212e-09   2.761234609e-09   3.558883051e-09   4.586951261e-09   5.912001481e-09   7.619824043e-09   9.820991865e-09   1.265801948e-08   1.631459016e-08   2.102744844e-08   2.710172817e-08   3.493070838e-08   4.502127614e-08   5.80267449e-08   7.478915326e-08   9.639378274e-08   1.242394243e-07   1.601289427e-07   2.063860036e-07   2.660055181e-07   3.428475489e-07   4.418872292e-07   5.695368772e-07   7.34061161e-07   9.461121928e-07   1.219419198e-06   1.571677409e-06   2.02569374e-06   2.610863409e-06   3.365073115e-06   4.337153989e-06   5.590043126e-06   7.204858371e-06   9.286150192e-06   1.19686706e-05   1.542609738e-05   1.988227833e-05   2.562572344e-05   3.302828308e-05   4.256922113e-05   5.486624103e-05   7.071547262e-05   9.114300689e-05   0.0001174713126   0.0001514048302   0.0001951402772   0.0002515087934   0.0003241591095   0.0004177935601   0.0005384721667   0.000694004378   0.000894453671   0.001152787413   0.001485713616   0.001914758016   0.002467649985   0.003180104964   0.00409811544   0.005280893181   0.006804643909   0.008767403391   0.01129522254   0.01455005973   0.01873982163   0.02413108758   0.03106515226   0.03997811462   0.05142580638   0.06611434775   0.08493697253   0.1090173629   0.1397588952   0.1788976531   0.2285544452   0.291276905   0.3700565979   0.4682976962   0.5897037616   0.7380397241   0.9167224078   1.128204063   1.37315181   1.649502599   1.951585738   2.26962094   2.589948025   2.896237954   3.17163657   3.4013908   3.575214915   3.688678977   3.743267209   3.745258082   3.703942588   3.629773696   3.5328765   3.422098351   3.304573634   3.185671237   3.069171564   2.957546868   2.852260538   2.754038816   2.663095452   2.579306033   2.502336961   2.431737146   2.367000856   2.307609149   2.253055946   2.202863404   2.156590014   2.113833926   2.074233229   2.037464387   2.003239654   1.971303977   1.941431754   1.913423638   
43.38693467   1.971930535e-18   2.541569679e-18   3.27576267e-18   4.222044809e-18   5.441683102e-18   7.013642991e-18   9.039700969e-18   1.165103409e-17   1.501671304e-17   1.935464859e-17   2.494570024e-17   3.215186043e-17   4.14396918e-17   5.341053466e-17   6.883944086e-17   8.872535443e-17   1.143557882e-16   1.473901838e-16   1.89967352e-16   2.448439503e-16   3.155729622e-16   4.067337354e-16   5.242284711e-16   6.756643621e-16   8.708461204e-16   1.122410783e-15   1.446645894e-15   1.864544048e-15   2.403162045e-15   3.097372692e-15   3.992122633e-15   5.145342424e-15   6.631697244e-15   8.547421087e-15   1.101654743e-14   1.419893978e-14   1.830064203e-14   2.358721875e-14   3.040094919e-14   3.91829881e-14   5.05019283e-14   6.509061422e-14   8.389358984e-14   1.081282532e-13   1.393636769e-13   1.796221972e-13   2.31510351e-13   2.983876349e-13   3.845840165e-13   4.956802778e-13   6.388693427e-13   8.234219825e-13   1.061287052e-12   1.367865117e-12   1.763005565e-12   2.272291751e-12   2.928697393e-12   3.774721452e-12   4.86513973e-12   6.270551322e-12   8.081949557e-12   1.041661335e-11   1.342570044e-11   1.730403408e-11   2.230271683e-11   2.874538827e-11   3.704917894e-11   4.775171749e-11   6.154593945e-11   7.932495127e-11   1.022398545e-10   1.317742738e-10   1.698404141e-10   2.189028666e-10   2.821381781e-10   3.636405168e-10   4.68686749e-10   6.040780895e-10   7.785804464e-10   1.003491969e-09   1.293374547e-09   1.666996617e-09   2.14854833e-09   2.769207734e-09   3.569159404e-09   4.600196183e-09   5.929072514e-09   7.641826451e-09   9.849350193e-09   1.269456979e-08   1.636169889e-08   2.108816565e-08   2.7179985e-08   3.503157156e-08   4.515127606e-08   5.819429839e-08   7.500510857e-08   9.667212189e-08   1.245981683e-07   1.605913185e-07   2.069819477e-07   2.667736148e-07   3.438375286e-07   4.431631882e-07   5.711814273e-07   7.361807786e-07   9.488441123e-07   1.222940297e-06   1.576215662e-06   2.031542975e-06   2.618402334e-06   3.374789837e-06   4.349677616e-06   5.606184497e-06   7.225662556e-06   9.312964152e-06   1.20032304e-05   1.547064058e-05   1.993968884e-05   2.569971827e-05   3.312365297e-05   4.269214068e-05   5.502466849e-05   7.091966506e-05   9.140618427e-05   0.0001178105135   0.0001518420149   0.0001957037488   0.0002522350303   0.0003250951255   0.0004189999474   0.0005400270156   0.0006960083288   0.0008970364221   0.001156116106   0.001490003638   0.001920286907   0.002474775353   0.003189287544   0.004109948768   0.005296141759   0.006824292272   0.008792719138   0.01132783721   0.01459207246   0.0187939318   0.02420076418   0.03115484951   0.04009354558   0.05157428838   0.06630523592   0.08518219936   0.1093321025   0.1401623687   0.1794140866   0.2292141754   0.2921176033   0.3711245398   0.4696489329   0.5914049546   0.7401682789   0.9193654056   1.131455391   1.377106901   1.654250418   1.957198241   2.276141102   2.597378596   2.904533816   3.180703414   3.411091497   3.585382804   3.699135154   3.753837913   3.755788723   3.714306488   3.639875369   3.542650553   3.431505605   3.313595989   3.194306401   3.077428331   2.965441238   2.859812723   2.761271067   2.670030544   2.585966275   2.508743583   2.437909961   2.372958105   2.313367471   2.258630424   2.208267649   2.161836285   2.118933249   2.079195517   2.042298564   2.007953756   1.975905261   1.94592678   
43.64070352   1.534356405e-18   1.97759183e-18   2.548866374e-18   3.285167189e-18   4.234166048e-18   5.45730585e-18   7.033778742e-18   9.065653412e-18   1.168448352e-17   1.505982513e-17   1.941021463e-17   2.501731785e-17   3.224416651e-17   4.155866268e-17   5.356387312e-17   6.903707479e-17   8.898007963e-17   1.146840968e-16   1.478133322e-16   1.90512737e-16   2.455468827e-16   3.164789534e-16   4.079014437e-16   5.257334998e-16   6.776041542e-16   8.733462677e-16   1.125633157e-15   1.450799129e-15   1.869897043e-15   2.41006138e-15   3.106265064e-15   4.003583779e-15   5.160114395e-15   6.650736451e-15   8.571960224e-15   1.104817528e-14   1.423970409e-14   1.835318208e-14   2.365493625e-14   3.04882285e-14   3.929548012e-14   5.064691633e-14   6.527748549e-14   8.413444334e-14   1.08438683e-13   1.397637817e-13   1.801378819e-13   2.321750034e-13   2.99244288e-13   3.856881343e-13   4.971033464e-13   6.407034985e-13   8.257859779e-13   1.064333944e-12   1.371792176e-12   1.768067049e-12   2.278815365e-12   2.937105508e-12   3.785558453e-12   4.879107256e-12   6.288553701e-12   8.105152352e-12   1.044651883e-11   1.346424483e-11   1.735371293e-11   2.23667466e-11   2.882791456e-11   3.715554492e-11   4.788880983e-11   6.172263418e-11   7.955268848e-11   1.02533379e-10   1.321525899e-10   1.703280158e-10   2.195313237e-10   2.8294818e-10   3.646845071e-10   4.700323207e-10   6.058123617e-10   7.808157044e-10   1.006372935e-09   1.297087748e-09   1.671782465e-09   2.154716684e-09   2.777157965e-09   3.579406248e-09   4.613403072e-09   5.946094527e-09   7.663765679e-09   9.87762709e-09   1.273101514e-08   1.640867236e-08   2.114870852e-08   2.725801711e-08   3.513214512e-08   4.528090268e-08   5.836137075e-08   7.522044377e-08   9.694966179e-08   1.249558822e-07   1.610523667e-07   2.075761805e-07   2.67539506e-07   3.448246657e-07   4.444354833e-07   5.728212552e-07   7.382943097e-07   9.515681872e-07   1.226451286e-06   1.580740883e-06   2.037375414e-06   2.625919611e-06   3.384478657e-06   4.362165281e-06   5.622279518e-06   7.246407003e-06   9.339701117e-06   1.203769096e-05   1.551505586e-05   1.99969345e-05   2.577350063e-05   3.321874899e-05   4.281470726e-05   5.518264102e-05   7.112327117e-05   9.166860594e-05   0.0001181487404   0.0001522779441   0.0001962656024   0.0002529591818   0.0003260284538   0.0004202028705   0.0005415773998   0.0006980065252   0.0008996117569   0.001159435241   0.00149428134   0.001925799921   0.00248188026   0.003198443756   0.004121748116   0.00531134655   0.006843884217   0.008817962192   0.01136035822   0.01463396455   0.0188478866   0.02427024071   0.03124428921   0.04020864509   0.05172234405   0.06649557601   0.08542672211   0.1096459384   0.1405646839   0.1799290377   0.2298720118   0.2929558886   0.3721894168   0.4709962923   0.5931012673   0.7422907288   0.9220008256   1.134697401   1.381050663   1.658984646   1.962794692   2.282642635   2.604787965   2.912806046   3.18974448   3.42076468   3.595521933   3.709561852   3.764378929   3.766289917   3.72464155   3.649949088   3.552397723   3.440887155   3.322593865   3.202918314   3.085663044   2.973314697   2.867345078   2.768484496   2.676947753   2.592609503   2.515133994   2.444067307   2.378900572   2.319111646   2.26419134   2.213658878   2.167070046   2.124020533   2.084146208   2.047121555   2.012657061   1.980496111   
43.89447236   1.193861069e-18   1.538736299e-18   1.983236962e-18   2.556142237e-18   3.294544858e-18   4.24625268e-18   5.472883993e-18   7.053857004e-18   9.091531758e-18   1.171783744e-17   1.510281413e-17   1.946562203e-17   2.5088731e-17   3.233620904e-17   4.167729389e-17   5.371677379e-17   6.923414446e-17   8.923407757e-17   1.150114682e-16   1.482352725e-16   1.910565648e-16   2.462478081e-16   3.173823579e-16   4.090658181e-16   5.272342315e-16   6.795384081e-16   8.758392769e-16   1.128846331e-15   1.454940505e-15   1.875234754e-15   2.416941017e-15   3.115132048e-15   4.015012202e-15   5.174844191e-15   6.6697213e-15   8.596429299e-15   1.107971283e-14   1.428035202e-14   1.840557213e-14   2.372246041e-14   3.057525863e-14   3.940765097e-14   5.07914904e-14   6.546382323e-14   8.437460918e-14   1.087482265e-13   1.401627441e-13   1.806520942e-13   2.328377582e-13   3.000984953e-13   3.867890997e-13   4.985223519e-13   6.425324176e-13   8.281432239e-13   1.067372136e-12   1.375708023e-12   1.773114082e-12   2.285320354e-12   2.945489618e-12   3.796364512e-12   4.893034904e-12   6.306504682e-12   8.128288902e-12   1.047633892e-11   1.350267917e-11   1.740324994e-11   2.243059356e-11   2.891020524e-11   3.726160722e-11   4.802551075e-11   6.189882442e-11   7.977977548e-11   1.028260655e-10   1.325298258e-10   1.708142254e-10   2.201579865e-10   2.837558693e-10   3.657255166e-10   4.713740507e-10   6.075416824e-10   7.830445806e-10   1.009245675e-09   1.300790348e-09   1.676554649e-09   2.160867427e-09   2.785085497e-09   3.589623836e-09   4.626572254e-09   5.963067942e-09   7.685642269e-09   9.905823255e-09   1.276735644e-08   1.64555117e-08   2.120907853e-08   2.733582644e-08   3.523243153e-08   4.541015921e-08   5.852796611e-08   7.543516416e-08   9.722640929e-08   1.253125748e-07   1.615120984e-07   2.081687167e-07   2.683032104e-07   3.458089844e-07   4.457041458e-07   5.744564012e-07   7.404018065e-07   9.542844846e-07   1.22995225e-06   1.585253184e-06   2.0431912e-06   2.633415425e-06   3.394139815e-06   4.374617293e-06   5.638328587e-06   7.267092222e-06   9.366361745e-06   1.207205313e-05   1.555934434e-05   2.005401671e-05   2.584707233e-05   3.331357352e-05   4.293692391e-05   5.534016252e-05   7.132629597e-05   9.193027838e-05   0.0001184860017   0.0001527126288   0.0001968258519   0.0002536812657   0.0003269591174   0.0004214023592   0.0005431233575   0.0006999990166   0.0009021797389   0.0011627449   0.001498546829   0.001931297195   0.002488964882   0.003207573827   0.004133513776   0.005326507931   0.006863420225   0.008843133175   0.01139278639   0.01467573704   0.01890168735   0.02433951889   0.03133347356   0.04032341601   0.05186997704   0.06668537272   0.08567054681   0.1099588784   0.1409658507   0.1804425189   0.2305279707   0.2937917815   0.3732512552   0.4723398076   0.5947927412   0.744407126   0.9246287325   1.137930173   1.384983192   1.663705401   1.968375228   2.289125699   2.612176312   2.921054845   3.198759987   3.430410579   3.605632545   3.71995932   3.774890506   3.776761911   3.734948014   3.659995085   3.56211823   3.450243211   3.331567462   3.211507163   3.093875879   2.981167411   2.874857756   2.77567925   2.683847217   2.599235848   2.521508318   2.450209301   2.384828365   2.324841775   2.269738792   2.219037182   2.172291384   2.129095861   2.089085379   2.051933436   2.01734964   
44.14824121   9.289114412e-19   1.197249655e-18   1.54310376e-18   1.988866067e-18   2.563397444e-18   3.303895905e-18   4.258304999e-18   5.488417913e-18   7.073878266e-18   9.117336639e-18   1.175109668e-17   1.514568109e-17   1.952087213e-17   2.515994141e-17   3.242799028e-17   4.179558833e-17   5.386924039e-17   6.943065467e-17   8.948735445e-17   1.153379101e-16   1.48656015e-16   1.915988487e-16   2.469467438e-16   3.182831977e-16   4.10226887e-16   5.287307028e-16   6.814671708e-16   8.783252087e-16   1.132050384e-15   1.459070124e-15   1.880557313e-15   2.423801124e-15   3.12397386e-15   4.026408182e-15   5.189532172e-15   6.688652254e-15   8.620828909e-15   1.111116085e-14   1.432088455e-14   1.845781345e-14   2.378979288e-14   3.066204168e-14   3.951950338e-14   5.093565405e-14   6.564963198e-14   8.461409321e-14   1.090568912e-13   1.40560574e-13   1.811648467e-13   2.334986315e-13   3.009502776e-13   3.878869397e-13   4.999373291e-13   6.443561447e-13   8.30493778e-13   1.070401704e-12   1.379612754e-12   1.778146787e-12   2.291806876e-12   2.953849926e-12   3.807139895e-12   4.906923013e-12   6.324404702e-12   8.151359769e-12   1.050607436e-11   1.35410044e-11   1.745264632e-11   2.249425927e-11   2.89922623e-11   3.736736842e-11   4.81618236e-11   6.207451449e-11   8.00062178e-11   1.031179211e-10   1.329059909e-10   1.712990547e-10   2.207828703e-10   2.845612656e-10   3.667635709e-10   4.727119717e-10   6.092660938e-10   7.852671293e-10   1.01211026e-09   1.304482436e-09   1.681313285e-09   2.167000709e-09   2.792990523e-09   3.599812418e-09   4.63970405e-09   5.979993171e-09   7.707456754e-09   9.933939374e-09   1.280359457e-08   1.650221808e-08   2.126927716e-08   2.741341488e-08   3.533243323e-08   4.553904879e-08   5.869408852e-08   7.564927499e-08   9.750237114e-08   1.256682548e-07   1.619705251e-07   2.087595708e-07   2.690647468e-07   3.467905087e-07   4.469692069e-07   5.760869052e-07   7.425033204e-07   9.569930708e-07   1.233443276e-06   1.589752676e-06   2.048990477e-06   2.64088996e-06   3.403773546e-06   4.387033955e-06   5.654332094e-06   7.287718718e-06   9.392946687e-06   1.210631775e-05   1.560350708e-05   2.011093688e-05   2.592043517e-05   3.340812884e-05   4.305879359e-05   5.549723684e-05   7.152874441e-05   9.219120796e-05   0.0001188223055   0.0001531460795   0.000197384511   0.0002544012998   0.0003278871389   0.0004225984427   0.0005446649264   0.0007019858516   0.0009047404307   0.001166045163   0.001502800209   0.001936778863   0.002496029392   0.003216677979   0.004145246035   0.005341626271   0.006882900773   0.008868232702   0.0114251225   0.01471739094   0.01895533538   0.0244086004   0.03142240474   0.04043786112   0.05201719094   0.06687463067   0.08591367941   0.1102709302   0.1413658789   0.1809545427   0.231182068   0.2946253025   0.3743100809   0.4736795116   0.5964794177   0.746517522   0.9272491904   1.141153786   1.388904585   1.668412795   1.973939984   2.295590447   2.619543817   2.92928041   3.207750149   3.440029426   3.615714879   3.730327802   3.785372889   3.787204946   3.745226116   3.670013587   3.571812292   3.459573979   3.340516975   3.220073133   3.102067007   2.988999541   2.882350912   2.782855473   2.690729071   2.605845435   2.527866673   2.456336055   2.390741592   2.330557958   2.275272876   2.224402652   2.177500386   2.134159316   2.09401311   2.056734282   
44.40201005   7.227496577e-19   9.315331261e-19   1.200628677e-18   1.547458892e-18   1.994479283e-18   2.570632171e-18   3.313220555e-18   4.270323297e-18   5.503907982e-18   7.093843011e-18   9.143068677e-18   1.178426203e-17   1.518842704e-17   1.957596627e-17   2.523095081e-17   3.251951243e-17   4.191354884e-17   5.40212766e-17   6.962661017e-17   8.973991636e-17   1.156634305e-16   1.490755698e-16   1.921396019e-16   2.476437064e-16   3.191814946e-16   4.113846784e-16   5.302229498e-16   6.833904889e-16   8.808041231e-16   1.135245392e-15   1.463188087e-15   1.885864847e-15   2.430641865e-15   3.132790712e-15   4.037771993e-15   5.20417869e-15   6.707529768e-15   8.645159644e-15   1.11425201e-14   1.436130266e-14   1.85099073e-14   2.385693528e-14   3.074857976e-14   3.963104005e-14   5.107941074e-14   6.583491623e-14   8.485290123e-14   1.093646846e-13   1.409572809e-13   1.816761518e-13   2.341576392e-13   3.017996554e-13   3.889816806e-13   5.01348312e-13   6.461747237e-13   8.328376969e-13   1.07342272e-12   1.383506462e-12   1.783165285e-12   2.298275087e-12   2.962186635e-12   3.817884861e-12   4.920771918e-12   6.342254194e-12   8.174365512e-12   1.053572586e-11   1.357922144e-11   1.750190327e-11   2.255774526e-11   2.907408773e-11   3.747283108e-11   4.829775166e-11   6.22497086e-11   8.023202092e-11   1.034089528e-10   1.33281094e-10   1.717825154e-10   2.214059901e-10   2.853643885e-10   3.677986949e-10   4.740461159e-10   6.109856374e-10   7.874834041e-10   1.014966758e-09   1.308164102e-09   1.686058489e-09   2.173116678e-09   2.800873235e-09   3.609972239e-09   4.652798778e-09   5.996870623e-09   7.72920966e-09   9.961976125e-09   1.283973041e-08   1.654879262e-08   2.132930586e-08   2.74907843e-08   3.543215265e-08   4.566757454e-08   5.8859742e-08   7.586278142e-08   9.777755399e-08   1.260229308e-07   1.624276577e-07   2.093487571e-07   2.698241335e-07   3.477692624e-07   4.482306968e-07   5.777128065e-07   7.445989021e-07   9.596940111e-07   1.236924447e-06   1.594239466e-06   2.054773383e-06   2.648343395e-06   3.413380083e-06   4.399415567e-06   5.670290426e-06   7.308286989e-06   9.419456584e-06   1.214048565e-05   1.564754517e-05   2.016769637e-05   2.599359092e-05   3.350241725e-05   4.318031926e-05   5.565386777e-05   7.173062137e-05   9.245140098e-05   0.0001191576599   0.0001535783065   0.000197941593   0.0002551193013   0.0003288125408   0.0004237911499   0.0005462021437   0.0007039670781   0.0009072938941   0.001169336109   0.001507041583   0.001942245057   0.00250307396   0.003225756431   0.004156945177   0.005356701935   0.006902326332   0.008893261378   0.01145736733   0.01475892726   0.01900883197   0.02447748691   0.03151108489   0.0405519832   0.05216398932   0.06706335442   0.08615612577   0.1105821012   0.1417647781   0.1814651216   0.2318343195   0.2954564716   0.3753659192   0.4750154365   0.5981613372   0.7486219677   0.929862262   1.144368315   1.392814936   1.673106942   1.979489093   2.302037041   2.626890655   2.937482937   3.21671518   3.449621446   3.625769171   3.740667539   3.79582632   3.797619262   3.755476089   3.680004818   3.581480124   3.468879663   3.349442596   3.228616405   3.110236601   2.99681125   2.889824695   2.790013305   2.697593447   2.612438391   2.534209179   2.462447681   2.396640357   2.336260298   2.280793685   2.229755379   2.182697135   2.139210978   2.098929478   
44.65577889   5.62334354e-19   7.247780377e-19   9.341474521e-19   1.203998213e-18   1.551801799e-18   2.000076742e-18   2.57784659e-18   3.322519031e-18   4.282307859e-18   5.519354571e-18   7.113751716e-18   9.168728485e-18   1.181733428e-17   1.523105301e-17   1.963090576e-17   2.530176088e-17   3.261077768e-17   4.203117823e-17   5.417288605e-17   6.982201562e-17   8.999176934e-17   1.159880372e-16   1.494939469e-16   1.926788372e-16   2.483387127e-16   3.2007727e-16   4.125392198e-16   5.317110081e-16   6.853084084e-16   8.832760793e-16   1.138431431e-15   1.46729449e-15   1.891157482e-15   2.437463405e-15   3.141582816e-15   4.049103905e-15   5.218784096e-15   6.726354293e-15   8.669422082e-15   1.117379132e-14   1.440160732e-14   1.856185492e-14   2.392388921e-14   3.083487493e-14   3.974226364e-14   5.122276391e-14   6.601968038e-14   8.509103891e-14   1.09671614e-13   1.413528742e-13   1.821860216e-13   2.348147972e-13   3.026466491e-13   3.900733486e-13   5.027553343e-13   6.479881979e-13   8.351750364e-13   1.076435256e-12   1.38738924e-12   1.788169697e-12   2.304725142e-12   2.970499942e-12   3.828599665e-12   4.934581949e-12   6.360053582e-12   8.197306677e-12   1.056529413e-11   1.361733121e-11   1.755102195e-11   2.262105304e-11   2.915568348e-11   3.75779977e-11   4.843329817e-11   6.242441096e-11   8.045719021e-11   1.036991676e-10   1.336551443e-10   1.72264619e-10   2.220273608e-10   2.861652569e-10   3.688309133e-10   4.753765153e-10   6.127003543e-10   7.896934579e-10   1.017815239e-09   1.311835434e-09   1.690790373e-09   2.179215479e-09   2.80873382e-09   3.620103542e-09   4.665856749e-09   6.0137007e-09   7.750901507e-09   9.989934178e-09   1.287576481e-08   1.659523641e-08   2.138916605e-08   2.756793654e-08   3.553159216e-08   4.579573952e-08   5.902493048e-08   7.607568855e-08   9.805196441e-08   1.263766112e-07   1.628835071e-07   2.099362895e-07   2.705813887e-07   3.487452687e-07   4.494886458e-07   5.79334144e-07   7.466886015e-07   9.623873699e-07   1.240395847e-06   1.598713662e-06   2.060540056e-06   2.655775909e-06   3.422959654e-06   4.411762423e-06   5.686203964e-06   7.328797526e-06   9.445892068e-06   1.217455763e-05   1.569145964e-05   2.022429654e-05   2.606654132e-05   3.3596441e-05   4.330150381e-05   5.581005904e-05   7.193193166e-05   9.271086364e-05   0.0001194920731   0.0001540093204   0.0001984971113   0.0002558352874   0.0003297353451   0.0004249805091   0.0005477350461   0.0007059427433   0.00090984019   0.001172617818   0.001511271051   0.001947695907   0.002510098754   0.003234809401   0.004168611479   0.005371735282   0.006921697363   0.0089182198   0.01148952165   0.014800347   0.01906217841   0.02454618006   0.03159951613   0.04066578495   0.05231037566   0.06725154848   0.08639789167   0.1108923989   0.1421625578   0.1819742676   0.2324847408   0.2962853086   0.3764187955   0.476347614   0.5998385399   0.750720513   0.9324680097   1.147573839   1.396714336   1.677787953   1.985022686   2.308465627   2.634216997   2.945662618   3.225655289   3.459186862   3.635795653   3.750978769   3.806251039   3.808005094   3.765698163   3.689969001   3.591121937   3.478160464   3.358344516   3.237137158   3.118384829   3.004602694   2.897279254   2.797152887   2.704440478   2.619014839   2.540535952   2.46854429   2.402524765   2.341948891   2.286301315   2.23509545   2.187881718   2.144250929   
44.90954774   4.375166176e-19   5.639037226e-19   7.268007559e-19   9.367544806e-19   1.207358344e-18   1.556132584e-18   2.005658578e-18   2.585040871e-18   3.331791552e-18   4.294258969e-18   5.534758044e-18   7.133604849e-18   9.194316669e-18   1.185031422e-17   1.527355999e-17   1.96856919e-17   2.53723733e-17   3.270178818e-17   4.214847928e-17   5.432407231e-17   7.001687564e-17   9.024291931e-17   1.163117379e-16   1.499111561e-16   1.932165674e-16   2.49031779e-16   3.20970545e-16   4.136905386e-16   5.331949128e-16   6.872209743e-16   8.857411355e-16   1.141608578e-15   1.471389431e-15   1.896435344e-15   2.444265903e-15   3.150350378e-15   4.060404187e-15   5.233348733e-15   6.745126274e-15   8.693616796e-15   1.120497526e-14   1.444179948e-14   1.861365754e-14   2.399065625e-14   3.092092923e-14   3.985317676e-14   5.136571694e-14   6.620392879e-14   8.532851188e-14   1.099776867e-13   1.417473633e-13   1.826944683e-13   2.354701208e-13   3.034912786e-13   3.911619694e-13   5.041584292e-13   6.497966102e-13   8.375058517e-13   1.079439382e-12   1.391261181e-12   1.79316014e-12   2.311157193e-12   2.978790045e-12   3.839284561e-12   4.948353432e-12   6.377803286e-12   8.220183807e-12   1.059477986e-11   1.36553346e-11   1.760000353e-11   2.268418412e-11   2.923705147e-11   3.768287077e-11   4.856846633e-11   6.259862566e-11   8.068173098e-11   1.039885724e-10   1.340281505e-10   1.727453769e-10   2.226469971e-10   2.869638899e-10   3.698602505e-10   4.767032011e-10   6.144102849e-10   7.918973427e-10   1.020655768e-09   1.315496519e-09   1.695509048e-09   2.185297256e-09   2.816572464e-09   3.630206564e-09   4.678878271e-09   6.030483799e-09   7.772532804e-09   1.001781419e-08   1.291169863e-08   1.664155057e-08   2.144885916e-08   2.764487343e-08   3.56307541e-08   4.592354675e-08   5.918965788e-08   7.628800138e-08   9.832560886e-08   1.267293044e-07   1.633380841e-07   2.105221819e-07   2.7133653e-07   3.497185506e-07   4.507430834e-07   5.809509558e-07   7.487724679e-07   9.650732107e-07   1.243857556e-06   1.603175368e-06   2.066290633e-06   2.663187676e-06   3.432512486e-06   4.424074816e-06   5.702073081e-06   7.34925081e-06   9.472253763e-06   1.220853452e-05   1.573525153e-05   2.028073871e-05   2.61392881e-05   3.36902023e-05   4.34223501e-05   5.596581432e-05   7.213268003e-05   9.296960206e-05   0.0001198255527   0.0001544391311   0.000199051079   0.000256549275   0.0003306555735   0.0004261665485   0.0005492636697   0.0007079128938   0.0009123793784   0.001175890367   0.001515488713   0.001953131543   0.00251710394   0.003243837101   0.004180245217   0.005386726666   0.006941014325   0.008943108555   0.01152158622   0.01484165112   0.01911537593   0.02461468148   0.03168770054   0.04077926907   0.05245635342   0.06743921728   0.08663898281   0.1112018307   0.1425592274   0.1824819929   0.2331333471   0.297111833   0.3774687345   0.4776760757   0.6015110651   0.7528132073   0.9350664947   1.150770432   1.400602878   1.682455938   1.990540894   2.314876357   2.641523016   2.953819644   3.234570684   3.468725896   3.645794556   3.761261727   3.816647279   3.818362674   3.775892564   3.699906352   3.60073794   3.48741658   3.367222922   3.245635569   3.126511857   3.012374031   2.904714738   2.804274357   2.711270295   2.625574903   2.546847108   2.47462599   2.40839492   2.347623837   2.291795858   2.240422954   2.193054218   
45.16331658   3.403986117e-19   4.387308655e-19   5.65468735e-19   7.288178594e-19   9.393542725e-19   1.210709148e-18   1.560451347e-18   2.011224919e-18   2.592215182e-18   3.341038334e-18   4.306176905e-18   5.550118759e-18   7.153402873e-18   9.219833825e-18   1.188320262e-17   1.531594898e-17   1.974032596e-17   2.544278971e-17   3.279254606e-17   4.226545473e-17   5.44748389e-17   7.021119476e-17   9.049337214e-17   1.1663454e-16   1.503272073e-16   1.937528048e-16   2.497229214e-16   3.218613405e-16   4.148386616e-16   5.346746984e-16   6.891282312e-16   8.881993491e-16   1.144776905e-15   1.475473005e-15   1.901698556e-15   2.451049519e-15   3.159093604e-15   4.071673101e-15   5.247872942e-15   6.763846146e-15   8.71774435e-15   1.123607263e-14   1.448188007e-14   1.866531636e-14   2.405723796e-14   3.100674465e-14   3.996378202e-14   5.150827316e-14   6.638766577e-14   8.556532566e-14   1.102829098e-13   1.421407573e-13   1.832015036e-13   2.361236253e-13   3.043335635e-13   3.922475683e-13   5.055576293e-13   6.516000026e-13   8.39830197e-13   1.08243517e-12   1.395122374e-12   1.79813673e-12   2.31757139e-12   2.987057136e-12   3.849939798e-12   4.962086688e-12   6.395503721e-12   8.242997434e-12   1.062418375e-11   1.36932325e-11   1.764884914e-11   2.274713995e-11   2.931819359e-11   3.778745274e-11   4.870325928e-11   6.277235677e-11   8.090564847e-11   1.042771738e-10   1.344001213e-10   1.732248003e-10   2.232649134e-10   2.877603061e-10   3.708867305e-10   4.780262042e-10   6.16115469e-10   7.940951099e-10   1.023488413e-09   1.31914744e-09   1.700214626e-09   2.191362152e-09   2.824389349e-09   3.640281543e-09   4.691863648e-09   6.047220311e-09   7.794104057e-09   1.004561682e-08   1.294753271e-08   1.668773618e-08   2.150838657e-08   2.772159675e-08   3.572964079e-08   4.605099921e-08   5.935392802e-08   7.649972487e-08   9.859849372e-08   1.270810185e-07   1.637913993e-07   2.111064479e-07   2.720895753e-07   3.506891309e-07   4.519940389e-07   5.825632797e-07   7.508505499e-07   9.677515961e-07   1.247309657e-06   1.60762469e-06   2.072025247e-06   2.67057887e-06   3.442038801e-06   4.436353032e-06   5.717898149e-06   7.369647321e-06   9.498542282e-06   1.224241709e-05   1.577892186e-05   2.033702422e-05   2.621183294e-05   3.378370333e-05   4.354286093e-05   5.612113726e-05   7.233287116e-05   9.322762227e-05   0.0001201581067   0.0001548677488   0.0001996035089   0.0002572612806   0.0003315732476   0.0004273492957   0.0005507880501   0.0007098775756   0.0009149115185   0.001179153832   0.001519694668   0.00195855209   0.002524089681   0.003252839741   0.004191846662   0.005401676438   0.006960277667   0.008967928226   0.01155356179   0.01488284059   0.0191684258   0.02468299275   0.03177564018   0.04089243819   0.05260192601   0.06762636519   0.08687940479   0.1115104036   0.1429547961   0.1829883091   0.2337801536   0.2979360641   0.3785157606   0.4790008523   0.6031789519   0.7549000994   0.9376577772   1.153958168   1.404480653   1.687111005   1.996043843   2.321269378   2.648808879   2.961954201   3.243461567   3.478238763   3.655766106   3.771516644   3.827015274   3.828692233   3.786059516   3.709817089   3.61032834   3.496648208   3.376078   3.254111813   3.134617849   3.020125416   2.912131291   2.811377852   2.718083025   2.632118704   2.553142761   2.48069289   2.414250923   2.353285231   2.297277404   2.245737978   
45.41708543   2.648343853e-19   3.413381109e-19   4.399417615e-19   5.670294271e-19   7.308293947e-19   9.419468877e-19   1.214050701e-18   1.564758189e-18   2.016775894e-18   2.599369689e-18   3.350259591e-18   4.318061941e-18   5.565437072e-18   7.173146246e-18   9.245280541e-18   1.191600022e-17   1.535822096e-17   1.979480921e-17   2.551301174e-17   3.288305339e-17   4.238210727e-17   5.462518931e-17   7.040497746e-17   9.07431336e-17   1.16956451e-16   1.5074211e-16   1.94287562e-16   2.50412156e-16   3.227496769e-16   4.159836151e-16   5.361503991e-16   6.910302233e-16   8.906507769e-16   1.147936486e-15   1.479545306e-15   1.906947239e-15   2.457814409e-15   3.167812693e-15   4.082910908e-15   5.262357057e-15   6.782514343e-15   8.741805301e-15   1.126708416e-14   1.452185002e-14   1.871683258e-14   2.412363587e-14   3.109232318e-14   4.007408195e-14   5.165043585e-14   6.657089555e-14   8.580148572e-14   1.105872903e-13   1.425330654e-13   1.837071393e-13   2.367753259e-13   3.051735233e-13   3.933301706e-13   5.06952967e-13   6.533984169e-13   8.421481261e-13   1.085422688e-12   1.398972908e-12   1.803099582e-12   2.323967881e-12   2.995301405e-12   3.860565622e-12   4.975782034e-12   6.413155293e-12   8.265748084e-12   1.065350647e-11   1.373102578e-11   1.769755991e-11   2.280992199e-11   2.939911173e-11   3.7891746e-11   4.883768014e-11   6.29456083e-11   8.112894784e-11   1.045649785e-10   1.347710652e-10   1.737029003e-10   2.238811239e-10   2.885545237e-10   3.719103768e-10   4.793455552e-10   6.17815946e-10   7.962868102e-10   1.026313238e-09   1.322788283e-09   1.704907213e-09   2.197410305e-09   2.832184656e-09   3.65032871e-09   4.704813179e-09   6.063910623e-09   7.815615763e-09   1.007334269e-08   1.298326786e-08   1.673379428e-08   2.156774966e-08   2.779810828e-08   3.58282545e-08   4.617809985e-08   5.95177447e-08   7.67108639e-08   9.88706253e-08   1.274317618e-07   1.642434631e-07   2.116891012e-07   2.728405418e-07   3.51657032e-07   4.532415413e-07   5.841711527e-07   7.529228953e-07   9.704225878e-07   1.250752228e-06   1.61206173e-06   2.077744031e-06   2.67794966e-06   3.451538818e-06   4.448597354e-06   5.733679532e-06   7.389987527e-06   9.524758233e-06   1.227620612e-05   1.582247164e-05   2.039315435e-05   2.628417753e-05   3.387694625e-05   4.36630391e-05   5.627603144e-05   7.253250966e-05   9.348493022e-05   0.0001204897427   0.0001552951833   0.0002001544139   0.0002579713208   0.0003324883884   0.0004285287779   0.0005523082224   0.0007118368338   0.0009174366686   0.001182408288   0.001523889013   0.001963957674   0.002531056138   0.003261817531   0.004203416081   0.005416584941   0.006979487833   0.008992679382   0.01158544909   0.01492391636   0.01922132923   0.02475111546   0.03186333707   0.04100529493   0.05274709677   0.06781299654   0.08711916318   0.1118181248   0.1433492731   0.183493228   0.2344251752   0.2987580209   0.3795598979   0.4803219744   0.6048422386   0.7569812372   0.940241917   1.157137121   1.408347748   1.691753261   2.001531659   2.327644837   2.656074752   2.970066474   3.25232814   3.487725679   3.665710525   3.781743747   3.837355252   3.838993996   3.796199239   3.719701423   3.619893338   3.50585554   3.384909931   3.262566062   3.142702969   3.027857   2.919529056   2.818463507   2.724878795   2.63864636   2.559423024   2.486745096   2.420092875   2.358933169   2.302746046   
45.67085427   2.060413567e-19   2.655613145e-19   3.422750309e-19   4.411493331e-19   5.685858347e-19   7.328354076e-19   9.445323853e-19   1.217383082e-18   1.569053206e-18   2.02231163e-18   2.606504555e-18   3.359455532e-18   4.329914349e-18   5.580713331e-18   7.192835416e-18   9.270657397e-18   1.194870779e-17   1.540037688e-17   1.984914288e-17   2.558304099e-17   3.297331226e-17   4.249843956e-17   5.477512696e-17   7.059822817e-17   9.099220938e-17   1.172774782e-16   1.511558736e-16   1.948208512e-16   2.510994984e-16   3.236355745e-16   4.171254254e-16   5.376220485e-16   6.929269937e-16   8.930954747e-16   1.151087393e-15   1.483606428e-15   1.912181512e-15   2.464560727e-15   3.176507846e-15   4.094117863e-15   5.276801408e-15   6.80113129e-15   8.765800196e-15   1.129801055e-14   1.456171024e-14   1.876820738e-14   2.41898515e-14   3.117766677e-14   4.018407906e-14   5.179220826e-14   6.67536223e-14   8.603699745e-14   1.108908352e-13   1.429242965e-13   1.842113868e-13   2.374252373e-13   3.060111771e-13   3.944098007e-13   5.08344474e-13   6.551918939e-13   8.444596916e-13   1.088402005e-12   1.402812871e-12   1.80804881e-12   2.330346811e-12   3.003523041e-12   3.871162273e-12   4.989439782e-12   6.430758407e-12   8.288436277e-12   1.068274868e-11   1.376871531e-11   1.774613696e-11   2.287253168e-11   2.947980772e-11   3.799575295e-11   4.897173198e-11   6.311838421e-11   8.135163417e-11   1.048519931e-10   1.351409908e-10   1.741796877e-10   2.244956428e-10   2.89346561e-10   3.729312129e-10   4.806612842e-10   6.195117547e-10   7.984724936e-10   1.029130308e-09   1.326419131e-09   1.709586918e-09   2.203441855e-09   2.839958562e-09   3.660348295e-09   4.717727159e-09   6.080555114e-09   7.837068412e-09   1.010099245e-08   1.301890491e-08   1.677972594e-08   2.162694978e-08   2.787440976e-08   3.592659748e-08   4.630485154e-08   5.968111165e-08   7.692142328e-08   9.914200978e-08   1.277815422e-07   1.646942858e-07   2.122701548e-07   2.735894466e-07   3.526222758e-07   4.544856188e-07   5.857746116e-07   7.549895515e-07   9.730862468e-07   1.254185349e-06   1.616486589e-06   2.083447115e-06   2.685300216e-06   3.461012755e-06   4.460808062e-06   5.74941759e-06   7.410271893e-06   9.550902212e-06   1.23099024e-05   1.586590186e-05   2.044913038e-05   2.63563235e-05   3.39699332e-05   4.378288735e-05   5.643050038e-05   7.27316001e-05   9.374153177e-05   0.0001208204683   0.0001557214443   0.0002007038065   0.0002586794117   0.0003334010169   0.000429705022   0.0005538242214   0.0007137907133   0.0009199548864   0.00118565381   0.001528071843   0.001969348418   0.002538003469   0.003270770673   0.004214953739   0.005431452516   0.006998645262   0.00901736259   0.01161724885   0.01496487937   0.01927408742   0.02481905116   0.03195079322   0.04111784185   0.05289186902   0.06799911556   0.08735826343   0.1121250014   0.1437426673   0.1839967611   0.2350684266   0.2995777221   0.3806011703   0.4816394721   0.606500963   0.759056668   0.9428189728   1.160307363   1.412204251   1.69638281   2.007004467   2.334002878   2.663320798   2.978156645   3.261170602   3.497186853   3.675628035   3.791943263   3.84766744   3.849268186   3.806311952   3.729559565   3.629433137   3.515038767   3.393718897   3.270998486   3.150767375   3.035568935   2.926908175   2.825531455   2.731657731   2.645157991   2.565688008   2.492782713   2.425920877   2.364567745   
45.92462312   1.602979391e-19   2.066038202e-19   2.662862589e-19   3.432093928e-19   4.423536078e-19   5.701379927e-19   7.348359435e-19   9.471108237e-19   1.220706364e-18   1.573336497e-18   2.027832252e-18   2.613619939e-18   3.368626365e-18   4.341734396e-18   5.59594788e-18   7.212470828e-18   9.295964967e-18   1.198132606e-17   1.544241771e-17   1.99033282e-17   2.565287903e-17   3.306332469e-17   4.261445423e-17   5.492465522e-17   7.079095124e-17   9.124060511e-17   1.17597629e-16   1.515685076e-16   1.953526842e-16   2.517849641e-16   3.245190534e-16   4.182641182e-16   5.390896799e-16   6.948185854e-16   8.955334976e-16   1.154229697e-15   1.487656461e-15   1.917401495e-15   2.471288626e-15   3.185179259e-15   4.10529422e-15   5.291206322e-15   6.819697406e-15   8.789729578e-15   1.132885251e-14   1.460146162e-14   1.88194419e-14   2.425588633e-14   3.126277734e-14   4.029377586e-14   5.193359358e-14   6.693585015e-14   8.627186616e-14   1.111935513e-13   1.433144594e-13   1.847142575e-13   2.380733743e-13   3.068465439e-13   3.954864831e-13   5.097321818e-13   6.569804741e-13   8.467649459e-13   1.091373187e-12   1.406642349e-12   1.812984525e-12   2.336708325e-12   3.01172223e-12   3.881729993e-12   5.003060239e-12   6.448313458e-12   8.311062523e-12   1.071191106e-11   1.380630193e-11   1.779458138e-11   2.293497042e-11   2.956028338e-11   3.809947592e-11   4.910541781e-11   6.329068837e-11   8.157371251e-11   1.05138224e-10   1.355099064e-10   1.746551734e-10   2.251084838e-10   2.901364358e-10   3.739492618e-10   4.819734208e-10   6.212029332e-10   8.006522094e-10   1.031939687e-09   1.330040066e-09   1.714253846e-09   2.209456936e-09   2.847711243e-09   3.670340522e-09   4.730605879e-09   6.09715416e-09   7.858462488e-09   1.012856671e-08   1.305444466e-08   1.68255322e-08   2.168598826e-08   2.795050292e-08   3.602467196e-08   4.643125717e-08   5.984403256e-08   7.713140777e-08   9.941265329e-08   1.281303675e-07   1.651438777e-07   2.12849622e-07   2.743363067e-07   3.535848842e-07   4.557262995e-07   5.873736926e-07   7.570505651e-07   9.757426332e-07   1.257609095e-06   1.620899366e-06   2.089134628e-06   2.692630701e-06   3.470460825e-06   4.47298543e-06   5.765112679e-06   7.430500876e-06   9.576974809e-06   1.234350667e-05   1.59092135e-05   2.050495358e-05   2.642827249e-05   3.406266625e-05   4.390240836e-05   5.658454756e-05   7.293014695e-05   9.399743272e-05   0.0001211502908   0.0001561465415   0.000201251699   0.0002593855693   0.0003343111536   0.0004308780546   0.0005553360813   0.0007157392581   0.0009224662287   0.00118889047   0.001532243252   0.001974724444   0.002544931832   0.00327969937   0.004226459896   0.005446279497   0.007017750385   0.009041978405   0.01164896178   0.01500573053   0.01932670157   0.02488680138   0.03203801059   0.0412300815   0.05303624602   0.06818472647   0.08759671093   0.1124310402   0.1441349876   0.1844989197   0.2357099222   0.3003951861   0.3816396012   0.4829533751   0.6081551626   0.7611264386   0.9453890025   1.163468965   1.41605025   1.700999757   2.012462389   2.340343642   2.670547181   2.986224895   3.269989148   3.506622496   3.685518852   3.802115413   3.85795206   3.859515024   3.816397867   3.739391721   3.638947935   3.524198078   3.402505076   3.279409253   3.158811226   3.043261368   2.934268788   2.832581828   2.738419957   2.651653713   2.571937824   2.498805846   2.431735026   
46.17839196   1.247082129e-19   1.607331532e-19   2.071647562e-19   2.670092347e-19   3.441412175e-19   4.435546122e-19   5.716859359e-19   7.36831047e-19   9.496822604e-19   1.224020621e-18   1.577608157e-18   2.033337882e-18   2.620716002e-18   3.377772295e-18   4.353522346e-18   5.611141061e-18   7.232052921e-18   9.321203814e-18   1.201385575e-17   1.548434438e-17   1.995736639e-17   2.572252743e-17   3.315309269e-17   4.273015385e-17   5.507377745e-17   7.098315098e-17   9.148832632e-17   1.179169104e-16   1.51980021e-16   1.958830731e-16   2.524685685e-16   3.254001332e-16   4.193997189e-16   5.405533259e-16   6.967050404e-16   8.979649002e-16   1.157363468e-15   1.491695497e-15   1.922607302e-15   2.477998254e-15   3.193827124e-15   4.116440227e-15   5.305572119e-15   6.838213106e-15   8.813593979e-15   1.135961071e-14   1.464110507e-14   1.88705373e-14   2.432174185e-14   3.13476568e-14   4.040317477e-14   5.207459498e-14   6.711758315e-14   8.650609708e-14   1.114954455e-13   1.437035628e-13   1.852157627e-13   2.387197512e-13   3.076796422e-13   3.965602417e-13   5.111161212e-13   6.587641974e-13   8.490639402e-13   1.0943363e-12   1.410461429e-12   1.817906837e-12   2.343052564e-12   3.019899154e-12   3.892269016e-12   5.01664371e-12   6.465820838e-12   8.333627328e-12   1.074099425e-11   1.384378649e-11   1.784289425e-11   2.299723961e-11   2.964054051e-11   3.820291724e-11   4.923874061e-11   6.346252465e-11   8.179518779e-11   1.054236777e-10   1.358778202e-10   1.751293678e-10   2.257196607e-10   2.909241656e-10   3.749645462e-10   4.832819943e-10   6.228895193e-10   8.028260062e-10   1.034741437e-09   1.333651168e-09   1.718908101e-09   2.215455683e-09   2.855442872e-09   3.680305616e-09   4.743449628e-09   6.113708132e-09   7.879798469e-09   1.01560661e-08   1.30898879e-08   1.687121406e-08   2.174486642e-08   2.802638944e-08   3.612248011e-08   4.655731954e-08   6.000651105e-08   7.734082205e-08   9.968256188e-08   1.284782456e-07   1.655922487e-07   2.134275156e-07   2.750811387e-07   3.545448787e-07   4.569636112e-07   5.889684312e-07   7.591059819e-07   9.783918061e-07   1.261023545e-06   1.625300161e-06   2.094806696e-06   2.699941281e-06   3.479883239e-06   4.485129731e-06   5.780765147e-06   7.450674927e-06   9.602976606e-06   1.237701969e-05   1.595240753e-05   2.05606252e-05   2.650002611e-05   3.415514749e-05   4.402160482e-05   5.673817644e-05   7.312815465e-05   9.425263877e-05   0.0001214792177   0.0001565704843   0.0002017981038   0.0002600898093   0.0003352188189   0.0004320479019   0.0005568438357   0.0007176825116   0.0009249707514   0.001192118341   0.001536403334   0.001980085871   0.002551841382   0.003288603822   0.004237934808   0.005461066217   0.007036803628   0.009066527376   0.01168058861   0.01504647077   0.01937917285   0.02495436762   0.03212499114   0.04134201639   0.053180231   0.06836983339   0.08783451101   0.1127362481   0.1445262428   0.184999715   0.2363496764   0.3012104313   0.3826752137   0.4842637126   0.6098048741   0.763190595   0.9479520632   1.166621998   1.419885829   1.705604204   2.017905547   2.346667271   2.677754057   2.994271399   3.278783971   3.516032812   3.695383191   3.812260417   3.868209331   3.869734726   3.826457198   3.749198097   3.648437926   3.533333658   3.411268643   3.287798529   3.166834678   3.050934447   2.941611033   2.839614755   2.745165595   2.658133641   2.57817258   2.504814598   
46.4321608   9.701878277e-20   1.25044971e-19   1.611671919e-19   2.077241773e-19   2.677302579e-19   3.450705254e-19   4.447523729e-19   5.732296983e-19   7.38820762e-19   9.52246752e-19   1.227325927e-18   1.58186828e-18   2.038828643e-18   2.6277929e-18   3.386893524e-18   4.365278459e-18   5.626293207e-18   7.251582126e-18   9.346374495e-18   1.204629758e-17   1.552615781e-17   2.001125862e-17   2.579198773e-17   3.324261824e-17   4.2845541e-17   5.522249692e-17   7.117483161e-17   9.173537847e-17   1.182353294e-16   1.52390423e-16   1.964120295e-16   2.531503266e-16   3.262788333e-16   4.205322525e-16   5.420130188e-16   6.985864004e-16   9.003897359e-16   1.160488776e-15   1.495723624e-15   1.927799049e-15   2.484689762e-15   3.202451633e-15   4.12755613e-15   5.319899116e-15   6.856678798e-15   8.837393927e-15   1.139028584e-14   1.468064144e-14   1.892149469e-14   2.438741951e-14   3.143230701e-14   4.051227821e-14   5.221521555e-14   6.729882533e-14   8.673969538e-14   1.117965242e-13   1.440916153e-13   1.857159135e-13   2.393643824e-13   3.085104905e-13   3.976311003e-13   5.124963229e-13   6.605431032e-13   8.513567254e-13   1.097291411e-12   1.414270194e-12   1.822815854e-12   2.349379668e-12   3.028053993e-12   3.902779575e-12   5.030190495e-12   6.483280935e-12   8.356131189e-12   1.076999889e-11   1.388116981e-11   1.789107663e-11   2.305934062e-11   2.972058088e-11   3.830607918e-11   4.937170333e-11   6.363389682e-11   8.20160649e-11   1.057083604e-10   1.362447404e-10   1.756022816e-10   2.263291868e-10   2.917097679e-10   3.759770885e-10   4.845870335e-10   6.245715503e-10   8.049939319e-10   1.037535619e-09   1.337252517e-09   1.723549786e-09   2.221438229e-09   2.863153618e-09   3.690243796e-09   4.756258688e-09   6.130217394e-09   7.901076825e-09   1.018349122e-08   1.312523542e-08   1.691677255e-08   2.180358557e-08   2.810207101e-08   3.62200241e-08   4.668304144e-08   6.016855071e-08   7.754967074e-08   9.995174149e-08   1.288251842e-07   1.660394087e-07   2.140038485e-07   2.75823959e-07   3.555022803e-07   4.581975812e-07   5.905588628e-07   7.611558475e-07   9.810338241e-07   1.264428773e-06   1.629689069e-06   2.100463445e-06   2.707232116e-06   3.489280205e-06   4.497241232e-06   5.79637534e-06   7.470794491e-06   9.628908178e-06   1.24104422e-05   1.59954849e-05   2.061614645e-05   2.657158593e-05   3.424737896e-05   4.414047935e-05   5.689139039e-05   7.332562756e-05   9.450715556e-05   0.0001218072563   0.0001569932822   0.0002023430328   0.0002607921473   0.0003361240327   0.0004332145896   0.0005583475179   0.0007196205167   0.0009274685099   0.001195337495   0.00154055218   0.001985432818   0.00255873227   0.003297484225   0.004249378728   0.005475813   0.007055805413   0.009091010046   0.01171213001   0.01508710098   0.01943150242   0.02502175139   0.03221173677   0.04145364897   0.05332382712   0.06855444042   0.0880716689   0.1130406318   0.1449164415   0.1854991582   0.2369877033   0.3020234755   0.3837080307   0.4855705135   0.6114501338   0.7652491827   0.9505082115   1.16976653   1.423711074   1.710196251   2.023334058   2.352973901   2.684941586   3.002296334   3.287555261   3.525418005   3.705221263   3.82237849   3.878439473   3.879927509   3.836490154   3.758978892   3.657903304   3.54244569   3.420009772   3.296166478   3.174837886   3.058588317   2.948935047   2.846630365   2.751894766   2.66459789   2.584392385   
46.68592965   7.547624818e-20   9.727936176e-20   1.253808245e-19   1.616000646e-19   2.082820957e-19   2.684493443e-19   3.45997337e-19   4.45946916e-19   5.747693138e-19   7.408051321e-19   9.548043547e-19   1.230622354e-18   1.586116958e-18   2.044304654e-18   2.634850787e-18   3.39599025e-18   4.377002991e-18   5.64140465e-18   7.271058869e-18   9.37147756e-18   1.207865226e-17   1.556785891e-17   2.006500608e-17   2.586126143e-17   3.33319033e-17   4.296061817e-17   5.537081688e-17   7.136599733e-17   9.198176697e-17   1.185528931e-16   1.527997225e-16   1.96939565e-16   2.538302532e-16   3.27155173e-16   4.216617438e-16   5.434687906e-16   7.004627066e-16   9.028080578e-16   1.163605688e-15   1.49974093e-15   1.93297685e-15   2.491363294e-15   3.211052973e-15   4.138642173e-15   5.334187627e-15   6.875094886e-15   8.861129941e-15   1.142087857e-14   1.47200716e-14   1.89723152e-14   2.445292073e-14   3.151672982e-14   4.062108857e-14   5.235545837e-14   6.747958064e-14   8.697266616e-14   1.120967941e-13   1.444786254e-13   1.862147206e-13   2.400072819e-13   3.093391069e-13   3.986990823e-13   5.138728169e-13   6.623172303e-13   8.536433514e-13   1.100238584e-12   1.418068727e-12   1.827711685e-12   2.355689776e-12   3.036186926e-12   3.9132619e-12   5.043700888e-12   6.500694128e-12   8.378574598e-12   1.079892561e-11   1.391845271e-11   1.793912958e-11   2.312127481e-11   2.980040623e-11   3.840896399e-11   4.950430888e-11   6.380480864e-11   8.223634867e-11   1.059922784e-10   1.366106748e-10   1.760739249e-10   2.269370756e-10   2.924932599e-10   3.769869108e-10   4.858885671e-10   6.262490628e-10   8.071560339e-10   1.040322296e-09   1.340844192e-09   1.728179001e-09   2.227404704e-09   2.870843652e-09   3.700155279e-09   4.769033339e-09   6.146682307e-09   7.922298021e-09   1.021084266e-08   1.316048798e-08   1.696220865e-08   2.186214697e-08   2.817754927e-08   3.631730606e-08   4.680842561e-08   6.033015509e-08   7.775795839e-08   1.00220198e-07   1.291711907e-07   1.664853675e-07   2.145786331e-07   2.765647839e-07   3.564571101e-07   4.594282363e-07   5.921450219e-07   7.632002065e-07   9.836687448e-07   1.267824853e-06   1.634066188e-06   2.106104999e-06   2.714503366e-06   3.498651927e-06   4.509320198e-06   5.8119436e-06   7.490860008e-06   9.654770088e-06   1.244377493e-05   1.603844656e-05   2.067151856e-05   2.664295352e-05   3.433936266e-05   4.425903455e-05   5.704419275e-05   7.352257001e-05   9.476098863e-05   0.0001221344136   0.0001574149443   0.000202886498   0.0002614925985   0.0003370268148   0.0004343781432   0.0005598471608   0.0007215533157   0.0009299595586   0.001198548   0.001544689881   0.001990765401   0.002565604647   0.003306340772   0.004260791907   0.005490520169   0.007074756153   0.009115426949   0.01174358669   0.01512762204   0.01948369142   0.02508895415   0.03229824939   0.04156498169   0.05346703753   0.06873855158   0.08830818979   0.113344198   0.1453055922   0.18599726   0.2376240168   0.3028343365   0.3847380746   0.4868738063   0.6130909777   0.7673022465   0.9530575028   1.17290263   1.427526066   1.714776   2.028748044   2.35926367   2.692109921   3.010299872   3.296303207   3.534778274   3.715033278   3.832469846   3.888642697   3.890093582   3.846496941   3.768734308   3.667344259   3.551534357   3.428728635   3.304513261   3.182821001   3.066223121   2.956240963   2.853628784   2.758607589   2.671046572   
46.93969849   5.871628501e-20   7.567788369e-20   9.753924449e-20   1.257157805e-19   1.620317807e-19   2.088385232e-19   2.691665092e-19   3.469216721e-19   4.471382674e-19   5.763048154e-19   7.427842e-19   9.573551235e-19   1.233909974e-18   1.590354285e-18   2.049766033e-18   2.641889816e-18   3.40506267e-18   4.388696196e-18   5.656475715e-18   7.290483572e-18   9.396513551e-18   1.211092049e-17   1.560944859e-17   2.011860994e-17   2.593035003e-17   3.342094979e-17   4.307538787e-17   5.551874054e-17   7.155665227e-17   9.222749713e-17   1.188696083e-16   1.532079284e-16   1.974656909e-16   2.545083631e-16   3.280291711e-16   4.227882171e-16   5.449206726e-16   7.023339993e-16   9.052199181e-16   1.166714271e-15   1.503747502e-15   1.938140816e-15   2.498018994e-15   3.219631332e-15   4.149698595e-15   5.34843796e-15   6.893461767e-15   8.884802533e-15   1.145138955e-14   1.475939641e-14   1.902299992e-14   2.451824694e-14   3.160092707e-14   4.072960819e-14   5.249532648e-14   6.765985297e-14   8.720501446e-14   1.123962618e-13   1.448646014e-13   1.86712195e-13   2.406484636e-13   3.101655092e-13   3.997642106e-13   5.152456329e-13   6.640866171e-13   8.559238677e-13   1.103177881e-12   1.421857111e-12   1.832594434e-12   2.361983024e-12   3.044298128e-12   3.923716216e-12   5.057175183e-12   6.518060793e-12   8.400958039e-12   1.082777504e-11   1.395563599e-11   1.798705413e-11   2.318304351e-11   2.98800183e-11   3.85115739e-11   4.963656011e-11   6.397526379e-11   8.245604385e-11   1.062754378e-10   1.369756315e-10   1.765443081e-10   2.275433402e-10   2.932746584e-10   3.779940349e-10   4.87186623e-10   6.279220931e-10   8.093123588e-10   1.043101527e-09   1.34442627e-09   1.732795848e-09   2.233355237e-09   2.878513138e-09   3.710040278e-09   4.781773856e-09   6.163103227e-09   7.943462515e-09   1.023812102e-08   1.319564635e-08   1.700752336e-08   2.19205519e-08   2.825282586e-08   3.641432809e-08   4.693347476e-08   6.049132767e-08   7.796568951e-08   1.004879372e-07   1.295162728e-07   1.669301347e-07   2.15151882e-07   2.773036293e-07   3.574093887e-07   4.606556032e-07   5.93726943e-07   7.65239103e-07   9.862966252e-07   1.271211859e-06   1.638431611e-06   2.111731478e-06   2.721755187e-06   3.507998609e-06   4.521366889e-06   5.827470262e-06   7.510871911e-06   9.680562898e-06   1.247701859e-05   1.608129342e-05   2.072674271e-05   2.671413042e-05   3.443110059e-05   4.437727297e-05   5.719658684e-05   7.371898623e-05   9.501414348e-05   0.0001224606968   0.0001578354797   0.000203428511   0.0002621911782   0.0003379271847   0.0004355385879   0.0005613427967   0.0007234809505   0.0009324439513   0.001201749928   0.001548816526   0.001996083736   0.002572458661   0.003315173655   0.00427217459   0.005505188042   0.007093656259   0.009139778612   0.01177495932   0.01516803484   0.01953574097   0.02515597735   0.03238453086   0.04167601695   0.05360986531   0.06892217085   0.08854407878   0.1136469532   0.1456937033   0.1864940312   0.2382586307   0.3036430318   0.3857653678   0.488173619   0.6147274411   0.7693498307   0.9555999922   1.176030366   1.431330888   1.719343547   2.034147611   2.365536711   2.699259216   3.018282183   3.305027994   3.544113817   3.724819442   3.842534696   3.898819216   3.900233155   3.856477762   3.77846454   3.67676098   3.560599835   3.4374254   3.312839038   3.190784174   3.073839001   2.963528916   2.860610139   2.765304183   
47.19346734   4.567732745e-20   5.88723124e-20   7.58789833e-20   9.779843652e-20   1.260498463e-19   1.624623494e-19   2.09393472e-19   2.698817681e-19   3.478435506e-19   4.483264525e-19   5.778362361e-19   7.44758008e-19   9.598991131e-19   1.237188855e-18   1.59458035e-18   2.055212897e-18   2.648910137e-18   3.414110978e-18   4.400358323e-18   5.671506726e-18   7.309856648e-18   9.421483002e-18   1.214310297e-17   1.565092774e-17   2.017207133e-17   2.599925501e-17   3.350975963e-17   4.318985254e-17   5.566627106e-17   7.174680049e-17   9.24725742e-17   1.191854817e-16   1.536150494e-16   1.979904185e-16   2.551846708e-16   3.289008464e-16   4.239116966e-16   5.463686958e-16   7.042003186e-16   9.076253682e-16   1.169814593e-15   1.507743425e-15   1.943291057e-15   2.504657006e-15   3.228186891e-15   4.160725632e-15   5.362650419e-15   6.911779833e-15   8.908412209e-15   1.148181945e-14   1.479861671e-14   1.907354993e-14   2.458339953e-14   3.168490053e-14   4.083783939e-14   5.263482284e-14   6.783964619e-14   8.743674524e-14   1.126949335e-13   1.452495516e-13   1.872083472e-13   2.412879412e-13   3.109897152e-13   4.008265082e-13   5.166148004e-13   6.658513012e-13   8.581983229e-13   1.106109367e-12   1.425635427e-12   1.837464206e-12   2.368259545e-12   3.052387772e-12   3.934142747e-12   5.070613666e-12   6.535381303e-12   8.42328199e-12   1.08565478e-11   1.399272044e-11   1.803485131e-11   2.324464805e-11   2.995941878e-11   3.86139111e-11   4.976845984e-11   6.414526591e-11   8.267515514e-11   1.065578446e-10   1.373396183e-10   1.770134411e-10   2.281479934e-10   2.940539801e-10   3.789984823e-10   4.884812289e-10   6.295906769e-10   8.114629529e-10   1.045873371e-09   1.347998827e-09   1.737400424e-09   2.239289954e-09   2.88616224e-09   3.719899006e-09   4.794480513e-09   6.179480504e-09   7.96457076e-09   1.026532689e-08   1.323071127e-08   1.705271762e-08   2.197880161e-08   2.832790238e-08   3.651109225e-08   4.705819157e-08   6.065207189e-08   7.817286854e-08   1.007549648e-07   1.298604377e-07   1.673737199e-07   2.157236072e-07   2.780405111e-07   3.583591363e-07   4.61879708e-07   5.953046596e-07   7.672725807e-07   9.889175213e-07   1.274589863e-06   1.642785432e-06   2.117343004e-06   2.728987735e-06   3.517320449e-06   4.533381563e-06   5.842955658e-06   7.530830628e-06   9.706287156e-06   1.25101739e-05   1.61240264e-05   2.07818201e-05   2.678511815e-05   3.45225947e-05   4.449519714e-05   5.734857591e-05   7.391488042e-05   9.52666255e-05   0.0001227861128   0.0001582548974   0.0002039690835   0.0002628879013   0.0003388251617   0.0004366959484   0.0005628344575   0.000725403462   0.0009349217412   0.001204943345   0.001552932204   0.002001387936   0.002579294459   0.003323983062   0.004283527021   0.005519816931   0.007112506133   0.009164065555   0.01180624856   0.01520834023   0.0195876522   0.02522282243   0.03247058303   0.04178675712   0.05375231352   0.06910530215   0.08877934091   0.1139489038   0.1460807831   0.1869894824   0.2388915584   0.3044495787   0.3867899321   0.4894699795   0.616359559   0.7713919789   0.9581357338   1.179149804   1.435125621   1.723898991   2.039532885   2.371793159   2.706389621   3.026243434   3.313729805   3.55342483   3.734579956   3.852573247   3.908969239   3.910346434   3.86643282   3.788169782   3.686153651   3.569642303   3.446100234   3.321143967   3.198727553   3.081436096   2.970799037   2.867574552   
47.44723618   3.553339603e-20   4.579806456e-20   5.902792729e-20   7.607955127e-20   9.805694333e-20   1.26383029e-19   1.628917798e-19   2.099469536e-19   2.705951361e-19   3.48762992e-19   4.495114964e-19   5.793636082e-19   7.467265979e-19   9.624363771e-19   1.240459068e-18   1.598795242e-18   2.060645361e-18   2.655911898e-18   3.423135365e-18   4.41198962e-18   5.686498e-18   7.329178508e-18   9.446386442e-18   1.217520036e-17   1.569229723e-17   2.022539138e-17   2.606797783e-17   3.359833467e-17   4.33040146e-17   5.581341155e-17   7.193644602e-17   9.271700336e-17   1.195005201e-16   1.540210941e-16   1.985137589e-16   2.558591905e-16   3.297702172e-16   4.250322059e-16   5.47812891e-16   7.06061704e-16   9.100244591e-16   1.172906718e-15   1.511728785e-15   1.948427683e-15   2.511277468e-15   3.236719832e-15   4.171723516e-15   5.376825304e-15   6.930049472e-15   8.931959469e-15   1.151216889e-14   1.483773332e-14   1.912396631e-14   2.464837987e-14   3.1768652e-14   4.094578447e-14   5.277395043e-14   6.80189641e-14   8.766786339e-14   1.129928157e-13   1.456334841e-13   1.877031878e-13   2.419257283e-13   3.118117422e-13   4.018859973e-13   5.179803483e-13   6.676113201e-13   8.604667652e-13   1.109033103e-12   1.429403753e-12   1.842321104e-12   2.374519474e-12   3.06045603e-12   3.944541714e-12   5.084016622e-12   6.552656022e-12   8.445546924e-12   1.088524449e-11   1.402970685e-11   1.808252214e-11   2.330608973e-11   3.003860934e-11   3.871597775e-11   4.990001088e-11   6.43148186e-11   8.289368717e-11   1.068395048e-10   1.377026428e-10   1.774813338e-10   2.287510481e-10   2.948312416e-10   3.800002743e-10   4.897724124e-10   6.312548495e-10   8.136078614e-10   1.048637888e-09   1.35156194e-09   1.741992827e-09   2.245208982e-09   2.893791121e-09   3.729731671e-09   4.807153577e-09   6.195814485e-09   7.9856232e-09   1.029246083e-08   1.32656835e-08   1.709779241e-08   2.203689732e-08   2.840278043e-08   3.660760061e-08   4.718257866e-08   6.081239116e-08   7.837949984e-08   1.010212865e-07   1.302036928e-07   1.678161323e-07   2.162938211e-07   2.787754447e-07   3.593063731e-07   4.631005767e-07   5.968782053e-07   7.693006825e-07   9.915314885e-07   1.277958937e-06   1.647127743e-06   2.122939694e-06   2.736201162e-06   3.526617646e-06   4.545364475e-06   5.858400116e-06   7.55073658e-06   9.731943407e-06   1.254324155e-05   1.616664641e-05   2.083675187e-05   2.685591821e-05   3.461384693e-05   4.461280956e-05   5.750016316e-05   7.411025674e-05   9.551844004e-05   0.0001231106685   0.0001586732064   0.000204508227   0.0002635827825   0.0003397207647   0.0004378502492   0.0005643221749   0.000727320891   0.0009373929806   0.00120812832   0.001557037001   0.002006678114   0.002586112186   0.00333276918   0.00429484944   0.005534407147   0.007131306174   0.009188288292   0.01183745509   0.01524853907   0.01963942619   0.0252894908   0.03255640771   0.04189720455   0.05389438516   0.06928794935   0.08901398114   0.1142500563   0.1464668397   0.1874836242   0.2395228134   0.3052539941   0.3878117892   0.4907629151   0.6179873656   0.7734287341   0.960664781   1.18226101   1.438910345   1.728442426   2.044903973   2.378033143   2.713501286   3.034183793   3.32240882   3.562711504   3.744315023   3.862585704   3.91909297   3.920433623   3.876362311   3.797850227   3.695522456   3.578661933   3.454753302   3.329428202   3.206651285   3.089014544   2.978051456   
47.70100503   2.764182578e-20   3.562682611e-20   4.591848415e-20   5.918313296e-20   7.627959179e-20   9.831477032e-20   1.267153355e-19   1.633200809e-19   2.104989797e-19   2.713066281e-19   3.496800154e-19   4.506934239e-19   5.808869636e-19   7.486900109e-19   9.649669687e-19   1.243720682e-18   1.60299905e-18   2.06606354e-18   2.662895246e-18   3.43213602e-18   4.423590328e-18   5.701449849e-18   7.348449556e-18   9.471224392e-18   1.220721334e-17   1.573355793e-17   2.027857121e-17   2.613651993e-17   3.368667678e-17   4.341787644e-17   5.596016509e-17   7.212559283e-17   9.296078973e-17   1.1981473e-16   1.54426071e-16   1.99035723e-16   2.565319364e-16   3.306373018e-16   4.261497685e-16   5.492532882e-16   7.079181943e-16   9.124172409e-16   1.175990712e-15   1.515703664e-15   1.953550801e-15   2.51788052e-15   3.245230333e-15   4.182692478e-15   5.390962913e-15   6.948271066e-15   8.955444805e-15   1.154243853e-14   1.487674706e-14   1.91742501e-14   2.471318934e-14   3.185218322e-14   4.105344567e-14   5.291271213e-14   6.819781043e-14   8.789837375e-14   1.132899144e-13   1.46016407e-13   1.88196727e-13   2.425618381e-13   3.126316075e-13   4.029427002e-13   5.19342305e-13   6.693667105e-13   8.62729242e-13   1.11194915e-12   1.43316217e-12   1.847165229e-12   2.38076294e-12   3.068503071e-12   3.954913333e-12   5.097384331e-12   6.569885313e-12   8.467753307e-12   1.091386571e-11   1.4066596e-11   1.813006759e-11   2.336736983e-11   3.011759166e-11   3.881777599e-11   5.003121597e-11   6.44839254e-11   8.31116445e-11   1.071204243e-10   1.380647126e-10   1.779479961e-10   2.29352517e-10   2.95606459e-10   3.809994318e-10   4.910602003e-10   6.329146457e-10   8.157471292e-10   1.051395134e-09   1.355115683e-09   1.746573153e-09   2.251112445e-09   2.901399939e-09   3.739538478e-09   4.819793314e-09   6.212105511e-09   8.006620277e-09   1.031952341e-08   1.330056375e-08   1.714274866e-08   2.209484026e-08   2.847746156e-08   3.670385516e-08   4.730663863e-08   6.097228882e-08   7.858558775e-08   1.012869078e-07   1.305460451e-07   1.682573814e-07   2.168625354e-07   2.795084457e-07   3.602511188e-07   4.643182348e-07   5.984476129e-07   7.713234509e-07   9.941385816e-07   1.281319151e-06   1.651458635e-06   2.128521667e-06   2.74339562e-06   3.535890393e-06   4.557315874e-06   5.873803958e-06   7.570590183e-06   9.757532189e-06   1.257622225e-05   1.620915434e-05   2.089153919e-05   2.692653208e-05   3.470485919e-05   4.473011269e-05   5.765135177e-05   7.430511926e-05   9.576959237e-05   0.0001234343707   0.0001590904152   0.0002050459525   0.0002642758362   0.0003406140124   0.0004390015144   0.00056580598   0.0007292332776   0.0009398577212   0.00121130492   0.001561131004   0.002011954379   0.002592911983   0.003341532193   0.004306142084   0.005548958993   0.007150056776   0.009212447328   0.01186857956   0.01528863219   0.01969106403   0.02535598385   0.0326420067   0.04200736153   0.05403608321   0.06947011627   0.0892480044   0.1145504169   0.1468518813   0.1879764667   0.2401524088   0.306056295   0.3888309603   0.4920524528   0.6196108951   0.7754601389   0.9631871866   1.185364049   1.442685139   1.732973947   2.050260989   2.384256793   2.720594358   3.042103423   3.331065219   3.571974029   3.75402484   3.872572271   3.929190615   3.930494923   3.886266433   3.807506062   3.704867577   3.587658898   3.463384768   3.337691898   3.214555514   3.096574482   
47.95477387   2.15025901e-20   2.771412585e-20   3.572001178e-20   4.603858872e-20   5.93379326e-20   7.6479109e-20   9.857192283e-20   1.270467726e-19   1.637472616e-19   2.110495617e-19   2.720162588e-19   3.505946399e-19   4.518722595e-19   5.824063339e-19   7.506482875e-19   9.674909402e-19   1.246973763e-18   1.607191861e-18   2.071467544e-18   2.669860326e-18   3.441113128e-18   4.435160689e-18   5.716362585e-18   7.367670191e-18   9.495997364e-18   1.223914258e-17   1.577471069e-17   2.033161192e-17   2.620488272e-17   3.377478779e-17   4.353144041e-17   5.610653473e-17   7.231424482e-17   9.320393835e-17   1.201281178e-16   1.548299884e-16   1.995563216e-16   2.572029224e-16   3.31502118e-16   4.272644076e-16   5.506899173e-16   7.09769828e-16   9.148037631e-16   1.179066638e-15   1.519668145e-15   1.958660516e-15   2.524466299e-15   3.253718571e-15   4.193632746e-15   5.405063537e-15   6.966444992e-15   8.978868703e-15   1.157262898e-14   1.491565874e-14   1.922440234e-14   2.477782925e-14   3.193549592e-14   4.116082523e-14   5.305111084e-14   6.83761889e-14   8.81282811e-14   1.13586236e-13   1.463983281e-13   1.886889752e-13   2.431962838e-13   3.13449328e-13   4.039966388e-13   5.207006988e-13   6.711175088e-13   8.649858001e-13   1.114857569e-12   1.436910755e-12   1.851996682e-12   2.386990073e-12   3.07652906e-12   3.965257821e-12   5.110717071e-12   6.587069532e-12   8.489901596e-12   1.094241207e-11   1.410338865e-11   1.817748867e-11   2.342848961e-11   3.019636735e-11   3.891930792e-11   5.016207782e-11   6.465258982e-11   8.332903165e-11   1.074006089e-10   1.384258352e-10   1.784134376e-10   2.299524123e-10   2.963796485e-10   3.819959754e-10   4.923446194e-10   6.345700998e-10   8.178808007e-10   1.054145168e-09   1.358660129e-09   1.751141497e-09   2.257000464e-09   2.908988852e-09   3.74931963e-09   4.832399985e-09   6.228353919e-09   8.027562426e-09   1.03465152e-08   1.333535276e-08   1.71875873e-08   2.215263161e-08   2.855194732e-08   3.679985791e-08   4.743037407e-08   6.113176819e-08   7.879113654e-08   1.015518343e-07   1.308875019e-07   1.68697476e-07   2.174297619e-07   2.802395291e-07   3.611933931e-07   4.655327074e-07   6.000129149e-07   7.733409276e-07   9.967388545e-07   1.284670575e-06   1.655778197e-06   2.134089037e-06   2.750571257e-06   3.545138882e-06   4.569236007e-06   5.889167503e-06   7.59039185e-06   9.783054029e-06   1.260911667e-05   1.625155107e-05   2.094618318e-05   2.699696123e-05   3.479563336e-05   4.484710894e-05   5.780214487e-05   7.449947201e-05   9.602008767e-05   0.0001237572261   0.0001595065327   0.0002055822714   0.0002649670769   0.0003415049235   0.0004401497679   0.0005672859033   0.0007311406614   0.000942316014   0.001214473209   0.001565214297   0.002017216842   0.002599693992   0.003350272282   0.004317405186   0.005563472772   0.007168758326   0.009236543165   0.0118996226   0.01532862043   0.01974256679   0.02542230296   0.03272738177   0.04211723036   0.05417741061   0.06965180668   0.08948141551   0.114849992   0.1472359159   0.1884680203   0.2407803577   0.3068564979   0.3898474667   0.4933386192   0.621230181   0.7774862352   0.9657030026   1.188458984   1.446450079   1.737493648   2.055604041   2.390464237   2.727668982   3.050002484   3.339699176   3.581212593   3.763709603   3.882533146   3.939262372   3.940530531   3.896145378   3.817137474   3.714189191   3.59663337   3.471994792   3.345935207   3.222440384   
48.20854271   1.672664849e-20   2.155853965e-20   2.778623777e-20   3.581295495e-20   4.615838074e-20   5.949232939e-20   7.667810698e-20   9.882840613e-20   1.273773472e-19   1.641733306e-19   2.115987108e-19   2.727240428e-19   3.515068841e-19   4.530480272e-19   5.839217502e-19   7.526014679e-19   9.700083434e-19   1.250218378e-18   1.61137376e-18   2.076857485e-18   2.67680728e-18   3.450066875e-18   4.446700939e-18   5.731236511e-18   7.386840805e-18   9.520705868e-18   1.227098872e-17   1.581575635e-17   2.03845146e-17   2.62730676e-17   3.38626695e-17   4.364470885e-17   5.625252345e-17   7.250240586e-17   9.34464542e-17   1.204406902e-16   1.552328547e-16   2.000755655e-16   2.578721622e-16   3.323646837e-16   4.283761459e-16   5.521228078e-16   7.11616643e-16   9.171840747e-16   1.18213456e-15   1.523622308e-15   1.963756934e-15   2.531034939e-15   3.262184719e-15   4.204544542e-15   5.419127466e-15   6.984571623e-15   9.002231642e-15   1.160274086e-14   1.495446916e-14   1.927442407e-14   2.484230095e-14   3.20185918e-14   4.126792534e-14   5.318914937e-14   6.855410316e-14   8.835759013e-14   1.138817864e-13   1.467792553e-13   1.891799422e-13   2.438290785e-13   3.142649205e-13   4.050478346e-13   5.220555576e-13   6.728637508e-13   8.672364857e-13   1.117758419e-12   1.440649585e-12   1.856815561e-12   2.393201001e-12   3.084534162e-12   3.975575387e-12   5.124015113e-12   6.60420903e-12   8.511992248e-12   1.097088413e-11   1.414008554e-11   1.822478634e-11   2.348945034e-11   3.027493804e-11   3.902057563e-11   5.029259911e-11   6.48208153e-11   8.354585308e-11   1.076800644e-10   1.38786018e-10   1.788776679e-10   2.305507465e-10   2.971508258e-10   3.829899257e-10   4.936256959e-10   6.362212457e-10   8.200089195e-10   1.056888044e-09   1.362195351e-09   1.755697952e-09   2.262873159e-09   2.916558016e-09   3.759075327e-09   4.844973848e-09   6.244560043e-09   8.048450074e-09   1.037343674e-08   1.337005123e-08   1.723230925e-08   2.221027257e-08   2.862623925e-08   3.689561083e-08   4.75537875e-08   6.129083252e-08   7.89961504e-08   1.018160713e-07   1.312280701e-07   1.691364254e-07   2.179955123e-07   2.8096871e-07   3.621332152e-07   4.667440196e-07   6.015741434e-07   7.753531541e-07   9.993323605e-07   1.288013276e-06   1.660086517e-06   2.139641918e-06   2.757728219e-06   3.554363303e-06   4.58112512e-06   5.904491066e-06   7.610141984e-06   9.808509451e-06   1.264192548e-05   1.629383747e-05   2.100068497e-05   2.706720709e-05   3.488617129e-05   4.496380073e-05   5.795254554e-05   7.469331898e-05   9.626993108e-05   0.0001240792413   0.0001599215672   0.0002061171946   0.0002656565188   0.000342393516   0.0004412950332   0.0005687619754   0.0007330430814   0.0009447679093   0.001217633253   0.001569286963   0.00202246561   0.002606458352   0.003358989625   0.004328638977   0.005577948781   0.007187411208   0.009260576296   0.01193058486   0.01536850461   0.01979393552   0.02548844948   0.03281253467   0.04222681328   0.05431837023   0.0698330243   0.08971421926   0.1151487875   0.1476189512   0.188958295   0.241406673   0.3076546191   0.390861329   0.4946214407   0.6228452564   0.7795070645   0.9682122805   1.191545879   1.450205244   1.74200162   2.060933239   2.3966556   2.7347253   3.057881137   3.348310865   3.590427381   3.773369505   3.892468528   3.949308441   3.950540644   3.905999338   3.826744649   3.723487475   3.605585513   3.480583533   3.354158279   
48.46231156   1.301131673e-20   1.676994575e-20   2.161434436e-20   2.785816299e-20   3.590565749e-20   4.627786262e-20   5.964632646e-20   7.687658978e-20   9.908422541e-20   1.27707066e-19   1.645982965e-19   2.121464383e-19   2.734299944e-19   3.524167666e-19   4.54220751e-19   5.854332432e-19   7.545495917e-19   9.725192291e-19   1.253454593e-18   1.615544833e-18   2.082233471e-18   2.683736248e-18   3.458997442e-18   4.458211312e-18   5.74607193e-18   7.405961789e-18   9.545350404e-18   1.230275242e-17   1.585669575e-17   2.043728032e-17   2.634107595e-17   3.395032369e-17   4.375768404e-17   5.639813422e-17   7.269007977e-17   9.368834219e-17   1.207524533e-16   1.556346781e-16   2.00593465e-16   2.585396694e-16   3.332250163e-16   4.29485006e-16   5.535519886e-16   7.134586767e-16   9.195582238e-16   1.185194538e-15   1.527566235e-15   1.968840158e-15   2.537586573e-15   3.270628948e-15   4.215428089e-15   5.433154985e-15   7.002651324e-15   9.025534097e-15   1.163277478e-14   1.499317909e-14   1.93243163e-14   2.490660574e-14   3.210147256e-14   4.137474818e-14   5.332683054e-14   6.873155681e-14   8.85863055e-14   1.141765717e-13   1.471591963e-13   1.896696383e-13   2.444602349e-13   3.150784014e-13   4.060963089e-13   5.234069087e-13   6.746054719e-13   8.694813445e-13   1.120651759e-12   1.444378735e-12   1.861621965e-12   2.399395849e-12   3.09251854e-12   3.985866243e-12   5.137278727e-12   6.621304156e-12   8.534025708e-12   1.099928248e-11   1.417668744e-11   1.827196156e-11   2.355025325e-11   3.035330532e-11   3.912158116e-11   5.04227825e-11   6.498860527e-11   8.376211317e-11   1.079587964e-10   1.391452684e-10   1.793406962e-10   2.311475317e-10   2.979200066e-10   3.839813027e-10   4.949034557e-10   6.37868117e-10   8.221315288e-10   1.05962382e-09   1.365721421e-09   1.760242611e-09   2.268730651e-09   2.924107584e-09   3.768805768e-09   4.857515159e-09   6.26072421e-09   8.069283646e-09   1.040028859e-08   1.340465988e-08   1.727691543e-08   2.22677643e-08   2.870033883e-08   3.699111585e-08   4.767688142e-08   6.144948506e-08   7.920063349e-08   1.020796242e-07   1.315677565e-07   1.695742384e-07   2.18559798e-07   2.816960031e-07   3.630706042e-07   4.679521957e-07   6.031313299e-07   7.77360171e-07   1.001919152e-06   1.291347324e-06   1.664383684e-06   2.145180423e-06   2.764866653e-06   3.563563842e-06   4.592983453e-06   5.919774958e-06   7.629840987e-06   9.833898972e-06   1.267464935e-05   1.633601439e-05   2.105504566e-05   2.713727108e-05   3.497647483e-05   4.508019041e-05   5.810255684e-05   7.488666409e-05   9.651912767e-05   0.0001244004228   0.0001603355273   0.0002066507329   0.0002663441757   0.000343279808   0.0004424373335   0.0005702342259   0.0007349405762   0.0009472134569   0.001220785116   0.001573349085   0.002027700789   0.0026132052   0.003367684401   0.004339843685   0.005592387313   0.0072060158   0.009284547208   0.01196146696   0.01540828554   0.01984517126   0.02555442476   0.03289746712   0.04233611252   0.05445896495   0.0700137728   0.08994642037   0.1154468095   0.148000995   0.1894473007   0.2420313672   0.3084506749   0.3918725679   0.4959009433   0.624456154   0.7815226676   0.9707150709   1.194624797   1.453950709   1.746497954   2.066248689   2.402831007   2.741763454   3.065739539   3.356900458   3.599618576   3.783004736   3.90237861   3.959329017   3.960525455   3.915828502   3.836327768   3.732762604   3.614515494   3.489151148   
48.7160804   1.012110178e-20   1.30448233e-20   1.681313149e-20   2.167000533e-20   2.792990297e-20   3.599812127e-20   4.639703676e-20   5.97999269e-20   7.707456137e-20   9.933938581e-20   1.280359356e-19   1.650221678e-19   2.12692755e-19   2.741341277e-19   3.533243057e-19   4.553904543e-19   5.869408432e-19   7.564926979e-19   9.750236479e-19   1.256682472e-18   1.619705163e-18   2.087595612e-18   2.690647371e-18   3.467905006e-18   4.46969204e-18   5.760869139e-18   7.425033524e-18   9.569931465e-18   1.233443431e-17   1.58975297e-17   2.048991014e-17   2.640890915e-17   3.403775212e-17   4.387036825e-17   5.654336996e-17   7.287727032e-17   9.392960718e-17   1.210634134e-16   1.560354664e-16   2.011100307e-16   2.592054574e-16   3.34083133e-16   4.305910102e-16   5.549774884e-16   7.152959662e-16   9.219262581e-16   1.188246636e-15   1.531500003e-15   1.973910289e-15   2.544121332e-15   3.279051429e-15   4.226283604e-15   5.447146374e-15   7.02068446e-15   9.048776534e-15   1.166273135e-14   1.503178933e-14   1.937408003e-14   2.497074491e-14   3.218413985e-14   4.148129589e-14   5.346415709e-14   6.890855341e-14   8.881443179e-14   1.144705977e-13   1.475381587e-13   1.90158073e-13   2.450897656e-13   3.158897872e-13   4.071420828e-13   5.247547793e-13   6.763427071e-13   8.717204215e-13   1.123537646e-12   1.44809828e-12   1.866415989e-12   2.405574742e-12   3.100482353e-12   3.996130593e-12   5.15050818e-12   6.638355252e-12   8.556002419e-12   1.102760769e-11   1.421319506e-11   1.831901528e-11   2.361089955e-11   3.043147075e-11   3.922232654e-11   5.055263059e-11   6.515596307e-11   8.397781627e-11   1.082368105e-10   1.395035934e-10   1.798025321e-10   2.317427798e-10   2.986872063e-10   3.849701263e-10   4.961779246e-10   6.395107466e-10   8.242486712e-10   1.062352549e-09   1.369238409e-09   1.764775564e-09   2.274573057e-09   2.931637708e-09   3.778511147e-09   4.870024168e-09   6.276846745e-09   8.09006356e-09   1.042707128e-08   1.343917938e-08   1.732140671e-08   2.232510795e-08   2.877424757e-08   3.708637488e-08   4.77996583e-08   6.160772896e-08   7.940458993e-08   1.023424983e-07   1.319065681e-07   1.700109238e-07   2.191226303e-07   2.824214229e-07   3.640055789e-07   4.6915726e-07   6.046845058e-07   7.793620188e-07   1.004499281e-06   1.294672785e-06   1.668669783e-06   2.150704664e-06   2.771986702e-06   3.572740685e-06   4.604811244e-06   5.935019485e-06   7.649489253e-06   9.859223099e-06   1.270728894e-05   1.637808268e-05   2.110926634e-05   2.720715463e-05   3.506654579e-05   4.519628032e-05   5.825218177e-05   7.507951123e-05   9.676768244e-05   0.0001247207771   0.0001607484212   0.000207182897   0.0002670300615   0.0003441638173   0.0004435766917   0.0005717026846   0.0007368331839   0.0009496527057   0.001223928861   0.001577400746   0.002032922485   0.00261993467   0.003376356782   0.004351019534   0.005606788657   0.007224572474   0.009308456381   0.01199226953   0.01544796401   0.01989627504   0.02562023012   0.03298218083   0.04244513026   0.05459919758   0.0701940558   0.09017802349   0.1157440641   0.148382055   0.1899350472   0.242654453   0.3092446811   0.3928812035   0.4971771524   0.626062906   0.7835330849   0.9732114239   1.197695798   1.457686548   1.75098274   2.071550499   2.408990581   2.748783585   3.073577845   3.365468124   3.608786357   3.792615484   3.912263586   3.969324293   3.970485155   3.925633055   3.84588701   3.742014749   3.623423482   
48.96984925   7.872789124e-21   1.014703194e-20   1.307824402e-20   1.685620658e-20   2.172552368e-20   2.800145912e-20   3.609034812e-20   4.651590554e-20   5.995313376e-20   7.727202567e-20   9.959389239e-20   1.283639625e-19   1.654449531e-19   2.132376719e-19   2.748364568e-19   3.542295192e-19   4.565571604e-19   5.884445802e-19   7.584308252e-19   9.775216494e-19   1.259902081e-18   1.623854832e-18   2.092944012e-18   2.697540784e-18   3.476789747e-18   4.481143349e-18   5.775628432e-18   7.444056391e-18   9.59444954e-18   1.236603501e-17   1.593825902e-17   2.05424051e-17   2.647656852e-17   3.412495652e-17   4.398276373e-17   5.668823354e-17   7.30639812e-17   9.417025396e-17   1.213735768e-16   1.564352279e-16   2.016252727e-16   2.598695393e-16   3.349390508e-16   4.316941803e-16   5.563993356e-16   7.171285478e-16   9.242882246e-16   1.191290913e-15   1.535423692e-15   1.978967429e-15   2.550639347e-15   3.287452328e-15   4.237111303e-15   5.461101913e-15   7.038671388e-15   9.071959415e-15   1.169261116e-14   1.507030064e-14   1.942371624e-14   2.503471972e-14   3.226659532e-14   4.158757059e-14   5.360113177e-14   6.908509648e-14   8.904197354e-14   1.147638703e-13   1.479161501e-13   1.906452562e-13   2.457176833e-13   3.166990939e-13   4.08185177e-13   5.260991962e-13   6.780754908e-13   8.739537611e-13   1.126416139e-12   1.451808294e-12   1.87119773e-12   2.411737802e-12   3.10842576e-12   4.006368643e-12   5.163703734e-12   6.655362656e-12   8.577922818e-12   1.105586031e-11   1.424960913e-11   1.836594842e-11   2.367139046e-11   3.05094359e-11   3.932281378e-11   5.068214596e-11   6.532289204e-11   8.419296665e-11   1.085141122e-10   1.398610003e-10   1.802631845e-10   2.323365026e-10   2.994524401e-10   3.859564162e-10   4.974491279e-10   6.411491672e-10   8.263603886e-10   1.065074287e-09   1.372746385e-09   1.769296903e-09   2.280400492e-09   2.939148537e-09   3.788191658e-09   4.882501125e-09   6.292927968e-09   8.110790227e-09   1.045378534e-08   1.347361043e-08   1.7365784e-08   2.238230467e-08   2.884796692e-08   3.718138983e-08   4.792212058e-08   6.176556739e-08   7.960802375e-08   1.026046988e-07   1.322445115e-07   1.704464902e-07   2.196840204e-07   2.83144984e-07   3.649381578e-07   4.703592366e-07   6.062337019e-07   7.81358737e-07   1.007072799e-06   1.297989724e-06   1.672944899e-06   2.156214749e-06   2.779088506e-06   3.581894014e-06   4.616608727e-06   5.950224949e-06   7.669087173e-06   9.884482337e-06   1.27398449e-05   1.642004317e-05   2.116334808e-05   2.72768591e-05   3.515638595e-05   4.531207276e-05   5.840142331e-05   7.527186422e-05   9.701560031e-05   0.0001250403106   0.0001611602571   0.0002077136976   0.0002677141898   0.0003450455614   0.0004447131305   0.0005731673806   0.0007387209419   0.0009520857043   0.001227064551   0.001581442024   0.0020381308   0.002626646897   0.003385006941   0.004362166747   0.0056211531   0.007243081599   0.009332304291   0.01202299316   0.01548754081   0.01994724788   0.02568586687   0.03306667749   0.04255386867   0.05473907091   0.0703738769   0.09040903322   0.1160405571   0.1487621388   0.1904215442   0.2432759427   0.3100366536   0.3938872559   0.4984500936   0.6276655442   0.7855383561   0.975701389   1.200758944   1.461412836   1.755456068   2.076838771   2.415134443   2.755785829   3.08139621   3.374014031   3.617930903   3.802201936   3.922123644   3.979294459   3.980419932   3.935413181   3.855422554   3.751244081   
49.22361809   6.123839328e-21   7.892856305e-21   1.017289601e-20   1.311157953e-20   1.689917185e-20   2.17809005e-20   2.807283285e-20   3.618233986e-20   4.663447128e-20   6.010595004e-20   7.746898658e-20   9.984775016e-20   1.286911531e-19   1.658666605e-19   2.137811996e-19   2.755369954e-19   3.551324251e-19   4.577208922e-19   5.899444836e-19   7.603640115e-19   9.800132827e-19   1.263113482e-18   1.627993923e-18   2.098278778e-18   2.704416624e-18   3.485651837e-18   4.492565465e-18   5.790350099e-18   7.463030763e-18   9.618905111e-18   1.239755516e-17   1.597888451e-17   2.059476623e-17   2.654405542e-17   3.421193862e-17   4.409487267e-17   5.683272783e-17   7.325021611e-17   9.441028726e-17   1.216829494e-16   1.568339702e-16   2.021392012e-16   2.605319283e-16   3.357927867e-16   4.327945382e-16   5.57817558e-16   7.189564575e-16   9.266441697e-16   1.194327429e-15   1.539337378e-15   1.984011676e-15   2.557140746e-15   3.295831811e-15   4.247911399e-15   5.475021874e-15   7.056612462e-15   9.095083196e-15   1.17224148e-14   1.510871376e-14   1.947322591e-14   2.509853145e-14   3.234884058e-14   4.169357435e-14   5.373775725e-14   6.926118949e-14   8.926893521e-14   1.150563952e-13   1.482931779e-13   1.911311975e-13   2.463440003e-13   3.175063374e-13   4.092256121e-13   5.274401857e-13   6.798038571e-13   8.761814072e-13   1.129287294e-12   1.45550885e-12   1.87596728e-12   2.41788515e-12   3.116348916e-12   4.016580592e-12   5.176865648e-12   6.672326703e-12   8.599787334e-12   1.108404092e-11   1.428593037e-11   1.841276192e-11   2.373172715e-11   3.058720228e-11   3.942304484e-11   5.081133115e-11   6.548939546e-11   8.440756855e-11   1.087907069e-10   1.402174961e-10   1.807226625e-10   2.329287119e-10   3.002157232e-10   3.869401917e-10   4.987170904e-10   6.427834109e-10   8.284667226e-10   1.067789085e-09   1.376245418e-09   1.773806715e-09   2.286213071e-09   2.946640218e-09   3.797847489e-09   4.894946274e-09   6.308968195e-09   8.131464056e-09   1.048043129e-08   1.350795371e-08   1.741004815e-08   2.243935558e-08   2.892149834e-08   3.727616255e-08   4.804427066e-08   6.192300344e-08   7.981093895e-08   1.028662309e-07   1.325815933e-07   1.708809462e-07   2.202439794e-07   2.838667004e-07   3.658683592e-07   4.715581489e-07   6.077789486e-07   7.83350365e-07   1.009639756e-06   1.301298208e-06   1.677209117e-06   2.161710788e-06   2.786172205e-06   3.591024007e-06   4.628376135e-06   5.96539165e-06   7.688635132e-06   9.90967718e-06   1.277231786e-05   1.646189669e-05   2.121729195e-05   2.734638588e-05   3.524599708e-05   4.542757001e-05   5.855028438e-05   7.546372685e-05   9.726288616e-05   0.0001253590294   0.000161571043   0.0002082431449   0.0002683965741   0.0003459250577   0.0004458466721   0.0005746283425   0.0007406038875   0.0009545125005   0.001230192247   0.001585473   0.002043325838   0.002633342012   0.003393635048   0.004373285542   0.005635480923   0.00726154354   0.009356091405   0.01205363847   0.01552701671   0.01999809078   0.0257513363   0.03315095874   0.04266232989   0.05487858767   0.07055323961   0.0906394541   0.1163362944   0.1491412538   0.1909068013   0.2438958485   0.3108266079   0.3948907449   0.4997197917   0.6292641002   0.7875385206   0.9781850149   1.203814294   1.465129645   1.759918025   2.08211361   2.421262713   2.762770323   3.089194783   3.382538342   3.62705239   3.811764274   3.931958973   3.989239705   3.990329973   3.945169063   3.864934575   
49.47738693   4.763359451e-21   6.139369384e-21   7.912872588e-21   1.019869447e-20   1.31448305e-20   1.694202815e-20   2.183613686e-20   2.814402555e-20   3.627409827e-20   4.67527363e-20   6.025837872e-20   7.766544793e-20   1.00100964e-19   1.290175138e-19   1.662872984e-19   2.143233487e-19   2.762357572e-19   3.560330409e-19   4.588816724e-19   5.914405828e-19   7.622922946e-19   9.824985963e-19   1.266316738e-18   1.632122516e-18   2.103600013e-18   2.711275024e-18   3.49449145e-18   4.503958611e-18   5.805034427e-18   7.481957008e-18   9.643298654e-18   1.242899536e-17   1.601940696e-17   2.064699456e-17   2.661137114e-17   3.429870009e-17   4.420669726e-17   5.697685562e-17   7.343597865e-17   9.464971174e-17   1.219915373e-16   1.572317011e-16   2.026518262e-16   2.611926373e-16   3.366443572e-16   4.338921051e-16   5.592321833e-16   7.207797311e-16   9.289941392e-16   1.197356243e-15   1.543241137e-15   1.98904313e-15   2.563625655e-15   3.30419004e-15   4.258684102e-15   5.488906529e-15   7.074508031e-15   9.118148326e-15   1.175214284e-14   1.514702946e-14   1.952261001e-14   2.516218132e-14   3.243087724e-14   4.179930925e-14   5.387403619e-14   6.943683586e-14   8.949532122e-14   1.153481783e-13   1.486692493e-13   1.916159062e-13   2.469687286e-13   3.183115334e-13   4.102634082e-13   5.28777774e-13   6.815278396e-13   8.784034032e-13   1.132151167e-12   1.459200021e-12   1.880724733e-12   2.424016907e-12   3.124251977e-12   4.02676664e-12   5.189994179e-12   6.689247723e-12   8.621596394e-12   1.111215004e-11   1.432215949e-11   1.845945669e-11   2.379191081e-11   3.066477143e-11   3.952302168e-11   5.094018868e-11   6.565547656e-11   8.462162614e-11   1.090666002e-10   1.405730877e-10   1.811809752e-10   2.335194191e-10   3.009770702e-10   3.87921472e-10   4.999818369e-10   6.444135096e-10   8.305677141e-10   1.070496998e-09   1.379735576e-09   1.778305089e-09   2.292010907e-09   2.954112897e-09   3.80747883e-09   4.907359857e-09   6.324967738e-09   8.152085448e-09   1.050700967e-08   1.354220988e-08   1.745420003e-08   2.249626178e-08   2.899484326e-08   3.73706949e-08   4.816611093e-08   6.208004017e-08   8.001333948e-08   1.031270997e-07   1.329178202e-07   1.713143002e-07   2.208025181e-07   2.845865864e-07   3.667962014e-07   4.727540203e-07   6.093202759e-07   7.853369414e-07   1.012200202e-06   1.3045983e-06   1.681462519e-06   2.167192886e-06   2.793237938e-06   3.600130844e-06   4.640113697e-06   5.980519883e-06   7.70813351e-06   9.934808121e-06   1.280470845e-05   1.650364406e-05   2.1271099e-05   2.741573631e-05   3.533538092e-05   4.554277432e-05   5.869876789e-05   7.565510283e-05   9.75095448e-05   0.0001256769398   0.0001619807871   0.0002087712494   0.0002690772275   0.0003468023232   0.0004469773386   0.000576085599   0.0007424820573   0.0009569331413   0.00123331201   0.001589493751   0.0020485077   0.002640020146   0.003402241272   0.004384376136   0.005649772406   0.007279958654   0.009379818187   0.01208420606   0.0155663925   0.02004880473   0.02581663967   0.03323502623   0.04277051602   0.05501775059   0.07073214743   0.09086929061   0.1166312817   0.1495194074   0.1913908279   0.2445141824   0.3116145594   0.3958916899   0.5009862714   0.6308586049   0.7895336173   0.9806623498   1.206861908   1.468837047   1.764368692   2.087375117   2.427375508   2.769737202   3.096973715   3.391041222   3.636150992   3.821302679   3.941769758   3.999160215   4.000215462   3.95490088   
49.73115578   3.705078202e-21   4.775378366e-21   6.154860248e-21   7.932838358e-21   1.022442783e-20   1.317799755e-20   1.69847763e-20   2.189123383e-20   2.82150386e-20   3.636562512e-20   4.687070286e-20   6.041042274e-20   7.786141349e-20   1.003535389e-19   1.29343051e-19   1.667068747e-19   2.148641296e-19   2.769327556e-19   3.56931384e-19   4.600395232e-19   5.929329064e-19   7.642157115e-19   9.84977638e-19   1.26951191e-18   1.636240689e-18   2.108907819e-18   2.718116117e-18   3.503308755e-18   4.515323005e-18   5.819681697e-18   7.500835492e-18   9.667630637e-18   1.246035622e-17   1.605982715e-17   2.069909108e-17   2.667851699e-17   3.438524261e-17   4.431823966e-17   5.71206197e-17   7.36212724e-17   9.488853201e-17   1.222993465e-16   1.576284283e-16   2.031631576e-16   2.618516789e-16   3.374937787e-16   4.349869022e-16   5.606432386e-16   7.225984034e-16   9.313381784e-16   1.200377414e-15   1.547135046e-15   1.994061886e-15   2.570094198e-15   3.312527177e-15   4.26942962e-15   5.502756145e-15   7.092358439e-15   9.14115525e-15   1.178179586e-14   1.518524846e-14   1.957186949e-14   2.522567057e-14   3.251270687e-14   4.190477733e-14   5.400997123e-14   6.961203898e-14   8.972113593e-14   1.156392249e-13   1.490443718e-13   1.920993917e-13   2.475918805e-13   3.191146975e-13   4.112985853e-13   5.301119867e-13   6.832474715e-13   8.806197918e-13   1.135007812e-12   1.462881876e-12   1.88547018e-12   2.430133189e-12   3.132135094e-12   4.036926983e-12   5.203089579e-12   6.706126041e-12   8.643350417e-12   1.114018824e-11   1.435829718e-11   1.850603361e-11   2.385194259e-11   3.074214482e-11   3.962274622e-11   5.106872103e-11   6.582113854e-11   8.483514353e-11   1.093417971e-10   1.409277819e-10   1.816381313e-10   2.341086356e-10   3.017364959e-10   3.889002759e-10   5.012433917e-10   6.460394946e-10   8.326634036e-10   1.073198078e-09   1.383216927e-09   1.782792111e-09   2.297794112e-09   2.961566718e-09   3.817085866e-09   4.919742113e-09   6.340926904e-09   8.172654801e-09   1.053352097e-08   1.35763796e-08   1.749824049e-08   2.255302438e-08   2.906800309e-08   3.746498868e-08   4.828764372e-08   6.223668061e-08   8.021522925e-08   1.033873101e-07   1.332531987e-07   1.717465607e-07   2.213596473e-07   2.853046556e-07   3.67721702e-07   4.739468739e-07   6.108577136e-07   7.873185046e-07   1.014754187e-06   1.307890064e-06   1.685705188e-06   2.17266115e-06   2.800285839e-06   3.609214698e-06   4.651821638e-06   5.995609938e-06   7.727582682e-06   9.959875641e-06   1.283701731e-05   1.654528608e-05   2.132477026e-05   2.748491173e-05   3.542453919e-05   4.56576879e-05   5.884687669e-05   7.584599587e-05   9.775558098e-05   0.000125994048   0.0001623894972   0.0002092980211   0.0002697561633   0.0003476773749   0.0004481051518   0.0005775391779   0.0007443554873   0.0009593476735   0.001236423899   0.001593504357   0.002053676485   0.002646681428   0.003410825777   0.004395438742   0.005664027824   0.007298327296   0.009403485093   0.01211469651   0.01560566891   0.02009939069   0.02588177825   0.03331888158   0.04287842915   0.05515656235   0.07091060381   0.09109854717   0.1169255246   0.1498966069   0.1918736332   0.2451309564   0.3124005231   0.3968901101   0.502249557   0.6324490891   0.7915236844   0.9831334413   1.209901844   1.472535114   1.768808161   2.092623393   2.433472946   2.776686597   3.104733154   3.39952283   3.645226879   3.830817331   3.951556182   4.009056175   4.01007658   
49.98492462   2.881880137e-21   3.714379916e-21   4.787367103e-21   6.170312217e-21   7.952753996e-21   1.025009658e-20   1.321108133e-20   1.702741711e-20   2.194619246e-20   2.828587333e-20   3.645692215e-20   4.698837322e-20   6.056208499e-20   7.805688699e-20   1.006054796e-19   1.296677708e-19   1.671253975e-19   2.154035527e-19   2.77628004e-19   3.578274713e-19   4.611944668e-19   5.94421483e-19   7.661342989e-19   9.874504551e-19   1.272699059e-18   1.640348522e-18   2.114202298e-18   2.724940032e-18   3.512103921e-18   4.526658864e-18   5.834292189e-18   7.519666573e-18   9.691901526e-18   1.249163833e-17   1.610014585e-17   2.075105679e-17   2.674549424e-17   3.447156784e-17   4.442950198e-17   5.726402279e-17   7.380610091e-17   9.512675263e-17   1.226063829e-16   1.580241594e-16   2.03673205e-16   2.625090657e-16   3.383410673e-16   4.360789504e-16   5.62050751e-16   7.244125092e-16   9.336763319e-16   1.203390999e-15   1.551019176e-15   1.99906804e-15   2.5765465e-15   3.320843379e-15   4.280148156e-15   5.516570986e-15   7.110164026e-15   9.164104405e-15   1.181137443e-14   1.52233715e-14   1.962100528e-14   2.52890004e-14   3.259433103e-14   4.200998058e-14   5.414556495e-14   6.978680217e-14   8.994638364e-14   1.159295408e-13   1.494185523e-13   1.925816632e-13   2.482134676e-13   3.199158449e-13   4.123311633e-13   5.314428494e-13   6.849627856e-13   8.828306152e-13   1.137857284e-12   1.466554487e-12   1.890203712e-12   2.436234115e-12   3.139998416e-12   4.047061814e-12   5.216152098e-12   6.72296198e-12   8.665049818e-12   1.116815603e-11   1.439434413e-11   1.855249359e-11   2.391182364e-11   3.081932393e-11   3.972222036e-11   5.119693065e-11   6.598638456e-11   8.504812481e-11   1.096163031e-10   1.412815855e-10   1.820941395e-10   2.346963726e-10   3.024940148e-10   3.898766222e-10   5.025017789e-10   6.476613969e-10   8.347538311e-10   1.075892375e-09   1.386689536e-09   1.787267866e-09   2.303562796e-09   2.969001824e-09   3.826668779e-09   4.93209328e-09   6.356845999e-09   8.193172506e-09   1.05599657e-08   1.361046353e-08   1.754217037e-08   2.260964445e-08   2.914097921e-08   3.755904571e-08   4.840887136e-08   6.239292774e-08   8.041661208e-08   1.036468672e-07   1.33587735e-07   1.721777358e-07   2.219153776e-07   2.860209218e-07   3.686448788e-07   4.751367323e-07   6.12391291e-07   7.892950923e-07   1.017301759e-06   1.311173563e-06   1.689937203e-06   2.178115683e-06   2.807316044e-06   3.618275745e-06   4.663500181e-06   6.010662104e-06   7.746983019e-06   9.984880219e-06   1.286924504e-05   1.658682353e-05   2.137830676e-05   2.755391345e-05   3.55134736e-05   4.577231295e-05   5.89946136e-05   7.603640959e-05   9.800099939e-05   0.0001263103599   0.000162797181   0.0002098234702   0.0002704333944   0.0003485502295   0.0004492301332   0.000578989107   0.0007462242133   0.0009617561431   0.001239527976   0.001597504891   0.002058832291   0.002653325983   0.003419388727   0.004406473572   0.005678247448   0.007316649818   0.009427092575   0.0121451104   0.01564484671   0.02014984965   0.02594675328   0.03340252638   0.04298607133   0.05529502559   0.07108861211   0.09132722815   0.1172190289   0.1502728594   0.1923552266   0.2457461822   0.3131845142   0.3978860247   0.5035096727   0.6340355829   0.7935087598   0.9855983363   1.212934161   1.476223916   1.773236513   2.097858537   2.439555141   2.783618639   3.112473245   3.407983327   3.654280221   3.840308405   3.961318424   4.018927764   
50.23869347   2.241553013e-21   2.889079038e-21   3.723658392e-21   4.799325887e-21   6.185725581e-21   7.972619878e-21   1.027570119e-20   1.324408244e-20   1.706995139e-20   2.200101378e-20   2.83565311e-20   3.65479911e-20   4.71057496e-20   6.071336834e-20   7.825187214e-20   1.008567909e-19   1.299916793e-19   1.675428747e-19   2.159416282e-19   2.783215153e-19   3.5872132e-19   4.623465249e-19   5.959063406e-19   7.68048093e-19   9.899170943e-19   1.275878246e-18   1.644446093e-18   2.119483549e-18   2.731746899e-18   3.520877114e-18   4.537966403e-18   5.84886618e-18   7.538450608e-18   9.716111777e-18   1.252284229e-17   1.614036382e-17   2.080289268e-17   2.681230415e-17   3.455767739e-17   4.454048633e-17   5.740706762e-17   7.399046764e-17   9.536437809e-17   1.229126521e-16   1.584189018e-16   2.041819782e-16   2.631648101e-16   3.391862392e-16   4.371682703e-16   5.634547469e-16   7.262220828e-16   9.36008644e-16   1.206397054e-15   1.554893603e-15   2.004061688e-15   2.582982682e-15   3.329138806e-15   4.290839913e-15   5.530351313e-15   7.127925128e-15   9.186996226e-15   1.18408791e-14   1.52613993e-14   1.967001831e-14   2.535217201e-14   3.267575127e-14   4.211492099e-14   5.428081991e-14   6.996112875e-14   9.017106861e-14   1.162191314e-13   1.49791798e-13   1.930627298e-13   2.488335018e-13   3.207149908e-13   4.133611615e-13   5.327703871e-13   6.866738143e-13   8.850359153e-13   1.140699638e-12   1.470217922e-12   1.894925417e-12   2.442319798e-12   3.147842094e-12   4.057171325e-12   5.229181982e-12   6.739755857e-12   8.686695006e-12   1.119605394e-11   1.443030103e-11   1.859883749e-11   2.397155508e-11   3.089631022e-11   3.982144598e-11   5.132481996e-11   6.615121774e-11   8.526057398e-11   1.098901233e-10   1.416345051e-10   1.825490084e-10   2.352826413e-10   3.032496412e-10   3.908505292e-10   5.037570221e-10   6.492792471e-10   8.36839036e-10   1.078579941e-09   1.390153469e-09   1.791732439e-09   2.309317067e-09   2.976418354e-09   3.836227751e-09   4.944413588e-09   6.372725323e-09   8.21363895e-09   1.058634436e-08   1.36444623e-08   1.758599049e-08   2.266612306e-08   2.921377302e-08   3.765286774e-08   4.852979612e-08   6.254878451e-08   8.061749179e-08   1.039057758e-07   1.339214355e-07   1.726078337e-07   2.224697195e-07   2.867353986e-07   3.695657492e-07   4.76323618e-07   6.139210369e-07   7.912667417e-07   1.019842967e-06   1.314448859e-06   1.694158646e-06   2.18355659e-06   2.814328685e-06   3.627314153e-06   4.675149547e-06   6.025676664e-06   7.766334888e-06   1.000982233e-05   1.290139226e-05   1.662825721e-05   2.143170951e-05   2.762274279e-05   3.560218582e-05   4.588665162e-05   5.914198141e-05   7.622634759e-05   9.824580466e-05   0.0001266258816   0.0001632038463   0.0002103476065   0.0002711089335   0.0003494209033   0.0004503523039   0.0005804354138   0.0007480882707   0.0009641585954   0.001242624297   0.001601495432   0.002063975217   0.002659953939   0.003427930284   0.004417480832   0.005692431546   0.007334926563   0.009450641078   0.01217544831   0.01568392663   0.02020018254   0.02601156599   0.03348596222   0.0430934446   0.05543314292   0.07126617574   0.09155533787   0.1175117999   0.1506481721   0.1928356171   0.2463598714   0.3139665472   0.3988794523   0.5047666421   0.6356181163   0.7954888809   0.9880570814   1.215958914   1.479903521   1.777653832   2.103080647   2.445622207   2.790533459   3.120194132   3.416422868   3.663311185   3.849776077   3.971056665   
50.49246231   1.743479059e-21   2.247124548e-21   2.896260043e-21   3.732913801e-21   4.811254943e-21   6.201100629e-21   7.992436375e-21   1.030124216e-20   1.327700153e-20   1.711237993e-20   2.205569882e-20   2.842701321e-20   3.663883365e-20   4.722283419e-20   6.086427561e-20   7.844637257e-20   1.011074774e-19   1.303147825e-19   1.679593141e-19   2.16478366e-19   2.790133027e-19   3.596129466e-19   4.634957191e-19   5.973875069e-19   7.699571295e-19   9.923776015e-19   1.279049529e-18   1.648533477e-18   2.124751672e-18   2.738536845e-18   3.529628497e-18   4.549245832e-18   5.86340394e-18   7.557187947e-18   9.740261843e-18   1.255396868e-17   1.618048181e-17   2.08545997e-17   2.687894799e-17   3.464357288e-17   4.465119479e-17   5.754975685e-17   7.417437606e-17   9.560141284e-17   1.2321816e-16   1.588126629e-16   2.046894866e-16   2.638189244e-16   3.4002931e-16   4.382548822e-16   5.648552525e-16   7.280271579e-16   9.383351581e-16   1.209395638e-15   1.558758399e-15   2.009042922e-15   2.589402863e-15   3.33741361e-15   4.301505092e-15   5.544097383e-15   7.145642078e-15   9.209831139e-15   1.187031042e-14   1.529933256e-14   1.97189095e-14   2.541518659e-14   3.275696911e-14   4.221960054e-14   5.441573863e-14   7.013502196e-14   9.039519502e-14   1.165080021e-13   1.501641159e-13   1.935426006e-13   2.494519946e-13   3.2151215e-13   4.143885992e-13   5.340946247e-13   6.883805894e-13   8.872357332e-13   1.143534926e-12   1.47387225e-12   1.899635385e-12   2.448390352e-12   3.155666273e-12   4.067255704e-12   5.242179475e-12   6.756507985e-12   8.708286386e-12   1.122388251e-11   1.446616854e-11   1.864506618e-11   2.403113803e-11   3.097310514e-11   3.992042493e-11   5.145239134e-11   6.631564116e-11   8.547249502e-11   1.101632628e-10   1.419865475e-10   1.830027465e-10   2.358674525e-10   3.040033891e-10   3.918220152e-10   5.05009145e-10   6.508930755e-10   8.389190571e-10   1.081260826e-09   1.393608792e-09   1.796185914e-09   2.315057034e-09   2.983816447e-09   3.84576296e-09   4.956703269e-09   6.388565171e-09   8.234054517e-09   1.061265745e-08   1.367837655e-08   1.762970169e-08   2.272246128e-08   2.928638587e-08   3.774645655e-08   4.865042028e-08   6.270425383e-08   8.081787213e-08   1.041640408e-07   1.342543065e-07   1.730368624e-07   2.230226834e-07   2.874480992e-07   3.704843304e-07   4.775075532e-07   6.1544698e-07   7.932334898e-07   1.022377857e-06   1.317716012e-06   1.698369594e-06   2.18898397e-06   2.821323893e-06   3.636330093e-06   4.686769954e-06   6.040653899e-06   7.785638649e-06   1.003470243e-05   1.293345956e-05   1.66695879e-05   2.14849795e-05   2.769140102e-05   3.56906775e-05   4.600070605e-05   5.928898287e-05   7.641581342e-05   9.849000136e-05   0.0001269406189   0.0001636095006   0.0002108704399   0.0002717827932   0.0003502894128   0.0004514716851   0.0005818781251   0.0007499476941   0.0009665550755   0.001245712921   0.001605476052   0.002069105357   0.002666565417   0.003436450608   0.004428460729   0.005706580385   0.007353157875   0.009474131041   0.0122057108   0.01572290941   0.02025039031   0.02607621758   0.03356919065   0.04320055096   0.05557091692   0.071443298   0.09178288058   0.1178038433   0.1510225519   0.1933148136   0.2469720354   0.314746637   0.3998704115   0.5060204888   0.6371967188   0.7974640847   0.9905097221   1.21897616   1.483573999   1.7820602   2.10828982   2.451674257   2.797431183   3.127895958   3.424841609   3.672319937   3.859220519   
50.74623116   1.356060699e-21   1.747791159e-21   2.252682301e-21   2.903423286e-21   3.742146317e-21   4.82315449e-21   6.216437645e-21   8.012203854e-21   1.032671994e-20   1.330983918e-20   1.715470352e-20   2.211024858e-20   2.849732098e-20   3.67294515e-20   4.733962916e-20   6.101480959e-20   7.864039188e-20   1.013575438e-19   1.306370866e-19   1.683747234e-19   2.170137761e-19   2.797033788e-19   3.605023676e-19   4.646420706e-19   5.988650094e-19   7.718614438e-19   9.948320224e-19   1.282212968e-18   1.652610751e-18   2.130006763e-18   2.745309994e-18   3.538358232e-18   4.560497359e-18   5.87790574e-18   7.575878937e-18   9.764352171e-18   1.258501807e-17   1.622050056e-17   2.090617883e-17   2.694542697e-17   3.47292559e-17   4.476162939e-17   5.769209312e-17   7.435782955e-17   9.583786124e-17   1.235229122e-16   1.5920545e-16   2.051957396e-16   2.644714207e-16   3.408702953e-16   4.393388062e-16   5.662522939e-16   7.298277679e-16   9.406559172e-16   1.212386803e-15   1.562613634e-15   2.014011833e-15   2.595807164e-15   3.345667945e-15   4.312143889e-15   5.55780945e-15   7.163315203e-15   9.232609567e-15   1.189966894e-14   1.533717199e-14   1.976767975e-14   2.547804529e-14   3.283798604e-14   4.232402114e-14   5.455032362e-14   7.030848503e-14   9.061876703e-14   1.167961582e-13   1.505355128e-13   1.940212843e-13   2.500689576e-13   3.223073374e-13   4.154134954e-13   5.354155866e-13   6.900831427e-13   8.894301095e-13   1.1463632e-12   1.477517539e-12   1.904333702e-12   2.45444589e-12   3.163471097e-12   4.077315139e-12   5.255144816e-12   6.773218675e-12   8.729824357e-12   1.125164223e-11   1.450194732e-11   1.869118052e-11   2.40905736e-11   3.104971009e-11   4.001915904e-11   5.157964716e-11   6.647965786e-11   8.568389185e-11   1.104357266e-10   1.42337719e-10   1.834553623e-10   2.364508172e-10   3.047552725e-10   3.927910981e-10   5.062581706e-10   6.525029119e-10   8.409939331e-10   1.083935079e-09   1.397055567e-09   1.800628372e-09   2.320782803e-09   2.991196241e-09   3.855274582e-09   4.968962551e-09   6.404365838e-09   8.254419583e-09   1.063890545e-08   1.371220691e-08   1.767330475e-08   2.277866013e-08   2.93588191e-08   3.783981384e-08   4.877074606e-08   6.285933857e-08   8.101775681e-08   1.044216669e-07   1.34586354e-07   1.734648298e-07   2.235742794e-07   2.881590369e-07   3.714006393e-07   4.786885598e-07   6.169691485e-07   7.951953729e-07   1.024906476e-06   1.320975084e-06   1.702570126e-06   2.194397925e-06   2.828301798e-06   3.64532373e-06   4.698361616e-06   6.055594086e-06   7.80489466e-06   1.005952099e-05   1.296544754e-05   1.671081634e-05   2.153811772e-05   2.775988942e-05   3.57789503e-05   4.611447836e-05   5.943562071e-05   7.660481059e-05   9.873359401e-05   0.0001272545777   0.0001640141515   0.00021139198   0.0002724549861   0.0003511557738   0.0004525882973   0.0005833172677   0.000751802518   0.0009689456276   0.001248793905   0.001609446825   0.002074222808   0.002673160542   0.003444949855   0.004439413467   0.005720694224   0.007371344089   0.0094975629   0.01223589843   0.01576179575   0.02030047389   0.02614070925   0.03365221322   0.04330739239   0.05570835014   0.07161998216   0.09200986051   0.1180951643   0.1513960059   0.193792825   0.2475826857   0.3155247978   0.4008589207   0.5072712358   0.6387714195   0.7994344075   0.9929563039   1.221985956   1.487235417   1.786455698   2.113486152   2.457711402   2.804311939   3.135578863   3.433239702   3.681306639   
51   1.054717736e-21   1.359398097e-21   1.752092645e-21   2.258226374e-21   2.910568896e-21   3.751356107e-21   4.835024748e-21   6.23173691e-21   8.031922675e-21   1.035213501e-20   1.3342596e-20   1.719692293e-20   2.216466408e-20   2.856745569e-20   3.681984629e-20   4.745613665e-20   6.116497303e-20   7.883393362e-20   1.016069947e-19   1.309585973e-19   1.687891101e-19   2.175478684e-19   2.803917563e-19   3.613895994e-19   4.657856005e-19   6.003388751e-19   7.737610708e-19   9.972804019e-19   1.28536862e-18   1.656677988e-18   2.135248919e-18   2.752066472e-18   3.54706648e-18   4.571721192e-18   5.892371844e-18   7.594523921e-18   9.788383203e-18   1.261599104e-17   1.62604208e-17   2.095763099e-17   2.701174231e-17   3.481472802e-17   4.487179216e-17   5.783407903e-17   7.454083148e-17   9.607372765e-17   1.238269142e-16   1.595972703e-16   2.057007465e-16   2.651223109e-16   3.417092107e-16   4.404200622e-16   5.676458965e-16   7.316239459e-16   9.42970964e-16   1.215370607e-15   1.56645938e-15   2.018968515e-15   2.602195701e-15   3.353901963e-15   4.3227565e-15   5.571487766e-15   7.180944826e-15   9.255331927e-15   1.192895519e-14   1.537491828e-14   1.981632995e-14   2.554074926e-14   3.291880356e-14   4.242818472e-14   5.468457733e-14   7.048152113e-14   9.084178873e-14   1.17083605e-13   1.509059955e-13   1.944987898e-13   2.506844019e-13   3.231005675e-13   4.164358688e-13   5.36733297e-13   6.917815052e-13   8.916190845e-13   1.149184512e-12   1.481153855e-12   1.909020455e-12   2.460486523e-12   3.171256711e-12   4.087349812e-12   5.268078245e-12   6.789888232e-12   8.751309314e-12   1.127933363e-11   1.453763804e-11   1.873718136e-11   2.414986287e-11   3.112612648e-11   4.011765013e-11   5.170658974e-11   6.664327083e-11   8.589476834e-11   1.107075198e-10   1.426880261e-10   1.83906864e-10   2.370327459e-10   3.055053052e-10   3.937577956e-10   5.075041217e-10   6.541087857e-10   8.430637019e-10   1.08660275e-09   1.400493858e-09   1.805059896e-09   2.326494477e-09   2.998557869e-09   3.864762792e-09   4.981191656e-09   6.420127612e-09   8.274734521e-09   1.066508885e-08   1.3745954e-08   1.77168005e-08   2.283472065e-08   2.943107405e-08   3.793294135e-08   4.889077566e-08   6.301404159e-08   8.121714948e-08   1.046786589e-07   1.349175843e-07   1.738917438e-07   2.241245177e-07   2.888682246e-07   3.723146928e-07   4.798666595e-07   6.184875703e-07   7.97152427e-07   1.027428872e-06   1.324226133e-06   1.706760318e-06   2.199798555e-06   2.835262527e-06   3.65429523e-06   4.709924746e-06   6.070497499e-06   7.824103273e-06   1.008427846e-05   1.299735678e-05   1.67519433e-05   2.159112515e-05   2.782820923e-05   3.586700581e-05   4.622797062e-05   5.958189761e-05   7.679334255e-05   9.897658707e-05   0.0001275677637   0.0001644178064   0.0002119122363   0.0002731255244   0.0003520200024   0.0004537021611   0.0005847528679   0.0007536527764   0.0009713302954   0.001251867305   0.001613407825   0.002079327662   0.002679739433   0.003453428182   0.004450339245   0.005734773324   0.007389485539   0.009520937083   0.01226601176   0.01580058638   0.02035043419   0.02620504218   0.03373503143   0.04341397086   0.0558454451   0.07179623146   0.09223628179   0.1183857684   0.1517685407   0.1942696601   0.2481918333   0.3163010439   0.4018449978   0.508518906   0.6403422473   0.8013998854   0.9953968714   1.224988355   1.490887841   1.790840406   2.118669737   2.463733751   2.81117585   3.143242986   3.4416173   
