             0.5   0.7537688442   1.007537688   1.261306533   1.515075377   1.768844221   2.022613065   2.27638191   2.530150754   2.783919598   3.037688442   3.291457286   3.545226131   3.798994975   4.052763819   4.306532663   4.560301508   4.814070352   5.067839196   5.32160804   5.575376884   5.829145729   6.082914573   6.336683417   6.590452261   6.844221106   7.09798995   7.351758794   7.605527638   7.859296482   8.113065327   8.366834171   8.620603015   8.874371859   9.128140704   9.381909548   9.635678392   9.889447236   10.14321608   10.39698492   10.65075377   10.90452261   11.15829146   11.4120603   11.66582915   11.91959799   12.17336683   12.42713568   12.68090452   12.93467337   13.18844221   13.44221106   13.6959799   13.94974874   14.20351759   14.45728643   14.71105528   14.96482412   15.21859296   15.47236181   15.72613065   15.9798995   16.23366834   16.48743719   16.74120603   16.99497487   17.24874372   17.50251256   17.75628141   18.01005025   18.2638191   18.51758794   18.77135678   19.02512563   19.27889447   19.53266332   19.78643216   20.04020101   20.29396985   20.54773869   20.80150754   21.05527638   21.30904523   21.56281407   21.81658291   22.07035176   22.3241206   22.57788945   22.83165829   23.08542714   23.33919598   23.59296482   23.84673367   24.10050251   24.35427136   24.6080402   24.86180905   25.11557789   25.36934673   25.62311558   25.87688442   26.13065327   26.38442211   26.63819095   26.8919598   27.14572864   27.39949749   27.65326633   27.90703518   28.16080402   28.41457286   28.66834171   28.92211055   29.1758794   29.42964824   29.68341709   29.93718593   30.19095477   30.44472362   30.69849246   30.95226131   31.20603015   31.45979899   31.71356784   31.96733668   32.22110553   32.47487437   32.72864322   32.98241206   33.2361809   33.48994975   33.74371859   33.99748744   34.25125628   34.50502513   34.75879397   35.01256281   35.26633166   35.5201005   35.77386935   36.02763819   36.28140704   36.53517588   36.78894472   37.04271357   37.29648241   37.55025126   37.8040201   38.05778894   38.31155779   38.56532663   38.81909548   39.07286432   39.32663317   39.58040201   39.83417085   40.0879397   40.34170854   40.59547739   40.84924623   41.10301508   41.35678392   41.61055276   41.86432161   42.11809045   42.3718593   42.62562814   42.87939698   43.13316583   43.38693467   43.64070352   43.89447236   44.14824121   44.40201005   44.65577889   44.90954774   45.16331658   45.41708543   45.67085427   45.92462312   46.17839196   46.4321608   46.68592965   46.93969849   47.19346734   47.44723618   47.70100503   47.95477387   48.20854271   48.46231156   48.7160804   48.96984925   49.22361809   49.47738693   49.73115578   49.98492462   50.23869347   50.49246231   50.74623116   51   
0.5   0.2703367614   0.2851762368   0.2940535702   0.2967885733   0.293799778   0.2859605199   0.2743963682   0.2602873172   0.2447176819   0.2285886884   0.2125872315   0.1971940608   0.1827136891   0.1693122181   0.1570543558   0.1459352342   0.1359055571   0.1268902804   0.1188017833   0.1115487066   0.1050415663   0.09919607046   0.09393486153   0.0891882203   0.08489411297   0.08099784723   0.077451515   0.07421333832   0.07124699159   0.06852094431   0.06600784864   0.06368398385   0.06152876149   0.05952429045   0.05765499834   0.0559073042   0.05426933702   0.05273069461   0.05128223748   0.04991591306   0.04862460578   0.04740200942   0.04624251831   0.04514113447   0.04409338849   0.04309527178   0.04214317867   0.0412338567   0.04036436397   0.03953203233   0.03873443571   0.03796936267   0.03723479255   0.03652887487   0.03584991119   0.03519633941   0.03456671993   0.0339597235   0.03337412051   0.03280877157   0.03226261911   0.03173467994   0.03122403865   0.03072984162   0.03025129206   0.02978764471   0.02933820212   0.02890231051   0.02847935636   0.0280687634   0.02766998965   0.02728252487   0.0269058883   0.02653962643   0.02618331111   0.02583653778   0.02549892379   0.02517010697   0.02484974422   0.02453751027   0.02423309652   0.02393620995   0.02364657218   0.02336391851   0.02308799712   0.02281856825   0.0225554035   0.02229828517   0.02204700559   0.02180136661   0.02156117899   0.02132626194   0.02109644264   0.02087155579   0.02065144322   0.0204359535   0.02022494159   0.02001826846   0.01981580086   0.01961741095   0.01942297605   0.01923237838   0.01904550485   0.01886224675   0.01868249962   0.01850616298   0.0183331402   0.01816333827   0.01799666763   0.01783304204   0.01767237843   0.01751459672   0.0173596197   0.01720737293   0.01705778456   0.01691078529   0.01676630818   0.01662428861   0.01648466415   0.01634737449   0.01621236131   0.01607956825   0.01594894078   0.01582042617   0.01569397338   0.01556953301   0.01544705723   0.01532649972   0.01520781562   0.01509096144   0.01497589506   0.01486257562   0.01475096351   0.01464102032   0.01453270877   0.01442599271   0.01432083703   0.01421720766   0.0141150715   0.01401439644   0.01391515124   0.01381730558   0.01372082998   0.01362569579   0.01353187515   0.01343934098   0.01334806691   0.01325802733   0.0131691973   0.01308155254   0.01299506944   0.01290972499   0.0128254968   0.01274236306   0.01266030254   0.01257929452   0.01249931886   0.01242035589   0.01234238647   0.0122653919   0.012189354   0.012114255   0.01204007758   0.01196680485   0.01189442032   0.01182290791   0.01175225192   0.01168243703   0.01161344828   0.01154527106   0.01147789111   0.01141129451   0.01134546764   0.01128039721   0.01121607025   0.01115247404   0.0110895962   0.01102742459   0.01096594737   0.01090515295   0.01084502999   0.01078556741   0.01072675438   0.01066858029   0.01061103477   0.01055410768   0.01049778907   0.01044206924   0.01038693866   0.01033238804   0.01027840824   0.01022499034   0.0101721256   0.01011980547   0.01006802155   0.01001676564   0.009966029688   0.00991580581   0.009866086283   0.009816863538   
0.7537688442   0.3232729937   0.350036815   0.3704086233   0.383308593   0.3884343996   0.3862387727   0.3777582389   0.364365056   0.3475209663   0.3285871028   0.308710168   0.2887781734   0.2694258911   0.2510684711   0.2339461213   0.2181688449   0.2037555087   0.1906651584   0.1788206124   0.168125366   0.1584751571   0.1497655071   0.1418963527   0.1347746529   0.1283156319   0.1224431393   0.1170894639   0.1121948308   0.107706736   0.1035792171   0.09977212151   0.09625040886   0.09298350734   0.08994473217   0.08711076867   0.0844612178   0.08197819977   0.07964601056   0.07745082542   0.0753804438   0.07342407035   0.07157212715   0.06981609284   0.06814836475   0.06656214059   0.06505131737   0.06361040408   0.06223444697   0.06091896502   0.0596598943   0.0584535399   0.0572965342   0.05618580069   0.05511852244   0.05409211464   0.05310420047   0.05215259006   0.05123526194   0.05035034665   0.04949611234   0.04867095194   0.04787337161   0.04710198137   0.04635548506   0.04563267269   0.04493241351   0.04425364892   0.04359538712   0.04295669778   0.04233670676   0.04173459232   0.04114958113   0.04058094441   0.04002799488   0.0394900839   0.03896659854   0.03845695923   0.03796061742   0.03747705353   0.03700577508   0.03654631484   0.03609822928   0.03566109702   0.03523451746   0.03481810952   0.0344115104   0.03401437456   0.03362637262   0.03324719046   0.03287652834   0.03251410004   0.03215963215   0.03181286331   0.03147354358   0.03114143379   0.03081630499   0.0304979379   0.03018612236   0.02988065692   0.02958134835   0.02928801123   0.02900046756   0.02871854638   0.02844208346   0.02817092091   0.02790490691   0.02764389545   0.02738774597   0.02713632319   0.02688949682   0.02664714133   0.02640913576   0.02617536349   0.02594571205   0.02572007292   0.02549834141   0.02528041643   0.02506620038   0.02485559898   0.02464852111   0.02444487873   0.0242445867   0.0240475627   0.02385372709   0.02366300279   0.02347531521   0.02329059214   0.02310876363   0.02292976194   0.02275352143   0.02257997849   0.02240907142   0.02224074045   0.02207492757   0.02191157651   0.02175063269   0.02159204311   0.02143575633   0.02128172241   0.02112989285   0.02098022051   0.02083265962   0.02068716568   0.02054369544   0.02040220687   0.02026265906   0.02012501226   0.01998922777   0.01985526797   0.01972309622   0.01959267686   0.0194639752   0.01933695743   0.01921159064   0.01908784278   0.01896568261   0.01884507969   0.01872600438   0.01860842777   0.01849232167   0.01837765861   0.01826441179   0.01815255508   0.01804206299   0.01793291064   0.01782507376   0.01771852867   0.01761325224   0.01750922191   0.01740641563   0.01730481189   0.01720438967   0.01710512843   0.01700700814   0.01691000918   0.01681411241   0.01671929912   0.01662555102   0.01653285022   0.01644117923   0.01635052098   0.01626085872   0.01617217612   0.01608445718   0.01599768625   0.01591184802   0.01582692751   0.01574291005   0.01565978129   0.01557752719   0.01549613398   0.01541558822   0.0153358767   0.01525698652   0.01517890502   0.01510161982   0.01502511878   0.01494939001   0.01487442186   0.01480020291   
1.007537688   0.3470774419   0.3850389561   0.417629322   0.4428176644   0.4592920886   0.4666441134   0.4653494589   0.4565744288   0.4418904953   0.4229882746   0.4014546001   0.3786370083   0.3555887456   0.3330718839   0.311593849   0.2914575717   0.272812402   0.2556989843   0.2400855143   0.2258952756   0.2130265434   0.2013663517   0.1907995967   0.1812147447   0.1725071545   0.1645807771   0.1573487892   0.1507335553   0.1446661887   0.1390858941   0.1339392132   0.129179247   0.1247649016   0.1206601836   0.1168335579   0.1132573716   0.1099073451   0.1067621244   0.1038028927   0.1010130318   0.09837783102   0.09588423541   0.09352062915   0.09127664948   0.08914302649   0.08711144545   0.08517442824   0.08332523125   0.08155775731   0.07986647959   0.0782463757   0.07669287065   0.07520178721   0.07376930268   0.07239191125   0.07106639092   0.06978977469   0.06855932505   0.06737251161   0.06622699132   0.06512059093   0.06405129144   0.06301721428   0.06201660895   0.06104784197   0.06010938703   0.05919981594   0.05831779129   0.0574620583   0.05663143898   0.05582482584   0.05504117704   0.054279511   0.05353890235   0.05281847775   0.05211741225   0.05143492592   0.05077028077   0.05012277791   0.04949175498   0.04887658372   0.04827666782   0.04769144084   0.04712036436   0.04656292626   0.04601863909   0.04548703859   0.04496768232   0.04446014838   0.0439640342   0.04347895546   0.04300454504   0.04254045206   0.042086341   0.04164189084   0.04120679429   0.04078075705   0.04036349714   0.03995474424   0.03955423909   0.03916173294   0.03877698701   0.03839977199   0.03802986759   0.03766706205   0.03731115178   0.03696194096   0.03661924113   0.03628287089   0.03595265556   0.03562842685   0.0353100226   0.03499728646   0.03469006768   0.03438822082   0.03409160553   0.03380008636   0.03351353247   0.03323181753   0.03295481944   0.03268242023   0.0324145058   0.03215096586   0.03189169369   0.03163658605   0.03138554298   0.03113846776   0.03089526668   0.03065584899   0.03042012676   0.03018801477   0.02995943043   0.02973429363   0.0295125267   0.02929405427   0.02907880323   0.02886670262   0.02865768355   0.02845167913   0.02824862441   0.02804845628   0.02785111344   0.02765653631   0.02746466698   0.02727544915   0.02708882809   0.02690475053   0.0267231647   0.02654402021   0.026367268   0.02619286035   0.02602075079   0.02585089409   0.02568324618   0.02551776415   0.02535440618   0.02519313154   0.02503390054   0.02487667448   0.02472141564   0.02456808724   0.02441665341   0.02426707919   0.02411933043   0.02397337387   0.023829177   0.02368670813   0.02354593632   0.02340683135   0.02326936374   0.02313350469   0.02299922606   0.02286650039   0.02273530084   0.02260560118   0.02247737578   0.02235059961   0.02222524819   0.02210129759   0.02197872441   0.02185750578   0.02173761933   0.02161904317   0.02150175591   0.02138573661   0.02127096477   0.02115742036   0.02104508375   0.02093393574   0.02082395754   0.02071513074   0.02060743733   0.02050085966   0.02039537998   0.0202909828   0.02018765011   0.02008536616   0.01998411502   0.01988388112   0.01978464917   
1.261306533   0.3487834726   0.3957359689   0.4394619223   0.4772298011   0.5067234324   0.5264276505   0.5358401262   0.5354549205   0.5265493775   0.5108662408   0.4902931234   0.4666111714   0.4413408387   0.4156776849   0.3904935314   0.3663755352   0.3436810664   0.3225939299   0.3031742142   0.2853987679   0.2691920924   0.2544487963   0.2410492291   0.2288699095   0.217790146   0.2076959663   0.1984822069   0.1900533816   0.182323773   0.1752170521   0.1686656337   0.1626099043   0.1569974104   0.1517820611   0.1469233759   0.142385794   0.1381380526   0.1341526334   0.1304052752   0.1268745484   0.1235414839   0.120389252   0.1174028849   0.1145690364   0.1118757761   0.1093124105   0.1068693297   0.1045378749   0.1023102241   0.1001792931   0.09813864973   0.09618244004   0.09430532346   0.09250241675   0.09076924502   0.08910169892   0.08749599706   0.08594865306   0.08445644652   0.08301639743   0.08162574342   0.08028191975   0.07898254134   0.07772538694   0.07650838484   0.07532960016   0.07418722316   0.07307956005   0.07200502215   0.07096211867   0.06994944851   0.0689656941   0.06800961451   0.06708004005   0.06617586752   0.06529605493   0.06443961732   0.063605623   0.0627931899   0.06200148219   0.06122970736   0.06047711326   0.05974298558   0.05902664551   0.0583274475   0.05764477719   0.05697804958   0.05632670725   0.05569021872   0.05506807697   0.05445979802   0.0538649196   0.05328299999   0.05271361681   0.05215636603   0.05161086093   0.05107673117   0.05055362197   0.05004119325   0.0495391189   0.04904708602   0.04856479431   0.04809195541   0.0476282923   0.04717353875   0.04672743881   0.04628974629   0.04586022432   0.04543864489   0.04502478845   0.04461844353   0.04421940633   0.04382748042   0.04344247637   0.04306421147   0.0426925094   0.04232719999   0.04196811892   0.04161510749   0.04126801236   0.04092668535   0.04059098321   0.0402607674   0.03993590393   0.03961626316   0.03930171961   0.03899215181   0.03868744213   0.03838747664   0.03809214497   0.03780134014   0.03751495846   0.0372328994   0.03695506546   0.03668136206   0.03641169744   0.03614598254   0.03588413091   0.03562605862   0.03537168415   0.03512092833   0.03487371424   0.03462996711   0.03438961429   0.03415258515   0.03391881101   0.03368822506   0.03346076235   0.03323635964   0.03301495542   0.03279648981   0.03258090454   0.03236814285   0.03215814948   0.03195087059   0.03174625376   0.03154424789   0.03134480319   0.03114787113   0.0309534044   0.03076135689   0.03057168362   0.03038434071   0.03019928539   0.0300164759   0.02983587151   0.02965743247   0.02948111999   0.02930689617   0.02913472405   0.02896456751   0.02879639129   0.02863016094   0.02846584281   0.02830340402   0.02814281245   0.0279840367   0.02782704609   0.02767181061   0.02751830093   0.02736648839   0.02721634493   0.02706784312   0.02692095615   0.02677565775   0.02663192225   0.02648972452   0.02634903997   0.02620984452   0.02607211463   0.02593582722   0.02580095971   0.02566748998   0.02553539639   0.02540465772   0.02527525319   0.02514716246   0.02502036558   0.02489484302   0.02477057563   
1.515075377   0.3343689751   0.3872468075   0.4396498667   0.4885936566   0.5310575344   0.5644693521   0.587131531   0.5984573821   0.5989570324   0.5900067485   0.5735019053   0.5515055597   0.5259717444   0.4985745974   0.4706360265   0.4431252012   0.4166999613   0.3917659465   0.3685375641   0.3470922627   0.3274147522   0.309430863   0.2930322463   0.2780936481   0.2644844972   0.2520763223   0.2407472103   0.2303842333   0.2208845215   0.2121554663   0.2041143904   0.1966879138   0.1898111676   0.1834269527   0.1774849058   0.1719407063   0.1667553451   0.1618944635   0.1573277624   0.153028481   0.14897294   0.1451401429   0.1415114298   0.1380701777   0.1348015412   0.1316922284   0.1287303076   0.1259050404   0.1232067373   0.1206266329   0.1181567781   0.1157899463   0.1135195517   0.1113395795   0.1092445231   0.1072293309   0.105289359   0.1034203295   0.1016182944   0.0998796035   0.09820087567   0.09657897409   0.09501098376   0.09349419167   0.09202606906   0.09060425561   0.08922654525   0.08789087302   0.08659530537   0.08533802612   0.08411733143   0.08293161844   0.08177937848   0.08065919011   0.07956971307   0.07850968178   0.0774779006   0.07647323877   0.07549462607   0.0745410489   0.07361154609   0.0727052058   0.07182116244   0.07095859343   0.07011671677   0.06929478839   0.06849209993   0.06770797655   0.06694177497   0.06619288161   0.06546071086   0.06474470352   0.06404432529   0.0633590654   0.0626884353   0.06203196744   0.06138921418   0.06075974671   0.06014315405   0.05953904216   0.05894703303   0.05836676387   0.05779788639   0.05724006602   0.05669298126   0.05615632306   0.05562979419   0.05511310868   0.05460599131   0.05410817709   0.05361941079   0.05313944648   0.05266804713   0.05220498418   0.05175003719   0.05130299347   0.05086364773   0.05043180178   0.0500072642   0.04958985007   0.04917938069   0.04877568332   0.04837859093   0.04798794196   0.0476035801   0.04722535409   0.0468531175   0.04648672854   0.0461260499   0.04577094852   0.0454212955   0.04507696586   0.04473783846   0.04440379582   0.04407472396   0.04375051232   0.0434310536   0.04311624365   0.04280598134   0.04250016849   0.04219870971   0.04190151234   0.04160848633   0.04131954418   0.04103460081   0.04075357349   0.04047638179   0.04020294744   0.03993319433   0.03966704837   0.03940443746   0.03914529143   0.03888954193   0.03863712242   0.0383879681   0.03814201582   0.03789920409   0.03765947295   0.03742276399   0.03718902026   0.03695818622   0.03673020775   0.03650503204   0.03628260757   0.03606288411   0.03584581262   0.03563134525   0.03541943532   0.03521003722   0.03500310646   0.03479859958   0.03459647412   0.03439668865   0.03419920266   0.03400397659   0.03381097178   0.03362015045   0.03343147567   0.03324491135   0.03306042219   0.03287797369   0.03269753211   0.03251906444   0.0323425384   0.03216792241   0.03199518557   0.03182429766   0.03165522908   0.03148795089   0.03132243472   0.03115865284   0.03099657808   0.03083618383   0.03067744405   0.03052033321   0.03036482633   0.03021089893   0.03005852702   0.0299076871   0.02975835614   
1.768844221   0.309181399   0.3646970254   0.422537125   0.4799463078   0.5336859275   0.5804711116   0.6174958695   0.6428960999   0.6560082252   0.657357175   0.648409546   0.6311998688   0.6079509451   0.5807740125   0.551482753   0.5215136214   0.4919238992   0.4634352946   0.4364969885   0.4113509463   0.3880902287   0.3667066114   0.3471271326   0.3292408217   0.3129174485   0.2980201516   0.284413566   0.2719687524   0.2605659222   0.2500956891   0.2404593698   0.2315686964   0.2233451903   0.2157193616   0.2086298411   0.2020225121   0.1958496816   0.1900693125   0.184644327   0.1795419833   0.1747333243   0.1701926927   0.1658973086   0.161826901   0.1579633887   0.154290604   0.1507940535   0.1474607113   0.1442788408   0.1412378396   0.1383281059   0.1355409228   0.132868357   0.1303031721   0.1278387517   0.1254690333   0.1231884499   0.1209918792   0.1188745987   0.1168322462   0.1148607852   0.1129564741   0.1111158388   0.1093356485   0.1076128942   0.1059447692   0.1043286519   0.1027620907   0.1012427892   0.09976859571   0.09833748798   0.09694756797   0.09559704877   0.09428424795   0.09300757923   0.09176554591   0.09055673439   0.08937980834   0.08823350342   0.08711662236   0.08602803048   0.0849666517   0.08393146454   0.0829214988   0.08193583225   0.08097358776   0.0800339304   0.07911606495   0.07821923358   0.07734271358   0.07648581538   0.07564788062   0.07482828037   0.0740264135   0.07324170517   0.07247360534   0.07172158747   0.07098514725   0.07026380143   0.06955708674   0.06886455883   0.0681857913   0.06752037484   0.06686791633   0.06622803806   0.06560037696   0.06498458394   0.06438032314   0.06378727136   0.06320511748   0.06263356182   0.06207231571   0.0615211009   0.06097964916   0.06044770177   0.05992500916   0.05941133045   0.05890643312   0.0584100926   0.05792209198   0.05744222166   0.05697027902   0.0565060682   0.05604939972   0.05560009031   0.05515796262   0.05472284496   0.05429457112   0.05387298011   0.053457916   0.05304922766   0.05264676866   0.05225039699   0.05185997497   0.05147536907   0.05109644972   0.05072309121   0.05035517149   0.04999257211   0.04963517802   0.0492828775   0.04893556199   0.04859312603   0.04825546712   0.0479224856   0.04759408461   0.04727016993   0.04695064992   0.04663543544   0.04632443973   0.04601757839   0.04571476921   0.04541593222   0.04512098948   0.04482986514   0.04454248527   0.04425877787   0.04397867278   0.04370210159   0.04342899765   0.04315929598   0.04289293319   0.04262984749   0.0423699786   0.04211326769   0.04185965741   0.04160909174   0.04136151605   0.04111687699   0.04087512246   0.04063620163   0.04040006483   0.04016666356   0.03993595042   0.03970787913   0.03948240447   0.03925948222   0.03903906918   0.03882112313   0.03860560278   0.03839246775   0.03818167858   0.03797319666   0.03776698423   0.03756300435   0.03736122087   0.03716159843   0.03696410243   0.03676869899   0.03657535497   0.0363840379   0.03619471602   0.0360073582   0.03582193398   0.03563841353   0.03545676761   0.03527696759   0.03509898542   0.03492279362   0.03474836525   
2.022613065   0.2778039062   0.3329729081   0.3928603331   0.4553099945   0.517370626   0.5755681242   0.6263729127   0.6667625689   0.6947190361   0.709507864   0.711668002   0.7027498846   0.6849168967   0.6605395362   0.6318741865   0.6008631792   0.5690484032   0.5375680938   0.5072025149   0.4784406667   0.4515496359   0.4266366477   0.4036998273   0.3826672248   0.3634254068   0.3458395577   0.3297670568   0.3150662522   0.3016018157   0.2892477355   0.2778887274   0.2674206201   0.257750104   0.2487941091   0.2404789901   0.2327396322   0.2255185511   0.2187650306   0.2124343211   0.2064869104   0.200887871   0.1956062806   0.190614713   0.185888793   0.1814068085   0.1771493737   0.1730991376   0.1692405309   0.1655595479   0.1620435571   0.1586811374   0.1554619364   0.1523765475   0.1494164026   0.1465736794   0.1438412204   0.1412124618   0.1386813716   0.1362423958   0.1338904097   0.1316206767   0.1294288105   0.1273107426   0.125262693   0.123281144   0.1213628174   0.1195046538   0.1177037937   0.1159575614   0.1142634493   0.1126191063   0.1110223229   0.1094710221   0.1079632485   0.1064971609   0.1050710213   0.1036831899   0.1023321166   0.1010163361   0.0997344609   0.09848517656   0.09726723702   0.09607945994   0.09492072266   0.09378995837   0.09268615269   0.09160834038   0.09055560238   0.08952706302   0.08852188747   0.08753927935   0.08657847851   0.08563875897   0.08471942697   0.08381981923   0.08293930123   0.08207726567   0.08123313101   0.08040634009   0.07959635888   0.07880267523   0.07802479782   0.07726225503   0.076514594   0.07578137969   0.07506219398   0.07435663487   0.07366431571   0.07298486445   0.07231792296   0.07166314637   0.07102020249   0.07038877116   0.06976854381   0.06915922282   0.06856052112   0.0679721617   0.06739387715   0.06682540927   0.06626650865   0.06571693433   0.06517645342   0.06464484075   0.06412187858   0.06360735629   0.06310107006   0.06260282264   0.06211242305   0.06162968634   0.06115443337   0.06068649057   0.06022568972   0.05977186773   0.05932486649   0.05888453265   0.05845071742   0.05802327646   0.05760206966   0.05718696101   0.05677781844   0.05637451369   0.05597692216   0.0555849228   0.05519839795   0.05481723326   0.05444131755   0.05407054269   0.05370480355   0.05334399781   0.05298802596   0.05263679112   0.05229019902   0.05194815786   0.05161057829   0.05127737324   0.05094845795   0.05062374981   0.05030316833   0.04998663509   0.04967407362   0.0493654094   0.04906056974   0.04875948377   0.04846208236   0.04816829808   0.04787806513   0.04759131931   0.04730799796   0.04702803991   0.04675138545   0.04647797629   0.04620775548   0.04594066742   0.0456766578   0.04541567354   0.0451576628   0.04490257491   0.04465036035   0.04440097072   0.04415435869   0.043910478   0.04366928341   0.04343073067   0.0431947765   0.04296137857   0.04273049547   0.04250208666   0.04227611248   0.04205253413   0.04183131362   0.04161241376   0.04139579813   0.04118143109   0.04096927773   0.04075930386   0.04055147599   0.04034576132   0.04014212771   0.03994054368   0.03974097836   
2.27638191   0.2438892221   0.2963568921   0.3552696085   0.4192543864   0.4860245253   0.5524454237   0.6148226558   0.6693977645   0.7129460247   0.7433056495   0.7596762609   0.7626102913   0.7537368785   0.7353400593   0.7099284197   0.6798938653   0.647298683   0.613782918   0.5805600357   0.5484645972   0.5180224223   0.4895237373   0.463088732   0.4387212603   0.416350175   0.3958596543   0.3771105564   0.3599548756   0.3442451112   0.3298400119   0.3166078139   0.3044277945   0.293190733   0.2827986902   0.2731643881   0.2642103786   0.2558681246   0.248077069   0.2407837408   0.2339409208   0.2275068833   0.2214447144   0.2157217076   0.2103088314   0.2051802636   0.2003129854   0.1956864285   0.1912821691   0.1870836629   0.1830760159   0.1792457853   0.1755808077   0.1720700499   0.1687034794   0.1654719516   0.1623671123   0.159381312   0.1565075311   0.1537393148   0.1510707157   0.1484962429   0.1460108184   0.1436097367   0.1412886309   0.1390434413   0.1368703881   0.1347659469   0.1327268265   0.1307499496   0.128832435   0.1269715811   0.1251648545   0.1234098712   0.1217043921   0.1200463065   0.118433625   0.1168644715   0.1153370734   0.1138497551   0.1124009318   0.110989102   0.1096128431   0.108270806   0.1069617097   0.1056843379   0.1044375342   0.1032201986   0.102031284   0.1008697932   0.09973477574   0.09862532513   0.09754057639   0.0964797036   0.09544191777   0.09442646468   0.09343262301   0.09245970256   0.09150704252   0.09057400992   0.0896599982   0.08876442578   0.0878867348   0.08702638989   0.08618287707   0.08535570265   0.08454439226   0.08374848984   0.08296755686   0.08220117138   0.08144892731   0.08071043368   0.07998531389   0.07927320512   0.07857375762   0.07788663418   0.07721150954   0.07654806989   0.07589601232   0.0752550444   0.07462488368   0.07400525732   0.07339590161   0.07279656165   0.07220699095   0.07162695112   0.07105621147   0.07049454878   0.06994174693   0.06939759667   0.06886189532   0.0683344465   0.06781505994   0.06730355117   0.06679974136   0.06630345708   0.06581453007   0.06533279711   0.06485809978   0.06439028431   0.06392920138   0.06347470601   0.06302665736   0.06258491858   0.0621493567   0.06171984249   0.06129625029   0.06087845792   0.06046634657   0.06005980064   0.05965870769   0.05926295827   0.05887244588   0.05848706681   0.05810672012   0.05773130748   0.05736073313   0.05699490378   0.05663372853   0.05627711879   0.05592498822   0.05557725265   0.05523383002   0.0548946403   0.05455960543   0.05422864927   0.05390169754   0.05357867775   0.05325951916   0.05294415273   0.05263251105   0.05232452831   0.05202014023   0.05171928406   0.05142189848   0.05112792361   0.05083730093   0.05054997325   0.05026588468   0.0499849806   0.04970720762   0.04943251351   0.04916084724   0.04889215886   0.04862639956   0.04836352155   0.04810347812   0.04784622354   0.04759171306   0.0473399029   0.0470907502   0.04684421301   0.04660025024   0.04635882169   0.04611988798   0.04588341053   0.04564935158   0.04541767412   0.0451883419   0.04496131941   0.04473657185   
2.530150754   0.2101121729   0.2582729054   0.313869716   0.3763161314   0.4441684071   0.5150167096   0.5855535089   0.6518766239   0.7100118636   0.7565439442   0.7891758596   0.8070454403   0.8107182017   0.8018977818   0.7829821362   0.7566100467   0.7253010418   0.6912302303   0.6561298462   0.6212838924   0.5875777328   0.5555715412   0.5255770459   0.4977264004   0.4720286556   0.4484132703   0.4267620667   0.4069317611   0.3887692403   0.3721214855   0.3568416783   0.3427926636   0.3298486341   0.3178956593   0.3068314897   0.2965649367   0.2870150252   0.2781100481   0.2697866072   0.2619886869   0.2546667908   0.2477771539   0.2412810345   0.2351440857   0.2293358015   0.2238290317   0.2185995585   0.2136257296   0.208888138   0.2043693464   0.2000536468   0.1959268538   0.1919761241   0.188189801   0.1845572787   0.1810688848   0.1777157776   0.1744898568   0.171383685   0.1683904195   0.1655037521   0.1627178559   0.1600273391   0.1574272033   0.1549128071   0.1524798338   0.1501242623   0.1478423413   0.1456305665   0.1434856595   0.1414045497   0.1393843572   0.137422378   0.1355160702   0.1336630414   0.1318610388   0.1301079375   0.1284017314   0.1267405255   0.1251225277   0.1235460419   0.1220094613   0.1205112629   0.1190500012   0.1176243044   0.1162328685   0.1148744537   0.1135478804   0.1122520252   0.1109858179   0.1097482384   0.1085383131   0.1073551132   0.1061977512   0.1050653791   0.1039571863   0.1028723971   0.1018102691   0.1007700915   0.09975118293   0.09875289063   0.09777458838   0.0968156754   0.095875575   0.09495373337   0.09404961844   0.09316271885   0.09229254289   0.09143861759   0.09060048781   0.08977771541   0.08896987845   0.08817657044   0.08739739965   0.0866319884   0.08587997249   0.08514100053   0.08441473344   0.08370084387   0.08299901572   0.08230894361   0.0816303325   0.08096289719   0.08030636194   0.07966046007   0.07902493359   0.07839953283   0.07778401615   0.07717814956   0.07658170646   0.07599446733   0.07541621946   0.07484675668   0.07428587913   0.07373339298   0.07318911024   0.07265284851   0.07212443081   0.07160368535   0.07109044533   0.0705845488   0.07008583845   0.06959416146   0.06910936933   0.06863131772   0.06815986635   0.06769487879   0.06723622239   0.0667837681   0.06633739039   0.0658969671   0.06546237933   0.06503351135   0.06461025049   0.06419248701   0.06378011406   0.06337302752   0.06297112597   0.06257431057   0.06218248498   0.06179555529   0.06141342995   0.06103601969   0.06066323743   0.06029499824   0.05993121927   0.05957181966   0.05921672051   0.05886584483   0.05851911743   0.05817646493   0.05783781565   0.05750309961   0.05717224845   0.05684519538   0.05652187516   0.05620222404   0.0558861797   0.05557368125   0.05526466915   0.05495908521   0.05465687251   0.0543579754   0.05406233945   0.05376991141   0.05348063921   0.05319447187   0.05291135953   0.05263125339   0.05235410569   0.05207986966   0.05180849955   0.05153995052   0.0512741787   0.05101114112   0.05075079567   0.05049310114   0.05023801714   0.04998550408   0.04973552321   
2.783919598   0.1782474301   0.2212053163   0.2719289811   0.3304964632   0.396297546   0.4678212943   0.5425409866   0.6169849773   0.6870539768   0.7485691981   0.7979347514   0.8327256256   0.8520213729   0.85640027   0.8476369254   0.8282375512   0.8009644935   0.7684582715   0.7330008333   0.6964116028   0.6600411932   0.6248228484   0.5913490334   0.5599516064   0.5307738416   0.5038295335   0.4790485703   0.4563104318   0.4354678308   0.4163627624   0.3988369501   0.3827382891   0.3679245193   0.3542650304   0.3416414512   0.3299474771   0.3190882466   0.3089794768   0.2995464936   0.2907232426   0.2824513331   0.274679146   0.2673610175   0.2604565062   0.2539297415   0.2477488488   0.2418854466   0.2363142066   0.2310124726   0.2259599283   0.2211383102   0.2165311584   0.212123601   0.2079021667   0.2038546231   0.199969835   0.1962376426   0.1926487541   0.1891946529   0.1858675158   0.1826601419   0.1795658896   0.1765786216   0.173692656   0.1709027235   0.1682039291   0.165591718   0.1630618459   0.1606103516   0.158233533   0.1559279257   0.1536902833   0.1515175601   0.1494068953   0.1473555979   0.1453611365   0.143421124   0.141533309   0.1396955654   0.1379058843   0.1361623649   0.1344632079   0.1328067082   0.1311912488   0.1296152951   0.1280773893   0.1265761463   0.1251102482   0.1236784409   0.1222795299   0.1209123766   0.1195758956   0.1182690508   0.1169908531   0.1157403576   0.1145166611   0.1133188997   0.112146247   0.1109979114   0.1098731351   0.1087711915   0.1076913843   0.1066330451   0.105595533   0.1045782322   0.1035805515   0.1026019227   0.1016417995   0.1006996565   0.09977498844   0.09886730873   0.09797614898   0.09710105803   0.09624160114   0.09539735926   0.09456792833   0.09375291857   0.09295195392   0.09216467137   0.09139072041   0.09062976253   0.08988147066   0.08914552869   0.08842163106   0.08770948225   0.08700879643   0.08631929701   0.08564071633   0.08497279522   0.08431528273   0.08366793578   0.08303051884   0.08240280367   0.08178456901   0.0811756003   0.08057568948   0.07998463468   0.07940224006   0.07882831551   0.0782626765   0.07770514384   0.07715554351   0.07661370647   0.07607946846   0.07555266985   0.07503315549   0.07452077452   0.07401538025   0.07351683   0.07302498497   0.07253971011   0.072060874   0.07158834869   0.07112200965   0.07066173559   0.07020740842   0.06975891306   0.06931613745   0.06887897236   0.06844731134   0.06802105064   0.06760008911   0.06718432811   0.06677367146   0.06636802534   0.06596729821   0.06557140079   0.06518024592   0.06479374855   0.06441182566   0.06403439621   0.06366138104   0.06329270288   0.06292828623   0.06256805736   0.06221194423   0.06185987645   0.06151178523   0.06116760334   0.06082726505   0.06049070612   0.06015786373   0.05982867644   0.05950308417   0.05918102816   0.05886245092   0.05854729621   0.05823550898   0.05792703538   0.0576218227   0.05731981935   0.0570209748   0.05672523962   0.05643256538   0.05614290466   0.05585621102   0.05557243896   0.05529154394   0.05501348228   0.05473821122   
3.037688442   0.1493260944   0.1867651367   0.2317874684   0.2849558607   0.3463569295   0.4153577749   0.490383337   0.5687953794   0.6469657272   0.720607149   0.7853458513   0.8374139046   0.8742645014   0.8949219392   0.8999769837   0.8912721873   0.8714171668   0.8432921563   0.8096529953   0.7728833634   0.734885613   0.6970736241   0.660426036   0.6255658529   0.592843898   0.5624138493   0.5342938577   0.5084140867   0.4846516789   0.4628554533   0.4428626886   0.4245100618   0.407640411   0.3921066046   0.3777734584   0.3645183812   0.3522312207   0.3408136365   0.3301782178   0.3202474884   0.3109528892   0.3022337934   0.2940365852   0.2863138175   0.2790234545   0.2721281977   0.2655948914   0.2593940025   0.2534991653   0.2478867863   0.2425357008   0.2374268754   0.2325431493   0.2278690114   0.2233904061   0.2190945649   0.2149698605   0.2110056795   0.2071923119   0.2035208539   0.1999831237   0.1965715873   0.1932792932   0.1900998153   0.1870272023   0.1840559327   0.1811808756   0.178397255   0.1757006185   0.1730868096   0.1705519423   0.1680923786   0.1657047085   0.1633857317   0.1611324407   0.1589420078   0.1568117685   0.1547392121   0.1527219693   0.1507578016   0.1488445932   0.1469803429   0.145163154   0.1433912293   0.1416628643   0.1399764403   0.13833042   0.1367233415   0.1351538141   0.1336205137   0.1321221789   0.1306576073   0.1292256519   0.1278252179   0.1264552597   0.1251147784   0.1238028187   0.1225184669   0.1212608486   0.120029126   0.1188224971   0.1176401926   0.1164814749   0.1153456364   0.1142319978   0.1131399069   0.1120687368   0.1110178852   0.1099867731   0.1089748431   0.1079815594   0.1070064056   0.1060488848   0.1051085182   0.1041848443   0.1032774181   0.1023858107   0.101509608   0.1006484105   0.09980183252   0.09896950168   0.09815105815   0.09734615425   0.09655445391   0.0957756322   0.09500937483   0.09425537777   0.09351334677   0.09278299701   0.0920640527   0.09135624673   0.09065932035   0.0899730228   0.08929711103   0.08863134939   0.08797550936   0.0873293693   0.08669271412   0.08606533513   0.08544702974   0.08483760125   0.08423685865   0.0836446164   0.08306069424   0.08248491701   0.08191711445   0.08135712106   0.08080477589   0.08025992242   0.07972240841   0.07919208572   0.07866881021   0.07815244156   0.0776428432   0.07713988214   0.07664342887   0.07615335726   0.07566954442   0.07519187061   0.07472021915   0.0742544763   0.07379453119   0.07334027573   0.07289160448   0.07244841464   0.0720106059   0.07157808042   0.0711507427   0.07072849955   0.07031126002   0.06989893531   0.06949143872   0.06908868558   0.06869059321   0.06829708084   0.06790806956   0.06752348227   0.06714324364   0.06676728003   0.06639551948   0.06602789162   0.06566432767   0.06530476035   0.06494912388   0.06459735392   0.06424938752   0.06390516311   0.06356462043   0.06322770053   0.0628943457   0.06256449946   0.06223810651   0.06191511274   0.06159546514   0.0612791118   0.0609660019   0.06065608566   0.06034931429   0.06004564003   0.05974501607   
3.291457286   0.1238191443   0.1558431077   0.1949227852   0.2419221935   0.2974317941   0.3615463836   0.4336112982   0.5119900242   0.5939374971   0.6756756327   0.7527372555   0.8205619319   0.8752171632   0.9140397567   0.9360013871   0.9417050688   0.9330586604   0.9127709628   0.8838351648   0.8491175056   0.8110989711   0.771761155   0.7325783169   0.6945723498   0.6583952893   0.6244159228   0.5927977175   0.5635628478   0.5366416196   0.5119088414   0.48920953   0.468376394   0.4492412411   0.4316420441   0.4154269949   0.4004565273   0.3866040134   0.3737556266   0.3618097089   0.3506758713   0.3402739728   0.3305330759   0.3213904327   0.3127905364   0.3046842526   0.2970280386   0.2897832479   0.2829155171   0.276394228   0.2701920385   0.2642844738   0.2586495722   0.253267577   0.2481206702   0.2431927414   0.238469187   0.2339367367   0.2295833022   0.2253978458   0.2213702658   0.2174912965   0.2137524204   0.2101457922   0.2066641705   0.2033008594   0.2000496554   0.1969048015   0.1938609459   0.1909131056   0.188056634   0.1852871917   0.1826007204   0.1799934202   0.1774617276   0.1750022969   0.1726119859   0.1702878356   0.1680270581   0.1658270273   0.1636852626   0.1615994207   0.1595672858   0.1575867612   0.1556558596   0.1537726979   0.1519354885   0.1501425344   0.1483922231   0.1466830207   0.1450134679   0.143382175   0.1417878176   0.1402291329   0.1387049162   0.1372140174   0.1357553377   0.134327827   0.1329304812   0.1315623396   0.1302224821   0.128910028   0.1276241329   0.1263639875   0.1251288153   0.1239178713   0.1227304402   0.121565835   0.1204233955   0.119302487   0.1182024992   0.1171228448   0.1160629587   0.1150222967   0.1140003347   0.1129965675   0.1120105083   0.1110416877   0.1100896529   0.1091539669   0.108234208   0.107329969   0.1064408565   0.1055664906   0.104706504   0.1038605416   0.1030282601   0.1022093274   0.101403422   0.1006102329   0.09982945894   0.09906080855   0.0983039992   0.09755875718   0.09682481721   0.09610192213   0.09538982258   0.09468827672   0.09399704992   0.0933159145   0.0926446495   0.0919830404   0.09133087887   0.09068796262   0.09005409509   0.08942908532   0.0888127477   0.08820490182   0.08760537226   0.08701398844   0.08643058444   0.08585499883   0.08528707455   0.08472665874   0.08417360259   0.08362776124   0.08308899361   0.08255716232   0.0820321335   0.08151377678   0.08100196507   0.08049657453   0.07999748444   0.07950457709   0.07901773771   0.07853685437   0.07806181788   0.07759252172   0.07712886196   0.07667073717   0.07621804835   0.07577069887   0.07532859437   0.07489164273   0.07445975396   0.07403284019   0.07361081555   0.07319359618   0.07278110011   0.07237324724   0.07196995927   0.07157115967   0.07117677362   0.07078672795   0.0704009511   0.0700193731   0.0696419255   0.06926854133   0.06889915506   0.06853370259   0.06817212117   0.06781434937   0.0674603271   0.06710999549   0.06676329692   0.06642017496   0.06608057436   0.06574444099   0.06541172184   0.06508236497   0.0647563195   
3.545226131   0.1018103576   0.1287917659   0.1621056425   0.2027618266   0.2516609939   0.3094201888   0.3761420336   0.451150908   0.5327511999   0.6180951523   0.7032606125   0.7836075192   0.8543961784   0.9115361096   0.9522525021   0.9754667221   0.9817938139   0.9732046141   0.9525033879   0.9227919387   0.8870425822   0.8478297278   0.8072109815   0.7667184586   0.7274154369   0.6899816716   0.654803045   0.622052281   0.5917552913   0.5638424098   0.5381861143   0.5146276988   0.4929954278   0.4731163919   0.4548238625   0.4379615217   0.4223855843   0.4079655421   0.394584041   0.3821362427   0.370528906   0.3596793418   0.3495143408   0.3399691313   0.3309864043   0.3225154194   0.3145112011   0.3069338226   0.2997477742   0.2929214094   0.2864264612   0.280237621   0.2743321735   0.2686896789   0.2632916986   0.2581215566   0.2531641331   0.2484056847   0.243833689   0.2394367088   0.2352042738   0.2311267777   0.2271953878   0.2234019654   0.2197389973   0.2161995334   0.2127771334   0.2094658189   0.2062600307   0.2031545914   0.2001446717   0.1972257602   0.1943936372   0.1916443498   0.1889741909   0.1863796794   0.1838575425   0.1814046994   0.1790182492   0.1766954543   0.17443373   0.1722306347   0.1700838581   0.1679912134   0.1659506285   0.1639601382   0.1620178781   0.1601220767   0.1582710506   0.1564631983   0.1546969955   0.1529709907   0.1512837999   0.1496341036   0.1480206424   0.1464422139   0.1448976691   0.1433859098   0.1419058854   0.1404565906   0.1390370627   0.1376463797   0.1362836577   0.134948049   0.1336387406   0.132354952   0.1310959338   0.129860966   0.1286493566   0.1274604405   0.1262935776   0.1251481522   0.1240235716   0.1229192648   0.1218346819   0.120769293   0.1197225871   0.1186940715   0.1176832707   0.1166897261   0.1157129946   0.1147526487   0.113808275   0.1128794745   0.1119658611   0.1110670617   0.1101827154   0.1093124731   0.1084559968   0.1076129595   0.1067830444   0.1059659448   0.1051613636   0.1043690128   0.1035886131   0.102819894   0.1020625931   0.1013164557   0.1005812348   0.09985669074   0.09914259077   0.09843870898   0.09774482595   0.09706072854   0.09638620969   0.09572106818   0.09506510841   0.09441814024   0.09377997876   0.09315044415   0.09252936148   0.09191656055   0.09131187571   0.09071514576   0.09012621375   0.08954492686   0.08897113626   0.08840469698   0.0878454678   0.0872933111   0.08674809277   0.08620968208   0.0856779516   0.08515277706   0.08463403729   0.08412161408   0.08361539214   0.08311525895   0.08262110476   0.0821328224   0.0816503073   0.08117345736   0.08070217287   0.08023635649   0.07977591313   0.0793207499   0.07887077605   0.07842590292   0.07798604386   0.07755111417   0.07712103108   0.07669571364   0.07627508274   0.07585906098   0.07544757269   0.07504054384   0.07463790202   0.07423957637   0.07384549758   0.0734555978   0.07306981063   0.07268807108   0.07231031552   0.07193648166   0.0715665085   0.07120033631   0.07083790659   0.07047916202   0.07012404649   0.06977250498   
3.798994975   0.08313936367   0.1055969179   0.1335840005   0.168140958   0.210316387   0.2610462741   0.3209732551   0.3902074595   0.4680530279   0.5527573472   0.6413736516   0.7298409254   0.8133525084   0.8869960185   0.9465288566   0.989068833   1.013489059   1.020416405   1.011882607   0.9907840843   0.9603273942   0.9235870906   0.8832275642   0.8413795754   0.7996308654   0.7590844496   0.7204466486   0.6841196785   0.6502850551   0.6189721783   0.5901113132   0.5635726113   0.5391937151   0.5167985557   0.4962096399   0.4772556807   0.4597759952   0.4436227208   0.4286616038   0.4147718896   0.4018456771   0.3897869819   0.3785106669   0.3679413419   0.3580122953   0.3486644917   0.3398456544   0.3315094382   0.3236146939   0.3161248184   0.309007185   0.3022326462   0.2957751001   0.2896111149   0.2837196023   0.2780815345   0.2726796992   0.2674984871   0.2625237068   0.2577424248   0.2531428259   0.2487140913   0.2444462926   0.2403302988   0.2363576948   0.2325207097   0.2288121541   0.2252253639   0.2217541516   0.2183927623   0.2151358349   0.2119783679   0.2089156877   0.2059434219   0.2030574737   0.200254   0.1975293906   0.194880253   0.1923033909   0.189795793   0.1873546186   0.1849771855   0.1826609574   0.1804035362   0.1782026499   0.1760561458   0.1739619821   0.1719182205   0.1699230195   0.1679746287   0.1660713827   0.164211696   0.1623940579   0.1606170288   0.158879235   0.1571793655   0.1555161684   0.153888447   0.1522950575   0.1507349054   0.1492069432   0.1477101677   0.1462436176   0.1448063715   0.1433975456   0.1420162919   0.1406617963   0.139333277   0.1380299828   0.1367511916   0.1354962089   0.1342643667   0.1330550222   0.1318675562   0.1307013726   0.1295558969   0.1284305755   0.1273248744   0.1262382788   0.1251702916   0.1241204334   0.123088241   0.1220732673   0.1210750801   0.1200932618   0.1191274088   0.1181771306   0.1172420495   0.1163218003   0.1154160291   0.1145243936   0.1136465623   0.1127822139   0.1119310373   0.1110927308   0.110267002   0.1094535674   0.1086521521   0.1078624892   0.1070843199   0.106317393   0.1055614644   0.1048162975   0.1040816621   0.1033573346   0.1026430981   0.1019387414   0.1012440593   0.1005588524   0.09988292671   0.0992160935   0.09855816922   0.09790897523   0.09726833768   0.09663608734   0.09601205943   0.09539609352   0.09478803332   0.09418772659   0.09359502501   0.09300978403   0.09243186278   0.09186112392   0.09129743356   0.09074066112   0.09019067926   0.08964736377   0.08911059344   0.08858025004   0.08805621815   0.08753838513   0.08702664103   0.08652087846   0.08602099261   0.08552688107   0.08503844384   0.0845555832   0.08407820371   0.08360621206   0.0831395171   0.08267802972   0.08222166279   0.08177033115   0.0813239515   0.08088244241   0.0804457242   0.08001371895   0.07958635042   0.079163544   0.07874522672   0.07833132712   0.07792177527   0.07751650273   0.07711544248   0.0767185289   0.07632569774   0.07593688606   0.07555203224   0.07517107588   0.07479395784   
4.052763819   0.06750939425   0.0860186873   0.1092552378   0.1382139121   0.1739718071   0.2176149525   0.2701134314   0.332134579   0.4037957432   0.484381469   0.5720840261   0.6638609502   0.7555170374   0.8420846761   0.9184846973   0.9803276447   1.02462775   1.050211702   1.057718011   1.049237439   1.027755581   0.9965802883   0.958884914   0.9174207503   0.8743891595   0.8314315207   0.7896891216   0.749893825   0.7124635071   0.677588067   0.6453001758   0.6155299466   0.5881452119   0.562980027   0.5398540897   0.5185854414   0.4989983633   0.4809279353   0.4642223417   0.4487437017   0.4343679712   0.4209842893   0.4084940233   0.3968096744   0.3858537513   0.3755576747   0.3658607489   0.3567092208   0.3480554304   0.3398570559   0.3320764466   0.3246800374   0.3176378382   0.3109229893   0.3045113744   0.2983812861   0.2925131351   0.2868891979   0.281493399   0.2763111208   0.2713290386   0.2665349779   0.2619177888   0.2574672369   0.2531739082   0.2490291249   0.245024872   0.2411537328   0.2374088313   0.2337837815   0.2302726432   0.2268698814   0.2235703309   0.2203691649   0.217261866   0.2142442014   0.2113121991   0.208462128   0.2056904788   0.2029939466   0.2003694179   0.1978139535   0.1953247778   0.1928992662   0.1905349359   0.188229435   0.1859805346   0.1837861195   0.1816441818   0.1795528138   0.1775102013   0.1755146183   0.173564421   0.1716580434   0.1697939921   0.1679708425   0.1661872347   0.1644418694   0.1627335051   0.1610609543   0.159423081   0.1578187974   0.1562470618   0.1547068758   0.1531972823   0.151717363   0.1502662367   0.1488430574   0.1474470124   0.1460773208   0.1447332316   0.1434140228   0.1421189996   0.1408474931   0.1395988595   0.1383724781   0.1371677514   0.1359841029   0.1348209769   0.1336778373   0.1325541666   0.1314494655   0.1303632516   0.129295059   0.1282444376   0.1272109523   0.1261941823   0.1251937207   0.1242091739   0.123240161   0.1222863133   0.1213472736   0.1204226962   0.119512246   0.1186155986   0.1177324391   0.1168624626   0.1160053731   0.1151608837   0.1143287159   0.1135085996   0.1127002723   0.1119034796   0.1111179739   0.1103435151   0.1095798697   0.108826811   0.1080841183   0.1073515775   0.10662898   0.1059161232   0.1052128098   0.1045188479   0.1038340509   0.103158237   0.1024912293   0.1018328554   0.1011829477   0.1005413425   0.09990788085   0.09928240743   0.09866477109   0.09805482441   0.09745242373   0.09685742892   0.09626970335   0.09568911374   0.09511553007   0.09454882549   0.0939888762   0.09343556137   0.09288876307   0.09234836616   0.09181425819   0.09128632937   0.09076447246   0.0902485827   0.08973855774   0.08923429756   0.08873570443   0.08824268283   0.08775513937   0.08727298275   0.08679612372   0.08632447498   0.08585795115   0.08539646872   0.084939946   0.08448830304   0.08404146165   0.08359934526   0.08316187896   0.08272898942   0.08230060484   0.08187665493   0.08145707086   0.08104178522   0.08063073199   0.08022384651   0.07982106541   
4.306532663   0.05456243454   0.06969684221   0.08880657683   0.1127973727   0.1426967595   0.1796174105   0.2246815875   0.27889237   0.3429409837   0.4169517334   0.5001901496   0.5907950895   0.685631385   0.7803738751   0.8698991049   0.9489664548   1.013044366   1.059046922   1.085756042   1.093821694   1.085391967   1.063538939   1.031668625   0.9930500709   0.9505186954   0.9063441642   0.8622197081   0.8193235736   0.7784122501   0.7399186744   0.7040407665   0.6708142784   0.6401691003   0.6119707546   0.58604977   0.5622217015   0.540300232   0.5201053246   0.5014679364   0.4842324092   0.4682573405   0.4534154944   0.4395931417   0.4266890846   0.4146135392   0.4032869827   0.3926390315   0.3826073876   0.3731368737   0.3641785632   0.3556890053   0.3476295413   0.3399657041   0.3326666947   0.3257049256   0.3190556245   0.3126964908   0.3066073972   0.3007701314   0.2951681719   0.2897864935   0.2846113985   0.279630369   0.2748319391   0.2702055828   0.2657416163   0.2614311114   0.2572658207   0.2532381111   0.2493409045   0.2455676267   0.2419121606   0.2383688058   0.234932242   0.231597496   0.2283599132   0.2252151309   0.2221590549   0.2191878384   0.2162978628   0.2134857196   0.210748197   0.2080822628   0.2054850523   0.2029538574   0.2004861153   0.1980793969   0.1957314012   0.1934399438   0.1912029506   0.1890184504   0.1868845689   0.1847995221   0.182761611   0.1807692166   0.1788207948   0.1769148724   0.1750500426   0.1732249616   0.1714383447   0.1696889632   0.1679756413   0.1662972531   0.16465272   0.1630410084   0.161461127   0.1599121248   0.1583930889   0.1569031428   0.1554414445   0.1540071845   0.1525995847   0.1512178965   0.1498613994   0.1485294002   0.1472212307   0.1459362477   0.144673831   0.1434333826   0.142214326   0.1410161046   0.1398381817   0.1386800386   0.1375411748   0.1364211065   0.1353193663   0.1342355022   0.1331690774   0.132119669   0.1310868683   0.1300702793   0.1290695189   0.128084216   0.1271140113   0.1261585564   0.1252175139   0.1242905566   0.1233773673   0.1224776383   0.1215910712   0.1207173762   0.1198562723   0.1190074865   0.118170754   0.1173458172   0.1165324261   0.1157303379   0.1149393163   0.1141591319   0.1133895614   0.1126303879   0.1118814002   0.111142393   0.1104131664   0.1096935258   0.1089832821   0.1082822508   0.1075902524   0.106907112   0.1062326594   0.1055667286   0.1049091579   0.1042597896   0.1036184701   0.1029850496   0.1023593819   0.1017413246   0.1011307388   0.1005274887   0.0999314421   0.09934246984   0.09876044587   0.09818524715   0.09761675352   0.09705484768   0.09649941503   0.09595034366   0.09540752422   0.09487084987   0.09434021622   0.09381552123   0.09329666517   0.09278355054   0.092276082   0.09177416634   0.0912777124   0.09078663099   0.09030083489   0.08982023877   0.08934475912   0.08887431422   0.0884088241   0.08794821048   0.08749239673   0.08704130782   0.08659487029   0.0861530122   0.08571566309   0.08528275395   0.08485421718   
4.560301508   0.04392796291   0.05622339103   0.07181890897   0.09151113051   0.116233613   0.1470455685   0.1850941758   0.2315368347   0.2874086186   0.3534239064   0.4297137203   0.5155251061   0.6089450607   0.7067484395   0.8044839762   0.8968770226   0.9785303641   1.044774664   1.092426973   1.120225939   1.128832811   1.120451457   1.098237979   1.06569371   1.026180566   0.9826155709   0.9373346111   0.8920811529   0.848069215   0.8060790898   0.7665582362   0.7297122724   0.6955798629   0.6640906148   0.6351077516   0.6084583319   0.5839538513   0.5614037319   0.540623722   0.5214407587   0.5036954414   0.4872429399   0.4719529152   0.4577088502   0.4444070567   0.4319555338   0.420272789   0.4092866906   0.3989333892   0.38915633   0.3799053617   0.3711359432   0.3628084426   0.3548875233   0.3473416062   0.3401424032   0.3332645106   0.3266850573   0.3203833989   0.3143408535   0.3085404719   0.3029668379   0.2976058958   0.292444799   0.287471779   0.2826760307   0.2780476118   0.2735773552   0.269256791   0.2650780793   0.2610339492   0.2571176463   0.253322885   0.2496438071   0.2460749438   0.2426111828   0.2392477382   0.2359801237   0.2328041284   0.2297157953   0.2267114014   0.2237874401   0.2209406042   0.2181677742   0.2154660009   0.2128324953   0.2102646193   0.2077598704   0.2053158781   0.2029303927   0.2006012759   0.1983264972   0.1961041243   0.1939323181   0.191809327   0.1897334813   0.1877031888   0.1857169296   0.1837732527   0.1818707713   0.1800081598   0.1781841501   0.1763975283   0.1746471323   0.1729318484   0.171250609   0.1696023905   0.1679862105   0.1664011259   0.164846231   0.1633206558   0.1618235637   0.1603541503   0.1589116418   0.1574952933   0.1561043879   0.1547382348   0.1533961685   0.1520775474   0.1507817531   0.1495081889   0.1482562791   0.1470254678   0.1458152185   0.1446250129   0.1434543502   0.1423027464   0.1411697336   0.1400548591   0.1389576852   0.1378777883   0.1368147583   0.1357681981   0.1347377234   0.1337229615   0.1327235516   0.1317391438   0.1307693991   0.1298139883   0.1288725926   0.1279449024   0.1270306173   0.1261294458   0.1252411047   0.1243653192   0.1235018221   0.1226503541   0.1218106631   0.1209825039   0.1201656384   0.1193598349   0.118564868   0.1177805187   0.1170065737   0.1162428254   0.1154890718   0.1147451164   0.1140107676   0.113285839   0.1125701489   0.1118635203   0.1111657809   0.1104767626   0.1097963016   0.1091242381   0.1084604165   0.1078046848   0.1071568951   0.1065169027   0.1058845667   0.1052597495   0.1046423168   0.1040321375   0.1034290836   0.1028330302   0.1022438552   0.1016614395   0.1010856665   0.1005164226   0.09995359651   0.09939707963   0.09884676578   0.09830255115   0.09776433427   0.0972320159   0.096705499   0.09618468867   0.09566949206   0.09515981835   0.09465557868   0.0941566861   0.0936630555   0.0931746036   0.09269124885   0.09221291144   0.09173951321   0.09127097763   0.09080722976   0.09034819618   0.08989380498   
4.814070352   0.03525207697   0.04518887751   0.05783746118   0.07388106841   0.09413932556   0.1195728247   0.1512715617   0.1904162396   0.2381983941   0.2956841736   0.3636104347   0.4421146982   0.5304260097   0.6265809274   0.7272668279   0.8279098657   0.923088456   1.007253232   1.075601034   1.124854726   1.153711043   1.162842358   1.154506884   1.131942502   1.09874325   1.058361337   1.01379309   0.9674387161   0.9210904454   0.8759969914   0.832961702   0.7924460731   0.7546631308   0.7196543034   0.6873488628   0.657607747   0.6302545978   0.6050969292   0.5819399924   0.5605954151   0.5408862088   0.522649321   0.5057365793   0.4900146209   0.4753642144   0.461679248   0.4488655646   0.4368397576   0.4255279971   0.4148649283   0.4047926601   0.3952598541   0.3862209128   0.3776352629   0.3694667258   0.361682969   0.3542550272   0.3471568873   0.3403651276   0.3338586056   0.3276181867   0.3216265097   0.3158677823   0.3103276043   0.3049928132   0.2998513499   0.294892141   0.2901049964   0.2854805194   0.281010027   0.2766854808   0.2724994254   0.2684449336   0.2645155585   0.2607052906   0.2570085192   0.2534199987   0.2499348177   0.2465483715   0.2432563378   0.240054654   0.2369394975   0.2339072671   0.2309545669   0.2280781906   0.2252751097   0.2225424595   0.2198775262   0.2172777402   0.2147406639   0.2122639839   0.2098455032   0.2074831322   0.2051748842   0.2029188673   0.2007132795   0.198556403   0.1964465991   0.1943823037   0.1923620231   0.1903843299   0.188447859   0.1865513048   0.1846934171   0.1828729988   0.1810889028   0.1793400292   0.1776253231   0.1759437723   0.1742944048   0.1726762871   0.171088522   0.1695302472   0.1680006331   0.1664988818   0.1650242251   0.1635759232   0.1621532637   0.1607555598   0.1593821496   0.1580323947   0.1567056794   0.1554014093   0.1541190107   0.1528579295   0.1516176307   0.1503975969   0.1491973284   0.1480163416   0.1468541693   0.145710359   0.144584473   0.1434760876   0.1423847924   0.1413101902   0.1402518958   0.139209536   0.1381827493   0.137171185   0.1361745028   0.1351923729   0.1342244751   0.1332704987   0.132330142   0.1314031123   0.130489125   0.1295879038   0.1286991802   0.1278226932   0.1269581893   0.1261054218   0.1252641509   0.1244341433   0.123615172   0.1228070164   0.1220094613   0.1212222977   0.1204453218   0.1196783353   0.1189211451   0.1181735628   0.1174354052   0.1167064937   0.1159866539   0.1152757162   0.1145735151   0.113879889   0.1131946807   0.1125177365   0.1118489066   0.1111880449   0.1105350086   0.1098896585   0.1092518586   0.1086214761   0.1079983816   0.1073824483   0.1067735526   0.1061715737   0.1055763936   0.1049878968   0.1044059707   0.1038305051   0.1032613922   0.1026985267   0.1021418056   0.1015911282   0.1010463958   0.1005075123   0.09997438312   0.09944691614   0.09892502103   0.09840860942   0.09789759479   0.09739189247   0.09689141955   0.09639609484   0.09590583884   0.09542057369   0.09494022311   
5.067839196   0.02821299797   0.03620931903   0.04641607371   0.05940836654   0.07588807572   0.09669722311   0.12282271   0.1553844884   0.1955958831   0.2446816423   0.3037381443   0.3735241017   0.4541833321   0.5449273277   0.6437435161   0.7472340933   0.8507058848   0.9485942685   1.035201826   1.105595203   1.156405691   1.186289359   1.195929543   1.187637487   1.164730773   1.130893749   1.089666543   1.044122671   0.9967249214   0.9493129395   0.9031691485   0.8591192721   0.8176384017   0.7789467096   0.7430882553   0.7099919313   0.6795164043   0.6514819509   0.6256921758   0.6019482428   0.5800577462   0.5598398582   0.5411279574   0.5237706076   0.5076314946   0.4925887388   0.4785338659   0.4653706176   0.453013723   0.4413877   0.4304257286   0.420068619   0.4102638793   0.4009648863   0.3921301527   0.383722684   0.3757094168   0.3680607303   0.3607500213   0.3537533356   0.3470490487   0.3406175888   0.3344411969   0.3285037175   0.3227904184   0.3172878323   0.31198362   0.3068664497   0.301925893   0.2971523318   0.2925368784   0.2880713036   0.2837479744   0.2795597977   0.2755001717   0.2715629416   0.2677423605   0.2640330547   0.2604299924   0.2569284556   0.2535240148   0.2502125064   0.2469900121   0.2438528392   0.2407975091   0.2378207309   0.2349194003   0.2320905779   0.2293314814   0.2266394742   0.2240120552   0.2214468502   0.2189416045   0.2164941736   0.214102518   0.2117646954   0.2094788555   0.2072432341   0.2050561483   0.2029159916   0.2008212294   0.1987703952   0.1967620864   0.194794961   0.1928677344   0.190979176   0.1891281064   0.1873133948   0.1855339567   0.1837887508   0.1820767776   0.1803970767   0.1787487254   0.1771308363   0.1755425559   0.173983063   0.1724515669   0.1709473062   0.1694695475   0.1680175837   0.1665907333   0.165188339   0.1638097665   0.1624544036   0.1611216595   0.1598109633   0.1585217636   0.1572535275   0.1560057399   0.1547779026   0.1535695337   0.1523801671   0.1512093513   0.1500566496   0.1489216389   0.1478039092   0.1467030637   0.1456187173   0.1445504969   0.1434980409   0.1424609983   0.1414390286   0.1404318015   0.1394389963   0.1384603017   0.1374954155   0.1365440438   0.1356059016   0.1346807115   0.1337682042   0.1328681177   0.1319801973   0.1311041953   0.1302398708   0.1293869894   0.1285453229   0.1277146492   0.1268947523   0.1260854216   0.1252864521   0.1244976443   0.1237188036   0.1229497405   0.1221902702   0.1214402127   0.1206993925   0.1199676385   0.1192447837   0.1185306653   0.1178251245   0.1171280064   0.1164391597   0.1157584369   0.1150856938   0.1144207898   0.1137635876   0.113113953   0.1124717551   0.1118368659   0.1112091602   0.1105885161   0.1099748139   0.1093679372   0.1087677716   0.1081742059   0.1075871307   0.1070064396   0.1064320282   0.1058637945   0.1053016386   0.1047454629   0.1041951718   0.1036506718   0.1031118712   0.1025786806   0.1020510122   0.10152878   0.1010119   0.1005002897   0.09999386851   
5.32160804   0.02252765777   0.02893984392   0.03714224553   0.04761209559   0.06093936401   0.07784409233   0.0991901275   0.1259900091   0.1593928809   0.2006438538   0.2510000363   0.3115872547   0.3831855031   0.4659447101   0.5590592272   0.6604685611   0.7666918516   0.8729195833   0.9734477449   1.062434609   1.134819989   1.187146017   1.218029239   1.228163804   1.219912761   1.196671478   1.162212393   1.120161363   1.073667145   1.025253502   0.9768062558   0.9296406351   0.8846041156   0.8421849822   0.8026103162   0.7659266887   0.7320625754   0.7008743875   0.6721790852   0.6457764324   0.6214635832   0.5990441795   0.5783336342   0.5591618336   0.5413741495   0.5248313826   0.5094090664   0.4949964191   0.4814951318   0.4688181148   0.4568882745   0.4456373634   0.4350049261   0.424937348   0.4153870078   0.4063115292   0.3976731244   0.3894380204   0.3815759597   0.3740597663   0.3668649699   0.3599694787   0.3533532976   0.3469982819   0.3408879252   0.3350071737   0.3293422658   0.3238805914   0.3186105695   0.3135215411   0.3086036751   0.303847886   0.2992457607   0.2947894949   0.290471836   0.2862860326   0.2822257903   0.2782852309   0.2744588577   0.270741523   0.2671283996   0.2636149551   0.2601969287   0.2568703102   0.253631321   0.2504763958   0.2474021719   0.2444054664   0.2414832705   0.2386327349   0.2358511585   0.2331359795   0.2304847664   0.227895208   0.2253651075   0.2228923744   0.220475018   0.2181111417   0.2157989371   0.2135366786   0.211322719   0.2091554844   0.2070334709   0.2049552397   0.2029194142   0.2009246763   0.1989697635   0.1970534654   0.1951746217   0.1933321189   0.1915248884   0.189751904   0.1880121796   0.1863047677   0.1846287571   0.1829832711   0.1813674662   0.1797805302   0.1782216809   0.1766901646   0.1751852549   0.1737062513   0.1722524782   0.1708232836   0.1694180384   0.1680361349   0.1666769863   0.1653400255   0.1640247046   0.1627304937   0.1614568803   0.1602033689   0.1589694797   0.1577547484   0.1565587256   0.1553809757   0.1542210771   0.1530786211   0.1519532114   0.150844464   0.1497520065   0.1486754774   0.1476145264   0.1465688131   0.1455380074   0.1445217885   0.1435198451   0.1425318747   0.1415575833   0.1405966855   0.1396489034   0.1387139673   0.1377916147   0.1368815902   0.1359836455   0.1350975389   0.1342230353   0.1333599058   0.1325079274   0.1316668832   0.1308365618   0.1300167572   0.1292072689   0.1284079013   0.127618464   0.1268387711   0.1260686416   0.125307899   0.1245563709   0.1238138895   0.1230802907   0.1223554147   0.1216391054   0.1209312105   0.1202315812   0.1195400723   0.118856542   0.1181808519   0.1175128666   0.1168524541   0.1161994852   0.1155538337   0.1149153764   0.1142839926   0.1136595645   0.1130419769   0.1124311171   0.111826875   0.1112291428   0.110637815   0.1100527885   0.1094739624   0.1089012378   0.1083345181   0.1077737088   0.107218717   0.1066694523   0.1061258257   0.1055877503   0.1050551409   
5.575376884   0.01795279392   0.02307973842   0.02964910816   0.03805260461   0.04877918446   0.06243332283   0.07975278441   0.1016227118   0.1290806605   0.1633042556   0.2055696204   0.2571654317   0.3192462388   0.3926127843   0.4774209357   0.5728482872   0.6767875475   0.7856767716   0.8945928903   0.9976958428   1.089003106   1.163330767   1.217134026   1.248990965   1.2596064   1.251394046   1.227825272   1.19275855   1.149903434   1.102482117   1.05307785   1.003621487   0.9554602285   0.9094627278   0.8661300944   0.8256961024   0.7882097275   0.7535989959   0.7217180801   0.6923806715   0.6653827574   0.6405175552   0.6175848301   0.59639631   0.5767784602   0.5585735268   0.5416394868   0.5258493429   0.5110900567   0.4972613148   0.4842742504   0.472050196   0.4605195105   0.4496205037   0.4392984657   0.4295048021   0.4201962706   0.4113343107   0.4028844587   0.3948158374   0.3871007143   0.3797141169   0.3726334998   0.3658384566   0.3593104688   0.3530326891   0.3469897524   0.3411676116   0.3355533944   0.3301352783   0.3249023814   0.3198446665   0.3149528567   0.3102183614   0.3056332108   0.3011899979   0.2968818274   0.2927022696   0.2886453201   0.2847053632   0.2808771396   0.2771557168   0.2735364621   0.2700150244   0.2665873016   0.2632494324   0.2599977733   0.2568288825   0.2537395096   0.2507265761   0.2477871697   0.2449185254   0.2421180246   0.2393831787   0.2367116239   0.2341011121   0.2315495041   0.2290547628   0.226614947   0.2242282054   0.2218927716   0.2196069592   0.2173691567   0.2151778239   0.2130314875   0.2109287374   0.2088682235   0.2068486523   0.2048687839   0.2029274292   0.2010234473   0.1991557431   0.1973232646   0.1955250012   0.1937599814   0.1920272711   0.1903259714   0.1886552173   0.1870141758   0.1854020447   0.183818051   0.1822614494   0.1807315212   0.1792275733   0.1777489368   0.1762949658   0.1748650368   0.1734585475   0.1720749158   0.1707135791   0.1693739935   0.1680556327   0.1667579879   0.1654805664   0.1642228914   0.162984501   0.1617649482   0.1605637996   0.1593806352   0.1582150481   0.1570666436   0.1559350389   0.1548198626   0.1537207546   0.152637365   0.1515693543   0.150516393   0.1494781609   0.1484543468   0.1474446487   0.1464487727   0.1454664333   0.144497353   0.1435412616   0.1425978967   0.1416670026   0.1407483308   0.1398416392   0.1389466923   0.1380632608   0.1371911212   0.136330056   0.1354798532   0.1346403064   0.1338112143   0.1329923807   0.1321836144   0.1313847289   0.1305955424   0.1298158775   0.1290455612   0.1282844246   0.1275323031   0.1267890359   0.126054466   0.1253284402   0.1246108089   0.1239014261   0.1232001489   0.1225068379   0.1218213571   0.1211435733   0.1204733565   0.1198105796   0.1191551182   0.1185068509   0.117865659   0.1172314262   0.1166040389   0.115983386   0.1153693588   0.1147618509   0.1141607583   0.1135659789   0.1129774131   0.1123949634   0.1118185341   0.1112480317   0.1106833646   0.110124443   
5.829145729   0.01428290986   0.01837230258   0.02361907366   0.03034199778   0.03894194567   0.04991932678   0.06389278605   0.08161740128   0.1039991177   0.132099927   0.167125275   0.2103815752   0.2631883364   0.3267281556   0.4018220282   0.4886316001   0.5863180661   0.692728383   0.8042213569   0.9157629553   1.021380191   1.114953002   1.191176638   1.246421442   1.279228011   1.290311688   1.28213579   1.258246022   1.222584972   1.178944003   1.130617063   1.080245513   1.029804176   0.9806714496   0.9337366377   0.8895133332   0.8482418052   0.8099733369   0.7746354777   0.7420801787   0.7121179077   0.6845409373   0.6591386164   0.6357069047   0.6140539147   0.5940027566   0.575392613   0.5580786942   0.5419315237   0.5268358541   0.5126894098   0.4994015852   0.4868921735   0.4750901712   0.4639326812   0.4533639237   0.4433343543   0.4337998851   0.4247212021   0.4160631676   0.4077943009   0.3998863268   0.3923137841   0.3850536859   0.3780852255   0.3713895209   0.3649493936   0.3587491759   0.3527745435   0.3470123697   0.3414505978   0.3360781295   0.3308847278   0.3258609305   0.3209979749   0.3162877309   0.3117226424   0.3072956744   0.3030002667   0.2988302926   0.2947800216   0.2908440862   0.2870174525   0.2832953929   0.2796734626   0.2761474773   0.2727134937   0.2693677904   0.2661068567   0.2629273695   0.2598261859   0.2568003308   0.2538469817   0.2509634615   0.2481472285   0.2453958672   0.2427070805   0.2400786824   0.2375085909   0.2349948215   0.2325354821   0.2301287668   0.2277729512   0.2254663877   0.2232075012   0.220994785   0.2188267969   0.2167021558   0.2146195385   0.2125776766   0.2105753533   0.2086114012   0.2066846996   0.2047941719   0.2029387836   0.2011175404   0.1993294859   0.1975736998   0.1958492965   0.1941554229   0.1924912576   0.1908560087   0.1892489129   0.1876692341   0.1861162622   0.1845893117   0.1830877211   0.1816108512   0.180158085   0.1787288257   0.1773224968   0.1759385406   0.1745764178   0.1732356066   0.1719156018   0.1706159146   0.1693360713   0.1680756134   0.1668340963   0.1656110895   0.1644061753   0.1632189488   0.1620490174   0.160896   0.1597595269   0.1586392393   0.1575347886   0.1564458367   0.1553720547   0.1543131235   0.1532687327   0.1522385808   0.1512223746   0.1502198291   0.149230667   0.1482546185   0.1472914213   0.1463408199   0.1454025659   0.1444764171   0.143562138   0.1426594991   0.1417682768   0.1408882534   0.1400192165   0.1391609595   0.1383132806   0.1374759834   0.1366488761   0.1358317717   0.1350244881   0.1342268473   0.1334386756   0.1326598038   0.1318900665   0.1311293023   0.1303773536   0.1296340666   0.1288992909   0.1281728798   0.1274546899   0.1267445811   0.1260424164   0.1253480621   0.1246613873   0.1239822642   0.1233105678   0.1226461758   0.1219889687   0.1213388294   0.1206956437   0.1200592996   0.1194296877   0.1188067006   0.1181902336   0.117580184   0.1169764513   0.116378937   0.1157875449   0.1152021806   
6.082914573   0.01134664598   0.01460183125   0.01878254901   0.02414650079   0.03101958849   0.0398116495   0.05103429284   0.06532001996   0.08344083869   0.1063230364   0.1350524992   0.1708618759   0.2150871972   0.2690781149   0.3340446433   0.4108275675   0.499594163   0.5994895594   0.7083159396   0.8223545762   0.9364628933   1.044537895   1.140325018   1.218401376   1.275054384   1.308788068   1.320328159   1.312186578   1.287981813   1.251738773   1.207328865   1.158116225   1.106799039   1.055395108   1.005313311   0.957463108   0.9123702626   0.8702813563   0.8312498921   0.7952029189   0.7619901846   0.7314189773   0.7032779128   0.6773525372   0.6534350709   0.6313300766   0.6108573717   0.5918531326   0.5741698562   0.5576756355   0.5422530573   0.5277979237   0.5142179258   0.5014313494   0.4893658571   0.4779573711   0.4671490648   0.4568904647   0.4471366567   0.4378475901   0.4289874692   0.4205242239   0.4124290498   0.4046760085   0.3972416828   0.390104876   0.3832463518   0.3766486093   0.3702956863   0.3641729887   0.3582671424   0.3525658629   0.3470578419   0.3417326482   0.3365806396   0.3315928864   0.3267611032   0.3220775888   0.3175351731   0.3131271694   0.3088473324   0.3046898202   0.300649161   0.2967202222   0.2928981836   0.2891785129   0.2855569429   0.2820294522   0.2785922452   0.2752417411   0.2719745499   0.2687874655   0.2656774526   0.2626416312   0.2596772697   0.2567817744   0.2539526799   0.2511876419   0.2484844287   0.2458409153   0.2432550757   0.2407249779   0.238248778   0.2358247152   0.2334511068   0.2311263441   0.228848888   0.2266172654   0.2244300655   0.2222859363   0.2201835816   0.2181217583   0.2160992732   0.2141149809   0.2121677811   0.2102566164   0.2083804702   0.2065383647   0.204729359   0.2029525474   0.2012070578   0.1994920498   0.1978067137   0.1961502687   0.1945219617   0.1929210662   0.1913468811   0.1897987292   0.1882759568   0.1867779321   0.1853040445   0.1838537039   0.1824263395   0.1810213992   0.1796383486   0.1782766708   0.1769358649   0.1756154461   0.1743149448   0.1730339057   0.1717718877   0.1705284631   0.1693032171   0.1680957474   0.1669056636   0.1657325869   0.1645761495   0.1634359945   0.162311775   0.1612031542   0.1601098049   0.159031409   0.1579676573   0.1569182493   0.1558828927   0.1548613032   0.1538532043   0.1528583268   0.1518764088   0.1509071954   0.1499504383   0.1490058959   0.1480733327   0.1471525194   0.1462432325   0.1453452544   0.1444583727   0.1435823806   0.1427170763   0.1418622632   0.1410177494   0.1401833477   0.1393588755   0.1385441547   0.1377390113   0.1369432756   0.1361567819   0.1353793684   0.1346108771   0.1338511536   0.1331000472   0.1323574107   0.1316231   0.1308969747   0.1301788971   0.1294687331   0.1287663511   0.1280716227   0.1273844224   0.1267046273   0.1260321172   0.1253667746   0.1247084844   0.1240571342   0.1234126137   0.1227748152   0.1221436331   0.1215189641   0.120900707   0.1202887629   
6.336683417   0.009002528128   0.01158922152   0.01491400583   0.01918411651   0.02466276973   0.03168284377   0.04066295279   0.0521256682   0.06671705434   0.08522569017   0.1085977735   0.1379425778   0.1745193762   0.219693185   0.2748431543   0.3412061255   0.4196422395   0.5103242622   0.6123815722   0.7235724945   0.8401023767   0.9567223666   1.067202191   1.165155634   1.245044197   1.303074176   1.337713873   1.349699277   1.341589975   1.317075774   1.280262228   1.235099132   1.185019346   1.132776674   1.080430974   1.029420935   0.9806757153   0.934732958   0.8918453891   0.8520686514   0.8153292725   0.781474816   0.7503094329   0.7216181377   0.6951827352   0.6707917697   0.6482463157   0.627362956   0.6079749155   0.5899320271   0.5730999985   0.5573592918   0.5426038232   0.5287396139   0.5156834718   0.5033617525   0.4917092211   0.4806680258   0.4701867835   0.4602197714   0.450726218   0.4416696841   0.4330175233   0.4247404137   0.4168119513   0.4092082982   0.4019078771   0.3948911061   0.3881401698   0.3816388186   0.3753721958   0.3693266862   0.3634897833   0.3578499746   0.3523966397   0.3471199614   0.3420108477   0.3370608619   0.3322621623   0.3276074473   0.3230899072   0.3187031817   0.314441321   0.3102987516   0.3062702457   0.3023508931   0.2985360764   0.2948214484   0.2912029119   0.2876766008   0.2842388621   0.2808862455   0.2776154819   0.2744234779   0.2713072979   0.2682641576   0.2652914126   0.2623865497   0.2595471785   0.2567710239   0.2540559184   0.2513997961   0.2488006866   0.2462567092   0.2437660677   0.2413270457   0.2389380019   0.2365973662   0.2343036353   0.2320553695   0.2298511892   0.2276897715   0.2255698476   0.2234901996   0.2214496582   0.2194471   0.2174814454   0.2155516565   0.2136567348   0.2117957193   0.2099676853   0.2081717417   0.2064070303   0.2046727238   0.2029680246   0.2012921633   0.1996443976   0.1980240109   0.1964303114   0.1948626308   0.1933203235   0.1918027653   0.1903093531   0.1888395031   0.1873926511   0.1859682506   0.184565773   0.1831847062   0.1818245544   0.1804848372   0.1791650889   0.1778648585   0.1765837083   0.1753212139   0.1740769639   0.1728505587   0.1716416107   0.1704497436   0.1692745921   0.1681158011   0.166973026   0.1658459318   0.1647341928   0.1636374926   0.1625555235   0.1614879861   0.1604345895   0.1593950504   0.1583690931   0.1573564496   0.1563568586   0.1553700658   0.1543958238   0.1534338914   0.1524840336   0.1515460214   0.1506196318   0.1497046473   0.1488008559   0.1479080509   0.1470260307   0.1461545986   0.1452935628   0.1444427361   0.143601936   0.142770984   0.1419497063   0.1411379328   0.1403354978   0.1395422391   0.1387579985   0.1379826214   0.1372159568   0.1364578571   0.1357081781   0.1349667786   0.134233521   0.1335082704   0.1327908951   0.1320812663   0.1313792577   0.1306847463   0.1299976113   0.1293177347   0.128645001   0.1279792972   0.1273205127   0.126668539   0.1260232702   0.1253846025   
6.590452261   0.007134666211   0.009187131664   0.01182687153   0.01521984159   0.01957752989   0.02516855524   0.03233263051   0.04149696829   0.05319487951   0.06808571555   0.08697428934   0.1108263038   0.1407739427   0.1781025604   0.2242055656   0.2804910012   0.348221981   0.4282775948   0.5208359683   0.6250110246   0.7385180927   0.8574881056   0.9765680653   1.089402988   1.189477679   1.271140395   1.33051801   1.366043897   1.378464174   1.37038521   1.345566759   1.308193436   1.262291874   1.211362276   1.158212941   1.104944914   1.053026067   1.003404833   0.9566304595   0.9129616632   0.8724561526   0.8350399173   0.8005583552   0.768812521   0.7395838813   0.7126505584   0.6877974802   0.664822291   0.6435383944   0.6237761147   0.6053826676   0.5882214179   0.5721707414   0.5571227031   0.5429816846   0.5296630439   0.5170918543   0.505201746   0.4939338623   0.4832359283   0.4730614286   0.4633688858   0.4541212306   0.4452852521   0.4368311223   0.4287319815   0.4209635806   0.4135039699   0.4063332302   0.3994332384   0.3927874647   0.3863807959   0.3801993813   0.3742304984   0.368462435   0.3628843867   0.3574863657   0.3522591217   0.347194071   0.3422832349   0.3375191838   0.3328949886   0.328404177   0.3240406943   0.3197988683   0.3156733784   0.311659227   0.3077517145   0.3039464156   0.3002391583   0.2966260104   0.2931032496   0.289667364   0.2863150255   0.2830430815   0.2798485458   0.2767285815   0.2736804957   0.2707017284   0.2677898449   0.264942527   0.2621575673   0.2594328608   0.2567663998   0.2541562679   0.2516006349   0.2490977516   0.2466459451   0.2442436151   0.2418892294   0.2395813203   0.2373184814   0.2350993639   0.2329226742   0.2307871703   0.2286916599   0.2266349974   0.2246160817   0.222633854   0.2206872958   0.2187754271   0.2168973042   0.215052018   0.2132386929   0.2114564848   0.2097045797   0.2079821923   0.206288565   0.2046229665   0.2029846906   0.201373055   0.1997874006   0.1982270903   0.1966915079   0.1951800578   0.1936921633   0.1922272667   0.1907848279   0.1893643239   0.1879652483   0.1865871103   0.1852294342   0.183891759   0.1825736378   0.1812746368   0.1799943355   0.1787323257   0.1774882113   0.1762616075   0.1750521409   0.1738594487   0.1726831785   0.1715229878   0.1703785437   0.1692495227   0.16813561   0.1670364997   0.165951894   0.1648815032   0.1638250456   0.1627822468   0.1617528396   0.160736564   0.1597331667   0.1587424009   0.1577640262   0.1567978085   0.1558435194   0.1549009363   0.1539698423   0.1530500259   0.1521412806   0.1512434053   0.1503562034   0.1494794836   0.1486130586   0.1477567461   0.1469103679   0.1460737499   0.1452467224   0.1444291193   0.1436207787   0.1428215421   0.142031255   0.1412497661   0.1404769276   0.1397125952   0.1389566276   0.1382088867   0.1374692377   0.1367375484   0.1360136897   0.1352975352   0.1345889614   0.1338878472   0.1331940744   0.1325075271   0.1318280918   0.1311556575   0.1304901156   
6.844221106   0.005648717132   0.007275227664   0.009368131665   0.01205988248   0.01551970718   0.01996326337   0.025664467   0.03296973203   0.04231470146   0.05424321583   0.06942765384   0.08868874479   0.1130113149   0.1435500093   0.1816157517   0.228629785   0.2860284746   0.3551006844   0.4367440703   0.5311419952   0.6373932054   0.7531708462   0.8745328592   0.9960241071   1.111167313   1.213320816   1.296721865   1.357419502   1.393812914   1.406658229   1.398607759   1.373489909   1.335566868   1.288940641   1.237177481   1.183139117   1.12896697   1.076157509   1.025678035   0.9780891526   0.933655421   0.8924365485   0.8543579715   0.8192629415   0.7869494568   0.7571954867   0.7297755269   0.7044709459   0.6810760132   0.659401005   0.6392733932   0.6205378208   0.6030553494   0.5867023045   0.5713689322   0.5569580037   0.543383453   0.530569094   0.5184474432   0.5069586573   0.4960495863   0.4856729377   0.4757865418   0.466352711   0.457337682   0.4487111302   0.4404457499   0.4325168892   0.4249022342   0.4175815352   0.4105363685   0.4037499303   0.3972068564   0.3908930662   0.384795626   0.3789026289   0.3732030905   0.3676868568   0.3623445231   0.3571673623   0.3521472619   0.3472766679   0.3425485347   0.3379562808   0.3334937494   0.3291551724   0.3249351387   0.3208285659   0.3168306739   0.312936962   0.3091431864   0.305445346   0.3018396582   0.298322546   0.2948906254   0.2915406894   0.2882696971   0.2850747642   0.2819531494   0.2789022478   0.2759195812   0.2730027908   0.2701496288   0.2673579533   0.2646257202   0.2619509787   0.2593318651   0.2567665986   0.254253476   0.2517908674   0.2493772125   0.2470110167   0.2446908474   0.2424153309   0.2401831494   0.2379930377   0.235843781   0.2337342123   0.2316632095   0.2296296939   0.2276326276   0.2256710117   0.2237438844   0.2218503194   0.2199894239   0.2181603375   0.2163622303   0.214594302   0.2128557799   0.2111459183   0.2094639972   0.2078093207   0.2061812168   0.2045790354   0.2030021484   0.2014499478   0.1999218457   0.198417273   0.1969356786   0.195476529   0.1940393074   0.1926235129   0.1912286602   0.1898542788   0.1884999124   0.1871651185   0.1858494677   0.1845525433   0.1832739409   0.1820132677   0.1807701426   0.1795441949   0.1783350649   0.1771424028   0.1759658686   0.1748051319   0.1736598712   0.172529774   0.1714145362   0.1703138619   0.1692274631   0.1681550595   0.1670963782   0.1660511534   0.1650191264   0.1640000449   0.1629936633   0.1619997422   0.1610180483   0.1600483541   0.1590904377   0.158144083   0.1572090789   0.1562852198   0.1553723048   0.1544701379   0.1535785281   0.1526972887   0.1518262374   0.1509651963   0.1501139918   0.149272454   0.1484404173   0.1476177196   0.1468042028   0.1459997121   0.1452040964   0.1444172079   0.1436389022   0.142869038   0.1421074771   0.1413540844   0.1406087279   0.139871278   0.1391416085   0.1384195953   0.1377051175   0.1369980564   0.1362982959   0.1356057223   
7.09798995   0.004468263546   0.00575580129   0.007413147441   0.009545729971   0.0122885142   0.015813937   0.02034174714   0.0261510581   0.03359485888   0.04311706434   0.05527184652   0.07074436617   0.09037096924   0.1151552448   0.1462738758   0.1850628719   0.2329707834   0.2914617599   0.361849923   0.4450511333   0.5412538756   0.6495419831   0.7675471844   0.891255774   1.015112369   1.132519681   1.236711959   1.321817543   1.383809149   1.421052478   1.434313548   1.426289822   1.40087713   1.362413829   1.315075915   1.262494466   1.207583644   1.152524479   1.098841479   1.047520442   0.9991330897   0.9539496908   0.9120318904   0.8733045595   0.8376088223   0.8047396589   0.7744715906   0.7465755397   0.7208293695   0.697024027   0.6749667106   0.6544820855   0.6354122636   0.6176160413   0.6009677278   0.5853557805   0.5706813878   0.5568570837   0.5438054447   0.531457893   0.5197536162   0.5086386051   0.4980648037   0.4879893629   0.4783739888   0.4691843753   0.4603897116   0.451962254   0.4438769561   0.4361111471   0.4286442533   0.4214575568   0.4145339853   0.4078579292   0.4014150831   0.3951923063   0.3891775017   0.3833595092   0.377728012   0.3722734547   0.3669869702   0.3618603154   0.3568858148   0.3520563091   0.3473651105   0.3428059625   0.3383730033   0.3340607339   0.329863989   0.3257779104   0.3217979237   0.3179197167   0.3141392187   0.3104525874   0.3068561865   0.3033465749   0.2999204928   0.2965748492   0.2933067098   0.2901132879   0.2869919345   0.2839401297   0.2809554743   0.2780356826   0.2751785754   0.2723820742   0.2696441943   0.26696304   0.2643367994   0.2617637398   0.2592422028   0.2567706008   0.2543474129   0.2519711813   0.2496405079   0.2473540515   0.2451105245   0.2429086904   0.2407473609   0.238625394   0.2365416915   0.2344951966   0.2324848922   0.2305097991   0.2285689738   0.2266615072   0.2247865231   0.2229431763   0.2211306513   0.2193481613   0.2175949467   0.2158702737   0.2141734337   0.2125037416   0.2108605354   0.2092431747   0.2076510401   0.2060835325   0.2045400716   0.203020096   0.2015230618   0.2000484421   0.1985957264   0.1971644199   0.1957540429   0.1943641301   0.1929942302   0.1916439056   0.1903127311   0.1890002944   0.187706195   0.1864300438   0.1851714631   0.1839300857   0.1827055548   0.1814975236   0.180305655   0.179129621   0.1779691026   0.1768237896   0.1756933799   0.1745775797   0.173476103   0.1723886711   0.1713150128   0.1702548639   0.169207967   0.1681740714   0.1671529324   0.1661443121   0.165147978   0.1641637037   0.1631912684   0.1622304567   0.1612810583   0.1603428683   0.1594156865   0.1584993176   0.1575935711   0.1566982607   0.1558132047   0.1549382256   0.1540731501   0.1532178087   0.152372036   0.1515356702   0.1507085534   0.149890531   0.149081452   0.1482811688   0.1474895369   0.1467064153   0.1459316657   0.1451651532   0.1444067454   0.143656313   0.1429137295   0.1421788711   0.1414516164   0.1407318467   
7.351758794   0.003531661277   0.004549886754   0.005860945196   0.007548568243   0.009720110341   0.01251300326   0.01610283549   0.02071337283   0.02662883202   0.03420865795   0.04390488728   0.05628183614   0.07203721539   0.09202270405   0.1172603131   0.1489483625   0.1884474913   0.2372330582   0.2967964884   0.3684766952   0.4532074025   0.5511821085   0.6614699833   0.7816620644   0.9076742715   1.033852768   1.153482412   1.259675606   1.346453773   1.409714719   1.44779132   1.461459368   1.453460726   1.427757487   1.388762845   1.34072548   1.287340139   1.23157247   1.175642387   1.12110192   1.068955008   1.019784265   0.9738655443   0.931262371   0.8918990397   0.8556145667   0.8222009512   0.7914293132   0.7630670529   0.7368885799   0.7126815688   0.6902501873   0.6694163372   0.6500196389   0.6319166596   0.6149797241   0.5990955301   0.5841637085   0.5700954169   0.5568120146   0.5442438477   0.5323291512   0.5210130714   0.5102468022   0.4999868268   0.4901942557   0.4808342501   0.4718755214   0.4632898964   0.4550519414   0.4471386354   0.4395290873   0.4322042906   0.4251469096   0.4183410945   0.4117723194   0.4054272412   0.3992935765   0.3933599931   0.3876160152   0.3820519398   0.3766587628   0.3714281138   0.3663521981   0.3614237457   0.3566359647   0.3519825013   0.3474574023   0.343055083   0.3387702969   0.3345981099   0.3305338755   0.3265732136   0.3227119891   0.318946299   0.3152724496   0.3116869432   0.3081864709   0.3047678899   0.3014282196   0.2981646282   0.294974424   0.2918550463   0.2888040568   0.2858191326   0.2828980589   0.280038723   0.2772391075   0.2744972854   0.2718114149   0.2691797343   0.2666005578   0.264072271   0.2615933276   0.2591622452   0.2567776021   0.2544380343   0.2521422323   0.2498889384   0.2476769442   0.245505088   0.2433722525   0.2412773627   0.2392193839   0.2371973198   0.2352102104   0.2332571308   0.2313371892   0.2294495254   0.2275933098   0.2257677415   0.2239720471   0.2222054801   0.2204673188   0.218756866   0.2170734477   0.2154164118   0.2137851279   0.2121789857   0.2105973945   0.2090397825   0.2075055957   0.2059942976   0.2045053683   0.2030383037   0.2015926152   0.2001678288   0.1987634848   0.1973791373   0.1960143531   0.1946687121   0.1933418062   0.1920332389   0.1907426253   0.1894695912   0.188213773   0.1869748172   0.18575238   0.1845461273   0.1833557338   0.1821808831   0.1810212678   0.1798765877   0.1787465514   0.1776308748   0.1765292813   0.1754415015   0.1743672728   0.1733063395   0.1722584523   0.1712233681   0.1702008501   0.1691906673   0.1681925944   0.1672064115   0.1662319043   0.1652688635   0.164317085   0.1633763696   0.1624465226   0.1615273541   0.1606186786   0.159720315   0.1588320864   0.1579538197   0.1570853462   0.1562265007   0.1553771219   0.1545370521   0.1537061372   0.1528842263   0.1520711721   0.1512668304   0.1504710601   0.1496837234   0.1489046851   0.1481338133   0.1473709786   0.1466160545   0.1458689172   
7.605527638   0.00278935157   0.003593909393   0.004630082318   0.005964250057   0.007681620421   0.009891440628   0.01273356574   0.01638668076   0.02107849816   0.02709824872   0.03481172016   0.04467892877   0.05727415715   0.07330744639   0.09364553987   0.1193285474   0.151576046   0.191772871   0.2414207176   0.3020378038   0.3749873936   0.4612207508   0.5609362844   0.6731887384   0.7955291485   0.9238042648   1.052263497   1.174075892   1.282234137   1.37065462   1.43516158   1.474055689   1.488122403   1.480147271   1.454157546   1.414639996   1.365914744   1.311739112   1.255129339   1.198343539   1.142960767   1.090002771   1.040062848   0.993422318   0.9501465325   0.9101592009   0.8732972506   0.8393497362   0.8080844215   0.7792652335   0.7526631776   0.7280627038   0.7052649935   0.6840892271   0.6643725707   0.6459693962   0.6287500748   0.6125995717   0.5974159849   0.5831091167   0.5695991292   0.5568153093   0.544694955   0.533182382   0.5222280463   0.5117877748   0.5018220925   0.4922956369   0.4831766498   0.4744365366   0.4660494827   0.4579921234   0.4502432559   0.4427835905   0.4355955333   0.4286629987   0.4219712446   0.4155067295   0.4092569874   0.4032105175   0.3973566882   0.3916856519   0.3861882705   0.3808560488   0.3756810759   0.370655973   0.3657738468   0.3610282481   0.3564131345   0.3519228373   0.3475520312   0.3432957074   0.3391491493   0.3351079104   0.3311677928   0.3273248342   0.323575284   0.3199155924   0.3163423992   0.3128525115   0.3094429048   0.3061107031   0.3028531729   0.2996677135   0.2965518488   0.2935032195   0.2905195763   0.2875987728   0.2847387601   0.2819375808   0.2791933638   0.2765043192   0.2738687343   0.271284969   0.2687514521   0.2662666772   0.2638291997   0.2614376335   0.2590906477   0.2567869642   0.2545253547   0.2523046383   0.2501236794   0.2479813853   0.2458767041   0.2438086227   0.2417761654   0.2397783915   0.2378143944   0.2358832994   0.2339842628   0.23211647   0.2302791347   0.2284714974   0.2266928242   0.2249424058   0.2232195567   0.2215236135   0.2198539347   0.2182098995   0.216590907   0.2149963752   0.2134257405   0.2118784569   0.2103539952   0.2088518426   0.2073715016   0.2059124899   0.2044743395   0.2030565964   0.2016588198   0.200280582   0.1989214673   0.1975810723   0.1962590049   0.1949548842   0.1936683397   0.1923990117   0.1911465499   0.1899106141   0.1886908729   0.1874870043   0.1862986945   0.1851256385   0.183967539   0.1828241067   0.1816950598   0.1805801236   0.1794790309   0.1783915209   0.1773173396   0.1762562394   0.1752079788   0.1741723223   0.1731490405   0.1721379091   0.1711387098   0.1701512292   0.1691752592   0.1682105967   0.1672570433   0.1663144053   0.1653824936   0.1644611236   0.1635501147   0.1626492906   0.1617584792   0.1608775121   0.1600062247   0.1591444562   0.1582920493   0.1574488503   0.1566147087   0.1557894776   0.154973013   0.1541651742   0.1533658235   0.1525748261   0.1517920501   0.1510173664   
7.859296482   0.002201604348   0.002836847479   0.003655105251   0.004708922232   0.006065808613   0.00781242342   0.01005987464   0.01295039967   0.01666572762   0.02143745096   0.02755972964   0.03540458695   0.04543988382   0.05824970059   0.07455619988   0.09524093423   0.1213618055   0.1541592872   0.1950419995   0.2455375259   0.3071904195   0.3813878759   0.4690983921   0.5705251909   0.6847088158   0.809160955   0.9396603351   1.070361225   1.194318803   1.30440806   1.394442135   1.460172974   1.499869639   1.514327137   1.506374022   1.480101661   1.440069194   1.390667011   1.335713967   1.278276044   1.220648906   1.164438167   1.110683066   1.059987386   1.012637803   0.9687014459   0.9281014309   0.8906726158   0.8562011454   0.824451471   0.7951840933   0.768166661   0.7431804447   0.7200236828   0.6985128733   0.6784827641   0.6597855642   0.6422897202   0.6258784907   0.6104484638   0.5959081073   0.582176404   0.5691815986   0.5568600664   0.5451553053   0.5340170456   0.5234004682   0.5132655219   0.5035763294   0.494300671   0.4854095367   0.4768767387   0.4686785737   0.4607935331   0.4532020488   0.4458862735   0.4388298898   0.4320179437   0.4254366989   0.4190735102   0.4129167114   0.406955518   0.4011799411   0.395580711   0.3901492102   0.384877414   0.379757837   0.3747834866   0.3699478203   0.3652447085   0.3606684002   0.3562134929   0.3518749049   0.3476478511   0.3435278199   0.3395105536   0.3355920283   0.3317684409   0.32803619   0.3243918627   0.3208322233   0.3173541995   0.3139548732   0.3106314703   0.3073813512   0.3042020028   0.3010910303   0.2980461506   0.2950651848   0.2921460532   0.2892867685   0.286485431   0.2837402238   0.2810494077   0.2784113175   0.2758243577   0.2732869987   0.2707977735   0.2683552744   0.2659581498   0.2636051015   0.261294882   0.2590262918   0.2567981775   0.2546094288   0.2524589772   0.2503457936   0.2482688865   0.2462273003   0.2442201137   0.2422464378   0.2403054154   0.2383962186   0.2365180483   0.2346701325   0.2328517254   0.231062106   0.2293005774   0.2275664654   0.2258591178   0.2241779034   0.2225222112   0.2208914496   0.2192850455   0.2177024437   0.216143106   0.214606511   0.2130921526   0.2115995404   0.2101281985   0.2086776649   0.2072474913   0.2058372426   0.204446496   0.203074841   0.2017218787   0.2003872215   0.1990704927   0.1977713259   0.1964893649   0.1952242633   0.1939756841   0.1927432993   0.1915267899   0.190325845   0.1891401623   0.1879694471   0.1868134127   0.1856717795   0.1845442752   0.1834306345   0.1823305987   0.1812439157   0.1801703396   0.1791096308   0.1780615552   0.1770258848   0.1760023971   0.1749908748   0.1739911059   0.1730028834   0.1720260055   0.1710602747   0.1701054984   0.1691614885   0.168228061   0.1673050364   0.1663922392   0.1654894978   0.1645966446   0.1637135157   0.1628399507   0.1619757931   0.1611208894   0.16027509   0.159438248   0.1586102201   0.1577908658   0.1569800478   0.1561776317   
8.113065327   0.001736644979   0.002237861702   0.002883566559   0.003715300206   0.004786472655   0.00616570609   0.00794108701   0.01022555374   0.01316368701   0.01694021026   0.02179053247   0.0280136621   0.03598775594   0.04618839114   0.05920928538   0.07578452421   0.09681022662   0.1233617948   0.1567002554   0.1982576231   0.2495869426   0.3122586669   0.3876835252   0.4768469558   0.5799569034   0.6960399263   0.822568988   0.9552558816   1.088161269   1.21422831   1.326216217   1.417836581   1.484770265   1.525255275   1.540096071   1.532163559   1.505612221   1.465072426   1.415003712   1.359285478   1.30103264   1.242577795   1.185552674   1.131013708   1.079574978   1.03152841   0.9869428665   0.9457408637   0.9077552088   0.8727691706   0.8405439297   0.8108366061   0.7834115366   0.7580468566   0.7345379024   0.7126985268   0.6923610945   0.6733756819   0.6556088388   0.6389421419   0.6232706914   0.6085016402   0.5945528093   0.5813514165   0.5688329282   0.5569400372   0.5456217589   0.5348326382   0.5245320568   0.5146836306   0.5052546856   0.4962158036   0.4875404286   0.4792045257   0.4711862847   0.4634658639   0.4560251669   0.4488476489   0.4419181473   0.4352227346   0.4287485896   0.4224838838   0.4164176829   0.4105398588   0.4048410129   0.3993124079   0.3939459072   0.3887339213   0.3836693599   0.3787455895   0.3739563947   0.3692959439   0.3647587591   0.3603396875   0.3560338765   0.3518367511   0.3477439923   0.3437515233   0.339855484   0.3360522219   0.3323382753   0.3287103642   0.3251653716   0.3217003378   0.3183124487   0.3149990269   0.3117575231   0.3085855079   0.305480665   0.3024407841   0.2994637551   0.2965475616   0.2936902763   0.2908900554   0.2881451343   0.2854538232   0.2828145028   0.280225621   0.2776856888   0.2751932776   0.2727470155   0.2703455848   0.2679877193   0.2656722013   0.2633978597   0.2611635677   0.2589682404   0.2568108329   0.2546903384   0.2526057868   0.2505562424   0.2485408028   0.2465585972   0.2446087849   0.2426905544   0.2408031217   0.238945729   0.2371176442   0.2353181592   0.2335465892   0.2318022716   0.2300845652   0.2283928491   0.2267265224   0.2250850026   0.2234677256   0.2218741446   0.2203037295   0.2187559662   0.2172303562   0.2157264156   0.2142436752   0.2127816792   0.2113399851   0.2099181633   0.2085157964   0.207132479   0.2057678168   0.2044214269   0.2030929368   0.2017819842   0.200488217   0.1992112923   0.1979508767   0.1967066456   0.195478283   0.1942654813   0.1930679407   0.1918853697   0.1907174837   0.1895640059   0.1884246662   0.1872992016   0.1861873555   0.1850888776   0.1840035242   0.1829310572   0.1818712444   0.1808238595   0.1797886812   0.1787654939   0.177754087   0.1767542548   0.1757657965   0.174788516   0.1738222217   0.1728667265   0.1719218476   0.1709874062   0.1700632277   0.1691491414   0.1682449805   0.1673505816   0.1664657853   0.1655904355   0.1647243795   0.163867468   0.1630195549   0.1621804972   0.161350155   
8.366834171   0.001369113032   0.001764335929   0.002273544685   0.002929545542   0.003774541581   0.004862794558   0.006264021027   0.008067712345   0.01038860817   0.01337359545   0.0172103445   0.02213802031   0.02846040302   0.03656168569   0.04692503934   0.06015366614   0.0769933854   0.09835465138   0.1253300885   0.1592009501   0.2014222725   0.2535721555   0.3172465376   0.3938793018   0.4844725508   0.5892388634   0.7071910182   0.8357638479   0.970603251   1.105677746   1.233820232   1.347675973   1.440856631   1.508973136   1.550232971   1.565449942   1.557536693   1.530709864   1.489669964   1.438944611   1.382472806   1.32341763   1.264148026   1.206321421   1.151011152   1.098841423   1.050109312   1.004885369   0.9630915071   0.9245585013   0.8890667774   0.8563742858   0.8262348091   0.798409416   0.7726731485   0.7488184797   0.7266566541   0.706017685   0.6867495465   0.6687169175   0.6517997165   0.6358915768   0.620898355   0.6067367271   0.5933328982   0.5806214395   0.5685442502   0.5570496413   0.5460915311   0.5356287429   0.5256243932   0.5160453606   0.5068618252   0.4980468688   0.4895761293   0.4814275003   0.473580871   0.4660178998   0.4587218181   0.4516772584   0.4448701053   0.4382873645   0.4319170482   0.4257480745   0.419770179   0.4139738365   0.4083501919   0.402890999   0.3975885659   0.3924357068   0.3874256984   0.3825522415   0.3778094257   0.3731916987   0.3686938378   0.3643109246   0.3600383221   0.3558716536   0.3518067824   0.3478398002   0.3439670032   0.3401848836   0.3364901139   0.3328795339   0.329350145   0.3258990937   0.3225236653   0.3192212751   0.31598946   0.3128258712   0.3097282677   0.3066945095   0.3037225521   0.300810441   0.2979563063   0.2951583585   0.2924148836   0.2897242395   0.2870848517   0.2844952101   0.2819538654   0.2794594259   0.2770105551   0.2746059682   0.27224443   0.2699247524   0.2676457919   0.2654064479   0.26320566   0.2610424067   0.2589157035   0.2568246008   0.2547681829   0.2527455659   0.2507558967   0.2487983514   0.2468721343   0.2449764762   0.243110634   0.2412738887   0.2394655452   0.2376849308   0.2359313944   0.2342043057   0.2325030543   0.2308270489   0.2291757167   0.2275485024   0.2259448675   0.22436429   0.2228062636   0.2212702968   0.2197559129   0.218262649   0.2167900556   0.2153376962   0.2139051469   0.2124919957   0.211097842   0.2097222968   0.2083649815   0.2070255282   0.2057035788   0.204398785   0.203110808   0.2018393177   0.2005839931   0.1993445215   0.1981205984   0.1969119271   0.1957182185   0.1945391913   0.1933745707   0.1922240895   0.1910874866   0.1899645078   0.1888549051   0.1877584364   0.1866748657   0.1856039627   0.1845455026   0.1834992659   0.1824650384   0.1814426111   0.1804317796   0.1794323445   0.1784441109   0.1774668885   0.1765004912   0.1755447372   0.174599449   0.1736644527   0.1727395786   0.1718246606   0.1709195365   0.1700240473   0.1691380378   0.1682613559   0.167393853   0.1665353836   
8.620603015   0.001078802976   0.001390270964   0.001791601591   0.002308679636   0.002974818356   0.003832873098   0.004937944268   0.006360825984   0.008192392881   0.01054915827   0.01358027991   0.01747632972   0.02248017096   0.02890028213   0.03712679983   0.04765037219   0.06108354003   0.07818367598   0.09987534891   0.1272681403   0.1616632184   0.2045382856   0.2574961098   0.3221577189   0.3999797886   0.4919808208   0.5983779457   0.7181703583   0.8487553277   0.9857138495   1.122923695   1.25310918   1.368803368   1.463519534   1.532799772   1.574821545   1.590407911   1.582512651   1.555413658   1.513880541   1.462507975   1.405293665   1.345448125   1.285376085   1.226760263   1.170690635   1.117801357   1.068394567   1.022542465   0.9801663543   0.9410949962   0.9051060058   0.8719541426   0.8413898933   0.8131711007   0.7870697535   0.7628754994   0.740397009   0.7194619758   0.6999162994   0.6816228136   0.6644598011   0.6483194481   0.6331063329   0.6187360019   0.6051336622   0.5922330018   0.5799751377   0.5683076863   0.5571839484   0.5465621968   0.5364050561   0.526678964   0.5173537046   0.5084020032   0.4997991754   0.491522823   0.4835525703   0.4758698345   0.4684576266   0.4613003776   0.454383787   0.4476946906   0.4412209435   0.4349513192   0.428875419   0.4229835933   0.4172668713   0.4117168991   0.4063258843   0.4010865472   0.3959920767   0.3910360909   0.3862126022   0.3815159855   0.3769409496   0.3724825115   0.368135972   0.363896899   0.3597611017   0.3557246183   0.3517836948   0.3479347788   0.3441744986   0.340499653   0.3369072018   0.3333942531   0.329958057   0.3265959938   0.3233055672   0.320084397   0.3169302117   0.3138408428   0.3108142175   0.3078483551   0.3049413602   0.3020914188   0.2992967934   0.2965558195   0.2938669008   0.2912285063   0.2886391668   0.2860974714   0.2836020647   0.2811516441   0.2787449573   0.2763807994   0.2740580108   0.2717754754   0.2695321179   0.2673269022   0.2651588299   0.2630269378   0.2609302971   0.2588680112   0.2568392148   0.2548430722   0.252878776   0.2509455461   0.2490426283   0.2471692934   0.2453248359   0.2435085732   0.2417198449   0.2399580112   0.2382224528   0.2365125697   0.2348277802   0.233167521   0.2315312456   0.2299184241   0.2283285425   0.226761102   0.2252156186   0.2236916224   0.2221886571   0.2207062797   0.2192440595   0.2178015783   0.2163784295   0.2149742179   0.2135885592   0.2122210797   0.2108714157   0.2095392136   0.2082241292   0.2069258274   0.205643982   0.2043782754   0.2031283982   0.2018940492   0.2006749347   0.1994707687   0.1982812723   0.1971061738   0.195945208   0.1947981167   0.1936646478   0.1925445553   0.1914375994   0.1903435461   0.1892621668   0.1881932386   0.1871365438   0.1860918698   0.1850590089   0.1840377585   0.1830279205   0.1820293013   0.1810417118   0.1800649673   0.179098887   0.1781432945   0.177198017   0.1762628858   0.1753377358   0.1744224054   0.1735167367   0.1726205751   0.1717337696   
8.874371859   0.0008496409186   0.0010949761   0.001411113563   0.00181846089   0.002343290942   0.003019416432   0.003890335249   0.005011973951   0.006456188159   0.008315215167   0.01070731551   0.01378388389   0.01773835055   0.02281722193   0.02933360484   0.03768349071   0.04836489329   0.06199955273   0.07935622249   0.1013733753   0.1291772964   0.1640887708   0.2076078279   0.261361533   0.326995626   0.4059892295   0.4993769922   0.6073805166   0.7289856021   0.8615524962   1.00059824   1.13991119   1.272108687   1.389613257   1.485841264   1.556267011   1.599038427   1.614987719   1.607109243   1.579741269   1.53772151   1.485710729   1.427764473   1.367139986   1.306277254   1.246883903   1.190066291   1.136468364   1.086397232   1.039926708   0.9969774821   0.9573763204   0.9208980583   0.8872943018   0.8563122824   0.8277066573   0.8012464005   0.7767183707   0.7539286974   0.7327027848   0.7128844851   0.6943348108   0.6769304305   0.6605621027   0.6451331441   0.6305579869   0.6167608533   0.6036745604   0.5912394531   0.5794024633   0.5681162826   0.5573386409   0.5470316776   0.5371613961   0.5276971899   0.518611433   0.5098791233   0.5014775754   0.4933861524   0.4855860338   0.4780600137   0.4707923247   0.4637684843   0.4569751604   0.4504000543   0.4440317966   0.4378598569   0.431874463   0.4260665305   0.4204275995   0.414949779   0.4096256968   0.4044484554   0.3994115921   0.3945090432   0.3897351121   0.3850844404   0.3805519817   0.3761329781   0.3718229374   0.367617619   0.3635130082   0.3595053056   0.355590912   0.3517664094   0.3480285592   0.3443742806   0.3408006451   0.3373048665   0.3338842912   0.3305363908   0.327258754   0.3240490797   0.3209051708   0.317824928   0.3148063441   0.3118474988   0.3089465542   0.3061017501   0.3033113996   0.3005738855   0.2978876563   0.2952512231   0.2926631562   0.290122082   0.2876266806   0.2851756825   0.2827678666   0.2804020578   0.2780771245   0.2757919769   0.2735455649   0.2713368762   0.2691649345   0.2670287981   0.2649275582   0.2628603373   0.2608262882   0.2588245924   0.2568544586   0.2549151223   0.2530058439   0.2511259081   0.2492746227   0.2474513178   0.2456553446   0.243886075   0.2421429003   0.2404252307   0.2387324947   0.2370641379   0.2354196228   0.233798428   0.2322000474   0.2306239901   0.2290697791   0.2275369517   0.2260250582   0.2245336616   0.2230623377   0.2216106737   0.2201782686   0.2187647324   0.2173696858   0.2159927598   0.2146335954   0.2132918432   0.2119671631   0.2106592239   0.2093677034   0.2080922873   0.2068326698   0.205588553   0.2043596462   0.2031456664   0.2019463377   0.2007613908   0.1995905636   0.1984335998   0.19729025   0.1961602705   0.1950434234   0.193939477   0.1928482045   0.191769385   0.1907028024   0.1896482459   0.1886055096   0.1875743922   0.1865546971   0.1855462323   0.1845488099   0.1835622464   0.1825863624   0.1816209826   0.1806659353   0.1797210528   0.1787861709   0.1778611293   0.1769457707   
9.128140704   0.000668856872   0.0008620086993   0.001110915115   0.001431654461   0.001844931395   0.00237740124   0.003063368939   0.003946965617   0.005084932028   0.006550169926   0.008436259539   0.01086318333   0.01398454054   0.01799657839   0.02314939372   0.02976065458   0.0382321225   0.0490690701   0.06290230354   0.08051179214   0.1028497108   0.1310588061   0.166479195   0.210632909   0.2651709567   0.3317634285   0.4119115637   0.5066659162   0.6162524854   0.7396438551   0.8741637705   1.015266225   1.15665144   1.29083131   1.410119426   1.507836644   1.579390482   1.62289979   1.639205834   1.631342996   1.603709092   1.561208985   1.50856859   1.449900475   1.388507948   1.326865736   1.26670601   1.209151261   1.154855077   1.104129454   1.057049782   1.013536137   0.9734133067   0.936453377   0.9024048374   0.871011703   0.8420254842   0.8152121775   0.7903558875   0.7672602346   0.7457483624   0.7256621019   0.7068606676   0.6892191346   0.6726268518   0.6569858909   0.6422095841   0.6282211819   0.6149526414   0.6023435461   0.590340152   0.5788945499   0.5679639339   0.5575099651   0.5474982181   0.5378977016   0.5286804426   0.5198211265   0.511296784   0.5030865211   0.4951712832   0.4875336504   0.4801576599   0.4730286497   0.4661331229   0.4594586287   0.4529936574   0.4467275488   0.4406504101   0.4347530451   0.4290268897   0.4234639556   0.4180567799   0.4127983802   0.4076822142   0.4027021434   0.397852401   0.3931275626   0.3885225194   0.3840324548   0.3796528209   0.3753793248   0.3712079024   0.3671347064   0.3631560919   0.3592686017   0.3554689541   0.3517540306   0.3481208661   0.3445666395   0.3410886641   0.3376843795   0.3343513441   0.3310872278   0.3278898058   0.3247569521   0.321686634   0.318676907   0.3157259097   0.3128318593   0.3099930473   0.3072078359   0.3044746536   0.3017919922   0.2991584037   0.2965724966   0.2940329338   0.2915384294   0.2890877463   0.286679694   0.2843131262   0.2819869387   0.2797000676   0.277451487   0.2752402079   0.273065276   0.2709257704   0.268820802   0.2667495121   0.2647110712   0.2627046776   0.2607295562   0.2587849575   0.2568701565   0.2549844516   0.2531271637   0.2512976352   0.2494952293   0.2477193291   0.2459693365   0.2442446722   0.242544774   0.2408690971   0.2392171127   0.2375883077   0.2359821843   0.2343982589   0.2328360621   0.2312951378   0.2297750432   0.2282753477   0.2267956328   0.2253354917   0.2238945289   0.2224723597   0.2210686097   0.2196829146   0.2183149202   0.2169642814   0.2156306622   0.2143137355   0.2130131827   0.2117286935   0.2104599653   0.2092067035   0.2079686208   0.2067454371   0.2055368794   0.2043426813   0.2031625831   0.2019963314   0.2008436789   0.1997043843   0.1985782121   0.1974649324   0.1963643207   0.1952761579   0.1942002299   0.1931363275   0.1920842464   0.1910437872   0.1900147547   0.1889969582   0.1879902115   0.1869943323   0.1860091425   0.185034468   0.1840701383   0.1831159868   0.1821718504   
9.381909548   0.0005263176619   0.0006783183468   0.0008742024597   0.001126629861   0.001451906339   0.001871029448   0.002411031588   0.00310670301   0.004002799163   0.005156863539   0.006642829306   0.008555600724   0.01101685795   0.01418237376   0.01825117267   0.02347689139   0.03018169504   0.03877303394   0.04976333742   0.06379234992   0.08165109858   0.1043052674   0.1329138318   0.168835968   0.2136153984   0.2689267358   0.3364640749   0.4177504554   0.5138521051   0.6249993485   0.7501517265   0.8865969798   1.029726924   1.173154866   1.309288731   1.430334696   1.529519463   1.602184721   1.646420679   1.663077573   1.655229287   1.62733238   1.584357952   1.531096178   1.471715859   1.409565723   1.347154751   1.286239309   1.227957788   1.172973269   1.121602557   1.073922585   1.029852812   0.9892160662   0.9517817133   0.9172951612   0.8854972466   0.8561363702   0.8289755875   0.8037962819   0.7803995959   0.7586064402   0.7382566493   0.7192076623   0.7013329804   0.684520561   0.668671246   0.6536972816   0.6395209587   0.6260733856   0.613293394   0.6011265728   0.5895244194   0.5784435995   0.5678453018   0.557694678   0.5479603568   0.5386140235   0.5296300543   0.5209852007   0.5126583146   0.5046301106   0.4968829581   0.4894007014   0.4821685017   0.4751726996   0.4684006946   0.4618408387   0.4554823436   0.4493151982   0.4433300957   0.4375183696   0.431871936   0.4263832427   0.4210452235   0.4158512579   0.4107951339   0.4058710158   0.401073414   0.3963971585   0.3918373749   0.3873894622   0.383049072   0.3788120944   0.3746746356   0.3706330068   0.3666837077   0.3628234185   0.3590489822   0.355357398   0.3517458105   0.3482115002   0.3447518758   0.3413644657   0.3380469116   0.3347969612   0.3316124625   0.3284913579   0.3254316789   0.3224315412   0.3194891399   0.3166027454   0.3137706995   0.3109914112   0.3082633535   0.3055850602   0.3029551226   0.3003721866   0.2978349502   0.2953421607   0.2928926126   0.2904851449   0.2881186396   0.285792019   0.2835042444   0.281254314   0.2790412612   0.2768641533   0.2747220897   0.2726142008   0.270539646   0.2684976135   0.2664873179   0.2645080001   0.2625589254   0.2606393831   0.2587486852   0.2568861654   0.2550511785   0.2532430993   0.2514613219   0.2497052591   0.2479743414   0.2462680165   0.2445857486   0.2429270177   0.2412913191   0.239678163   0.2380870733   0.236517588   0.2349692579   0.2334416468   0.2319343303   0.2304468961   0.2289789433   0.2275300816   0.2260999316   0.2246881242   0.2232942998   0.2219181087   0.2205592102   0.2192172727   0.217891973   0.2165829963   0.2152900361   0.2140127932   0.2127509765   0.2115043019   0.2102724923   0.2090552777   0.2078523946   0.2066635859   0.2054886008   0.2043271946   0.2031791282   0.2020441685   0.2009220877   0.1998126634   0.1987156784   0.1976309206   0.1965581827   0.1954972621   0.194447961   0.1934100857   0.1923834473   0.1913678608   0.1903631455   0.1893691246   0.188385625   0.1874124778   
9.635678392   0.0004139909485   0.0005335584763   0.0006876503163   0.0008862293162   0.001142129509   0.001471881016   0.001896770278   0.002444201615   0.003149443936   0.004057868472   0.005227810465   0.006734220376   0.008673308375   0.01116842907   0.014377499   0.01850228198   0.02379990611   0.03059697197   0.0393065408   0.05044810054   0.06467021148   0.08277480698   0.1057408948   0.1347434568   0.1711604663   0.2165570386   0.2726310652   0.3411003133   0.4235093195   0.5209397644   0.6336262285   0.7605153759   0.8988594206   1.043988835   1.189431185   1.327491836   1.450271016   1.550902571   1.624663274   1.669615115   1.686617211   1.678782444   1.650625348   1.607182382   1.553307125   1.493223853   1.430326099   1.367156632   1.305495677   1.246497296   1.19083393   1.138827116   1.090555296   1.045937313   1.004794052   0.9668921881   0.9319740808   0.8997774248   0.8700475479   0.8425445988   0.8170472723   0.7933542624   0.7712842737   0.7506751686   0.7313826318   0.7132786101   0.696249686   0.6801954867   0.6650271858   0.6506661264   0.6370425783   0.624094631   0.6117672142   0.6000112397   0.5887828513   0.5780427713   0.5677557337   0.5578899925   0.5484168952   0.5393105133   0.5305473224   0.5221059241   0.5139668049   0.5061121265   0.4985255429   0.491192041   0.4840978011   0.4772300751   0.4705770786   0.4641278973   0.4578724031   0.4518011808   0.4459054626   0.4401770705   0.4346083642   0.4291921954   0.4239218664   0.4187910928   0.413793971   0.4089249474   0.4041787918   0.3995505729   0.3950356361   0.3906295833   0.3863282537   0.38212771   0.3780242199   0.3740142431   0.3700944194   0.3662615552   0.3625126146   0.3588447083   0.3552550849   0.3517411224   0.3483003201   0.3449302916   0.341628758   0.3383935417   0.3352225604   0.3321138224   0.3290654207   0.3260755289   0.3231423966   0.3202643455   0.3174397657   0.3146671116   0.3119448993   0.3092717031   0.3066461523   0.3040669291   0.3015327656   0.2990424414   0.2965947814   0.2941886537   0.2918229676   0.2894966713   0.2872087506   0.2849582272   0.2827441566   0.280565627   0.2784217578   0.2763116981   0.2742346257   0.2721897455   0.2701762887   0.2681935115   0.2662406939   0.2643171393   0.2624221729   0.2605551412   0.258715411   0.2569023688   0.2551154196   0.2533539867   0.2516175106   0.2499054486   0.2482172739   0.2465524752   0.2449105562   0.2432910349   0.2416934428   0.2401173251   0.2385622397   0.2370277566   0.2355134581   0.2340189378   0.2325438005   0.2310876615   0.2296501467   0.2282308918   0.2268295423   0.2254457531   0.2240791878   0.2227295191   0.2213964278   0.2200796032   0.2187787421   0.2174935493   0.2162237368   0.2149690238   0.2137291365   0.2125038077   0.2112927768   0.2100957896   0.2089125978   0.2077429591   0.2065866371   0.2054434009   0.2043130248   0.2031952887   0.2020899774   0.2009968806   0.199915793   0.1988465138   0.1977888468   0.1967426002   0.1957075864   0.194683622   0.1936705278   0.1926681282   
9.889447236   0.0003255157102   0.0004195342709   0.0005407028067   0.0006968579371   0.0008980959145   0.001157422623   0.001491589529   0.00192216811   0.002476929648   0.003191615335   0.004112203975   0.005297812011   0.006824393638   0.008789447534   0.01131798044   0.0145700241   0.01875004509   0.02411861637   0.03100671486   0.0398329379   0.05112373792   0.06553637342   0.0838835385   0.1071573868   0.1365486928   0.1734539755   0.2194594567   0.2762859944   0.3456747097   0.4291913453   0.5279328215   0.6421379092   0.7707405555   0.9109579066   1.058059893   1.205489467   1.345450788   1.469939545   1.571997964   1.646838788   1.692496189   1.709838076   1.702015848   1.673601272   1.629695325   1.575214162   1.514436813   1.450801025   1.386882904   1.32448621   1.264780468   1.20844734   1.155813023   1.106957442   1.061798821   1.020156119   0.9817933469   0.9464498511   0.913860219   0.8837667401   0.8559266898   0.8301161057   0.8061312616   0.7837886821   0.7629242804   0.7433920077   0.7250622747   0.7078203052   0.6915645263   0.6762050518   0.6616622881   0.6478656769   0.6347525739   0.6222672582   0.6103600629   0.5989866159   0.5881071792   0.5776860744   0.5676911851   0.5580935254   0.5488668659   0.5399874097   0.5314335114   0.5231854326   0.5152251296   0.5075360689   0.5001030652   0.4929121408   0.4859504018   0.4792059297   0.4726676855   0.4663254259   0.4601696287   0.4541914265   0.4483825484   0.4427352675   0.4372423543   0.431897035   0.4266929544   0.4216241414   0.4166849798   0.41187018   0.4071747547   0.4025939965   0.3981234562   0.3937589292   0.3894964307   0.3853321854   0.3812626138   0.3772843168   0.3733940652   0.369588788   0.3658655628   0.3622216067   0.3586542677   0.3551610162   0.3517394386   0.3483872295   0.3451021863   0.3418822027   0.3387252639   0.3356294406   0.3325928855   0.3296138276   0.3266905692   0.3238214813   0.3210050006   0.3182396256   0.3155239136   0.3128564783   0.3102359859   0.3076611537   0.3051307468   0.3026435763   0.3001984965   0.2977944039   0.2954302341   0.2931049608   0.2908175938   0.2885671773   0.2863527886   0.2841735363   0.2820285594   0.2799170254   0.2778381298   0.2757910943   0.2737751659   0.2717896159   0.2698337391   0.2679068524   0.2660082942   0.2641374236   0.2622936192   0.2604762788   0.2586848184   0.2569186716   0.2551772888   0.2534601366   0.2517666974   0.2500964685   0.2484489617   0.2468237028   0.245220231   0.2436380987   0.2420768703   0.2405361229   0.2390154447   0.2375144354   0.2360327054   0.2345698759   0.2331255777   0.2316994518   0.2302911485   0.228900327   0.2275266558   0.2261698114   0.2248294791   0.2235053517   0.22219713   0.2209045224   0.2196272441   0.2183650178   0.2171175727   0.2158846448   0.2146659763   0.2134613157   0.2122704174   0.2110930419   0.2099289549   0.208777928   0.2076397378   0.2065141664   0.2054010005   0.204300032   0.2032110574   0.2021338776   0.2010682984   0.2000141296   0.1989711851   0.1979392833   
10.14321608   0.0002558588019   0.0003297609281   0.0004250056354   0.0005477543963   0.0007059460335   0.000909808472   0.001172517216   0.001511042205   0.001947236251   0.002509232835   0.003233239301   0.00416583414   0.005366904852   0.006913396339   0.008904079053   0.01146559043   0.01476004993   0.01899459183   0.02443318919   0.03141113844   0.0403525011   0.05179060365   0.0663912897   0.08497787426   0.1085554859   0.138330486   0.1757176981   0.2223241749   0.2798934409   0.3501896651   0.4347995161   0.5348349503   0.6505388656   0.7808326462   0.9228988116   1.071947521   1.221338198   1.363175097   1.489350719   1.592816866   1.668723096   1.715076145   1.732752636   1.724942013   1.696272569   1.651908984   1.596829201   1.535366302   1.471001682   1.406344351   1.3432213   1.282817306   1.225823126   1.172569547   1.123137953   1.077445943   1.03531057   0.996493208   0.9607302213   0.9277531241   0.897301202   0.8691288892   0.8430095961   0.8187372041   0.7961260827   0.775010218   0.755241848   0.7366898647   0.7192381491   0.7027839422   0.6872363099   0.6725147332   0.6585478351   0.6452722465   0.632631603   0.620575666   0.6090595541   0.5980430739   0.5874901397   0.5773682692   0.5676481472   0.558303247   0.5493095028   0.5406450249   0.5322898528   0.5242257403   0.5164359685   0.5089051823   0.501619248   0.4945651279   0.4877307708   0.481105015   0.4746775036   0.4684386087   0.4623793646   0.4564914089   0.4507669292   0.445198616   0.4397796208   0.434503518   0.4293642707   0.4243562004   0.4194739593   0.414712505   0.4100670764   0.4055331792   0.4011065589   0.3967831874   0.3925592484   0.3884311216   0.38439537   0.3804487291   0.3765880942   0.37281051   0.3691131628   0.3654933706   0.3619485761   0.3584763382   0.3550743261   0.3517403123   0.348472167   0.3452678525   0.3421254181   0.3390429953   0.3360187934   0.3330510954   0.3301382538   0.3272786874   0.3244708778   0.3217133659   0.3190047493   0.3163436792   0.3137288581   0.3111590368   0.3086330128   0.3061496273   0.3037077637   0.3013063456   0.2989443347   0.2966207292   0.2943345622   0.2920849002   0.2898708413   0.2876915145   0.2855460775   0.2834337162   0.2813536431   0.2793050963   0.2772873387   0.2752996563   0.2733413581   0.2714117745   0.2695102568   0.2676361764   0.2657889237   0.2639679077   0.2621725551   0.2604023096   0.2586566314   0.2569349965   0.2552368961   0.253561836   0.2519093362   0.2502789303   0.248670165   0.2470825996   0.2455158056   0.2439693663   0.2424428764   0.2409359416   0.2394481779   0.2379792119   0.2365286799   0.2350962277   0.2336815105   0.2322841923   0.2309039458   0.2295404519   0.2281933998   0.2268624864   0.2255474162   0.224247901   0.2229636597   0.2216944182   0.220439909   0.2191998709   0.2179740492   0.2167621952   0.215564066   0.2143794246   0.2132080393   0.2120496839   0.2109041375   0.2097711843   0.2086506131   0.2075422178   0.2064457968   0.2053611531   0.2042880941   0.2032264313   
10.39698492   0.0002010408613   0.0002591109497   0.0003339524259   0.0004304077635   0.000554716753   0.0007149191263   0.0009213728151   0.001187420798   0.001530248721   0.001971987171   0.002541127246   0.003274336542   0.004218785647   0.005435123361   0.007001272754   0.00901725996   0.01161133246   0.01494767103   0.01923604384   0.02474378106   0.0318104439   0.0408654889   0.05244902947   0.06723538573   0.08605835885   0.1099358879   0.1400897235   0.1779527612   0.2251526198   0.2834552017   0.3546474291   0.4403366279   0.5416495937   0.6588332915   0.7907966903   0.9346881084   1.085658675   1.236985328   1.380673672   1.508514317   1.613369792   1.690327281   1.737366458   1.755372572   1.747572668   1.718650875   1.673834798   1.618163404   1.556023156   1.490938551   1.425551088   1.361710691   1.300617191   1.242970319   1.189105389   1.139105209   1.092886761   1.050265206   1.010999306   0.9748224757   0.9414631887   0.9106577592   0.882157812   0.8557341594   0.8311783168   0.8083025225   0.7869388577   0.766937866   0.7481669379   0.7305086267   0.7138590007   0.69812609   0.6832284604   0.6690939258   0.6556584001   0.6428648833   0.6306625714   0.6190060794   0.6078547643   0.5971721373   0.5869253547   0.5770847759   0.5676235805   0.5585174367   0.5497442137   0.5412837315   0.5331175439   0.5252287489   0.5176018237   0.5102224804   0.5030775395   0.4961548186   0.4894430352   0.4829317199   0.4766111406   0.4704722349   0.4645065497   0.4587061885   0.4530637629   0.4475723505   0.4422254565   0.437016979   0.4319411783   0.426992649   0.4221662944   0.417457302   0.4128611294   0.4083734753   0.4039902691   0.3997076537   0.3955219692   0.3914297419   0.3874276713   0.3835126186   0.3796815977   0.3759317638   0.3722604062   0.3686649394   0.3651428961   0.3616919199   0.3583097591   0.3549942607   0.3517433646   0.3485550989   0.3454275745   0.342358981   0.3393475825   0.3363917136   0.3334897754   0.3306402328   0.3278416105   0.3250924906   0.3223915094   0.3197373546   0.3171287635   0.3145645198   0.3120434519   0.3095644308   0.3071263677   0.3047282128   0.3023689529   0.3000476101   0.2977632405   0.2955149319   0.2933018032   0.2911230027   0.2889777069   0.2868651192   0.2847844692   0.282735011   0.2807160226   0.2787268049   0.2767666805   0.2748349933   0.2729311072   0.2710544057   0.2692042907   0.2673801822   0.2655815175   0.2638077503   0.2620583505   0.2603328032   0.2586306085   0.2569512805   0.2552943474   0.2536593503   0.2520458434   0.250453393   0.2488815774   0.2473299864   0.2457982208   0.2442858922   0.2427926226   0.2413180437   0.2398617972   0.238423534   0.2370029139   0.2355996056   0.2342132862   0.232843641   0.2314903632   0.2301531535   0.2288317202   0.2275257788   0.2262350516   0.2249592678   0.223698163   0.2224514793   0.2212189648   0.2200003736   0.2187954656   0.2176040062   0.2164257665   0.2152605226   0.2141080558   0.2129681526   0.211840604   0.2107252058   0.2096217586   0.2085300672   
10.65075377   0.0001579179222   0.0002035330141   0.0002623229546   0.0003380921857   0.0004357432104   0.0005615931696   0.0007237814593   0.0009327944132   0.001202140416   0.001549218159   0.001996432575   0.002572627964   0.003314926494   0.004271083539   0.005502499802   0.007088064445   0.009129043783   0.01175527547   0.01513297614   0.01947451535   0.02505053888   0.03220482013   0.04137214397   0.05309932692   0.06806906083   0.08712550348   0.111299246   0.1418272378   0.1801602226   0.2279461304   0.2869729635   0.3590501136   0.4458053048   0.5483799834   0.6670251231   0.8006374208   0.9463314032   1.099199885   1.252438322   1.397954874   1.527439519   1.633666612   1.711661748   1.759377894   1.777708848   1.769918819   1.740747111   1.695483503   1.63922725   1.576417548   1.510621472   1.444512611   1.379963534   1.318188938   1.259897409   1.205428723   1.154867093   1.108128878   1.065027366   1.025318732   0.9887334714   0.9549970499   0.9238428417   0.8950196923   0.8682958439   0.843460472   0.820323707   0.7987157458   0.7784854563   0.7594987441   0.7416368496   0.7247946808   0.7088792438   0.6938081993   0.6795085609   0.6659155338   0.6529714893   0.6406250644   0.6288303761   0.6175463365   0.606736059   0.5963663421   0.5864072236   0.5768315927   0.5676148549   0.5587346411   0.5501705543   0.5419039505   0.5339177469   0.526196255   0.5187250346   0.5114907661   0.5044811377   0.4976847473   0.4910910146   0.4846901046   0.4784728591   0.4724307361   0.4665557556   0.4608404516   0.4552778287   0.4498613237   0.4445847707   0.4394423697   0.4344286583   0.4295384863   0.4247669909   0.4201095816   0.4155619122   0.411119869   0.4067795547   0.4025372706   0.3983895061   0.3943329269   0.3903643608   0.3864807896   0.382679339   0.3789572694   0.3753119681   0.3717409416   0.3682418086   0.3648122935   0.3614502203   0.3581535072   0.3549201609   0.3517482726   0.3486360124   0.3455816258   0.3425834294   0.3396398075   0.3367492082   0.3339101404   0.331121171   0.3283809213   0.3256880652   0.323041326   0.3204394743   0.3178813258   0.315365739   0.3128916135   0.3104578877   0.3080635375   0.3057075743   0.3033890435   0.3011070231   0.2988606223   0.2966489798   0.294471263   0.2923266665   0.2902144113   0.2881337431   0.2860839318   0.2840642706   0.2820740744   0.2801126797   0.2781794432   0.2762737414   0.2743949695   0.2725425409   0.2707158865   0.2689144537   0.2671377063   0.2653851236   0.2636561998   0.2619504436   0.2602673776   0.2586065377   0.2569674728   0.2553497443   0.2537529254   0.2521766013   0.2506203681   0.2490838328   0.2475666128   0.2460683357   0.2445886389   0.2431271691   0.2416835821   0.2402575427   0.2388487242   0.2374568079   0.2360814835   0.2347224481   0.2333794066   0.2320520708   0.2307401599   0.2294433997   0.2281615226   0.2268942676   0.2256413797   0.2244026099   0.2231777153   0.2219664585   0.2207686075   0.2195839358   0.2184122222   0.2172532501   0.2161068083   0.21497269   0.2138506931   
10.90452261   0.0001240076652   0.0001598282468   0.0002059951425   0.0002654962625   0.0003421820713   0.0004410143777   0.0005683867417   0.0007325370223   0.000944078408   0.001216682698   0.00156795906   0.00202058347   0.002603749173   0.003355027429   0.00432275136   0.005569064506   0.007173810486   0.009239480848   0.01189748425   0.01531604867   0.0197101137   0.02535360078   0.03259444468   0.04187269442   0.0537417888   0.06889269042   0.08817978873   0.1126461742   0.1435438115   0.1823410769   0.2307059657   0.290448312   0.3633997038   0.451208014   0.5550291576   0.6751180609   0.8103592869   0.9578339661   1.112577288   1.267704194   1.415026564   1.546134951   1.653716601   1.732736277   1.781120575   1.799771769   1.79199081   1.762571542   1.716865191   1.660030588   1.596559043   1.530059699   1.463237849   1.397988436   1.335540836   1.276612379   1.221547244   1.170431021   1.123179451   1.079603961   1.039458166   1.002469672   0.968360966   0.9368625144   0.9077204121   0.8807003589   0.855589215   0.8321950256   0.8103461235   0.7898897189   0.7706902484   0.7526276533   0.7355956945   0.7195003646   0.7042584294   0.6897961106   0.6760479123   0.662955584   0.6504672099   0.6385364143   0.6271216697   0.6161856953   0.6056949366   0.5956191128   0.5859308262   0.5766052226   0.5676196968   0.5589536379   0.550588206   0.5425061398   0.534691587   0.5271299568   0.519807791   0.5127126502   0.5058330139   0.4991581925   0.4926782492   0.4863839314   0.4802666089   0.4743182196   0.4685312206   0.4628985447   0.4574135612   0.4520700408   0.446862124   0.4417842924   0.4368313431   0.4319983647   0.4272807155   0.422674008   0.4181740863   0.4137770124   0.4094790493   0.4052766519   0.4011664499   0.3971452393   0.3932099707   0.3893577401   0.3855857799   0.3818914503   0.3782722322   0.3747257196   0.3712496134   0.3678417151   0.3644999213   0.3612222181   0.3580066767   0.3548514484   0.3517547602   0.3487149113   0.3457302691   0.3427992653   0.3399203935   0.3370922052   0.3343133075   0.3315823602   0.3288980731   0.326259204   0.3236645558   0.3211129751   0.3186033497   0.3161346068   0.3137057114   0.3113156642   0.3089635006   0.3066482885   0.3043691276   0.3021251474   0.2999155063   0.2977393902   0.2955960115   0.2934846079   0.2914044414   0.2893547973   0.2873349833   0.2853443283   0.2833821823   0.2814479147   0.2795409142   0.2776605876   0.2758063594   0.2739776712   0.2721739806   0.2703947613   0.2686395016   0.266907705   0.2651988885   0.2635125829   0.261848332   0.2602056923   0.2585842322   0.256983532   0.2554031835   0.253842789   0.2523019617   0.2507803249   0.2492775117   0.2477931649   0.2463269364   0.244878487   0.2434474862   0.2420336118   0.2406365496   0.2392559935   0.2378916447   0.2365432119   0.2352104107   0.2338929639   0.2325906008   0.2313030571   0.2300300748   0.2287714023   0.2275267934   0.2262960081   0.2250788116   0.2238749747   0.2226842735   0.2215064889   0.220341407   0.2191888187   
11.15829146   9.735136044e-05   0.0001254724105   0.0001617160955   0.0002084283026   0.0002686322347   0.0003462238374   0.0004462235272   0.0005751003839   0.0007411895715   0.0009552296407   0.001231053882   0.001586479464   0.002044450216   0.002634504222   0.003394656554   0.004373811276   0.005634846033   0.007258547664   0.009348618538   0.01203801984   0.01549696719   0.01994293999   0.02565309679   0.03297948475   0.04236735504   0.05437669081   0.06970662796   0.08922166708   0.1139772506   0.1452401816   0.1844962604   0.2334333108   0.29388274   0.367698069   0.4565470784   0.5615999765   0.6831155887   0.8199664776   0.9692007586   1.125796661   1.282789548   1.431896143   1.564608735   1.673528493   1.753560071   1.802604027   1.821571035   1.813798381   1.784133833   1.737989361   1.680582693   1.616456646   1.549261943   1.481735213   1.415793504   1.352680696   1.293122756   1.237468204   1.185803987   1.138045229   1.09400151   1.053423912   1.016037177   0.9815608455   0.9497225049   0.9202655285   0.8929530998   0.8675697882   0.8439215753   0.8218349492   0.8011554801   0.781746151   0.7634856178   0.7462665062   0.7299938061   0.7145833977   0.6999607193   0.6860595816   0.6728211185   0.6601928673   0.6481279651   0.6365844492   0.6255246493   0.614914661   0.604723889   0.5949246515   0.5854918373   0.5764026083   0.5676361412   0.5591734032   0.550996956   0.5430907853   0.5354401517   0.5280314599   0.5208521443   0.5138905676   0.5071359317   0.5005781998   0.4942080255   0.4880166919   0.4819960554   0.4761384975   0.4704368797   0.4648845049   0.4594750813   0.4542026906   0.4490617589   0.4440470313   0.4391535472   0.4343766183   0.4297118142   0.4251549356   0.4207020044   0.4163492488   0.4120930869   0.4079301147   0.4038570959   0.3998709506   0.3959687457   0.3921476856   0.3884051042   0.3847384568   0.3811453134   0.3776233515   0.3741703506   0.3707841858   0.3674628232   0.3642043142   0.3610067914   0.3578684638   0.3547876135   0.351762591   0.3487918123   0.3458737554   0.3430069571   0.3401900102   0.3374215608   0.3347003056   0.3320249893   0.3293944028   0.3268073806   0.324262799   0.3217595743   0.3192966604   0.3168730481   0.3144877623   0.3121398615   0.3098284359   0.3075526058   0.3053115209   0.3031043584   0.3009303227   0.2987886432   0.2966785741   0.2945993933   0.2925504009   0.290530919   0.2885402904   0.2865778779   0.2846430636   0.2827352479   0.2808538494   0.2789983033   0.2771680617   0.2753625922   0.2735813781   0.271823917   0.2700897209   0.2683783155   0.2666892395   0.2650220446   0.2633762945   0.261751565   0.260147443   0.2585635268   0.2569994252   0.2554547573   0.2539291522   0.2524222485   0.2509336945   0.249463147   0.2480102719   0.2465747433   0.2451562436   0.2437544632   0.2423690998   0.2409998588   0.2396464528   0.2383086012   0.2369860303   0.2356784728   0.2343856678   0.2331073607   0.2318433026   0.2305932505   0.2293569671   0.2281342205   0.2269247841   0.2257284364   0.224544961   
11.4120603   7.64042952e-05   9.847475984e-05   0.0001269203168   0.000163582241   0.0002108334906   0.0002717321551   0.0003502191382   0.0004513727908   0.0005817368443   0.0007497426487   0.0009662526758   0.001245259851   0.001604786952   0.002068042583   0.002664905702   0.003433830089   0.004424284189   0.00569987131   0.007342310666   0.009456501525   0.01217693974   0.01567580575   0.02017308952   0.0259491495   0.03336009795   0.04285632835   0.05500429287   0.07051120667   0.09025156515   0.1152930205   0.1469170429   0.1866266561   0.2361292832   0.2972776553   0.3719469714   0.4618246879   0.5680951368   0.6910209912   0.829462942   0.9804364585   1.138863452   1.297700611   1.448570586   1.582868528   1.69311052   1.774141809   1.823837233   1.843115789   1.83535071   1.80544309   1.758864969   1.700892305   1.636118846   1.568236421   1.500012633   1.433386384   1.369615886   1.309435637   1.253198446   1.200992593   1.152732584   1.108226172   1.067221925   1.02944175   0.9946022729   0.9624282287   0.9326602972   0.9050591714   0.879407153   0.8555081814   0.8331869191   0.8122873127   0.7926709067   0.774215085   0.7568113497   0.7403636985   0.7247871349   0.7100063221   0.6959543843   0.6825718464   0.6698057045   0.6576086135   0.64593818   0.6347563483   0.6240288678   0.6137248321   0.6038162781   0.5942778405   0.5850864506   0.5762210754   0.5676624908   0.5593930835   0.5513966793   0.5436583915   0.5361644896   0.5289022828   0.5218600183   0.5150267913   0.5083924654   0.5019476021   0.4956833983   0.4895916304   0.4836646047   0.4778951128   0.4722763915   0.4668020873   0.4614662239   0.4562631729   0.451187626   0.4462345778   0.4413992929   0.4366772966   0.4320643463   0.4275564284   0.4231497336   0.4188406435   0.4146257213   0.4105016998   0.4064654683   0.402514065   0.398644667   0.3948545818   0.3911412399   0.3875021872   0.3839350787   0.3804376716   0.3770078205   0.3736434711   0.3703426557   0.3671034883   0.3639241604   0.3608029369   0.357738152   0.354728206   0.3517715617   0.3488667414   0.3460123239   0.3432069416   0.3404492782   0.337738066   0.3350720836   0.3324501538   0.3298711418   0.3273339527   0.32483753   0.3223808542   0.3199629404   0.3175828375   0.3152396265   0.3129324186   0.310660355   0.3084226045   0.3062183631   0.3040468525   0.3019073193   0.2997990338   0.297721289   0.2956733998   0.2936547024   0.2916645529   0.2897023269   0.2877674188   0.2858592408   0.2839772225   0.28212081   0.2802894655   0.2784826666   0.2766999059   0.2749406901   0.2732045399   0.2714909891   0.2697995846   0.2681298856   0.2664814631   0.2648538998   0.2632467896   0.2616597371   0.2600923573   0.2585442753   0.2570151259   0.2555045533   0.254012211   0.2525377608   0.2510808736   0.2496412282   0.2482185115   0.2468124181   0.24542265   0.2440489167   0.2426909345   0.2413484266   0.2400211227   0.2387087593   0.2374110785   0.236127829   0.2348587649   0.2336036464   0.2323622388   0.231134313   0.2299196451   
11.66582915   5.994889897e-05   7.726611869e-05   9.958553335e-05   0.00012835195   0.0001654274128   0.0002132116465   0.0002747972354   0.0003541695358   0.0004564641818   0.0005882987174   0.0007581995976   0.0009771518226   0.001259306159   0.001622888682   0.002091369793   0.002694965497   0.003472563348   0.004474189831   0.005764165757   0.007425132239   0.009563171989   0.01231429828   0.01585263427   0.02040065228   0.02624187468   0.0337364331   0.04333980553   0.05562484039   0.07130674124   0.09126988573   0.1165939983   0.1485750513   0.1887330974   0.2387949379   0.3006343866   0.3761480748   0.46704291   0.5745171845   0.6988373693   0.8388524085   0.9915454817   1.151782804   1.312443261   1.465056478   1.600921557   1.712470453   1.794489681   1.844828668   1.864414663   1.856656463   1.826507914   1.779500467   1.720967678   1.655553657   1.586990886   1.518077598   1.450774296   1.386353365   1.32555773   1.268744436   1.216003076   1.16724754   1.122283766   1.080857835   1.042688845   1.007490533   0.974984812   0.9449096949   0.9170234087   0.8911060103   0.8669594175   0.8444064852   0.8232895531   0.8034687417   0.7848201756   0.7672342446   0.7506139642   0.73487347   0.7199366582   0.7057359731   0.6922113371   0.6793092105   0.6669817708   0.6551861983   0.6438840557   0.6330407503   0.6226250669   0.6126087648   0.602966227   0.5936741564   0.5847113127   0.5760582823   0.5676972791   0.5596119704   0.5517873239   0.5442094752   0.5368656099   0.529743861   0.5228332178   0.5161234459   0.5096050152   0.5032690379   0.4971072109   0.4911117664   0.4852754266   0.4795913633   0.4740531621   0.4686547891   0.463390562   0.4582551234   0.4532434143   0.4483506606   0.4435723398   0.4389041739   0.4343421076   0.4298822928   0.4255210805   0.4212549993   0.417080751   0.4129951951   0.4089953413   0.4050783397   0.401241472   0.3974821441   0.3937978782   0.3901863067   0.3866451656   0.3831722885   0.3797656015   0.3764231178   0.3731429333   0.3699232221   0.3667622321   0.3636582816   0.3606097552   0.357615101   0.3546728268   0.3517814975   0.3489397325   0.3461462023   0.343399627   0.3406987732   0.3380424524   0.3354295183   0.3328588653   0.3303294269   0.327840173   0.3253901094   0.3229782755   0.3206037429   0.3182656145   0.3159630226   0.3136951278   0.311461118   0.3092602074   0.3070916348   0.3049546632   0.3028485786   0.300772689   0.2987263239   0.2967088328   0.2947195852   0.2927579691   0.2908233908   0.2889152742   0.2870330596   0.2851762039   0.2833441793   0.281536473   0.2797525868   0.2779920364   0.2762543509   0.2745390724   0.2728457555   0.2711739668   0.2695232847   0.2678932989   0.2662836097   0.2646938282   0.2631235755   0.2615724827   0.2600401901   0.2585263475   0.2570306133   0.2555526548   0.2540921475   0.2526487747   0.251222228   0.2498122062   0.2484184156   0.2470405694   0.245678388   0.2443315981   0.2429999333   0.241683133   0.240380943   0.2390931151   0.2378194064   0.23655958   0.2353134042   
11.91959799   4.702592873e-05   6.061021612e-05   7.811846815e-05   0.0001006840961   0.0001297678453   0.0001672523008   0.0002155636595   0.0002778286213   0.0003580765067   0.0004614996032   0.0005947884559   0.0007665635792   0.000987931155   0.001273198055   0.001640791419   0.002114440567   0.002724694843   0.00351087081   0.004523546856   0.005827753407   0.00750704334   0.009668669799   0.0124501468   0.01602751884   0.02062571333   0.02653138174   0.03410863089   0.04381796733   0.05623856538   0.07209352908   0.09227700956   0.1178806707   0.1502148268   0.1908163723   0.2414312723   0.3039541903   0.3803029519   0.4722036991   0.5808685263   0.7065676542   0.8481384013   1.002532002   1.164559578   1.327023053   1.481360045   1.618774653   1.731615636   1.814611431   1.865586346   1.885475813   1.877723828   1.84733643   1.799903847   1.740816611   1.674768656   1.605532672   1.535937185   1.467964067   1.402899711   1.341495376   1.284112289   1.230841339   1.181595797   1.136179805   1.094336974   1.055783625   1.020230632   0.9873971123   0.9570184386   0.9288503959   0.9026708187   0.8782796224   0.8554978728   0.8341663183   0.8141436694   0.7953048038   0.77753901   0.7607483312   0.7448460438   0.729755284   0.7154078235   0.7017429879   0.6887067069   0.6762506855   0.664331682   0.6529108814   0.6419533518   0.6314275732   0.6213050292   0.6115598539   0.6021685245   0.593109595   0.5843634646   0.5759121761   0.5677392398   0.5598294795   0.5521688981   0.5447445591   0.5375444823   0.5305575525   0.5237734379   0.5171825186   0.5107758222   0.5045449674   0.4984821131   0.4925799128   0.4868314741   0.4812303222   0.4757703666   0.4704458717   0.4652514294   0.4601819355   0.455232565   0.4503987595   0.4456761982   0.4410607887   0.4365486477   0.4321360894   0.4278196114   0.4235958843   0.4194617385   0.4154141554   0.4114502585   0.4075673041   0.403762673   0.4000338661   0.3963784917   0.3927942651   0.3892789996   0.3858306017   0.3824470659   0.3791264704   0.3758669717   0.3726668014   0.3695242618   0.3664377223   0.3634056162   0.3604264372   0.3574987367   0.3546211207   0.3517922474   0.3490108244   0.3462756067   0.3435853943   0.3409390301   0.3383353979   0.3357734207   0.3332520589   0.3307703084   0.3283271994   0.3259217948   0.3235531885   0.3212205045   0.3189228953   0.316659541   0.3144296479   0.3122324476   0.3100671958   0.3079331715   0.305829676   0.3037560321   0.301711583   0.2996956919   0.2977077408   0.2957471302   0.2938132781   0.2919056195   0.2900236056   0.2881667036   0.2863343955   0.2845261781   0.2827415622   0.2809800722   0.2792412455   0.2775246324   0.275829795   0.2741563075   0.2725037554   0.2708717349   0.2692598532   0.2676677275   0.2660949851   0.2645412627   0.2630062063   0.2614894712   0.2599907208   0.2585096275   0.2570458713   0.2555991406   0.254169131   0.2527555458   0.2513580953   0.2499764968   0.2486104742   0.2472597583   0.2459240858   0.2446031999   0.2432968495   0.2420047895   0.2407267802   
12.17336683   3.688000564e-05   4.753350825e-05   6.126441917e-05   7.896164849e-05   0.0001017708411   0.0001311685091   0.0001690575575   0.0002178903707   0.0002808273971   0.0003619414484   0.000466480856   0.000601208381   0.0007748375854   0.0009985945287   0.001286940509   0.001658501566   0.002137263156   0.002754104374   0.003548766177   0.004572372917   0.005890657006   0.00758807327   0.009773032696   0.01258453389   0.01620052203   0.02084835318   0.02681777425   0.03447682447   0.04429098481   0.05684568741   0.0728718517   0.09327329703   0.1191534979   0.1518369564   0.1928772265   0.2440392304   0.3072382552   0.3844130915   0.477308905   0.58715144   0.7142146203   0.857324256   1.013399971   1.177198373   1.341445246   1.497487175   1.636434282   1.750553019   1.834514382   1.886117847   1.906306959   1.898560555   1.867936327   1.820082668   1.760446486   1.693771011   1.623868715   1.553598096   1.48496216   1.419261155   1.357254582   1.2993078   1.245512971   1.195782755   1.149919508   1.107664398   1.068730987   1.032827317   0.9996697375   0.9689910041   0.9405444843   0.9141058108   0.8894729168   0.8664650958   0.8449215203   0.8246995044   0.8056726913   0.7877292788   0.7707703468   0.754708321   0.7394655853   0.724973245   0.7111700346   0.6980013586   0.685418454   0.6733776612   0.6618397912   0.6507695762   0.6401351941   0.6299078561   0.6200614495   0.6105722279   0.6014185419   0.5925806054   0.5840402916   0.5757809554   0.5677872784   0.5600451319   0.5525414586   0.5452641665   0.5382020367   0.5313446413   0.5246822711   0.5182058704   0.5119069805   0.5057776875   0.4998105773   0.4939986938   0.4883355027   0.4828148572   0.4774309689   0.4721783803   0.4670519382   0.4620467788   0.4571582966   0.4523821329   0.4477141577   0.4431504522   0.4386872963   0.4343211572   0.4300486726   0.4258666453   0.4217720288   0.4177619202   0.4138335505   0.4099842772   0.4062115764   0.4025130363   0.3988863506   0.3953293124   0.391839809   0.3884158167   0.3850553955   0.3817566852   0.3785179012   0.3753373298   0.3722133257   0.3691443073   0.3661287547   0.3631652056   0.3602522533   0.3573885433   0.3545727713   0.3518036808   0.3490800604   0.3464007423   0.3437645998   0.341170546   0.3386175313   0.3361045423   0.3336306002   0.3311947588   0.3287961036   0.3264337503   0.3241068435   0.3218145553   0.3195560846   0.3173306557   0.3151375172   0.3129759413   0.3108452224   0.308744677   0.306673642   0.3046314744   0.3026175503   0.3006312644   0.2986720291   0.296739274   0.2948324449   0.2929510037   0.2910944275   0.2892622083   0.2874538519   0.2856688782   0.2839068201   0.2821672233   0.2804496458   0.2787536575   0.2770788396   0.2754247847   0.2737910959   0.2721773866   0.2705832804   0.2690084104   0.2674524191   0.2659149581   0.2643956878   0.262894277   0.2614104028   0.2599437501   0.2584940116   0.2570608876   0.2556440853   0.2542433194   0.2528583108   0.2514887876   0.2501344838   0.24879514   0.2474705024   0.2461603235   
12.42713568   2.891654377e-05   3.726967569e-05   4.803574204e-05   6.191173227e-05   7.979594862e-05   0.0001028461408   0.0001325544214   0.0001708438016   0.0002201925774   0.0002837945903   0.0003657656853   0.0004714096473   0.0006075606926   0.0007830244511   0.001009145598   0.001300538229   0.001676025194   0.002159845381   0.002783204168   0.003586262435   0.004620684748   0.005952898107   0.007668249794   0.00987629644   0.0127175056   0.01637170312   0.02106864812   0.02710115035   0.03484114001   0.04475902009   0.05744641456   0.07364197586   0.09425908963   0.1204129165   0.1534419963   0.1949163666   0.2466197064   0.3104877081   0.388479904   0.4823602806   0.5933680839   0.7217808963   0.866413133   1.024153131   1.189703548   1.35571482   1.513443452   1.653906569   1.769289188   1.854205477   1.906430353   1.926915413   1.919173984   1.88831489   1.840044091   1.779864295   1.712567514   1.642005591   1.571066679   1.501774697   1.435443601   1.372841041   1.314336459   1.260023275   1.209813537   1.163507831   1.1208449   1.081535577   1.045285096   1.011807063   0.9808316427   0.9521098074   0.9254150093   0.9005432177   0.8773119706   0.8555588799   0.8351398763   0.8159273801   0.7978085089   0.7806833886   0.764463602   0.7490707878   0.7344353915   0.7204955621   0.7071961837   0.6944880298   0.6823270269   0.6706736155   0.6594921953   0.6487506449   0.6384199056   0.6284736205   0.6188878215   0.609640658   0.6007121601   0.5920840332   0.5837394787   0.5756630368   0.5678404491   0.5602585382   0.5529051016   0.5457688178   0.5388391639   0.532106342   0.5255612143   0.5191952451   0.5130004491   0.5069693446   0.501094913   0.4953705607   0.4897900855   0.4843476469   0.4790377382   0.4738551617   0.4687950042   0.4638526243   0.4590236225   0.4543038315   0.4496892974   0.4451762667   0.4407611746   0.4364406296   0.4322114048   0.4280704266   0.4240147662   0.4200416296   0.4161483507   0.4123323829   0.4085912926   0.4049227529   0.4013245371   0.3977945135   0.3943306399   0.3909309591   0.3875935942   0.3843167441   0.3810986801   0.3779377416   0.3748323331   0.3717809207   0.3687820289   0.3658342381   0.3629361818   0.3600865436   0.3572840556   0.3545274955   0.3518156847   0.3491474863   0.3465218033   0.3439375767   0.3413937838   0.3388894365   0.3364235803   0.3339952921   0.3316036794   0.3292478788   0.3269270551   0.3246403995   0.3223871292   0.3201664857   0.3179777345   0.3158201636   0.3136930828   0.311595823   0.3095277351   0.3074881894   0.3054765749   0.3034922984   0.3015347841   0.2996034727   0.297697821   0.2958173011   0.2939614   0.292129619   0.2903214734   0.2885364916   0.2867742149   0.2850341972   0.2833160041   0.281619213   0.2799434123   0.2782882014   0.27665319   0.275037998   0.2734422549   0.2718655998   0.2703076809   0.2687681552   0.2672466883   0.2657429541   0.2642566345   0.2627874192   0.2613350053   0.2598990974   0.2584794071   0.2570756528   0.2556875597   0.2543148593   0.2529572894   0.2516145939   
12.68090452   2.266771209e-05   2.921575963e-05   3.765532614e-05   4.85327951e-05   6.255236809e-05   8.062164261e-05   0.0001039103483   0.0001339260375   0.0001726116199   0.0002224710359   0.0002867311758   0.0003695504736   0.000476287596   0.0006138474776   0.0007911268661   0.001019587828   0.001313995684   0.001693368057   0.002182194661   0.002812003785   0.003623371901   0.004668498218   0.006014497159   0.007747599253   0.009978494955   0.01284910562   0.01654111835   0.02128667054   0.02738160316   0.03520169722   0.04522222693   0.05804094421   0.07440415464   0.09523471138   0.1216593403   0.155030474   0.1969344632   0.2491735492   0.3137036179   0.3925047275   0.4873594887   0.5995205055   0.7292689759   0.8754080305   1.034795033   1.202079239   1.369836501   1.529234168   1.671197323   1.787830388   1.873691298   1.926530679   1.94730811   1.939571079   1.908479028   1.859794912   1.79907667   1.731164607   1.659949536   1.588348958   1.51840749   1.451452652   1.388260154   1.329203478   1.274377283   1.223693006   1.176949476   1.133883035   1.09420181   1.057608251   1.023813247   0.992544396   0.9635502964   0.9366022405   0.9114942518   0.8880421295   0.866081939   0.8454682409   0.8260722438   0.8077799949   0.7904906753   0.7741150328   0.7585739677   0.7437972717   0.7297225138   0.7162940627   0.7034622325   0.69118254   0.6794150583   0.6681238578   0.6572765207   0.6468437208   0.6367988593   0.6271177488   0.617778339   0.6087604783   0.6000457058   0.5916170706   0.5834589731   0.5755570264   0.5678979343   0.5604693847   0.5532599546   0.5462590269   0.5394567162   0.5328438032   0.5264116761   0.5201522784   0.5140580625   0.508121947   0.5023372801   0.4966978048   0.4911976289   0.485831197   0.4805932637   0.4754788781   0.470483353   0.4656022498   0.4608313669   0.4561667146   0.4516045065   0.4471411464   0.4427732131   0.4384974512   0.4343107602   0.4302101854   0.4261929084   0.4222562396   0.4183976099   0.4146145645   0.4109047559   0.4072659377   0.4036959595   0.4001927612   0.3967543683   0.3933788872   0.3900645012   0.386809466   0.3836121066   0.3804708131   0.3773840382   0.3743502933   0.3713681463   0.3684362183   0.3655531815   0.3627177566   0.3599287103   0.3571848536   0.3544850395   0.3518281611   0.3492131499   0.3466389741   0.3441046368   0.3416091748   0.3391516567   0.3367311821   0.3343468798   0.3319979068   0.3296834473   0.3274027111   0.3251549331   0.322939372   0.3207553093   0.3186020486   0.3164789146   0.3143852522   0.3123204262   0.3102838197   0.3082748342   0.3062928886   0.3043374184   0.3024078754   0.3005037268   0.2986244548   0.2967695563   0.2949385418   0.2931309354   0.2913462743   0.2895841079   0.287843998   0.286125518   0.2844282523   0.2827517966   0.281095757   0.2794597496   0.2778434006   0.2762463456   0.2746682295   0.2731087059   0.2715674374   0.2700440946   0.2685383565   0.2670499096   0.2655784484   0.2641236745   0.2626852967   0.2612630307   0.2598565991   0.2584657306   0.2570901607   
12.93467337   1.77655529e-05   2.289751899e-05   2.951195111e-05   3.803707857e-05   4.902482411e-05   6.318652858e-05   8.143899077e-05   0.0001049637991   0.0001352837897   0.0001743615697   0.0002247264646   0.0002896380793   0.0003732970066   0.0004811162401   0.0006200707178   0.0007991473844   0.001029924512   0.001327317115   0.001710535624   0.002204318041   0.002840512303   0.003660106274   0.004715828401   0.006075473582   0.007826146662   0.01007966046   0.01297937544   0.01670882113   0.02150248916   0.02765922108   0.03555860977   0.04568075141   0.05862946383   0.07515862837   0.09620046979   0.1228931624   0.1566028906   0.1989321528   0.2517015644   0.3168869995   0.3964888329   0.4923081084   0.6056106494   0.7366812274   0.8843117957   1.04532905   1.214329372   1.383814778   1.544864351   1.688312061   1.80618255   1.892978095   1.946425291   1.967491635   1.959758449   1.928435301   1.879341578   1.818089908   1.749568409   1.67770647   1.605450652   1.534866056   1.467293627   1.403517053   1.343913809   1.288579776   1.237425782   1.190248916   1.146783134   1.106733884   1.069800855   1.035692246   1.00413311   0.9748696928   0.947671147   0.9223295682   0.8986590323   0.8764940726   0.855687892   0.8361104983   0.8176468786   0.8001952774   0.7836656151   0.7679780604   0.7530617573   0.7388537   0.7252977464   0.7123437558   0.6999468383   0.6880667037   0.6766670957   0.6657153029   0.6551817342   0.645039551   0.6352643486   0.6258338789   0.6167278101   0.6079275168   0.5994158972   0.5911772131   0.5831969503   0.5754616952   0.5679590268   0.5606774218   0.5536061698   0.5467352985   0.5400555081   0.5335581114   0.5272349818   0.5210785056   0.5150815401   0.5092373754   0.5035397004   0.4979825716   0.4925603856   0.4872678514   0.4820999762   0.4770520303   0.4721195393   0.4672982625   0.462584178   0.4579734666   0.4534624995   0.4490478275   0.4447261667   0.4404943899   0.4363495169   0.432288705   0.4283092414   0.4244085351   0.4205841098   0.416833598   0.4131547338   0.4095453484   0.4060033638   0.4025267885   0.3991137125   0.3957623034   0.3924708019   0.3892375184   0.3860608292   0.3829391734   0.3798710497   0.3768550134   0.3738896737   0.3709736912   0.3681057755   0.3652846826   0.362509213   0.3597782099   0.3570905565   0.3544451752   0.3518410249   0.3492771001   0.346752429   0.3442660723   0.3418171213   0.3394046974   0.3370279501   0.3346860562   0.3323782189   0.3301036659   0.3278616496   0.325651445   0.3234723494   0.3213236817   0.3192047809   0.3171150059   0.3150537345   0.3130203629   0.3110143045   0.3090349898   0.3070818658   0.3051543947   0.3032520543   0.3013743367   0.299520748   0.297690808   0.2958840496   0.2941000183   0.2923382717   0.2905983793   0.2888799219   0.2871824913   0.2855056899   0.2838491304   0.2822124356   0.2805952376   0.278997178   0.2774179073   0.2758570849   0.2743143783   0.2727894635   0.2712820242   0.2697917519   0.2683183454   0.2668615108   0.2654209612   0.2639964163   0.2625876027   
13.18844221   1.3920765e-05   1.794208711e-05   2.312504894e-05   2.98052079e-05   3.841504855e-05   4.951197805e-05   6.381440575e-05   8.224824056e-05   0.0001060068123   0.0001366280892   0.0001760941807   0.0002269595463   0.0002925161809   0.0003770064185   0.0004858970415   0.0006262322975   0.0008070884346   0.001040158778   0.001340506555   0.001727533093   0.002226222219   0.002868738354   0.003696476677   0.004762689628   0.006135845837   0.007903915804   0.01017982359   0.01310835449   0.01687486224   0.02171616933   0.02793408818   0.03591198575   0.04613473235   0.05921215163   0.07590562555   0.09715665754   0.1241147565   0.1581597223   0.2009100408   0.2542045182   0.3200388179   0.4004334283   0.4972076409   0.611640364   0.7440199021   0.8931271352   1.055758386   1.22645768   1.397653916   1.56033878   1.705256027   1.824351312   1.912071811   1.966120338   1.987472248   1.979742377   1.948189943   1.89869022   1.836909995   1.767784732   1.695282022   1.622377196   1.551155639   1.482971586   1.418616618   1.358472161   1.302635302   1.251016264   1.203410403   1.159549318   1.119135793   1.081866787   1.047447828   1.015601447   0.9860715611   0.9586252001   0.9330525494   0.9091659775   0.8867984989   0.8658019711   0.8460452122   0.8274121582   0.8098001254   0.7931182147   0.7772858695   0.7622315917   0.7478918062   0.7342098644   0.7211351748   0.7086224448   0.6966310237   0.6851243319   0.6740693668   0.6634362746   0.6531979793   0.6433298606   0.6338094748   0.6246163115   0.6157315819   0.607138035   0.5988197953   0.5907622223   0.5829517859   0.5753759578   0.5680231148   0.5608824542   0.553943918   0.5471981261   0.5406363172   0.5342502947   0.5280323799   0.521975369   0.516072495   0.5103173928   0.5047040685   0.499226871   0.4938804664   0.4886598133   0.4835601487   0.4785769557   0.4737059617   0.468943108   0.4642845437   0.4597266094   0.4552658267   0.4508988838   0.4466226275   0.442434052   0.4383302908   0.4343086082   0.4303663911   0.4265011426   0.4227104749   0.4189921033   0.4153438402   0.4117635905   0.4082493455   0.4047991793   0.4014112437   0.3980837648   0.3948150385   0.3916034274   0.3884473573   0.3853453142   0.3822958411   0.3792975354   0.3763490463   0.3734490723   0.3705963589   0.3677896964   0.3650279179   0.3623098974   0.3596345477   0.3570008191   0.3544076972   0.3518542021   0.3493393862   0.3468623331   0.3444221566   0.3420179989   0.3396490297   0.3373144451   0.3350134665   0.3327453393   0.3305093326   0.3283047375   0.3261308668   0.3239870539   0.3218726521   0.3197870337   0.3177295895   0.3156997279   0.3136968745   0.3117204711   0.3097699754   0.3078448605   0.305944614   0.3040687378   0.3022167472   0.3003881711   0.2985825508   0.29679944   0.2950384045   0.2932990211   0.2915808782   0.2898835745   0.2882067192   0.2865499317   0.2849128409   0.2832950849   0.2816963114   0.2801161763   0.2785543444   0.2770104886   0.2754842897   0.2739754365   0.2724836249   0.2710085584   0.2695499474   0.2681075091   
13.44221106   1.090596732e-05   1.405640215e-05   1.811690606e-05   2.335036816e-05   3.009561533e-05   3.878934609e-05   4.999439868e-05   6.44361823e-05   8.304962748e-05   0.0001070396912   0.0001379593272   0.0001778099574   0.0002291709307   0.0002953663181   0.0003806797888   0.0004906313913   0.0006323340096   0.0008149523274   0.001050293606   0.001353567843   0.001744365409   0.002247913569   0.002896690153   0.003732493693   0.004809095535   0.006195631492   0.007980929309   0.01027901349   0.01323608033   0.01703929   0.02192777325   0.02820628445   0.03626192798   0.04658430189   0.05978917723   0.07664536361   0.09810355289   0.1253244783   0.1597014227   0.2028687031   0.2566831396   0.3231599914   0.4043396633   0.5020595148   0.6176114084   0.7512871423   0.9018566247   1.066086093   1.238467714   1.411357973   1.575662001   1.722034211   1.842342037   1.930978098   1.985621669   2.007255903   1.999528841   1.967748885   1.917846669   1.855542624   1.785819108   1.712681546   1.639133764   1.567281232   1.498491342   1.433563492   1.372883015   1.31654819   1.264468635   1.216437991   1.172185511   1.131411345   1.093809741   1.059083582   1.0269529   0.9971592996   0.96946771   0.9436664222   0.9195661121   0.8969982892   0.8758134772   0.855879315   0.8370786968   0.8193080192   0.8024755702   0.7865000745   0.7713093978   0.7568394002   0.7430329316   0.7298389533   0.7172117736   0.7051103846   0.6934978859   0.6823409865   0.6716095724   0.661276332   0.6513164316   0.6417072333   0.6324280496   0.6234599303   0.614785476   0.6063886754   0.5982547628   0.5903700928   0.5827220304   0.5752988538   0.5680896687   0.5610843319   0.5542733844   0.5476479908   0.5411998855   0.5349213255   0.5288050465   0.5228442246   0.5170324416   0.5113636535   0.5058321619   0.5004325885   0.49515985   0.490009143   0.4849759156   0.4800558555   0.4752448734   0.4705390855   0.4659348022   0.461428516   0.4570168879   0.4526967383   0.4484650367   0.4443188929   0.4402555482   0.4362723682   0.4323668352   0.4285365415   0.4247791835   0.4210925558   0.4174745454   0.4139231274   0.4104363597   0.4070123789   0.4036493961   0.4003456933   0.3970996195   0.3939095873   0.3907740701   0.3876915988   0.3846607592   0.3816801891   0.3787485763   0.3758646557   0.3730272075   0.3702350551   0.367487063   0.3647821349   0.3621192123   0.3594972724   0.3569153268   0.3543724202   0.3518676284   0.3494000576   0.3469688429   0.3445731469   0.3422121589   0.3398850936   0.3375911903   0.3353297116   0.3330999427   0.3309011906   0.3287327828   0.3265940672   0.3244844107   0.322403199   0.3203498353   0.3183237402   0.3163243508   0.3143511203   0.3124035169   0.3104810239   0.3085831389   0.3067093731   0.3048592511   0.3030323105   0.3012281009   0.2994461842   0.2976861338   0.2959475342   0.2942299808   0.2925330793   0.2908564457   0.2891997056   0.2875624941   0.2859444555   0.2843452429   0.282764518   0.2812019508   0.2796572194   0.2781300095   0.2766200146   0.2751269353   0.2736504796   
13.6959799   8.542503807e-06   1.101020128e-05   1.419074646e-05   1.82900587e-05   2.35735397e-05   3.03832547e-05   3.916007594e-05   5.047222103e-05   6.505203228e-05   8.384337584e-05   0.0001080627251   0.0001392778762   0.0001795093797   0.0002313612369   0.0002981892887   0.0003843181457   0.0004953206149   0.0006383775622   0.000822741264   0.001060331831   0.001366504635   0.001761037285   0.002269398164   0.002924375522   0.003768167405   0.004855059111   0.006254847284   0.008057208735   0.01037725792   0.01336258868   0.01720215043   0.02213736014   0.0284758861   0.03660853445   0.0470295859   0.06036070217   0.07737804967   0.099041421   0.1265226666   0.1612284233   0.2048086883   0.2591381232   0.3262513947   0.4082086329   0.5068650908   0.6235254581   0.7584849887   0.9105027172   1.076315075   1.250362856   1.424930816   1.590838346   1.738651364   1.860159832   1.949702338   2.004934854   2.026848269   2.019123532   1.987117776   1.936816479   1.873993218   1.803676804   1.729910143   1.655725283   1.583247588   1.513857482   1.4483621   1.387150644   1.330322567   1.277786886   1.229335539   1.184695454   1.143564169   1.105633242   1.070602934   1.038190799   1.008136152   0.9802018363   0.9541742669   0.9298624413   0.9070963769   0.8857252753   0.8656156063   0.8466492314   0.8287216353   0.8117403001   0.7956232384   0.7802976847   0.7656989395   0.7517693552   0.73845745   0.7257171365   0.7135070526   0.70178998   0.6905323417   0.6797037657   0.6692767069   0.65922612   0.6495291746   0.6401650078   0.6311145091   0.6223601323   0.6138857312   0.6056764162   0.5977184276   0.5899990247   0.5825063878   0.575229532   0.5681582297   0.5612829435   0.5545947646   0.5480853595   0.5417469208   0.5355721245   0.5295540907   0.5236863481   0.5179628034   0.5123777113   0.5069256494   0.5016014945   0.4964003995   0.4913177788   0.4863492847   0.4814907941   0.4767383914   0.4720883574   0.467537155   0.463081419   0.4587179437   0.4544436738   0.4502556957   0.4461512283   0.4421276157   0.4381823197   0.4343129133   0.4305170739   0.4267925781   0.423137296   0.4195491861   0.4160262905   0.4125667306   0.4091687031   0.4058304758   0.4025503843   0.3993268284   0.396158269   0.3930432249   0.3899802704   0.3869680323   0.3840051875   0.3810904606   0.3782226219   0.375400485   0.3726229052   0.3698887773   0.3671970338   0.3645466438   0.3619366106   0.359365971   0.3568337933   0.3543391763   0.3518812478   0.3494591636   0.3470721063   0.344719284   0.3423999297   0.3401132999   0.3378586739   0.3356353527   0.3334426584   0.3312799334   0.3291465394   0.3270418567   0.3249652836   0.322916236   0.3208941461   0.3188984624   0.3169286488   0.3149841842   0.3130645618   0.3111692888   0.3092978857   0.3074498861   0.3056248359   0.3038222932   0.3020418278   0.3002830206   0.2985454635   0.2968287589   0.2951325194   0.2934563674   0.2917999349   0.2901628631   0.2885448021   0.2869454106   0.2853643558   0.283801313   0.2822559651   0.280728003   0.2792171248   
13.94974874   6.690045492e-06   8.622619518e-06   1.111346025e-05   1.432383411e-05   1.846159168e-05   2.379462371e-05   3.066820349e-05   3.952733801e-05   5.094557386e-05   6.566212163e-05   8.462969951e-05   0.0001090761896   0.0001405840916   0.0001811929058   0.0002335310552   0.0003009858533   0.0003879224696   0.0004999659756   0.0006443645835   0.0008304573431   0.001070276159   0.001379320417   0.001777553212   0.002290681792   0.002951801923   0.003803507424   0.004900592743   0.006313509167   0.008132774636   0.01047458337   0.01348791366   0.01736348742   0.02234498649   0.02874296577   0.03695189855   0.04747070436   0.06092688046   0.07810388119   0.09997051465   0.1277096443   0.1627411358   0.2067305197   0.2615701309   0.3293138618   0.4120413813   0.5116256663   0.6293841104   0.7656153866   0.9190677518   1.086448102   1.262146333   1.43837613   1.605871943   1.755112017   1.877809569   1.968249665   2.024065203   2.046254753   2.038531877   2.006301999   1.955604944   1.892266945   1.821362841   1.746972673   1.672156448   1.599059238   1.529074376   1.463016659   1.401279117   1.343962366   1.290974822   1.242106731   1.197082719   1.155597728   1.117340653   1.082009153   1.049318325   1.019005214   0.9908305971   0.9645790266   0.9400578367   0.9170955658   0.8955401043   0.875256763   0.8561263794   0.8380435341   0.8209149103   0.8046578141   0.7891988544   0.7744727769   0.7604214407   0.7469929245   0.7341407488   0.7218231999   0.7100027447   0.6986455223   0.687720905   0.6772011163   0.6670609009   0.6572772377   0.6478290898   0.6386971878   0.6298638399   0.6213127664   0.6130289546   0.6049985314   0.5972086516   0.5896473985   0.582303697   0.5751672362   0.5682284008   0.5614782096   0.5549082611   0.5485106849   0.5422780974   0.536203563   0.5302805585   0.5245029409   0.518864919   0.5133610267   0.5079860994   0.5027352513   0.4976038611   0.4925875425   0.4876821431   0.4828837149   0.4781885087   0.4735929595   0.4690936744   0.4646874227   0.4603711248   0.4561418435   0.4519967756   0.4479332442   0.4439486906   0.4400406685   0.4362068368   0.4324449544   0.4287528744   0.4251285389   0.4215699745   0.4180752875   0.4146426603   0.4112703469   0.4079566694   0.404700015   0.4014988322   0.398351628   0.3952569652   0.3922134597   0.3892197777   0.3862746337   0.383376788   0.3805250448   0.3777182501   0.3749552897   0.3722350879   0.369556605   0.3669188366   0.3643208116   0.3617615907   0.3592402656   0.3567559568   0.3543078135   0.3518950115   0.3495167526   0.3471722635   0.3448607945   0.3425816191   0.3403340328   0.338117352   0.3359309137   0.3337740743   0.3316462092   0.3295467117   0.3274749927   0.32543048   0.3234126174   0.3214208644   0.3194546956   0.3175136   0.3155970807   0.3137046542   0.3118358503   0.309990211   0.3081672909   0.3063666559   0.3045878837   0.3028305625   0.3010942916   0.2993786803   0.2976833477   0.2960079228   0.2943520437   0.2927153575   0.2910975202   0.289498196   0.2879170575   0.2863537849   0.2848080665   
14.20351759   5.238400451e-06   6.751634202e-06   8.701999548e-06   1.121577102e-05   1.445569965e-05   1.863154951e-05   2.401367756e-05   3.095053568e-05   3.98912276e-05   5.141458001e-05   6.626660869e-05   8.540880258e-05   0.0001100803477   0.0001418783123   0.0001828609725   0.0002356809485   0.0003037567379   0.000391493696   0.0005045686792   0.0006502966276   0.0008381025675   0.001080129171   0.001392018514   0.001793917478   0.002311769978   0.002978976473   0.003838522923   0.004945708248   0.006371632368   0.008207646625   0.01057101508   0.01361208778   0.01752334286   0.02255070617   0.02900759279   0.03729210942   0.0479077718   0.0614878591   0.07882304662   0.1008910751   0.1288857197   0.1642399532   0.2086346962   0.2639797946   0.3323481884   0.4158389047   0.5163424792   0.6351888898   0.7726801926   0.92755396   1.096487818   1.273821222   1.451697432   1.62076673   1.771420491   1.895295892   1.986624973   2.043017782   2.06548051   2.057759051   2.025306689   1.974217112   1.910368734   1.83888201   1.763873773   1.68843174   1.614720508   1.544146197   1.477531195   1.415272322   1.357471342   1.304036074   1.254755085   1.209350713   1.167515329   1.128935185   1.093305361   1.060338517   1.029769447   1.001356877   0.9748835151   0.9501550448   0.9269985378   0.9052605848   0.8848053468   0.8655126464   0.847276167   0.8300018001   0.8136061509   0.7980152082   0.7831631672   0.7689913978   0.7554475431   0.7424847344   0.7300609098   0.7181382235   0.7066825335   0.6956629582   0.6850514917   0.6748226707   0.6649532846   0.6554221242   0.6462097625   0.6372983633   0.6286715144   0.6203140813   0.6122120785   0.6043525565   0.5967235033   0.589313754   0.5821129151   0.5751112941   0.5682998378   0.5616700779   0.5552140808   0.5489244044   0.5427940578   0.536816466   0.5309854374   0.5252951347   0.5197400486   0.5143149739   0.5090149855   0.5038354265   0.4987718778   0.4938201493   0.488976266   0.4842364482   0.4795971027   0.4750548101   0.4706063144   0.4662485116   0.4619784417   0.4577932796   0.453690327   0.4496670056   0.4457208496   0.4418494999   0.4380506976   0.4343222789   0.43066217   0.427068382   0.4235390064   0.4200722112   0.4166662368   0.4133193922   0.4100300518   0.406796652   0.4036176882   0.4004917118   0.3974173278   0.3943931919   0.3914180086   0.3884905284   0.385609546   0.3827738984   0.3799824626   0.3772341543   0.3745279257   0.3718627645   0.3692376917   0.3666517609   0.3641040562   0.3615936915   0.3591198089   0.3566815779   0.3542781938   0.3519088771   0.3495728724   0.3472694472   0.3449978912   0.3427575157   0.340547652   0.3383676517   0.3362168849   0.3340947401   0.3320006236   0.3299339584   0.3278941838   0.3258807551   0.3238931425   0.321930831   0.3199933195   0.3180801207   0.3161907604   0.3143247771   0.3124817215   0.3106611562   0.3088626552   0.3070858036   0.3053301972   0.3035954421   0.3018811544   0.3001869599   0.2985124937   0.2968574002   0.2952213322   0.2936039514   0.2920049275   0.2904239382   
14.45728643   4.101065743e-06   5.285754467e-06   6.812667527e-06   8.780663759e-06   1.131715918e-05   1.458637608e-05   1.879997473e-05   2.423075606e-05   3.123032191e-05   4.025183577e-05   5.187935684e-05   6.68656447e-05   8.618087998e-05   0.0001110754507   0.0001431608622   0.0001845139972   0.0002378114549   0.0003065026356   0.0003950327182   0.0005091298772   0.0006561751787   0.0008456788499   0.001089893332   0.001404602104   0.001810134176   0.002332667997   0.003005905971   0.003873222662   0.004990416914   0.006429231429   0.008281843436   0.01066657719   0.01373514212   0.01768175673   0.02275457068   0.02926983337   0.03762925217   0.04834089757   0.06204377847   0.07953572593   0.1018033326   0.130051187   0.1657252507   0.2105216948   0.2663677177   0.3353551345   0.4196021546   0.5210167119   0.6409412519   0.7796811795   0.9359634734   1.106436746   1.28539046   1.46489808   1.635526469   1.787580915   1.912623238   2.004832939   2.061797428   2.084530465   2.076809996   2.044136752   1.992657804   1.928303295   1.856238883   1.780617872   1.704555437   1.630235524   1.559076927   1.491909551   1.42913397   1.370853083   1.316974112   1.26728396   1.221502694   1.179320134   1.140419911   1.104494546   1.071254283   1.040431682   1.011783437   0.9850904247   0.9601566937   0.9368078601   0.9148892255   0.8942638109   0.8748104318   0.8564218825   0.8390032686   0.8224705007   0.806748952   0.7917722721   0.7774813457   0.7638233836   0.7507511313   0.7382221813   0.726198378   0.7146453004   0.703531815   0.6928296886   0.6825132511   0.6725591046   0.6629458686   0.6536539598   0.644665399   0.6359636425   0.6275334349   0.6193606792   0.6114323233   0.603736259   0.5962612337   0.5889967717   0.5819331039   0.5750611058   0.5683722425   0.5618585184   0.5555124327   0.5493269402   0.5432954143   0.5374116151   0.53166966   0.5260639966   0.5205893779   0.5152408452   0.5100137002   0.5049034929   0.499905999   0.4950172132   0.4902333268   0.4855507184   0.4809659433   0.4764757193   0.4720769188   0.4677665591   0.4635417931   0.4593999021   0.4553382876   0.4513544651   0.447446057   0.4436107874   0.4398464757   0.4361510321   0.4325224524   0.4289588135   0.4254582692   0.4220190464   0.4186394411   0.4153178152   0.4120525931   0.4088422584   0.4056853516   0.4025804667   0.3995262492   0.3965213935   0.3935646406   0.3906547757   0.3877906269   0.3849710625   0.3821949897   0.3794613528   0.3767691315   0.3741173393   0.3715050222   0.3689312575   0.3663951521   0.3638958413   0.3614324882   0.3590042819   0.3566104368   0.3542501914   0.3519228076   0.3496275697   0.3473637832   0.3451307746   0.34292789   0.3407544948   0.3386099726   0.3364937251   0.3344051705   0.332343744   0.3303088964   0.3283000936   0.3263168166   0.3243585604   0.3224248338   0.3205151588   0.3186290701   0.316766115   0.3149258524   0.3131078531   0.3113116987   0.3095369818   0.3077833053   0.3060502822   0.3043375354   0.3026446969   0.3009714083   0.2993173197   0.2976820898   0.2960653857   
14.71105528   3.210152868e-06   4.137480908e-06   5.332689005e-06   6.873160197e-06   8.858631132e-06   1.141764922e-05   1.471589492e-05   1.896690797e-05   2.444591161e-05   3.150762968e-05   4.060924955e-05   5.23400165e-05   6.745937424e-05   8.694611804e-05   0.0001120617387   0.0001444320509   0.0001861523787   0.0002399230885   0.0003092242091   0.0003985403906   0.0005136506704   0.0006620016553   0.0008531880187   0.001099570998   0.001417074224   0.00182620722   0.002353380893   0.003032596917   0.003907615017   0.005034729531   0.00648632025   0.008355382975   0.01076129276   0.01385710637   0.01783876727   0.02295662921   0.02952975081   0.03796340819   0.04877018622   0.06259477275   0.08024209116   0.1027075076   0.1312063278   0.1671973867   0.212391971   0.268734477   0.3383354268   0.4233320405   0.5256494945   0.6466425884   0.7866200421   0.9442983291   1.116297299   1.296856858   1.477981284   1.650154757   1.803597234   1.929795847   2.022878029   2.080408763   2.103409322   2.095689436   2.062796871   2.010931629   1.946075124   1.87343783   1.797209201   1.720531627   1.645608235   1.573870374   1.506155402   1.44286761   1.384111017   1.329792255   1.27969657   1.233541777   1.191015167   1.151797768   1.115579565   1.082068403   1.050994628   1.022112918   0.9952023334   0.9700653003   0.9465259915   0.9244284299   0.9036345059   0.8840220357   0.8654829318   0.8479215203   0.8312530227   0.8154022017   0.8003021656   0.7858933178   0.7721224403   0.7589418957   0.7463089342   0.7341850922   0.7225356721   0.711329291   0.7005374896   0.6901343932   0.6800964176   0.6704020128   0.6610314403   0.6519665789   0.6431907546   0.6346885921   0.6264458839   0.6184494756   0.6106871646   0.6031476106   0.5958202563   0.5886952568   0.5817634171   0.5750161361   0.5684453565   0.5620435199   0.5558035265   0.549718699   0.5437827497   0.5379897507   0.5323341052   0.5268105315   0.5214140297   0.5161398643   0.5109835517   0.5059408378   0.5010076853   0.4961802565   0.4914549033   0.4868281535   0.4822967012   0.4778573948   0.4735072289   0.4692433349   0.4650629734   0.4609635265   0.4569424906   0.4529974703   0.4491261725   0.4453264001   0.4415960475   0.4379330953   0.4343356059   0.4308017191   0.4273296485   0.4239176772   0.4205641547   0.4172674933   0.4140261654   0.4108387002   0.4077036813   0.4046197439   0.4015855724   0.3985998981   0.3956614974   0.3927691892   0.3899218333   0.3871183286   0.3843576113   0.3816386534   0.3789604609   0.3763220726   0.3737225586   0.371161019   0.3686365826   0.3661484061   0.3636956723   0.3612775896   0.3588933907   0.3565423319   0.3542236918   0.3519367708   0.34968089   0.3474553907   0.3452596331   0.3430929964   0.3409548773   0.3388446898   0.3367618645   0.334705848   0.3326761021   0.3306721038   0.3286933441   0.3267393279   0.3248095736   0.3229036122   0.3210209874   0.3191612548   0.3173239817   0.3155087464   0.3137151383   0.3119427573   0.3101912133   0.308460126   0.3067491248   0.3050578482   0.3033859436   0.3017330671   
14.96482412   2.512395714e-06   3.238160415e-06   4.173579094e-06   5.379214995e-06   6.933126302e-06   8.93591983e-06   1.151726452e-05   1.484428636e-05   1.913238813e-05   2.46591943e-05   3.178252359e-05   4.096355217e-05   5.27966663e-05   6.804793559e-05   8.7704695e-05   0.0001130394414   0.0001456921743   0.0001877764988   0.0002420163411   0.0003119220924   0.0004020175299   0.0005181321119   0.0006677774146   0.0008606318231   0.001109164424   0.001429437779   0.001842140354   0.002373913491   0.003059055527   0.003941707997   0.005078656421   0.00654291213   0.008428282371   0.01085518385   0.01397800894   0.01799441104   0.02315692882   0.02978740565   0.03829465532   0.04919573776   0.06314097031   0.08094230687   0.1036038107   0.1323514112   0.1686567045   0.2142459608   0.2710806242   0.3412897601   0.4270294325   0.5302419081   0.6522942305   0.7934984015   0.9525604761   1.126071785   1.308223103   1.490950114   1.664655032   1.81947322   1.946817775   2.040764517   2.098856209   2.122121582   2.114401886   2.08129153   2.029042992   1.963688524   1.890483032   1.813651806   1.73636422   1.660842412   1.588530179   1.520272262   1.456476635   1.397248427   1.342493677   1.291995989   1.245470945   1.202603322   1.163071569   1.126563152   1.09278354   1.061460881   1.032347851   1.005221711   0.9798832767   0.9561552891   0.9338805025   0.9129196856   0.8931496638   0.8744614744   0.8567586702   0.8399557891   0.8239769883   0.8087548388   0.7942292666   0.7803466285   0.7670589071   0.7543230125   0.7421001763   0.7303554261   0.7190571315   0.708176609   0.6976877809   0.6875668782   0.6777921826   0.6683438017   0.6592034736   0.6503543948   0.6417810711   0.6334691854   0.6254054818   0.6175776641   0.609974305   0.6025847663   0.595399128   0.5884081249   0.5816030904   0.5749759059   0.5685189559   0.5622250867   0.5560875706   0.5501000722   0.5442566192   0.5385515723   0.5329796105   0.5275356946   0.5222150583   0.5170131781   0.5119257737   0.506948773   0.5020783123   0.4973107156   0.4926424849   0.4880702891   0.4835909537   0.4792014507   0.4748988903   0.4706805125   0.4665436799   0.4624858705   0.4585046711   0.4545977713   0.4507629579   0.4469981095   0.4433011917   0.4396702526   0.4361034183   0.4325988889   0.4291549349   0.4257698934   0.422442165   0.4191702107   0.4159525488   0.4127877524   0.4096744464   0.4066113055   0.4035970517   0.4006304521   0.3977103167   0.3948354971   0.3920048838   0.3892174051   0.3864720253   0.3837677429   0.3811035896   0.3784786286   0.3758919531   0.3733426856   0.3708299762   0.3683530017   0.3659109646   0.3635030918   0.3611286339   0.3587868642   0.3564770777   0.3541985905   0.3519507387   0.349732878   0.3475443825   0.3453846447   0.3432530739   0.3411490965   0.3390721548   0.3370217067   0.3349972249   0.3329981967   0.3310241232   0.3290745191   0.3271489118   0.3252468415   0.3233678604   0.3215115324   0.3196774327   0.3178651474   0.3160742733   0.3143044174   0.3125551964   0.3108262368   0.3091171742   0.3074276535   
15.21859296   1.966011245e-06   2.53394004e-06   3.265928328e-06   4.20936842e-06   5.425342905e-06   6.992579331e-06   9.01254724e-06   1.161602751e-05   1.497157927e-05   1.929645242e-05   2.487065214e-05   3.205506549e-05   4.131482335e-05   5.324940897e-05   6.863146116e-05   8.845678151e-05   0.0001140087789   0.000146941516   0.0001893867228   0.0002440916837   0.0003145968923   0.0004054649186   0.0005225752097   0.000673503756   0.0008680119375   0.001118675768   0.001441695549   0.001857937163   0.002394270409   0.003085287754   0.003975509273   0.005122207465   0.006599019799   0.008500558025   0.01094827158   0.01409787704   0.01814872308   0.02335551459   0.03004285585   0.03862306808   0.04961764793   0.06368249404   0.08163653064   0.1044924434   0.1334866948   0.1701035325   0.2160840817   0.2734066877   0.3442187998   0.4306951636   0.5347949877   0.6578974524   0.8003178096   0.96075178   1.135762414   1.319491765   1.50380751   1.679030585   1.835212486   1.963692904   2.058496495   2.117143998   2.140671552   2.132951671   2.099625017   2.04699611   1.981147613   1.907378487   1.829949561   1.752056959   1.675941669   1.603059829   1.534263496   1.469964296   1.410268452   1.355081416   1.304185162   1.257293052   1.214087371   1.174244008   1.137447931   1.103402248   1.071832928   1.042490663   1.015150926   0.9896129359   0.9656980132   0.9432476535   0.9221215126   0.9021954328   0.8833595828   0.8655167487   0.8485807897   0.8324752622   0.8171322043   0.8024910682   0.7884977886   0.7751039714   0.7622661893   0.7499453709   0.7381062716   0.7267170153   0.7157486961   0.7051750347   0.6949720788   0.685117943   0.6755925826   0.6663775955   0.6574560502   0.6488123344   0.640432022   0.6323017569   0.6244091496   0.6167426865   0.6092916494   0.6020460435   0.5949965342   0.5881343899   0.5814514313   0.5749399859   0.5685928468   0.5624032361   0.5563647714   0.5504714361   0.5447175513   0.5390977498   0.533606962   0.5282403821   0.5229934593   0.5178618751   0.5128415311   0.5079285336   0.50311918   0.4984099468   0.4937974784   0.4892785768   0.484850192   0.480509413   0.4762534597   0.4720796754   0.4679855195   0.4639685612   0.4600264733   0.4561570263   0.4523580834   0.4486275954   0.4449635961   0.4413641978   0.4378275876   0.4343520232   0.4309358297   0.427577396   0.4242751719   0.4210276648   0.4178334373   0.4146911044   0.4115993311   0.4085568299   0.4055623589   0.4026147197   0.399712755   0.3968553476   0.3940414177   0.3912699221   0.3885398519   0.3858502317   0.3832001178   0.3805885968   0.3780147847   0.3754778253   0.3729768894   0.3705111735   0.3680798989   0.3656823106   0.3633176766   0.3609852867   0.3586844518   0.3564145032   0.3541747917   0.3519646869   0.3497835766   0.3476308659   0.3455059768   0.3434083474   0.3413374316   0.3392926983   0.3372736307   0.3352797263   0.3333104961   0.3313654641   0.3294441669   0.3275461533   0.325670984   0.323818231   0.3219874772   0.3201783164   0.3183903525   0.3166231995   0.3148764809   0.3131498297   
15.47236181   1.538231627e-06   1.982586248e-06   2.555303124e-06   3.293462642e-06   4.244856667e-06   5.471082762e-06   7.05153221e-06   9.088530018e-06   1.171395965e-05   1.509780132e-05   1.945913652e-05   2.508033107e-05   3.232531462e-05   4.166313945e-05   5.369834291e-05   6.921007779e-05   8.920254106e-05   0.0001149699617   0.0001481803475   0.0001909834007   0.0002461495673   0.0003172491904   0.0004088833059   0.0005269809298   0.0006791819243   0.0008753299663   0.001128107096   0.001453850201   0.001873601079   0.002414456073   0.0031112993   0.004009026193   0.00516539213   0.006654655455   0.008572225648   0.0110405762   0.01421673672   0.01830173692   0.02355242968   0.03029615697   0.03894871788   0.05003600847   0.06421946168   0.0823249134   0.1053735992   0.1346124256   0.1715381854   0.2179067333   0.2757131735   0.3471231834   0.4343300317   0.539309725   0.663453475   0.8070797533   0.9688740282   1.145371301   1.330665311   1.516556287   1.693284572   1.850818491   1.980424952   2.076077879   2.135276183   2.159063358   2.15134293   2.117801441   2.064795022   1.998456333   1.924128028   1.846106174   1.767613428   1.690909466   1.617462661   1.548132327   1.483333705   1.423174102   1.367558387   1.316266911   1.269010836   1.225469972   1.185317668   1.148236413   1.113926974   1.082113155   1.052543681   1.024992251   0.9992564974   0.9751563333   0.9525320048   0.9312420632   0.9111613751   0.8921792479   0.8741977062   0.857129936   0.8408988977   0.8254361002   0.8106805259   0.7965776903   0.7830788256   0.7701401696   0.7577223505   0.7457898534   0.7343105579   0.7232553381   0.7125977143   0.7023135525   0.6923808013   0.6827792646   0.6734904019   0.6644971539   0.6557837914   0.6473357804   0.6391396649   0.6311829631   0.6234540759   0.6159422053   0.6086372828   0.6015299045   0.5946112745   0.5878731532   0.5813078117   0.5749079903   0.5686668612   0.5625779955   0.5566353324   0.5508331495   0.5451660472   0.5396289122   0.534216906   0.5289254447   0.5237501786   0.5186869796   0.5137319258   0.5088812876   0.5041315164   0.4994792319   0.4949212138   0.4904543891   0.4860758266   0.4817827258   0.477572411   0.4734423232   0.4693900144   0.4654131403   0.4615094556   0.4576768082   0.4539131341   0.4502164528   0.4465848633   0.4430165395   0.4395097267   0.4360627379   0.4326739506   0.4293418032   0.4260647927   0.4228414711   0.4196704435   0.4165503653   0.4134799399   0.4104579163   0.4074830875   0.4045542881   0.4016703924   0.3988303133   0.3960329997   0.3932774357   0.3905626387   0.3878876583   0.3852515744   0.3826534966   0.3800925625   0.3775679371   0.3750788109   0.3726243996   0.3702039427   0.3678167029   0.3654619648   0.3631390343   0.3608472379   0.3585859217   0.3563544506   0.3541522079   0.3519785944   0.3498330278   0.3477149424   0.3456237877   0.3435590288   0.3415201453   0.3395066308   0.3375179928   0.3355537517   0.3336134408   0.3316966056   0.3298028033   0.3279316029   0.3260825843   0.3242553381   0.3224494653   0.3206645771   0.3189002941   
15.72613065   1.203364831e-06   1.550985295e-06   1.999024113e-06   2.576489455e-06   3.320769144e-06   4.280051295e-06   5.516444181e-06   7.109997329e-06   9.163884136e-06   1.181108153e-05   1.522297905e-05   1.962047461e-05   2.528827518e-05   3.259332779e-05   4.200857367e-05   5.414356251e-05   6.978390712e-05   8.99421304e-05   0.000115923192   0.0001494089294   0.0001925668681   0.0002481904246   0.0003198795441   0.0004122734104   0.0005313501981   0.0006848131129   0.0008825874478   0.001137460393   0.001465904288   0.001889135397   0.002434474726   0.003137095633   0.004042265801   0.005208219496   0.006709830793   0.008643300306   0.0111321171   0.01433461296   0.01845348473   0.02374771548   0.03054736224   0.03927167317   0.05045090733   0.06475198614   0.0830075999   0.1062474633   0.1357288403   0.1729609649   0.2197142992   0.2780005668   0.3500035219   0.4379348021   0.5437870706   0.6689634691   0.8137856582   0.9769289343   1.154900477   1.341746102   1.529199145   1.707420014   1.866294552   1.997017484   2.093512427   2.15325665   2.177300953   2.169579632   2.135824738   2.082443599   2.015618465   1.940735326   1.862125202   1.783037062   1.705749119   1.631741877   1.561881845   1.496587846   1.435968264   1.379927381   1.328243942   1.280626921   1.236753674   1.196295027   1.15893101   1.124360066   1.092303852   1.062509139   1.034747865   1.008816092   0.9845323329   0.9617355943   0.9402833317   0.9200494437   0.9009223824   0.8828034171   0.8656050656   0.8492496967   0.8336682942   0.8187993739   0.8045880359   0.7909851409   0.7779465945   0.7654327269   0.7534077546   0.7418393152   0.7306980638   0.7199573226   0.7095927764   0.6995822098   0.689905276   0.680543297   0.6714790873   0.6626968011   0.6541817975   0.6459205214   0.6379003995   0.6301097475   0.6225376886   0.6151740807   0.6080094516   0.6010349413   0.5942422506   0.5876235945   0.5811716607   0.5748795724   0.568740854   0.5627494026   0.5568994531   0.5511855638   0.5456025908   0.5401456585   0.5348101502   0.529591685   0.5244861056   0.5194894618   0.5145979978   0.5098081391   0.5051164826   0.5005197839   0.496014949   0.4915990253   0.4872691929   0.4830227568   0.4788571401   0.4747698773   0.4707586078   0.4668210702   0.4629550971   0.45915861   0.4554296146   0.4517661962   0.4481665159   0.4446288067   0.4411513696   0.4377325705   0.434370837   0.4310646553   0.4278125673   0.4246131682   0.421465104   0.4183670687   0.4153178027   0.4123160902   0.4093607577   0.4064506717   0.4035847371   0.4007618956   0.3979811239   0.3952414326   0.3925418644   0.3898814928   0.387259421   0.3846747806   0.3821267305   0.3796144555   0.3771371657   0.3746940952   0.3722845014   0.3699076639   0.3675628836   0.3652494821   0.3629668008   0.3607142002   0.3584910591   0.3562967741   0.3541307586   0.3519924427   0.3498812723   0.3477967083   0.3457382267   0.3437053176   0.3416974846   0.3397142449   0.3377551283   0.335819677   0.3339074451   0.3320179983   0.3301509136   0.3283057785   0.3264821912   0.3246797599   
15.9798995   9.412710154e-07   1.213179493e-06   1.563635155e-06   2.015328185e-06   2.597503343e-06   3.347853389e-06   4.314959459e-06   5.561436385e-06   7.167986578e-06   9.238624918e-06   1.190741289e-05   1.53471379e-05   1.978049951e-05   2.549452676e-05   3.285915949e-05   4.235119628e-05   5.458515829e-05   7.035306582e-05   9.067569994e-05   0.0001168686635   0.0001506275113   0.0001941374471   0.0002502146706   0.0003224884883   0.0004156359216   0.0005356839033   0.0006903984671   0.0008897858577   0.001146737559   0.001477860262   0.001904543274   0.002454330439   0.003162681999   0.004075234857   0.005250698269   0.006764557032   0.008713796451   0.0112229129   0.01445152974   0.01860399737   0.02394141172   0.03079652275   0.03959199963   0.05086242888   0.06528017571   0.08368472898   0.1071142134   0.136836166   0.1743721605   0.2215071471   0.2802693332   0.3528604019   0.4415102087   0.5482279366   0.6744285574   0.8204368917   0.9849181423   1.164351888   1.352736404   1.541738673   1.721439813   1.881643852   2.01347392   2.110803741   2.171089126   2.195388132   2.187665585   2.153698686   2.099945554   2.032637632   1.957203902   1.878010055   1.798331157   1.720463808   1.645900546   1.575515012   1.509729582   1.448653704   1.392191078   1.340118851   1.292143826   1.247940923   1.207178464   1.169534037   1.13470378   1.102407218   1.072389182   1.044419866   1.018293768   0.9938280137   0.9708603804   0.9492472352   0.9288615158   0.9095908258   0.8913356843   0.8740079462   0.8575293928   0.8418304871   0.8268492816   0.8125304638   0.798824526   0.7856870441   0.7730780519   0.7609615   0.7493047857   0.7380783468   0.7272553072   0.7168111743   0.7067235684   0.6969719937   0.6875376354   0.6784031828   0.6695526747   0.6609713636   0.6526455963   0.6445627085   0.6367109315   0.6290793103   0.6216576298   0.6144363497   0.6074065469   0.6005598625   0.593888456   0.5873849632   0.5810424582   0.5748544196   0.5688146997   0.5629174966   0.5571573262   0.5515290096   0.5460276384   0.5406485586   0.5353873633   0.5302398641   0.5252020835   0.5202702391   0.5154407318   0.5107101336   0.5060751783   0.5015327502   0.4970798759   0.4927137157   0.4884315561   0.4842308021   0.4801089709   0.4760636856   0.472092669   0.4681937387   0.4643648016   0.4606038496   0.4569089547   0.4532782653   0.4497100019   0.4462024538   0.4427539756   0.439362984   0.4360279544   0.4327474189   0.4295199629   0.4263442227   0.4232188835   0.4201426769   0.4171143786   0.4141328069   0.4111968204   0.4083053164   0.4054572293   0.4026515287   0.3998872181   0.3971633337   0.3944789425   0.3918331414   0.389225056   0.3866538391   0.3841186701   0.3816187535   0.3791533179   0.3767216157   0.3743229212   0.3719565305   0.3696217605   0.367317948   0.3650444488   0.3628006375   0.3605859064   0.3583996648   0.3562413387   0.35411037   0.3520062161   0.3499283491   0.3478762553   0.3458494352   0.3438474022   0.3418696828   0.3399158161   0.337985353   0.3360778561   0.3341928992   0.332330067   0.3304889549   
16.23366834   7.361659201e-07   9.488249385e-07   1.222915546e-06   1.576183698e-06   2.031501672e-06   2.618348924e-06   3.374720707e-06   4.349588033e-06   5.606068232e-06   7.225511371e-06   9.312767075e-06   1.200297271e-05   1.547030233e-05   1.993924272e-05   2.569912639e-05   3.312286206e-05   4.26910747e-05   5.502321718e-05   7.091766594e-05   9.140339407e-05   0.0001178065625   0.0001518363331   0.0001956954467   0.0002522227037   0.0003250765366   0.0004189715012   0.0005399828983   0.0006959390862   0.000896926613   0.001155940421   0.001489720476   0.001919827744   0.00247402712   0.003188063433   0.004107939851   0.005292836813   0.006818844945   0.00878372796   0.01131298148   0.01456751007   0.01875330446   0.02413355652   0.03104368755   0.03990976033   0.05127065415   0.06580413438   0.08435643398   0.1079740202   0.1379346208   0.1757720501   0.2232856302   0.2825199197   0.3556943862   0.4450569563   0.5526331987   0.6798498183   0.827034767   0.9928432305   1.173727402   1.363638394   1.554177358   1.735346753   1.896869445   2.029797542   2.127955279   2.188777189   2.213328536   2.205604441   2.17142691   2.117304451   2.049517316   1.973537138   1.893764005   1.813498876   1.735056588   1.659941615   1.589034674   1.522761663   1.46123308   1.404352051   1.351894131   1.30356397   1.259034068   1.217970263   1.180047718   1.144960281   1.112425365   1.082185873   1.054010265   1.027691492   1.0030453   0.9799082463   0.9581356174   0.9375993974   0.9181863474   0.8997962423   0.8823402786   0.8657396546   0.8499243162   0.834831856   0.8204065519   0.8065985305   0.7933630401   0.7806598212   0.7684525594   0.7567084136   0.7453976056   0.7344930646   0.7239701189   0.7138062273   0.7039807459   0.694474724   0.6852707264   0.6763526774   0.667705724   0.6593161153   0.6511710967   0.6432588161   0.6355682403   0.6280890819   0.6208117335   0.6137272085   0.6068270894   0.6001034807   0.5935489661   0.5871565714   0.5809197295   0.5748322498   0.5688882899   0.5630823301   0.5574091483   0.5518638059   0.5464416213   0.5411381513   0.5359491803   0.5308707031   0.5258989112   0.5210301803   0.51626106   0.51158826   0.5070086441   0.5025192181   0.498117123   0.4937996265   0.4895641159   0.4854080912   0.4813291593   0.4773250275   0.4733934982   0.4695324641   0.4657399034   0.4620138748   0.458352514   0.4547540294   0.4512166987   0.447738865   0.4443189343   0.4409553717   0.4376466991   0.4343914921   0.431188378   0.4280360328   0.4249331794   0.4218785852   0.4188710604   0.4159094558   0.4129926612   0.4101196034   0.4072892453   0.4045005835   0.4017526474   0.3990444977   0.3963752253   0.3937439494   0.3911498174   0.3885920027   0.3860697045   0.3835821461   0.3811285747   0.3787082596   0.3763204921   0.3739645843   0.3716398685   0.369345696   0.3670814371   0.3648464797   0.3626402293   0.3604621079   0.3583115534   0.3561880193   0.3540909742   0.3520199009   0.3499742962   0.3479536704   0.3459575465   0.3439854603   0.3420369596   0.3401116041   0.3382089644   0.3363286226   
16.48743719   5.756813428e-07   7.419805878e-07   9.563193112e-07   1.232574846e-06   1.588633316e-06   2.047547656e-06   2.63903017e-06   3.401376219e-06   4.383943615e-06   5.650348228e-06   7.282582673e-06   9.386324742e-06   1.209777919e-05   1.55924958e-05   2.009673449e-05   2.590211309e-05   3.338448575e-05   4.302827373e-05   5.545782268e-05   7.14778151e-05   9.21253515e-05   0.0001187370676   0.0001530356254   0.0001972411641   0.0002542149066   0.0003276441823   0.0004222807851   0.0005442480026   0.0007014360265   0.0009040110748   0.001165070733   0.001501487192   0.00193499172   0.002493568524   0.003213244775   0.004140387018   0.00533464316   0.006872704881   0.008853108165   0.01140233999   0.01468257606   0.01890143448   0.02432418651   0.03128890376   0.04022501584   0.05167566096   0.06632396206   0.08502284296   0.1088270477   0.1390244141   0.1771609007   0.2250500876   0.2847527556   0.3585060157   0.4485757219   0.5570036982   0.6852282875   0.8335805453   1.000705715   1.183028816   1.374454161   1.566517587   1.749143509   1.911974265   2.045991503   2.144970363   2.206324274   2.231125661   2.223399712   2.189012891   2.134523711   2.066260857   1.989738278   1.909390195   1.828543255   1.749530389   1.673867914   1.602443563   1.535686727   1.473708946   1.41641277   1.363572177   1.314889678   1.270035368   1.22867262   1.19047419   1.155131654   1.122360324   1.091901193   1.063521   1.037011158   1.012186044   0.988881004   0.9669502524   0.9462648263   0.9267106505   0.9081867609   0.8906037006   0.873882089   0.8579513584   0.8427486451   0.8282178204   0.8143086476   0.80097605   0.788179476   0.7758823494   0.7640515917   0.7526572106   0.7416719413   0.7310709348   0.7208314896   0.7109328143   0.7013558238   0.6920829592   0.6830980309   0.6743860812   0.6659332623   0.65772673   0.6497545489   0.6420056088   0.6344695505   0.6271366994   0.6199980065   0.6130449959   0.606269717   0.5996647027   0.5932229303   0.5869377874   0.5808030409   0.574812808   0.5689615286   0.5632439535   0.5576551001   0.5521902595   0.5468449577   0.54161495   0.536496204   0.5314848854   0.5265773451   0.5217701091   0.5170598654   0.5124434559   0.5079178663   0.5034802182   0.4991277609   0.4948578639   0.4906680105   0.4865557911   0.4825188977   0.478555118   0.4746623304   0.4708384993   0.4670816706   0.4633899672   0.4597615856   0.4561947917   0.4526879176   0.4492393585   0.4458475692   0.4425110616   0.4392284019   0.4359982078   0.4328191467   0.4296899327   0.4266093251   0.4235761259   0.4205891782   0.4176473643   0.414749604   0.4118948529   0.4090821009   0.406310371   0.4035787174   0.4008862249   0.3982320069   0.3956152048   0.3930349866   0.3904905459   0.387981101   0.3855058936   0.3830641885   0.3806552719   0.3782784514   0.3759330545   0.3736184285   0.371333939   0.3690789701   0.366852923   0.3646552157   0.3624852826   0.3603425732   0.3582265525   0.3561366999   0.3540725085   0.3520334854   0.3500191504   0.348029036   0.346062687   0.3441196598   0.3421995225   
16.74120603   4.501276731e-07   5.801577612e-07   7.47750126e-07   9.637555177e-07   1.242159178e-06   1.600986308e-06   2.063469103e-06   2.659550903e-06   3.427824849e-06   4.418032554e-06   5.694284553e-06   7.339211028e-06   9.459311503e-06   1.219184985e-05   1.571374089e-05   2.025300392e-05   2.610352434e-05   3.364407891e-05   4.336285565e-05   5.588905507e-05   7.203361676e-05   9.28417056e-05   0.0001196603508   0.0001542256096   0.0001987748846   0.0002561916475   0.0003301918996   0.0004255643847   0.0005484800041   0.0007068903032   0.0009110405519   0.001174130182   0.001513162582   0.001950038004   0.00251295826   0.003238230675   0.00417258235   0.005376125032   0.006926146789   0.008921949882   0.01149100496   0.01479674897   0.01904841478   0.02451333691   0.03153221668   0.0405378244   0.05207752414   0.06683975478   0.08568407904   0.1096734534   0.1401057474   0.1785389689   0.2268008456   0.2869682537   0.3612958102   0.4520671565   0.5613402438   0.6905649608   0.8400754392   1.008507054   1.192257854   1.385185716   1.578761657   1.762832651   1.926961133   2.062058835   2.161852187   2.223733685   2.248782867   2.241054769   2.206459975   2.151606625   2.082871465   2.005810444   1.924891647   1.843467214   1.763888031   1.687682163   1.615744305   1.548507311   1.486083755   1.428375611   1.375155292   1.326123182   1.280946993   1.239287646   1.200815508   1.1652199   1.132214049   1.10153705   1.072953935   1.046254587   1.021252028   0.9977803976   0.9756928482   0.954859476   0.9351653754   0.9165088487   0.8987997901   0.8819582442   0.8659131336   0.8506011413   0.8359657348   0.8219563168   0.808527488   0.7956384066   0.7832522366   0.7713356637   0.7598584829   0.7487932363   0.7381149003   0.7278006128   0.7178294366   0.7081821529   0.6988410798   0.6897899152   0.6810135969   0.6724981811   0.6642307346   0.6561992394   0.6483925088   0.6408001119   0.6334123079   0.6262199857   0.6192146112   0.6123881797   0.6057331728   0.5992425203   0.5929095646   0.5867280304   0.580691996   0.5747958633   0.5690343408   0.5634024243   0.5578953658   0.5525086624   0.5472380412   0.5420794425   0.5370290063   0.5320830595   0.5272381037   0.5224908057   0.517837986   0.5132766102   0.5088037807   0.5044167282   0.5001128051   0.4958894777   0.4917443204   0.4876750098   0.4836793189   0.4797551121   0.4759003401   0.4721130358   0.4683913099   0.4647333468   0.4611374008   0.4576017932   0.4541249082   0.4507051905   0.4473411423   0.44403132   0.4407743324   0.4375688379   0.4344135422   0.4313071963   0.4282485942   0.4252365715   0.4222700029   0.4193478011   0.4164689148   0.4136323272   0.4108370548   0.4080821455   0.405366678   0.4026897598   0.4000505267   0.397448141   0.3948817911   0.3923506899   0.3898540743   0.387391204   0.3849613605   0.3825638468   0.3801979859   0.3778631206   0.3755586125   0.3732838414   0.3710382046   0.3688211161   0.3666320065   0.3644703218   0.3623355232   0.3602270865   0.3581445017   0.3560872724   0.3540549152   0.3520469594   0.3500629468   0.3481024308   
16.99497487   3.519151767e-07   4.535742521e-07   5.845999664e-07   7.534755679e-07   9.711348895e-07   1.251670256e-06   1.613244887e-06   2.079268863e-06   2.679914797e-06   3.454071334e-06   4.451860952e-06   5.737885075e-06   7.395406574e-06   9.53174043e-06   1.228520152e-05   1.583405931e-05   2.040807899e-05   2.630339621e-05   3.3901688e-05   4.369488038e-05   5.631699157e-05   7.258517045e-05   9.355258463e-05   0.0001205765774   0.0001554064987   0.000200296883   0.0002581532802   0.0003327201449   0.0004288228878   0.0005526796605   0.000712302893   0.0009180163029   0.00118312039   0.001524748737   0.001964969289   0.002532199801   0.003263025609   0.004204531613   0.005417289857   0.006979180238   0.008990265436   0.01157899225   0.01491004924   0.01919427168   0.02470104158   0.03177366987   0.04084824203   0.05247631565   0.06735160492   0.08634026067   0.1105133889   0.1411788143   0.1799065017   0.2285382179   0.2891668111   0.3640642699   0.455531886   0.5656436133   0.6958607957   0.8465206149   1.016248648   1.201416179   1.395834989   1.590911774   1.776416651   1.94183276   2.078002452   2.178603822   2.241008598   2.266303388   2.258572855   2.22377138   2.168556355   2.09935223   2.021756634   1.940271265   1.85827356   1.778132223   1.701386978   1.628939425   1.561225857   1.498359867   1.44024286   1.386645691   1.337266634   1.291771031   1.249817372   1.211073651   1.175226949   1.141988421   1.111095281   1.082310862   1.055423533   1.030244966   1.006608107   0.9843650501   0.9633849587   0.9435521026   0.9247640557   0.9069300676   0.8899696126   0.8738111068   0.8583907832   0.8436517083   0.8295429268   0.8160187188   0.8030379551   0.7905635405   0.7785619263   0.7670026978   0.7558582049   0.7451032497   0.7347148116   0.7246718083   0.7149548878   0.7055462468   0.6964294707   0.687589394   0.6790119776   0.6706841996   0.6625939603   0.6547299967   0.6470818073   0.6396395848   0.6323941568   0.6253369316   0.6184598503   0.6117553442   0.6052162952   0.5988360015   0.5926081454   0.5865267649   0.5805862273   0.5747812061   0.5691066553   0.5635578047   0.5581301185   0.5528192954   0.5476212487   0.542532093   0.5375481308   0.532665841   0.5278818676   0.5231930107   0.518596216   0.5140885666   0.5096672751   0.5053296765   0.5010732204   0.4968954653   0.4927940727   0.4887668008   0.4848115001   0.4809261079   0.4771086444   0.4733572076   0.4696699702   0.4660451751   0.4624811326   0.4589762164   0.4555288611   0.4521375588   0.4488008569   0.4455173548   0.4422857023   0.4391045966   0.4359727805   0.4328890402   0.4298522036   0.4268611383   0.4239147496   0.4210119794   0.4181518044   0.4153332344   0.4125553114   0.4098171079   0.4071177256   0.4044562945   0.4018319717   0.3992439401   0.3966914075   0.3941736057   0.3916897895   0.389239236   0.3868212432   0.38443513   0.3820802348   0.3797559148   0.377461546   0.3751965214   0.3729602515   0.3707521629   0.368571698   0.3664183144   0.3642914846   0.3621906951   0.3601154462   0.3580652513   0.3560396366   0.3540381408   
17.24874372   2.7509997e-07   3.545691468e-07   4.569948846e-07   5.890087301e-07   7.591579078e-07   9.784587083e-07   1.261109734e-06   1.625411182e-06   2.09494968e-06   2.700125389e-06   3.480120231e-06   4.485434684e-06   5.781157365e-06   7.451179072e-06   9.603624101e-06   1.237785044e-05   1.595347195e-05   2.056198662e-05   2.650176342e-05   3.415735777e-05   4.402440557e-05   5.67417065e-05   7.313257196e-05   9.425811205e-05   0.0001214859065   0.000156578498   0.0002018074235   0.0002601001454   0.0003352293571   0.0004320568604   0.0005568477013   0.000717674736   0.0009249395393   0.001192042918   0.00153624767   0.001979788168   0.002551296488   0.003287633881   0.004236240355   0.005458144784   0.00703181444   0.009058066694   0.01166631714   0.01502249655   0.01933903051   0.02488733313   0.03201330529   0.04115632264   0.05287210476   0.06785960138   0.08699150181   0.1113470003   0.1422438012   0.1812637366   0.2302625063   0.2913488098   0.366811876   0.458970513   0.5699145553   0.701116714   0.8529171948   1.023931847   1.210505385   1.406403842   1.602970065   1.789897891   1.956591757   2.093825159   2.195228221   2.258152068   2.283690334   2.275957092   2.2409502   2.185375944   2.115706122   2.037579734   1.955531843   1.872964992   1.792265572   1.714984874   1.642031353   1.573844711   1.510539553   1.452016715   1.398045506   1.348322103   1.302509494   1.260263754   1.221250523   1.185154655   1.151685251   1.120577653   1.091593511   1.064519686   1.039166513   1.015365751   0.9929684437   0.9718428284   0.9518723558   0.9329538763   0.9149959998   0.8979176337   0.8816466915   0.866118959   0.8512771046   0.8370698176   0.8234510594   0.8103794154   0.7978175324   0.7857316321   0.7740910871   0.7628680587   0.7520371756   0.7415752595   0.731461084   0.7216751655   0.7121995794   0.7030177997   0.6941145582   0.685475721   0.6770881784   0.6689397493   0.6610190951   0.6533156438   0.6458195228   0.6385214983   0.6314129213   0.6244856795   0.6177321538   0.611145179   0.604718009   0.5984442842   0.5923180034   0.586333497   0.5804854008   0.5747686445   0.5691784145   0.5637101529   0.5583595283   0.5531224275   0.5479949396   0.5429733431   0.5380540936   0.5332338142   0.5285092834   0.5238774272   0.5193353099   0.5148801261   0.5105091932   0.5062199446   0.502009923   0.4978767746   0.4938182433   0.4898321657   0.4859164658   0.4820691508   0.4782883067   0.4745720944   0.4709187454   0.4673265591   0.4637938989   0.4603191891   0.4569009122   0.4535376062   0.4502278617   0.4469703195   0.4437636686   0.4406066437   0.4374980233   0.4344366275   0.4314213168   0.4284509894   0.4255245805   0.42264106   0.4197994315   0.4169987309   0.4142380244   0.4115164083   0.4088330068   0.4061869715   0.40357748   0.4010037353   0.398464964   0.3959604162   0.3934893641   0.3910511015   0.3886449426   0.3862702216   0.3839262918   0.3816125247   0.3793283097   0.3770730534   0.3748461786   0.3726471242   0.3704753442   0.3683303077   0.3662114978   0.3641184115   0.3620505591   0.3600074638   
17.50251256   2.15027905e-07   2.771438368e-07   3.572034331e-07   4.603901472e-07   5.933847951e-07   7.647981033e-07   9.857282082e-07   1.270479202e-06   1.637487242e-06   2.110514197e-06   2.720186083e-06   3.50597593e-06   4.518759409e-06   5.824108716e-06   7.506537919e-06   9.674974629e-06   1.24698122e-05   1.607199894e-05   2.071475277e-05   2.669865939e-05   3.44111313e-05   4.435148676e-05   5.716327142e-05   7.367591354e-05   9.495840675e-05   0.0001223884913   0.0001577418048   0.0002033067608   0.0002620325712   0.0003377199592   0.0004352668474   0.0005609848287   0.0007230067374   0.0009318114277   0.00120089927   0.001547661318   0.00199449714   0.002570251539   0.003312059639   0.004267713921   0.005498696698   0.007084058262   0.00912536508   0.01175299436   0.01513410985   0.01948271568   0.02507224296   0.03225116331   0.04146211817   0.05326495818   0.06836382978   0.08763791225   0.1121744279   0.1433008877   0.1826109025   0.2319740016   0.2935146179   0.369539092   0.4623836177   0.5741537909   0.7063336035   0.8592662598   1.031557952   1.219527014   1.416894065   1.614938575   1.80327866   1.971240638   2.109529657   2.21172823   2.27516704   2.300946698   2.293210484   2.257999417   2.202068321   2.131936   2.053282524   1.970676071   1.887544112   1.806290588   1.728478275   1.65502243   1.586366135   1.522625   1.463699294   1.409356789   1.359291579   1.313164316   1.270628677   1.231347959   1.195004807   1.161306284   1.129985871   1.100803546   1.073544676   1.048018263   1.02405489   1.001504558   0.9802345838   0.9601276045   0.9410797523   0.9229990014   0.9058036963   0.8894212513   0.8737870083   0.8588432401   0.8445382828   0.8308257816   0.8176640382   0.8050154439   0.7928459897   0.7811248408   0.7698239686   0.7589178303   0.7483830908   0.7381983809   0.7283440857   0.7188021604   0.7095559684   0.7005901396   0.6918904457   0.68344369   0.6752376104   0.6672607932   0.6595025966   0.6519530828   0.6446029572   0.637443514   0.6304665877   0.6236645091   0.6170300665   0.6105564694   0.604237317   0.598066569   0.5920385197   0.5861477667   0.5803892105   0.574758008   0.5692495673   0.5638595311   0.5585837595   0.5534183166   0.5483594567   0.5434036128   0.5385473864   0.5337875352   0.5291209657   0.5245447232   0.5200559844   0.5156520498   0.5113303361   0.5070883706   0.5029237844   0.498834307   0.4948177611   0.4908720578   0.4869951914   0.4831852359   0.4794403403   0.475758725   0.4721386787   0.4685785542   0.4650767659   0.4616317868   0.4582421454   0.4549064235   0.4516232534   0.4483913155   0.4452093368   0.4420760877   0.4389903812   0.4359510703   0.4329570463   0.4300072377   0.4271006079   0.4242361541   0.421412906   0.4186299241   0.4158862988   0.4131811488   0.4105136203   0.4078828857   0.4052881429   0.4027286136   0.4002035431   0.3977121991   0.3952538708   0.392827868   0.3904335207   0.3880701781   0.3857372077   0.383433995   0.3811599428   0.3789144702   0.3766970124   0.3745070202   0.372343959   0.3702073087   0.3680965632   0.3660112296   
17.75628141   1.680553121e-07   2.166020925e-07   2.791727658e-07   3.598184665e-07   4.637605953e-07   5.977288773e-07   7.703970769e-07   9.929445785e-07   1.279780192e-06   1.649475044e-06   2.125964959e-06   2.740100163e-06   3.53164266e-06   4.551840578e-06   5.866746154e-06   7.561492172e-06   9.745803687e-06   1.256110185e-05   1.618965967e-05   2.086640241e-05   2.689411633e-05   3.466305011e-05   4.467617745e-05   5.758175531e-05   7.421528406e-05   9.56535833e-05   0.0001232844795   0.0001588966095   0.00020479514   0.0002639508738   0.0003401923584   0.000438453374   0.0005650917196   0.0007282997694   0.0009386330924   0.001209690894   0.001558991548   0.00200909861   0.002589068055   0.003336306879   0.004298957458   0.005538952234   0.007135920254   0.009192171605   0.01183903808   0.0152449074   0.01962535069   0.02525580131   0.03248728285   0.04176567863   0.05365494018   0.06886437264   0.08827959775   0.1129958073   0.1443502468   0.1839482199   0.233672984   0.29566459   0.3722463646   0.4657717591   0.5783620147   0.7115123193   0.865568849   1.039128212   1.228482545   1.427307383   1.626819276   1.816561168   1.985781824   2.125118547   2.228106591   2.292056347   2.318075366   2.310335925   2.274921902   2.218636309   2.14804462   2.068867679   1.985706542   1.902013423   1.820209689   1.741869514   1.667914907   1.598792305   1.534618313   1.475292636   1.420581518   1.370176985   1.323737365   1.280913954   1.241367726   1.20477913   1.170853202   1.139321578   1.109942574   1.082500071   1.056801753   1.032677029   1.009974868   0.9885616708   0.9683192669   0.9491430748   0.9309404378   0.9136291412   0.8971361032   0.8813962249   0.8663513861   0.851949572   0.838144114   0.8248930316   0.8121584626   0.799906169   0.7881051092   0.7767270666   0.7657463279   0.7551394023   0.7448847785   0.7349627115   0.7253550369   0.7160450083   0.7070171543   0.6982571529   0.6897517208   0.6814885155   0.6734560489   0.6656436098   0.6580411955   0.6506394511   0.6434296143   0.6364034667   0.6295532897   0.6228718248   0.6163522381   0.6099880874   0.6037732909   0.5977021137   0.5917691133   0.5859691576   0.5802973742   0.5747491398   0.5693200715   0.5640060024   0.5588029716   0.5537072096   0.5487151269   0.5438233032   0.5390284761   0.5343275322   0.5297174983   0.5251955334   0.5207589209   0.5164050613   0.5121314662   0.5079357518   0.5038156335   0.4997689204   0.4957935102   0.4918873848   0.4880486061   0.4842753115   0.4805657105   0.4769180806   0.4733307646   0.469802167   0.4663307512   0.4629150365   0.4595535958   0.4562450528   0.4529880799   0.4497813958   0.4466237636   0.4435139886   0.4404509167   0.4374334324   0.4344604574   0.4315309485   0.428643897   0.4257983261   0.4229932908   0.4202278755   0.4175011936   0.414812386   0.4121606198   0.4095450878   0.4069650071   0.404419618   0.4019081838   0.3994299891   0.3969843395   0.3945705608   0.3921879979   0.3898360146   0.3875139924   0.3852213303   0.3829574439   0.3807217648   0.3785137402   0.3763328323   0.3741785178   0.3720502871   
18.01005025   1.313300629e-07   1.692678806e-07   2.181649402e-07   2.811870793e-07   3.624146626e-07   4.671067644e-07   6.020416669e-07   7.759557184e-07   1.000108966e-06   1.289014182e-06   1.661376491e-06   2.141304421e-06   2.759870791e-06   3.557124501e-06   4.584683446e-06   5.909076453e-06   7.616050562e-06   9.816122528e-06   1.265173389e-05   1.630647283e-05   2.101695965e-05   2.70881653e-05   3.491315423e-05   4.499852923e-05   5.799722465e-05   7.475076922e-05   9.634375215e-05   0.0001241740135   0.0001600430956   0.0002062727977   0.0002658553578   0.0003426469478   0.0004416169464   0.0005691690265   0.000733554673   0.0009454056172   0.001218419188   0.001570240161   0.002023594897   0.002607749026   0.003360379454   0.004329975931   0.005578917787   0.007187408653   0.009258496883   0.01192446198   0.0153549068   0.01976695819   0.02543803735   0.03272170142   0.04206705227   0.05404211273   0.06936130948   0.08891666029   0.1138112688   0.1453920452   0.1852759014   0.2353597235   0.297799068   0.3749341243   0.4691354764   0.5825398963   0.7166536861   0.8718259753   1.046643836   1.23737341   1.437645461   1.638614067   1.82974754   2.00021765   2.140594338   2.244365944   2.308822723   2.335079117   2.327336205   2.29172042   2.235082628   2.164034637   2.084337778   2.000625752   1.916375338   1.834025205   1.755160841   1.680710957   1.611125322   1.546521524   1.486798708   1.4317216   1.38098017   1.33423044   1.291121338   1.251311529   1.214479286   1.180327627   1.148586358   1.119012143   1.091387389   1.065518466   1.041233622   1.018380798   0.9968254851   0.9764487118   0.9571451873   0.9388216277   0.9213952632   0.904792519   0.8889478583   0.8738027707   0.8593048927   0.8454072438   0.8320675634   0.8192477372   0.8069133   0.7950330045   0.7835784475   0.772523746   0.761845255   0.7515213217   0.7415320719   0.7318592225   0.7224859179   0.7133965858   0.7045768116   0.6960132257   0.687693406   0.6796057901   0.6717395979   0.6640847624   0.6566318688   0.6493720986   0.6422971809   0.6353993478   0.6286712948   0.6221061442   0.6156974133   0.6094389843   0.6033250747   0.5973502283   0.5915092589   0.5857972757   0.5802096251   0.5747418945   0.5693898915   0.5641496305   0.5590173183   0.5539893432   0.549062263   0.5442327954   0.5394978075   0.5348543077   0.530299437   0.5258304621   0.5214447675   0.5171398491   0.5129133086   0.508762847   0.5046862598   0.5006814318   0.4967463325   0.4928790118   0.4890775954   0.4853402818   0.4816653381   0.4780510967   0.4744959523   0.4709983587   0.4675568262   0.4641699189   0.460836252   0.4575544897   0.4543233429   0.4511415669   0.4480079599   0.4449213605   0.4418806464   0.4388847325   0.4359325695   0.4330231422   0.430155468   0.4273285959   0.4245416048   0.4217936026   0.4190837247   0.4164111335   0.4137750164   0.4111745858   0.4086090776   0.4060777501   0.4035798837   0.4011147798   0.3986817599   0.3962801649   0.3939093547   0.3915687069   0.3892576169   0.3869754964   0.3847217738   0.3824958928   0.3802973121   0.3781255052   
18.2638191   1.026199584e-07   1.322641788e-07   1.704718381e-07   2.197166896e-07   2.831870885e-07   3.649924219e-07   4.704291709e-07   6.063238296e-07   7.814748856e-07   1.007222475e-06   1.298182598e-06   1.673193422e-06   2.156534951e-06   2.77950102e-06   3.582425384e-06   4.617293084e-06   5.951106147e-06   7.670221511e-06   9.885942005e-06   1.274172232e-05   1.642245645e-05   2.116644771e-05   2.728083624e-05   3.516148225e-05   4.531859186e-05   5.840974356e-05   7.528245169e-05   9.702901981e-05   0.0001250572305   0.00016118144   0.0002077399619   0.0002677463173   0.0003450841061   0.0004447580529   0.0005732173788   0.0007387722593   0.0009521300474   0.001227085498   0.001581408892   0.00203798824   0.002626297335   0.003384281078   0.004360774128   0.005618599525   0.007238531409   0.009324351152   0.01200927923   0.01546412504   0.01990756006   0.02561897921   0.03295445521   0.0423662856   0.0544265356   0.06985471702   0.08954919822   0.1146209386   0.1464264439   0.1865941519   0.2370344807   0.2999183815   0.3776027863   0.4724752894   0.5866880819   0.721758499   0.8780385972   1.054105987   1.246200985   1.447909902   1.650324783   1.842839832   2.014550367   2.155959449   2.26050884   2.325468802   2.351960633   2.344214015   2.308397642   2.251409899   2.179908612   2.099695309   2.015436109   1.930632185   1.847739381   1.768354424   1.693412675   1.623367209   1.55833659   1.498219406   1.442778874   1.391702919   1.344645274   1.301252515   1.261181015   1.224106879   1.189731126   1.157781741   1.128013749   1.10020809   1.074169834   1.049726071   1.026723721   1.005027375   0.9845172615   0.9650873873   0.9466438451   0.9291033133   0.9123917278   0.8964431164   0.881198581   0.8666054121   0.8526163188   0.8391887626   0.8262843786   0.8138684758   0.8019096023   0.7903791702   0.7792511276   0.7685016756   0.7581090217   0.7480531629   0.7383156983   0.7288796636   0.7197293867   0.7108503605   0.70222913   0.6938531937   0.6857109156   0.6777914471   0.6700846574   0.6625810719   0.6552718165   0.6481485681   0.64120351   0.6344292916   0.6278189922   0.6213660882   0.6150644238   0.6089081812   0.6028918642   0.5970102706   0.5912584572   0.5856317561   0.5801257233   0.5747361408   0.569458998   0.5642904786   0.5592269485   0.5542649441   0.549401163   0.5446324532   0.5399558044   0.5353683403   0.5308673108   0.5264500841   0.5221141412   0.5178570687   0.5136765539   0.5095703786   0.5055364149   0.5015726197   0.4976770309   0.4938477632   0.4900830038   0.4863810092   0.4827401019   0.4791586666   0.4756351479   0.472168047   0.4687559192   0.4653973713   0.4620910594   0.4588356865   0.4556300005   0.4524727921   0.449362893   0.446299174   0.4432805436   0.440305946   0.4373743597   0.4344847963   0.431636299   0.4288279411   0.4260588251   0.4233280812   0.4206348664   0.4179783637   0.4153577803   0.4127723475   0.4102213192   0.4077039715   0.4052196013   0.4027675261   0.4003470829   0.3979576275   0.3955985339   0.3932691935   0.3909690149   0.3886974226   0.3864538569   0.3842377736   
18.51758794   8.017824138e-08   1.033396372e-07   1.331917538e-07   1.716673654e-07   2.212575733e-07   2.851730932e-07   3.675521314e-07   4.737283134e-07   6.105760079e-07   7.869554067e-07   1.014286175e-06   1.307286815e-06   1.684927608e-06   2.171658835e-06   2.798993795e-06   3.607549106e-06   4.649674384e-06   5.992841542e-06   7.724013145e-06   9.955272594e-06   1.283108064e-05   1.653762793e-05   2.131488904e-05   2.747215807e-05   3.540807143e-05   4.563641336e-05   5.881937395e-05   7.581041122e-05   9.770948912e-05   0.0001259342631   0.0001623118135   0.0002091968528   0.000269624036   0.0003475041989   0.0004478771649   0.0005772373837   0.0007439533112   0.0009588073919   0.001235691126   0.001592499419   0.002052280799   0.002644715766   0.003408015338   0.004391356669   0.005658003403   0.007289296191   0.009389744292   0.01209350257   0.01557257849   0.02004717738   0.02579865405   0.03318557915   0.04266342353   0.05480826648   0.07034466931   0.09017730647   0.1154249379   0.1474535981   0.1879031695   0.238697507   0.3020228487   0.3802527516   0.4757916997   0.5908071947   0.7268275256   0.884207653   1.061515788   1.254966602   1.458102255   1.661953192   1.855840022   2.028782147   2.171216214   2.276537735   2.341997127   2.3687225   2.360971949   2.324956141   2.267620655   2.195669013   2.114942671   2.030139936   1.944786208   1.861354387   1.781452355   1.706022081   1.635519918   1.570065401   1.509556561   1.453755114   1.402346956   1.354983544   1.311309117   1.27097777   1.233663457   1.199065209   1.166909203   1.136948835   1.108963589   1.08275724   1.058155731   1.035004967   1.013168641   0.9925261936   0.9729709287   0.954408321   0.9367545009   0.9199349176   0.9038831668   0.8885399652   0.8738522589   0.8597724493   0.8462577213   0.8332694615   0.820772754   0.8087359443   0.7971302597   0.7859294814   0.7751096582   0.7646488575   0.754526949   0.7447254144   0.7352271817   0.7260164796   0.7170787089   0.7084003299   0.6999687621   0.6917722965   0.6838000163   0.6760417273   0.6684878957   0.6611295919   0.6539584412   0.646966578   0.6401466061   0.633491562   0.626994882   0.620650369   0.6144521803   0.6083947717   0.6024729117   0.5966816402   0.591016244   0.5854722603   0.5800454436   0.5747317589   0.5695273666   0.5644286103   0.5594320058   0.5545342299   0.549732112   0.5450226233   0.5404028704   0.5358700862   0.5314216231   0.5270549469   0.5227676296   0.5185573444   0.51442186   0.5103590354   0.5063668154   0.5024432261   0.4985863707   0.4947944256   0.4910656369   0.4873983169   0.4837908406   0.4802416434   0.4767492173   0.4733121091   0.4699289172   0.4665982897   0.4633189218   0.4600895539   0.4569089694   0.453775993   0.450689489   0.4476483589   0.4446515409   0.4416980074   0.438786764   0.4359168482   0.4330873277   0.4302972996   0.427545889   0.4248322478   0.4221555541   0.4195150103   0.4169098432   0.4143393022   0.411802659   0.4092992064   0.4068282577   0.4043891459   0.401981223   0.3996038592   0.3972564423   0.3949383772   0.3926490852   0.3903880031   
18.77135678   6.263822051e-08   8.073276336e-08   1.04054346e-07   1.341129234e-07   1.728546367e-07   2.227878163e-07   2.871453832e-07   3.700941644e-07   4.770046732e-07   6.147988221e-07   7.923980812e-07   1.021301096e-06   1.316328162e-06   1.696580762e-06   2.186678279e-06   2.81835196e-06   3.632499333e-06   4.681832069e-06   6.034288727e-06   7.777433313e-06   1.002412441e-05   1.291982188e-05   1.665200408e-05   2.146230528e-05   2.76621587e-05   3.565295776e-05   4.595204009e-05   5.922617558e-05   7.633472485e-05   9.838525935e-05   0.0001268052392   0.0001634343811   0.0002106436829   0.0002714887878   0.0003499075795   0.0004509747374   0.0005812296279   0.0007490985845   0.000965438625   0.001244237325   0.001603513357   0.002066474657   0.002663007004   0.003431585697   0.004421728017   0.00569713517   0.007339710405   0.009454685845   0.01217714429   0.01568028298   0.02018583052   0.02597708807   0.03341510696   0.04295850941   0.05518736107   0.07083123784   0.09080107669   0.1162233843   0.1484736577   0.189203145   0.2403490453   0.3041127771   0.3828844071   0.479085192   0.5948978367   0.731861507   0.890334045   1.068874325   1.263671543   1.468224015   1.673501001   1.868750024   2.042915087   2.186366887   2.292455003   2.358410153   2.385367217   2.377612514   2.341398403   2.283717336   2.211318226   2.130082179   2.044739477   1.958839575   1.874872314   1.794456655   1.718541125   1.647585335   1.581709781   1.520811938   1.464652032   1.412913944   1.365246866   1.321292717   1.280703328   1.243150516   1.208331337   1.175970172   1.145818796   1.11765525   1.09128202   1.06652391   1.043225817   1.021250544   1.000476743   0.9807970238   0.962116246   0.9443499952   0.9274232376   0.911269139   0.8958280335   0.8810465253   0.8668767097   0.8532754967   0.840204026   0.8276271585   0.8155130378   0.8038327085   0.7925597853   0.7816701652   0.7711417773   0.7609543642   0.7510892913   0.7415293795   0.7322587586   0.7232627383   0.7145276942   0.706040968   0.6977907775   0.6897661385   0.6819567937   0.6743531504   0.666946224   0.6597275882   0.6526893293   0.6458240056   0.6391246111   0.6325845417   0.6261975658   0.6199577941   0.6138596638   0.6078979034   0.6020675202   0.5963637808   0.5907821878   0.5853184736   0.5799685782   0.5747286389   0.5695949773   0.5645640883   0.5596326289   0.5547974088   0.5500553819   0.5454036371   0.5408393908   0.5363599797   0.5319628541   0.527645572   0.5234057925   0.5192412711   0.515149854   0.5111294738   0.5071781449   0.5032939592   0.4994750823   0.4957197499   0.4920262642   0.4883929909   0.4848183557   0.481300842   0.4778389879   0.4744313834   0.4710766688   0.4677735314   0.4645207043   0.4613169637   0.4581611273   0.4550520527   0.451988635   0.4489698059   0.445994532   0.4430618129   0.4401706804   0.4373201967   0.4345094537   0.4317375711   0.4290036961   0.4263070016   0.4236466856   0.4210219701   0.4184321002   0.4158763432   0.4133539878   0.4108643432   0.4084067385   0.4059805218   0.4035850595   0.401219736   0.3988839526   0.3965771269   
19.02512563   4.893072211e-08   6.306552743e-08   8.128350807e-08   1.047641865e-07   1.350278182e-07   1.740338206e-07   2.243076356e-07   2.891042385e-07   3.726188817e-07   4.802587151e-07   6.189928716e-07   7.978036815e-07   1.028268232e-06   1.325307921e-06   1.708154538e-06   2.201595413e-06   2.837578261e-06   3.657279604e-06   4.713770704e-06   6.075453584e-06   7.830489596e-06   1.009250723e-05   1.300795863e-05   1.676560112e-05   2.160871735e-05   2.785086509e-05   3.589617598e-05   4.626551685e-05   5.963020617e-05   7.685546698e-05   9.905642638e-05   0.0001276702824   0.000164549302   0.0002120806575   0.0002733408373   0.0003522945888   0.00045405121   0.0005851946779   0.0007542088094   0.0009720246876   0.001252725311   0.001614452271   0.002080571831   0.002681173647   0.003454995499   0.004451892481   0.005736000378   0.007389781207   0.009519185025   0.01226021625   0.01578725381   0.02032353917   0.02615430659   0.03364307121   0.04325158513   0.05556387316   0.07131449167   0.09142059743   0.117016391   0.1494867675   0.1904942631   0.2419893299   0.3061884633   0.3854981266   0.4823562341   0.5989605894   0.7368611591   0.896418645   1.076182645   1.272317051   1.478276626   1.68496986   1.881571684   2.056951215   2.201413644   2.308262938   2.374710251   2.401897196   2.394138129   2.357726826   2.299702301   2.226858552   2.145116071   2.059236896   1.972794377   1.888295182   1.807369273   1.730971691   1.65956528   1.59327149   1.531987243   1.475471285   1.423405489   1.375436802   1.331204835   1.290359169   1.2525695   1.21753092   1.184966024   1.154624981   1.126284391   1.099745465   1.074831875   1.051387514   1.0292743   1.008370104   0.9885668451   0.9697687714   0.9518909276   0.9348577994   0.9186021259   0.9030638606   0.8881892682   0.8739301396   0.860243112   0.8470890787   0.8344326806   0.8222418592   0.8104874778   0.7991429857   0.7881841292   0.7775886998   0.767336314   0.7574082213   0.7477871363   0.7384570905   0.7294033029   0.7206120655   0.7120706419   0.7037671777   0.6956906215   0.6878306534   0.680177622   0.6727224882   0.6654567744   0.6583725189   0.651462235   0.6447188743   0.638135793   0.6317067217   0.6254257349   0.6192872392   0.6132859287   0.6074167816   0.6016750356   0.5960561685   0.5905558853   0.5851701024   0.579894934   0.5747266801   0.5696618146   0.5646969746   0.5598289515   0.5550546806   0.5503712335   0.5457758106   0.5412657326   0.5368384351   0.5324914614   0.528222457   0.5240291641   0.5199094163   0.5158611341   0.5118823203   0.5079710555   0.5041254946   0.500343863   0.496624453   0.4929656206   0.4893657824   0.485823413   0.4823370418   0.4789052509   0.4755266722   0.4721999857   0.4689239169   0.465697235   0.4625187508   0.4593873151   0.4563018168   0.4532611812   0.4502643689   0.4473103737   0.4443982217   0.4415269698   0.4386957045   0.4359035404   0.4331496196   0.4304331104   0.427753206   0.4251091239   0.4225001047   0.4199254116   0.417384329   0.4148761622   0.4124002363   0.4099558956   0.407542503   0.405159439   0.4028061014   
19.27889447   3.821943453e-08   4.926002917e-08   6.348996269e-08   8.183055157e-08   1.054692565e-07   1.359365645e-07   1.7520508e-07   2.258172411e-07   2.910499296e-07   3.751266319e-07   4.834908887e-07   6.231587354e-07   8.031729542e-07   1.035188547e-06   1.334227333e-06   1.719650533e-06   2.216412299e-06   2.856675354e-06   3.681893343e-06   4.745494699e-06   6.116341797e-06   7.88318932e-06   1.016043048e-05   1.309550307e-05   1.687843475e-05   2.175414548e-05   2.80383033e-05   3.613775968e-05   4.657688692e-05   6.003152152e-05   7.737270952e-05   9.972308292e-05   0.0001285295122   0.0001656567301   0.0002135079751   0.0002751804404   0.0003546655564   0.0004571070074   0.0005891330812   0.0007592846916   0.0009785664894   0.001261156253   0.001625317672   0.002094574265   0.002699218203   0.003478247978   0.004481854227   0.005774604395   0.007439515511   0.009583250742   0.01234272992   0.01589350573   0.02046032234   0.0263303341   0.03386950338   0.04354269115   0.05593785477   0.07179449756   0.09203595425   0.1178040676   0.1504930674   0.1917767023   0.2436185876   0.3082501942   0.3880942714   0.4856052784   0.6029960146   0.7418271736   0.9024622953   1.083441761   1.280904324   1.488261483   1.696361365   1.894306788   2.070892487   2.216358589   2.323963755   2.390899711   2.418314766   2.410551132   2.373943731   2.315577831   2.242292217   2.160046508   2.073634285   1.986652637   1.901624943   1.820192093   1.743315599   1.671461513   1.60475223   1.543084125   1.486214469   1.433823144   1.385554861   1.34104694   1.299946727   1.261921806   1.226665321   1.193898092   1.163368691   1.134852289   1.108148826   1.08308085   1.059491257   1.037241086   1.016207432   0.9962815269   0.9773670116   0.9593783927   0.9422396792   0.9258831854   0.910248487   0.895281511   0.8809337461   0.8671615581   0.8539255965   0.8411902803   0.828923354   0.8170954988   0.80568   0.794652454   0.7839905156   0.7736736758   0.7636830692   0.7540013045   0.7446123156   0.7355012316   0.7266542608   0.7180585896   0.7097022919   0.7015742493   0.6936640796   0.6859620734   0.6784591371   0.6711467424   0.6640168796   0.6570620176   0.6502750655   0.6436493403   0.6371785321   0.6308566889   0.6246781746   0.6186376566   0.6127300836   0.606950663   0.601294847   0.5957583151   0.5903369599   0.5850268727   0.5798243318   0.5747257901   0.5697278661   0.564827331   0.5600211031   0.5553062366   0.5506799157   0.5461394455   0.5416822465   0.5373058479   0.5330078815   0.5287860763   0.5246382535   0.5205623214   0.5165562713   0.5126181726   0.5087461697   0.5049384777   0.5011933789   0.4975092199   0.4938844083   0.4903174096   0.486806745   0.4833509882   0.4799487634   0.476598743   0.4732996451   0.4700502317   0.466849307   0.4636957151   0.4605883383   0.4575260961   0.4545079428   0.4515328667   0.448599888   0.4457080584   0.442856459   0.4400441994   0.4372704169   0.4345342747   0.4318349616   0.4291716906   0.4265436979   0.4239502424   0.4213906044   0.4188640852   0.4163700061   0.4139077076   0.4114765488   0.4090759068   
19.53266332   2.985027624e-08   3.847324005e-08   4.958715246e-08   6.391158333e-08   8.237396739e-08   1.061696509e-07   1.368392845e-07   1.763685722e-07   2.273168358e-07   2.929827179e-07   3.776177522e-07   4.867016284e-07   6.272969736e-07   8.085066209e-07   1.04206297e-06   1.343087596e-06   1.731070294e-06   2.231130928e-06   2.875645807e-06   3.706343858e-06   4.777008319e-06   6.156958863e-06   7.93553957e-06   1.022790331e-05   1.318246697e-05   1.699052014e-05   2.189860922e-05   2.822449853e-05   3.637774134e-05   4.688619217e-05   6.043017558e-05   7.788652201e-05   0.0001003853186   0.0001293830441   0.0001667568145   0.0002149258276   0.0002770078443   0.0003570208012   0.0004601425406   0.0005930453673   0.0007643269134   0.0009850649096   0.001269531286   0.001636111019   0.002108483844   0.002717143097   0.00350134626   0.004511617284   0.005812952412   0.007488920002   0.009646891606   0.0124246964   0.01599905304   0.02059619842   0.02650519426   0.03409443393   0.04383186662   0.05630935617   0.07227132002   0.0926472299   0.1185865199   0.1514926929   0.1930506349   0.2452370374   0.3102982472   0.3906731909   0.4888327622   0.6070046558   0.7467602196   0.9084658105   1.090652651   1.28943452   1.498179936   1.707677055   1.906957061   2.084740797   2.231203755   2.339559595   2.406980749   2.434622181   2.426853785   2.390051358   2.331346127   2.25762137   2.174875577   2.087933667   2.000416309   1.914863484   1.832926938   1.755574607   1.683275732   1.616153646   1.554104178   1.496883132   1.444168409   1.395602503   1.350820453   1.309467385   1.271208785   1.23573586   1.202767666   1.172051187   1.143360177   1.116493311   1.091272018   1.067538207   1.045152042   1.023989846   1.003942167   0.9849120451   0.9668134506   0.9495699186   0.9331133419   0.9173829201   0.9023242449   0.8878885044   0.8740317948   0.8607145228   0.8479008894   0.8355584387   0.8236576743   0.8121717174   0.8010760159   0.7903480881   0.7799673007   0.7699146739   0.7601727111   0.7507252494   0.7415573281   0.7326550729   0.7240055931   0.7155968913   0.7074177826   0.6994578229   0.6917072451   0.6841569016   0.6767982132   0.6696231232   0.6626240557   0.6557938782   0.649125868   0.6426136784   0.6362513224   0.6300331308   0.6239537397   0.6180080686   0.6121912966   0.6064988494   0.6009263816   0.5954697617   0.5901250586   0.5848885287   0.5797566045   0.5747258846   0.5697931224   0.5649552175   0.5602092079   0.5555522609   0.5509816665   0.5464948303   0.5420892672   0.5377625954   0.5335125311   0.5293368829   0.5252335471   0.5212005034   0.5172358104   0.5133376019   0.5095040825   0.5057335251   0.5020242666   0.4983747056   0.494783299   0.4912485593   0.4877690524   0.4843433944   0.4809702503   0.4776483309   0.4743763913   0.4711532286   0.4679776805   0.4648486231   0.4617649695   0.4587256683   0.4557297018   0.452776085   0.4498638639   0.4469921144   0.4441599414   0.4413664769   0.4386108796   0.4358923336   0.4332100474   0.4305632529   0.4279512049   0.4253731795   0.4228284741   0.4203164061   0.4178363122   0.415387548   
19.78643216   2.331175244e-08   3.004590781e-08   3.872538446e-08   4.991213481e-08   6.433044457e-08   8.291382668e-08   1.068654615e-07   1.377360965e-07   1.775244497e-07   2.28806616e-07   2.949028566e-07   3.800925687e-07   4.898913545e-07   6.31408128e-07   8.1380538e-07   1.048892401e-06   1.351889871e-06   1.742415314e-06   2.245753226e-06   2.894492102e-06   3.73063435e-06   4.80831569e-06   6.1973101e-06   7.9875472e-06   1.029493454e-05   1.326886171e-05   1.710187195e-05   2.204212748e-05   2.840947515e-05   3.661615237e-05   4.719347308e-05   6.082622054e-05   7.839697171e-05   0.0001010432201   0.0001302309898   0.0001678496991   0.0002163344005   0.0002788232883   0.0003593606315   0.0004631582069   0.0005969320483   0.0007693361351   0.0009915207991   0.001277851507   0.001646833726   0.002122302387   0.002734950676   0.003524293367   0.004541185546   0.005851049447   0.00753800115   0.009710115951   0.01250612642   0.01610390955   0.0207311852   0.02667890997   0.03431789229   0.0441191494   0.05667842601   0.07274502151   0.09325450442   0.1193638505   0.1524857747   0.1943162278   0.2468448915   0.3123328907   0.393235223   0.4920391085   0.6109870386   0.7516609442   0.9144299786   1.097816263   1.297908762   1.508033289   1.718918421   1.919524174   2.098497975   2.245951109   2.35505253   2.422955506   2.45082162   2.443048271   2.406051876   2.34700932   2.272848091   2.189605298   2.102136997   2.014087283   1.928012629   1.845575568   1.767750416   1.695009583   1.62747733   1.565048941   1.507478767   1.454442737   1.405581139   1.360526748   1.318922482   1.280431743   1.244743812   1.211575993   1.180673691   1.151809248   1.124780088   1.099406527   1.075529489   1.053008271   1.031718427   1.01154983   0.9924049165   0.9741971279   0.9568495271   0.9402935877   0.9244681362   0.9093184304   0.8947953599   0.8808547528   0.8674567746   0.8545654086   0.8421480017   0.8301748794   0.8186190004   0.8074556644   0.7966622547   0.786218014   0.7761038489   0.7663021583   0.7567966828   0.7475723727   0.7386152712   0.7299124113   0.7214517246   0.7132219601   0.7052126123   0.6974138564   0.6898164913   0.6824118874   0.675191941   0.6681490318   0.6612759859   0.6545660413   0.6480128174   0.6416102837   0.6353527469   0.6292348093   0.6232513608   0.617397553   0.6116687851   0.6060606866   0.6005691025   0.5951900788   0.5899198509   0.5847548308   0.5796915972   0.5747268854   0.5698575773   0.5650806939   0.5603933865   0.5557929296   0.551276714   0.5468422407   0.5424871144   0.5382090382   0.5340058083   0.5298753092   0.5258155092   0.5218244559   0.5179002725   0.5140411537   0.5102453623   0.5065112263   0.5028371349   0.4992215365   0.4956629353   0.4921598888   0.4887110059   0.4853149436   0.4819704057   0.4786761402   0.4754309376   0.4722336289   0.4690830841   0.4659782101   0.4629179496   0.4599012793   0.4569272085   0.453994778   0.4511030586   0.44825115   0.4454381794   0.4426633008   0.4399256938   0.4372245624   0.4345591343   0.4319286599   0.4293324115   0.4267696825   0.4242397863   0.4217420561   
20.04020101   1.82039204e-08   2.346255674e-08   3.024027553e-08   3.897589994e-08   5.023501764e-08   6.474659981e-08   8.345019828e-08   1.075567768e-07   1.386271147e-07   1.786728597e-07   2.302867717e-07   2.968105905e-07   3.82551397e-07   4.930604738e-07   6.354927228e-07   8.190699072e-07   1.055677712e-06   1.360635281e-06   1.753687042e-06   2.26028106e-06   2.913216643e-06   3.754767916e-06   4.839420804e-06   6.237400653e-06   8.039218841e-06   1.036153273e-05   1.33546983e-05   1.721250438e-05   2.218471855e-05   2.859325676e-05   3.685302318e-05   4.749876885e-05   6.12197069e-05   7.890412373e-05   0.0001016968713   0.0001310734574   0.0001689355232   0.0002177338736   0.0002806270038   0.0003616853455   0.0004661543909   0.00060079362   0.0007743129953   0.0009979349812   0.001286117976   0.00165748716   0.002136031657   0.002752643212   0.003547092228   0.004570562786   0.00588890036   0.007586765212   0.009772931838   0.01258703037   0.01620808864   0.02086529989   0.02685150336   0.03453990697   0.04440457612   0.05704511135   0.07321566244   0.09385785527   0.1201361586   0.1534724397   0.1955736424   0.248442355   0.3143543842   0.3957806948   0.4952247266   0.6149436717   0.7565299735   0.920355563   1.104933513   1.306328134   1.517822806   1.730086908   1.93200974   2.112165793   2.260602555   2.370444564   2.438826055   2.466915192   2.459136708   2.421947382   2.362569471   2.287974392   2.204237627   2.116246167   2.027667385   1.941074143   1.858139686   1.779844673   1.706664655   1.63872482   1.575919908   1.518002821   1.464647533   1.415492136   1.370167155   1.328313315   1.289591945   1.253690413   1.220324279   1.189237381   1.16020066   1.133010291   1.107485485   1.083466191   1.060810841   1.039394226   1.019105544   0.9998466379   0.9815304191   0.9640794823   0.9474248847   0.9315050813   0.9162649983   0.9016552287   0.8876313339   0.8741532396   0.8611847119   0.8486929046   0.836647963   0.8250226852   0.8137922239   0.8029338279   0.7924266168   0.7822513842   0.7723904249   0.7628273838   0.7535471227   0.7445356028   0.7357797812   0.7272675189   0.7189874993   0.7109291555   0.7030826058   0.6954385957   0.6879884456   0.6807240048   0.6736376092   0.6667220434   0.6599705066   0.6533765786   0.6469342041   0.6406376456   0.6344814801   0.6284605677   0.6225700321   0.6168052464   0.6111618154   0.6056355603   0.6002225049   0.5949188629   0.5897210266   0.5846255548   0.5796291646   0.5747287207   0.5699212268   0.5652038183   0.5605737546   0.5560284117   0.5515652766   0.5471819406   0.542876094   0.5386455206   0.5344880931   0.5304017686   0.5263845836   0.5224346509   0.5185501552   0.5147293497   0.5109705528   0.5072721451   0.5036325662   0.500050312   0.4965239322   0.4930520276   0.489633248   0.4862662899   0.4829498946   0.4796828456   0.4764639677   0.4732921244   0.4701662168   0.4670851815   0.4640479896   0.4610536451   0.4581011834   0.45518967   0.4523181998   0.4494858952   0.4466919055   0.4439354057   0.4412155954   0.438531698   0.4358829599   0.4332686493   0.4306880556   0.4281404886   
20.29396985   1.421409784e-08   1.832017884e-08   2.36123992e-08   3.043340356e-08   3.92248176e-08   5.05558411e-08   6.516010077e-08   8.398314885e-08   1.082436828e-07   1.395124499e-07   1.798139451e-07   2.317574868e-07   2.987061567e-07   3.849945426e-07   4.962093802e-07   6.395512657e-07   8.243008567e-07   1.062419746e-06   1.369324911e-06   1.764886878e-06   2.274716233e-06   2.931821758e-06   3.778747556e-06   4.870327526e-06   6.277235504e-06   8.090560916e-06   1.042770615e-05   1.343998743e-05   1.73224312e-05   2.232640016e-05   2.877586619e-05   3.708838321e-05   4.780211742e-05   6.161068357e-05   7.940804107e-05   0.0001023463534   0.0001319105517   0.0001700144219   0.0002191244207   0.000282419215   0.0003639952324   0.0004691314649   0.0006046305621   0.0007792581126   0.001004308253   0.00129433172   0.001668072645   0.00214967336   0.002770222902   0.003569745674   0.004599752654   0.005926509854   0.00763521825   0.009835347075   0.0126674183   0.01631160325   0.02099855917   0.02702299591   0.03476050556   0.04468818227   0.05740945778   0.0736833013   0.09445735744   0.12090354   0.1544528104   0.1968230352   0.2500296264   0.3163629792   0.3983099229   0.4983900131   0.6188750474   0.761367914   0.9262432998   1.112005289   1.314693687   1.52754971   1.741183911   1.944415325   2.125745967   2.275159934   2.385737638   2.454594403   2.482904937   2.475121141   2.437739905   2.378028575   2.30300222   2.218774452   2.130263008   2.041158387   1.954049735   1.870620943   1.791858969   1.718242488   1.649897605   1.58671852   1.528456693   1.474784155   1.425336815   1.379742962   1.337641139   1.298690616   1.262576857   1.229013694   1.197743403   1.168535532   1.141185016   1.11550997   1.091349369   1.068560787   1.047018257   1.026610309   1.00723819   0.9888142882   0.9712607323   0.9545081651   0.9384946726   0.9231648514   0.9084689994   0.8943624129   0.8808047795   0.8677596501   0.8551939833   0.8430777487   0.8313835836   0.8200864945   0.8091635963   0.7985938865   0.7883580462   0.7784382668   0.7688180981   0.7594823136   0.7504167933   0.7416084186   0.7330449805   0.7247150969   0.7166081404   0.7087141723   0.7010238849   0.6935285491   0.6862199675   0.6790904324   0.6721326872   0.6653398925   0.6587055915   0.6522236948   0.6458884333   0.6396943503   0.6336362799   0.6277093175   0.6219088101   0.6162303377   0.610669698   0.6052228928   0.5998861145   0.594655735   0.5895282942   0.5845004907   0.5795691719   0.5747313247   0.5699840687   0.5653246479   0.5607504239   0.5562588698   0.5518475634   0.5475141823   0.5432564982   0.539072372   0.5349597493   0.5309166561   0.5269411946   0.5230315395   0.5191859346   0.5154026889   0.5116801741   0.5080168213   0.504411118   0.5008616061   0.4973668787   0.4939255783   0.4905363942   0.4871980606   0.4839093546   0.4806690945   0.4774761375   0.4743293788   0.4712277492   0.4681702142   0.4651557722   0.4621834534   0.4592523184   0.4563614569   0.4535099866   0.4506970521   0.447921824   0.4451834975   0.4424812919   0.4398144492   0.4371822338   0.4345839311   
20.54773869   1.109785217e-08   1.430373133e-08   1.843570509e-08   2.376129797e-08   3.062531528e-08   3.94721676e-08   5.087464405e-08   6.557099755e-08   8.451274295e-08   1.089262628e-07   1.403922094e-07   1.809478441e-07   2.332189394e-07   3.005897848e-07   3.874223015e-07   4.993384551e-07   6.435842483e-07   8.294988622e-07   1.069119319e-06   1.377959814e-06   1.776016178e-06   2.289060495e-06   2.950309699e-06   3.802576174e-06   4.901039601e-06   6.31681948e-06   8.141579643e-06   1.049346281e-05   1.352473941e-05   1.74316657e-05   2.246718948e-05   2.895732556e-05   3.732226096e-05   4.810355552e-05   6.199919791e-05   7.99087848e-05   0.0001029917452   0.0001327423741   0.0001710865257   0.0002205062102   0.0002842001391   0.0003662905717   0.0004720897896   0.0006084433395   0.0007841720859   0.001010641386   0.001302493735   0.001678591464   0.002163229148   0.002787691877   0.003592256451   0.004628758686   0.005963882486   0.007683366132   0.009897369222   0.01274729994   0.01641446592   0.02113097917   0.02719340838   0.03497971478   0.0449700022   0.05777150943   0.07414799476   0.09505308358   0.1216660878   0.1554270056   0.1980645576   0.2516068983   0.3183589192   0.4008232139   0.5015353518   0.6227816429   0.7661753527   0.9320939059   1.119032451   1.323006439   1.537215185   1.752210783   1.956742442   2.139240156   2.289625031   2.400933631   2.470262491   2.498792832   2.491003553   2.453431412   2.393388564   2.31793346   2.233217607   2.144189292   2.054562   1.966941057   1.883020934   1.803794846   1.729744574   1.660997128   1.597446175   1.538841741   1.48485392   1.435116457   1.389255415   1.346907168   1.30772894   1.271404304   1.237645369   1.206192863   1.176814948   1.149305327   1.123481022   1.099180043   1.076259112   1.054591507   1.034065091   1.014580523   0.9960496698   0.978394196   0.961544333   0.9454377997   0.9300188652   0.9152375338   0.9010488386   0.88741223   0.8742910452   0.8616520487   0.8494650359   0.8377024834   0.8263392526   0.8153523256   0.804720578   0.7944245793   0.7844464183   0.7747695497   0.7653786598   0.7562595474   0.747399019   0.7387847956   0.7304054304   0.7222502354   0.7143092155   0.7065730102   0.6990328409   0.6916804641   0.6845081284   0.6775085364   0.6706748099   0.664000457   0.657479353   0.6511056969   0.6448740016   0.6387790723   0.6328159771   0.6269800371   0.6212668077   0.6156720636   0.6101917839   0.6048221404   0.5995594848   0.5944003382   0.5893413802   0.5843794415   0.5795114924   0.5747346365   0.5700461028   0.5654432384   0.5609235024   0.5564844596   0.5521237747   0.5478392074   0.5436286068   0.5394899073   0.5354211243   0.5314203496   0.5274857479   0.5236155534   0.5198080662   0.5160616489   0.512374724   0.5087457712   0.5051733242   0.5016559686   0.4981923393   0.4947811189   0.4914210344   0.4881108567   0.4848493973   0.4816355075   0.4784680763   0.4753460289   0.4722683252   0.4692339582   0.4662419529   0.4632913647   0.4603812785   0.4575108073   0.454679091   0.4518852956   0.4491286122   0.4464082557   0.4437234642   0.441073498   
20.80150754   8.664124705e-09   1.116696367e-08   1.439280732e-08   1.855051281e-08   2.390927063e-08   3.081603338e-08   3.971797916e-08   5.119146414e-08   6.597933867e-08   8.503904314e-08   1.096045973e-07   1.41266497e-07   1.820746905e-07   2.346713023e-07   3.024616973e-07   3.898349605e-07   5.02448068e-07   6.47592147e-07   8.346645378e-07   1.075777222e-06   1.386541011e-06   1.787076258e-06   2.303315541e-06   2.968682651e-06   3.826256586e-06   4.931560656e-06   6.356157255e-06   8.19228105e-06   1.055881049e-05   1.360896426e-05   1.75402208e-05   2.260710313e-05   2.913765631e-05   3.755468406e-05   4.840311877e-05   6.23852958e-05   8.040641405e-05   0.0001036331228   0.0001335690228   0.0001721519614   0.0002218794054   0.0002859699863   0.0003685716348   0.0004750297144   0.0006122324027   0.0007890554959   0.00101693513   0.001310604984   0.001689044859   0.002176700624   0.0028050522   0.003614627217   0.004657584309   0.00600102267   0.007731214547   0.009959005606   0.01282668474   0.0165166888   0.02126257553   0.0273627609   0.03519756053   0.0452500692   0.05813130908   0.07460979772   0.09564510406   0.1224238921   0.1563951406   0.1992983562   0.253174357   0.3203424402   0.4033208651   0.5046611146   0.6266639202   0.7709528587   0.9379080734   1.126015829   1.331267375   1.546820378   1.763168835   1.96899256   2.15264997   2.303999576   2.416034363   2.485832204   2.51458079   2.506785865   2.469023808   2.408651309   2.332769938   2.247568864   2.158026736   2.067879884   1.979749713   1.895341206   1.815653799   1.741172354   1.672024787   1.608104226   1.549159275   1.494858105   1.444832302   1.398705722   1.356112581   1.316708068   1.280173875   1.246220403   1.214586836   1.18503996   1.157372253   1.131399652   1.106959206   1.083906788   1.062114929   1.041470828   1.02187456   1.003237471   0.9854807651   0.9685342654   0.9523353257   0.9368278892   0.9219616684   0.9076914346   0.8939764025   0.8807796965   0.8680678893   0.8558106006   0.8439801495   0.8325512523   0.8215007591   0.8108074244   0.8004517067   0.7904155924   0.7806824422   0.7712368553   0.76206455   0.7531522581   0.7444876311   0.736059158   0.7278560903   0.7198683769   0.7120866049   0.7045019465   0.697106112   0.6898913069   0.6828501932   0.6759758547   0.6692617625   0.662701759   0.6562900108   0.6500210016   0.6438895044   0.6378905636   0.6320194736   0.6262717654   0.6206431903   0.6151297056   0.6097274619   0.6044327912   0.5992421952   0.5941523366   0.5891600271   0.5842622218   0.5794560081   0.5747386   0.5701073304   0.5655596445   0.5610930939   0.5567053309   0.5523941027   0.5481572471   0.5439926874   0.5398984282   0.5358725509   0.5319132107   0.528018632   0.5241871058   0.520416986   0.5167066868   0.5130546795   0.5094594899   0.5059196963   0.5024339262   0.499000855   0.4956192031   0.4922877347   0.489005255   0.4857706093   0.4825826805   0.4794403881   0.4763426864   0.4732885632   0.4702770382   0.4673071618   0.464378014   0.461488703   0.4586383642   0.4558261593   0.4530512749   0.4503129218   0.447610334   
21.05527638   6.763592088e-09   8.717416897e-09   1.123565058e-08   1.448133608e-08   1.866461522e-08   2.405633424e-08   3.100557981e-08   3.99622806e-08   5.150633787e-08   6.638517119e-08   8.556211005e-08   1.102787646e-07   1.421354136e-07   1.831946143e-07   2.361147428e-07   3.043221099e-07   3.922327976e-07   5.055385774e-07   6.515754236e-07   8.397984785e-07   1.082394224e-06   1.395069491e-06   1.798068391e-06   2.317483011e-06   2.98694273e-06   3.84979152e-06   4.961894208e-06   6.395253363e-06   8.242670978e-06   1.062375671e-05   1.369267168e-05   1.7648109e-05   2.274615724e-05   2.931687922e-05   3.77856793e-05   4.870084168e-05   6.276902175e-05   8.090098617e-05   0.0001042705602   0.0001343905931   0.0001732108517   0.0002232441646   0.0002877289607   0.0003708386844   0.0004779515781   0.000615998188   0.0007939089051   0.001023190208   0.001318666403   0.001699434035   0.002190089339   0.002822305871   0.00363686055   0.004686232843   0.006037934685   0.007778769007   0.01002026333   0.01290558183   0.01661828368   0.02139336343   0.02753107298   0.03541406792   0.04552841555   0.05848889819   0.07506876339   0.09623348713   0.1231770403   0.1573573268   0.2005245732   0.2547321832   0.3223137708   0.4058031645   0.5077676622   0.6305223273   0.7757009835   0.9436864741   1.132956233   1.339477451   1.556366402   1.774059337   1.9811671   2.16597697   2.318285243   2.431041599   2.501305364   2.530270669   2.522469938   2.484518937   2.423818624   2.347513424   2.261829943   2.171777006   2.081113647   1.992477254   1.907583258   1.827437275   1.75252723   1.682981935   1.618693986   1.55941057   1.504797945   1.454485554   1.408095054   1.365258518   1.325629112   1.28888666   1.254739858   1.222926362   1.193211587   1.165386793   1.139266838   1.114687817   1.09150476   1.069589451   1.048828432   1.029121195   1.01037857   0.9925213047   0.9754788136   0.9591880883   0.943592748   0.928642215   0.9142910004   0.9004980844   0.8872263801   0.8744422688   0.8621151966   0.8502173249   0.8387232262   0.8276096192   0.8168551381   0.8064401308   0.7963464823   0.7865574594   0.7770575748   0.7678324668   0.7588687929   0.7501541357   0.7416769198   0.7334263371   0.7253922805   0.7175652849   0.7099364739   0.7024975118   0.695240561   0.6881582433   0.6812436045   0.6744900828   0.6678914775   0.6614419328   0.655135899   0.6489681208   0.6429336154   0.6370276517   0.6312457364   0.6255835977   0.6200371711   0.6146025864   0.6092761557   0.6040543619   0.5989338493   0.5939114134   0.588983992   0.5841486573   0.5794026083   0.5747431634   0.5701677544   0.5656739197   0.5612592989   0.5569216274   0.5526587315   0.5484685232   0.5443489966   0.540298223   0.5363143476   0.5323955855   0.5285402186   0.5247465922   0.5210131118   0.5173382407   0.5137204972   0.5101584516   0.5066507245   0.5031959842   0.4997929444   0.4964403625   0.4931370378   0.4898818091   0.4866735538   0.4835111855   0.480393653   0.4773199388   0.4742890574   0.4713000542   0.4683520044   0.4654440115   0.4625752064   0.4597447462   0.4569518134   0.4541956147   
21.30904523   5.279561753e-09   6.804689023e-09   8.770385662e-09   1.130392063e-08   1.456932757e-08   1.877802514e-08   2.420250532e-08   3.11939759e-08   4.020509939e-08   5.181930066e-08   6.678854074e-08   8.60820025e-08   1.109488404e-07   1.429990567e-07   1.843077414e-07   2.375494231e-07   3.061712317e-07   3.946160823e-07   5.086103307e-07   6.555345258e-07   8.449012616e-07   1.088971067e-06   1.403546211e-06   1.808993813e-06   2.331564501e-06   3.00509199e-06   3.873183622e-06   4.992043667e-06   6.434112199e-06   8.292755092e-06   1.068830878e-05   1.377587109e-05   1.775534243e-05   2.288436743e-05   2.949501444e-05   3.801527264e-05   4.899675773e-05   6.315041888e-05   8.139255676e-05   0.000104904129   0.0001352071773   0.0001742633156   0.0002246006411   0.00028947726   0.0003730919753   0.0004808557091   0.0006197411191   0.0007987328592   0.001029407324   0.001326678898   0.001709760159   0.002203396799   0.002839454831   0.003658958949   0.00471470751   0.006074622682   0.007826034859   0.01008114928   0.0129840001   0.01671926197   0.02152335757   0.02769836356   0.03562926128   0.04580507254   0.05884431696   0.07552494338   0.09681829892   0.123925617   0.1583136724   0.2017433467   0.2562805521   0.3242731328   0.4082703913   0.5108553442   0.6343572988   0.7804202619   0.9494297591   1.139854445   1.347637593   1.565854335   1.784883522   1.993267443   2.179222668   2.332483657   2.44595705   2.51668374   2.545864267   2.538057577   2.499918588   2.438892266   2.362165634   2.276002509   2.185441713   2.094264847   2.005125185   1.919748542   1.839146676   1.763810556   1.693869884   1.629216726   1.569596859   1.514674638   1.464077377   1.417424546   1.374346087   1.334493154   1.297543712   1.263204768   1.231212452   1.201330818   1.173349917   1.147083532   1.12236681   1.099053942   1.077015971   1.056138785   1.036321296   1.017473822   0.9995166544   0.9823788037   0.9659969005   0.9503142419   0.9352799619   0.9208483125   0.9069780408   0.8936318497   0.8807759302   0.8683795559   0.8564147313   0.8448558859   0.8336796078   0.8228644113   0.8123905346   0.8022397615   0.7923952659   0.7828414743   0.7735639452   0.7645492623   0.7557849398   0.7472593383   0.7389615902   0.730881533   0.7230096496   0.715337015   0.7078552479   0.7005564681   0.6934332562   0.6864786228   0.6796859657   0.6730490583   0.6665620061   0.6602192319   0.6540154519   0.6479456566   0.6420050893   0.6361892326   0.6304937919   0.6249146808   0.6194480084   0.6140900672   0.6088373214   0.603686397   0.5986340729   0.5936772704   0.5888130462   0.5840385843   0.5793511892   0.5747482788   0.5702273787   0.5657861159   0.561422214   0.5571334875   0.5529178378   0.5487732482   0.5446977799   0.5406895684   0.5367468194   0.5328678058   0.5290508641   0.5252943916   0.5215968436   0.5179567304   0.5143726151   0.510843111   0.5073668792   0.503942627   0.5005691053   0.4972451069   0.4939694649   0.4907410504   0.4875587717   0.484421572   0.4813284285   0.4782783505   0.4752703787   0.4723035832   0.4693770629   0.4664899443   0.4636413801   0.4608305484   
21.56281407   4.120850561e-09   5.311256481e-09   6.845539529e-09   8.82303681e-09   1.137178132e-08   1.465679144e-08   1.889075503e-08   2.434779993e-08   3.138124231e-08   4.044646217e-08   5.213038683e-08   6.718949156e-08   8.659877753e-08   1.116148982e-07   1.438575212e-07   1.854141938e-07   2.389755006e-07   3.080092657e-07   3.969850762e-07   5.116636649e-07   6.594698882e-07   8.49973447e-07   1.095508474e-06   1.411972103e-06   1.819853723e-06   2.345561553e-06   3.023132422e-06   3.896435457e-06   5.022012342e-06   6.472738026e-06   8.342538887e-06   1.075247377e-05   1.38585716e-05   1.786193287e-05   2.302174888e-05   2.96720815e-05   3.824348927e-05   4.929089939e-05   6.352952905e-05   8.188117975e-05   0.0001055338988   0.000136018865   0.0001753094687   0.0002259489837   0.0002912150759   0.0003753317549   0.0004837424261   0.0006234616064   0.0008035278875   0.001035587161   0.001334643347   0.001720024365   0.002216624462   0.00285650096   0.00368092484   0.004743011434   0.006111090686   0.00787301729   0.01014167013   0.01306194814   0.01681963476   0.0216525722   0.02786465099   0.03584316423   0.04608007054   0.0591976044   0.07597838775   0.09739960364   0.1246697044   0.1592642825   0.2029548103   0.2578196338   0.3262207414   0.4107228166   0.5139244998   0.6381692559   0.7851112129   0.9551385601   1.146711223   1.355748701   1.575285223   1.795642584   2.005294925   2.19238853   2.346596393   2.460782374   2.531969049   2.561363328   2.55355053   2.515224498   2.45387394   2.376728231   2.290088178   2.199022422   2.107334996   2.017694966   1.931838467   1.850783363   1.775023648   1.704689907   1.639673679   1.579719337   1.524489347   1.473608902   1.426695299   1.383376361   1.343301241   1.306146056   1.271616132   1.239446084   1.209398612   1.181262564   1.154850656   1.129997089   1.106555222   1.084395362   1.063402744   1.043475706   1.024524055   1.00646763   0.9892350379   0.9727625521   0.9569931487   0.9418756748   0.927364125   0.9134170146   0.8999968375   0.8870695952   0.87460439   0.8625730701   0.8509499232   0.839711407   0.8288359169   0.8183035819   0.8080960852   0.7981965081   0.7885891914   0.7792596146   0.7701942878   0.7613806569   0.7528070192   0.7444624478   0.736336725   0.728420282   0.7207041456   0.7131798892   0.70583959   0.6986757895   0.6916814581   0.6848499608   0.6781750367   0.6716507597   0.665271523   0.6590320143   0.6529271977   0.646952291   0.6411027529   0.6353742659   0.6297627221   0.6242642099   0.6188750022   0.6135915446   0.6084104455   0.6033284661   0.5983425123   0.593449625   0.5886469737   0.5839318484   0.5793016536   0.5747539021   0.5702862083   0.5658962841   0.5615819325   0.557341044   0.5531715913   0.5490716257   0.5450392728   0.5410727292   0.5371702586   0.5333301891   0.5295509096   0.5258308674   0.5221685651   0.5185625583   0.5150114532   0.5115139041   0.5080686114   0.5046743197   0.5013298155   0.4980339259   0.4947855163   0.4915834892   0.4884267826   0.4853143681   0.4822452502   0.4792184644   0.4762330763   0.4732881801   0.4703828976   0.4675163774   
21.81658291   3.216215389e-09   4.145295875e-09   5.342763408e-09   6.886147983e-09   8.875375983e-09   1.143923991e-08   1.474373705e-08   1.900281696e-08   2.449223361e-08   3.156739911e-08   4.06863948e-08   5.243962971e-08   6.758806663e-08   8.71124905e-08   1.122770094e-07   1.44710899e-07   1.865140901e-07   2.403931282e-07   3.098364088e-07   3.99340033e-07   5.14698907e-07   6.633819323e-07   8.55015578e-07   1.102007144e-06   1.420348069e-06   1.830649285e-06   2.359475669e-06   3.041065959e-06   3.919549518e-06   5.051803442e-06   6.511134983e-06   8.392027697e-06   1.081625857e-05   1.39407821e-05   1.796789171e-05   2.315831629e-05   2.984809939e-05   3.847035364e-05   4.958329816e-05   6.390639286e-05   8.236690749e-05   0.0001061599369   0.0001368257433   0.000176349423   0.000227289337   0.0002929425947   0.0003775582631   0.0004866120384   0.0006271600486   0.0008082945036   0.00104173038   0.001342560604   0.001730227751   0.002229773748   0.002873446084   0.003702760575   0.004771147647   0.006147342603   0.007919721331   0.01020183238   0.01313943431   0.01691941279   0.02178102118   0.02802995307   0.03605579968   0.04635343899   0.05954879835   0.07642914509   0.09797746356   0.1254093822   0.1602092589   0.204159094   0.2593495932   0.3281568053   0.4131607034   0.5169754581   0.6419586077   0.7897743397   0.9608134902   1.153527305   1.363811647   1.584660082   1.806337683   2.017250844   2.20547598   2.360624982   2.475519183   2.547162955   2.576769546   2.568950497   2.530438348   2.4687653   2.391202831   2.304088518   2.21252065   2.12032556   2.030188011   1.943854399   1.862348656   1.786167781   1.71544324   1.650066041   1.589779167   1.5342432   1.483081226   1.435908381   1.39235038   1.352054389   1.314694685   1.279974922   1.247628209   1.217415901   1.189125648   1.162569103   1.137579533   1.114009463   1.09172847   1.070621143   1.050585243   1.031530074   1.013375022   0.9960482956   0.9794858101   0.9636302236   0.9484300977   0.9338391709   0.9198157281   0.9063220551   0.8933239655   0.8807903906   0.8686930238   0.8570060106   0.8457056801   0.8347703093   0.8241799182   0.8139160903   0.8039618146   0.7943013468   0.7849200875   0.7758044739   0.766941884   0.7583205518   0.7499294917   0.7417584311   0.7337977498   0.7260384265   0.7184719895   0.7110904738   0.7038863811   0.6968526444   0.6899825957   0.6832699348   0.6767087098   0.6702932814   0.6640183124   0.6578787363   0.6518697487   0.6459867835   0.6402255004   0.6345817702   0.6290516606   0.6236314252   0.6183174904   0.6131064482   0.6079950422   0.602980162   0.5980588333   0.5932282108   0.5884855707   0.583828304   0.5792539103   0.5747599922   0.5703442493   0.5660044736   0.5617385446   0.5575444246   0.5534201547   0.5493638512   0.5453737011   0.5414479594   0.5375849455   0.5337830402   0.5300406826   0.5263563679   0.5227286442   0.5191561105   0.5156374144   0.5121712496   0.5087563541   0.5053915086   0.5020755338   0.4988072896   0.4955856729   0.4924096161   0.4892780858   0.4861900813   0.4831446333   0.4801408024   0.4771776785   0.4742543788   
22.07035176   2.509997982e-09   3.235070735e-09   4.169598037e-09   5.374085829e-09   6.926518631e-09   8.927408656e-09   1.150630346e-08   1.483017351e-08   1.911422264e-08   2.463582149e-08   3.175246577e-08   4.092492237e-08   5.274706166e-08   6.798430762e-08   8.762319514e-08   1.129352432e-07   1.455592794e-07   1.876075453e-07   2.41802454e-07   3.11652852e-07   4.016811991e-07   5.177163747e-07   6.672710672e-07   8.600281821e-07   1.108467758e-06   1.428674984e-06   1.841381628e-06   2.373308302e-06   3.058894475e-06   3.942528223e-06   5.081420085e-06   6.549307085e-06   8.441226699e-06   1.087966984e-05   1.402251116e-05   1.807323006e-05   2.329408397e-05   3.00230865e-05   3.869588949e-05   4.987398462e-05   6.428104975e-05   8.284979078e-05   0.000106782309   0.0001376278964   0.0001773832872   0.0002286218412   0.0002946599971   0.0003797717327   0.0004894648461   0.0006308368326   0.0008130332063   0.001047837625   0.001350431498   0.001740371386   0.00224284603   0.002890291977   0.003724468439   0.004799119093   0.006183382226   0.007966151869   0.01026164231   0.01321646671   0.01701860651   0.02190871794   0.02819428712   0.03626718989   0.04662520651   0.05989793557   0.07687726255   0.09855193914   0.1261447278   0.1611487005   0.2053563237   0.2608705905   0.3300815273   0.4155843068   0.5200085388   0.6457257512   0.7944101312   0.9664551445   1.160303405   1.371827276   1.593979896   1.816969944   2.029136462   2.218486401   2.374570907   2.490169039   2.562267072   2.592084563   2.584259125   2.545561774   2.483567953   2.405590998   2.318005051   2.22593787   2.133237963   2.042605695   1.955797664   1.873843835   1.797244195   1.726131079   1.660394974   1.599777474   1.54393729   1.492495413   1.445064829   1.401269158   1.360753585   1.323190563   1.28828208   1.255759751   1.225383589   1.196940053   1.170239745   1.145114994   1.121417503   1.09901612   1.077794788   1.057650703   1.038492661   1.020239601   1.002819334   0.9861674201   0.9702262006   0.9549439535   0.9402741624   0.9261748831   0.9126081945   0.8995397229   0.88693823   0.8747752548   0.8630248021   0.8516630724   0.8406682249   0.8300201717   0.8197003966   0.809691797   0.799978544   0.7905459599   0.781380409   0.7724692018   0.7638005098   0.7553632885   0.7471472109   0.7391426056   0.7313404034   0.7237320881   0.7163096523   0.7090655582   0.7019927018   0.6950843799   0.688334261   0.6817363558   0.6752850051   0.6689748337   0.6628007571   0.6567579416   0.650841798   0.6450479639   0.6393722882   0.6338108186   0.628359789   0.6230156077   0.6177748488   0.6126342393   0.6075906527   0.6026410995   0.5977827197   0.5930127755   0.5883286446   0.5837278139   0.5792078735   0.5747665114   0.5704015083   0.5661107329   0.5618921371   0.5577437521   0.5536636845   0.5496501121   0.5457012812   0.5418155026   0.5379911487   0.5342266511   0.5305204969   0.5268712272   0.5232774339   0.5197377575   0.5162508854   0.5128155491   0.5094305231   0.5060946224   0.5028067008   0.4995656499   0.4963703966   0.4932199024   0.4901131616   0.4870491998   0.4840270731   0.4810458667   
22.3241206   1.958719732e-09   2.524542621e-09   3.253816939e-09   4.19375953e-09   5.405226944e-09   6.966655601e-09   8.979140146e-09   1.157297883e-08   1.491610964e-08   1.922498347e-08   2.477857823e-08   3.193646119e-08   4.116206926e-08   5.305271408e-08   6.837825503e-08   8.813094365e-08   1.13589667e-07   1.46402749e-07   1.886946713e-07   2.432036223e-07   3.13458781e-07   4.040088137e-07   5.207163762e-07   6.711376906e-07   8.650117715e-07   1.114890976e-06   1.436953701e-06   1.852051848e-06   2.387060868e-06   3.076619795e-06   3.965373918e-06   5.110865296e-06   6.587258234e-06   8.49014092e-06   1.094271406e-05   1.410376715e-05   1.817795868e-05   2.342906577e-05   3.019706073e-05   3.892011985e-05   5.01629885e-05   6.465353799e-05   8.332987898e-05   0.0001074010785   0.0001384254063   0.0001784111671   0.0002299466323   0.0002963674586   0.00038197239   0.0004923011408   0.000634492334   0.0008177444796   0.001053909518   0.001358256831   0.001750456306   0.002255842646   0.00290704036   0.003746050649   0.004826928629   0.006219213238   0.00801231365   0.01032110603   0.01329305321   0.01711722605   0.02203567553   0.02835766991   0.03647735644   0.04689540087   0.06024505173   0.07732278594   0.0991230891   0.1268758164   0.1620827033   0.2065466218   0.2623827811   0.331995104   0.4179938747   0.523024052   0.6494710718   0.7990190619   0.9720641007   1.167040219   1.379796413   1.603245623   1.827540461   2.040953001   2.231421133   2.388435608   2.504733458   2.577282971   2.607309976   2.599478014   2.56059636   2.498283455   2.419894254   2.331839252   2.239275512   2.146073584   2.054949351   1.967669551   1.885270145   1.80825409   1.736754589   1.670661605   1.609715352   1.553572681   1.501852498   1.45416565   1.410133673   1.369399787   1.331634626   1.296538524   1.263841605   1.233302553   1.204706642   1.177863424   1.1526043   1.128780155   1.106259109   1.084924467   1.064672858   1.045412575   1.027062114   1.009548889   0.9928081066   0.9767817934   0.9614179451   0.9466697922   0.9324951622   0.9188559283   0.9057175307   0.8930485623   0.8808204083   0.8690069339   0.8575842114   0.846530283   0.8358249533   0.8254496071   0.8153870506   0.8056213707   0.7961378117   0.7869226657   0.7779631761   0.7692474516   0.7607643898   0.7525036091   0.7444553875   0.7366106082   0.7289607102   0.7214976444   0.7142138338   0.7071021371   0.7001558164   0.6933685064   0.6867341904   0.6802471729   0.6739020601   0.6676937328   0.6616173369   0.6556682587   0.649842113   0.6441347278   0.6385421305   0.6330605355   0.6276863328   0.6224160791   0.6172464848   0.6121744072   0.6071968417   0.6023109139   0.5975138719   0.5928030803   0.5881760132   0.5836302484   0.5791634624   0.5747734245   0.5704579928   0.5662151087   0.5620427938   0.5579391448   0.5539023307   0.5499305887   0.5460222211   0.5421755925   0.5383891262   0.5346613022   0.5309906539   0.5273757662   0.523815273   0.520307855   0.5168522375   0.5134471887   0.5100915178   0.506784073   0.5035237401   0.500309441   0.4971401317   0.4940148017   0.4909324717   0.4878921932   
22.57788945   1.528419512e-09   1.969939924e-09   2.539004032e-09   3.272455874e-09   4.217782766e-09   5.436189864e-09   7.006562898e-09   9.030575618e-09   1.163927266e-08   1.500155403e-08   1.933511051e-08   2.492051808e-08   3.211940376e-08   4.139785915e-08   5.33566175e-08   6.876994819e-08   8.863578672e-08   1.14240346e-07   1.472413922e-07   1.897755765e-07   2.445967727e-07   3.152543761e-07   4.063231092e-07   5.236992111e-07   6.749821883e-07   8.699668438e-07   1.121277438e-06   1.445185045e-06   1.862661011e-06   2.400734739e-06   3.094243686e-06   3.988088886e-06   5.140142016e-06   6.624992219e-06   8.538775244e-06   1.100539753e-05   1.418455817e-05   1.828208801e-05   2.356327518e-05   3.037003945e-05   3.914306713e-05   5.045033864e-05   6.502389478e-05   8.380722002e-05   0.0001080163074   0.0001392183528   0.0001794331652   0.0002312638427   0.0002980651496   0.0003841604547   0.0004951212056   0.0006381269179   0.0008224287941   0.001059946667   0.001366037387   0.001760483519   0.002268764892   0.002923692905   0.003767509361   0.004854579032   0.006254839217   0.008058211281   0.01038022949   0.01336920146   0.01721528126   0.02216190662   0.02852011776   0.03668632033   0.04716404904   0.06059018149   0.07776575975   0.09969097048   0.127602721   0.1630113606   0.2077301073   0.2638863161   0.3338977269   0.4203896481   0.5260222993   0.6531949441   0.8036015929   0.9776409204   1.173738421   1.387719854   1.612458193   1.838050294   2.052701651   2.24428148   2.402220487   2.519213917   2.592212174   2.622447333   2.614608718   2.575543649   2.51291332   2.434114076   2.345592557   2.252534963   2.158833765   2.067220273   1.979471308   1.896628792   1.819198635   1.747314899   1.680867027   1.619593863   1.563150404   1.511153483   1.463211821   1.418944882   1.377993927   1.340027783   1.304745141   1.271874642   1.241173646   1.21242625   1.185440961   1.160048258   1.136098209   1.113458215   1.092010943   1.071652459   1.052290557   1.033843289   1.016237676   0.999408574   0.9832976957   0.9678527562   0.9530267337   0.9387772292   0.925065911   0.9118580342   0.8991220237   0.886829112   0.874953025   0.8634697079   0.8523570863   0.8415948577   0.8311643087   0.8210481547   0.8112303989   0.8016962079   0.7924318019   0.7834243575   0.7746619212   0.7661333329   0.7578281566   0.7497366199   0.7418495587   0.7341583676   0.726654956   0.7193317075   0.7121814442   0.7051973935   0.6983731582   0.69170269   0.6851802609   0.6788004538   0.6725581243   0.6664483903   0.6604666159   0.6546083934   0.6488695297   0.6432460319   0.6377340955   0.632330092   0.6270305607   0.6218321955   0.6167318379   0.611726468   0.6068131971   0.6019892595   0.5972520064   0.5925988992   0.5880275039   0.5835354851   0.5791206011   0.5747806992   0.5705137106   0.566317647   0.5621905957   0.5581307164   0.5541362378   0.5502054537   0.5463367204   0.5425284536   0.5387791255   0.5350872626   0.5314514426   0.5278702927   0.5243424869   0.5208667445   0.5174418275   0.5140665391   0.510739722   0.5074602564   0.5042270589   0.5010390805   0.4978953054   0.4947947499   
22.83165829   1.192572645e-09   1.537075683e-09   1.981096637e-09   2.553383628e-09   3.290989359e-09   4.241670089e-09   5.46697761e-09   7.046244419e-09   9.081720092e-09   1.170519143e-08   1.508651501e-08   1.94446145e-08   2.506165491e-08   3.230131132e-08   4.163231504e-08   5.365880157e-08   6.915942533e-08   8.913777362e-08   1.148873438e-07   1.480752907e-07   1.908503665e-07   2.459820413e-07   3.170398126e-07   4.086243116e-07   5.266651704e-07   6.788049356e-07   8.748938826e-07   1.127627769e-06   1.45336982e-06   1.873210152e-06   2.414331249e-06   3.11176787e-06   4.010675343e-06   5.169253101e-06   6.662512722e-06   8.587134417e-06   1.106772637e-05   1.426489212e-05   1.838562823e-05   2.369672529e-05   3.054203953e-05   3.936475307e-05   5.073606308e-05   6.539215625e-05   8.428186049e-05   0.0001086280555   0.0001400068131   0.0001804493814   0.000232573601   0.0002997532359   0.0003863361403   0.0004979253157   0.000641740939   0.0008270866068   0.00106594966   0.001373773924   0.001770454001   0.002281614029   0.002940251238   0.003788846669   0.004882073002   0.006290263638   0.008103849242   0.01043901845   0.0134449189   0.01731278171   0.02228742354   0.02868164653   0.03689410196   0.04743117725   0.06093335855   0.0782062272   0.1002556387   0.1283255125   0.1639347631   0.2089068956   0.2653813424   0.3357895815   0.4227718607   0.5290035736   0.656897732   0.8081581722   0.9831861489   1.180398666   1.395598377   1.621618508   1.848500477   2.064383565   2.257068708   2.415926904   2.533611845   2.607056162   2.637498141   2.629652747   2.590405136   2.52745902   2.448251898   2.359266358   2.265717573   2.171519811   2.079419721   1.99120415   1.907920949   1.830078962   1.757813105   1.691012305   1.629414039   1.572671461   1.520399344   1.472204292   1.427703708   1.386536908   1.34837092   1.312902797   1.279859709   1.248997698   1.22009969   1.192973154   1.16744765   1.143372435   1.120614193   1.099054959   1.078590236   1.059127323   1.040583832   1.022886391   1.005969508   0.9897745825   0.9742490515   0.9593456422   0.9450217299   0.9312387792   0.917961861   0.9051592332   0.8928019764   0.8808636779   0.8693201562   0.8581492212   0.8473304639   0.836845073   0.8266756736   0.8168061856   0.8072216983   0.7979083605   0.7888532823   0.7800444484   0.7714706409   0.7631213702   0.7549868136   0.7470577596   0.7393255591   0.7317820798   0.7244196665   0.7172311046   0.7102095869   0.7033486839   0.6966423164   0.690084729   0.6836704734   0.6773943809   0.6712515462   0.665237309   0.6593472396   0.6535771235   0.647922948   0.6423808893   0.636947301   0.6316187049   0.6263917785   0.6212633473   0.6162303768   0.6112899634   0.606439328   0.6016758085   0.5969968538   0.5924000178   0.5878829535   0.5834434081   0.5790792183   0.5747883052   0.5705686704   0.5664183921   0.5623356208   0.5583185764   0.5543655445   0.5504748733   0.5466449705   0.5428743012   0.5391613843   0.5355047907   0.5319031409   0.5283551024   0.5248593883   0.5214147544   0.5180199982   0.5146739567   0.5113755047   0.5081235534   0.5049170487   0.5017549701   
23.08542714   9.304643404e-10   1.199251147e-09   1.545683429e-09   1.992190936e-09   2.567682779e-09   3.309419161e-09   4.265423778e-09   5.49759312e-09   7.085703948e-09   9.132578446e-09   1.177074144e-08   1.517100069e-08   1.955350589e-08   2.520200217e-08   3.248220123e-08   4.186545932e-08   5.395929513e-08   6.954672361e-08   8.963695224e-08   1.155307221e-07   1.489045241e-07   1.919191437e-07   2.473595603e-07   3.188152608e-07   4.109126402e-07   5.296145373e-07   6.826062972e-07   8.797933579e-07   1.133942575e-06   1.461508806e-06   1.883700278e-06   2.427851696e-06   3.129194017e-06   4.033135444e-06   5.19820133e-06   6.699823323e-06   8.635223052e-06   1.112970652e-05   1.434477665e-05   1.848858922e-05   2.382942884e-05   3.071307739e-05   3.958519883e-05   5.102018908e-05   6.575835756e-05   8.475384565e-05   0.0001092363813   0.0001407908625   0.0001814599125   0.000233876032   0.0003014318785   0.0003884996544   0.0005007137387   0.0006453347421   0.0008317183622   0.001071919071   0.00138146718   0.001780368706   0.002294391285   0.002956716937   0.003810064609   0.00490941316   0.006325489883   0.008149231887   0.01049747852   0.01352021274   0.0174097367   0.02241223826   0.02884227163   0.03710072114   0.04769681098   0.06127461563   0.07864423034   0.1008171477   0.1290442599   0.1648529988   0.2100770991   0.2668680026   0.3376708487   0.4251407403   0.5319681595   0.6605797892   0.8126892354   0.9887003166   1.187021593   1.403432736   1.630727447   1.858892011   2.075999867   2.269784049   2.429556179   2.547928636   2.621816374   2.652463862   2.644611568   2.605182277   2.541921983   2.462309116   2.372862009   2.278824652   2.184132986   2.091548915   2.002869257   1.919147756   1.840896173   1.768250275   1.701098472   1.639176882   1.582136827   1.529591028   1.481143987   1.436411054   1.395029609   1.356664893   1.321012331   1.287797628   1.256775515   1.227727752   1.200460777   1.174803236   1.150603579   1.127727777   1.106057235   1.085486898   1.065923572   1.04728443   1.029495711   1.012491574   0.9962131103   0.9806074781   0.9656271553   0.9512292927   0.9373751525   0.9240296223   0.9111607936   0.8987395962   0.8867394791   0.8751361353   0.8639072591   0.8530323357   0.8424924565   0.8322701567   0.8223492733   0.8127148188   0.8033528708   0.7942504733   0.7853955494   0.776776824   0.7683837539   0.7602064662   0.7522357029   0.7444627707   0.7368794962   0.7294781855   0.7222515875   0.7151928606   0.7082955404   0.7015535229   0.6949610239   0.6885125591   0.6822029409   0.6760272381   0.6699807669   0.6640590755   0.6582579286   0.6525732935   0.6470013274   0.6415383663   0.6361809133   0.6309256309   0.6257693286   0.6207089567   0.6157415975   0.6108644581   0.6060748634   0.6013702498   0.5967481589   0.5922062326   0.5877422069   0.5833539078   0.5790392464   0.5747962146   0.570622881   0.5665173873   0.5624779447   0.5585028303   0.5545903844   0.5507390071   0.5469471558   0.5432133424   0.5395361308   0.5359141348   0.5323460156   0.5288304798   0.5253662774   0.5219522001   0.5185870792   0.5152697841   0.5119992208   0.5087743301   
23.33919598   7.259184732e-10   9.356173294e-10   1.205892699e-09   1.554243553e-09   2.003223855e-09   2.58190282e-09   3.327747e-09   4.28904605e-09   5.528039248e-09   7.124945166e-09   9.183155426e-09   1.183592878e-08   1.525501896e-08   1.966179483e-08   2.534157295e-08   3.266209037e-08   4.209731372e-08   5.425812619e-08   6.993187916e-08   9.013336914e-08   1.161705408e-07   1.497291698e-07   1.929820079e-07   2.487294582e-07   3.205808862e-07   4.131883086e-07   5.325475867e-07   6.863866277e-07   8.846657267e-07   1.140222443e-06   1.469602764e-06   1.894132367e-06   2.441297341e-06   3.146523754e-06   4.055471284e-06   5.226989402e-06   6.736927503e-06   8.683045637e-06   1.119134376e-05   1.442421922e-05   1.859098056e-05   2.39613982e-05   3.088316897e-05   3.980442496e-05   5.130274315e-05   6.612253284e-05   8.522321955e-05   0.0001098413416   0.0001415705742   0.0001824648528   0.0002351712573   0.0003031012339   0.0003906511988   0.0005034867348   0.0006489086624   0.0008363244923   0.001077855455   0.001389117873   0.001790228557   0.002307097849   0.002973091539   0.00383116516   0.004936602058   0.006360521236   0.008194363449   0.01055561516   0.01359509001   0.01750615528   0.02253636242   0.02900200804   0.03730619716   0.04796097502   0.06161398459   0.07907981002   0.1013755497   0.1297590304   0.1657661536   0.211240827   0.2683464355   0.3395417038   0.4274965078   0.5349163339   0.6642414599   0.8171952058   0.9941839389   1.193607819   1.411223664   1.639785863   1.869225872   2.087551649   2.282428698   2.443109599   2.562165642   2.636494209   2.667345918   2.659486607   2.619876484   2.556303598   2.476287084   2.386380827   2.291857473   2.196674521   2.103609045   2.014467776   1.93031032   1.85165134   1.778627445   1.711126532   1.648883366   1.591547449   1.538729458   1.490031802   1.445067794   1.403472885   1.364910539   1.329074561   1.295689199   1.264507879   1.235311205   1.207904585   1.182115758   1.157792369   1.134799683   1.113018475   1.092343138   1.072679984   1.053945753   1.036066294   1.018975421   1.002613918   0.9869286655   0.9718718935   0.9574005295   0.9434756342   0.930061913   0.9171272916   0.90464255   0.8925809998   0.8809182086   0.8696317562   0.8587010222   0.8481070013   0.8378321393   0.8278601905   0.8181760913   0.8087658482   0.7996164396   0.7907157274   0.7820523792   0.7736157987   0.7653960634   0.7573838682   0.7495704765   0.7419476738   0.7345077276   0.7272433507   0.7201476672   0.7132141804   0.7064367552   0.6998095789   0.6933271456   0.6869842329   0.6807758895   0.6746974077   0.668744315   0.6629123544   0.6571974733   0.6515958102   0.6461036825   0.6407175778   0.6354341406   0.6302501655   0.6251625876   0.6201684753   0.6152650218   0.6104495392   0.6057194512   0.6010722878   0.5965056792   0.5920173505   0.5876051172   0.5832668803   0.5790006219   0.5748044014   0.5706763516   0.5666146748   0.5626176401   0.5586835796   0.5548108859   0.5509980088   0.5472434532   0.5435457761   0.5399035846   0.5363155335   0.5327803232   0.5292966979   0.5258634432   0.5224793851   0.5191433875   0.5158543511   
23.59296482   5.663041865e-10   7.29894651e-10   9.40742121e-10   1.212497909e-09   1.562756835e-09   2.014196401e-09   2.596045049e-09   3.345974548e-09   4.31253906e-09   5.558318774e-09   7.163971655e-09   9.233455646e-09   1.190075942e-08   1.533857747e-08   1.976949121e-08   2.548038e-08   3.284099514e-08   4.23278994e-08   5.455532205e-08   7.031492711e-08   9.062706963e-08   1.168068585e-07   1.505493029e-07   1.940390561e-07   2.500918599e-07   3.223368501e-07   4.154515245e-07   5.354645863e-07   6.901462721e-07   8.895114338e-07   1.146467948e-06   1.477652431e-06   1.904507371e-06   2.454669411e-06   3.163758662e-06   4.077684901e-06   5.255619944e-06   6.773828647e-06   8.730606534e-06   1.125264372e-05   1.450322707e-05   1.869281162e-05   2.409264542e-05   3.105232981e-05   4.002245148e-05   5.158375107e-05   6.648471535e-05   8.569002502e-05   0.0001104429915   0.0001423460192   0.0001834642941   0.0002364593951   0.0003047614545   0.0003927909699   0.0005062445568   0.000652463026   0.0008409054174   0.001083759356   0.0013967267   0.001800034454   0.002319734883   0.002989376538   0.003852150247   0.004963642176   0.006395360895   0.008239248048   0.01061343367   0.01366955754   0.01760204624   0.02265980736   0.02916087035   0.03751054876   0.04822369347   0.06195149639   0.07951300599   0.1019308959   0.130469889   0.1666743106   0.2123981856   0.2698167761   0.3414023179   0.4298393784   0.5378483663   0.6678830784   0.8216764954   0.9996375175   1.200157949   1.418971875   1.648794587   1.879503008   2.099039971   2.295003821   2.456588413   2.57632418   2.651091027   2.682145694   2.674279252   2.634489134   2.570605216   2.49018712   2.399824091   2.304817277   2.209145614   2.115601266   2.026000822   1.941409719   1.862345504   1.788945622   1.721097461   1.65853444   1.600904247   1.547815528   1.498868611   1.453674778   1.411867567   1.373108669   1.337090282   1.303535199   1.272195554   1.242850796   1.21530531   1.189385933   1.164939512   1.141830604   1.119939362   1.099159626   1.079397221   1.060568451   1.042598781   1.025421682   1.008977628   0.9932132268   0.978080461   0.9635360359   0.9495408116   0.9360593122   0.923059299   0.9105114019   0.8983887964   0.8866669254   0.8753232544   0.8643370585   0.8536892356   0.8433621428   0.8333394524   0.8236060245   0.8141477953   0.8049516777   0.7960054726   0.7872977909   0.7788179834   0.7705560778   0.762502723   0.7546491385   0.7469870693   0.7395087445   0.7322068406   0.725074448   0.7181050377   0.7112924455   0.7046308261   0.6981146512   0.6917386732   0.6854979113   0.6793876398   0.6734033618   0.6675408002   0.6617958826   0.6561647287   0.6506436381   0.6452290812   0.6399176864   0.6347062326   0.6295916403   0.6245709635   0.6196413822   0.6148001951   0.610044814   0.6053727566   0.6007816418   0.596269184   0.5918331881   0.5874715449   0.5831822272   0.5789632848   0.5748128417   0.5707290917   0.5667102955   0.5627547774   0.5588609222   0.5550271725   0.551252026   0.5475340329   0.5438717936   0.540263956   0.5367092162   0.5332063105   0.5297540195   0.5263511635   0.5229966012   
23.84673367   4.417596758e-10   5.693724893e-10   7.338493062e-10   9.458391727e-10   1.219067366e-09   1.571224036e-09   2.025109555e-09   2.610110726e-09   3.364103432e-09   4.335904905e-09   5.5884344e-09   7.202786897e-09   9.283483597e-09   1.196523914e-08   1.542168369e-08   1.987660464e-08   2.56184357e-08   3.301893152e-08   4.255723694e-08   5.485090921e-08   7.069590167e-08   9.111809777e-08   1.174397318e-07   1.513649968e-07   1.950903825e-07   2.51446887e-07   3.240833091e-07   4.177024898e-07   5.383657965e-07   6.938855659e-07   8.943309115e-07   1.152679646e-06   1.485658526e-06   1.914826216e-06   2.467969099e-06   3.18090028e-06   4.099778278e-06   5.284095512e-06   6.810530049e-06   8.77790999e-06   1.131361187e-05   1.458180727e-05   1.879409148e-05   2.422318222e-05   3.1220575e-05   4.023929785e-05   5.186323793e-05   6.68449374e-05   8.615430372e-05   0.0001110413847   0.0001431172668   0.0001844583254   0.0002377405603   0.0003064126886   0.0003949191586   0.0005089874511   0.0006559981502   0.0008454615464   0.001089631299   0.001404294342   0.001809787273   0.002332303513   0.003005573388   0.003873021744   0.004990535928   0.00643001197   0.00828388969   0.01067093921   0.01374362199   0.01769741814   0.02278258409   0.02931887272   0.03771379419   0.04848498979   0.06228718116   0.07994385695   0.1024832357   0.1311768994   0.1675775511   0.2135492781   0.2712791556   0.3432528571   0.4321695616   0.5407645185   0.6715049704   0.8261335048   1.00506154   1.206672569   1.426678064   1.657754426   1.889724341   2.110465867   2.30751055   2.469993839   2.59040553   2.665608152   2.696864536   2.688990853   2.649021564   2.584828151   2.504010507   2.413193046   2.317705266   2.221547428   2.127526701   2.037469481   1.952447001   1.872979677   1.799205787   1.73101221   1.668131025   1.610208116   1.55685011   1.507655262   1.462232836   1.420214463   1.381260075   1.345060265   1.311336386   1.279839281   1.250347251   1.222663667   1.196614465   1.172045697   1.148821218   1.126820561   1.105937018   1.086075926   1.067153159   1.049093797   1.03183097   1.015304846   0.9994617588   0.9842534461   0.9696363919   0.9555712569   0.9420223843   0.9289573721   0.9163467014   0.9041634107   0.8923828205   0.8809822819   0.8699409658   0.8592396744   0.8488606758   0.8387875609   0.8290051143   0.819499202   0.8102566715   0.8012652633   0.7925135318   0.7839907749   0.7756869712   0.7675927233   0.7596992077   0.7519981284   0.7444816766   0.7371424928   0.7299736336   0.722968541   0.716121012   0.7094251826   0.7028754915   0.6964666682   0.6901937091   0.6840518619   0.6780366103   0.6721436561   0.6663689073   0.6607084648   0.6551586103   0.6497157973   0.6443766381   0.6391378961   0.6339964771   0.6289494209   0.6239938941   0.6191271826   0.6143466856   0.6096499093   0.6050344611   0.6004980446   0.5960384542   0.5916535709   0.5873413576   0.5830998551   0.5789271784   0.5748215129   0.570781111   0.5668042892   0.5628894246   0.5590349524   0.5552393633   0.5515012008   0.5478190586   0.5441915789   0.5406174498   0.5370954036   0.5336242146   0.5302026975   
24.10050251   3.445857319e-10   4.441275352e-10   5.724243614e-10   7.377827843e-10   9.509089297e-10   1.225601643e-09   1.579645895e-09   2.035964269e-09   2.624101083e-09   3.382135237e-09   4.359145626e-09   5.618388757e-09   7.241394285e-09   9.333243648e-09   1.202937357e-08   1.550434488e-08   1.998314449e-08   2.575575212e-08   3.319591506e-08   4.278534639e-08   5.514491351e-08   7.107483612e-08   9.160649646e-08   1.180692161e-07   1.521763226e-07   1.961360792e-07   2.52794658e-07   3.258204159e-07   4.199414012e-07   5.412514708e-07   6.976048358e-07   8.99124581e-07   1.158858081e-06   1.493621748e-06   1.925089804e-06   2.481197567e-06   3.197950104e-06   4.121753346e-06   5.312418594e-06   6.847034915e-06   8.824960136e-06   1.137425354e-05   1.465996667e-05   1.889482899e-05   2.435301999e-05   3.138791923e-05   4.045498301e-05   5.214122814e-05   6.720323046e-05   8.661609621e-05   0.0001116365735   0.0001438843844   0.0001854470338   0.0002390148649   0.0003080550803   0.0003970359509   0.0005117156572   0.0006595143438   0.0008499932775   0.001095471798   0.00141182146   0.001819487866   0.002344804839   0.003021683504   0.003893781473   0.005017285664   0.006464477487   0.008328292273   0.0107281368   0.01381728981   0.01779227932   0.02290470333   0.02947602897   0.03791595119   0.0487448868   0.06262106824   0.08037240051   0.1030326175   0.1318801232   0.1684759539   0.2146942053   0.272733702   0.3450934831   0.4344872609   0.5436650456   0.6751074527   0.8305666244   1.010456482   1.213152249   1.434342904   1.666666168   1.899890771   2.121830342   2.319949986   2.483327059   2.604410938   2.680046871   2.711503751   2.703622722   2.663475076   2.598973682   2.517758491   2.426488904   2.330522615   2.233881096   2.139386443   2.048874807   1.963423184   1.883554844   1.809408894   1.740871702   1.677674018   1.619459929   1.565834052   1.516392582   1.470742773   1.42851436   1.389365524   1.352985263   1.319093496   1.287439781   1.25780128   1.22998035   1.203802034   1.179111592   1.155772182   1.133662719   1.112675949   1.092716726   1.073700493   1.055551949   1.038203884   1.021596161   1.005674843   0.9903914221   0.9757021628   0.9615675272   0.9479516791   0.9348220533   0.9221489823   0.9099053712   0.8980664153   0.8866093534   0.8755132524   0.864758819   0.8543282337   0.8442050057   0.8343738443   0.8248205458   0.8155318929   0.8064955657   0.7977000625   0.7891346286   0.7807891936   0.7726543142   0.7647211237   0.7569812859   0.7494269538   0.7420507324   0.7348456408   0.7278050974   0.7209228668   0.7141930527   0.7076100674   0.7011686181   0.6948636737   0.688690463   0.6826444456   0.6767213032   0.6709169243   0.6652273906   0.6596489685   0.6541780913   0.6488113571   0.6435455136   0.6383774519   0.6333041978   0.6283229043   0.6234308447   0.618625406   0.6139040824   0.6092644701   0.604704262   0.600221242   0.5958132813   0.5914783331   0.5872144291   0.5830196755   0.5788922492   0.5748303944   0.5708324196   0.5668966946   0.5630216472   0.5592057611   0.5554475728   0.5517456698   0.5480986878   0.5445053089   0.5409642594   0.537474308   
24.35427136   2.687719631e-10   3.464131519e-10   4.46482849e-10   5.754600637e-10   7.416954216e-10   9.559518255e-10   1.232101299e-09   1.588023132e-09   2.04676147e-09   2.638017314e-09   3.400071503e-09   4.38226321e-09   5.648184406e-09   7.279797118e-09   9.382740055e-09   1.209316819e-08   1.55865681e-08   2.008911985e-08   2.589234099e-08   3.337196088e-08   4.301224724e-08   5.543736007e-08   7.145176285e-08   9.209230746e-08   1.186953652e-07   1.529833498e-07   1.971762353e-07   2.541352881e-07   3.275483189e-07   4.221684501e-07   5.441218558e-07   7.013043999e-07   9.038928522e-07   1.165003781e-06   1.501542779e-06   1.935299013e-06   2.494355947e-06   3.214909592e-06   4.143611983e-06   5.340591611e-06   6.883346367e-06   8.871760995e-06   1.14345739e-05   1.473771195e-05   1.899503275e-05   2.448216984e-05   3.155437683e-05   4.06695254e-05   5.241774547e-05   6.755962517e-05   8.707544197e-05   0.0001122286089   0.0001446474376   0.0001864305036   0.0002402824178   0.0003096887701   0.0003991415278   0.0005144294083   0.0006630119076   0.0008545009979   0.001101281352   0.001419308696   0.001829137061   0.002357239928   0.003037708264   0.003914431211   0.00504389367   0.006498760394   0.008372459597   0.01078503134   0.01389056732   0.01788663788   0.02302617553   0.02963235253   0.03811703707   0.04900340673   0.06295318617   0.08079867334   0.1035790881   0.1325796207   0.1693695959   0.2158330649   0.2741805396   0.3469243535   0.4367926748   0.5465501959   0.6786908337   0.8349762336   1.015822805   1.219597545   1.441967056   1.675530577   1.91000317   2.133134374   2.332323203   2.496589225   2.618341618   2.694408438   2.726064617   2.718176137   2.677850937   2.613043053   2.531432288   2.439712843   2.343270463   2.24614772   2.151181557   2.060217827   1.974339261   1.894071965   1.819555869   1.750676838   1.687164292   1.628660533   1.574768179   1.525081374   1.479205372   1.436768023   1.397425765   1.360866009   1.326807246   1.294997758   1.265213571   1.237256035   1.210949304   1.186137851   1.162684139   1.140466468   1.119377042   1.099320232   1.080211055   1.06197383   1.044541007   1.027852149   1.011853046   0.9964949474   0.9817338992   0.9675301658   0.9538477323   0.9406538713   0.9279187677   0.9156151925   0.903718218   0.8922049705   0.8810544137   0.8702471592   0.8597652999   0.8495922639   0.8397126859   0.8301122926   0.8207778022   0.8116968348   0.8028578327   0.7942499889   0.7858631842   0.7776879298   0.7697153159   0.7619369661   0.7543449958   0.7469319708   0.739690887   0.7326151239   0.7256984103   0.718934832   0.7123187722   0.7058449086   0.6995081911   0.6933038232   0.6872272436   0.6812741134   0.6754403018   0.6697218725   0.6641150719   0.6586163203   0.6532221965   0.6479294346   0.6427349106   0.6376356364   0.6326287517   0.6277115171   0.6228813071   0.6181356045   0.6134719943   0.6088881584   0.6043818706   0.5999509921   0.5955934666   0.5913073167   0.5870906398   0.5829416043   0.5788584464   0.5748394667   0.5708830275   0.5669875493   0.5631515089   0.559373436   0.5556519115   0.5519855649   0.5483730723   0.5448131541   
24.6080402   2.096267018e-10   2.701823719e-10   3.48230991e-10   4.488258143e-10   5.784798503e-10   7.455875456e-10   9.609682823e-10   1.238566879e-09   1.596356449e-09   2.057502064e-09   2.651860585e-09   3.417913732e-09   4.405259593e-09   5.677823842e-09   7.317998611e-09   9.431976961e-09   1.215662835e-08   1.566836024e-08   2.019453959e-08   2.602821374e-08   3.354708372e-08   4.323795849e-08   5.57282734e-08   7.182671342e-08   9.257557144e-08   1.193182314e-07   1.537861458e-07   1.982109382e-07   2.554688895e-07   3.292671628e-07   4.24383823e-07   5.469771919e-07   7.049845678e-07   9.086361241e-07   1.171117259e-06   1.509422281e-06   1.945454696e-06   2.50744534e-06   3.231780165e-06   4.165356018e-06   5.368616922e-06   6.919467445e-06   8.918316485e-06   1.149457802e-05   1.481504963e-05   1.909471117e-05   2.461064258e-05   3.171996171e-05   4.088294298e-05   5.269281306e-05   6.791415137e-05   8.753237947e-05   0.0001128175402   0.0001454064902   0.0001874088173   0.0002415433251   0.0003113138947   0.0004012360654   0.0005171289318   0.0006664911341   0.0008589850851   0.001107060448   0.001426756678   0.001838735668   0.002369609822   0.003053649007   0.003934972685   0.005070362175   0.006532863561   0.008416395356   0.01084162759   0.01396346063   0.01798050173   0.02314701087   0.02978785649   0.03831706865   0.04926057122   0.06328356275   0.08122271113   0.1041226935   0.1332754503   0.170258552   0.2169659525   0.2756197896   0.3487456215   0.4390859964   0.5494202111   0.6822554139   0.8393627022   1.02116096   1.226008998   1.449551158   1.684348398   1.92006239   2.144378917   2.344631244   2.50978146   2.63219875   2.708694075   2.740548373   2.732652344   2.69215038   2.627037476   2.545033079   2.45286601   2.355949922   2.258348373   2.162913079   2.071499541   1.985196197   1.904531974   1.829647618   1.760428491   1.696602696   1.637810755   1.583653295   1.53372242   1.487621398   1.444976199   1.405441526   1.368703216   1.334478335   1.302513896   1.272584795   1.244491382   1.218056922   1.193125109   1.169557712   1.147232422   1.126040899   1.105887039   1.08668543   1.068360016   1.050842908   1.034073369   1.017996919   1.002564566   0.9877321378   0.9734597021   0.9597110661   0.9464533413   0.9336565658   0.9212933772   0.9093387243   0.8977696227   0.8865649329   0.8757051719   0.8651723454   0.8549498012   0.8450220992   0.835374897   0.8259948486   0.8168695144   0.8079872808   0.7993372893   0.7909093717   0.7826939936   0.774682203   0.7668655832   0.759236212   0.7517866198   0.7445097692   0.7373990053   0.730448036   0.7236509092   0.717001987   0.710495921   0.7041276361   0.6978923139   0.6917853716   0.6858024503   0.6799393994   0.6741922644   0.6685572742   0.6630308319   0.6576095014   0.6522900006   0.6470691912   0.6419440714   0.6369117676   0.6319695276   0.6271147138   0.6223447973   0.617657352   0.613050049   0.608520652   0.6040670122   0.599687064   0.5953788208   0.5911403713   0.5869698755   0.5828655614   0.5788257221   0.574848712   0.5709329448   0.56707689   0.5632790708   0.5595380616   0.5558524856   0.5522210129   
24.86180905   1.634879328e-10   2.107153196e-10   2.715854629e-10   3.500393982e-10   4.511566231e-10   5.814839688e-10   7.494594753e-10   9.659587112e-10   1.244998913e-09   1.604646528e-09   2.068186931e-09   2.665632029e-09   3.435663387e-09   4.428136659e-09   5.707309494e-09   7.356001897e-09   9.480958401e-09   1.221975925e-08   1.5749728e-08   2.029941237e-08   2.616338152e-08   3.372129793e-08   4.346249863e-08   5.601767731e-08   7.219971856e-08   9.3056328e-08   1.19937866e-07   1.545847766e-07   1.992402725e-07   2.567955715e-07   3.309770886e-07   4.265877015e-07   5.498177132e-07   7.086456412e-07   9.133547855e-07   1.177199018e-06   1.5172609e-06   1.955557686e-06   2.520466818e-06   3.248563206e-06   4.186987235e-06   5.396496824e-06   6.955401108e-06   8.964630423e-06   1.155427081e-05   1.489198604e-05   1.91938724e-05   2.473844874e-05   3.188468746e-05   4.109525324e-05   5.296645347e-05   6.826683811e-05   8.798694615e-05   0.000113403416   0.0001461616045   0.000188382055   0.0002427976903   0.0003129305874   0.0004033197356   0.0005198144487   0.0006699523088   0.0008634459066   0.001112809558   0.001434166016   0.001848284472   0.002381915535   0.003069507043   0.003955407579   0.005096693347   0.006566789782   0.008460103153   0.01089793019   0.01403597574   0.01807387856   0.02326721923   0.02994255359   0.03851606233   0.04951640135   0.06361222508   0.08164454862   0.104663478   0.1339676692   0.1711428949   0.2180929608   0.27705157   0.3505574367   0.4413674137   0.5522753268   0.6858014857   0.8437263904   1.026471385   1.232387135   1.457095835   1.693120358   1.930069261   2.155564898   2.356875129   2.522904857   2.645983484   2.72290497   2.754956229   2.747052554   2.706374606   2.640958131   2.558562015   2.465949525   2.368562073   2.2704841   2.174582016   2.082720923   1.995994933   1.914935778   1.839685019   1.770127516   1.705990057   1.646911397   1.592490181   1.542316484   1.495991594   1.453139612   1.413413518   1.376497577   1.342107442   1.309988861   1.279915606   1.251687031   1.225125519   1.200073985   1.176393511   1.153961178   1.132668111   1.112417725   1.09312419   1.074711069   1.05711014   1.040260367   1.024107001   1.008600809   0.9936974017   0.979356652   0.9655421898   0.9522209659   0.9393628725   0.9269404134   0.9149284173   0.9033037871   0.8920452812   0.8811333226   0.8705498303   0.8602780718   0.8503025328   0.8406088023   0.8311834702   0.8220140375   0.8130888352   0.8043969529   0.7959281742   0.7876729194   0.779622194   0.7717675415   0.7641010022   0.7566150714   0.7493026784   0.7421571371   0.7351721243   0.7283416643   0.7216600886   0.7151220251   0.708722375   0.7024562976   0.6963191887   0.6903066689   0.6844145686   0.6786389149   0.6729759196   0.6674219678   0.661973609   0.6566275454   0.6513806244   0.6462298302   0.641172276   0.6362051969   0.6313259435   0.626531975   0.6218208544   0.6171902421   0.6126378915   0.6081616441   0.6037594248   0.599429238   0.5951691637   0.5909773535   0.5868520276   0.5827914709   0.5787940308   0.5748581136   0.5709821818   0.5671647521   0.5634043923   0.5596997196   
25.11557789   1.274975234e-10   1.643282225e-10   2.11798347e-10   2.729813486e-10   3.518385188e-10   4.534754625e-10   5.844726603e-10   7.533115216e-10   9.709235129e-10   1.251397916e-09   1.612894036e-09   2.078816928e-09   2.679332754e-09   3.453321893e-09   4.450896245e-09   5.73664373e-09   7.393810025e-09   9.529688309e-09   1.228256595e-08   1.583067792e-08   2.04037466e-08   2.629785518e-08   3.389461751e-08   4.368588571e-08   5.630559507e-08   7.257080822e-08   9.353461575e-08   1.205543186e-07   1.553793062e-07   2.002643208e-07   2.581154407e-07   3.326782333e-07   4.287802625e-07   5.526436475e-07   7.122879139e-07   9.180492154e-07   1.183249546e-06   1.525059266e-06   1.965608795e-06   2.533421428e-06   3.26526006e-06   4.20850737e-06   5.424233555e-06   6.991150242e-06   9.010706526e-06   1.161365706e-05   1.496852737e-05   1.929252442e-05   2.486559858e-05   3.20485673e-05   4.130647324e-05   5.323868866e-05   6.861771371e-05   8.84391785e-05   0.000113986283   0.0001469128411   0.0001893502949   0.0002440456139   0.0003145389779   0.0004053927055   0.0005224861748   0.0006733957093   0.0008678838206   0.001118529146   0.001441537305   0.001857784241   0.002394158055   0.003085283642   0.003975737535   0.005122889301   0.006600541782   0.008503586498   0.01095394365   0.01410811845   0.01816677587   0.02338681028   0.03009645627   0.03871403409   0.04977091767   0.06393919954   0.0820642197   0.1052014852   0.1346563329   0.1720226957   0.2192141804   0.2784759959   0.3523599445   0.4436371103   0.5551157724   0.6893293343   0.8480676492   1.031754508   1.238732469   1.464601695   1.701847164   1.94002459   2.166693222   2.369055848   2.535960479   2.659696942   2.73704228   2.769289362   2.761377947   2.720524786   2.654806167   2.572020217   2.478964474   2.381107969   2.282555919   2.186189352   2.093882922   2.006736384   1.925284264   1.84966893   1.779774742   1.715327182   1.655963243   1.6012796   1.550864308   1.504316683   1.461258971   1.421342433   1.38424977   1.34969523   1.317423303   1.287206641   1.258843607   1.232155708   1.206985083   1.183192128   1.160653321   1.13925925   1.118912857   1.099527889   1.081027537   1.063343244   1.046413675   1.030183816   1.014604193   0.9996302013   0.985221519   0.9713415999   0.9579572351   0.9450381713   0.93255678   0.9204877688   0.9088079292   0.8974959184   0.8865320655   0.8758982031   0.8655775189   0.8555544249   0.8458144413   0.8363440947   0.8271308268   0.8181629135   0.8094293928   0.8009200002   0.7926251109   0.7845356882   0.7766432359   0.7689397571   0.7614177153   0.7540699966   0.7468898942   0.7398710518   0.733007466   0.726293442   0.7197235828   0.7132927662   0.7069961288   0.7008290454   0.6947871164   0.688866153   0.6830621639   0.6773713432   0.6717900609   0.6663148491   0.6609423955   0.6556695332   0.6504932324   0.6454105934   0.6404188387   0.6355153067   0.6306974452   0.625962806   0.6213090391   0.6167338876   0.6122351833   0.6078108417   0.6034588583   0.5991773043   0.5949643231   0.5908181267   0.5867369926   0.5827192605   0.5787633296   0.5748676557   0.5710307487   0.5672511701   
25.36934673   9.942491039e-11   1.28146166e-10   1.651642409e-10   2.128758693e-10   2.743701389e-10   3.536284943e-10   4.55782515e-10   5.8744616e-10   7.571439875e-10   9.75863078e-10   1.257764392e-09   1.62109962e-09   2.089392891e-09   2.692963837e-09   3.470890638e-09   4.473540142e-09   5.765828855e-09   7.43142597e-09   9.578170516e-09   1.23450534e-08   1.591121636e-08   2.050755049e-08   2.64316453e-08   3.406705609e-08   4.390813727e-08   5.65920493e-08   7.294001158e-08   9.401047231e-08   1.211676376e-07   1.561697971e-07   2.012831639e-07   2.594286008e-07   3.34370731e-07   4.309616784e-07   5.554552174e-07   7.159116726e-07   9.227197829e-07   1.189269318e-06   1.532817992e-06   1.975608813e-06   2.546310188e-06   3.281872043e-06   4.229918115e-06   5.451829297e-06   7.026717659e-06   9.056548418e-06   1.167274144e-05   1.504467962e-05   1.939067497e-05   2.49921021e-05   3.221161411e-05   4.151661958e-05   5.350954005e-05   6.896680576e-05   8.888911211e-05   0.0001145661874   0.000147660259   0.0001903136131   0.0002452871942   0.0003161391928   0.0004074551383   0.0005251443202   0.0006768216067   0.0008722991762   0.00112421966   0.001448871125   0.001867235721   0.002406338344   0.003100980047   0.00399596415   0.005148952097   0.006634122215   0.008546848809   0.01100967239   0.01417989445   0.01825920096   0.02350579342   0.03024957661   0.0389109995   0.05002414019   0.06426451185   0.08248175739   0.1057367574   0.1353414956   0.1728980238   0.2203296995   0.2798931794   0.3541532868   0.4458952646   0.5579417716   0.6928392376   0.8523868209   1.037010744   1.245045502   1.47206933   1.710529506   1.949929165   2.17776477   2.381174367   2.548949365   2.673340215   2.751107136   2.783548919   2.775629675   2.73460206   2.668582704   2.585408779   2.491911919   2.393588638   2.294564822   2.197736043   2.10498646   2.017421443   1.935578294   1.859600185   1.789370979   1.724614856   1.664967056   1.610022294   1.559366614   1.512597372   1.469334964   1.429228942   1.391960454   1.357242345   1.324817854   1.294458521   1.26596172   1.239148088   1.213858989   1.189954142   1.167309419   1.145814877   1.125372985   1.105897072   1.087309955   1.069542746   1.052533813   1.036227876   1.020575222   1.005531034   0.9910547939   0.9771097809   0.963662627   0.9506829343   0.9381429424   0.9260172382   0.9142825033   0.9029172932   0.8919018437   0.8812179016   0.8708485751   0.8607782027   0.8509922365   0.8414771398   0.8322202952   0.8232099238   0.8144350124   0.8058852484   0.7975509625   0.7894230755   0.781493052   0.7737528579   0.7661949219   0.758812101   0.7515976457   0.7445451822   0.7376486756   0.7309024047   0.7243009471   0.7178391603   0.711512154   0.7053152847   0.6992441321   0.6932944883   0.6874623439   0.6817438755   0.6761354368   0.6706335441   0.6652348702   0.6599362336   0.6547345912   0.6496270299   0.6446107597   0.6396831072   0.6348415086   0.6300835048   0.6254067351   0.6208089326   0.6162879193   0.6118416015   0.6074679656   0.6031650743   0.5989310626   0.5947641348   0.5906625604   0.5866246719   0.5826488613   0.5787335777   0.5748773241   
25.62311558   7.752941983e-11   9.992564099e-11   1.287915445e-10   1.659960525e-10   2.139479694e-10   2.757519407e-10   3.554094625e-10   4.580779584e-10   5.904046969e-10   7.609571683e-10   9.80777787e-10   1.264098832e-09   1.629263914e-09   2.099915636e-09   2.706526327e-09   3.488370978e-09   4.496070093e-09   5.794867121e-09   7.468852631e-09   9.62640876e-09   1.240722641e-08   1.599134952e-08   2.061083203e-08   2.656476217e-08   3.423862695e-08   4.412927047e-08   5.687706209e-08   7.33073571e-08   9.448393434e-08   1.217778704e-07   1.569563102e-07   2.0229688e-07   2.60735153e-07   3.36054712e-07   4.331321174e-07   5.582526393e-07   7.195171964e-07   9.27366848e-07   1.195258798e-06   1.540537676e-06   1.985558511e-06   2.559134091e-06   3.298400434e-06   4.251221121e-06   5.479286176e-06   7.0621061e-06   9.102159633e-06   1.173152851e-05   1.512044868e-05   1.948833163e-05   2.511796906e-05   3.237384047e-05   4.172570845e-05   5.377902851e-05   6.931414118e-05   8.933678163e-05   0.0001151431736   0.0001484039159   0.0001912720838   0.0002465225268   0.0003177313554   0.0004095071929   0.0005277890898   0.0006802302648   0.0008766923135   0.001129881539   0.00145616804   0.00187663964   0.002418457342   0.003116597468   0.004016088984   0.005174883744   0.00666753367   0.008589893422   0.0110651207   0.01425130927   0.01835116096   0.02362417783   0.03040192643   0.03910697374   0.05027608843   0.06458818709   0.08289719385   0.1062693358   0.1360232101   0.1737689464   0.2214396042   0.2813032297   0.3559376019   0.4481420509   0.5607535424   0.6963314664   0.8566842382   1.0422405   1.25132672   1.479499317   1.719168055   1.959783752   2.188780401   2.393231628   2.561872525   2.686914369   2.765100637   2.79773602   2.789808859   2.748607539   2.682288834   2.598728764   2.504792893   2.406005079   2.306511774   2.209223023   2.116032438   2.028050979   1.945818708   1.869479597   1.798917014   1.733853843   1.67392358   1.618718987   1.567824107   1.520834348   1.477368263   1.437073704   1.39963027   1.364749415   1.332173131   1.30167185   1.273041965   1.246103241   1.220696279   1.196680116   1.173930027   1.152335537   1.131798646   1.112232266   1.093558843   1.075709159   1.058621286   1.042239679   1.02651439   1.011400385   0.9968569556   0.9828472053   0.969337608   0.9562976219   0.9436993552   0.931517275   0.9197279529   0.9083098435   0.8972430899   0.8865093532   0.8760916628   0.8659742837   0.8561426004   0.846583013   0.8372828456   0.8282302646   0.8194142056   0.8108243085   0.8024508592   0.7942847368   0.7863173666   0.7785406774   0.7709470632   0.7635293483   0.7562807524   0.7491948726   0.7422656462   0.7354873262   0.7288544655   0.7223618974   0.7160047117   0.7097782416   0.7036780477   0.6976999028   0.6918397797   0.6860938383   0.680458414   0.6749300094   0.6695052815   0.6641810348   0.6589542124   0.6538218883   0.6487812601   0.6438296422   0.6389644596   0.6341832421   0.6294836187   0.6248633123   0.6203201353   0.6158519846   0.6114568378   0.6071327489   0.6028778449   0.5986903218   0.5945684419   0.59051053   0.5865149713   0.5825802078   
25.87688442   6.045276456e-11   7.791598675e-11   1.00423877e-10   1.294337079e-10   1.6682372e-10   2.150147284e-10   2.771268585e-10   3.571815581e-10   4.60361966e-10   5.933484946e-10   7.647513521e-10   9.856680112e-10   1.270401714e-09   1.637387534e-09   2.110385957e-09   2.72002125e-09   3.505764231e-09   4.518487802e-09   5.823760719e-09   7.506092834e-09   9.674406684e-09   1.246908968e-08   1.607108347e-08   2.071359903e-08   2.669721587e-08   3.440934305e-08   4.434930199e-08   5.716065496e-08   7.367287253e-08   9.495503761e-08   1.223850631e-07   1.577389049e-07   2.033055459e-07   2.620351961e-07   3.377303034e-07   4.352917433e-07   5.610361246e-07   7.231047577e-07   9.319907617e-07   1.201218439e-06   1.548218901e-06   1.995458639e-06   2.571894106e-06   3.314846481e-06   4.272417996e-06   5.506606267e-06   7.097318238e-06   9.147543616e-06   1.17900227e-05   1.519584026e-05   1.958550177e-05   2.524320895e-05   3.253525863e-05   4.193375566e-05   5.404717439e-05   6.965974618e-05   8.978222089e-05   0.0001157172853   0.000149143868   0.0001922257795   0.0002477517051   0.0003193155859   0.0004115490243   0.0005304206832   0.0006836219411   0.0008810635644   0.001135515212   0.001463428603   0.00188599671   0.002430515963   0.003132137082   0.004036113557   0.0052006862   0.00670077867   0.008632723587   0.01112029276   0.0143223683   0.01844266281   0.02374197243   0.03055351723   0.03930197161   0.05052678142   0.0649102497   0.08331056048   0.1067992607   0.1367015279   0.1746355294   0.2225439783   0.2827062533   0.3577130246   0.450377639   0.5635512973   0.6998062847   0.8609602266   1.047444171   1.2575766   1.48689222   1.727763467   1.969589101   2.199740952   2.405228549   2.574730946   2.700420441   2.779023856   2.811851755   2.803916592   2.762542307   2.695925621   2.611981212   2.517608405   2.418358268   2.318397718   2.2206512   2.127021735   2.03862584   1.956006326   1.879307961   1.808413617   1.74304489   1.682833539   1.627370384   1.576237476   1.529028282   1.485359523   1.444877358   1.407259847   1.372217055   1.339489736   1.308847219   1.280084919   1.253021737   1.22749751   1.203370599   1.180515684   1.158821761   1.138190364   1.118533988   1.09977471   1.081842984   1.064676588   1.048219713   1.032422176   1.017238729   1.002628471   0.9885543343   0.9749826333   0.9618826834   0.9492264621   0.9369883171   0.9251447105   0.9136739968   0.9025562264   0.8917729754   0.8813071943   0.8711430755   0.8612659358   0.8516621126   0.8423188717   0.8332243249   0.8243673571   0.8157375609   0.8073251775   0.7991210443   0.7911165476   0.7833035795   0.7756744994   0.7682220988   0.7609395669   0.7538204715   0.746858723   0.740048548   0.733384475   0.7268613141   0.7204741329   0.7142182439   0.7080891874   0.7020827177   0.6961947887   0.690421545   0.684759304   0.6792045532   0.6737539348   0.6684042391   0.6631523956   0.6579954653   0.6529306333   0.6479552024   0.6430665861   0.6382623033   0.6335399724   0.6288973066   0.6243321083   0.6198422655   0.6154257468   0.6110805976   0.6068049367   0.6025969524   0.5984548991   0.5943770946   0.5903619168   
26.13065327   4.713511077e-11   6.075121118e-11   7.830064679e-11   1.009196552e-10   1.300727035e-10   1.676473047e-10   2.160762253e-10   2.78494994e-10   3.589449121e-10   4.62634707e-10   5.962777709e-10   7.685268198e-10   9.905341127e-10   1.276673505e-09   1.645471081e-09   2.120804629e-09   2.733449604e-09   3.523071685e-09   4.540794928e-09   5.85251179e-09   7.543149337e-09   9.722167841e-09   1.253064778e-08   1.61504241e-08   2.081585909e-08   2.682901619e-08   3.457921704e-08   4.456824813e-08   5.74428489e-08   7.403658493e-08   9.5423817e-08   1.229892606e-07   1.585176393e-07   2.043092362e-07   2.633288262e-07   3.393976295e-07   4.374407162e-07   5.638058794e-07   7.266746221e-07   9.365918663e-07   1.207148682e-06   1.555862235e-06   2.005309932e-06   2.584591178e-06   3.331211402e-06   4.29351031e-06   5.533791592e-06   7.13235668e-06   9.192703726e-06   1.184822835e-05   1.527085994e-05   1.968219258e-05   2.536783105e-05   3.269588054e-05   4.21407766e-05   5.431399754e-05   7.000364638e-05   9.022546287e-05   0.000116288565   0.0001498801699   0.0001931747708   0.00024897482   0.0003208920016   0.0004135807836   0.0005330392954   0.0006869968868   0.0008854132526   0.001141121094   0.001470653351   0.001895307623   0.002442515101   0.003147600042   0.004056039352   0.005226361377   0.006733859677   0.008675342476   0.01117519267   0.0143930768   0.01853371329   0.02385918596   0.03070436024   0.03949600756   0.05077623773   0.06523072353   0.08372188789   0.1073265714   0.1373764993   0.1754978371   0.2236429035   0.2841023542   0.3594796866   0.4526021945   0.5663352437   0.7032639503   0.8652151034   1.052622145   1.263795606   1.494248588   1.736316381   1.979345941   2.210647241   2.417166026   2.58752559   2.713859442   2.792877839   2.825897188   2.81795394   2.776407421   2.709494102   2.625167134   2.530359436   2.430649155   2.330223572   2.232021461   2.137955205   2.049146852   1.966141948   1.889086048   1.817861537   1.752188723   1.69169764   1.635977173   1.58460739   1.537179827   1.493309382   1.452640528   1.414849793   1.379645863   1.346768256   1.315985203   1.287091148   1.259904131   1.234263227   1.210026129   1.187066919   1.16527407   1.14454865   1.12480274   1.105958052   1.08794471   1.0707002   1.054168453   1.038299048   1.023046527   1.008369798   0.9942316181   0.9805981474   0.9674385576   0.9547246964   0.9424307923   0.930533199   0.9190101705   0.9078416656   0.8970091754   0.8864955723   0.8762849759   0.866362636   0.8567148275   0.8473287578   0.8381924849   0.829294843   0.8206253774   0.8121742849   0.8039323617   0.795890955   0.7880419202   0.7803775824   0.772890698   0.7655744336   0.7584223216   0.7514282433   0.744586404   0.7378913071   0.7313377368   0.7249207415   0.7186356119   0.7124778686   0.706443247   0.7005276836   0.6947273036   0.6890384121   0.6834574775   0.677981129   0.6726061423   0.6673294336   0.6621480508   0.6570591669   0.6520600725   0.64714817   0.6423209675   0.6375760729   0.6329111894   0.6283241099   0.6238127132   0.6193749589   0.6150088842   0.6107125996   0.6064842854   0.6023221887   0.5982246198   
26.38442211   3.674955171e-11   4.73655358e-11   6.104819998e-11   7.868342788e-11   1.014130118e-10   1.307085778e-10   1.684668665e-10   2.17132537e-10   2.798564466e-10   3.606996528e-10   4.648963462e-10   5.991927386e-10   7.722838454e-10   9.953764447e-10   1.28291466e-09   1.653515143e-09   2.13117241e-09   2.746812365e-09   3.540294598e-09   4.56299309e-09   5.88112242e-09   7.580024829e-09   9.769695698e-09   1.259190519e-08   1.622937718e-08   2.091761965e-08   2.696017271e-08   3.474826124e-08   4.478612477e-08   5.772366442e-08   7.439852069e-08   9.589030654e-08   1.235905068e-07   1.592925697e-07   2.053080238e-07   2.646161373e-07   3.410568111e-07   4.395791919e-07   5.665621048e-07   7.302270487e-07   9.411704958e-07   1.213049957e-06   1.563468234e-06   2.015113104e-06   2.597226229e-06   3.347496385e-06   4.314499595e-06   5.560844124e-06   7.167223969e-06   9.237643242e-06   1.190614968e-05   1.534551318e-05   1.977841109e-05   2.549184441e-05   3.285571785e-05   4.23467863e-05   5.457951735e-05   7.034586672e-05   9.066653974e-05   0.0001168570541   0.0001506128753   0.0001941191265   0.0002501919603   0.000322460717   0.0004156026183   0.0005356451164   0.0006903553469   0.0008897416939   0.001146699592   0.001477842808   0.001904573054   0.002454455627   0.00316298747   0.004075867814   0.005251911136   0.006766779091   0.008717753183   0.0112298244   0.01446343991   0.01862431901   0.02397582693   0.0308544664   0.03968909566   0.05102447546   0.06554963186   0.08413120593   0.107851306   0.1380481732   0.176355932   0.2247364598   0.2854916339   0.361237716   0.4548158792   0.569105584   0.7067047146   0.869449178   1.057774797   1.269984189   1.501568957   1.74482742   1.989054985   2.221500065   2.429044933   2.600257394   2.727232362   2.806663607   2.839873355   2.831921943   2.790203912   2.72299529   2.638287517   2.543046946   2.442878668   2.341990232   2.243334671   2.148833683   2.059614821   1.976226351   1.898814614   1.827261504   1.761286053   1.700516572   1.644540024   1.592934503   1.545289622   1.501218462   1.460363824   1.422400707   1.387036422   1.354009262   1.323086363   1.294061202   1.266750963   1.240993964   1.216647227   1.193584247   1.17169297   1.150874003   1.131039015   1.112109353   1.094014814   1.076692594   1.060086362   1.044145464   1.02882423   1.014081379   0.9998794963   0.986184584   0.9729656729   0.960194481   0.9478451186   0.9358938308   0.9243187724   0.9130998104   0.9022183516   0.8916571902   0.881400374   0.8714330856   0.8617415376   0.8523128799   0.8431351162   0.8341970306   0.8254881212   0.8169985409   0.8087190444   0.8006409402   0.7927560473   0.7850566565   0.7775354946   0.7701856896   0.7630007533   0.7559745371   0.7491012207   0.7423752821   0.7357914853   0.729344854   0.7230306591   0.7168444015   0.7107817977   0.7048387659   0.6990114167   0.693296035   0.6876890776   0.6821871563   0.6767870341   0.6714856133   0.666279929   0.661167142   0.656144531   0.6512094873   0.646359508   0.6415921908   0.6369052288   0.6322964057   0.6277635907   0.623304735   0.6189178672   0.6146010895   0.6103525746   0.606170562   
26.63819095   2.865095549e-11   3.692746699e-11   4.759484616e-11   6.134375209e-11   7.906435727e-11   1.019039817e-10   1.313413761e-10   1.692824637e-10   2.181837389e-10   2.812113132e-10   3.624459048e-10   4.671470448e-10   6.020936051e-10   7.760226963e-10   1.000195352e-09   1.289125623e-09   1.661520291e-09   2.141490036e-09   2.760110484e-09   3.557434195e-09   4.585083868e-09   5.909594646e-09   7.616721937e-09   9.81699364e-09   1.265286627e-08   1.630794832e-08   2.101888794e-08   2.709069475e-08   3.491648769e-08   4.500294745e-08   5.800312148e-08   7.47587056e-08   9.635453944e-08   1.241888444e-07   1.600637514e-07   2.063019797e-07   2.658972211e-07   3.427079664e-07   4.417073228e-07   5.693049969e-07   7.337622905e-07   9.457269763e-07   1.218922685e-06   1.571037439e-06   2.024868854e-06   2.609800157e-06   3.36370259e-06   4.335387344e-06   5.58776579e-06   7.201922587e-06   9.282365363e-06   1.196379082e-05   1.541980527e-05   1.987416414e-05   2.561525786e-05   3.301478196e-05   4.255179943e-05   5.484375269e-05   7.068643156e-05   9.11054829e-05   0.0001174227932   0.0001513420362   0.0001950589139   0.0002514032127   0.0003240218437   0.0004176146724   0.0005382383317   0.0006936975604   0.0008940491962   0.001152251105   0.001484997485   0.001913793664   0.00246633839   0.003178300461   0.004095600356   0.005277337298   0.006799539257   0.008759958726   0.01128419185   0.01453346263   0.01871448641   0.02409190363   0.03100384641   0.03988124967   0.05127151229   0.06586699737   0.08453854376   0.1083735019   0.1387165976   0.1772098752   0.2258247249   0.2868741911   0.3629872382   0.4570188506   0.5718625155   0.7101288224   0.8736627521   1.062902495   1.276142793   1.508853849   1.753297194   1.998716927   2.232300201   2.440866122   2.612927274   2.740540164   2.820382155   2.85378127   2.845821617   2.803932784   2.736430173   2.651343325   2.555671869   2.455047713   2.353698572   2.254591674   2.159657984   2.070030534   1.986260296   1.908494394   1.836614232   1.77033757   1.709291008   1.653059592   1.601219452   1.553358287   1.509087373   1.468047839   1.429913168   1.394389303   1.361213312   1.330151248   1.300995621   1.273562763   1.247690239   1.223234405   1.200068168   1.178078955   1.157166909   1.137243292   1.118229085   1.100053762   1.082654229   1.065973894   1.049961871   1.034572281   1.019763652   1.005498398   0.991742367   0.9784644477   0.9656362291   0.9532317039   0.9412270092   0.9296002007   0.9183310542   0.9074008927   0.8967924325   0.8864896496   0.8764776599   0.8667426144   0.857271605   0.8480525819   0.839074279   0.8303261475   0.8217982966   0.8134814398   0.8053668469   0.7974463008   0.7897120581   0.7821568134   0.7747736643   0.767556094   0.7604979271   0.7535933175   0.7468367189   0.7402228725   0.7337467802   0.7274036921   0.7211890896   0.7150986705   0.7091283352   0.7032741769   0.6975324658   0.6918996417   0.686372303   0.6809471977   0.6756212152   0.6703913778   0.6652548339   0.6602088507   0.655250808   0.6503781924   0.6455885912   0.6408796876   0.6362492558   0.631695156   0.6272153305   0.6228077994   0.6184706571   0.6142020684   
26.8919598   2.233603675e-11   2.878833344e-11   3.710452985e-11   4.782305783e-11   6.163788815e-11   7.944346154e-11   1.023925993e-10   1.319711425e-10   1.700941531e-10   2.192299042e-10   2.825596883e-10   3.641837902e-10   4.693869599e-10   6.04980573e-10   7.797436337e-10   1.004991171e-09   1.295306828e-09   1.669487085e-09   2.151758228e-09   2.773344888e-09   3.574491673e-09   4.607068805e-09   5.937930456e-09   7.653243221e-09   9.864064968e-09   1.271353528e-08   1.638614301e-08   2.111967103e-08   2.722059144e-08   3.508390814e-08   4.521873128e-08   5.828123962e-08   7.511716478e-08   9.68165481e-08   1.247843153e-07   1.608312382e-07   2.072911734e-07   2.67172167e-07   3.443512107e-07   4.438252573e-07   5.720347473e-07   7.372805942e-07   9.502616257e-07   1.224767276e-06   1.578570379e-06   2.034577861e-06   2.622313842e-06   3.379831148e-06   4.356175016e-06   5.614558469e-06   7.236454957e-06   9.326873212e-06   1.202115579e-05   1.549374142e-05   1.996945841e-05   2.573808e-05   3.317308395e-05   4.275583031e-05   5.510672204e-05   7.10253647e-05   9.154232299e-05   0.0001179858217   0.0001520677035   0.0001959941986   0.0002526086618   0.0003255754907   0.0004196170864   0.0005408191224   0.0006970237607   0.0008983360605   0.00115777602   0.001492117884   0.001922970097   0.00247816422   0.003193540084   0.004115238355   0.005302641638   0.006832142461   0.008801962053   0.01133829881   0.01460314985   0.0188042218   0.02420742417   0.03115251068   0.040072483   0.05151736546   0.06618284225   0.0849439298   0.1088931957   0.139381819   0.1780597263   0.2269077749   0.2882501226   0.3647283754   0.4592112627   0.574606231   0.7135365135   0.8778561204   1.068005597   1.282271848   1.516103776   1.761726295   2.008332445   2.243048408   2.452630426   2.625536124   2.753783787   2.834034455   2.86762192   2.859653951   2.817595019   2.749799713   2.664335498   2.568235118   2.467157171   2.365349446   2.265793291   2.170428902   2.080394758   1.996244525   1.918126105   1.845920415   1.77934395   1.718021603   1.661536515   1.609462859   1.56138643   1.516916705   1.475693153   1.437387743   1.40170506   1.368380952   1.337180391   1.307894928   1.280340045   1.254352558   1.229788162   1.206519175   1.184432508   1.163427844   1.143416038   1.124317709   1.106062008   1.088585551   1.07183149   1.055748704   1.040291107   1.025417039   1.011088742   0.99727191   0.9839352904   0.9710503443   0.9585909469   0.9465331279   0.9348548445   0.9235357819   0.9125571787   0.9019016747   0.891553174   0.8814967263   0.8717184206   0.8622052919   0.8529452367   0.8439269391   0.8351398035   0.8265738955   0.8182198876   0.8100690113   0.8021130133   0.7943441162   0.7867549825   0.7793386798   0.7720886627   0.7649987289   0.7580630067   0.7512759258   0.7446322045   0.7381268231   0.731755011   0.7255122301   0.7193941595   0.713396682   0.707515874   0.7017479897   0.6960894534   0.690536849   0.6850869106   0.6797365141   0.6744826693   0.6693225122   0.6642532984   0.6592723967   0.6543772827   0.6495655337   0.644834823   0.6401829151   0.6356076614   0.6311069954   0.6266789289   0.6223215482   
27.14572864   1.741219181e-11   2.24421185e-11   2.892505943e-11   3.72807524e-11   4.805018647e-11   6.193062832e-11   7.982076668e-11   1.02878898e-10   1.325979202e-10   1.709019905e-10   2.202711046e-10   2.839016643e-10   3.65913428e-10   4.716162448e-10   6.0785384e-10   7.834469124e-10   1.00976423e-09   1.301458699e-09   1.67741607e-09   2.16197769e-09   2.786516486e-09   3.5914682e-09   4.628949406e-09   5.966131791e-09   7.689591184e-09   9.910912906e-09   1.277391636e-08   1.646396661e-08   2.121997583e-08   2.734987167e-08   3.525053404e-08   4.543349105e-08   5.855803787e-08   7.54739228e-08   9.727636418e-08   1.253769602e-07   1.615950828e-07   2.082756726e-07   2.684410622e-07   3.459866566e-07   4.459331407e-07   5.747515429e-07   7.407822009e-07   9.547747547e-07   1.23058413e-06   1.586067569e-06   2.044240792e-06   2.634768139e-06   3.395883163e-06   4.376864034e-06   5.641223996e-06   7.270823445e-06   9.371169836e-06   1.207824852e-05   1.556732669e-05   2.006430045e-05   2.586031926e-05   3.333063468e-05   4.29588929e-05   5.53684434e-05   7.136268933e-05   9.197708994e-05   0.0001185461783   0.000152789927   0.0001969250446   0.0002538083901   0.0003271217645   0.0004216099973   0.0005433876653   0.0007003341757   0.0009026025803   0.001163274714   0.00149920449   0.001932102979   0.002489933927   0.003208707383   0.004134783156   0.005327825889   0.006864590937   0.00884376604   0.011392149   0.01467250635   0.01889353132   0.02432239647   0.03130046941   0.04026280874   0.05176205183   0.06649718811   0.08534739185   0.1094104229   0.140043883   0.1789055437   0.227985684   0.2896195226   0.3664612468   0.4613932659   0.5773369184   0.7169280214   0.8820295707   1.073084455   1.288371774   1.523319234   1.770115304   2.017902201   2.253745428   2.464338655   2.638084815   2.76696415   2.847621455   2.881396269   2.873419912   2.831191576   2.763104852   2.677264953   2.580737583   2.479207904   2.376943684   2.276940328   2.181147211   2.090708241   2.006179761   1.927710447   1.855180734   1.788305851   1.726708999   1.669971416   1.617665332   1.569374644   1.524707039   1.483300331   1.444824988   1.408984236   1.375512714   1.344174315   1.314759635   1.287083313   1.260981417   1.236308982   1.212937745   1.190754099   1.169657272   1.149557712   1.130375677   1.112039996   1.094487   1.077659582   1.061506391   1.045981131   1.031041956   1.016650939   1.002773618   0.9893786006   0.9764372209   0.9639232369   0.9518125719   0.940083084   0.9287143685   0.917687581   0.9069852839   0.8965913102   0.8864906433   0.8766693113   0.8671142916   0.8578134278   0.8487553541   0.8399294286   0.8313256733   0.8229347201   0.8147477621   0.80675651   0.7989531526   0.7913303206   0.7838810514   0.7765987724   0.7694772512   0.762510594   0.7556932064   0.7490197809   0.7424852792   0.7360849093   0.7298141135   0.7236685525   0.7176440922   0.71173679   0.7059428862   0.7002587893   0.6946810686   0.6892064443   0.6838317791   0.6785540699   0.6733704409   0.6682781358   0.6632745124   0.6583570357   0.6535232726   0.6487708867   0.6440976332   0.6395013544   0.634979975   0.6305314986   
27.39949749   1.357317536e-11   1.749411064e-11   2.254770154e-11   2.906114265e-11   3.74561465e-11   4.827624734e-11   6.222199225e-11   8.019629803e-11   1.033629105e-10   1.332217513e-10   1.717060301e-10   2.213074102e-10   2.852373315e-10   3.676349345e-10   4.738350494e-10   6.107135992e-10   7.871327813e-10   1.01451485e-09   1.307581649e-09   1.68530778e-09   2.172149109e-09   2.79962616e-09   3.608364917e-09   4.650727143e-09   5.994200546e-09   7.725768268e-09   9.957540603e-09   1.283401358e-08   1.654142434e-08   2.131980907e-08   2.747854413e-08   3.541637661e-08   4.564724119e-08   5.883353483e-08   7.582900364e-08   9.773401857e-08   1.25966819e-07   1.623553363e-07   2.092555435e-07   2.697039921e-07   3.476144139e-07   4.480311145e-07   5.774555664e-07   7.442673458e-07   9.592666667e-07   1.236373637e-06   1.593529513e-06   2.053858296e-06   2.647163886e-06   3.411859715e-06   4.397455789e-06   5.667764163e-06   7.30503036e-06   9.415258214e-06   1.213507284e-05   1.564056602e-05   2.015869661e-05   2.598198385e-05   3.348744474e-05   4.316100085e-05   5.562893435e-05   7.169842814e-05   9.240981297e-05   0.0001191039004   0.0001535087552   0.0001978515146   0.0002550024783   0.000328660769   0.0004235935392   0.000545944133   0.0007036290277   0.0009068490424   0.001168747558   0.001506257781   0.001941192927   0.002501648303   0.003223803378   0.004154236073   0.005352891744   0.006896886866   0.008885373497   0.01144574601   0.01474153679   0.01898242097   0.02443682826   0.03144773255   0.04045223971   0.05200558782   0.06681005609   0.085748957   0.1099252183   0.1407028342   0.1797473841   0.2290585246   0.2909824832   0.3681859691   0.4635650068   0.5800547616   0.7203035745   0.8861833839   1.078139409   1.294442984   1.530500712   1.778464786   2.027426843   2.264391983   2.475991605   2.650574199   2.780082149   2.861144083   2.895105259   2.887120443   2.844723388   2.776346509   2.690132586   2.593180134   2.491200754   2.3884821   2.288033567   2.19181367   2.100971714   2.016066711   1.937248106   1.86439585   1.797223918   1.735353819   1.678364903   1.625827463   1.577323506   1.532458938   1.490869927   1.452225442   1.41622736   1.382609116   1.351133528   1.321590243   1.293793058   1.267577299   1.242797343   1.219324346   1.19704419   1.175855646   1.155668759   1.136403427   1.117988161   1.100359003   1.083458592   1.067235346   1.051642763   1.036638809   1.022185388   1.008243037   0.9947947682   0.9817972442   0.9692289551   0.9570657171   0.9452852911   0.933867182   0.9227924629   0.912043619   0.9016044128   0.8914597619   0.8815956331   0.8719989471   0.8626574943   0.8535598596   0.8446953548   0.8360539586   0.8276262622   0.8194034207   0.811377109   0.8035394822   0.7958831392   0.7884010874   0.7810867261   0.7739337961   0.7669363785   0.7600888547   0.7533858948   0.7468224388   0.7403936744   0.7340950245   0.7279221313   0.7218708425   0.7159372015   0.7101174289   0.7044079204   0.6988052302   0.6933060647   0.6879072734   0.6826058407   0.6773988784   0.672283619   0.6672574089   0.6623177026   0.657462057   0.6526881258   0.6479936547   0.6433764772   0.6388345093   
27.65326633   1.058011838e-11   1.36364378e-11   1.757564794e-11   2.265279283e-11   2.919659207e-11   3.763072371e-11   4.850125534e-11   6.251199917e-11   8.057008037e-11   1.038446688e-10   1.33842677e-10   1.725063249e-10   2.223388893e-10   2.865667778e-10   3.693484231e-10   4.760435201e-10   6.135600393e-10   7.908014834e-10   1.019243344e-09   1.313676082e-09   1.693162735e-09   2.182273154e-09   2.812674778e-09   3.625182939e-09   4.672403451e-09   6.022138572e-09   7.761776859e-09   1.000395113e-08   1.28938309e-08   1.661852132e-08   2.141917735e-08   2.760661731e-08   3.558144677e-08   4.585999581e-08   5.910774869e-08   7.61824307e-08   9.818954147e-08   1.265539305e-07   1.63112049e-07   2.102308507e-07   2.7096104e-07   3.492345901e-07   4.501193171e-07   5.80146996e-07   7.477362589e-07   9.637376578e-07   1.24213618e-06   1.600956703e-06   2.063431007e-06   2.659501901e-06   3.427761857e-06   4.417951639e-06   5.69418072e-06   7.339077959e-06   9.459141253e-06   1.219163251e-05   1.571346424e-05   2.025265312e-05   2.61030818e-05   3.364352445e-05   4.33621675e-05   5.588821208e-05   7.203260326e-05   9.284052062e-05   0.000119659025   0.0001542242355   0.0001987736696   0.000256191005   0.0003301926056   0.0004255678429   0.0005484886941   0.0007069085341   0.0009110757267   0.001174194913   0.001513278221   0.001950240538   0.002513308119   0.003238829064   0.004173598389   0.005377840855   0.006929032378   0.008926787168   0.01149909341   0.01481024572   0.01907089661   0.02455072707   0.03159430979   0.04064078837   0.05224798952   0.06712146682   0.08614865176   0.1104376159   0.141358716   0.1805853031   0.2301263676   0.2923390942   0.369902656   0.4657266288   0.58275994   0.7236633955   0.8903178343   1.083170795   1.300485878   1.537648683   1.786775295   2.036907   2.274988781   2.487590049   2.663005109   2.79313866   2.874603241   2.908749809   2.900756467   2.858191371   2.789525579   2.702939271   2.605563619   2.503136542   2.399965487   2.299073774   2.202429016   2.111185891   2.025906065   1.946739748   1.873566411   1.806098777   1.743956675   1.686717572   1.633949831   1.585233581   1.540172954   1.498402479   1.459589633   1.423434951   1.389670666   1.358058529   1.328387241   1.300469761   1.274140675   1.249253706   1.225679435   1.203303229   1.182023408   1.161749615   1.14240139   1.123906925   1.106201978   1.089228932   1.072935976   1.057276404   1.042207993   1.027692479   1.013695097   1.000184175   0.9871307911   0.9745084732   0.9622929311   0.9504618288   0.9389945813   0.9278721789   0.917077031   0.9065928289   0.8964044251   0.8864977253   0.8768595938   0.8674777681   0.8583407839   0.8494379068   0.8407590725   0.8322948318   0.8240363017   0.8159751216   0.8081034129   0.8004137431   0.7928990929   0.7855528226   0.7783686606   0.7713406528   0.7644631616   0.757730833   0.7511385859   0.7446815876   0.7383552415   0.7321551718   0.7260772083   0.7201173776   0.714271886   0.7085371122   0.7029095968   0.6973860324   0.6919632553   0.6866382372   0.681408078   0.6762699987   0.6712213347   0.6662595299   0.6613821309   0.6565867819   0.6518712192   0.6472332673   
27.90703518   8.246715125e-12   1.062897538e-11   1.369940831e-11   1.765680898e-11   2.275739918e-11   2.933141645e-11   3.780449533e-11   4.872522504e-11   6.280066786e-11   8.094213789e-11   1.04324204e-10   1.344607373e-10   1.733029268e-10   2.233656086e-10   2.878900894e-10   3.710540048e-10   4.782417997e-10   6.163933445e-10   7.944532563e-10   1.023950018e-09   1.319742391e-09   1.700981443e-09   2.192350482e-09   2.825663182e-09   3.641923353e-09   4.693979733e-09   6.049947678e-09   7.797619288e-09   1.00501475e-08   1.295337219e-08   1.669526253e-08   2.151808709e-08   2.773409949e-08   3.574575522e-08   4.607176866e-08   5.938069718e-08   7.653422687e-08   9.864296235e-08   1.271383328e-07   1.638652698e-07   2.112016573e-07   2.722122873e-07   3.508472899e-07   4.521978836e-07   5.82826006e-07   7.511891647e-07   9.681880175e-07   1.247872132e-06   1.608349621e-06   2.072959544e-06   2.671782982e-06   3.443590618e-06   4.438352911e-06   5.720475379e-06   7.372968444e-06   9.502821793e-06   1.224793118e-05   1.578602607e-05   2.034617608e-05   2.622362094e-05   3.379888394e-05   4.356240586e-05   5.614629337e-05   7.236523633e-05   9.326924076e-05   0.000120211588   0.0001549364142   0.0001996915693   0.0002573740473   0.0003317173736   0.0004275330361   0.0005510215132   0.0007101729072   0.000915282907   0.00117961713   0.001520266266   0.001959246399   0.002524914132   0.003253785413   0.004192871358   0.005402674837   0.006961029553   0.008968009735   0.01155219462   0.01487863759   0.01915896398   0.02466410028   0.03174021064   0.04082846696   0.0524892726   0.06743144048   0.08654650199   0.1109476488   0.1420115708   0.1814193549   0.2311892821   0.2936894437   0.3716114188   0.4678782719   0.5854526288   0.7270077023   0.8944331901   1.088178939   1.306500849   1.544763612   1.795047371   2.046343291   2.285536512   2.499134744   2.675378356   2.806134538   2.887999816   2.922330818   2.914328884   2.871596415   2.802642939   2.715685864   2.617888868   2.515016071   2.41139462   2.310061698   2.212993972   2.121351469   2.035698496   1.956186025   1.882693048   1.814931042   1.752518162   1.69503   1.642033001   1.593105422   1.547849627   1.505898515   1.466918078   1.430607513   1.396697859   1.364949804   1.335151105   1.30711389   1.280672006   1.255678527   1.232003458   1.209531657   1.188160992   1.167800707   1.148369986   1.129796703   1.112016333   1.094971004   1.07860868   1.062882445   1.047749895   1.033172598   1.019115633   1.005547193   0.9924382295   0.9797621551   0.9674945739   0.9556130527   0.9440969175   0.9329270765   0.9220858629   0.9115568978   0.9013249684   0.8913759199   0.88169656   0.8722745739   0.863098448   0.8541574023   0.8454413294   0.8369407398   0.8286467129   0.8205508524   0.8126452463   0.8049224307   0.7973753533   0.7899973563   0.7827821316   0.7757237036   0.7688164106   0.7620548766   0.7554339987   0.7489489242   0.7425950374   0.7363679439   0.7302634565   0.7242775849   0.7184065197   0.7126466247   0.7069944259   0.7014466024   0.6959999772   0.6906515098   0.6853982878   0.6802375209   0.6751665334   0.6701827587   0.6652837335   0.660467092   0.6557305616   
28.16080402   6.427664436e-12   8.284448539e-12   1.067760899e-11   1.37620909e-11   1.773759893e-11   2.286152723e-11   2.946562437e-11   3.797747241e-11   4.894817067e-11   6.308801665e-11   8.131249423e-11   1.048015466e-10   1.350759717e-10   1.740958863e-10   2.243876333e-10   2.892073504e-10   3.72751788e-10   4.804300281e-10   6.192136948e-10   7.98088332e-10   1.028635172e-09   1.325780964e-09   1.708764401e-09   2.202381733e-09   2.838592199e-09   3.658587225e-09   4.715457362e-09   6.077629632e-09   7.833297834e-09   1.009613265e-08   1.301264124e-08   1.677165286e-08   2.161654459e-08   2.786099877e-08   3.590931239e-08   4.628257322e-08   5.965239766e-08   7.688441451e-08   9.909431003e-08   1.27720063e-07   1.646150467e-07   2.121680251e-07   2.734578134e-07   3.524526159e-07   4.542669463e-07   5.854927666e-07   7.546262826e-07   9.726180286e-07   1.253581857e-06   1.615708736e-06   2.082444513e-06   2.684007909e-06   3.459347004e-06   4.458660901e-06   5.746649809e-06   7.40670397e-06   9.546302611e-06   1.230397243e-05   1.585825612e-05   2.043927141e-05   2.634360893e-05   3.395353308e-05   4.376172866e-05   5.640319463e-05   7.269634849e-05   9.369600065e-05   0.0001207616245   0.0001556453365   0.000200605272   0.0002585516803   0.0003332351698   0.0004294892438   0.0005535427515   0.0007134223544   0.0009194708506   0.001185014556   0.001527222359   0.001968211082   0.002536467077   0.003268673377   0.004212056203   0.00542739527   0.006992880425   0.009009043816   0.01160505304   0.01494671674   0.01924662867   0.02477695511   0.03188544436   0.04101528738   0.0527294524   0.06773999674   0.08694253299   0.1114553494   0.1426614403   0.1822495926   0.2322473356   0.2950336174   0.373312366   0.470020073   0.5881329993   0.7303367077   0.8985297131   1.093164158   1.312488279   1.551845953   1.803281542   2.055736318   2.296035851   2.51062643   2.687694734   2.819070618   2.901334668   2.935849164   2.927838573   2.884939392   2.815699444   2.728373198   2.630156691   2.526840124   2.422770255   2.320998069   2.223509243   2.131469128   2.045444663   1.965587575   1.891776378   1.823721312   1.761038862   1.703302756   1.650077526   1.600939566   1.555489482   1.513358548   1.474211279   1.437745539   1.403691179   1.371807826   1.341882302   1.313725903   1.287171743   1.262072248   1.23829685   1.215729901   1.19426882   1.173822452   1.154309626   1.1356579   1.117802468   1.100685204   1.084253845   1.068461272   1.053264895   1.038626115   1.024509861   1.010884187   0.9977199198   0.9849903565   0.9726709966   0.96073931   0.9491745341   0.937957495   0.9270704504   0.9164969513   0.90622172   0.8962305413   0.8865101667   0.8770482292   0.8678331663   0.8588541522   0.8501010369   0.8415642907   0.8332349554   0.8251045994   0.8171652774   0.8094094941   0.8018301676   0.794420616   0.7871744926   0.7800858112   0.7731488796   0.7663583004   0.7597089495   0.7531959541   0.7468146792   0.7405607124   0.734429849   0.7284180823   0.7225215872   0.7167367124   0.7110599698   0.7054880246   0.700017687   0.6946459038   0.6893697509   0.6841864263   0.6790932436   0.6740876256   0.669167099   0.6643292885   
28.41457286   5.009650951e-12   6.456808054e-12   8.322010985e-12   1.072602225e-11   1.382448947e-11   1.781802282e-11   2.296518348e-11   2.95992242e-11   3.814966574e-11   4.917010614e-11   6.337406348e-11   8.16811725e-11   1.052767264e-10   1.356884185e-10   1.748852529e-10   2.254050273e-10   2.905186429e-10   3.744418787e-10   4.826083417e-10   6.220212662e-10   8.017069374e-10   1.033299098e-09   1.331792176e-09   1.716512094e-09   2.212367533e-09   2.851462635e-09   3.675175594e-09   4.736837676e-09   6.105186159e-09   7.868814721e-09   1.014190943e-08   1.307164174e-08   1.684769706e-08   2.171455597e-08   2.798732309e-08   3.607212849e-08   4.649242263e-08   5.992286708e-08   7.723301547e-08   9.954361268e-08   1.282991575e-07   1.653614263e-07   2.131300142e-07   2.746976961e-07   3.540506682e-07   4.563266341e-07   5.881474443e-07   7.580478271e-07   9.770279676e-07   1.259265712e-06   1.623034507e-06   2.091886507e-06   2.696177446e-06   3.475032e-06   4.478876877e-06   5.772705644e-06   7.440286643e-06   9.589586419e-06   1.235975977e-05   1.593015891e-05   2.053194494e-05   2.646305326e-05   3.41074815e-05   4.396014834e-05   5.665893187e-05   7.302596039e-05   9.412082691e-05   0.0001213091688   0.0001563510468   0.0002015148348   0.0002597239775   0.0003347460889   0.000431436588   0.0005560525661   0.0007166570786   0.0009236398188   0.001190387526   0.001534146934   0.001977135147   0.002547967676   0.003283493884   0.004231154122   0.005452003695   0.007024586982   0.009049891972   0.01165767196   0.01501448743   0.01933389614   0.02488929858   0.03203002001   0.0412012613   0.05296854392   0.06804715488   0.08733676947   0.1119607495   0.1433083649   0.183076068   0.2333005943   0.2963716992   0.3750056039   0.4721521659   0.590801219   0.7336506196   0.9026076595   1.098126766   1.318448544   1.558896149   1.811478323   2.065086669   2.306487456   2.522065829   2.69995502   2.831947717   2.914608643   2.949305703   2.941286394   2.898221154   2.828695931   2.741002088   2.64236788   2.538609466   2.434093133   2.3318836   2.233975517   2.141539535   2.055145209   1.974945019   1.900817006   1.832470173   1.769519344   1.711536392   1.658083945   1.60873654   1.563093033   1.520783082   1.481469728   1.444849512   1.410651098   1.378633061   1.348581288   1.320306247   1.293640326   1.268435303   1.244560039   1.221898382   1.200347306   1.179815256   1.16022071   1.141490911   1.123560772   1.106371915   1.089871851   1.074013258   1.058753361   1.044053396   1.029878142   1.016195513   1.002976214   0.9901934256   0.977822543   0.9658409406   0.9542277669   0.9429637665   0.9320311219   0.9214133142   0.911095001   0.9010619071   0.8913007281   0.8817990448   0.872545246   0.8635284607   0.8547384959   0.8461657823   0.8378013241   0.8296366544   0.821663795   0.8138752191   0.8062638155   0.7988228693   0.7915460232   0.7844272504   0.7774608406   0.7706413746   0.763963705   0.7574229413   0.7510144285   0.7447337363   0.7385766432   0.732539124   0.7266173402   0.7208076249   0.7151064756   0.709510544   0.7040166272   0.6986216596   0.6933227053   0.688116951   0.6830016992   0.6779743625   0.6730324573   
28.66834171   3.904308518e-12   5.032161109e-12   6.485820808e-12   8.359404765e-12   1.077421811e-11   1.388660786e-11   1.789808559e-11   2.306837429e-11   2.973222413e-11   3.832108587e-11   4.939104506e-11   6.365882587e-11   8.20481953e-11   1.057497725e-10   1.362981152e-10   1.756710751e-10   2.264178529e-10   2.918240474e-10   3.761243803e-10   4.847768741e-10   6.248162308e-10   8.053092942e-10   1.037942082e-09   1.337776396e-09   1.724224999e-09   2.222308494e-09   2.86427528e-09   3.691689475e-09   4.758121986e-09   6.13261895e-09   7.904172127e-09   1.018748067e-08   1.313037732e-08   1.692339981e-08   2.181212726e-08   2.811308016e-08   3.62342135e-08   4.670132976e-08   6.019212201e-08   7.75800511e-08   9.999089783e-08   1.288756516e-07   1.661044545e-07   2.140876838e-07   2.759320114e-07   3.556415448e-07   4.583770733e-07   5.907902016e-07   7.614540078e-07   9.814181046e-07   1.264924044e-06   1.630327383e-06   2.101286103e-06   2.708292338e-06   3.490646565e-06   4.499002077e-06   5.798644481e-06   7.473718519e-06   9.632675869e-06   1.24152966e-05   1.600173882e-05   2.062420233e-05   2.658196125e-05   3.426073865e-05   4.415767706e-05   5.691352078e-05   7.335409224e-05   9.454374557e-05   0.0001218542545   0.0001570535882   0.0002024203133   0.0002608910107   0.0003362502236   0.000433375188   0.0005585511109   0.0007198772779   0.0009277900671   0.001195736369   0.001541040416   0.001986019139   0.002559416634   0.003298247842   0.004250166286   0.005476501621   0.007056151165   0.009090556707   0.0117100546   0.0150819538   0.01942077176   0.02500113759   0.03217394647   0.04138640011   0.0532065618   0.06835293372   0.08772923558   0.11246388   0.1439523842   0.1838988317   0.2343491226   0.2977037711   0.3766912364   0.4742746812   0.5934574515   0.7369496414   0.9066672794   1.103067067   1.32438201   1.565914634   1.819638219   2.074394922   2.316891973   2.533453647   2.712159972   2.844766634   2.927822564   2.962701274   2.954673187   2.911442533   2.841633217   2.753573333   2.654523207   2.550324847   2.445363977   2.342718989   2.244393468   2.151563338   2.064800761   1.984258966   1.90981552   1.841178195   1.777960165   1.71973145   1.666052784   1.616496858   1.570660784   1.528172608   1.488693908   1.451919904   1.41757808   1.385425962   1.355248507   1.326855362   1.300078184   1.274768113   1.250793439   1.22803751   1.206396852   1.185779517   1.16610363   1.147296123   1.129291627   1.112031514   1.09546307   1.07953877   1.064215657   1.0494548   1.035220828   1.021481521   1.008207456   0.9953717024   0.9829495497   0.9709182769   0.9592569447   0.9479462161   0.9369681986   0.9263063041   0.9159451256   0.9058703281   0.8960685516   0.8865273248   0.8772349883   0.8681806255   0.8593540012   0.8507455062   0.8423461075   0.8341473031   0.8261410817   0.8183198856   0.8106765741   0.8032044047   0.7958969938   0.7887482902   0.7817525598   0.7749043614   0.7681985265   0.7616301445   0.7551945417   0.7488872693   0.7427040891   0.7366409593   0.7306940257   0.7248596067   0.7191341856   0.7135144005   0.7079970356   0.7025790129   0.6972573847   0.6920293263   0.6868921295   0.6818431964   
28.92211055   3.042730525e-12   3.921695774e-12   5.054571088e-12   6.514704444e-12   8.396632128e-12   1.082219949e-11   1.39484498e-11   1.797779205e-11   2.317110585e-11   2.986463216e-11   3.849174311e-11   4.961100072e-11   6.394232096e-11   8.241358471e-11   1.062207133e-10   1.369050986e-10   1.764534e-10   2.274261711e-10   2.931236423e-10   3.777993942e-10   4.869357556e-10   6.275987568e-10   8.088956191e-10   1.042564402e-09   1.343733983e-09   1.731903578e-09   2.232205213e-09   2.877030903e-09   3.708129864e-09   4.779311573e-09   6.159929655e-09   7.93937218e-09   1.02328491e-08   1.318885149e-08   1.699876565e-08   2.190926432e-08   2.823827758e-08   3.639557717e-08   4.690930717e-08   6.046017866e-08   7.792554229e-08   1.004361924e-07   1.294495801e-07   1.66844176e-07   2.150410914e-07   2.771608334e-07   3.572253414e-07   4.604183872e-07   5.934211977e-07   7.648450297e-07   9.857887038e-07   1.270557195e-06   1.637587803e-06   2.110643868e-06   2.720353315e-06   3.506191639e-06   4.519037712e-06   5.82446788e-06   7.507001611e-06   9.675573556e-06   1.247058628e-05   1.607300018e-05   2.071604914e-05   2.670034005e-05   3.441331375e-05   4.43543267e-05   5.716697668e-05   7.368076378e-05   9.496478208e-05   0.0001223969143   0.000157753003   0.0002033217622   0.0002620528502   0.0003377476643   0.0004353051606   0.0005610385362   0.000723083146   0.0009319218453   0.001201061409   0.001547903219   0.001994863595   0.00257081464   0.003312936139   0.004269093838   0.005500890521   0.007087574876   0.009131040467   0.01176220411   0.01514911991   0.01950726074   0.02511247886   0.03231723238   0.04157071496   0.05344352037   0.06865735165   0.08811995496   0.1129647711   0.1445935372   0.1847179333   0.2353929837   0.2990299135   0.3783693648   0.4763877467   0.5961018568   0.7402339718   0.9107088175   1.107985358   1.330289034   1.572901831   1.827761722   2.083661638   2.327250031   2.544790576   2.72431033   2.857528148   2.940977239   2.976036697   2.967999773   2.924604343   2.854512102   2.766087711   2.66662343   2.561986998   2.456583492   2.353504918   2.254763753   2.161541174   2.074411935   1.993530011   1.918772496   1.849845939   1.786361867   1.727888459   1.67398456   1.624221023   1.578193225   1.535527607   1.495884288   1.458957174   1.424472575   1.392186972   1.361884396   1.333373674   1.30648574   1.281071093   1.25699746   1.234147686   1.212417854   1.191715625   1.171958772   1.153073915   1.134995406   1.117664369   1.101027865   1.085038166   1.069652135   1.054830675   1.040538266   1.026742551   1.013413984   1.00052552   0.9880523459   0.9759716448   0.9642623889   0.9529051615   0.941881995   0.931176232   0.9207724015   0.9106561087   0.9008139382   0.8912333671   0.8819026876   0.872810938   0.8639478411   0.8553037479   0.8468695883   0.8386368252   0.8305974106   0.8227437678   0.8150687148   0.8075654856   0.8002276707   0.793049194   0.7860242982   0.7791475199   0.7724136699   0.7658178173   0.7593552697   0.7530215604   0.7468124338   0.740723832   0.7347518853   0.7288928973   0.723143337   0.7174998292   0.7119591451   0.7065181945   0.7011740178   0.695923779   0.6907647592   
29.1758794   2.371187307e-12   3.056161288e-12   3.939006332e-12   5.076882214e-12   6.54346067e-12   8.433695276e-12   1.086996921e-11   1.401001895e-11   1.805714691e-11   2.327338426e-11   2.999645612e-11   3.866164756e-11   4.982998612e-11   6.422456552e-11   8.277736233e-11   1.066895768e-10   1.375094044e-10   1.77232274e-10   2.284300414e-10   2.944175045e-10   3.794670193e-10   4.89085114e-10   6.303690086e-10   8.124661242e-10   1.047166333e-09   1.349665291e-09   1.739548286e-09   2.242058277e-09   2.889730259e-09   3.724497732e-09   4.80040769e-09   6.187119888e-09   7.97441696e-09   1.02780174e-08   1.324706773e-08   1.707379904e-08   2.200597289e-08   2.836292273e-08   3.655622904e-08   4.711636717e-08   6.072705286e-08   7.826950948e-08   1.008795227e-07   1.300209769e-07   1.675806344e-07   2.159902934e-07   2.78384235e-07   3.588021517e-07   4.624506967e-07   5.960405882e-07   7.682210934e-07   9.901400238e-07   1.276165497e-06   1.644816196e-06   2.119960354e-06   2.732361088e-06   3.521668142e-06   4.538984967e-06   5.850177368e-06   7.540137886e-06   9.718282015e-06   1.252563206e-05   1.61439472e-05   2.080749081e-05   2.681819667e-05   3.456521581e-05   4.455010889e-05   5.741931454e-05   7.400599432e-05   9.538396135e-05   0.0001229371803   0.0001584493327   0.0002042192346   0.0002632095646   0.0003392384996   0.0004372266197   0.0005635149892   0.0007262748727   0.0009360353975   0.001206362958   0.001554735749   0.002003669036   0.002582162368   0.003327559644   0.004287937898   0.005525171837   0.007118859972   0.009171345647   0.01181412359   0.01521598975   0.0195933682   0.02522332898   0.03245988622   0.04175421675   0.05367943364   0.06896042668   0.0885089507   0.1134634526   0.1452318615   0.1855334211   0.2364322393   0.3003502046   0.3800400885   0.4784914876   0.5987345914   0.7435038052   0.9147325132   1.112881931   1.336169967   1.579858155   1.835849316   2.092887369   2.337562246   2.55607729   2.736406821   2.870233022   2.954073456   2.989312773   2.981266956   2.93770738   2.867333365   2.778545984   2.678669286   2.573596634   2.467752369   2.364242054   2.265087017   2.171473663   2.083979329   2.002758733   1.927688497   1.858473951   1.794724982   1.736007935   1.681879777   1.631909527   1.585690836   1.542848548   1.503041327   1.465961773   1.431335025   1.398916525   1.36848938   1.339861602   1.312863404   1.287344648   1.263172498   1.240229301   1.218410699   1.19762396   1.177786509   1.158824656   1.140672474   1.12327084   1.106566591   1.090511798   1.075063143   1.060181364   1.045830793   1.031978937   1.018596127   1.005655205   0.9931312534   0.9810013615   0.9692444144   0.9578409142   0.9467728189   0.9360234023   0.9255771295   0.9154195464   0.9055371824   0.895917463   0.8865486323   0.8774196839   0.8685202982   0.859840787   0.851372043   0.8431054946   0.8350330648   0.8271471309   0.8194405034   0.8119063753   0.8045383144   0.7973302199   0.7902763114   0.7833711034   0.7766093864   0.769986208   0.7634968586   0.757136853   0.7509019186   0.7447879814   0.7387911561   0.7329077315   0.7271341626   0.7214670607   0.7159031843   0.7104394308   0.705072829   0.6998005316   
29.42964824   1.847785416e-12   2.381562283e-12   3.069533323e-12   3.956241198e-12   5.099095782e-12   6.572091157e-12   8.470596361e-12   1.091753005e-11   1.407131887e-11   1.813615478e-11   2.337521544e-11   3.012770366e-11   3.883080909e-11   5.004801399e-11   6.450557593e-11   8.31395493e-11   1.071563901e-10   1.381110679e-10   1.780077423e-10   2.294295222e-10   2.957057091e-10   3.811273526e-10   4.912250742e-10   6.331271472e-10   8.160210169e-10   1.051748141e-09   1.355570664e-09   1.747159566e-09   2.251868257e-09   2.902374086e-09   3.74079403e-09   4.821411562e-09   6.214191229e-09   8.009308503e-09   1.032298819e-08   1.330502942e-08   1.714850433e-08   2.210225859e-08   2.848702285e-08   3.671617845e-08   4.732252177e-08   6.099276014e-08   7.861197263e-08   1.013209145e-07   1.305898752e-07   1.683138725e-07   2.169353449e-07   2.796022872e-07   3.603720672e-07   4.644741197e-07   5.98648525e-07   7.715823948e-07   9.944723171e-07   1.281749276e-06   1.652012983e-06   2.129236103e-06   2.744316357e-06   3.537076972e-06   4.558845001e-06   5.875774439e-06   7.573129269e-06   9.760803727e-06   1.258043715e-05   1.621458399e-05   2.089853263e-05   2.693553795e-05   3.471645367e-05   4.474503501e-05   5.767054903e-05   7.432980276e-05   9.58013077e-05   0.000123475084   0.0001591426175   0.0002051127828   0.0002643612213   0.000340722816   0.0004391396771   0.0005659806135   0.0007294526431   0.0009401309628   0.001211641326   0.001561538403   0.002012435975   0.002593460476   0.003342119206   0.00430669956   0.005549346981   0.007150008269   0.009211474586   0.01186581604   0.01528256718   0.01967909914   0.02533369439   0.03260191627   0.04193691613   0.05391431531   0.06926217642   0.08889624541   0.1139599533   0.1458673945   0.1863453427   0.2374669498   0.3016647213   0.3817035046   0.4805860261   0.6013558084   0.7467593319   0.9187386006   1.117757071   1.342025151   1.58678401   1.843901472   2.102072653   2.347829222   2.567314451   2.748450154   2.882882003   2.967111985   3.002530285   2.994475521   2.950752422   2.880097772   2.790948896   2.690661501   2.585154455   2.478871284   2.374931048   2.275363887   2.181361414   2.093503533   2.011945702   1.936564074   1.867062765   1.803050028   1.744090384   1.689738926   1.639562851   1.593154087   1.55013589   1.510165476   1.472934143   1.438165863   1.405615045   1.375063875   1.346319554   1.319211578   1.293589174   1.269318944   1.24628274   1.224375765   1.203504895   1.18358721   1.164548708   1.146323189   1.12885128   1.112079596   1.095960009   1.080449019   1.065507202   1.05109874   1.037191006   1.023754208   1.010761075   0.9981865875   0.9860077393   0.9742033293   0.9627537786   0.9516409714   0.9408481129   0.9303596045   0.920160933   0.9102385727   0.9005798979   0.891173105   0.8820071425   0.8730716491   0.8643568973   0.8558537429   0.8475535796   0.8394482979   0.8315302443   0.8237922037   0.8162273332   0.8088291802   0.8015916208   0.7945088498   0.7875753599   0.7807859201   0.7741355604   0.7676195495   0.7612333861   0.7549727804   0.748833642   0.7428120703   0.7369043394   0.7311068904   0.7254163211   0.7198293772   0.7143429439   0.7089540382   
29.68341709   1.43986177e-12   1.855800167e-12   2.391892286e-12   3.082847394e-12   3.973401356e-12   5.121213061e-12   6.600597539e-12   8.507337491e-12   1.096488473e-11   1.413235308e-11   1.821482017e-11   2.347660521e-11   3.025838229e-11   3.899923734e-11   5.026509676e-11   6.478536824e-11   8.350016629e-11   1.076211799e-10   1.387101233e-10   1.787798492e-10   2.304246706e-10   2.969883298e-10   3.827804888e-10   4.933557582e-10   6.358733301e-10   8.195605002e-10   1.056310088e-09   1.361450439e-09   1.754737854e-09   2.261635714e-09   2.914963105e-09   3.757019688e-09   4.842324388e-09   6.241145223e-09   8.044048801e-09   1.036776406e-08   1.336273985e-08   1.72228858e-08   2.219812693e-08   2.861058504e-08   3.687543451e-08   4.752778275e-08   6.125731564e-08   7.89529513e-08   1.01760393e-07   1.311563076e-07   1.690439323e-07   2.178762998e-07   2.808150594e-07   3.619351775e-07   4.664887717e-07   6.012451572e-07   7.74929126e-07   9.987858311e-07   1.287308851e-06   1.659178573e-06   2.138471643e-06   2.756219802e-06   3.552419009e-06   4.578618947e-06   5.901260554e-06   7.605977644e-06   9.803141118e-06   1.263500467e-05   1.628491459e-05   2.098917982e-05   2.705237059e-05   3.486703596e-05   4.493911617e-05   5.792069449e-05   7.465220758e-05   9.621684498e-05   0.0001240106561   0.0001598328972   0.0002060024576   0.0002655078857   0.0003422006983   0.0004410444419   0.0005684355501   0.0007326166388   0.0009442087749   0.001216896814   0.00156831157   0.002021164911   0.00260470961   0.003356615657   0.004325379895   0.005573417332   0.007181021547   0.009251429577   0.01191728441   0.01534885602   0.01976445845   0.02544358139   0.03274333065   0.04211882354   0.0541481788   0.06956261809   0.08928186119   0.1144543017   0.1465001723   0.1871537443   0.2384971744   0.3029735386   0.383359708   0.4826714819   0.6039656574   0.7500007377   0.9227273086   1.122611057   1.347854921   1.593679794   1.85191865   2.111218016   2.358051547   2.578502704   2.760441022   2.895475822   2.980093581   3.015690001   3.007626236   2.96374023   2.89280607   2.803297178   2.70260078   2.596661144   2.489940898   2.385572537   2.285594979   2.191205019   2.102985119   2.021091472   1.945399766   1.875612904   1.811337515   1.7521363   1.697562489   1.647181464   1.600583438   1.557390082   1.517257174   1.479874713   1.444965511   1.412282945   1.381608289   1.352747932   1.325530656   1.299805057   1.275437178   1.252308378   1.23031342   1.209358793   1.189361232   1.170246426   1.1519479   1.134406033   1.11756722   1.101383135   1.085810095   1.070808515   1.056342429   1.042379077   1.028888542   1.015843443   1.003218657   0.9909910836   0.9791394352   0.9676440531   0.9564867476   0.9456506556   0.935120115   0.9248805539   0.9149183917   0.9052209516   0.8957763822   0.8865735876   0.8776021648   0.868852347   0.8603149534   0.8519813431   0.8438433741   0.8358933656   0.8281240606   0.8205286072   0.8131005183   0.8058336445   0.798722159   0.7917605317   0.7849435134   0.7782661118   0.7717235786   0.7653113939   0.759025251   0.7528610441   0.7468148557   0.7408829468   0.735061744   0.7293478318   0.7237379433   0.7182289513   
29.93718593   1.12195113e-12   1.44605346e-12   1.863780475e-12   2.402177896e-12   3.096104248e-12   3.990487768e-12   5.14323529e-12   6.628981414e-12   8.543920725e-12   1.101203591e-11   1.4193125e-11   1.82931475e-11   2.357755926e-11   3.038849932e-11   3.916694178e-11   5.048124662e-11   6.506395814e-11   8.385923352e-11   1.080839723e-10   1.393066043e-10   1.795486379e-10   2.314155422e-10   2.982654384e-10   3.844265206e-10   4.954772855e-10   6.386077112e-10   8.230847725e-10   1.060852431e-09   1.367304945e-09   1.762283574e-09   2.271361195e-09   2.927498023e-09   3.773175616e-09   4.863147341e-09   6.267983382e-09   8.078639802e-09   1.041234749e-08   1.342020228e-08   1.729694762e-08   2.229358326e-08   2.873361621e-08   3.703400618e-08   4.773216162e-08   6.152073422e-08   7.929246461e-08   1.021979828e-07   1.317203056e-07   1.697708547e-07   2.18813211e-07   2.820226197e-07   3.634915704e-07   4.684947657e-07   6.038306303e-07   7.782614745e-07   1.003080808e-06   1.292844534e-06   1.666313369e-06   2.147667495e-06   2.768072093e-06   3.567695113e-06   4.598307914e-06   5.926637142e-06   7.638684853e-06   9.845296565e-06   1.268933769e-05   1.635494295e-05   2.107943744e-05   2.716870114e-05   3.501697112e-05   4.513236327e-05   5.816976495e-05   7.497322686e-05   9.663059648e-05   0.0001245439265   0.0001605202103   0.0002068883091   0.0002666496224   0.0003436722294   0.0004429410209   0.0005708799366   0.0007357670372   0.0009482690626   0.001222129717   0.001575055628   0.002029856334   0.002615910401   0.003371049808   0.004343979951   0.00559738424   0.007211901544   0.009291212859   0.0119685316   0.01541485998   0.01984945093   0.02555299614   0.03288413729   0.04229994917   0.05438103721   0.06986176854   0.08966581967   0.1149465254   0.1471302304   0.1879586713   0.2395229707   0.3042767299   0.3850087918   0.4847479719   0.6065642851   0.7532282049   0.9266988614   1.127444162   1.353659604   1.600545894   1.859901303   2.120323975   2.368229799   2.589642682   2.772380103   2.908015192   2.993018982   3.02879267   3.020719853   2.976671549   2.905458989   2.815591541   2.714487815   2.608117372   2.500961857   2.396167146   2.295780896   2.20100506   2.11242465   2.030196589   1.954196098   1.884124879   1.819587938   1.760146167   1.705350939   1.654765827   1.607979337   1.564611564   1.524316852   1.486783905   1.451734383   1.418920633   1.388123019   1.359147127   1.331821023   1.305992676   1.281527574   1.258306581   1.236224027   1.215186013   1.195108928   1.175918157   1.157546948   1.139935437   1.123029797   1.106781503   1.091146695   1.076085625   1.061562179   1.047543463   1.033999439   1.020902614   1.008227764   0.9959516926   0.9840530275   0.9725120297   0.9613104364   0.9504313161   0.9398589438   0.9295786888   0.9195769159   0.9098408976   0.9003587348   0.8911192874   0.8821121106   0.8733273988   0.8647559345   0.8563890426   0.8482185485   0.840236741   0.8324363354   0.8248104551   0.8173525762   0.8100565339   0.8029164793   0.7959268587   0.7890824026   0.7823780972   0.7758091778   0.7693711057   0.7630595577   0.756870412   0.7507997355   0.7448437749   0.7389989427   0.7332618103   0.727629098   
30.19095477   8.742008569e-13   1.126734615e-12   1.452218769e-12   1.87172678e-12   2.41241968e-12   3.109304615e-12   4.007501376e-12   5.165163685e-12   6.657244348e-12   8.580348082e-12   1.105898617e-11   1.425363797e-11   1.837114109e-11   2.367808315e-11   3.051806193e-11   3.933393164e-11   5.069647549e-11   6.534136099e-11   8.42167708e-11   1.085447927e-10   1.399005437e-10   1.803141509e-10   2.324021919e-10   2.995371053e-10   3.860655389e-10   4.975897733e-10   6.413304414e-10   8.265940281e-10   1.065375418e-09   1.373134506e-09   1.769797142e-09   2.281045237e-09   2.939979531e-09   3.789262705e-09   4.883881569e-09   6.294707186e-09   8.113083414e-09   1.045674096e-08   1.347741986e-08   1.737069387e-08   2.238863287e-08   2.885612316e-08   3.719190218e-08   4.793566964e-08   6.178303039e-08   7.963053128e-08   1.026337081e-07   1.322819006e-07   1.704946797e-07   2.197461301e-07   2.832250347e-07   3.650413316e-07   4.704922123e-07   6.06405087e-07   7.815796243e-07   1.007357484e-06   1.29835663e-06   1.673417764e-06   2.156824163e-06   2.779873882e-06   3.582906128e-06   4.617912989e-06   5.951905603e-06   7.671252699e-06   9.887272391e-06   1.274343921e-05   1.642467292e-05   2.116931049e-05   2.728453601e-05   3.516626741e-05   4.532478696e-05   5.841777414e-05   7.529287831e-05   9.704258502e-05   0.0001250749247   0.0001612045949   0.000207770386   0.0002677864943   0.0003451374905   0.0004448295188   0.0005733139078   0.000738904012   0.0009523120498   0.001227340322   0.001581770951   0.002038510725   0.002627063466   0.003385422457   0.004362500753   0.005621249026   0.007242649963   0.009330826628   0.01201956042   0.0154805827   0.01993408125   0.02566194467   0.03302434395   0.04248030302   0.0546129034   0.07015964427   0.09004814203   0.1154366516   0.1477576036   0.1887601681   0.2405443954   0.3055743671   0.3866508469   0.4868156109   0.6091518349   0.7564419115   0.9306534782   1.132256652   1.359439523   1.607382691   1.867849873   2.129391034   2.378364543   2.600735003   2.784268064   2.920500813   3.005888911   3.041839026   3.033757108   2.989547107   2.918057246   2.827832684   2.726323284   2.619523792   2.511934793   2.406715485   2.305922225   2.210762106   2.121822675   2.039261583   1.962953588   1.892599191   1.827801785   1.768120458   1.713104736   1.662316389   1.615342224   1.571800766   1.531344929   1.493662131   1.458472882   1.425528505   1.394608457   1.365517521   1.338083056   1.312152403   1.287590496   1.264277711   1.24210794   1.220986902   1.200830642   1.181564238   1.163120668   1.145439821   1.128467652   1.112155437   1.096459138   1.081338845   1.066758299   1.052684471   1.039087202   1.025938888   1.013214203   1.000889859   0.988944395   0.9773579945   0.9661123206   0.9551903743   0.9445763676   0.9342556116   0.9242144165   0.9144400042   0.9049204284   0.8956445046   0.8866017467   0.8777823102   0.8691769413   0.8607769304   0.8525740679   0.8445606211   0.8367292702   0.8290731033   0.8215855877   0.814260527   0.8070920467   0.8000745744   0.793202817   0.7864717456   0.779876574   0.7734127468   0.7670759237   0.7608619671   0.7547669287   0.7487870406   0.7429187016   0.7371584697   
30.44472362   6.811345824e-13   8.778965442e-13   1.131497889e-12   1.458358029e-12   1.879639511e-12   2.422618193e-12   3.122449212e-12   4.024443103e-12   5.186999433e-12   6.685387873e-12   8.616621535e-12   1.110573808e-11   1.431389527e-11   1.844880516e-11   2.377818233e-11   3.064707715e-11   3.950021598e-11   5.091079502e-11   6.561759184e-11   8.457279751e-11   1.090036662e-10   1.404919738e-10   1.810764296e-10   2.33384673e-10   3.008033995e-10   3.876976324e-10   4.996933358e-10   6.440416682e-10   8.300884574e-10   1.069879297e-09   1.378939437e-09   1.777278966e-09   2.290688364e-09   2.952408305e-09   3.805281827e-09   4.904528196e-09   6.321318084e-09   8.147381504e-09   1.050094687e-08   1.35343957e-08   1.744412854e-08   2.24832809e-08   2.897811253e-08   3.734913108e-08   4.813831786e-08   6.204421838e-08   7.996716965e-08   1.030675925e-07   1.328411228e-07   1.712154466e-07   2.206751077e-07   2.844223696e-07   3.665845452e-07   4.724812199e-07   6.089686667e-07   7.84883755e-07   1.011616091e-06   1.303845437e-06   1.680492144e-06   2.165942145e-06   2.791625809e-06   3.598052877e-06   4.637435233e-06   5.977067306e-06   7.703682949e-06   9.929070872e-06   1.279731214e-05   1.649410829e-05   2.125880383e-05   2.739988149e-05   3.531493294e-05   4.551639767e-05   5.866473551e-05   7.561117925e-05   9.745283294e-05   0.0001256036794   0.000161886088   0.0002086487363   0.0002689185629   0.0003465965609   0.0004467100379   0.0005757375955   0.0007420277333   0.0009563379556   0.001232528913   0.001588457902   0.00204712855   0.00263816941   0.003399734382   0.004380943306   0.005645012985   0.007273268472   0.009370273029   0.01207037365   0.01554602774   0.02001835401   0.02577043289   0.03316395823   0.04265989486   0.05484378992   0.07045626143   0.090428849   0.1159247069   0.1483823259   0.1895582782   0.2415615039   0.3068665207   0.3882859624   0.4888745109   0.6117284471   0.759642032   0.9345913738   1.137048789   1.365194991   1.614190556   1.875764791   2.138419686   2.38845633   2.611780274   2.796105553   2.932933369   3.018704074   3.054829788   3.04673872   3.002367618   2.930601539   2.840021288   2.738107849   2.630881046   2.522860325   2.41721815   2.316019543   2.220476713   2.131179731   2.048286975   1.971672739   1.901036328   1.83597953   1.776059636   1.720824331   1.669833591   1.62267253   1.578958109   1.538341819   1.500509796   1.465181405   1.43210695   1.401064983   1.371859491   1.344317124   1.3182846   1.293626302   1.270222117   1.247965506   1.226761802   1.20652671   1.187185004   1.168669388   1.15091951   1.133881105   1.117505252   1.101747735   1.086568484   1.071931092   1.0578024   1.044152127   1.030952559   1.018178266   1.005805869   0.9938138217   0.9821822276   0.9708926773   0.9599281043   0.9492726578   0.9389112603   0.928831159   0.9190185343   0.909461723   0.9001494967   0.8910713279   0.8822173335   0.8735782234   0.8651452538   0.8569101861   0.8488652483   0.8410031012   0.8333168046   0.8257997949   0.8184458571   0.8112490923   0.8042039063   0.7973049862   0.7905472822   0.78392599   0.7774365376   0.7710745676   0.7648359262   0.7587166506   0.7527129569   0.7468212315   
30.69849246   5.306880516e-13   6.839899464e-13   8.815767482e-13   1.136241208e-12   1.464471568e-12   1.887519092e-12   2.432773979e-12   3.135538738e-12   4.041313852e-12   5.208743699e-12   6.713413489e-12   8.652743018e-12   1.115229411e-11   1.437390013e-11   1.852614384e-11   2.387786214e-11   3.077555185e-11   3.966580367e-11   5.112421665e-11   6.58926654e-11   8.492733262e-11   1.094606172e-10   1.41080926e-10   1.818355147e-10   2.34363038e-10   3.020643885e-10   3.893228881e-10   5.017880854e-10   6.467415361e-10   8.335682466e-10   1.074364306e-09   1.384720048e-09   1.784729444e-09   2.30029109e-09   2.964785009e-09   3.821233836e-09   4.925088323e-09   6.347817493e-09   8.1815359e-09   1.054496758e-08   1.359113284e-08   1.751725555e-08   2.257753239e-08   2.909959081e-08   3.750570127e-08   4.834011707e-08   6.23043121e-08   8.030239764e-08   1.034996591e-07   1.333980021e-07   1.719331938e-07   2.216001933e-07   2.856146881e-07   3.681212934e-07   4.744618943e-07   6.115215061e-07   7.881740429e-07   1.015856857e-06   1.309311249e-06   1.687536885e-06   2.175021927e-06   2.8033285e-06   3.613136167e-06   4.656875688e-06   6.002123592e-06   7.735977329e-06   9.970694235e-06   1.285095937e-05   1.656325275e-05   2.134792223e-05   2.751474372e-05   3.546297563e-05   4.570720561e-05   5.891066221e-05   7.592814664e-05   9.78613621e-05   0.0001261302189   0.000162564726   0.0002095234066   0.0002700458887   0.0003480495185   0.0004485826785   0.0005781511291   0.0007451383676   0.0009603469946   0.001237695766   0.001595116838   0.002055710271   0.002649228825   0.003413986346   0.004399308592   0.005668677383   0.007303758702   0.009409554166   0.012120974   0.01561119859   0.02010227371   0.02587846659   0.03330298757   0.04283873427   0.0550737091   0.07075163584   0.09080796087   0.1164107172   0.1490044306   0.1903530441   0.2425743504   0.3081532595   0.3899142255   0.4909247817   0.6142942593   0.7628287371   0.9385127583   1.14182083   1.370926315   1.620969853   1.883646482   2.147410416   2.398505703   2.622779088   2.807893208   2.945313529   3.031465163   3.06776566   3.059665395   3.01513378   2.943092556   2.852158023   2.749842158   2.642189762   2.533739059   2.427675726   2.326073414   2.230149425   2.140496346   2.057273274   1.980354044   1.90943677   1.844121639   1.783964154   1.728510165   1.677317863   1.629970675   1.586084004   1.545307924   1.507327295   1.471860339   1.438656347   1.407492972   1.378173402   1.350523587   1.324389622   1.299635341   1.276140144   1.253797063   1.232511047   1.212197462   1.192780778   1.17419343   1.15637482   1.139270468   1.122831255   1.10701279   1.091774841   1.077080857   1.062897545   1.049194505   1.035943912   1.023120236   1.010700004   0.9986615848   0.9869850036   0.9756517782   0.9646447747   0.95394808   0.9435468888   0.9334274037   0.9235767453   0.9139828736   0.904634516   0.895521104   0.886632716   0.8779600256   0.8694942553   0.8612271343   0.8531508605   0.8452580663   0.8375417838   0.8299954287   0.8226127531   0.8153878428   0.8083150797   0.80138913   0.7946049264   0.7879576443   0.7814426948   0.7750557038   0.7687925018   0.7626491108   0.7566217324   
30.95226131   4.134572566e-13   5.328942416e-13   6.868334471e-13   8.852416618e-13   1.140964819e-12   1.470559707e-12   1.895365935e-12   2.44288757e-12   3.148573881e-12   4.058114506e-12   5.230397623e-12   6.741322664e-12   8.688714424e-12   1.119865672e-11   1.443365568e-11   1.860316121e-11   2.39771278e-11   3.090349277e-11   3.983070337e-11   5.133675156e-11   6.616659608e-11   8.528039472e-11   1.099156697e-10   1.416674313e-10   1.82591446e-10   2.35337338e-10   3.033201383e-10   3.909413912e-10   5.038741318e-10   6.494301867e-10   8.37033578e-10   1.078830681e-09   1.390476642e-09   1.792148967e-09   2.30985392e-09   2.977110289e-09   3.837119567e-09   4.945563027e-09   6.374206804e-09   8.215548392e-09   1.058880539e-08   1.364763425e-08   1.759007874e-08   2.267139229e-08   2.922056438e-08   3.766162093e-08   4.854107785e-08   6.256332519e-08   8.063623284e-08   1.039299305e-07   1.339525677e-07   1.726479589e-07   2.225214353e-07   2.868020529e-07   3.696516567e-07   4.764343396e-07   6.140637391e-07   7.914506603e-07   1.020080003e-06   1.314754351e-06   1.694552357e-06   2.184063984e-06   2.81498257e-06   3.62815679e-06   4.676235371e-06   6.027075775e-06   7.768137533e-06   1.001214466e-05   1.290438371e-05   1.663210993e-05   2.143667037e-05   2.762912873e-05   3.561040323e-05   4.589722079e-05   5.915556715e-05   7.624379711e-05   9.82681939e-05   0.0001266545708   0.0001632405443   0.0002103944428   0.0002711685306   0.0003494964393   0.0004504475386   0.000580554635   0.0007482360778   0.0009643393769   0.001242841151   0.001601748107   0.002064256337   0.002660242291   0.003428179096   0.004417597575   0.00569224346   0.00733412225   0.009448672098   0.0121713641   0.01567609867   0.02018584472   0.02598605142   0.03344143926   0.04301683062   0.05530267297   0.07104578296   0.09118549751   0.1168947082   0.1496239503   0.1911445074   0.243582988   0.3094346509   0.3915357215   0.492966531   0.616849406   0.7660021941   0.9424178376   1.146573023   1.376633796   1.627720938   1.89149536   2.156363696   2.40851319   2.633732025   2.819631651   2.957641951   3.044172857   3.080647329   3.072537822   3.027846277   2.955530967   2.864243542   2.761526846   2.653450552   2.544571587   2.438088786   2.33608439   2.239780776   2.149773034   2.066220979   1.988997987   1.917800986   1.852228569   1.791834456   1.736162672   1.684769629   1.637237072   1.593178855   1.552243639   1.514115013   1.478510063   1.445177069   1.413892788   1.384459615   1.3567028   1.330467818   1.305617956   1.282032131   1.259602945   1.238234966   1.217843222   1.198351881   1.179693106   1.161806062   1.144636047   1.12813375   1.112254602   1.096958212   1.082207884   1.067970194   1.054214621   1.040913229   1.028040391   1.015572538   1.003487956   0.9917665915   0.9803898893   0.9693406488   0.9586028947   0.948161764   0.9380031449   0.9281148897   0.9184841299   0.9090998097   0.8999513198   0.8910287001   0.8823225881   0.8738241726   0.8655251508   0.8574176907   0.8494943963   0.8417482759   0.8341727091   0.8267614395   0.8195085204   0.8124083149   0.8054554685   0.7986448944   0.7919717511   0.7854314306   0.7790195428   0.7727319024   0.7665645164   
31.20603015   3.221121492e-13   4.151619225e-13   5.350913409e-13   6.896652308e-13   8.888914738e-13   1.145668966e-12   1.476622759e-12   1.903180445e-12   2.452959487e-12   3.161555311e-12   4.074845931e-12   5.25196232e-12   6.769116838e-12   8.724537607e-12   1.124482828e-11   1.4493165e-11   1.867986121e-11   2.407598444e-11   3.103090649e-11   3.999492359e-11   5.154841071e-11   6.643939802e-11   8.563200199e-11   1.103688472e-10   1.422515198e-10   1.833442624e-10   2.363076234e-10   3.045707138e-10   3.925532252e-10   5.059515824e-10   6.521077585e-10   8.404846302e-10   1.083278652e-09   1.396209515e-09   1.799537918e-09   2.319377345e-09   2.989384783e-09   3.852939841e-09   4.965953364e-09   6.400487375e-09   8.249420733e-09   1.063246257e-08   1.370390284e-08   1.766260185e-08   2.276486543e-08   2.934103947e-08   3.781689812e-08   4.874121056e-08   6.2821271e-08   8.096869244e-08   1.04358429e-07   1.345048482e-07   1.733597787e-07   2.234388813e-07   2.87984525e-07   3.711757141e-07   4.783986572e-07   6.165954966e-07   7.947137762e-07   1.024285748e-06   1.320175025e-06   1.701538921e-06   2.193068783e-06   2.826588618e-06   3.643115519e-06   4.695515282e-06   6.05192514e-06   7.80016522e-06   1.005342429e-05   1.295758792e-05   1.670068338e-05   2.152505281e-05   2.77430424e-05   3.575722334e-05   4.6086453e-05   5.939946293e-05   7.655814691e-05   9.867334933e-05   0.000127176762   0.0001639135779   0.0002112618899   0.0002722865467   0.000350937398   0.0004523047144   0.000582948237   0.0007513210237   0.0009683153082   0.001247965335   0.001608352051   0.002072767187   0.002671210374   0.003442313364   0.004435811196   0.005715712431   0.007364360683   0.00948762884   0.01222154657   0.01574073132   0.02026907138   0.02609319293   0.03357932044   0.04319419308   0.05553069335   0.07133871797   0.09156147838   0.1173767046   0.150240917   0.1919327091   0.2445874688   0.3107107611   0.3931505341   0.494999864   0.619394019   0.7691625666   0.9463068132   1.151305616   1.38231773   1.63444416   1.899311832   2.165279991   2.418479311   2.644639653   2.831321494   2.969919275   3.056827818   3.093475471   3.085356678   3.040505777   2.967917428   2.876278487   2.773162536   2.664664019   2.555358491   2.44845789   2.346053012   2.249371288   2.1590103   2.075130578   1.997605041   1.926129435   1.860300765   1.799670976   1.743782275   1.692189299   1.644472124   1.600243056   1.55914935   1.52087333   1.48513095   1.451669481   1.42026479   1.390718481   1.362855107   1.336519527   1.311574482   1.287898406   1.265383475   1.243933878   1.223464304   1.203898622   1.185168725   1.167213537   1.149978142   1.133413032   1.117473463   1.102118885   1.087312459   1.073020628   1.059212752   1.045860787   1.032939003   1.020423741   1.008293203   0.9965272547   0.9851072713   0.9740159844   0.9632373571   0.9527564687   0.9425594144   0.932633215   0.9229657369   0.9135456204   0.9043622153   0.8954055233   0.8866661462   0.8781352386   0.8698044664   0.8616659675   0.8537123177   0.8459364987   0.8383318649   0.8308921361   0.8236113432   0.8164838278   0.8095042152   0.8026673993   0.7959685204   0.7894029532   0.7829662909   0.7766543326   
31.45979899   2.509394908e-13   3.234293449e-13   4.168596215e-13   5.372794608e-13   6.924854414e-13   8.925263694e-13   1.150353888e-12   1.482661032e-12   1.910963017e-12   2.46299024e-12   3.174483687e-12   4.091508977e-12   5.273438884e-12   6.79679742e-12   8.760214384e-12   1.129081115e-11   1.455243111e-11   1.875624775e-11   2.417443705e-11   3.115779949e-11   4.015847265e-11   5.175920482e-11   6.671108503e-11   8.598217228e-11   1.108201725e-10   1.428332212e-10   1.840940021e-10   2.372739433e-10   3.058161783e-10   3.941584718e-10   5.080205427e-10   6.547743873e-10   8.439215783e-10   1.087708445e-09   1.401918959e-09   1.80689667e-09   2.328861848e-09   3.001609111e-09   3.868695458e-09   4.986260367e-09   6.42666054e-09   8.283154641e-09   1.067594132e-08   1.375994146e-08   1.773482857e-08   2.285795656e-08   2.946102219e-08   3.797154071e-08   4.894052534e-08   6.307816261e-08   8.129979331e-08   1.047851762e-07   1.350548716e-07   1.740686894e-07   2.243525778e-07   2.891621644e-07   3.726935427e-07   4.803549468e-07   6.19116907e-07   7.97963556e-07   1.028474304e-06   1.325573545e-06   1.708496932e-06   2.20203678e-06   2.838147233e-06   3.658013114e-06   4.714716397e-06   6.076672949e-06   7.832062011e-06   1.009453521e-05   1.301057468e-05   1.676897658e-05   2.161307404e-05   2.785649052e-05   3.590344341e-05   4.627491183e-05   5.964236194e-05   7.6871212e-05   9.907684892e-05   0.0001276968191   0.0001645838609   0.0002121257918   0.0002733999935   0.0003523724676   0.0004541543001   0.0005853320566   0.0007543933617   0.0009722749903   0.001253068577   0.001614929006   0.002081243255   0.002682133632   0.003456389866   0.00445395038   0.005739085486   0.007394475534   0.009526426368   0.01227152395   0.01580509982   0.02035195789   0.02619989656   0.0337166381   0.04337083066   0.05575778179   0.07163045573   0.09193592256   0.1178567311   0.1508553619   0.1927176889   0.2455878435   0.3119816547   0.3947587452   0.4970248838   0.6219282275   0.7723100152   0.9501798827   1.156018847   1.387978405   1.641139862   1.907096294   2.174159754   2.428404575   2.655502531   2.842963334   2.982146133   3.069430697   3.106250746   3.098122624   3.053112938   2.980252584   2.888263484   2.784749835   2.675830752   2.56610034   2.458783585   2.355979809   2.258921472   2.168208638   2.08400255   2.00617567   1.934422566   1.868338664   1.80747414   1.751369388   1.69957728   1.651676226   1.607276993   1.566025436   1.527602617   1.491723362   1.45813394   1.426609328   1.396950346   1.368980849   1.342545083   1.317505247   1.293739294   1.271138974   1.249608099   1.229061021   1.209421308   1.190620589   1.172597546   1.155297047   1.138669391   1.12266966   1.107257145   1.092394862   1.078049124   1.064189173   1.050786854   1.037816339   1.025253878   1.013077585   1.001267252   0.9898041797   0.9786710346   0.9678517174   0.9573312504   0.9470956754   0.9371319635   0.9274279347   0.9179721857   0.9087540259   0.8997634189   0.8909909305   0.882427682   0.8740653074   0.865895915   0.8579120487   0.850106672   0.8424731139   0.8350050589   0.8276965251   0.8205418304   0.81353558   0.8066726487   0.7999481586   0.7933574669   0.7868961507   
31.71356784   1.954864118e-13   2.51957322e-13   3.24741201e-13   4.185504385e-13   5.394587105e-13   6.952942193e-13   8.961465298e-13   1.155019818e-12   1.488674828e-12   1.91871404e-12   2.472980332e-12   3.187359654e-12   4.108104474e-12   5.294828386e-12   6.824365789e-12   8.795746535e-12   1.13366076e-11   1.461145697e-11   1.883232464e-11   2.427249056e-11   3.128417809e-11   4.032135872e-11   5.196914442e-11   6.698167068e-11   8.633092305e-11   1.112696682e-10   1.434125645e-10   1.848407026e-10   2.38236346e-10   3.070565938e-10   3.957572109e-10   5.100811159e-10   6.574302061e-10   8.473445937e-10   1.09212028e-09   1.407605257e-09   1.814225592e-09   2.338307904e-09   3.013783885e-09   3.884387205e-09   5.006485049e-09   6.452727604e-09   8.316751797e-09   1.071924381e-08   1.381575292e-08   1.780676249e-08   2.295067031e-08   2.958051852e-08   3.81255564e-08   4.913903214e-08   6.333401283e-08   8.162955197e-08   1.052101935e-07   1.356026652e-07   1.747747264e-07   2.252625703e-07   2.9033503e-07   3.742052184e-07   4.82303306e-07   6.216280962e-07   8.012001619e-07   1.03264588e-06   1.33095018e-06   1.715426736e-06   2.210968422e-06   2.849658992e-06   3.672850316e-06   4.733839675e-06   6.101320435e-06   7.863829499e-06   1.013547948e-05   1.306334664e-05   1.683699293e-05   2.170073844e-05   2.796947874e-05   3.604907074e-05   4.646260669e-05   5.988427628e-05   7.718300798e-05   9.947871281e-05   0.0001282147679   0.0001652514267   0.0002129861916   0.0002745089266   0.0003538017197   0.000455996388   0.0005877062126   0.000757453245   0.0009762186206   0.001258151131   0.001621479299   0.002089684962   0.002693012609   0.003470409305   0.00447201603   0.00576236379   0.007424468304   0.009565066618   0.01232129873   0.01586920737   0.02043450838   0.02630616762   0.03385339908   0.04354675217   0.05598394963   0.07192101077   0.09230884872   0.1183348114   0.1514673157   0.1934994862   0.2465841623   0.3132473953   0.396360435   0.4990416916   0.624452158   0.775444697   0.9540372394   1.160712954   1.393616104   1.647808378   1.914849137   2.183003431   2.438289478   2.666321203   2.854557757   2.994323139   3.08198213   3.118973801   3.110836309   3.0656684   2.992537065   2.900199149   2.796289341   2.686951327   2.576797689   2.469066411   2.3658653   2.268431828   2.177368532   2.092837362   2.014710326   1.94268082   1.876342695   1.815244363   1.758924416   1.706933968   1.658849765   1.614281046   1.572872267   1.534303236   1.498287655   1.464570796   1.432926747   1.403155546   1.375080358   1.348544814   1.323410573   1.299555112   1.276869754   1.255257935   1.234633673   1.214920239   1.196048993   1.177958378   1.160593049   1.143903113   1.127843474   1.112373267   1.097455366   1.083055953   1.069144151   1.055691696   1.042672662   1.030063206   1.017841359   1.005986836   0.9944808652   0.9833060471   0.972446221   0.961886352   0.9516124289   0.9416113732   0.9318709586   0.9223797388   0.9131269824   0.9041026152   0.8952971674   0.8867017267   0.8783078958   0.8701077497   0.8620938146   0.8542590162   0.8465966655   0.8391004197   0.8317642758   0.8245825305   0.817549769   0.8106608467   0.8039108679   0.7972951724   
31.96733668   1.52282509e-13   1.96272942e-13   2.529710603e-13   3.260477817e-13   4.202344562e-13   5.416291969e-13   6.980917025e-13   8.997521327e-13   1.159666986e-12   1.49466444e-12   1.926433895e-12   2.48293025e-12   3.200183844e-12   4.124633237e-12   5.316131876e-12   6.8518233e-12   8.831135802e-12   1.138221991e-11   1.467024547e-11   1.89080956e-11   2.437014977e-11   3.141004849e-11   4.048358979e-11   5.21782398e-11   6.725116825e-11   8.667827141e-11   1.117173564e-10   1.439895781e-10   1.855844003e-10   2.391948786e-10   3.082920214e-10   3.973495213e-10   5.121334029e-10   6.600753452e-10   8.507538443e-10   1.096514373e-09   1.41326869e-09   1.821525042e-09   2.347715974e-09   3.025909701e-09   3.900015852e-09   5.026628403e-09   6.478689847e-09   8.350213852e-09   1.076237218e-08   1.387133994e-08   1.787840715e-08   2.304301124e-08   2.969953433e-08   3.827895276e-08   4.93367407e-08   6.358883422e-08   8.195798458e-08   1.056335017e-07   1.361482561e-07   1.754779242e-07   2.261689035e-07   2.915031791e-07   3.757108153e-07   4.842438304e-07   6.241291872e-07   8.044237526e-07   1.036800682e-06   1.336305195e-06   1.722328674e-06   2.219864148e-06   2.861124459e-06   3.687627854e-06   4.752886054e-06   6.125868807e-06   7.895469243e-06   1.01762591e-05   1.311590639e-05   1.690473577e-05   2.178805033e-05   2.80820126e-05   3.619411246e-05   4.664954678e-05   6.012521782e-05   7.749355016e-05   9.98789607e-05   0.000128730634   0.000165916308   0.0002138431315   0.0002756134004   0.0003552252244   0.0004578310684   0.0005900708217   0.0007605008238   0.0009801463927   0.001263213247   0.001628003252   0.002098092724   0.002703847839   0.003484372368   0.004490009034   0.005785548487   0.007454340466   0.009603551485   0.01237087335   0.01593305714   0.02051672692   0.02641201134   0.03398961011   0.04372196623   0.05620920795   0.07221039738   0.09268027516   0.1188109691   0.1520768085   0.1942781393   0.2475764739   0.3145080449   0.3979556823   0.5010503864   0.6269659344   0.778566766   0.9578790731   1.165388166   1.399231104   1.654450036   1.922570742   2.191811458   2.448134509   2.677096205   2.866105337   3.006450898   3.094482742   3.131645269   3.123498367   3.078172794   3.004771489   2.912086083   2.807781637   2.69802631   2.587451085   2.479306893   2.375709993   2.277902847   2.186490455   2.101635473   2.023209455   1.950904629   1.884313276   1.822982055   1.766447759   1.714259749   1.665993122   1.621255585   1.579690207   1.540975544   1.50482418   1.47098039   1.439217383   1.409334414   1.381153958   1.354519039   1.329290776   1.305346169   1.28257612   1.260883688   1.24018256   1.220395708   1.201454226   1.183296321   1.165866432   1.149114474   1.132995179   1.117467525   1.102494241   1.08804138   1.074077948   1.060575573   1.047508227   1.034851979   1.022584777   1.010686255   0.9991375734   0.987921265   0.9770211083   0.9664220116   0.9561099105   0.9460716774   0.9362950397   0.9267685082   0.9174813111   0.9084233364   0.8995850788   0.8909575927   0.8825324493   0.8743016975   0.8662578253   0.8583937424   0.8507027292   0.8431784262   0.8358148012   0.8286061321   0.8215469848   0.8146321937   0.8078568468   
32.22110553   1.186231857e-13   1.528903208e-13   1.970563347e-13   2.539807547e-13   3.273491503e-13   4.219117562e-13   5.43791025e-13   7.008780261e-13   9.033433522e-13   1.164295615e-12   1.500630159e-12   1.934122954e-12   2.492840477e-12   3.212956876e-12   4.141096064e-12   5.337350382e-12   6.879171278e-12   8.866383896e-12   1.142765025e-11   1.472879945e-11   1.89835643e-11   2.44674194e-11   3.153541678e-11   4.064517369e-11   5.238650106e-11   6.751959074e-11   8.702423414e-11   1.121632588e-10   1.445642899e-10   1.863251314e-10   2.401495874e-10   3.095225207e-10   3.989354796e-10   5.141775031e-10   6.627099324e-10   8.541494949e-10   1.100890939e-09   1.418909531e-09   1.828795374e-09   2.357086514e-09   3.037987145e-09   3.915582154e-09   5.046691402e-09   6.504548521e-09   8.383542422e-09   1.08053285e-08   1.392670522e-08   1.794976601e-08   2.313498381e-08   2.981807536e-08   3.84317372e-08   4.953366056e-08   6.384263908e-08   8.228510703e-08   1.060551213e-07   1.366916705e-07   1.761783168e-07   2.270716212e-07   2.926666684e-07   3.772104061e-07   4.861766137e-07   6.26620301e-07   8.076344839e-07   1.040938909e-06   1.341638848e-06   1.729203079e-06   2.228724388e-06   2.872544189e-06   3.702346443e-06   4.771856453e-06   6.150319252e-06   7.926982771e-06   1.021687604e-05   1.316825648e-05   1.697220837e-05   2.187501392e-05   2.819409756e-05   3.633857559e-05   4.683574114e-05   6.036519821e-05   7.780285353e-05   0.0001002776119   0.0001292444422   0.000166578537   0.000214696653   0.0002767134683   0.0003566430506   0.0004596584299   0.0005924259978   0.0007635362453   0.0009840584961   0.001268255169   0.001634501179   0.002106466945   0.002714639845   0.00349827973   0.004507930261   0.005808640696   0.007484093462   0.009641882829   0.0124202502   0.01599665219   0.02059861747   0.02651743282   0.03412527775   0.04389648131   0.05643356765   0.07249862951   0.09305021982   0.1192852272   0.1526838697   0.1950536858   0.2485648264   0.3157636645   0.3995445641   0.5030510653   0.6294696784   0.7816763731   0.9617055694   1.17004471   1.404823679   1.661065159   1.930261485   2.200584262   2.457940147   2.68782806   2.877606637   3.018530002   3.106933145   3.144265774   3.136109422   3.090626735   3.016956461   2.923924877   2.819227296   2.709056253   2.598061062   2.489505546   2.385514384   2.287335009   2.195574873   2.110397332   2.031673492   1.959094415   1.892250818   1.830687615   1.773939805   1.721555005   1.673106666   1.628200973   1.586479612   1.54761989   1.511333278   1.47736306   1.445481564   1.415487272   1.387201968   1.360468072   1.335146164   1.311112771   1.288258372   1.266485655   1.245707973   1.225848002   1.206836573   1.188611653   1.171117471   1.15430375   1.138125047   1.122540184   1.107511749   1.093005667   1.078990822   1.065438738   1.052323287   1.039620448   1.027308083   1.015365753   1.003774545   0.9925169267   0.9815766152   0.9709384625   0.9605883512   0.9505131046   0.9407004044   0.9311387181   0.9218172341   0.9127258024   0.9038548825   0.8951954956   0.8867391784   0.8784779598   0.8704042905   0.8625110554   0.8547915154   0.8472392823   0.8398483034   0.8326128355   0.825527424   0.8185868862   
32.47487437   9.2400745e-14   1.190929029e-13   1.53495727e-13   1.97836627e-13   2.54986453e-13   3.286453686e-13   4.23582418e-13   5.459442973e-13   7.036533224e-13   9.069203591e-13   1.168905925e-12   1.506572267e-12   1.941781582e-12   2.502711483e-12   3.225679357e-12   4.157493737e-12   5.358484914e-12   6.906411024e-12   8.901492491e-12   1.14729008e-11   1.47871217e-11   1.905873432e-11   2.456430407e-11   3.16602889e-11   4.08061181e-11   5.25939381e-11   6.778695092e-11   8.736882768e-11   1.126073964e-10   1.451367273e-10   1.870629309e-10   2.411005179e-10   3.107481501e-10   4.005151612e-10   5.162135135e-10   6.65334093e-10   8.575317067e-10   1.105250183e-09   1.424528047e-09   1.836036932e-09   2.36641997e-09   3.050016791e-09   3.93108685e-09   5.066675e-09   6.530304857e-09   8.416739089e-09   1.084811482e-08   1.398185138e-08   1.802084246e-08   2.322659238e-08   2.993614725e-08   3.858391698e-08   4.972980109e-08   6.409543947e-08   8.261093484e-08   1.064750722e-07   1.372329343e-07   1.768759375e-07   2.279707663e-07   2.938255529e-07   3.787040621e-07   4.881017478e-07   6.291015559e-07   8.108325083e-07   1.045060759e-06   1.346951392e-06   1.736050277e-06   2.237549562e-06   2.883918723e-06   3.71700678e-06   4.790751775e-06   6.174672931e-06   7.95837158e-06   1.025733224e-05   1.322039938e-05   1.703941394e-05   2.196163334e-05   2.830573892e-05   3.648246699e-05   4.702119861e-05   6.060422885e-05   7.811093279e-05   0.0001006746855   0.0001297562169   0.0001672381451   0.0002155467966   0.0002778091825   0.0003580552655   0.0004614785594   0.0005947718531   0.0007665596538   0.000987955117   0.001273277138   0.001640973391   0.002114808024   0.002725389141   0.003512132052   0.004525780562   0.005831641515   0.007513728706   0.009680062471   0.01246943164   0.01605999556   0.02068018393   0.02662243707   0.03426040847   0.04407030571   0.05665703939   0.07278572088   0.0934187003   0.1197576082   0.153288528   0.1958261626   0.2495492667   0.3170143137   0.4011271559   0.5050438235   0.6319635089   0.7847736664   0.9655169105   1.174682808   1.410394093   1.667654061   1.937921731   2.209322261   2.46770686   2.698517282   2.889062208   3.030561032   3.119333936   3.156835922   3.148670084   3.103030829   3.029092574   2.935716109   2.83062688   2.720041701   2.608628145   2.499662877   2.395278963   2.296728786   2.204622239   2.119123381   2.040102864   1.967250592   1.900155725   1.838361434   1.781400936   1.728820109   1.680190762   1.635117567   1.593240829   1.554236615   1.517815284   1.483719133   1.451719616   1.421614438   1.393224702   1.36639222   1.340977041   1.316855215   1.293916804   1.272064124   1.251210197   1.231277403   1.21219631   1.19390465   1.176346438   1.159471206   1.14323334   1.127591506   1.112508149   1.097949066   1.083883025   1.070281441   1.057118088   1.044368854   1.03201152   1.020025569   1.008392017   0.9970932658   0.9861129732   0.9754359337   0.9650479777   0.9549358794   0.9450872748   0.9354905886   0.9261349691   0.9170102289   0.9081067922   0.899415647   0.8909283021   0.8826367475   0.8745334157   0.8666111683   0.8588632237   0.851283188   0.8438649805   0.8366028371   0.8294912831   
32.72864322   7.197271853e-14   9.276375405e-14   1.195607758e-13   1.540987561e-13   1.986138554e-13   2.559882024e-13   3.299364972e-13   4.252465198e-13   5.480891146e-13   7.064177214e-13   9.104833206e-13   1.173498133e-12   1.512491044e-12   1.949410139e-12   2.512543729e-12   3.238351883e-12   4.173827024e-12   5.37953646e-12   6.933543811e-12   8.936463231e-12   1.151797367e-11   1.484521495e-11   1.913360918e-11   2.466080833e-11   3.17846707e-11   4.096643056e-11   5.280056063e-11   6.805326129e-11   8.771206815e-11   1.1304979e-10   1.457069169e-10   1.877978334e-10   2.420477145e-10   3.11968967e-10   4.020886402e-10   5.182415294e-10   6.679479496e-10   8.609006381e-10   1.109592311e-09   1.430124501e-09   1.843250056e-09   2.375716776e-09   3.061999202e-09   3.946530666e-09   5.08658013e-09   6.555960059e-09   8.449805408e-09   1.089073313e-08   1.403678101e-08   1.809163982e-08   2.331784125e-08   3.005375553e-08   3.873549921e-08   4.992517146e-08   6.434724723e-08   8.293548328e-08   1.068933742e-07   1.377720728e-07   1.77570819e-07   2.288663809e-07   2.949798871e-07   3.801918531e-07   4.900193227e-07   6.31573068e-07   8.140179754e-07   1.049166424e-06   1.352243076e-06   1.74287059e-06   2.246340084e-06   2.895248595e-06   3.731609553e-06   4.809572903e-06   6.198930984e-06   7.989637139e-06   1.029762958e-05   1.327233754e-05   1.710635563e-05   2.204791264e-05   2.841694192e-05   3.662579339e-05   4.720592787e-05   6.084232092e-05   7.841780237e-05   0.0001010701999   0.0001302659821   0.0001678951633   0.000216393602   0.0002789005944   0.0003594619353   0.0004632915421   0.0005971084973   0.0007695711906   0.0009918364375   0.001278279387   0.001647420188   0.002123116351   0.002736096229   0.003525929981   0.004543560773   0.005854552019   0.007543247586   0.009718092197   0.01251841996   0.0161230902   0.0207614301   0.02672702901   0.03439500857   0.04424344756   0.05687963362   0.07307168491   0.09378573383   0.1202281342   0.1538908119   0.1965956058   0.2505298408   0.3182600511   0.4027035319   0.5070287542   0.6344475428   0.7878587909   0.969313275   1.179302676   1.415942607   1.674217052   1.945551841   2.218025867   2.477435107   2.709164375   2.900472591   3.042544555   3.131685704   3.169356312   3.161180951   3.115385668   3.04118041   2.947460346   2.841980937   2.730983185   2.619152846   2.509779381   2.405004206   2.306084638   2.213633001   2.12781405   2.048497989   1.975373566   1.908028389   1.846003896   1.788831526   1.736055425   1.687245767   1.642005715   1.599974201   1.560826054   1.524270526   1.490048932   1.457931854   1.427716225   1.399222465   1.372291786   1.346783702   1.322573793   1.299551705   1.277619381   1.256689513   1.236684189   1.217533712   1.19917558   1.181553598   1.164617106   1.148320319   1.132621747   1.117483695   1.102871831   1.088754805   1.075103926   1.061892872   1.049097438   1.036695324   1.024665936   1.012990219   1.001650512   0.990630409   0.9799146499   0.9694890124   0.9593402219   0.9494558689   0.9398243354   0.9304347299   0.9212768275   0.9123410174   0.9036182545   0.8951000166   0.8867782609   0.878645403   0.8706942634   0.8629180523   0.8553103397   0.8478650272   0.8405763297   
32.98241206   5.605922572e-14   7.225326947e-14   9.312534882e-14   1.200268259e-13   1.546994359e-13   1.993880558e-13   2.56986049e-13   3.312225956e-13   4.269041384e-13   5.502255758e-13   7.091713503e-13   9.140324009e-13   1.17807245e-12   1.518386761e-12   1.957008974e-12   2.52233767e-12   3.250975036e-12   4.190096676e-12   5.40050599e-12   6.960570888e-12   8.971297724e-12   1.156287094e-11   1.490308186e-11   1.920819233e-11   2.47569366e-11   3.190856792e-11   4.112611844e-11   5.300637816e-11   6.831853412e-11   8.805397136e-11   1.134904601e-10   1.46274885e-10   1.885298727e-10   2.429912208e-10   3.131850276e-10   4.036559889e-10   5.202616441e-10   6.705516227e-10   8.642564442e-10   1.113917521e-09   1.435699152e-09   1.850435078e-09   2.384977363e-09   3.07393493e-09   3.961914313e-09   5.106407711e-09   6.581515309e-09   8.4827429e-09   1.09331854e-08   1.409149664e-08   1.816216136e-08   2.340873461e-08   3.017090561e-08   3.888649088e-08   5.011978068e-08   6.459807396e-08   8.325876728e-08   1.073100465e-07   1.383091108e-07   1.782629932e-07   2.297585061e-07   2.96129724e-07   3.816738478e-07   4.919294268e-07   6.340349511e-07   8.171910321e-07   1.053256094e-06   1.357514144e-06   1.74966433e-06   2.255096358e-06   2.906534326e-06   3.746155434e-06   4.828320704e-06   6.223094528e-06   8.020780887e-06   1.033776992e-05   1.332407335e-05   1.717303651e-05   2.21338558e-05   2.852771167e-05   3.676856139e-05   4.738993743e-05   6.107948538e-05   7.872347638e-05   0.0001014641733   0.0001307737613   0.0001685496217   0.0002172371082   0.0002799877541   0.0003608631247   0.0004650974614   0.0005994360379   0.0007725709945   0.0009957026364   0.001283262147   0.001653841869   0.002131392309   0.002746761602   0.003539674154   0.004561271712   0.005877373263   0.007572651459   0.009755973759   0.01256721743   0.01618593902   0.02084235974   0.02683121346   0.03452908426   0.04441591483   0.05710136059   0.07335653477   0.09415133731   0.1206968269   0.1544907491   0.1973620508   0.2515065941   0.3195009341   0.4042737646   0.5090059488   0.6369218945   0.7909318888   0.973094838   1.183904529   1.421469479   1.680754435   1.953152167   2.226695483   2.487125339   2.719769833   2.911838315   3.054481129   3.143989025   3.181827528   3.173642608   3.127691832   3.053220539   2.959158144   2.853290008   2.741881225   2.62963567   2.519855543   2.414690583   2.315403018   2.222607596   2.136469762   2.056859276   1.983463734   1.915869199   1.853615378   1.796231942   1.743261311   1.694272031   1.648865761   1.606680063   1.567388534   1.530699327   1.496352774   1.464118589   1.433792936   1.405195558   1.378167064   1.352566439   1.328268793   1.305163356   1.283151702   1.262146194   1.242068628   1.222849045   1.204424709   1.186739212   1.169741707   1.153386237   1.137631158   1.122438634   1.107774204   1.093606404   1.079906435   1.066647876   1.053806435   1.041359728   1.029287085   1.017569381   1.00618889   0.9951291454   0.9843748314   0.9739116734   0.963726348   0.9538064004   0.9441401703   0.9347167261   0.9255258059   0.9165577638   0.907803522   0.899254527   0.8909027107   0.8827404503   0.8747605514   0.8669561956   0.8593209302   0.8518486345   
33.2361809   4.366296676e-14   5.62760556e-14   7.253273584e-14   9.348554571e-14   1.204910742e-13   1.552977934e-13   2.001592632e-13   2.57980038e-13   3.32503722e-13   4.285553488e-13   5.523537777e-13   7.11914334e-13   9.175677608e-13   1.182629083e-12   1.524259686e-12   1.964578434e-12   2.532093748e-12   3.26354939e-12   4.206303432e-12   5.421394453e-12   6.987493483e-12   9.005997551e-12   1.160759464e-11   1.496072507e-11   1.928248715e-11   2.485269325e-11   3.203198616e-11   4.128518898e-11   5.321140002e-11   6.858278144e-11   8.839455281e-11   1.139294266e-10   1.468406575e-10   1.89259082e-10   2.439310796e-10   3.143963871e-10   4.052172784e-10   5.222739494e-10   6.731452302e-10   8.675992772e-10   1.118226011e-09   1.441252252e-09   1.857592323e-09   2.394202149e-09   3.085824515e-09   3.977238489e-09   5.12615864e-09   6.606971764e-09   8.51555306e-09   1.097547356e-08   1.414600074e-08   1.823241026e-08   2.349927659e-08   3.02876028e-08   3.903689883e-08   5.031363755e-08   6.484793101e-08   8.358080149e-08   1.07725108e-07   1.388440727e-07   1.789524916e-07   2.306471825e-07   2.972751157e-07   3.831501132e-07   4.938321466e-07   6.364873169e-07   8.20351822e-07   1.057329953e-06   1.362764834e-06   1.756431807e-06   2.263818781e-06   2.917776428e-06   3.760645082e-06   4.846996029e-06   6.247164659e-06   8.051804238e-06   1.037775509e-05   1.337560915e-05   1.723945961e-05   2.221946672e-05   2.863805319e-05   3.691077747e-05   4.757323563e-05   6.1315733e-05   7.902796869e-05   0.0001018566238   0.0001312795775   0.0001692015501   0.0002180773536   0.000281070711   0.0003622588973   0.0004668963993   0.0006017545805   0.0007755592016   0.0009995538891   0.001288225645   0.001660238725   0.002139636274   0.002757385743   0.003553365194   0.004578914182   0.005900106283   0.00760194166   0.009793708875   0.01261582625   0.01624854488   0.02092297651   0.02693499513   0.03466264161   0.04458771534   0.05732223036   0.07364028339   0.09451552732   0.1211637076   0.1550883668   0.1981255325   0.2524795706   0.3207370189   0.4058379253   0.5109754972   0.6393866763   0.7939930995   0.976861771   1.188488574   1.426974959   1.687266506   1.960723055   2.235331502   2.496777997   2.73033414   2.923159901   3.066371303   3.156244463   3.194250145   3.186055632   3.13994989   3.065213519   2.970810047   2.864554621   2.752736334   2.640077109   2.529891839   2.424338553   2.32468437   2.231546451   2.145090933   2.065187129   1.991521488   1.923678533   1.86119625   1.803602544   1.750438119   1.701269896   1.655698038   1.613358743   1.573924379   1.537102002   1.502630968   1.470280125   1.439844872   1.411144274   1.384018344   1.358325537   1.333940496   1.310752035   1.288661362   1.267580512   1.247430988   1.228142572   1.209652293   1.191903535   1.174845262   1.158431345   1.142619986   1.12737321   1.112656428   1.09843806   1.084689201   1.071383333   1.058496074   1.046004959   1.03388924   1.022129725   1.01070862   0.9996094008   0.9888166945   0.9783161747   0.9680944698   0.9581390794   0.948438301   0.9389811637   0.929757368   0.9207572335   0.9119716493   0.9033920314   0.8950102824   0.8868187523   0.8788102207   0.8709778448   0.8633151487   
33.48994975   3.400686095e-14   4.383055343e-14   5.649205367e-14   7.28111301e-14   9.384436079e-14   1.209535416e-13   1.558938555e-13   2.00927512e-13   2.589702139e-13   3.337799338e-13   4.302002247e-13   5.544738152e-13   7.146467949e-13   9.210895583e-13   1.187168235e-12   1.530110081e-12   1.972118855e-12   2.541812399e-12   3.276075506e-12   4.222448015e-12   5.442202783e-12   7.014312795e-12   9.040564262e-12   1.165214677e-11   1.501814714e-11   1.935649696e-11   2.494808255e-11   3.215493094e-11   4.144364929e-11   5.341563537e-11   6.884601503e-11   8.873382771e-11   1.143667092e-10   1.474042595e-10   1.899854939e-10   2.448673329e-10   3.156030995e-10   4.067725785e-10   5.242785349e-10   6.75728888e-10   8.709292861e-10   1.122517973e-09   1.446784049e-09   1.864722111e-09   2.403391546e-09   3.097668489e-09   3.992503878e-09   5.145833799e-09   6.632330563e-09   8.548237352e-09   1.101759949e-08   1.420029574e-08   1.830238968e-08   2.358947123e-08   3.04038523e-08   3.918672978e-08   5.050675074e-08   6.509682955e-08   8.390160031e-08   1.081385772e-07   1.393769823e-07   1.796393448e-07   2.315324497e-07   2.984161134e-07   3.846207153e-07   4.957275672e-07   6.389302748e-07   8.235004864e-07   1.061388184e-06   1.367995381e-06   1.763173323e-06   2.272507742e-06   2.928975402e-06   3.775079145e-06   4.86559971e-06   6.27114245e-06   8.082708575e-06   1.041758686e-05   1.342694725e-05   1.73056279e-05   2.23047492e-05   2.874797142e-05   3.705244797e-05   4.775583065e-05   6.155107431e-05   7.93312929e-05   0.0001022475686   0.0001317834532   0.0001698509775   0.0002189143756   0.0002821495134   0.0003636493153   0.0004686884359   0.0006040642286   0.0007785359451   0.001003390367   0.001293170102   0.00166661104   0.002147848612   0.002767969128   0.003567003711   0.004596488971   0.005922752093   0.007631119496   0.009831299228   0.01266424859   0.01631091056   0.02100328401   0.02703837867   0.0347956866   0.04475885677   0.05754225279   0.07392294342   0.09487832013   0.121628797   0.1556836916   0.1988860849   0.253448814   0.3219683609   0.4073960839   0.5129374872   0.6418419984   0.79704256   0.9806142426   1.193055018   1.432459294   1.693753559   1.968264844   2.243934313   2.506393516   2.74085777   2.934437858   3.07821561   3.168452573   3.206624725   3.198420587   3.152160403   3.077159899   2.98241659   2.875775293   2.763549013   2.650477648   2.539888738   2.433948567   2.333929129   2.240449988   2.153677969   2.07348194   1.999547209   1.931456762   1.868746871   1.810943684   1.757586191   1.708239699   1.662502876   1.620010562   1.580433904   1.543478861   1.508883818   1.476416761   1.445872326   1.417068904   1.38984591   1.364061275   1.339589176   1.316318014   1.294148628   1.272992729   1.252771529   1.23341455   1.214858588   1.197046819   1.179928018   1.163455886   1.147588473   1.132287662   1.117518739   1.103250008   1.089452457   1.076099472   1.063166582   1.05063124   1.038472623   1.026671469   1.015209919   1.00407139   0.9932404513   0.9827027266   0.9724447951   0.9624541118   0.9527189317   0.9432282445   0.9339717139   0.9249396245   0.9161228329   0.9075127243   0.8991011724   0.8908805038   0.8828434587   0.8749831873   
33.74371859   2.648544066e-14   3.413639159e-14   4.399750209e-14   5.670722943e-14   7.30884645e-14   9.420180985e-14   1.214142483e-13   1.564876484e-13   2.016928361e-13   2.5995662e-13   3.350512869e-13   4.318388385e-13   5.565857816e-13   7.173688532e-13   9.24597948e-13   1.191690107e-12   1.535938203e-12   1.979630569e-12   2.551494051e-12   3.288553934e-12   4.238531134e-12   5.462931895e-12   7.041030005e-12   9.074999374e-12   1.169652928e-11   1.50753506e-11   1.943022501e-11   2.50431087e-11   3.227740766e-11   4.160150633e-11   5.361909318e-11   6.910824648e-11   8.907181097e-11   1.14802327e-10   1.479657159e-10   1.907091403e-10   2.458000218e-10   3.168052178e-10   4.083219574e-10   5.262754888e-10   6.783027097e-10   8.742466176e-10   1.126793594e-09   1.452294786e-09   1.871824756e-09   2.412545959e-09   3.109467373e-09   4.00771115e-09   5.165434055e-09   6.657592819e-09   8.580797213e-09   1.105956504e-08   1.425438405e-08   1.837210268e-08   2.367932249e-08   3.051965924e-08   3.933599031e-08   5.069912874e-08   6.534478052e-08   8.422117782e-08   1.085504723e-07   1.399078631e-07   1.803235832e-07   2.324143467e-07   2.995527673e-07   3.860857187e-07   4.976157717e-07   6.413639322e-07   8.266371636e-07   1.065430965e-06   1.373206016e-06   1.769889172e-06   2.281163625e-06   2.940131741e-06   3.789458256e-06   4.884132566e-06   6.295028957e-06   8.113495258e-06   1.0457267e-05   1.347808991e-05   1.737154427e-05   2.238970702e-05   2.885747119e-05   3.719357912e-05   4.793773052e-05   6.178551966e-05   7.963346233e-05   0.0001026370252   0.0001322854106   0.0001704979325   0.0002197482109   0.0002832242087   0.00036503444   0.0004704736502   0.0006063650837   0.0007815013559   0.00100721224   0.001298095734   0.001672959096   0.002156029685   0.002778512221   0.003580590305   0.004613996852   0.005945311689   0.00766018625   0.009868746471   0.01271248658   0.01637303881   0.02108328577   0.02714136861   0.03492822506   0.04492934663   0.05776143755   0.07420452731   0.09523973168   0.1220921157   0.1562767498   0.1996437415   0.2544143668   0.323195014   0.4089483089   0.5148920053   0.6442879688   0.8000804044   0.984352418   1.197604061   1.437922725   1.700215877   1.975777867   2.252504295   2.51597232   2.75134119   2.945672686   3.090014579   3.180613898   3.21895182   3.210738024   3.164323916   3.089060216   2.993978296   2.886952534   2.774319753   2.660837761   2.549846695   2.443521065   2.34313772   2.249318618   2.162231269   2.081744097   2.007541272   1.939204251   1.876267598   1.818255709   1.764705867   1.715181769   1.669280597   1.626635837   1.586917417   1.549830207   1.515111623   1.48252879   1.451875586   1.422969729   1.395650041   1.36977393   1.345215105   1.321861558   1.299613762   1.278383104   1.258090506   1.238665231   1.220043843   1.202169309   1.184990218   1.168460101   1.152536855   1.137182224   1.122361368   1.108042475   1.094196427   1.080796516   1.067818181   1.055238791   1.043037452   1.031194829   1.019693   1.008515322   0.9976463103   0.9870715351   0.9767775283   0.9667516997   0.9569822625   0.947458167   0.93816904   0.9291051314   0.9202572655   0.9116167967   0.9031755699   0.8949258845   0.886860458   
33.99748744   2.062696846e-14   2.658556003e-14   3.426543283e-14   4.416381996e-14   5.692159218e-14   7.336475105e-14   9.455790835e-14   1.218732144e-13   1.570791977e-13   2.024552686e-13   2.609392993e-13   3.363178365e-13   4.334712611e-13   5.586897684e-13   7.200806267e-13   9.280930819e-13   1.196194894e-12   1.541744305e-12   1.987113901e-12   2.561139123e-12   3.300985214e-12   4.254553486e-12   5.483582686e-12   7.067646269e-12   9.10930438e-12   1.174074411e-11   1.513233794e-11   1.950367449e-11   2.513777582e-11   3.239942163e-11   4.175876694e-11   5.382178227e-11   6.936948714e-11   8.940851722e-11   1.152362988e-10   1.485250509e-10   1.914300526e-10   2.467291868e-10   3.180027942e-10   4.098654823e-10   5.282648977e-10   6.808668067e-10   8.775514151e-10   1.131053061e-09   1.457784702e-09   1.878900565e-09   2.421665784e-09   3.121221676e-09   4.022860964e-09   5.184960254e-09   6.682759627e-09   8.613234053e-09   1.110137204e-08   1.430826799e-08   1.844155228e-08   2.376883426e-08   3.063502863e-08   3.948468689e-08   5.089077987e-08   6.559179465e-08   8.453954788e-08   1.089608111e-07   1.404367381e-07   1.810052364e-07   2.332929115e-07   3.006851266e-07   3.875451869e-07   4.994968421e-07   6.437883944e-07   8.297619895e-07   1.069458471e-06   1.378396963e-06   1.776579648e-06   2.289786803e-06   2.951245927e-06   3.803783038e-06   4.902595399e-06   6.318825213e-06   8.144165619e-06   1.04967972e-05   1.352903933e-05   1.74372116e-05   2.247434383e-05   2.896655723e-05   3.733417704e-05   4.811894311e-05   6.201907921e-05   7.993449007e-05   0.0001030250102   0.0001327854715   0.0001711424431   0.0002205788958   0.0002842948435   0.0003664143312   0.0004722521194   0.0006086572454   0.0007844555626   0.001011019672   0.001303002756   0.001679283167   0.002164179848   0.00278901548   0.003594125565   0.004631438583   0.005967786047   0.00768914318   0.009906052227   0.01276054231   0.01643493231   0.02116298525   0.02724396941   0.03506026275   0.04509919231   0.05797979413   0.07448504723   0.09559977762   0.1225536837   0.156867567   0.2003985351   0.2553762709   0.3244170315   0.4104946675   0.516839136   0.6467246935   0.8031067644   0.9880764591   1.2021359   1.443365489   1.706653743   1.98326245   2.26104182   2.525514827   2.761784856   2.956864876   3.101768724   3.192728971   3.231231973   3.223008487   3.176440968   3.100914999   3.005495681   2.898086843   2.785049037   2.671157914   2.559766161   2.453056482   2.352310562   2.258152746   2.170751223   2.089973978   2.015504045   1.946921359   1.883758778   1.825538956   1.771797476   1.72209643   1.676031518   1.633234878   1.593375223   1.556156339   1.521314674   1.488616499   1.457854933   1.428847027   1.401431011   1.375463768   1.350818547   1.327382929   1.305057023   1.283751893   1.263388171   1.243894862   1.225208301   1.207271247   1.1900321   1.173444226   1.157465365   1.142057127   1.127184543   1.112815686   1.098921336   1.085474686   1.072451087   1.059827828   1.047583938   1.035700015   1.024158071   1.012941405   1.002034476   0.9914228027   0.9810928697   0.9710320416   0.96122849   0.9516711258   0.9423495391   0.9332539454   0.9243751364   0.9157044361   0.9072336607   0.8989550823   
34.25125628   1.606391274e-14   2.070435689e-14   2.668530395e-14   3.439399016e-14   4.432951414e-14   5.713515108e-14   7.364000152e-14   9.491267148e-14   1.223304593e-13   1.576685287e-13   2.032148419e-13   2.619182935e-13   3.375796365e-13   4.350975621e-13   5.607858653e-13   7.227822311e-13   9.315751091e-13   1.200682787e-12   1.547528634e-12   1.994569172e-12   2.570748026e-12   3.313369878e-12   4.270515755e-12   5.504156036e-12   7.094162722e-12   9.143480743e-12   1.178479313e-11   1.518911156e-11   1.957684854e-11   2.523208793e-11   3.252097804e-11   4.191543782e-11   5.402371127e-11   6.962974815e-11   8.974396082e-11   1.156686433e-10   1.490822884e-10   1.921482614e-10   2.476548674e-10   3.191958797e-10   4.114032189e-10   5.302468462e-10   6.834212884e-10   8.808438197e-10   1.135296556e-09   1.46325403e-09   1.885949839e-09   2.43075141e-09   3.132931901e-09   4.037953967e-09   5.20441323e-09   6.707832059e-09   8.645549255e-09   1.114302226e-08   1.436194987e-08   1.851074145e-08   2.385801037e-08   3.074996538e-08   3.963282587e-08   5.108171232e-08   6.583788248e-08   8.485672404e-08   1.093696112e-07   1.409636298e-07   1.816843333e-07   2.341681818e-07   3.018132395e-07   3.889991821e-07   5.013708584e-07   6.46203765e-07   8.328750974e-07   1.073470874e-06   1.383568444e-06   1.783245034e-06   2.298377643e-06   2.962318436e-06   3.818054102e-06   4.920988997e-06   6.342532233e-06   8.174720966e-06   1.053617917e-05   1.357979769e-05   1.750263267e-05   2.255866326e-05   2.907523419e-05   3.747424771e-05   4.829947616e-05   6.225176291e-05   8.023438896e-05   0.0001034115403   0.0001332836572   0.0001717845368   0.0002214064657   0.0002853614634   0.0003677890478   0.0004740239193   0.0006109408116   0.0007873986909   0.001014812827   0.001307891377   0.001685583522   0.002172299447   0.002799479351   0.003607610068   0.004648814907   0.005990176127   0.007717991521   0.009943218085   0.01280841784   0.01649659372   0.02124238585   0.02734618546   0.03519180528   0.04526840105   0.05819733185   0.07476451516   0.09595847332   0.1230135207   0.1574561684   0.2011504978   0.2563345673   0.3256344655   0.4120352258   0.5187789625   0.6491522765   0.8061217692   0.9917865251   1.206650729   1.44878782   1.713067431   1.990718914   2.269547256   2.535021444   2.772189217   2.968014908   3.113478552   3.204798315   3.243465714   3.235232509   3.188512086   3.112724763   3.016969247   2.909178708   2.795737338   2.681438564   2.569647576   2.462555242   2.361448066   2.266952768   2.179238216   2.098171956   2.023435889   1.954608434   1.891220753   1.832793759   1.778861343   1.728983999   1.682755949   1.639807988   1.59980762   1.562457547   1.527493258   1.494680169   1.463810646   1.434701071   1.407189087   1.381131055   1.356399763   1.332882384   1.310478664   1.289099344   1.268664769   1.249103687   1.230352203   1.212352869   1.195053899   1.178408491   1.162374233   1.146912596   1.131988486   1.117569864   1.103627401   1.090134197   1.077065514   1.064398561   1.052112291   1.040187234   1.028605338   1.017349841   1.006405148   0.9957567282   0.9853910161   0.9752953325   0.9654578073   0.9558673121   0.9465134007   0.937386254   0.9284766315   0.9197758267   0.9112756272   
34.50502513   1.250993869e-14   1.61237327e-14   2.078145727e-14   2.678467662e-14   3.452206899e-14   4.449459159e-14   5.734791509e-14   7.391422749e-14   9.526611415e-14   1.227860023e-13   1.582556662e-13   2.03971588e-13   2.628936438e-13   3.388367399e-13   4.367178099e-13   5.628741602e-13   7.254737799e-13   9.350441759e-13   1.205153977e-12   1.553291433e-12   2.001996693e-12   2.580321163e-12   3.325708444e-12   4.28641861e-12   5.524652811e-12   7.120580478e-12   9.177529898e-12   1.182867819e-11   1.524567388e-11   1.964975022e-11   2.532604901e-11   3.264208201e-11   4.207152556e-11   5.422488868e-11   6.988904045e-11   9.007815588e-11   1.160993786e-10   1.496374518e-10   1.92863797e-10   2.485771025e-10   3.203845244e-10   4.12935232e-10   5.322214178e-10   6.85966262e-10   8.841239696e-10   1.139524255e-09   1.468703001e-09   1.892972876e-09   2.439803218e-09   3.14459854e-09   4.052990792e-09   5.223793801e-09   6.732811169e-09   8.677744177e-09   1.118451745e-08   1.441543193e-08   1.857967308e-08   2.394685455e-08   3.086447433e-08   3.978041345e-08   5.127193409e-08   6.608305435e-08   8.517271965e-08   1.097768897e-07   1.414885604e-07   1.823609025e-07   2.350401942e-07   3.029371535e-07   3.904477654e-07   5.032378995e-07   6.486101453e-07   8.359766179e-07   1.077468343e-06   1.388720676e-06   1.789885611e-06   2.306936508e-06   2.973349732e-06   3.832272048e-06   4.939314132e-06   6.366151013e-06   8.205162584e-06   1.057541456e-05   1.363036712e-05   1.756781024e-05   2.264266884e-05   2.918350666e-05   3.761379703e-05   4.847933725e-05   6.248358053e-05   8.05331716e-05   0.0001037966317   0.0001337799885   0.0001724242406   0.0002222309552   0.0002864241133   0.0003691586476   0.0004757891245   0.0006132158781   0.0007903308647   0.001018591863   0.001312761802   0.001691860427   0.002180388825   0.002809904274   0.00362104438   0.004666126554   0.006012482868   0.007746732485   0.009980245608   0.01285611516   0.01655802561   0.02132149092   0.02744802105   0.03532285819   0.04543697996   0.05841405984   0.07504294283   0.09631583384   0.123471646   0.1580425787   0.2018996613   0.2572892962   0.3268473671   0.4135700484   0.5207115664   0.6515708198   0.8091255456   0.995482772   1.211148738   1.454189944   1.719457212   1.998147573   2.27802096   2.544492575   2.782554713   2.979123256   3.125144561   3.216822443   3.255653564   3.247410611   3.200537788   3.124490017   3.028399491   2.92022861   2.80638512   2.691680158   2.579491373   2.472017763   2.370550634   2.275719073   2.187692624   2.106338394   2.031337158   1.962265822   1.898653857   1.840020444   1.785897787   1.735844786   1.689454193   1.646355465   1.606214899   1.56873412   1.533647656   1.500720078   1.469742996   1.440532129   1.412924533   1.38677605   1.361959009   1.338360174   1.315878932   1.294425702   1.273920542   1.254291945   1.235475785   1.217414408   1.200055844   1.183353123   1.167263681   1.151748852   1.136773418   1.122305223   1.108314837   1.094775261   1.081661673   1.068951198   1.056622717   1.044656689   1.033035   1.021740829   1.010758525   1.000073507   0.9896721608   0.9795417637   0.9696704038   0.9600469137   0.9506608107   0.9415022414   0.9325619332   0.9238311493   
34.75879397   9.741977383e-15   1.255617979e-14   1.618333165e-14   2.08582728e-14   2.688368214e-14   3.464967461e-14   4.465905915e-14   5.755989302e-14   7.418744029e-14   9.561825099e-14   1.232398623e-13   1.588406344e-13   2.047255383e-13   2.638653905e-13   3.400891989e-13   4.383320715e-13   5.649547398e-13   7.281553844e-13   9.385004259e-13   1.209608647e-12   1.559032941e-12   2.009396772e-12   2.589858932e-12   3.338001424e-12   4.302262711e-12   5.545073857e-12   7.146900631e-12   9.211453255e-12   1.187240112e-11   1.530202721e-11   1.972238256e-11   2.541966293e-11   3.276273855e-11   4.222703662e-11   5.442532281e-11   7.014737476e-11   9.041111621e-11   1.165285225e-10   1.501905641e-10   1.93576689e-10   2.494959303e-10   3.215687775e-10   4.144615849e-10   5.341886941e-10   6.88501833e-10   8.873920007e-10   1.143736335e-09   1.474131841e-09   1.899969965e-09   2.448821583e-09   3.156222074e-09   4.067972062e-09   5.243102768e-09   6.757697992e-09   8.709820151e-09   1.122585933e-08   1.446871641e-08   1.864835005e-08   2.40353705e-08   3.097856021e-08   3.992745576e-08   5.146145307e-08   6.632732041e-08   8.548754778e-08   1.101826634e-07   1.420115515e-07   1.830349721e-07   2.359089849e-07   3.04056915e-07   3.918909968e-07   5.050980426e-07   6.51007635e-07   8.390666795e-07   1.081451042e-06   1.393853873e-06   1.796501653e-06   2.315463752e-06   2.984340271e-06   3.846437465e-06   4.957571562e-06   6.389682532e-06   8.235491731e-06   1.061450499e-05   1.368074972e-05   1.763274701e-05   2.272636406e-05   2.92913791e-05   3.775283077e-05   4.865853382e-05   6.271454169e-05   8.083085035e-05   0.0001041803004   0.0001342744862   0.0001730615809   0.0002230523986   0.0002874828371   0.0003705231873   0.0004775478078   0.0006154825392   0.0007932522052   0.001022356937   0.001317614232   0.001698114141   0.002188448316   0.002820290681   0.003634429057   0.004683374241   0.006034707194   0.007775367262   0.01001713633   0.01290363626   0.01661923053   0.02140030372   0.02754948038   0.0354534269   0.04560493603   0.05862998708   0.07532034178   0.09667187397   0.1239280786   0.1586268223   0.2026460566   0.2582404972   0.3280557867   0.4150991989   0.5226370276   0.6539804237   0.812118218   0.999165353   1.215630114   1.459572087   1.725823351   2.005548736   2.286463284   2.553928613   2.792881776   2.990190383   3.136767237   3.228801859   3.267796037   3.259543306   3.21251858   3.13621126   3.039786898   2.931237019   2.816992838   2.701883137   2.589297975   2.481444454   2.379618662   2.284452043   2.196114817   2.114473652   2.0392082   1.96989386   1.906058419   1.847219332   1.79290712   1.742679098   1.696126551   1.652877602   1.612597347   1.574986337   1.539778146   1.506736495   1.475652249   1.446340463   1.418637607   1.392399006   1.367496533   1.343816546   1.321258071   1.299731207   1.279155727   1.259459868   1.240579276   1.222456092   1.20503816   1.188278345   1.172133931   1.156566114   1.141539553   1.127021977   1.112983853   1.099398087   1.086239768   1.073485943   1.061115416   1.04910858   1.037447256   1.026114564   1.0150948   1.00437333   0.9939364935   0.9837715232   0.9738664656   0.9642101149   0.9547919517   0.9456020887   0.936631221   
35.01256281   7.586252931e-15   9.77772294e-15   1.26022513e-14   1.624271202e-14   2.09348066e-14   2.698232456e-14   3.477681224e-14   4.482292351e-14   5.777109351e-14   7.445965109e-14   9.596909636e-14   1.236920577e-13   1.594234572e-13   2.054767234e-13   2.648335734e-13   3.413370644e-13   4.399404127e-13   5.670276887e-13   7.308271541e-13   9.419439999e-13   1.214046979e-12   1.564753391e-12   2.016769711e-12   2.59936172e-12   3.35024932e-12   4.318048703e-12   5.56542001e-12   7.173124254e-12   9.245252197e-12   1.191596369e-11   1.535817387e-11   1.979474852e-11   2.551293352e-11   3.288295258e-11   4.238197734e-11   5.462502184e-11   7.040476162e-11   9.07428554e-11   1.169560924e-10   1.507416479e-10   1.942869664e-10   2.504113883e-10   3.227486874e-10   4.159823398e-10   5.361487553e-10   6.910281046e-10   8.906480462e-10   1.147932967e-09   1.47954077e-09   1.906941392e-09   2.457806873e-09   3.16780298e-09   4.082898387e-09   5.262340918e-09   6.782493541e-09   8.741778486e-09   1.126704959e-08   1.452180546e-08   1.871677514e-08   2.41235618e-08   3.109222767e-08   4.007395878e-08   5.165027699e-08   6.657069061e-08   8.580122127e-08   1.105869489e-07   1.425326246e-07   1.837065696e-07   2.367745892e-07   3.051725698e-07   3.93328935e-07   5.069513635e-07   6.533963319e-07   8.421454083e-07   1.085419135e-06   1.398968243e-06   1.803093431e-06   2.323959721e-06   2.995290502e-06   3.860550929e-06   4.975762033e-06   6.413127748e-06   8.265709646e-06   1.065345205e-05   1.373094754e-05   1.769744562e-05   2.280975232e-05   2.939885591e-05   3.789135459e-05   4.883707319e-05   6.294465578e-05   8.112743736e-05   0.0001045625619   0.0001347671702   0.0001736965837   0.0002238708293   0.000288537678   0.0003718827225   0.0004793000412   0.0006177408872   0.0007961628316   0.001026108202   0.001322448866   0.00170434492   0.002196478248   0.002830638996   0.003647764645   0.004700558672   0.006056850011   0.00780389702   0.01005389175   0.01295098307   0.01668021098   0.02147882747   0.0276505676   0.03558351673   0.04577227609   0.05884512237   0.07559672331   0.09702660825   0.124382837   0.159208923   0.2033897141   0.259188209   0.3292597734   0.4166227398   0.5245554247   0.6563811864   0.8150999087   1.002834419   1.22009504   1.464934468   1.732166108   2.012922705   2.294874575   2.563329945   2.80317083   3.001216744   3.148347061   3.240737058   3.279893633   3.271631098   3.224454961   3.147888979   3.051131944   2.942204398   2.82756094   2.712047932   2.599067798   2.490835716   2.388652536   2.293152053   2.204505156   2.122578079   2.047049355   1.977492879   1.913434761   1.854390736   1.799889649   1.749487234   1.702773315   1.659374686   1.618955245   1.581214475   1.545884997   1.512729689   1.481538667   1.452126329   1.424328562   1.398000175   1.373012583   1.349251743   1.32661632   1.305016095   1.284370556   1.264607686   1.245662903   1.227478144   1.210001069   1.193184375   1.176985197   1.161364595   1.146287101   1.131720334   1.117634656   1.104002878   1.090800003   1.078002995   1.065590588   1.053543103   1.0418423   1.03047124   1.019414163   1.008656386   0.9981842006   0.9879847955   0.9780461757   0.9683570968   0.9589070032   0.9496859735   
35.26633166   5.907394246e-15   7.613885902e-15   9.813338354e-15   1.264815508e-14   1.63018762e-14   2.101106176e-14   2.708060783e-14   3.490348699e-14   4.498619127e-14   5.798152506e-14   7.47308708e-14   9.631866436e-14   1.241426067e-13   1.600041581e-13   2.062251736e-13   2.657982312e-13   3.425803867e-13   4.415428982e-13   5.690930904e-13   7.334891963e-13   9.453750365e-13   1.218469153e-12   1.570453015e-12   2.024115806e-12   2.60882991e-12   3.362452622e-12   4.333777221e-12   5.585692085e-12   7.199252402e-12   9.278928082e-12   1.195936766e-11   1.541411611e-11   1.986685101e-11   2.560586453e-11   3.300272893e-11   4.253635394e-11   5.482399381e-11   7.066121138e-11   9.107338679e-11   1.173821057e-10   1.512907252e-10   1.949946578e-10   2.513235132e-10   3.239243014e-10   4.174975579e-10   5.381016803e-10   6.935451786e-10   8.938922369e-10   1.152114319e-09   1.484930006e-09   1.913887437e-09   2.466759449e-09   3.179341721e-09   4.097770369e-09   5.281509026e-09   6.807198813e-09   8.773620465e-09   1.130808989e-08   1.457470122e-08   1.87849511e-08   2.421143202e-08   3.120548129e-08   4.021992841e-08   5.183841343e-08   6.681317474e-08   8.611375272e-08   1.109897625e-07   1.430518005e-07   1.843757218e-07   2.37637042e-07   3.062841627e-07   3.94761638e-07   5.087979369e-07   6.557763318e-07   8.452129279e-07   1.08937278e-06   1.404063994e-06   1.80966121e-06   2.332424758e-06   3.006200866e-06   3.874613008e-06   4.993886276e-06   6.436487603e-06   8.295817542e-06   1.069225731e-05   1.37809626e-05   1.776190867e-05   2.289283698e-05   2.950594142e-05   3.802937408e-05   4.901496252e-05   6.317393207e-05   8.142294454e-05   0.0001049434317   0.0001352580605   0.0001743292746   0.0002246862802   0.0002895886784   0.0003732373078   0.000481045895   0.0006199910129   0.0007990628609   0.00102984581   0.001327265898   0.001710553013   0.002204478944   0.002840949634   0.003661051681   0.004717680537   0.00607891221   0.007832322906   0.01009051335   0.0129981575   0.01674096941   0.02155706532   0.02775128678   0.03571313292   0.04593900688   0.05905947436   0.07587209853   0.09738005091   0.1248359397   0.1597889041   0.2041306638   0.2601324699   0.3304593757   0.4181407323   0.5264668349   0.6587732047   0.8180707376   1.006490116   1.224543695   1.470277303   1.738485739   2.020269778   2.303255173   2.572696951   2.813422292   3.012202785   3.1598845   3.252628524   3.291946846   3.28367448   3.236347421   3.159523656   3.062435097   2.953131202   2.838089865   2.722174967   2.608801253   2.500191943   2.397652637   2.30181947   2.212863999   2.130652022   2.054860957   1.985063205   1.9207832   1.861534965   1.806845675   1.756269488   1.709394773   1.665846998   1.625288871   1.587418805   1.551968476   1.518699919   1.487402507   1.457889981   1.429997647   1.403579799   1.3785074   1.354666002   1.331953914   1.310280598   1.289565258   1.269735626   1.250726891   1.232480786   1.214944788   1.198071428   1.181817693   1.166144504   1.151016272   1.1364005   1.12226745   1.108589836   1.095342574   1.082502552   1.070048425   1.057960449   1.046220321   1.034811043   1.0237168   1.012922859   1.002415465   0.9921817619   0.9822097137   0.9724880375   0.9630061416   
35.5201005   4.5999509e-15   5.928756376e-15   7.641418992e-15   9.848825034e-15   1.269389293e-14   1.636082652e-14   2.108704129e-14   2.717853586e-14   3.502970386e-14   4.51488689e-14   5.819119599e-14   7.500111019e-14   9.666696883e-14   1.245915272e-13   1.6058276e-13   2.069709184e-13   2.667594023e-13   3.438192149e-13   4.431395915e-13   5.711510266e-13   7.361416165e-13   9.487936714e-13   1.222875342e-12   1.576132037e-12   2.031435349e-12   2.618263878e-12   3.374611816e-12   4.349448887e-12   5.605890886e-12   7.225286108e-12   9.312482245e-12   1.200261474e-11   1.546985614e-11   1.993869288e-11   2.569845964e-11   3.312207234e-11   4.269017254e-11   5.502224658e-11   7.091673419e-11   9.140272345e-11   1.178065791e-10   1.518378179e-10   1.956997913e-10   2.522323413e-10   3.250956661e-10   4.190072992e-10   5.400475464e-10   6.960531544e-10   8.971247014e-10   1.156280558e-09   1.490299762e-09   1.920808376e-09   2.475679665e-09   3.190838754e-09   4.112588595e-09   5.30060785e-09   6.831814788e-09   8.805347351e-09   1.134898184e-08   1.462740579e-08   1.885288064e-08   2.429898462e-08   3.131832556e-08   4.036537043e-08   5.202586984e-08   6.70547824e-08   8.642515451e-08   1.113911202e-07   1.435690998e-07   1.850424554e-07   2.384963775e-07   3.073917377e-07   3.961891624e-07   5.106378357e-07   6.581477292e-07   8.482693598e-07   1.093312135e-06   1.409141325e-06   1.816205249e-06   2.340859198e-06   3.017071793e-06   3.88862426e-06   5.011945008e-06   6.459763024e-06   8.325816612e-06   1.073092231e-05   1.383079688e-05   1.782613871e-05   2.297562132e-05   2.961263986e-05   3.816689469e-05   4.919220887e-05   6.340237963e-05   8.171738361e-05   0.0001053229248   0.0001357471764   0.0001749596786   0.0002254987836   0.0002906358799   0.0003745869969   0.0004827854383   0.0006222330054   0.0008019524079   0.001033569908   0.001332065519   0.001716738667   0.002212450722   0.002851223004   0.00367429069   0.004734740515   0.006100894664   0.007860646044   0.01012700258   0.01304516142   0.01680150822   0.02163502038   0.0278516419   0.03584228059   0.046105135   0.05927305155   0.07614647836   0.09773221598   0.1252874045   0.1603667887   0.204868935   0.2610733172   0.3316546411   0.4196532365   0.528371334   0.6611565732   0.8210308224   1.010132591   1.228976256   1.475600804   1.744782495   2.027590247   2.311605409   2.582030004   2.823636569   3.023148946   3.171380018   3.264476735   3.303956161   3.295673938   3.248196439   3.171115762   3.073696817   2.964017874   2.848580043   2.732264658   2.618498739   2.509513523   2.40661934   2.310454656   2.221191693   2.138695817   2.062643335   1.992605156   1.928104047   1.868652322   1.813775494   1.763026149   1.715991206   1.672294816   1.631598494   1.593599593   1.558028843   1.524647442   1.493244022   1.463631668   1.435645106   1.409138121   1.383981221   1.360059557   1.337271083   1.315524942   1.294740058   1.274843908   1.255771456   1.237464232   1.21986953   1.202939715   1.186631626   1.170906048   1.155727267   1.141062676   1.126882432   1.113159157   1.099867679   1.086984805   1.074489119   1.062360809   1.050581508   1.039134159   1.028002896   1.017172932   1.006630467   0.9963626006   0.986357256   0.9766031116   
35.77386935   3.581782437e-15   4.616465681e-15   5.950041846e-15   7.668853277e-15   9.884184366e-15   1.273946665e-14   1.641956529e-14   2.116274816e-14   2.727611246e-14   3.515546779e-14   4.531096274e-14   5.84001145e-14   7.527037979e-14   9.701402337e-14   1.250388368e-13   1.611592856e-13   2.077139871e-13   2.67717124e-13   3.450535975e-13   4.447305549e-13   5.732015777e-13   7.387845181e-13   9.522000382e-13   1.227265719e-12   1.581790679e-12   2.038728625e-12   2.62766399e-12   3.386727375e-12   4.365064314e-12   5.626017201e-12   7.251226389e-12   9.345915995e-12   1.204570663e-11   1.552539615e-11   2.001027694e-11   2.579072246e-11   3.324098748e-11   4.284343915e-11   5.52197879e-11   7.117134003e-11   9.173087826e-11   1.182295292e-10   1.523829472e-10   1.964023942e-10   2.531379079e-10   3.262628272e-10   4.205116227e-10   5.419864295e-10   6.985521302e-10   9.003455659e-10   1.160431846e-09   1.495650248e-09   1.927704478e-09   2.484567871e-09   3.20229453e-09   4.127353644e-09   5.319638136e-09   6.856342425e-09   8.836960381e-09   1.138972705e-08   1.467992122e-08   1.89205664e-08   2.438622304e-08   3.143076487e-08   4.051029051e-08   5.221265354e-08   6.729552303e-08   8.673543881e-08   1.117910375e-07   1.440845428e-07   1.857067964e-07   2.393526292e-07   3.08495338e-07   3.97611564e-07   5.124711318e-07   6.605106166e-07   8.513148234e-07   1.097237354e-06   1.414200436e-06   1.822725804e-06   2.34926337e-06   3.027903709e-06   3.902585231e-06   5.029938934e-06   6.482954918e-06   8.355708027e-06   1.076944855e-05   1.388045232e-05   1.789013826e-05   2.305810859e-05   2.97189554e-05   3.830392179e-05   4.936881914e-05   6.363000738e-05   8.201076604e-05   0.000105701056   0.000136234537   0.0001755878204   0.0002263083713   0.0002916793234   0.0003759318425   0.000484518739   0.0006244669524   0.0008048315855   0.001037280641   0.001336847915   0.001722902123   0.002220393891   0.002861459507   0.00368748219   0.00475173927   0.006122798231   0.007888867542   0.01016336086   0.01309199666   0.01686182978   0.02171269568   0.02795163687   0.0359709648   0.04627066693   0.05948586226   0.07641987351   0.09808311719   0.125737249   0.1609425993   0.2056045564   0.2620107876   0.3328456164   0.4211603115   0.5302689963   0.6635313851   0.8239802789   1.013761985   1.233392896   1.480905181   1.751056622   2.034884398   2.319925613   2.59132947   2.833814063   3.034055657   3.182834068   3.276282158   3.315922053   3.307629949   3.260002489   3.182665759   3.084917555   2.974864854   2.859031898   2.742317412   2.628160651   2.518800836   2.41555301   2.319057964   2.229488582   2.146709799   2.070396813   2.000119046   1.935397606   1.875743104   1.820679395   1.7697575   1.722562894   1.678718409   1.63788438   1.5997571   1.564066356   1.530572511   1.499063459   1.469351632   1.441271179   1.414675376   1.389434278   1.365432638   1.342568053   1.320749351   1.299895175   1.279932749   1.260796813   1.242428694   1.224775504   1.207789444   1.191427201   1.175649428   1.160420287   1.14570706   1.131479799   1.117711034   1.104375507   1.091449944   1.078912858   1.066744368   1.054926043   1.043440771   1.032272629   1.021406782   1.010829383   1.000527487   0.9904889759   
36.02763819   2.788907661e-15   3.594550125e-15   4.632921619e-15   5.971251474e-15   7.696189813e-15   9.919417711e-15   1.278487799e-14   1.647809478e-14   2.123818528e-14   2.737334139e-14   3.528078361e-14   4.547247903e-14   5.860828862e-14   7.553868996e-14   9.735984134e-14   1.254845525e-13   1.617337569e-13   2.084544082e-13   2.686714334e-13   3.462835819e-13   4.463158496e-13   5.752448226e-13   7.41418003e-13   9.55594268e-13   1.231640453e-12   1.587429159e-12   2.045995915e-12   2.637030609e-12   3.398799766e-12   4.380624103e-12   5.646071805e-12   7.277074244e-12   9.379230619e-12   1.208864498e-11   1.558073826e-11   2.008160594e-11   2.588265655e-11   3.335947891e-11   4.299615966e-11   5.541662537e-11   7.142503869e-11   9.205786383e-11   1.186509724e-10   1.529261343e-10   1.971024938e-10   2.540402479e-10   3.274258297e-10   4.220105861e-10   5.439184043e-10   7.010422019e-10   9.035549542e-10   1.164568343e-09   1.500981671e-09   1.934576008e-09   2.493424407e-09   3.213709488e-09   4.142066085e-09   5.338600615e-09   6.880782669e-09   8.868460772e-09   1.143032708e-08   1.473224953e-08   1.8988011e-08   2.447315061e-08   3.154280355e-08   4.065469424e-08   5.239877173e-08   6.753540589e-08   8.704461755e-08   1.121895299e-07   1.445981492e-07   1.863687702e-07   2.402058299e-07   3.095950062e-07   3.990288975e-07   5.142978958e-07   6.628650849e-07   8.543494359e-07   1.101148586e-06   1.41924152e-06   1.829223125e-06   2.357637597e-06   3.03869703e-06   3.916496458e-06   5.047868746e-06   6.506064178e-06   8.385492937e-06   1.080783753e-05   1.392993083e-05   1.795390978e-05   2.314030195e-05   2.982489214e-05   3.844046065e-05   4.954480015e-05   6.385682408e-05   8.230310314e-05   0.00010607784   0.0001367201612   0.000176213724   0.0002271150744   0.000292719049   0.0003772718964   0.000486245864   0.0006266929396   0.0008077005044   0.001040978153   0.001341613272   0.001729043618   0.002228308759   0.002871659536   0.003700626687   0.004768677458   0.006144623755   0.007916988484   0.0101995896   0.01313866501   0.01692193641   0.02179009422   0.02805127556   0.03609919049   0.04643560905   0.05969791469   0.07669229449   0.09843276805   0.1261854906   0.161516358   0.2063375565   0.2629449172   0.3340323472   0.4226620154   0.5321598949   0.6658977319   0.8269192207   1.017378439   1.237793786   1.486190636   1.757308362   2.042152514   2.328216105   2.600595709   2.843955169   3.044923341   3.194247093   3.288045254   3.327844989   3.319542978   3.271766031   3.194174103   3.096097754   2.985672571   2.869445845   2.752333632   2.637787375   2.528054254   2.424454009   2.327629743   2.237755003   2.154694292   2.078121705   2.007605182   1.942664176   1.882807603   1.827557663   1.77646382   1.729110106   1.685118046   1.644146792   1.605891582   1.570081265   1.536475372   1.504861061   1.475050112   1.446876102   1.420191796   1.394866801   1.370785469   1.347845046   1.325954045   1.305030826   1.285002364   1.265803174   1.247374381   1.229662916   1.212620816   1.196204619   1.180374843   1.165095529   1.150333845   1.136059743   1.122245658   1.108866247   1.095898156   1.083319826   1.071111307   1.059254108   1.047731056   1.036526178   1.025624586   1.015012387   1.004676592   
36.28140704   2.171491584e-15   2.798778695e-15   3.607272642e-15   4.649319339e-15   5.992386066e-15   7.723429635e-15   9.954526406e-15   1.283012867e-14   1.653641719e-14   2.131335551e-14   2.747022634e-14   3.540565609e-14   4.56334239e-14   5.881572625e-14   7.58060509e-14   9.770443586e-14   1.259286913e-13   1.623061959e-13   2.091922098e-13   2.696223666e-13   3.475092148e-13   4.478955358e-13   5.772808388e-13   7.44042171e-13   9.589764894e-13   1.23599971e-12   1.593047691e-12   2.053237493e-12   2.646364091e-12   3.410829446e-12   4.396128843e-12   5.666055459e-12   7.302830653e-12   9.41242738e-12   1.213143141e-11   1.563588458e-11   2.015268259e-11   2.597426538e-11   3.347755114e-11   4.314833986e-11   5.561276645e-11   7.167783981e-11   9.238369258e-11   1.190709245e-10   1.534673996e-10   1.978001166e-10   2.549393956e-10   3.285847176e-10   4.235042465e-10   5.45843544e-10   7.035234642e-10   9.067529882e-10   1.168690205e-09   1.506294231e-09   1.941423229e-09   2.50224961e-09   3.225084061e-09   4.156726475e-09   5.357496009e-09   6.905136447e-09   8.89984972e-09   1.147078347e-08   1.478439272e-08   1.905521699e-08   2.455977066e-08   3.165444585e-08   4.079858708e-08   5.258423145e-08   6.777444008e-08   8.735270246e-08   1.125866124e-07   1.451099385e-07   1.870284021e-07   2.410560122e-07   3.106907839e-07   4.004412166e-07   5.16118197e-07   6.652112234e-07   8.573733123e-07   1.105045981e-06   1.424264771e-06   1.835697461e-06   2.365982198e-06   3.049452166e-06   3.930358469e-06   5.065735126e-06   6.529091681e-06   8.415172473e-06   1.084609069e-05   1.39792343e-05   1.801745568e-05   2.322220452e-05   2.993045409e-05   3.857651647e-05   4.972015856e-05   6.408283834e-05   8.259440599e-05   0.0001064532909   0.0001372040673   0.0001768374133   0.0002279189235   0.0002937550963   0.0003786072094   0.0004879668786   0.0006289110516   0.0008105592735   0.001044662584   0.001346361769   0.001735163386   0.002236195626   0.00288182348   0.003713724681   0.004785555721   0.006166372062   0.007945009938   0.01023569016   0.01318516826   0.01698183039   0.02186721893   0.02815056173   0.03622696252   0.04659996761   0.05990921688   0.07696375164   0.09878118182   0.1266321462   0.1620880867   0.207067963   0.2638757416   0.3352148788   0.4241584051   0.5340441017   0.6682557034   0.8298477593   1.02098209   1.242179092   1.491457372   1.763537954   2.04939487   2.336477201   2.609829075   2.854060273   3.055752414   3.205619533   3.299766473   3.339725427   3.331413487   3.283487523   3.205641238   3.107237849   2.996441446   2.879822291   2.76231371   2.647379291   2.537274144   2.433322689   2.336170335   2.245991286   2.162649618   2.085818323   2.015063868   1.949904053   1.889846105   1.834410578   1.783145381   1.735633112   1.691493988   1.650385985   1.612003291   1.576073818   1.542356269   1.510637067   1.480727345   1.452460105   1.425687608   1.400279013   1.376118273   1.353102281   1.331139237   1.310147222   1.290052961   1.270790745   1.252301498   1.234531969   1.217434031   1.200964077   1.185082489   1.169753185   1.154943224   1.140622453   1.126763216   1.113340083   1.100329624   1.087710204   1.075461806   1.063565879   1.052005192   1.040763716   1.029826515   1.019179649   
36.53517588   1.690718877e-15   2.17912333e-15   2.808615052e-15   3.619950465e-15   4.665659453e-15   6.013446412e-15   7.750573764e-15   9.989511763e-15   1.287522038e-14   1.659453472e-14   2.138826167e-14   2.756677094e-14   3.553008989e-14   4.579380336e-14   5.902243515e-14   7.607247259e-14   9.804781981e-14   1.263712699e-13   1.628766239e-13   2.099274195e-13   2.705699591e-13   3.48730542e-13   4.494696725e-13   5.793097024e-13   7.466571202e-13   9.623468291e-13   1.240343652e-12   1.598646485e-12   2.060453633e-12   2.655664784e-12   3.422816866e-12   4.411579114e-12   5.68596891e-12   7.328496579e-12   9.445507521e-12   1.217406754e-11   1.569083717e-11   2.022350954e-11   2.606555239e-11   3.359520858e-11   4.329998546e-11   5.58082185e-11   7.192975283e-11   9.270837668e-11   1.194894014e-10   1.540067635e-10   1.984952885e-10   2.558353846e-10   3.297395343e-10   4.249926595e-10   5.477619207e-10   7.059960097e-10   9.099397874e-10   1.172797587e-09   1.511588129e-09   1.948246395e-09   2.51104381e-09   3.236418675e-09   4.171335363e-09   5.376325022e-09   6.92940467e-09   8.931128397e-09   1.151109774e-08   1.483635273e-08   1.912218689e-08   2.46460864e-08   3.176569596e-08   4.094197443e-08   5.276903965e-08   6.801263453e-08   8.765970506e-08   1.129823001e-07   1.4561993e-07   1.876857167e-07   2.419032078e-07   3.117827121e-07   4.018485743e-07   5.179321034e-07   6.675491199e-07   8.603865658e-07   1.108929685e-06   1.429270374e-06   1.842149052e-06   2.374297483e-06   3.060169519e-06   3.944171782e-06   5.083538741e-06   6.552038288e-06   8.444747744e-06   1.088420946e-05   1.402836456e-05   1.808077834e-05   2.330381936e-05   3.003564519e-05   3.871209431e-05   4.989490093e-05   6.430805861e-05   8.288468549e-05   0.0001068274229   0.0001376862734   0.0001774589115   0.0002287199487   0.0002947875039   0.0003799378313   0.0004896818472   0.0006311213714   0.0008134079997   0.001048334071   0.001351093585   0.001741261654   0.002244054785   0.002891951717   0.003726776661   0.00480237469   0.006188043967   0.007972932951   0.0102716639   0.01323150815   0.01704151396   0.02194407269   0.0282494991   0.03635428568   0.04676374877   0.06011977675   0.07723425511   0.09912837155   0.1270772327   0.1626578067   0.2077958033   0.2648032954   0.3363932553   0.4256495366   0.535921687   0.6706053879   0.8327660045   1.024573072   1.246548979   1.496705585   1.76974563   2.056611739   2.344709211   2.619029914   2.864129757   3.066543284   3.216951815   3.311446259   3.351563818   3.343241927   3.29516741   3.217067605   3.118338266   3.007171895   2.890161639   2.772258034   2.656936773   2.546460866   2.442159397   2.344680075   2.254197756   2.17057609   2.093486973   2.022495399   1.957117525   1.896858892   1.841238415   1.789802453   1.742132173   1.697846492   1.656602213   1.618092474   1.582044258   1.548215439   1.516391711   1.48638356   1.458023417   1.431163038   1.405671134   1.381431265   1.358339972   1.33630514   1.315244574   1.295084748   1.27575973   1.257210245   1.23938286   1.222229287   1.20570577   1.189772557   1.174393446   1.159535382   1.145168114   1.131263891   1.117797199   1.104744527   1.092084169   1.079796042   1.067861532   1.056263349   1.044985414   1.034012738   
36.78894472   1.316358064e-15   1.696619471e-15   2.186728451e-15   2.818417094e-15   3.632584061e-15   4.681942565e-15   6.034433288e-15   7.7776232e-15   1.002437507e-14   1.292015479e-14   1.66524495e-14   2.146290652e-14   2.766297873e-14   3.56540896e-14   4.595362334e-14   5.922842294e-14   7.633796487e-14   9.839000585e-14   1.268123046e-13   1.634450619e-13   2.106600644e-13   2.715142459e-13   3.499476086e-13   4.510383178e-13   5.813314883e-13   7.492629471e-13   9.657054112e-13   1.244672441e-12   1.604225747e-12   2.067644598e-12   2.664933031e-12   3.434762467e-12   4.426975488e-12   5.705812893e-12   7.354072969e-12   9.478472261e-12   1.221655493e-11   1.574559806e-11   2.029408942e-11   2.615652094e-11   3.371245557e-11   4.345110204e-11   5.60029887e-11   7.218078705e-11   9.303192812e-11   1.199064184e-10   1.545442458e-10   1.991880354e-10   2.567282479e-10   3.308903225e-10   4.264758803e-10   5.496736051e-10   7.084599297e-10   9.131154695e-10   1.176890641e-09   1.516863558e-09   1.955045758e-09   2.519807331e-09   3.247713749e-09   4.185893287e-09   5.39508835e-09   6.953588233e-09   8.962297959e-09   1.155127137e-08   1.488813147e-08   1.918892315e-08   2.473210103e-08   3.187655796e-08   4.108486157e-08   5.295320315e-08   6.824999804e-08   8.796563668e-08   1.133766073e-07   1.461281423e-07   1.883407382e-07   2.427474479e-07   3.12870831e-07   4.032510224e-07   5.19739682e-07   6.698788605e-07   8.633893075e-07   1.11279984e-06   1.434258515e-06   1.848578136e-06   2.382583761e-06   3.070849484e-06   3.957936908e-06   5.101280247e-06   6.574904846e-06   8.474219841e-06   1.092219526e-05   1.407732344e-05   1.814388011e-05   2.338514949e-05   3.014046934e-05   3.884719919e-05   5.006903371e-05   6.453249319e-05   8.317395234e-05   0.0001072002497   0.0001381667974   0.0001780782417   0.0002295181795   0.00029581631   0.0003812638114   0.0004913908332   0.0006333239804   0.000816246788   0.001051992751   0.001355808894   0.001747338649   0.002251886528   0.002902044621   0.003739783109   0.004819134986   0.00620964027   0.008000758555   0.01030751214   0.01327768637   0.01710098932   0.02202065835   0.02834809132   0.03648116467   0.04692695855   0.06032960204   0.07750381489   0.09947435003   0.1275207663   0.163225539   0.2085211042   0.2657276129   0.3375675202   0.427135465   0.5377927202   0.672946872   0.8356740639   1.028151518   1.250903609   1.501935469   1.775931621   2.063803388   2.352912441   2.628198567   2.874163993   3.077296353   3.228244362   3.323085049   3.363360605   3.355028741   3.306806131   3.228453633   3.129399427   3.017864324   2.900464281   2.782166984   2.666460186   2.555614774   2.450964476   2.353159292   2.262374733   2.178474019   2.101127954   2.029900066   1.964304874   1.903846241   1.848041443   1.796435298   1.748607548   1.70417581   1.662795721   1.624159375   1.587992822   1.554053118   1.522125224   1.492018984   1.46356626   1.436618304   1.411043382   1.386724661   1.363558329   1.341451962   1.320323085   1.300097926   1.280710329   1.262100819   1.244215785   1.227006776   1.210429887   1.194445235   1.179016496   1.164110505   1.149696909   1.135747864   1.12223777   1.109143041   1.096441896   1.084114187   1.072141236   1.060505699   1.049191439   
37.04271357   1.024863927e-15   1.320920304e-15   1.702499624e-15   2.194307226e-15   2.828185179e-15   3.645173889e-15   4.698169265e-15   6.055347458e-15   7.804578926e-15   1.00591176e-14   1.296493353e-14   1.671016365e-14   2.153729277e-14   2.775885322e-14   3.577765973e-14   4.611288965e-14   5.943369712e-14   7.660253738e-14   9.873100645e-14   1.272518113e-13   1.640115306e-13   2.113901711e-13   2.724552614e-13   3.511604588e-13   4.526015287e-13   5.833462699e-13   7.518597465e-13   9.69052358e-13   1.248986233e-12   1.609785681e-12   2.074810651e-12   2.67416917e-12   3.446666685e-12   4.442318522e-12   5.725588129e-12   7.379560753e-12   9.511322799e-12   1.225889513e-11   1.580016923e-11   2.036442478e-11   2.624717435e-11   3.382929637e-11   4.360169509e-11   5.619708415e-11   7.243095159e-11   9.335435866e-11   1.203219906e-10   1.55079866e-10   1.998783823e-10   2.57618018e-10   3.320371239e-10   4.279539626e-10   5.515786667e-10   7.109153138e-10   9.162801498e-10   1.180969514e-09   1.522120712e-09   1.961821565e-09   2.528540493e-09   3.258969692e-09   4.200400778e-09   5.413786676e-09   6.977688015e-09   8.993359537e-09   1.159130583e-08   1.493973083e-08   1.925542822e-08   2.481781767e-08   3.19870359e-08   4.12272537e-08   5.313672863e-08   6.848653924e-08   8.827050844e-08   1.137695486e-07   1.466345939e-07   1.889934905e-07   2.435887633e-07   3.139551804e-07   4.046486118e-07   5.215409985e-07   6.722005302e-07   8.663816467e-07   1.116656587e-06   1.439229376e-06   1.854984948e-06   2.390841332e-06   3.08149245e-06   3.971654346e-06   5.118960291e-06   6.597692185e-06   8.503589837e-06   1.096004946e-05   1.41261127e-05   1.820676326e-05   2.346619787e-05   3.024493034e-05   3.898183602e-05   5.024256323e-05   6.475615024e-05   8.346221707e-05   0.0001075717849   0.0001386456566   0.0001786954262   0.0002303136449   0.0002968415518   0.0003825851978   0.0004930938986   0.0006355189588   0.0008190757418   0.001055638755   0.001360507868   0.001753394591   0.002259691138   0.00291210256   0.003752744499   0.004835837217   0.006231161754   0.00802848776   0.01034323619   0.01332370462   0.01716025863   0.02209697868   0.02844634197   0.03660760409   0.04708960291   0.0605387004   0.07777244078   0.09981912984   0.1279627633   0.1637913043   0.2092438921   0.2666487278   0.3387377162   0.4286162443   0.5396572694   0.6752802411   0.8385720435   1.03171756   1.25524314   1.507147215   1.782096151   2.070970079   2.36108719   2.63733537   2.88416335   3.088012013   3.23949759   3.334683269   3.375116222   3.366774364   3.318404118   3.239799746   3.140421744   3.028519133   2.910730604   2.792040932   2.675949891   2.564736214   2.459738261   2.361608312   2.270522528   2.186343707   2.108741561   2.037278158   1.971466381   1.910808422   1.854819928   1.803044177   1.755059489   1.710482192   1.668966754   1.63020423   1.593919747   1.559869534   1.527837832   1.497633839   1.469088852   1.442053621   1.41639597   1.391998668   1.368757559   1.346579906   1.325382957   1.305092693   1.285642738   1.266973415   1.249030936   1.231766686   1.215136616   1.199100709   1.18362252   1.168668773   1.154209016   1.140215311   1.126661974   1.113525341   1.100783559   1.088416412   1.076405162   1.064732407   
37.29648241   7.978992419e-16   1.028391459e-15   1.325466848e-15   1.708359545e-15   2.201859926e-15   2.837919656e-15   3.657720402e-15   4.714340138e-15   6.076189673e-15   7.831441911e-15   1.00937406e-14   1.30095582e-14   1.676767923e-14   2.16114231e-14   2.785439786e-14   3.590080471e-14   4.627160799e-14   5.963826504e-14   7.686619962e-14   9.907083381e-14   1.276898059e-13   1.645760504e-13   2.121177659e-13   2.733930393e-13   3.523691362e-13   4.541593614e-13   5.853541197e-13   7.544476115e-13   9.723877896e-13   1.253285184e-12   1.615326486e-12   2.08195205e-12   2.683373531e-12   3.458529945e-12   4.457608768e-12   5.745295327e-12   7.404960845e-12   9.544060314e-12   1.230108966e-11   1.585455265e-11   2.043451815e-11   2.633751586e-11   3.394573518e-11   4.375177002e-11   5.63905118e-11   7.268025544e-11   9.367567986e-11   1.207361331e-10   1.556136435e-10   2.005663541e-10   2.585047268e-10   3.331799796e-10   4.294269595e-10   5.534771739e-10   7.1336225e-10   9.194339419e-10   1.185034355e-09   1.527359778e-09   1.968574061e-09   2.537243607e-09   3.270186909e-09   4.214858355e-09   5.432420668e-09   7.001704881e-09   9.024314247e-09   1.163120254e-08   1.499115267e-08   1.932170448e-08   2.490323941e-08   3.209713374e-08   4.136915592e-08   5.331962269e-08   6.872226661e-08   8.857433127e-08   1.141611379e-07   1.471393031e-07   1.89643997e-07   2.444271841e-07   3.15035799e-07   4.060413929e-07   5.233361175e-07   6.74514212e-07   8.693636906e-07   1.120500065e-06   1.444183134e-06   1.861369716e-06   2.399070493e-06   3.092098799e-06   3.985324589e-06   5.136579506e-06   6.620401124e-06   8.532858783e-06   1.099777343e-05   1.41747341e-05   1.826943006e-05   2.354696739e-05   3.034903193e-05   3.911600962e-05   5.041549572e-05   6.49790378e-05   8.374949002e-05   0.0001079420418   0.0001391228683   0.0001793104874   0.0002311063734   0.0002978632663   0.0003839020379   0.0004947911045   0.0006377063852   0.0008218949624   0.001059272215   0.001365190674   0.001759429697   0.002267468897   0.002922125894   0.003765661293   0.004852481984   0.006252609193   0.008056121561   0.01037883734   0.01336956453   0.01721932402   0.02217303643   0.02854425459   0.03673360848   0.04725168766   0.06074707933   0.07804014241   0.1001627234   0.1284032394   0.164355123   0.209964193   0.2675666731   0.3399038854   0.4300919277   0.5415154015   0.6776055788   0.8414600472   1.035271324   1.259567728   1.512341011   1.788239443   2.07811207   2.369233752   2.646440653   2.894128188   3.098690654   3.250711904   3.346241342   3.386831098   3.378479224   3.329961796   3.25110636   3.151405621   3.039136717   2.920960989   2.801880246   2.685406242   2.573825528   2.46848108   2.370027451   2.278641451   2.194185453   2.116328084   2.044629953   1.978602319   1.917745704   1.86157413   1.809629342   1.761488247   1.716765879   1.67511555   1.636227276   1.59982526   1.565664916   1.533529757   1.503228346   1.474591411   1.447469204   1.421729105   1.397253495   1.373937865   1.351689173   1.330424389   1.310069246   1.290557149   1.271828224   1.2538285   1.236509205   1.219826141   1.203739161   1.188211697   1.173210365   1.158704611   1.144666407   1.131069983   1.117891596   1.105109324   1.092702883   1.080653474   
37.55025126   6.211832189e-16   8.006268002e-16   1.031906938e-15   1.329997856e-15   1.714199443e-15   2.209386818e-15   2.84762087e-15   3.670224043e-15   4.730455753e-15   6.096960668e-15   7.858213104e-15   1.012824529e-14   1.305403039e-14   1.682499827e-14   2.168530012e-14   2.794961601e-14   3.60235289e-14   4.642978399e-14   5.984213394e-14   7.712896092e-14   9.940949998e-14   1.281263039e-13   1.651386412e-13   2.128428745e-13   2.743276128e-13   3.535736835e-13   4.557118708e-13   5.873551085e-13   7.570266337e-13   9.757118238e-13   1.257569444e-12   1.620848358e-12   2.089069046e-12   2.692546441e-12   3.470352669e-12   4.472846767e-12   5.764935185e-12   7.430274145e-12   9.576685963e-12   1.234314e-11   1.590875025e-11   2.050437201e-11   2.642754867e-11   3.406177611e-11   4.390133215e-11   5.658327851e-11   7.29287074e-11   9.39959031e-11   1.211488605e-10   1.561455969e-10   2.01251975e-10   2.593884057e-10   3.343189302e-10   4.308949231e-10   5.553691939e-10   7.15800825e-10   9.225769574e-10   1.189085305e-09   1.532580942e-09   1.975303483e-09   2.545916983e-09   3.281365796e-09   4.22926653e-09   5.450990988e-09   7.02563968e-09   9.055163184e-09   1.167096293e-08   1.504239879e-08   1.938775427e-08   2.498836925e-08   3.220685537e-08   4.151057325e-08   5.35018918e-08   6.895718849e-08   8.887711594e-08   1.145513891e-07   1.476422877e-07   1.902922807e-07   2.452627399e-07   3.161127251e-07   4.074294147e-07   5.251251025e-07   6.768199879e-07   8.723355447e-07   1.12433041e-06   1.449119965e-06   1.867732668e-06   2.407271534e-06   3.102668905e-06   3.99894812e-06   5.154138515e-06   6.643032465e-06   8.562027717e-06   1.103536848e-05   1.422318935e-05   1.833188273e-05   2.362746092e-05   3.045277781e-05   3.924972475e-05   5.058783729e-05   6.520116374e-05   8.403578134e-05   0.0001083110336   0.0001395984494   0.0001799234468   0.0002318963932   0.0002988814896   0.0003852143784   0.000496482511   0.0006398863372   0.0008247045496   0.001062893259   0.001369857479   0.001765444181   0.002275220079   0.002932114978   0.003778533951   0.004869069875   0.006273983344   0.008083660936   0.01041431683   0.01341526774   0.01727818759   0.02224883428   0.02864183263   0.0368591823   0.04741321855   0.06095474619   0.07830692926   0.1005051428   0.1288422104   0.1649170148   0.2106820322   0.2684814812   0.3410660689   0.4315625673   0.5433671823   0.6799229675   0.8443381774   1.038812936   1.263877526   1.51751704   1.794361715   2.085229615   2.377352417   2.655514739   2.904058862   3.109332655   3.261887706   3.35775968   3.398505652   3.390143744   3.34147958   3.262373884   3.162351458   3.049717459   2.931155808   2.811685287   2.694829586   2.582883052   2.477193257   2.378417023   2.286731804   2.20199955   2.123887806   2.05195573   1.985712957   1.924658347   1.868304304   1.816191045   1.767894064   1.723027113   1.681242345   1.642228743   1.605709589   1.571439484   1.539201219   1.508802718   1.480074147   1.452865259   1.427042995   1.402489342   1.379099448   1.35677996   1.335447573   1.315027777   1.295453754   1.276665431   1.258608664   1.241234515   1.224498643   1.208360769   1.192784204   1.177735455   1.163183868   1.149101323   1.135461966   1.122241976   1.109419358   1.096973766   
37.8040201   4.835944772e-16   6.232922704e-16   8.033451015e-16   1.035410485e-15   1.334513487e-15   1.720019522e-15   2.216888164e-15   2.85728916e-15   3.682685249e-15   4.746516675e-15   6.11766117e-15   7.884893439e-15   1.016263288e-14   1.309835165e-14   1.688212278e-14   2.175892641e-14   2.804451101e-14   3.614583658e-14   4.658742316e-14   6.004531095e-14   7.739083045e-14   9.974701676e-14   1.285613204e-13   1.656993226e-13   2.135655221e-13   2.752590144e-13   3.547741427e-13   4.572591113e-13   5.893493063e-13   7.595969031e-13   9.790245767e-13   1.261839165e-12   1.626351489e-12   2.096161887e-12   2.701688219e-12   3.482135267e-12   4.488033051e-12   5.784508389e-12   7.455501535e-12   9.609200886e-12   1.238504764e-11   1.59627639e-11   2.057398879e-11   2.651727592e-11   3.417742322e-11   4.405038667e-11   5.677539099e-11   7.317631616e-11   9.431503955e-11   1.215601871e-10   1.566757451e-10   2.01935269e-10   2.602690855e-10   3.354540154e-10   4.323579047e-10   5.572547925e-10   7.182311238e-10   9.25709306e-10   1.193122507e-09   1.537784386e-09   1.982010066e-09   2.554560922e-09   3.292506743e-09   4.243625806e-09   5.469498283e-09   7.049493248e-09   9.085907424e-09   1.171058838e-08   1.509347099e-08   1.945357989e-08   2.507321017e-08   3.231620461e-08   4.165151064e-08   5.36835423e-08   6.919131307e-08   8.917887299e-08   1.149403159e-07   1.481435653e-07   1.909383642e-07   2.4609546e-07   3.171859962e-07   4.088127258e-07   5.269080159e-07   6.791179383e-07   8.752973128e-07   1.128147755e-06   1.454040041e-06   1.874074025e-06   2.415444742e-06   3.113203138e-06   4.012525415e-06   5.171637931e-06   6.665586999e-06   8.591097655e-06   1.107283595e-05   1.427148016e-05   1.839412344e-05   2.370768127e-05   3.055617158e-05   3.938298607e-05   5.075959395e-05   6.542253582e-05   8.432110103e-05   0.000108678773   0.0001400724164   0.0001805343259   0.0002326837318   0.0002998962572   0.0003865222649   0.0004981681772   0.0006420588907   0.0008275046015   0.001066502014   0.001374508445   0.001771438252   0.002282944954   0.002942070161   0.00379136292   0.004885601469   0.006295284955   0.008111106846   0.0104496759   0.01346081584   0.01733685137   0.02232437488   0.0287390795   0.03698432993   0.04757420122   0.06116170824   0.07857281063   0.1008464   0.1292796914   0.1654769995   0.211397435   0.2693931842   0.3422243074   0.4330282146   0.5452126764   0.6822324882   0.8472065346   1.042342521   1.268172684   1.522675484   1.80046318   2.092322962   2.385443469   2.664557945   2.91395572   3.11993839   3.273025389   3.36923869   3.410140298   3.401768335   3.352957879   3.27360272   3.173259646   3.060261742   2.94131543   2.821456408   2.704220265   2.591909114   2.485875111   2.386777335   2.294793885   2.209786286   2.131421008   2.05925576   1.992798559   1.931546611   1.875010703   1.822729532   1.774277182   1.729266127   1.687347368   1.648208856   1.611572957   1.577193457   1.544852431   1.514357166   1.485537268   1.458241992   1.43233784   1.40770641   1.384242504   1.36185246   1.340452703   1.319968474   1.300332737   1.281485223   1.263371608   1.245942796   1.2291543   1.212965709   1.197340216   1.182244216   1.167646958   1.153520228   1.139838089   1.126576644   1.113713826   
38.05778894   3.764723113e-16   4.852253133e-16   6.253942124e-16   8.060542395e-16   1.038902222e-15   1.339013896e-15   1.725819981e-15   2.224364224e-15   2.866924857e-15   3.695104448e-15   4.762523456e-15   6.13829189e-15   7.911483835e-15   1.019690454e-14   1.314252351e-14   1.693905473e-14   2.18323045e-14   2.813908612e-14   3.626773196e-14   4.674453093e-14   6.024780304e-14   7.765181721e-14   1.000833958e-13   1.289948705e-13   1.66258114e-13   2.142857337e-13   2.761872763e-13   3.559705552e-13   4.588011361e-13   5.913367817e-13   7.621585081e-13   9.823261624e-13   1.266094492e-12   1.631836069e-12   2.103230819e-12   2.710799181e-12   3.493878147e-12   4.503168141e-12   5.804015611e-12   7.480643883e-12   9.641606201e-12   1.2426814e-11   1.601659547e-11   2.064337089e-11   2.66067007e-11   3.429268048e-11   4.419893874e-11   5.696685587e-11   7.342309023e-11   9.463310019e-11   1.219701272e-10   1.57204106e-10   2.026162597e-10   2.611467965e-10   3.365852742e-10   4.338159546e-10   5.591340349e-10   7.206532301e-10   9.288310954e-10   1.1971461e-09   1.54297029e-09   1.988694041e-09   2.563175723e-09   3.303610134e-09   4.257936676e-09   5.48794319e-09   7.073266406e-09   9.116548025e-09   1.175008025e-08   1.514437103e-08   1.951918362e-08   2.51577651e-08   3.242518525e-08   4.179197292e-08   5.386458047e-08   6.942464843e-08   8.947961282e-08   1.153279316e-07   1.48643153e-07   1.915822698e-07   2.469253731e-07   3.182556494e-07   4.101913738e-07   5.286849192e-07   6.814081424e-07   8.782490968e-07   1.131952232e-06   1.458943532e-06   1.880394005e-06   2.423590399e-06   3.12370186e-06   4.026056941e-06   5.189078357e-06   6.688065502e-06   8.620069599e-06   1.111017711e-05   1.431960818e-05   1.845615434e-05   2.378763119e-05   3.065921682e-05   3.951579816e-05   5.093077163e-05   6.564316166e-05   8.460545891e-05   0.0001090452728   0.0001405447857   0.0001811431458   0.0002334684163   0.000300907604   0.0003878257425   0.0004998481609   0.0006442241205   0.0008302952144   0.001070098604   0.001379143734   0.001777412118   0.002290643788   0.002951991784   0.003804148643   0.004902077335   0.006316514758   0.008138460236   0.01048491579   0.0135062104   0.0173953174   0.02239966084   0.02883599854   0.03710905568   0.04773464119   0.0613679726   0.07883779568   0.1011865067   0.1297156975   0.1660350963   0.2121104258   0.2703018134   0.3433786408   0.43448892   0.5470519475   0.6845342204   0.8500652176   1.0458602   1.272453352   1.52781652   1.80654405   2.099392357   2.393507192   2.673570586   2.923819106   3.130508228   3.284125341   3.380678772   3.42173544   3.413353406   3.364397098   3.284793262   3.184130569   3.070769938   2.951440214   2.831193958   2.713578615   2.600904039   2.494526954   2.39510869   2.302827984   2.217545945   2.138927964   2.066530309   1.999859386   1.938410747   1.881693574   1.829245042   1.780637837   1.735483155   1.693430847   1.654167838   1.617415581   1.582927051   1.550483605   1.5198919   1.490980979   1.463599604   1.437613839   1.412904893   1.389367225   1.366906866   1.345439966   1.324891523   1.305194283   1.286287779   1.268117512   1.250634224   1.233793287   1.217554154   1.201879902   1.186736817   1.172094046   1.157923286   1.144198517   1.130895762   
38.31155779   2.93072434e-16   3.777333931e-16   4.868506886e-16   6.274891161e-16   8.087543062e-16   1.042382268e-15   1.343499235e-15   1.731601017e-15   2.231815251e-15   2.876528291e-15   3.707482062e-15   4.778476638e-15   6.158853531e-15   7.937985195e-15   1.023106145e-14   1.318654745e-14   1.699579604e-14   2.19054369e-14   2.823334455e-14   3.638921919e-14   4.690111264e-14   6.044961711e-14   7.791193008e-14   1.004186484e-13   1.294269689e-13   1.668150344e-13   2.150035338e-13   2.7711243e-13   3.571629616e-13   4.603379975e-13   5.933176021e-13   7.647115357e-13   9.856166929e-13   1.270335571e-12   1.637302284e-12   2.110276081e-12   2.719879635e-12   3.505581707e-12   4.518252553e-12   5.823457515e-12   7.505702044e-12   9.67390301e-12   1.246844051e-11   1.607024679e-11   2.071252068e-11   2.669582605e-11   3.440755181e-11   4.43469934e-11   5.715767963e-11   7.366903799e-11   9.495009582e-11   1.223786945e-10   1.577306979e-10   2.032949701e-10   2.620215686e-10   3.377127451e-10   4.352691223e-10   5.610069847e-10   7.230672262e-10   9.319424318e-10   1.20115622e-09   1.548138828e-09   1.995355635e-09   2.571761678e-09   3.314676347e-09   4.272199628e-09   5.506326335e-09   7.096959962e-09   9.147086029e-09   1.178943988e-08   1.519510063e-08   1.958456767e-08   2.52420369e-08   3.253380097e-08   4.193196488e-08   5.404501244e-08   6.965720248e-08   8.977934566e-08   1.157142494e-07   1.491410679e-07   1.922240193e-07   2.477525072e-07   3.193217209e-07   4.115654054e-07   5.304558726e-07   6.836906779e-07   8.811909969e-07   1.13574397e-06   1.463830603e-06   1.886692824e-06   2.43170878e-06   3.134165428e-06   4.039543158e-06   5.206460385e-06   6.710468737e-06   8.648944532e-06   1.114739324e-05   1.436757505e-05   1.851797754e-05   2.386731341e-05   3.076191702e-05   3.964816555e-05   5.110137613e-05   6.586304874e-05   8.488886464e-05   0.0001094105454   0.0001410155733   0.000181749927   0.0002342504733   0.0003019155643   0.0003891248556   0.0005015225194   0.0006463821002   0.0008330764832   0.001073683151   0.001383763501   0.00178336598   0.002298316844   0.002961880186   0.003816891554   0.004918498033   0.006337673474   0.008165722034   0.01052003767   0.01355145295   0.01745358766   0.0224746947   0.02893259306   0.03723336379   0.04789454394   0.06157354628   0.07910189341   0.1015254746   0.1301502437   0.1665913242   0.212821029   0.2712073996   0.3445291082   0.435944733   0.5488850579   0.6868282424   0.8529143236   1.049366092   1.276719674   1.532940324   1.812604531   2.106438041   2.401543849   2.682552969   2.933649356   3.141042531   3.295187942   3.392080319   3.433291479   3.424899355   3.375797631   3.295945898   3.194964606   3.081242413   2.961530516   2.840898279   2.722904966   2.609868145   2.503149094   2.403411383   2.310834391   2.225278805   2.146408945   2.07377964   2.006895692   1.945251006   1.888353159   1.835737815   1.786976262   1.741678423   1.699493005   1.660105908   1.623237676   1.588640475   1.556094949   1.525407122   1.496405481   1.468938294   1.442871187   1.418084985   1.394473801   1.371943362   1.350409545   1.329797106   1.310038571   1.291073278   1.272846552   1.255308975   1.238415774   1.222126274   1.206403431   1.191213423   1.176525298   1.162310662   1.148543411   
38.56532663   2.28143056e-16   2.940476165e-16   3.789902804e-16   4.884706577e-16   6.295770519e-16   8.114453919e-16   1.045850738e-15   1.347969655e-15   1.737362825e-15   2.239241494e-15   2.886099782e-15   3.719818506e-15   4.794376759e-15   6.179346779e-15   7.964398407e-15   1.026510475e-14   1.323042497e-14   1.705234863e-14   2.197832604e-14   2.832728947e-14   3.651030233e-14   4.705717353e-14   6.065075991e-14   7.817117777e-14   1.00752786e-13   1.298576301e-13   1.673701023e-13   2.157189463e-13   2.780345065e-13   3.583514018e-13   4.61869747e-13   5.952918341e-13   7.672560716e-13   9.888962787e-13   1.274562543e-12   1.642750318e-12   2.11729791e-12   2.728929886e-12   3.517246339e-12   4.533286792e-12   5.842834752e-12   7.530676858e-12   9.706092394e-12   1.250992857e-11   1.612371966e-11   2.078144046e-11   2.678465495e-11   3.452204106e-11   4.449455559e-11   5.734786869e-11   7.391416769e-11   9.526603708e-11   1.22785903e-10   1.582555381e-10   2.03971423e-10   2.628934311e-10   3.388364658e-10   4.367174565e-10   5.628737048e-10   7.254731929e-10   9.350434193e-10   1.205153002e-09   1.553290176e-09   2.001995072e-09   2.580319075e-09   3.325705751e-09   4.286415139e-09   5.524648336e-09   7.120574708e-09   9.177522458e-09   1.18286686e-08   1.52456615e-08   1.964973425e-08   2.53260284e-08   3.264205541e-08   4.207149121e-08   5.422484427e-08   6.988898302e-08   9.007808152e-08   1.160992822e-07   1.496373267e-07   1.928636342e-07   2.485768901e-07   3.203842465e-07   4.129348668e-07   5.322209356e-07   6.859656213e-07   8.841231118e-07   1.139523096e-06   1.46870142e-06   1.892970691e-06   2.439800158e-06   3.144594192e-06   4.052984517e-06   5.223784598e-06   6.732797455e-06   8.677723423e-06   1.118448559e-05   1.441538237e-05   1.85795951e-05   2.39467306e-05   3.086427562e-05   3.978009266e-05   5.127141318e-05   6.608220445e-05   8.517132771e-05   0.000109774603   0.0001414847949   0.0001823546901   0.000235029929   0.000302920172   0.0003904196476   0.0005031913087   0.0006485329022   0.000835848501   0.001077255775   0.001388367902   0.001789300039   0.002305964378   0.002971735697   0.00382959208   0.004934864112   0.006358761813   0.008192893155   0.01055504273   0.01359654502   0.0175116641   0.02254947898   0.02902886628   0.03735725843   0.04805391481   0.06177843616   0.07936511267   0.101863315   0.1305833443   0.1671457019   0.2135292683   0.2721099733   0.3456757483   0.4373957027   0.5507120693   0.689114631   0.8557539482   1.052860316   1.280971795   1.538047067   1.818644827   2.11346025   2.409553722   2.691505396   2.943446802   3.151541653   3.306213566   3.403443716   3.444808807   3.436406575   3.387159867   3.307061012   3.20576213   3.091679529   2.971586684   2.850569708   2.732199642   2.618801746   2.511741832   2.411685708   2.318813386   2.232985138   2.153864215   2.081004012   2.013907729   1.952067631   1.894989697   1.842208083   1.793292683   1.747852154   1.70553406   1.666023282   1.629039453   1.594333937   1.561686666   1.530903034   1.501810971   1.474258255   1.448110076   1.423246874   1.399562419   1.376962134   1.355361624   1.334685403   1.314865779   1.295841895   1.2775589   1.259967218   1.243021932   1.226682237   1.210910968   1.195674198   1.180940875   1.166682514   
38.81909548   1.775947071e-16   2.28897172e-16   2.950195768e-16   3.802430146e-16   4.900852741e-16   6.316580887e-16   8.141275859e-16   1.049307747e-15   1.352425305e-15   1.743105595e-15   2.2466432e-15   2.895639646e-15   3.732114188e-15   4.810224342e-15   6.199772314e-15   7.990724345e-15   1.029903556e-14   1.327415751e-14   1.710871435e-14   2.205097435e-14   2.842092396e-14   3.663098538e-14   4.721271877e-14   6.085123809e-14   7.842956886e-14   1.010858195e-13   1.302868683e-13   1.679233361e-13   2.164319949e-13   2.789535362e-13   3.595359152e-13   4.633964354e-13   5.972595427e-13   7.697921998e-13   9.92165028e-13   1.278775549e-12   1.648180351e-12   2.124296537e-12   2.737950233e-12   3.528872428e-12   4.548271354e-12   5.862147962e-12   7.55556915e-12   9.738175418e-12   1.255127954e-11   1.617701584e-11   2.085013252e-11   2.687319035e-11   3.463615201e-11   4.464163022e-11   5.753742933e-11   7.415848744e-11   9.558093441e-11   1.231917659e-10   1.587786443e-10   2.046456408e-10   2.637624127e-10   3.399564735e-10   4.381610052e-10   5.647342569e-10   7.278712098e-10   9.381341606e-10   1.209136577e-09   1.558424502e-09   2.008612571e-09   2.588848196e-09   3.336698713e-09   4.300583679e-09   5.542909796e-09   7.144111427e-09   9.20785832e-09   1.18677677e-08   1.529605531e-08   1.971468551e-08   2.540974238e-08   3.274995216e-08   4.221055651e-08   5.44040819e-08   7.011999771e-08   9.037583031e-08   1.164830428e-07   1.501319457e-07   1.935011357e-07   2.493985491e-07   3.214432613e-07   4.142998033e-07   5.339801664e-07   6.882330478e-07   8.870455385e-07   1.143289735e-06   1.473556142e-06   1.899227815e-06   2.447864801e-06   3.154988498e-06   4.066381463e-06   5.241051568e-06   6.755052395e-06   8.706407223e-06   1.122145537e-05   1.446303173e-05   1.864100906e-05   2.402588537e-05   3.096629601e-05   3.991158385e-05   5.144088839e-05   6.630063602e-05   8.545285747e-05   0.0001101374577   0.0001419524662   0.0001829574548   0.0002358068093   0.0003039214604   0.0003917101613   0.0005048545839   0.0006506765974   0.0008386113596   0.001080816595   0.001392957089   0.001795214491   0.002313586643   0.002981558644   0.003842250641   0.004951176115   0.006379780472   0.008219974497   0.01058993213   0.0136414881   0.01756954864   0.02262401616   0.02912482139   0.03748074368   0.04821275907   0.06198264902   0.07962746217   0.102200039   0.1310150139   0.1676982476   0.2142351672   0.2730095642   0.3468185989   0.4388418766   0.552533042   0.6913934619   0.8585841854   1.056342986   1.285209853   1.543136919   1.824665138   2.120459218   2.417537073   2.700428165   2.95321177   3.162005946   3.317202581   3.414769345   3.456287809   3.447875454   3.39848419   3.318138977   3.216523505   3.102081641   2.981609062   2.860208575   2.741462963   2.627705149   2.520305466   2.41993195   2.326765249   2.240665216   2.161294036   2.088203678   2.020895743   1.958860863   1.901603424   1.848656076   1.799587327   1.754004569   1.711554229   1.671920169   1.63482112   1.600007642   1.567258957   1.536379832   1.507197644   1.479559679   1.453330695   1.428390746   1.404633262   1.381963362   1.360296381   1.33955659   1.31967608   1.300593802   1.282254727   1.264609122   1.247611927   1.231222205   1.215402677   1.200119304   1.185340937   
39.07286432   1.382430754e-16   1.781778833e-16   2.296488125e-16   2.959883467e-16   3.814916367e-16   4.916945905e-16   6.337322945e-16   8.168009754e-16   1.052753409e-15   1.356866328e-15   1.748829514e-15   2.254020609e-15   2.905148196e-15   3.744369509e-15   4.826019905e-15   6.220130802e-15   8.016963868e-15   1.0332855e-14   1.331774649e-14   1.716489505e-14   2.212338418e-14   2.851425111e-14   3.67512723e-14   4.736775342e-14   6.105105821e-14   7.868711178e-14   1.014177599e-13   1.307146975e-13   1.68474754e-13   2.17142703e-13   2.798695493e-13   3.607165405e-13   4.649181124e-13   5.992207924e-13   7.723200032e-13   9.954230476e-13   1.282974725e-12   1.653592559e-12   2.131272191e-12   2.746940971e-12   3.540460355e-12   4.56320673e-12   5.881397777e-12   7.580379733e-12   9.770153129e-12   1.259249477e-11   1.623013708e-11   2.091859909e-11   2.696143512e-11   3.47498884e-11   4.478822207e-11   5.772636773e-11   7.44020052e-11   9.589479808e-11   1.235962966e-10   1.593000333e-10   2.053176454e-10   2.646285419e-10   3.410728048e-10   4.395998154e-10   5.665887017e-10   7.302613552e-10   9.412147565e-10   1.213107077e-09   1.563541975e-09   2.015208348e-09   2.59734932e-09   3.347655589e-09   4.314705711e-09   5.561111314e-09   7.167570887e-09   9.238094603e-09   1.190673845e-08   1.534628369e-08   1.977942356e-08   2.549318156e-08   3.285749474e-08   4.234916532e-08   5.458273118e-08   7.035025409e-08   9.067260174e-08   1.168655438e-07   1.506249411e-07   1.941365446e-07   2.50217511e-07   3.224987999e-07   4.156602593e-07   5.357336225e-07   6.904930315e-07   8.899583722e-07   1.14704401e-06   1.478394929e-06   1.9054644e-06   2.455902971e-06   3.165348684e-06   4.079734434e-06   5.258261859e-06   6.777234283e-06   8.734996868e-06   1.12583038e-05   1.451052468e-05   1.870222143e-05   2.410478032e-05   3.106798151e-05   4.004264343e-05   5.160980729e-05   6.651835059e-05   8.573346311e-05   0.0001104991214   0.0001424186023   0.000183558241   0.0002365811395   0.0003049194619   0.000392996439   0.0005065123995   0.000652813256   0.000841365149   0.001084365726   0.001397531212   0.001801109528   0.002321183887   0.002991349347   0.00385486765   0.004967434573   0.006400730136   0.008246966944   0.010624707   0.01368628364   0.01762724318   0.02269830866   0.02922046152   0.03760382358   0.04837108191   0.06218619154   0.07988895047   0.1025356576   0.1314452663   0.1682489794   0.2149387487   0.2739062019   0.3479576974   0.4402833008   0.5543480355   0.6936648096   0.8614051277   1.059814218   1.289433989   1.548210045   1.830665661   2.127435173   2.425494164   2.709321568   2.962944581   3.172435753   3.328155349   3.426057579   3.467728866   3.459306371   3.409770975   3.329180164   3.227249092   3.112449097   2.991597986   2.869815207   2.750695243   2.636578657   2.528840288   2.428150393   2.334690252   2.248319301   2.168698664   2.095378887   2.027859978   1.96563094   1.908194569   1.85508202   1.805860413   1.760135883   1.717553723   1.677796779   1.640582881   1.60566179   1.57281202   1.541837712   1.512565691   1.484842755   1.458533229   1.433516785   1.409686511   1.386947225   1.365213991   1.34441084   1.324469647   1.305329168   1.2869342   1.269234852   1.252185921   1.235746342   1.219878716   1.204548898   
39.32663317   1.076087241e-16   1.386940694e-16   1.787591577e-16   2.303980019e-16   2.969539573e-16   3.827361869e-16   4.932986587e-16   6.357997361e-16   8.194656468e-16   1.056187834e-15   1.361292869e-15   1.754534766e-15   2.26137396e-15   2.914625738e-15   3.756584864e-15   4.841763956e-15   6.240422899e-15   8.04311782e-15   1.036656414e-14   1.336119333e-14   1.722089254e-14   2.219555788e-14   2.86072739e-14   3.687116694e-14   4.752228249e-14   6.125022668e-14   7.894381482e-14   1.017486177e-13   1.311411315e-13   1.690243736e-13   2.178510934e-13   2.807825751e-13   3.618933155e-13   4.66434827e-13   6.011756462e-13   7.748395631e-13   9.986704425e-13   1.287160207e-12   1.658987118e-12   2.138225096e-12   2.755902388e-12   3.552010492e-12   4.5780934e-12   5.900584816e-12   7.605109405e-12   9.802026557e-12   1.26335756e-11   1.628308509e-11   2.098684239e-11   2.704939212e-11   3.486325387e-11   4.493433587e-11   5.791468998e-11   7.464472882e-11   9.620763821e-11   1.23999508e-10   1.59819722e-10   2.059874586e-10   2.654918466e-10   3.421854956e-10   4.410339334e-10   5.68437099e-10   7.326437061e-10   9.442853062e-10   1.217064628e-09   1.568642759e-09   2.021782615e-09   2.605822721e-09   3.358576734e-09   4.328781689e-09   5.579253474e-09   7.190953842e-09   9.268232283e-09   1.194558212e-08   1.539634828e-08   1.98439505e-08   2.557634864e-08   3.296468662e-08   4.248732212e-08   5.476079786e-08   7.057975957e-08   9.096840536e-08   1.172467973e-07   1.511163288e-07   1.947698814e-07   2.510338022e-07   3.235508962e-07   4.170162787e-07   5.374813604e-07   6.927456451e-07   8.928617069e-07   1.150786042e-06   1.483217935e-06   1.911680647e-06   2.463914928e-06   3.175675085e-06   4.093043859e-06   5.275416025e-06   6.799343833e-06   8.763493278e-06   1.129503206e-05   1.455786274e-05   1.876323418e-05   2.418341798e-05   3.116933541e-05   4.01732756e-05   5.177817533e-05   6.673535517e-05   8.601315366e-05   0.0001108596056   0.0001428832183   0.000184157068   0.0002373529445   0.0003059142089   0.0003942785219   0.0005081648087   0.0006549429467   0.000844109958   0.001087903283   0.001402090419   0.001806985341   0.002328756357   0.003001108121   0.003867443513   0.004983640011   0.006421611481   0.008273871365   0.01065936847   0.01373093311   0.01768474956   0.02277235889   0.02931578975   0.0377265021   0.04852888843   0.06238907025   0.08014958599   0.1028701818   0.1318741156   0.1687979151   0.2156400355   0.274799915   0.3490930805   0.4417200281   0.5561571082   0.6959287473   0.8642168659   1.063274122   1.293644338   1.553266611   1.83664659   2.134388341   2.433425252   2.718185894   2.97264555   3.182831412   3.339072226   3.437308784   3.479132351   3.470699701   3.421020593   3.340184935   3.237939245   3.12278224   3.001553789   2.879389923   2.759896791   2.645422567   2.537346585   2.436341314   2.342588663   2.255947654   2.176078353   2.102529884   2.034800672   1.972378093   1.914763361   1.861486136   1.812112159   1.76624631   1.72353275   1.683653316   1.646324937   1.611296578   1.578346047   1.547276863   1.517915299   1.490107667   1.463717861   1.438625169   1.414722343   1.391913897   1.370114628   1.349248324   1.329246648   1.31004816   1.291597483   1.273844571   1.256744077   1.240254806   1.224339243   
39.58040201   8.376111019e-17   1.079575037e-16   1.391436022e-16   1.793385488e-16   2.311447639e-16   2.979164393e-16   3.839767048e-16   4.948975297e-16   6.378604791e-16   8.221216846e-16   1.059611132e-15   1.365705068e-15   1.760221534e-15   2.268703486e-15   2.924072572e-15   3.768760642e-15   4.857456998e-15   6.260649249e-15   8.069187034e-15   1.040016407e-14   1.34044994e-14   1.72767086e-14   2.226749774e-14   2.86999953e-14   3.699067313e-14   4.767631089e-14   6.144874985e-14   7.919968614e-14   1.020784035e-13   1.315661839e-13   1.695722125e-13   2.185571886e-13   2.816926427e-13   3.630662779e-13   4.679466274e-13   6.031241662e-13   7.773509596e-13   1.001907316e-12   1.291332129e-12   1.664364198e-12   2.145155474e-12   2.764834771e-12   3.563523207e-12   4.592931836e-12   5.919709689e-12   7.629758954e-12   9.833796715e-12   1.267452333e-11   1.633586154e-11   2.105486458e-11   2.713706414e-11   3.497625205e-11   4.507997626e-11   5.810240207e-11   7.488666602e-11   9.651946473e-11   1.244014131e-10   1.603377269e-10   2.066551016e-10   2.663523542e-10   3.432945813e-10   4.42463405e-10   5.702795074e-10   7.350183381e-10   9.473459073e-10   1.221009357e-09   1.573727017e-09   2.028335582e-09   2.614268669e-09   3.369462495e-09   4.342812061e-09   5.597336853e-09   7.214261037e-09   9.298272316e-09   1.198429993e-08   1.544625065e-08   1.990826837e-08   2.565924625e-08   3.307153119e-08   4.262503129e-08   5.493828761e-08   7.080852146e-08   9.126325057e-08   1.176268156e-07   1.516061245e-07   1.954011661e-07   2.518474486e-07   3.245995837e-07   4.183679046e-07   5.392234357e-07   6.949909602e-07   8.957556347e-07   1.15451595e-06   1.488025316e-06   1.917876753e-06   2.471900927e-06   3.185968027e-06   4.106310162e-06   5.292514612e-06   6.821381748e-06   8.791897361e-06   1.133164132e-05   1.460504744e-05   1.882404925e-05   2.426180085e-05   3.127036092e-05   4.030348453e-05   5.194599786e-05   6.695165665e-05   8.629193801e-05   0.0001112189219   0.0001433463289   0.0001847539547   0.0002381222488   0.0003069057329   0.0003955564508   0.0005098118641   0.0006570657371   0.0008468458738   0.001091429379   0.001406634854   0.001812842116   0.002336304291   0.003010835276   0.003879978631   0.004999792943   0.00644242517   0.008300688615   0.01069391763   0.01377543791   0.01774206962   0.02284616919   0.02941080912   0.03784878313   0.04868618365   0.06259129162   0.08040937702   0.1032036219   0.1323015753   0.169345072   0.2163390499   0.2756907321   0.3502247843   0.4431520959   0.5579603179   0.6981853471   0.8670194896   1.066722809   1.297841035   1.558306777   1.842608116   2.141318943   2.441330591   2.727021425   2.982314988   3.193193256   3.349953562   3.448523324   3.490498631   3.48205581   3.432233408   3.351153648   3.248594312   3.133081408   3.011476796   2.888933038   2.769067909   2.654237172   2.54582464   2.444504986   2.350460746   2.263550531   2.18343335   2.109656912   2.04171806   1.979102551   1.921310021   1.867868642   1.818342779   1.772336058   1.729491515   1.68948998   1.652047485   1.6169122   1.583861231   1.552697474   1.523246654   1.495354598   1.468884769   1.443716077   1.419740933   1.396863551   1.374998461   1.354069211   1.334007248   1.314750941   1.296244739   1.278438439   1.261286551   1.244747754   
39.83417085   6.519710811e-17   8.403084703e-17   1.083051604e-16   1.395916879e-16   1.799160747e-16   2.31889122e-16   2.988758229e-16   3.852132293e-16   4.964912538e-16   6.399145884e-16   8.247691723e-16   1.06302341e-15   1.370103063e-15   1.765889995e-15   2.276009417e-15   2.933488996e-15   3.780897224e-15   4.873099521e-15   6.280810488e-15   8.095172327e-15   1.043365584e-14   1.344766605e-14   1.733234498e-14   2.233920601e-14   2.879241822e-14   3.710979461e-14   4.782984345e-14   6.164663395e-14   7.945473377e-14   1.024071278e-13   1.319898679e-13   1.701182878e-13   2.192610107e-13   2.825997807e-13   3.642354643e-13   4.694535612e-13   6.050664137e-13   7.798542716e-13   1.005133769e-12   1.29549062e-12   1.669723969e-12   2.152063542e-12   2.7737384e-12   3.57499886e-12   4.607722506e-12   5.938772996e-12   7.654329152e-12   9.8654646e-12   1.271533924e-11   1.63884681e-11   2.112266779e-11   2.722445393e-11   3.508888646e-11   4.522514781e-11   5.828950988e-11   7.512782439e-11   9.683028745e-11   1.248020243e-10   1.608540642e-10   2.073205953e-10   2.672100916e-10   3.444000967e-10   4.438882748e-10   5.721159849e-10   7.373853259e-10   9.503966559e-10   1.224941387e-09   1.578794908e-09   2.034867454e-09   2.622687427e-09   3.380313213e-09   4.356797267e-09   5.615362019e-09   7.237493202e-09   9.328215646e-09   1.202289311e-08   1.549599239e-08   1.997237918e-08   2.574187701e-08   3.317803181e-08   4.276229716e-08   5.511520599e-08   7.103654694e-08   9.155714664e-08   1.180056105e-07   1.520943434e-07   1.960304187e-07   2.526584758e-07   3.256448954e-07   4.197151795e-07   5.40959903e-07   6.972290474e-07   8.986402466e-07   1.158233851e-06   1.49281722e-06   1.924052913e-06   2.479861217e-06   3.196227836e-06   4.119533759e-06   5.309558156e-06   6.84334872e-06   8.820210006e-06   1.136813273e-05   1.465208023e-05   1.888466855e-05   2.43399314e-05   3.137106121e-05   4.043327429e-05   5.211328014e-05   6.716726183e-05   8.656982492e-05   0.0001115770814   0.0001438079487   0.00018534892   0.0002388890767   0.000307894065   0.000396830266   0.0005114536174   0.000659181694   0.0008495729823   0.001094944123   0.001411164659   0.001818680038   0.002343827927   0.003020531119   0.003892473396   0.005015893876   0.006463171857   0.008327419536   0.01072835557   0.01381979944   0.01779920516   0.02291974188   0.0295055226   0.03797067052   0.0488429725   0.06279286199   0.08066833171   0.1035359887   0.1327276588   0.1698904675   0.2170358138   0.2765786812   0.3513528443   0.4445795529   0.5597577209   0.7004346797   0.8698130867   1.070160387   1.302024211   1.5633307   1.848550426   2.148227199   2.449210428   2.73582844   2.991953198   3.203521614   3.360799702   3.459701554   3.501828067   3.493375062   3.443409778   3.362086654   3.259214634   3.143346933   3.021367329   2.898444862   2.778208897   2.663022761   2.554274731   2.452641678   2.358306762   2.271128184   2.190763899   2.116760207   2.048612373   1.98580454   1.927834771   1.874229753   1.824552481   1.778405333   1.735430221   1.69530697   1.65775072   1.622508847   1.589357758   1.558099729   1.528559938   1.500583726   1.474034131   1.448789681   1.424742451   1.401796356   1.379865657   1.358873664   1.33875161   1.319437672   1.300876126   1.283016612   1.2658135   
40.0879397   5.074640958e-17   6.540571974e-17   8.42997211e-17   1.086517052e-16   1.400383404e-16   1.804917534e-16   2.326310992e-16   2.998321379e-16   3.864457987e-16   4.980798802e-16   6.419621274e-16   8.274081918e-16   1.066424773e-15   1.374486991e-15   1.771540325e-15   2.28329198e-15   2.9428753e-15   3.792994987e-15   4.88869201e-15   6.30090724e-15   8.121074505e-15   1.046704048e-14   1.349069464e-14   1.73878034e-14   2.241068492e-14   2.888454551e-14   3.722853507e-14   4.798288492e-14   6.18438851e-14   7.970896562e-14   1.027348005e-13   1.324121968e-13   1.706626164e-13   2.199625816e-13   2.835040171e-13   3.654009109e-13   4.709556749e-13   6.070024488e-13   7.823495766e-13   1.008349902e-12   1.29963581e-12   1.675066596e-12   2.158949514e-12   2.782613549e-12   3.586437808e-12   4.622465867e-12   5.957775328e-12   7.678820761e-12   9.897031194e-12   1.275602459e-11   1.644090639e-11   2.119025414e-11   2.73115642e-11   3.520116061e-11   4.536985502e-11   5.847601922e-11   7.536821139e-11   9.714011597e-11   1.252013542e-10   1.613687501e-10   2.079839604e-10   2.680650856e-10   3.45502076e-10   4.453085871e-10   5.739465883e-10   7.397447427e-10   9.534376465e-10   1.22886084e-09   1.583846588e-09   2.041378433e-09   2.631079258e-09   3.391129224e-09   4.370737741e-09   5.633329531e-09   7.260651058e-09   9.358063201e-09   1.206136284e-08   1.554557502e-08   2.003628494e-08   2.582424347e-08   3.328419178e-08   4.289912397e-08   5.529155849e-08   7.126384306e-08   9.185010266e-08   1.183831939e-07   1.525810007e-07   1.966576586e-07   2.534669088e-07   3.266868636e-07   4.21058145e-07   5.42690816e-07   6.994599759e-07   9.015156319e-07   1.161939859e-06   1.497593797e-06   1.930209318e-06   2.487796046e-06   3.206454828e-06   4.132715059e-06   5.326547186e-06   6.865245429e-06   8.848432092e-06   1.140450742e-05   1.469896259e-05   1.894509395e-05   2.441781205e-05   3.147143941e-05   4.056264892e-05   5.228002736e-05   6.738217738e-05   8.684682299e-05   0.0001119340954   0.000144268092   0.0001859419822   0.0002396534518   0.0003088792359   0.0003981000067   0.0005130901194   0.0006612908829   0.0008522913679   0.001098447625   0.001415679975   0.001824499287   0.002351327499   0.003030195948   0.003904928195   0.005031943309   0.006483852183   0.008354064957   0.01076268336   0.01386401907   0.01785615794   0.02299307924   0.02959993313   0.03809216803   0.04899925983   0.06299378761   0.08092645808   0.1038672923   0.1331523794   0.1704341183   0.2177303488   0.2774637897   0.3524772955   0.4460024431   0.5615493732   0.7026768149   0.872597744   1.073586962   1.306193996   1.568338539   1.854473705   2.155113322   2.45706501   2.744607216   3.001560483   3.213816806   3.371610985   3.470843823   3.513121015   3.504657812   3.454550056   3.372984299   3.26980055   3.153579143   3.031225703   2.9079257   2.787320048   2.671779617   2.562697131   2.460751653   2.366126966   2.27868086   2.198070241   2.123840002   2.055483838   1.992484281   1.934337827   1.880569681   1.830741473   1.784454337   1.741349065   1.70110448   1.663434831   1.628086707   1.594835813   1.563483809   1.533855328   1.505795229   1.47916612   1.453846154   1.429727068   1.406712479   1.384716381   1.363661847   1.343479896   1.324108513   1.305491802   1.287579247   
40.34170854   3.949785413e-17   5.09077509e-17   6.561366835e-17   8.456774062e-17   1.089971485e-16   1.404835733e-16   1.810656024e-16   2.333707182e-16   3.007854135e-16   3.876744507e-16   4.996634576e-16   6.440031589e-16   8.300388238e-16   1.069815326e-15   1.378856986e-15   1.777172697e-15   2.290551397e-15   2.952231773e-15   3.805054299e-15   4.904234943e-15   6.320940119e-15   8.146894359e-15   1.050031901e-14   1.353358648e-14   1.744308556e-14   2.248193665e-14   2.897638e-14   3.734689814e-14   4.813543999e-14   6.204050934e-14   7.996238946e-14   1.030614319e-13   1.328331834e-13   1.712052151e-13   2.206619228e-13   2.844053796e-13   3.665626535e-13   4.724530146e-13   6.089323307e-13   7.848369509e-13   1.011555814e-12   1.303767826e-12   1.680392243e-12   2.165813601e-12   2.791460491e-12   3.597840401e-12   4.63716237e-12   5.976717267e-12   7.703234529e-12   9.928497462e-12   1.279658064e-11   1.649317802e-11   2.125762567e-11   2.739839762e-11   3.531307792e-11   4.551410231e-11   5.866193579e-11   7.560783439e-11   9.744895979e-11   1.255994149e-10   1.618818001e-10   2.086452172e-10   2.689173621e-10   3.466005529e-10   4.467243853e-10   5.757713736e-10   7.420966607e-10   9.564689722e-10   1.232767836e-09   1.588882214e-09   2.047868719e-09   2.639444417e-09   3.401910859e-09   4.384633909e-09   5.651239938e-09   7.283735313e-09   9.387815893e-09   1.209971031e-08   1.559500007e-08   2.009998759e-08   2.590634815e-08   3.339001435e-08   4.303551591e-08   5.546735049e-08   7.149041678e-08   9.214212759e-08   1.187595772e-07   1.530661112e-07   1.972829049e-07   2.542727725e-07   3.277255201e-07   4.223968422e-07   5.444162278e-07   7.01683814e-07   9.043818785e-07   1.165634089e-06   1.502355194e-06   1.936346156e-06   2.495705655e-06   3.216649316e-06   4.145854465e-06   5.343482219e-06   6.887072546e-06   8.876564481e-06   1.144076651e-05   1.474569595e-05   1.90053273e-05   2.449544517e-05   3.157149858e-05   4.069161236e-05   5.244624461e-05   6.759640987e-05   8.712294069e-05   0.0001122899747   0.0001447267729   0.0001865331596   0.0002404153975   0.0003098612757   0.000399365712   0.0005147214203   0.0006633933683   0.0008550011139   0.001101939992   0.001420180941   0.00183030004   0.002358803235   0.003039830061   0.00391734341   0.005047941732   0.006504466783   0.008380625691   0.01079690205   0.01390809817   0.01791292972   0.02306618352   0.02969404359   0.03821327939   0.04915505044   0.06319407461   0.08118376403   0.1041975429   0.1335757501   0.1709760411   0.2184226762   0.2783460847   0.3535981722   0.44742081   0.5633353294   0.7049118213   0.8753735466   1.077002641   1.310350518   1.573330444   1.860378133   2.161977524   2.464894577   2.753358016   3.011137138   3.224079152   3.382387745   3.481950477   3.524377825   3.51590441   3.465654589   3.383846923   3.28035239   3.163778357   3.04105223   2.917375849   2.796401652   2.680508019   2.571092109   2.468835171   2.37392161   2.286208803   2.205352612   2.130896528   2.062332679   1.999141992   1.9408194   1.886888633   1.836909958   1.790483269   1.747248242   1.706882702   1.669100009   1.633645964   1.600295578   1.568849895   1.539133002   1.510989278   1.484280907   1.458885663   1.434694949   1.411612083   1.389550795   1.368433919   1.348192262   1.328763619   1.31009192   
40.59547739   3.074206153e-17   3.962263887e-17   5.106858268e-17   6.582096022e-17   8.483491369e-17   1.093415009e-16   1.409274001e-16   1.816376392e-16   2.341080013e-16   3.017356785e-16   3.888992223e-16   5.012420337e-16   6.460377444e-16   8.326611479e-16   1.07319517e-15   1.383213179e-15   1.782787281e-15   2.297787887e-15   2.961558696e-15   3.817075527e-15   4.919728789e-15   6.340909732e-15   8.17263267e-15   1.053349245e-14   1.357634285e-14   1.749819313e-14   2.255296336e-14   2.906792447e-14   3.746488741e-14   4.828751327e-14   6.223651261e-14   8.021501294e-14   1.033870317e-13   1.332528405e-13   1.717461001e-13   2.213590554e-13   2.853038955e-13   3.677207272e-13   4.739456254e-13   6.108561177e-13   7.873164697e-13   1.014751601e-12   1.307886792e-12   1.68570107e-12   2.17265601e-12   2.800279493e-12   3.609206981e-12   4.651812459e-12   5.995599383e-12   7.727571195e-12   9.959864353e-12   1.283700861e-11   1.654528457e-11   2.132478444e-11   2.748495679e-11   3.542464178e-11   4.565789405e-11   5.88472652e-11   7.584670062e-11   9.775682822e-11   1.259962185e-10   1.623932299e-10   2.093043856e-10   2.697669471e-10   3.476955607e-10   4.481357122e-10   5.775903959e-10   7.44441151e-10   9.594907243e-10   1.236662493e-09   1.593901936e-09   2.054338507e-09   2.647783158e-09   3.412658444e-09   4.39848619e-09   5.669093781e-09   7.306746664e-09   9.417474621e-09   1.213793666e-08   1.564426902e-08   2.016348905e-08   2.598819352e-08   3.349550271e-08   4.317147711e-08   5.564258732e-08   7.171627493e-08   9.243323027e-08   1.191347718e-07   1.535496898e-07   1.979061766e-07   2.55076091e-07   3.287608964e-07   4.237313116e-07   5.461361905e-07   7.039006288e-07   9.07239073e-07   1.169316653e-06   1.507101553e-06   1.942463614e-06   2.503590285e-06   3.226811608e-06   4.158952376e-06   5.36036377e-06   6.908830728e-06   8.904608023e-06   1.147691108e-05   1.479228172e-05   1.906537043e-05   2.457283311e-05   3.167124175e-05   4.082016851e-05   5.261193693e-05   6.780996578e-05   8.739818636e-05   0.00011264473   0.0001451840052   0.0001871224699   0.0002411749369   0.000310840214   0.0004006274198   0.0005163475692   0.0006654892136   0.000857702302   0.00110542133   0.001424667692   0.001836082474   0.002366255361   0.003049433747   0.003929719416   0.00506388963   0.006525016278   0.008407102542   0.01083101267   0.01395203805   0.0179695222   0.02313905692   0.02978785684   0.03833400825   0.04931034902   0.06339372905   0.08144025734   0.1045267504   0.1339977836   0.1715162522   0.2191128168   0.2792255928   0.3547155084   0.4488346963   0.5651156437   0.7071397665   0.8781405786   1.080407525   1.314493902   1.578306569   1.866263891   2.168820013   2.472699368   2.762081111   3.020683453   3.234308962   3.393130309   3.493021854   3.535598841   3.527115201   3.476723718   3.394674861   3.290870481   3.173944893   3.050847214   2.92679561   2.805453993   2.68920824   2.57945993   2.476892489   2.38169094   2.293712252   2.212611245   2.137930011   2.069159115   2.005777887   1.947279699   1.893186813   1.843058135   1.796492325   1.753127944   1.712641823   1.674746436   1.6391868   1.605737231   1.57419816   1.544393132   1.516166045   1.48937866   1.463908374   1.439646257   1.41649533   1.394369057   1.373190038   1.352888865   1.333403143   
40.84924623   2.392675964e-17   3.083857455e-17   3.974703198e-17   5.122890971e-17   6.602760153e-17   8.510124828e-17   1.096847726e-16   1.413698339e-16   1.822078806e-16   2.348429706e-16   3.026829612e-16   3.901201502e-16   5.028156558e-16   6.480659447e-16   8.352752421e-16   1.076564408e-15   1.387555702e-15   1.788384245e-15   2.305001667e-15   2.970856348e-15   3.829059027e-15   4.935174009e-15   6.360816672e-15   8.198290204e-15   1.056656177e-14   1.361896504e-14   1.755312775e-14   2.262376716e-14   2.915918163e-14   3.758250638e-14   4.843910928e-14   6.243190074e-14   8.04668436e-14   1.037116096e-13   1.336711805e-13   1.722852876e-13   2.22054e-13   2.861995915e-13   3.688751663e-13   4.754335518e-13   6.127738672e-13   7.897882068e-13   1.017937358e-12   1.311992831e-12   1.690993237e-12   2.179476945e-12   2.809070818e-12   3.62053789e-12   4.66641657e-12   6.01442224e-12   7.751831483e-12   9.991132804e-12   1.28773097e-11   1.659722759e-11   2.139173244e-11   2.757124431e-11   3.553585551e-11   4.580123452e-11   5.903201298e-11   7.60848172e-11   9.806373045e-11   1.263917767e-10   1.629030545e-10   2.099614853e-10   2.706138657e-10   3.48787132e-10   4.495426098e-10   5.794037094e-10   7.467782834e-10   9.625029931e-10   1.240544928e-09   1.598905904e-09   2.060787991e-09   2.656095729e-09   3.423372299e-09   4.412294997e-09   5.686891591e-09   7.329685796e-09   9.447040269e-09   1.217604305e-08   1.569338335e-08   2.022679123e-08   2.606978204e-08   3.360066002e-08   4.33070116e-08   5.581727418e-08   7.194142427e-08   9.272341935e-08   1.195087889e-07   1.540317506e-07   1.985274922e-07   2.558768885e-07   3.297930233e-07   4.250615929e-07   5.478507552e-07   7.061104864e-07   9.100873006e-07   1.172987658e-06   1.511833016e-06   1.948561872e-06   2.511450171e-06   3.236942007e-06   4.17200918e-06   5.377192339e-06   6.930520625e-06   8.932563554e-06   1.151294221e-05   1.483872128e-05   1.912522512e-05   2.464997818e-05   3.177067189e-05   4.09483212e-05   5.277710924e-05   6.802285148e-05   8.767256821e-05   0.000112998372   0.0001456398025   0.0001877099308   0.0002419320925   0.00031181608   0.000401885168   0.0005179686147   0.0006675784814   0.0008603950128   0.001108891742   0.001429140362   0.00184184676   0.0023736841   0.003059007293   0.003942056581   0.005079787478   0.006545501281   0.008433496298   0.01086501624   0.01399584003   0.01802593706   0.02321170161   0.02988137566   0.03845435821   0.0494651602   0.06359275689   0.08169594564   0.1048549247   0.1344184925   0.1720547679   0.2198007913   0.2801023404   0.3558293373   0.4502441444   0.5668903689   0.7093607169   0.8808989223   1.083801717   1.318624273   1.583267061   1.872131154   2.175640993   2.480479614   2.770776762   3.030199715   3.244506544   3.403839001   3.504058288   3.546784402   3.538290526   3.487757778   3.405468443   3.301355144   3.184079061   3.060610957   2.936185269   2.814477351   2.697880551   2.587800855   2.484923859   2.3894352   2.301191444   2.219846368   2.144940672   2.075963364   2.012392177   1.953718932   1.899464422   1.849186202   1.802481698   1.75898836   1.718382029   1.680374296   1.644709395   1.611160949   1.579528779   1.549635888   1.521325698   1.494459545   1.468914451   1.444581155   1.42136238   1.399171326   1.377930358   1.357569856   
41.10301508   1.862199933e-17   2.400140777e-17   3.093478658e-17   3.987103714e-17   5.138873671e-17   6.623359837e-17   8.536675222e-17   1.100269737e-16   1.41810888e-16   1.827763436e-16   2.355756477e-16   3.036272895e-16   3.913372703e-16   5.0438437e-16   6.500878194e-16   8.378811836e-16   1.079923138e-15   1.391884681e-15   1.793963752e-15   2.312192949e-15   2.980125003e-15   3.841005153e-15   4.950571058e-15   6.380661526e-15   8.223867718e-15   1.059952796e-14   1.366145429e-14   1.760789104e-14   2.269435013e-14   2.925015418e-14   3.769975852e-14   4.85902325e-14   6.26266795e-14   8.071788885e-14   1.040351753e-13   1.340882158e-13   1.728227935e-13   2.227467773e-13   2.870924941e-13   3.70026005e-13   4.769168377e-13   6.146856356e-13   7.92252235e-13   1.02111318e-12   1.316086064e-12   1.696268898e-12   2.186276607e-12   2.817834724e-12   3.63183346e-12   4.680975134e-12   6.033186393e-12   7.776016108e-12   1.002230374e-11   1.291748509e-11   1.66490086e-11   2.145847164e-11   2.765726272e-11   3.564672239e-11   4.594412794e-11   5.921618457e-11   7.632219114e-11   9.836967551e-11   1.267861013e-10   1.634112892e-10   2.106165357e-10   2.714581429e-10   3.498752988e-10   4.509451196e-10   5.812113676e-10   7.491081267e-10   9.655058672e-10   1.244415254e-09   1.603894266e-09   2.06721736e-09   2.664382374e-09   3.43405274e-09   4.426060738e-09   5.704633894e-09   7.352553386e-09   9.476513707e-09   1.22140306e-08   1.57423445e-08   2.028989598e-08   2.61511161e-08   3.370548936e-08   4.34421234e-08   5.599141624e-08   7.21658714e-08   9.301270339e-08   1.198816395e-07   1.545123081e-07   1.991468701e-07   2.566751885e-07   3.308219312e-07   4.263877254e-07   5.495599726e-07   7.083134519e-07   9.129266451e-07   1.176647215e-06   1.516549722e-06   1.954641112e-06   2.519285542e-06   3.247040811e-06   4.185025262e-06   5.393968424e-06   6.952142876e-06   8.960431898e-06   1.154886098e-05   1.488501601e-05   1.918489314e-05   2.472688265e-05   3.186979192e-05   4.107607422e-05   5.294176641e-05   6.823507323e-05   8.794609432e-05   0.0001133509111   0.0001460941782   0.0001882955594   0.0002426868867   0.0003127889026   0.0004031389936   0.0005195846044   0.0006696612332   0.0008630793256   0.00111235133   0.001433599082   0.001847593069   0.00238108967   0.003068550981   0.003954355269   0.005095635743   0.006565922395   0.008459807737   0.01089891375   0.01403950541   0.01808217598   0.02328411973   0.02997460281   0.03857433282   0.04961948855   0.06379116398   0.08195083647   0.1051820755   0.1348378892   0.1725916038   0.22048662   0.2809763532   0.3569396919   0.4516491957   0.5686595576   0.7115747381   0.8836486592   1.087185317   1.322741752   1.588212067   1.877980095   2.182440665   2.488235548   2.779445224   3.039686205   3.254672201   3.414514139   3.515060108   3.557934842   3.549430716   3.498757101   3.416227993   3.311806695   3.194181169   3.070343755   2.945545111   2.823472001   2.706525218   2.59611514   2.492929526   2.397154631   2.30864661   2.227058207   2.15192873   2.082745637   2.01898507   1.9601373   1.905721659   1.855294352   1.808451576   1.764829676   1.724103502   1.685983766   1.650213923   1.616566905   1.584841921   1.554861439   1.526468401   1.499523724   1.473904054   1.449499799   1.426213387   1.403957755   1.382655031   
41.35678392   1.449306874e-17   1.867973714e-17   2.407582453e-17   3.103070039e-17   3.999465794e-17   5.154806833e-17   6.643895673e-17   8.563143324e-17   1.103681141e-16   1.42250575e-16   1.833430447e-16   2.363060539e-16   3.045686909e-16   3.925506179e-16   5.05948222e-16   6.521034273e-16   8.404790479e-16   1.083271457e-15   1.396200242e-15   1.799525966e-15   2.319361941e-15   2.989364929e-15   3.852914253e-15   4.965920385e-15   6.400444872e-15   8.249365955e-15   1.063239197e-14   1.370381186e-14   1.76624846e-14   2.276471434e-14   2.934084476e-14   3.781664724e-14   4.874088731e-14   6.282085455e-14   8.096815599e-14   1.043577381e-13   1.345039585e-13   1.733586334e-13   2.234374074e-13   2.879826291e-13   3.711732767e-13   4.783955262e-13   6.165914785e-13   7.947086261e-13   1.024279158e-12   1.320166611e-12   1.701528208e-12   2.193055194e-12   2.826571467e-12   3.643094019e-12   4.695488575e-12   6.051892386e-12   7.800125774e-12   1.005337805e-11   1.295753597e-11   1.670062913e-11   2.152500398e-11   2.774301452e-11   3.575724564e-11   4.608657846e-11   5.939978532e-11   7.655882935e-11   9.867467231e-11   1.271792037e-10   1.639179486e-10   2.112695557e-10   2.722998033e-10   3.509600929e-10   4.523432824e-10   5.83013423e-10   7.514307488e-10   9.68499434e-10   1.248273584e-09   1.608867166e-09   2.073626801e-09   2.672643336e-09   3.444700077e-09   4.439783812e-09   5.722321205e-09   7.375350099e-09   9.505895794e-09   1.22519004e-08   1.57911539e-08   2.035280513e-08   2.623219806e-08   3.380999378e-08   4.357681641e-08   5.616501855e-08   7.238962288e-08   9.330109081e-08   1.202533345e-07   1.54991376e-07   1.997643283e-07   2.574710141e-07   3.318476501e-07   4.277097475e-07   5.512638924e-07   7.105095894e-07   9.157571892e-07   1.180295429e-06   1.52125181e-06   1.960701509e-06   2.527096629e-06   3.257108315e-06   4.198001002e-06   5.410692512e-06   6.97369811e-06   8.988213864e-06   1.158466841e-05   1.493116724e-05   1.924437622e-05   2.480354876e-05   3.196860474e-05   4.120343126e-05   5.310591323e-05   6.84466372e-05   8.821877264e-05   0.0001137023575   0.0001465471457   0.000188879373   0.0002434393415   0.0003137587098   0.0004043889329   0.0005211955855   0.0006717375296   0.0008657553184   0.001115800196   0.001438043983   0.001853321567   0.002388472287   0.003078065089   0.003966615838   0.005111434887   0.006586280214   0.008486037625   0.0109327062   0.01408303544   0.01813824059   0.0233563134   0.030067541   0.03869393556   0.04977333855   0.06398895609   0.08220493724   0.1055082122   0.1352559859   0.1731267758   0.2211703226   0.2818476566   0.3580466043   0.4530498911   0.5704232611   0.7137818944   0.8863898693   1.090558423   1.326846459   1.593141731   1.883810884   2.18921923   2.495967394   2.788086753   3.049143202   3.264806229   3.425156037   3.526027636   3.569050489   3.560536103   3.509722012   3.42695383   3.322225445   3.204251518   3.080045899   2.95487542   2.832438216   2.715142502   2.604403038   2.500909737   2.404849467   2.316077979   2.234246983   2.158894402   2.089506145   2.025556769   1.966535002   1.911958719   1.861382776   1.814402148   1.770652076   1.729806423   1.691575025   1.655700558   1.621955268   1.590137755   1.560069949   1.531594318   1.504571357   1.478877341   1.454402346   1.431048506   1.408728496   
41.61055276   1.127940331e-17   1.453772785e-17   1.87372971e-17   2.415001205e-17   3.112631875e-17   4.011789795e-17   5.170690915e-17   6.664368251e-17   8.589529894e-17   1.107082037e-16   1.426889075e-16   1.839080001e-16   2.370342101e-16   3.055071924e-16   3.93760228e-16   5.075072568e-16   6.541128265e-16   8.430689099e-16   1.086609463e-15   1.40050251e-15   1.805071047e-15   2.32650885e-15   2.998576393e-15   3.864786668e-15   4.98122243e-15   6.420167278e-15   8.274785648e-15   1.066515475e-14   1.374603894e-14   1.771690999e-14   2.283486179e-14   2.943125599e-14   3.79331759e-14   4.889107805e-14   6.301443147e-14   8.121765221e-14   1.046793072e-13   1.349184206e-13   1.738928227e-13   2.2412591e-13   2.888700221e-13   3.723170144e-13   4.798696598e-13   6.184914507e-13   7.971574506e-13   1.027435384e-12   1.324234588e-12   1.706771317e-12   2.1998129e-12   2.835281298e-12   3.654319891e-12   4.709957308e-12   6.070540758e-12   7.824161173e-12   1.008435665e-11   1.299746347e-11   1.675209064e-11   2.159133138e-11   2.782850217e-11   3.586742843e-11   4.622859018e-11   5.958282051e-11   7.679473862e-11   9.89787296e-11   1.275710952e-10   1.644230473e-10   2.119205642e-10   2.731388711e-10   3.520415455e-10   4.537371383e-10   5.848099274e-10   7.537462163e-10   9.714837795e-10   1.252120029e-09   1.613824748e-09   2.080016499e-09   2.68087885e-09   3.455314616e-09   4.453464613e-09   5.739954033e-09   7.398076589e-09   9.535187372e-09   1.228965355e-08   1.583981294e-08   2.04155205e-08   2.631303026e-08   3.391417629e-08   4.371109452e-08   5.633808609e-08   7.26126851e-08   9.358858988e-08   1.206238846e-07   1.554689683e-07   2.003798844e-07   2.582643883e-07   3.328702093e-07   4.290276974e-07   5.529625634e-07   7.12698962e-07   9.185790141e-07   1.183932405e-06   1.525939413e-06   1.966743237e-06   2.534883654e-06   3.267144806e-06   4.210936771e-06   5.427365083e-06   6.995186944e-06   9.015910252e-06   1.162036554e-05   1.497717632e-05   1.930367606e-05   2.48799787e-05   3.206711317e-05   4.1330396e-05   5.326955442e-05   6.865754948e-05   8.849061101e-05   0.0001140527213   0.0001469987178   0.0001894613881   0.0002441894784   0.0003147255298   0.000405635022   0.0005228016041   0.0006738074302   0.0008684230682   0.001119238438   0.001442475192   0.001859032419   0.002395832162   0.00308754989   0.003978838639   0.005127185363   0.006606575323   0.008512186714   0.01096639456   0.01412643138   0.0181941325   0.02342828468   0.0301601929   0.03881316987   0.04992671463   0.06418613891   0.08245825526   0.1058333442   0.1356727947   0.173660299   0.221851919   0.2827162757   0.3591501064   0.4544462708   0.5721815302   0.7159822493   0.8891226314   1.093921132   1.330938512   1.598056195   1.88962369   2.19597688   2.503675375   2.796701596   3.058570978   3.274908924   3.435765002   3.536961192   3.580131666   3.571607009   3.520652832   3.437646269   3.3326117   3.214290404   3.089717677   2.964176472   2.841376261   2.723732661   2.612664796   2.50886473   2.412519941   2.323485776   2.241412915   2.165837899   2.096245094   2.032107477   1.972912236   1.918175792   1.867451661   1.820333596   1.776455738   1.735490967   1.697148244   1.661169471   1.627326206   1.595416445   1.565261581   1.536703608   1.509602602   1.483834467   1.459288949   1.435867888   
41.86432161   8.778164782e-18   1.131394694e-17   1.458225023e-17   1.879468084e-17   2.422397245e-17   3.122164438e-17   4.024076065e-17   5.186526367e-17   6.684778151e-17   8.61583568e-17   1.110472521e-16   1.431258982e-16   1.844712258e-16   2.377601371e-16   3.064428207e-16   3.949661348e-16   5.090615185e-16   6.561160737e-16   8.456508429e-16   1.089937249e-15   1.404791606e-15   1.81059915e-15   2.333633878e-15   3.007759656e-15   3.876622735e-15   4.996477628e-15   6.439829303e-15   8.300127517e-15   1.069781722e-14   1.378813675e-14   1.777116875e-14   2.290479449e-14   2.952139041e-14   3.80493478e-14   4.904080898e-14   6.320741574e-14   8.146638459e-14   1.049998919e-13   1.353316138e-13   1.744253766e-13   2.248123048e-13   2.897546984e-13   3.734572505e-13   4.813392802e-13   6.20385606e-13   7.995987778e-13   1.030581947e-12   1.32829011e-12   1.711998374e-12   2.206549917e-12   2.843964463e-12   3.665511395e-12   4.724381745e-12   6.089132037e-12   7.848122986e-12   1.01152404e-11   1.303726873e-11   1.680339461e-11   2.165745572e-11   2.79137281e-11   3.59772739e-11   4.637016713e-11   5.976529534e-11   7.702992565e-11   9.9281856e-11   1.279617869e-10   1.649265996e-10   2.125695796e-10   2.739753701e-10   3.531196871e-10   4.551267268e-10   5.866009317e-10   7.560545949e-10   9.744589883e-10   1.255954697e-09   1.618767152e-09   2.086386634e-09   2.689089151e-09   3.465896658e-09   4.467103531e-09   5.757532877e-09   7.420733501e-09   9.564389273e-09   1.232729112e-08   1.588832302e-08   2.047804387e-08   2.639361499e-08   3.401803984e-08   4.384496154e-08   5.651062378e-08   7.283506442e-08   9.387520876e-08   1.209933001e-07   1.559450983e-07   2.00993556e-07   2.590553335e-07   3.338896379e-07   4.303416122e-07   5.546560338e-07   7.148816317e-07   9.213921999e-07   1.187558247e-06   1.530612665e-06   1.972766469e-06   2.542646839e-06   3.277150571e-06   4.223832937e-06   5.443986611e-06   7.016609991e-06   9.043521846e-06   1.165595339e-05   1.502304453e-05   1.936279436e-05   2.495617466e-05   3.216532002e-05   4.145697203e-05   5.343269461e-05   6.886781604e-05   8.876161714e-05   0.0001144020124   0.0001474489074   0.0001900416214   0.0002449373188   0.0003156893897   0.000406877296   0.0005244027058   0.0006758709937   0.0008710826505   0.001122666153   0.001446892835   0.001864725787   0.002403169505   0.003097005652   0.003991024019   0.005142887619   0.006626808298   0.008538255746   0.01099997978   0.01416969447   0.01824985328   0.02350003561   0.03025256114   0.03893203914   0.05007962112   0.06438271803   0.0827107977   0.1061574808   0.1360883273   0.1741921888   0.2225314285   0.2835822352   0.3602502295   0.4558383745   0.5739344147   0.7181758652   0.8918470231   1.09727354   1.335018028   1.602955598   1.895418677   2.202713809   2.511359712   2.805289999   3.067969803   3.284980572   3.446341339   3.547861088   3.591178692   3.582643753   3.531549875   3.448305619   3.342965762   3.224298121   3.099359371   2.973448539   2.850286399   2.732295948   2.620900659   2.516794742   2.420166282   2.330870223   2.248556217   2.172759429   2.102962686   2.03863739   1.979269193   1.924373068   1.873501193   1.826246101   1.78224084   1.741157308   1.702703595   1.666620829   1.632679885   1.600678154   1.570436494   1.541796429   1.514617615   1.488775586   1.464159759   
42.11809045   6.831455778e-18   8.804884635e-18   1.134838546e-17   1.462663714e-17   1.885188997e-17   2.42977078e-17   3.131667993e-17   4.03632495e-17   5.202313634e-17   6.705125946e-17   8.64206142e-17   1.113852688e-16   1.43561559e-16   1.850327378e-16   2.384838551e-16   3.073756019e-16   3.961683721e-16   5.106110507e-16   6.581132253e-16   8.482249193e-16   1.093254908e-15   1.409067651e-15   1.816110433e-15   2.340737226e-15   3.016914975e-15   3.888422786e-15   5.011686405e-15   6.459431498e-15   8.325392273e-15   1.07303803e-14   1.383010646e-14   1.78252624e-14   2.297451439e-14   2.961125057e-14   3.81651662e-14   4.919008428e-14   6.339981278e-14   8.17143601e-14   1.05319501e-13   1.357435496e-13   1.7495631e-13   2.254966109e-13   2.906366826e-13   3.745940169e-13   4.828044287e-13   6.222739977e-13   8.020326764e-13   1.033718935e-12   1.332333292e-12   1.717209525e-12   2.213266434e-12   2.852621205e-12   3.676668845e-12   4.738762289e-12   6.107666745e-12   7.872011886e-12   1.014603018e-11   1.307695287e-11   1.685454245e-11   2.172337884e-11   2.799869469e-11   3.608678511e-11   4.651131327e-11   5.99472149e-11   7.726439702e-11   9.958406002e-11   1.283512898e-10   1.654286196e-10   2.132166201e-10   2.748093237e-10   3.54194548e-10   4.56512087e-10   5.883864861e-10   7.583559493e-10   9.774251438e-10   1.259777698e-09   1.623694517e-09   2.092737386e-09   2.697274469e-09   3.4764465e-09   4.480700946e-09   5.77505823e-09   7.44332147e-09   9.593502316e-09   1.236481416e-08   1.593668548e-08   2.054037698e-08   2.647395451e-08   3.412158735e-08   4.397842121e-08   5.668263646e-08   7.305676706e-08   9.416095549e-08   1.213615916e-07   1.564197796e-07   2.016053602e-07   2.59843872e-07   3.349059645e-07   4.31651529e-07   5.563443512e-07   7.170576597e-07   9.241968254e-07   1.191173055e-06   1.535271696e-06   1.978771372e-06   2.550386401e-06   3.287125889e-06   4.236689862e-06   5.46055756e-06   7.037967848e-06   9.07104942e-06   1.169143294e-05   1.506877317e-05   1.942173277e-05   2.503213875e-05   3.226322803e-05   4.15831629e-05   5.359533838e-05   6.907744278e-05   8.903179862e-05   0.0001147502407   0.0001478977271   0.0001906200891   0.0002456828835   0.0003166503167   0.00040811579   0.0005259989355   0.000677928278   0.0008737341399   0.001126083438   0.001451297035   0.001870401831   0.002410484521   0.003106432642   0.004003172321   0.005158542094   0.006646979705   0.008564245452   0.0110334628   0.0142128259   0.01830540452   0.02357156821   0.0303446483   0.03905054669   0.05023206233   0.06457869896   0.08296257165   0.106480631   0.1365025953   0.1747224599   0.22320887   0.2844455592   0.3613470044   0.4572262412   0.5756819638   0.7203628037   0.8945631208   1.100615741   1.33908512   1.607840078   1.901196009   2.209430207   2.519020621   2.813852205   3.077339941   3.295021458   3.456885346   3.558727634   3.60219188   3.593646649   3.542413454   3.458932185   3.353287927   3.234274955   3.108971259   2.982691889   2.85916889   2.740832612   2.629110869   2.524700005   2.427788714   2.338231536   2.255677101   2.179659198   2.109659123   2.045146705   1.985606064   1.930550732   1.879531551   1.832139842   1.788007557   1.746805619   1.708241246   1.672054798   1.638016467   1.605923042   1.575594847   1.546872936   1.519616548   1.493700849   
42.3718593   5.316365365e-18   6.852124239e-18   8.831523675e-18   1.138271982e-17   1.46708898e-17   1.890892606e-17   2.437122013e-17   3.141142805e-17   4.048536787e-17   5.218053152e-17   6.725412199e-17   8.668207841e-17   1.117222632e-16   1.439959023e-16   1.855925514e-16   2.392053842e-16   3.083055619e-16   3.973669733e-16   5.121558964e-16   6.601043365e-16   8.507912104e-16   1.096562534e-15   1.413330763e-15   1.821605046e-15   2.347819089e-15   3.026042604e-15   3.900187148e-15   5.026849183e-15   6.478974406e-15   8.350580616e-15   1.07628449e-14   1.387194922e-14   1.787919245e-14   2.304402342e-14   2.970083894e-14   3.828063431e-14   4.933890811e-14   6.359162791e-14   8.196158561e-14   1.056381435e-13   1.361542396e-13   1.754856375e-13   2.261788473e-13   2.915159993e-13   3.757273452e-13   4.842651459e-13   6.241566778e-13   8.044592136e-13   1.036846435e-12   1.336364245e-12   1.722404916e-12   2.219962636e-12   2.861251766e-12   3.687792548e-12   4.75309934e-12   6.126145394e-12   7.895828534e-12   1.017672684e-11   1.311651699e-11   1.690553561e-11   2.178910258e-11   2.80834043e-11   3.619596511e-11   4.665203252e-11   6.012858426e-11   7.749815924e-11   9.988535002e-11   1.287396146e-10   1.659291213e-10   2.138617036e-10   2.756407549e-10   3.552661581e-10   4.578932571e-10   5.901666402e-10   7.606503432e-10   9.803823281e-10   1.263589135e-09   1.62860698e-09   2.09906893e-09   2.70543503e-09   3.486964434e-09   4.494257236e-09   5.792530577e-09   7.465841121e-09   9.622527305e-09   1.24022237e-08   1.598490167e-08   2.060252157e-08   2.655405104e-08   3.422482167e-08   4.411147723e-08   5.685412888e-08   7.327779915e-08   9.444583797e-08   1.217287692e-07   1.568930251e-07   2.022153141e-07   2.606300255e-07   3.359192172e-07   4.329574838e-07   5.580275623e-07   7.192271064e-07   9.269929683e-07   1.19477693e-06   1.539916637e-06   1.984758114e-06   2.558102554e-06   3.297071036e-06   4.2495079e-06   5.477078391e-06   7.059261109e-06   9.098493737e-06   1.172680519e-05   1.511436351e-05   1.948049291e-05   2.510787309e-05   3.236083992e-05   4.17089721e-05   5.375749024e-05   6.928643549e-05   8.930116293e-05   0.0001150974158   0.0001483451894   0.0001911968073   0.0002464261933   0.0003176083374   0.0004093505381   0.0005275903374   0.0006799793399   0.0008763776099   0.001129490388   0.001455687914   0.001876060707   0.002417777413   0.003115831119   0.00401528388   0.005174149221   0.006667090104   0.008590156552   0.01106684455   0.01425582689   0.01836078774   0.02364288445   0.03043645695   0.03916869581   0.05038404246   0.06477408712   0.08321358408   0.1068028038   0.1369156104   0.1752511271   0.2238842624   0.2853062718   0.3624404616   0.4586099094   0.5774242259   0.7225431253   0.8972709998   1.103947827   1.343139902   1.612709771   1.906955847   2.216126259   2.526658314   2.822388452   3.086681654   3.305031863   3.467397318   3.569561133   3.613171538   3.604616006   3.553243873   3.469526267   3.363578489   3.244221191   3.118553615   2.991906787   2.868023989   2.7493429   2.637295662   2.532580749   2.435387459   2.345569932   2.262775775   2.186537409   2.116334601   2.051635612   1.991923038   1.936708968   1.885542917   1.838014993   1.79375606   1.752436066   1.713761363   1.677471541   1.643336112   1.611151265   1.580736794   1.551933281   1.524599552   
42.62562814   4.137218909e-18   5.332353218e-18   6.872730564e-18   8.858082628e-18   1.141695096e-17   1.471500942e-17   1.896579069e-17   2.444451146e-17   3.150589133e-17   4.060711911e-17   5.233745351e-17   6.745637464e-17   8.694275656e-17   1.120582444e-16   1.444289397e-16   1.86150682e-16   2.399247442e-16   3.092327262e-16   3.98561971e-16   5.136960977e-16   6.620894617e-16   8.533497864e-16   1.099860215e-15   1.417581058e-15   1.827083141e-15   2.354879662e-15   3.035142791e-15   3.911916142e-15   5.041966377e-15   6.498458561e-15   8.375693234e-15   1.079521189e-14   1.39136662e-14   1.793296037e-14   2.311332348e-14   2.979015797e-14   3.839575528e-14   4.948728451e-14   6.378286638e-14   8.220806787e-14   1.05955828e-13   1.365636949e-13   1.760133737e-13   2.268590327e-13   2.923926725e-13   3.768572663e-13   4.857214717e-13   6.26033698e-13   8.068784558e-13   1.039964533e-12   1.34038308e-12   1.727584687e-12   2.226638708e-12   2.86985638e-12   3.69888281e-12   4.767393288e-12   6.14456849e-12   7.91957358e-12   1.020733121e-11   1.315596216e-11   1.695637546e-11   2.185462873e-11   2.816785924e-11   3.630481688e-11   4.679232871e-11   6.030940835e-11   7.773121868e-11   1.001857342e-10   1.291267719e-10   1.664281183e-10   2.145048478e-10   2.764696866e-10   3.563345464e-10   4.592702749e-10   5.919414424e-10   7.629378395e-10   9.833306222e-10   1.267389114e-09   1.633504673e-09   2.105381439e-09   2.713571058e-09   3.497450747e-09   4.507772771e-09   5.809950397e-09   7.488293071e-09   9.651465036e-09   1.243952079e-08   1.603297291e-08   2.066447933e-08   2.663390678e-08   3.432774564e-08   4.424413323e-08   5.702510574e-08   7.349816675e-08   9.4729864e-08   1.220948429e-07   1.57364848e-07   2.028234342e-07   2.614138156e-07   3.369294237e-07   4.342595126e-07   5.59705713e-07   7.213900309e-07   9.29780705e-07   1.198369971e-06   1.544547613e-06   1.990726857e-06   2.565795511e-06   3.306986285e-06   4.262287403e-06   5.493549555e-06   7.080490355e-06   9.125855547e-06   1.176207109e-05   1.515981678e-05   1.953907641e-05   2.518337975e-05   3.245815836e-05   4.183440308e-05   5.391915461e-05   6.949479991e-05   8.956971744e-05   0.0001154435471   0.0001487913064   0.0001917717916   0.0002471672685   0.000318563478   0.0004105815742   0.0005291769549   0.0006820242357   0.0008790131327   0.001132887095   0.001460065593   0.001881702571   0.002425048379   0.003125201342   0.004027359027   0.005189709429   0.006687140044   0.008615989754   0.01110012595   0.0142986986   0.01841600445   0.0237139863   0.03052798958   0.03928648973   0.05053556568   0.06496888787   0.08346384185   0.1071240079   0.1373273837   0.1757782047   0.2245576241   0.2861643964   0.3635306308   0.4599894168   0.5791612487   0.7247168898   0.8999707341   1.10726989   1.347182485   1.617564809   1.912698346   2.222802149   2.534273   2.830898973   3.095995197   3.315012062   3.477877544   3.580361884   3.624117972   3.615552129   3.564041435   3.48008816   3.373837735   3.254137108   3.12810671   3.001093495   2.876851945   2.757827053   2.645455272   2.540437199   2.442962735   2.352885621   2.269852444   2.193394261   2.122989313   2.0581043   1.998220297   1.942847956   1.891535465   1.843871728   1.79948652   1.758048817   1.719264108   1.682871217   1.648638978   1.61636298   1.585862488   1.556977616   
42.87939698   3.219544246e-18   4.149586353e-18   5.348293293e-18   6.89327531e-18   8.884562214e-18   1.145107981e-17   1.47589972e-17   1.902248538e-17   2.451758376e-17   3.160007231e-17   4.072850652e-17   5.249390656e-17   6.765802289e-17   8.720265571e-17   1.123932217e-16   1.448606831e-16   1.867071448e-16   2.406419545e-16   3.101571197e-16   3.997533977e-16   5.152316964e-16   6.640686546e-16   8.559007163e-16   1.103148042e-15   1.421818652e-15   1.832544865e-15   2.361919136e-15   3.044215785e-15   3.923610086e-15   5.057038394e-15   6.51788449e-15   8.400730807e-15   1.082748217e-14   1.395525851e-14   1.798656761e-14   2.318241645e-14   2.987921009e-14   3.851053223e-14   4.963521752e-14   6.397353336e-14   8.245381355e-14   1.062725632e-13   1.369719266e-13   1.765395329e-13   2.275371855e-13   2.932667258e-13   3.779838108e-13   4.871734454e-13   6.279051089e-13   8.092904684e-13   1.043073313e-12   1.344389905e-12   1.732748979e-12   2.233294829e-12   2.87843528e-12   3.70993993e-12   4.781644521e-12   6.162936531e-12   7.943247668e-12   1.023784412e-11   1.319528945e-11   1.700706338e-11   2.191995907e-11   2.82520618e-11   3.641334335e-11   4.693220565e-11   6.048969207e-11   7.796358166e-11   1.004852208e-10   1.295127723e-10   1.669256241e-10   2.1514607e-10   2.772961412e-10   3.573997421e-10   4.606431777e-10   5.937109409e-10   7.652184998e-10   9.862701056e-10   1.271177737e-09   1.638387731e-09   2.111675084e-09   2.721682773e-09   3.507905724e-09   4.521247917e-09   5.82731816e-09   7.510677926e-09   9.68031629e-09   1.247670642e-08   1.608090049e-08   2.072625193e-08   2.671352387e-08   3.443036203e-08   4.437639282e-08   5.719557165e-08   7.371787581e-08   9.501304126e-08   1.224598227e-07   1.578352608e-07   2.03429737e-07   2.621952635e-07   3.379366114e-07   4.355576504e-07   5.613788488e-07   7.235464918e-07   9.32560111e-07   1.201952274e-06   1.549164749e-06   1.996677764e-06   2.573465478e-06   3.316871904e-06   4.275028716e-06   5.509971496e-06   7.10165616e-06   9.153135589e-06   1.179723161e-05   1.520513423e-05   1.959748483e-05   2.525866077e-05   3.255518597e-05   4.195945923e-05   5.408033586e-05   6.970254166e-05   8.983746941e-05   0.0001157886441   0.0001492360903   0.0001923450576   0.000247906129   0.0003195157642   0.0004118089315   0.0005307588311   0.0006840630206   0.0008816407796   0.001136273651   0.00146443019   0.001887327575   0.002432297618   0.003134543562   0.004039398089   0.005205223136   0.006707130066   0.008641745756   0.01113330788   0.01434144219   0.01847105616   0.02378487566   0.03061924868   0.03940393163   0.05068663608   0.06516310646   0.08371335173   0.1074442522   0.1377379264   0.1763037072   0.2252289734   0.2870199563   0.3646175417   0.4613648009   0.5808930791   0.7268841559   0.902662397   1.11058202   1.351212978   1.622405325   1.918423665   2.229458059   2.541864888   2.839384001   3.105280826   3.324962326   3.48832631   3.591130184   3.635031481   3.626455317   3.574806435   3.490618156   3.384065948   3.26402298   3.137630808   3.010252267   2.885653007   2.76628531   2.653589928   2.548269577   2.450514757   2.36017881   2.27690731   2.20022995   2.129623451   2.064552956   2.004498023   1.948967873   1.89750937   1.849710216   1.805199101   1.763644035   1.724749643   1.688253984   1.653925219   1.621558338   1.590972079   
43.13316583   2.505374216e-18   3.229111284e-18   4.161917058e-18   5.364186016e-18   6.913759025e-18   8.910963138e-18   1.148510727e-17   1.48028543e-17   1.907901165e-17   2.4590439e-17   3.169397352e-17   4.084953333e-17   5.264989485e-17   6.785907211e-17   8.74617828e-17   1.127272038e-16   1.452911439e-16   1.872619545e-16   2.413570342e-16   3.110787673e-16   4.00941285e-16   5.167627333e-16   6.660419681e-16   8.584440685e-16   1.106426102e-15   1.426043658e-15   1.837990365e-15   2.368937698e-15   3.053261825e-15   3.935269291e-15   5.072065639e-15   6.537252713e-15   8.425694002e-15   1.085965658e-14   1.399672726e-14   1.80400156e-14   2.325130417e-14   2.996799767e-14   3.862496821e-14   4.978271107e-14   6.416363394e-14   8.269882921e-14   1.065883575e-13   1.373789456e-13   1.77064129e-13   2.282133237e-13   2.941381827e-13   3.791070088e-13   4.886211058e-13   6.297709606e-13   8.116953158e-13   1.046172858e-12   1.348384828e-12   1.73789793e-12   2.239931177e-12   2.886988695e-12   3.720964204e-12   4.795853419e-12   6.181250008e-12   7.966851429e-12   1.026826639e-11   1.323449992e-11   1.705760072e-11   2.198509533e-11   2.833601422e-11   3.652154744e-11   4.707166706e-11   6.066944024e-11   7.819525437e-11   1.007838177e-10   1.298976261e-10   1.67421652e-10   2.157853874e-10   2.781201407e-10   3.584617734e-10   4.620120021e-10   5.954751829e-10   7.674923851e-10   9.892008569e-10   1.274955106e-09   1.643256282e-09   2.117950033e-09   2.72977039e-09   3.518329643e-09   4.534683033e-09   5.844634329e-09   7.532996284e-09   9.709081838e-09   1.251378158e-08   1.612868569e-08   2.078784104e-08   2.679290446e-08   3.453267358e-08   4.45082595e-08   5.736553117e-08   7.393693219e-08   9.52953773e-08   1.228237182e-07   1.583042763e-07   2.040342387e-07   2.629743899e-07   3.389408071e-07   4.368519319e-07   5.630470144e-07   7.256965467e-07   9.353312604e-07   1.205523936e-06   1.553768171e-06   2.002610992e-06   2.58111266e-06   3.326728156e-06   4.287732179e-06   5.526344654e-06   7.122759089e-06   9.180334593e-06   1.183228768e-05   1.525031705e-05   1.965571975e-05   2.533371815e-05   3.265192534e-05   4.208414388e-05   5.424103831e-05   6.990966628e-05   9.010442599e-05   0.0001161327159   0.0001496795529   0.0001929166207   0.0002486427946   0.0003204652215   0.0004130326427   0.0005323360082   0.000686095749   0.0008842606207   0.001139650148   0.001468781821   0.001892935869   0.002439525321   0.00314385803   0.004051401387   0.005220690758   0.006727060706   0.008667425247   0.01116639125   0.0143840588   0.01852594432   0.02385555443   0.03071023667   0.03952102464   0.0508372577   0.06535674808   0.08396212038   0.1077635451   0.1381472494   0.1768276484   0.2258983281   0.2878729743   0.3657012233   0.4627360983   0.5826197635   0.7290449816   0.9053460602   1.113884303   1.355231489   1.627231448   1.924131954   2.236094167   2.549434179   2.847843762   3.114538788   3.334882924   3.498743899   3.601866321   3.645912358   3.637325866   3.585539167   3.501116542   3.394263408   3.273879078   3.147126171   3.019383357   2.894427418   2.774717905   2.661699858   2.556078102   2.458043736   2.367449707   2.283940571   2.207044669   2.136237203   2.070981764   2.010756396   1.955068893   1.903464802   1.855530624   1.810893969   1.76922188   1.730218124   1.693619998   1.659194989   1.626737491   
43.38693467   1.94958964e-18   2.512775084e-18   3.238650069e-18   4.174211349e-18   5.380031807e-18   6.93418225e-18   8.937286098e-18   1.151903425e-17   1.484658189e-17   1.9135371e-17   2.466307909e-17   3.178759743e-17   4.097020274e-17   5.280542249e-17   6.805952762e-17   8.772014466e-17   1.130601996e-16   1.457203335e-16   1.878151257e-16   2.420700022e-16   3.119976931e-16   4.021256645e-16   5.18289249e-16   6.680094542e-16   8.609799098e-16   1.109694482e-15   1.430256187e-15   1.843419783e-15   2.375935533e-15   3.062281152e-15   3.946894065e-15   5.087048507e-15   6.556563739e-15   8.450583478e-15   1.089173597e-14   1.403807356e-14   1.809330576e-14   2.331998846e-14   3.005652305e-14   3.873906626e-14   4.992976906e-14   6.435317313e-14   8.294312132e-14   1.069032192e-13   1.377847626e-13   1.775871759e-13   2.288874652e-13   2.95007066e-13   3.802268898e-13   4.900644912e-13   6.316313022e-13   8.140930615e-13   1.04926325e-12   1.352367953e-12   1.743031675e-12   2.246547927e-12   2.895516852e-12   3.731955921e-12   4.810020356e-12   6.199509403e-12   7.990385485e-12   1.029859882e-11   1.32735946e-11   1.710798883e-11   2.205003924e-11   2.841971873e-11   3.662943199e-11   4.721071663e-11   6.08486576e-11   7.842624293e-11   1.010815328e-10   1.302813433e-10   1.679162151e-10   2.164228168e-10   2.789417068e-10   3.595206685e-10   4.633767843e-10   5.972342149e-10   7.697595555e-10   9.921229535e-10   1.27872132e-09   1.648110457e-09   2.124206452e-09   2.737834124e-09   3.528722778e-09   4.548078474e-09   5.861899363e-09   7.555248734e-09   9.737762438e-09   1.255074725e-08   1.617632979e-08   2.084924826e-08   2.687205062e-08   3.4634683e-08   4.463973678e-08   5.753498879e-08   7.415534168e-08   9.557687958e-08   1.231865391e-07   1.587719067e-07   2.046369553e-07   2.637512155e-07   3.399420373e-07   4.381423913e-07   5.647102536e-07   7.278402522e-07   9.380942263e-07   1.209085051e-06   1.558357997e-06   2.008526699e-06   2.58873726e-06   3.336555301e-06   4.300398128e-06   5.542669461e-06   7.143799699e-06   9.207453276e-06   1.186724022e-05   1.529536645e-05   1.971378269e-05   2.540855388e-05   3.274837904e-05   4.220846032e-05   5.440126619e-05   7.011617924e-05   9.037059422e-05   0.0001164757716   0.0001501217059   0.0001934864959   0.0002493772848   0.000321411875   0.0004142527402   0.0005339085276   0.0006881224746   0.0008868727252   0.001143016673   0.001473120601   0.001898527602   0.002446731681   0.003153144992   0.004063369239   0.005236112703   0.006746932489   0.008693028903   0.01119937691   0.01442654956   0.0185806704   0.02392602448   0.03080095597   0.03963777186   0.05098743451   0.06554981785   0.08421015437   0.108081895   0.1385553636   0.1773500423   0.2265657059   0.288723473   0.3667817041   0.4641033453   0.5843413474   0.7311994238   0.9080217947   1.117176831   1.359238123   1.632043306   1.929823367   2.242710647   2.556981075   2.856278481   3.123769329   3.344774119   3.509130586   3.612570583   3.656760896   3.648164067   3.596239918   3.5115836   3.40443039   3.28370567   3.156593058   3.028487012   2.903175417   2.78312507   2.669785284   2.56386299   2.465549882   2.374698511   2.290952425   2.213838609   2.142830754   2.077390902   2.016995591   1.961151189   1.90940193   1.861333118   1.816571285   1.774782512   1.735669708   1.698969412   1.664448438   
43.64070352   1.51707238e-18   1.955314902e-18   2.520154225e-18   3.248160852e-18   4.186469547e-18   5.395831078e-18   6.954545517e-18   8.96353178e-18   1.155286162e-17   1.489018111e-17   1.919156489e-17   2.473550592e-17   3.188094648e-17   4.109051789e-17   5.296049354e-17   6.825939464e-17   8.797774803e-17   1.133922179e-16   1.461482632e-16   1.883666731e-16   2.427808771e-16   3.129139211e-16   4.033065668e-16   5.198112832e-16   6.699711642e-16   8.635083066e-16   1.112953266e-15   1.434456349e-15   1.848833262e-15   2.382912824e-15   3.071274e-15   3.958484712e-15   5.101987388e-15   6.575818072e-15   8.475399885e-15   1.092372119e-14   1.407929847e-14   1.814643947e-14   2.33884711e-14   3.014478854e-14   3.885282934e-14   5.007639532e-14   6.454215589e-14   8.318669625e-14   1.072171566e-13   1.381893882e-13   1.781086873e-13   2.295596276e-13   2.958733986e-13   3.813434831e-13   4.915036392e-13   6.334861824e-13   8.164837679e-13   1.052344569e-12   1.356339384e-12   1.74815035e-12   2.253145252e-12   2.904019972e-12   3.74291537e-12   4.824145703e-12   6.217715193e-12   8.013850452e-12   1.03288422e-11   1.33125745e-11   1.7158229e-11   2.211479249e-11   2.85031775e-11   3.673699981e-11   4.734935799e-11   6.102734882e-11   7.865655336e-11   1.013783739e-10   1.30663934e-10   1.684093262e-10   2.170583749e-10   2.79760861e-10   3.605764549e-10   4.647375598e-10   5.989880828e-10   7.720200699e-10   9.950364715e-10   1.282476477e-09   1.652950381e-09   2.130444503e-09   2.745874185e-09   3.539085403e-09   4.561434589e-09   5.87911371e-09   7.577435856e-09   9.766358839e-09   1.258760441e-08   1.622383401e-08   2.091047521e-08   2.695096443e-08   3.473639295e-08   4.477082806e-08   5.770394892e-08   7.437310997e-08   9.585755543e-08   1.235482949e-07   1.592381642e-07   2.052379024e-07   2.645257605e-07   3.409403281e-07   4.394290622e-07   5.663686101e-07   7.299776644e-07   9.408490808e-07   1.21263571e-06   1.56293435e-06   2.01442504e-06   2.596339475e-06   3.346353597e-06   4.313026893e-06   5.558946342e-06   7.16477854e-06   9.234492345e-06   1.190209016e-05   1.534028359e-05   1.977167517e-05   2.548316992e-05   3.284454957e-05   4.233241181e-05   5.456102368e-05   7.032208594e-05   9.063598105e-05   0.0001168178202   0.0001505625609   0.0001940546981   0.0002501096187   0.0003223557494   0.0004154692558   0.0005354764306   0.0006901432502   0.0008894771612   0.001146373315   0.001477446644   0.001904102918   0.002453916884   0.00316240469   0.004075301956   0.005251489372   0.006766745933   0.008718557393   0.01123226574   0.01446891558   0.01863523581   0.02399628765   0.03089140893   0.03975417634   0.05113717042   0.06574232079   0.08445746016   0.1083993103   0.1389622796   0.1778709025   0.2272311243   0.2895714744   0.3678590123   0.4654665775   0.5860578758   0.7333475389   0.9106896702   1.120459686   1.363232987   1.636841023   1.935498051   2.249307674   2.564505773   2.86468838   3.132972692   3.35463617   3.519486645   3.623243251   3.667577381   3.658970207   3.606908973   3.522019608   3.414567165   3.293503018   3.166031722   3.037563478   2.911897241   2.791507032   2.677846427   2.571624452   2.473033399   2.381925423   2.297943063   2.220611956   2.149404286   2.08378055   2.023215782   1.967214931   1.91532092   1.867117859   1.822231208   1.780326086   1.741104549   1.704302377   
43.89447236   1.180489071e-18   1.521501481e-18   1.961023455e-18   2.527511829e-18   3.257643875e-18   4.198691968e-18   5.411584236e-18   6.974849351e-18   8.989700861e-18   1.158659026e-17   1.493365307e-17   1.924759477e-17   2.480772137e-17   3.197402308e-17   4.121048188e-17   5.3115112e-17   6.845867832e-17   8.823459955e-17   1.137232671e-16   1.465749438e-16   1.889166106e-16   2.434896772e-16   3.13827475e-16   4.044840226e-16   5.213288751e-16   6.719271487e-16   8.660293239e-16   1.116202539e-15   1.438644252e-15   1.854230941e-15   2.389869751e-15   3.080240602e-15   3.97004153e-15   5.116882669e-15   6.59501621e-15   8.500143862e-15   1.095561305e-14   1.412040306e-14   1.81994181e-14   2.345675387e-14   3.023279642e-14   3.896626039e-14   5.022259363e-14   6.473058707e-14   8.342956027e-14   1.075301776e-13   1.385928329e-13   1.786286766e-13   2.302298282e-13   2.967372026e-13   3.824568175e-13   4.929385868e-13   6.353356488e-13   8.188674968e-13   1.055416894e-12   1.360299225e-12   1.753254084e-12   2.259723323e-12   2.912498274e-12   3.753842832e-12   4.838229823e-12   6.235867847e-12   8.037246933e-12   1.035899731e-11   1.335144063e-11   1.720832255e-11   2.217935675e-11   2.858639268e-11   3.684425369e-11   4.74875947e-11   6.12055185e-11   7.888619161e-11   1.016743486e-10   1.310454081e-10   1.689009982e-10   2.17692078e-10   2.805776243e-10   3.616291599e-10   4.660943636e-10   6.007368319e-10   7.742739868e-10   9.979414859e-10   1.286220674e-09   1.657776178e-09   2.136664347e-09   2.75389078e-09   3.549417782e-09   4.574751723e-09   5.896277815e-09   7.599558222e-09   9.794871778e-09   1.262435399e-08   1.627119958e-08   2.097152345e-08   2.702964792e-08   3.483780604e-08   4.490153674e-08   5.787241592e-08   7.459024268e-08   9.613741209e-08   1.239089948e-07   1.597030609e-07   2.058370956e-07   2.65298045e-07   3.419357053e-07   4.407119777e-07   5.680221264e-07   7.321088382e-07   9.435958949e-07   1.216176007e-06   1.567497345e-06   2.020306165e-06   2.603919503e-06   3.356123295e-06   4.325618799e-06   5.575175716e-06   7.18569615e-06   9.261452496e-06   1.193683837e-05   1.538506963e-05   1.982939869e-05   2.555756817e-05   3.294043942e-05   4.245600152e-05   5.472031489e-05   7.052739166e-05   9.090059331e-05   0.0001171588705   0.0001510021291   0.0001946212419   0.0002508398152   0.0003232968689   0.0004166822208   0.0005370397574   0.0006921581279   0.0008920739958   0.00114972016   0.001481760061   0.001909661962   0.002461081116   0.003171637362   0.004087199845   0.005266821162   0.006786501548   0.008744011375   0.01126505857   0.01451115795   0.01868964196   0.02406634574   0.03098159789   0.03987024107   0.05128646931   0.06593426187   0.08470404413   0.1087157991   0.1393680079   0.1783902423   0.2278946004   0.2904170006   0.3689331757   0.4668258301   0.5877693928   0.7354893822   0.9133497557   1.123732954   1.367216182   1.641624725   1.941156152   2.255885417   2.572008467   2.873073675   3.142149115   3.364469333   3.529812346   3.633884603   3.678362094   3.669744568   3.61754661   3.53242484   3.424674001   3.30327138   3.175442414   3.046612997   2.920593123   2.799864017   2.685883502   2.579362698   2.48049449   2.389130637   2.304912676   2.227364896   2.155957979   2.090150883   2.029417139   1.973260285   1.921221935   1.872885008   1.827873896   1.785852757   1.746522797   
44.14824121   9.185658637e-19   1.183915511e-18   1.52591773e-18   1.966715443e-18   2.534848084e-18   3.267099382e-18   4.210878923e-18   5.427291684e-18   6.99509427e-18   9.015794007e-18   1.162022103e-17   1.49769989e-17   1.930346207e-17   2.487972727e-17   3.20668296e-17   4.133009778e-17   5.32692818e-17   6.865738374e-17   8.849070577e-17   1.140533557e-16   1.470003864e-16   1.894649524e-16   2.441964206e-16   3.147383781e-16   4.056580617e-16   5.228420634e-16   6.738774576e-16   8.685430259e-16   1.119442384e-15   1.442820004e-15   1.859612957e-15   2.396806492e-15   3.089181185e-15   3.981564814e-15   5.131734727e-15   6.61415864e-15   8.524816039e-15   1.098741238e-14   1.416138837e-14   1.8252243e-14   2.352483851e-14   3.032054893e-14   3.90793623e-14   5.036836772e-14   6.491847148e-14   8.367171957e-14   1.078422904e-13   1.389951069e-13   1.791471571e-13   2.308980841e-13   2.975985001e-13   3.835669214e-13   4.943693706e-13   6.371797486e-13   8.212443089e-13   1.058480305e-12   1.364247575e-12   1.758343009e-12   2.266282305e-12   2.920951975e-12   3.764738586e-12   4.852273075e-12   6.253967827e-12   8.060575524e-12   1.038906492e-11   1.339019399e-11   1.725827074e-11   2.224373366e-11   2.86693664e-11   3.695119634e-11   4.76254303e-11   6.138317119e-11   7.911516351e-11   1.019694645e-10   1.314257752e-10   1.693912435e-10   2.183239423e-10   2.813920177e-10   3.626788102e-10   4.674472305e-10   6.024805066e-10   7.765213635e-10   1.000838071e-09   1.289954007e-09   1.662587973e-09   2.142866144e-09   2.761884113e-09   3.55972018e-09   4.588030214e-09   5.913392115e-09   7.621616396e-09   9.823301981e-09   1.266099693e-08   1.631842771e-08   2.103239456e-08   2.71081031e-08   3.493892486e-08   4.503186615e-08   5.804039408e-08   7.480674533e-08   9.64164567e-08   1.242686481e-07   1.601666086e-07   2.064345501e-07   2.660680885e-07   3.429281942e-07   4.419911707e-07   5.696708447e-07   7.34233828e-07   9.463347386e-07   1.219706031e-06   1.5720471e-06   2.026170224e-06   2.611477535e-06   3.365864644e-06   4.338174167e-06   5.591357998e-06   7.206553064e-06   9.288334418e-06   1.197148576e-05   1.542972572e-05   1.988695471e-05   2.563175055e-05   3.303605102e-05   4.257923261e-05   5.487914389e-05   7.073210165e-05   9.116443775e-05   0.0001174989312   0.0001514404219   0.0001951861418   0.0002515678929   0.0003242352576   0.0004178916662   0.0005385985479   0.0006941671591   0.0008946632952   0.001153057293   0.001486060961   0.001915204875   0.00246822456   0.003180843243   0.004099063211   0.005282108464   0.006806199838   0.008769391496   0.01129775625   0.01455327775   0.01874389025   0.02413620054   0.03107152515   0.03998596901   0.05143533496   0.06612564598   0.08494991256   0.1090313696   0.1397725588   0.178908075   0.2285561511   0.2912600729   0.3700042217   0.4681811377   0.5894759422   0.7376250083   0.916002119   1.126996719   1.371187811   1.646394532   1.946797817   2.262444047   2.579489351   2.881434581   3.151298834   3.374273861   3.540107953   3.644494913   3.689115313   3.680487429   3.628153105   3.542799568   3.43475116   3.313011013   3.184825379   3.055635806   2.929263292   2.808196244   2.693896722   2.587077934   2.487933354   2.396314348   2.311861451   2.234097611   2.16249201   2.096502072   2.035599832   1.979287416   1.927105135   1.878634723   1.833499502   1.791362676   
44.40201005   7.147454174e-19   9.212166702e-19   1.187332066e-18   1.530321239e-18   1.97239101e-18   2.542163174e-18   3.27652761e-18   4.22303072e-18   5.442953817e-18   7.015280782e-18   9.041811875e-18   1.165375478e-17   1.502021967e-17   1.935916819e-17   2.495152543e-17   3.215936838e-17   4.144936859e-17   5.342300682e-17   6.88555159e-17   8.874607313e-17   1.14382492e-16   1.474246016e-16   1.900117122e-16   2.44901125e-16   3.156466533e-16   4.068287138e-16   5.243508863e-16   6.758221399e-16   8.71049476e-16   1.122672882e-15   1.446983708e-15   1.864979447e-15   2.40372322e-15   3.098095975e-15   3.993054853e-15   5.146543939e-15   6.633245845e-15   8.549417038e-15   1.101911996e-14   1.420225545e-14   1.830491551e-14   2.359272672e-14   3.040804827e-14   3.919213791e-14   5.051372126e-14   6.510581385e-14   8.391318025e-14   1.081535028e-13   1.393962204e-13   1.796641417e-13   2.315644121e-13   2.984573128e-13   3.846738226e-13   4.957960266e-13   6.390185283e-13   8.236142639e-13   1.061534878e-12   1.368184534e-12   1.763417253e-12   2.272822365e-12   2.929381288e-12   3.775602907e-12   4.866275813e-12   6.27201559e-12   8.083836813e-12   1.041904579e-11   1.342883555e-11   1.730807483e-11   2.230792485e-11   2.875210075e-11   3.705783048e-11   4.776286824e-11   6.156031135e-11   7.934347484e-11   1.02263729e-10   1.31805045e-10   1.698800744e-10   2.189539837e-10   2.822040616e-10   3.637254323e-10   4.687961944e-10   6.042191508e-10   7.787622566e-10   1.003726299e-09   1.293676569e-09   1.667385886e-09   2.149050048e-09   2.769854386e-09   3.569992856e-09   4.601270397e-09   5.930457041e-09   7.643610932e-09   9.851650164e-09   1.269753416e-08   1.636551959e-08   2.109309005e-08   2.718633193e-08   3.503975196e-08   4.516181956e-08   5.820788763e-08   7.502262338e-08   9.669469627e-08   1.246272638e-07   1.60628819e-07   2.07030281e-07   2.668359104e-07   3.439178198e-07   4.432666732e-07   5.713148065e-07   7.363526873e-07   9.490656808e-07   1.223225871e-06   1.576583729e-06   2.032017367e-06   2.619013763e-06   3.37557789e-06   4.350693313e-06   5.607493595e-06   7.227349807e-06   9.315138786e-06   1.20060332e-05   1.547425297e-05   1.994434468e-05   2.570571891e-05   3.313138679e-05   4.270210819e-05   5.503751468e-05   7.093622106e-05   9.1427521e-05   0.0001178380108   0.0001518774502   0.000195749412   0.0002522938702   0.0003251709391   0.0004190976224   0.0005401528413   0.0006961703942   0.0008972451245   0.001156384799   0.001490349454   0.001920731798   0.002475347395   0.003190022566   0.004110892351   0.005297351663   0.0068258413   0.008794698397   0.0113303596   0.01459527602   0.01879798202   0.02420585381   0.03116119296   0.04010136307   0.05158377113   0.06631647794   0.08519507165   0.1093460296   0.1401759426   0.1794244137   0.229215793   0.2921007127   0.3710721773   0.4695325344   0.5911775669   0.739754471   0.9186468268   1.130251062   1.375147974   1.651150566   1.952423186   2.268983723   2.586948611   2.88977131   3.160422079   3.384050003   3.550373728   3.655074451   3.699837314   3.691199063   3.638728731   3.553144056   3.444798903   3.322722167   3.194180862   3.064632141   2.937907973   2.816503931   2.7018863   2.594770363   2.495350187   2.403476744   2.318789572   2.24081028   2.169006554   2.102834288   2.041764026   1.985296487   1.93297068   1.884367159   1.839108178   
44.65577889   5.561414783e-19   7.167962022e-19   9.238598731e-19   1.190738822e-18   1.534712116e-18   1.978050297e-18   2.549457281e-18   3.285928794e-18   4.23514766e-18   5.458571024e-18   7.035409392e-18   9.067755113e-18   1.168719235e-17   1.506331647e-17   1.941471453e-17   2.502311765e-17   3.225164171e-17   4.156829727e-17   5.35762909e-17   6.905307974e-17   8.900070799e-17   1.147106842e-16   1.478475999e-16   1.905569037e-16   2.456038081e-16   3.165523231e-16   4.07996008e-16   5.258553812e-16   6.77761244e-16   8.735487366e-16   1.125894114e-15   1.451135469e-15   1.870330543e-15   2.410620108e-15   3.106985193e-15   4.004511934e-15   5.161310671e-15   6.6522783e-15   8.573947471e-15   1.105073659e-14   1.42430053e-14   1.835743692e-14   2.36604202e-14   3.049529663e-14   3.930459004e-14   5.065865786e-14   6.529261885e-14   8.415394833e-14   1.084638225e-13   1.397961833e-13   1.801796434e-13   2.322288288e-13   2.993136621e-13   3.857775488e-13   4.972185904e-13   6.408520336e-13   8.259774209e-13   1.06458069e-12   1.3721102e-12   1.768476942e-12   2.279343666e-12   2.937786421e-12   3.786436063e-12   4.880238386e-12   6.290011584e-12   8.107031379e-12   1.044894066e-11   1.346736626e-11   1.735773606e-11   2.237193191e-11   2.883459777e-11   3.716415873e-11   4.789991195e-11   6.173694341e-11   7.957113127e-11   1.025571495e-10   1.321832269e-10   1.703675032e-10   2.195822179e-10   2.830137762e-10   3.647690523e-10   4.701412888e-10   6.059528079e-10   7.809967219e-10   1.006606243e-09   1.297388453e-09   1.672170037e-09   2.155216215e-09   2.777801797e-09   3.580236066e-09   4.614472602e-09   5.947473017e-09   7.665542379e-09   9.879917032e-09   1.273396659e-08   1.64124764e-08   2.115361145e-08   2.726433637e-08   3.514028984e-08   4.52914002e-08   5.837490073e-08   7.523788221e-08   9.697213773e-08   1.249848509e-07   1.610897036e-07   2.076243031e-07   2.676015299e-07   3.449046067e-07   4.445385171e-07   5.729540527e-07   7.384654689e-07   9.517887895e-07   1.226735614e-06   1.581107346e-06   2.037847737e-06   2.626528374e-06   3.385263274e-06   4.363176549e-06   5.623582908e-06   7.248086896e-06   9.341866268e-06   1.204048153e-05   1.551865251e-05   2.000157003e-05   2.57794751e-05   3.322644909e-05   4.282463131e-05   5.519543119e-05   7.113975497e-05   9.168984962e-05   0.0001181761178   0.000152313225   0.0001963110664   0.000253017765   0.0003261039367   0.0004203001193   0.0005417026764   0.0006981678832   0.0008998195481   0.001159702761   0.001494625645   0.001926242866   0.002482449799   0.003199175558   0.00412268756   0.005312551137   0.006845426421   0.008819932706   0.01136286943   0.01463715383   0.01885191864   0.02427530728   0.03125060357   0.04021642612   0.05173178151   0.06650676249   0.08543952749   0.1096597869   0.1405781692   0.1799392712   0.2298735427   0.2929389409   0.372137069   0.4708800539   0.5928743093   0.7418778234   0.9212839451   1.133496065   1.379096769   1.655892946   1.9580324   2.275504616   2.594386436   2.89808407   3.169519079   3.393798002   3.560609929   3.665623483   3.710528365   3.701879742   3.649273753   3.563458568   3.454817486   3.332405091   3.203509102   3.07360223   2.946527391   2.824787294   2.70985244   2.602440185   2.502745183   2.410618015   2.325697222   2.247503079   2.175501783   2.109147699   2.047909885   1.991287656   1.938818726   1.890082468   
44.90954774   4.327251186e-19   5.57728085e-19   7.188411381e-19   9.264955374e-19   1.19413586e-18   1.539090471e-18   1.983693444e-18   2.556730585e-18   3.295303165e-18   4.247230041e-18   5.474143689e-18   7.055480593e-18   9.093624359e-18   1.172053454e-17   1.510629035e-17   1.947010244e-17   2.509450568e-17   3.234365188e-17   4.168688677e-17   5.37291378e-17   6.925008011e-17   8.925461662e-17   1.150379404e-16   1.482693919e-16   1.911005403e-16   2.463044871e-16   3.174554099e-16   4.091599729e-16   5.273555852e-16   6.796948177e-16   8.760408691e-16   1.129106158e-15   1.455275389e-15   1.875666378e-15   2.417497325e-15   3.115849059e-15   4.015936339e-15   5.176035287e-15   6.671256473e-15   8.598407942e-15   1.108226306e-14   1.428363893e-14   1.840980855e-14   2.372792062e-14   3.058229615e-14   3.941672144e-14   5.08031811e-14   6.547889106e-14   8.439402971e-14   1.087732571e-13   1.401950055e-13   1.806936749e-13   2.328913505e-13   3.00167569e-13   3.868781271e-13   4.98637097e-13   6.426803096e-13   8.28333838e-13   1.067617814e-12   1.376024671e-12   1.7735222e-12   2.285846367e-12   2.946167583e-12   3.797238323e-12   4.894161136e-12   6.307956253e-12   8.130159793e-12   1.047875027e-11   1.350578708e-11   1.740725565e-11   2.243575642e-11   2.891685951e-11   3.727018374e-11   4.80365648e-11   6.19130717e-11   7.979813842e-11   1.02849733e-10   1.325603303e-10   1.708535418e-10   2.202086603e-10   2.838211815e-10   3.658096958e-10   4.71482547e-10   6.076815205e-10   7.832248143e-10   1.009477973e-09   1.301089751e-09   1.676940542e-09   2.161364795e-09   2.785726541e-09   3.590450061e-09   4.627637154e-09   5.964440463e-09   7.687411276e-09   9.908103281e-09   1.277029511e-08   1.645929927e-08   2.121396023e-08   2.734211834e-08   3.524054099e-08   4.542061128e-08   5.854143751e-08   7.54525271e-08   9.724878792e-08   1.25341418e-07   1.615492737e-07   2.08216631e-07   2.683649658e-07   3.458885793e-07   4.458067335e-07   5.745886237e-07   7.405722246e-07   9.545041318e-07   1.230235348e-06   1.58561806e-06   2.043661478e-06   2.634021553e-06   3.394921035e-06   4.375624182e-06   5.639626333e-06   7.268764842e-06   9.368517522e-06   1.207483162e-05   1.556292541e-05   2.005863218e-05   2.585302093e-05   3.332124027e-05   4.294680498e-05   5.535289731e-05   7.134270839e-05   9.195143006e-05   0.0001185132604   0.0001527477568   0.000196871119   0.0002537395952   0.0003270342732   0.0004214991867   0.0005432480912   0.0007001596753   0.0009023866292   0.001163011259   0.00149888964   0.001931738217   0.002489531946   0.003208302446   0.004134449128   0.005327707262   0.006864955684   0.008845095045   0.01139528654   0.0146789122   0.01890570143   0.02434456267   0.03133975917   0.04033116101   0.05187936975   0.06669650433   0.0856832861   0.1099726494   0.1409792485   0.1804526602   0.2305294162   0.2937747781   0.3731989231   0.4722237295   0.5945662111   0.7439951178   0.9239135389   1.136731808   1.383034293   1.660621787   1.963625597   2.282006883   2.601803008   2.906373066   3.17859006   3.403518102   3.570816809   3.676142271   3.721188733   3.712529732   3.659788438   3.573743363   3.464807156   3.342060028   3.212810334   3.082546304   2.955121763   2.833046545   2.717795348   2.610087597   2.510118532   2.417738344   2.33258458   2.254176184   2.181977866   2.115442469   2.054037569   1.997261081   1.944649426   
45.16331658   3.366913167e-19   4.339526299e-19   5.593101922e-19   7.208802747e-19   9.291237273e-19   1.197523265e-18   1.543456409e-18   1.989320587e-18   2.563983262e-18   3.304650951e-18   4.259278159e-18   5.489672192e-18   7.075494874e-18   9.119420243e-18   1.175378218e-17   1.514914236e-17   1.952533328e-17   2.516569126e-17   3.243540112e-17   4.180513996e-17   5.388155124e-17   6.944652181e-17   8.950780518e-17   1.153642685e-16   1.486899877e-16   1.916426352e-16   2.47003179e-16   3.183559356e-16   4.10320637e-16   5.288515347e-16   6.816229079e-16   8.785259342e-16   1.132309094e-15   1.459403569e-15   1.880987081e-15   2.42435504e-15   3.124687788e-15   4.027328345e-15   5.190718146e-15   6.690180825e-15   8.622799045e-15   1.111370011e-14   1.432415733e-14   1.846203165e-14   2.379522961e-14   3.066904894e-14   3.952853486e-14   5.094729448e-14   6.566463503e-14   8.463343025e-14   1.090818142e-13   1.405926966e-13   1.812062487e-13   2.335519934e-13   3.010190544e-13   3.879755843e-13   5.000515808e-13   6.445034008e-13   8.306835725e-13   1.070646325e-12   1.37992804e-12   1.77855315e-12   2.292330627e-12   2.954524976e-12   3.808009949e-12   4.908044402e-12   6.325850032e-12   8.153222617e-12   1.050847534e-11   1.354409895e-11   1.745663481e-11   2.249939993e-11   2.899888797e-11   3.737590807e-11   4.817283012e-11   6.208870051e-11   8.002450179e-11   1.031414869e-10   1.329363641e-10   1.71338202e-10   2.208333262e-10   2.84626297e-10   3.668473881e-10   4.728200015e-10   6.094053306e-10   7.854465881e-10   1.012341559e-09   1.304780552e-09   1.68169752e-09   2.167495938e-09   2.793628811e-09   3.60063509e-09   4.640764372e-09   5.981359791e-09   7.709218156e-09   9.936209598e-09   1.28065206e-08   1.650598937e-08   2.127413787e-08   2.741967972e-08   3.534050783e-08   4.554945592e-08   5.8707502e-08   7.566656328e-08   9.752465355e-08   1.25696974e-07   1.620075405e-07   2.088072791e-07   2.691262367e-07   3.468697614e-07   4.470713535e-07   5.762185592e-07   7.426730058e-07   9.572117736e-07   1.233725156e-06   1.590115983e-06   2.049458733e-06   2.641493482e-06   3.404551407e-06   4.388036515e-06   5.655624261e-06   7.289384146e-06   9.395093195e-06   1.210908429e-05   1.560707276e-05   2.01155325e-05   2.59263582e-05   3.341576263e-05   4.306863218e-05   5.550991688e-05   7.154508626e-05   9.221226869e-05   0.000118849447   0.0001531810564   0.0001974295834   0.0002544593784   0.0003279619715   0.0004226948537   0.0005447891234   0.0007021458188   0.0009049464303   0.001166310375   0.001503141543   0.001937217984   0.002496594009   0.00321740345   0.004146177342   0.005342820406   0.006884429564   0.008870186026   0.01142761171   0.01472055215   0.01895933169   0.02441362165   0.03142866193   0.04044557051   0.05202653944   0.06688570807   0.08592635341   0.1102846246   0.1413791904   0.1809645932   0.2311834295   0.2946082446   0.3742577653   0.4735635937   0.5962533136   0.7461064057   0.926535672   1.13995837   1.386960643   1.665337205   1.969202915   2.288490683   2.609198508   2.914638502   3.187635243   3.413210539   3.580994619   3.686631074   3.731818681   3.723149295   3.670273043   3.583998694   3.474768166   3.35168722   3.222084791   3.091464585   2.963691307   2.841281892   2.725715225   2.617712794   2.517470423   2.424837914   2.339451821   2.260829764   2.188434969   2.121718762   2.060147238   2.003216918   
45.41708543   2.619659204e-19   3.376410216e-19   4.351766798e-19   5.60887838e-19   7.229136612e-19   9.317445059e-19   1.200901118e-18   1.547810035e-18   1.994931862e-18   2.571215488e-18   3.313972378e-18   4.271292301e-18   5.505156907e-18   7.095452718e-18   9.145143385e-18   1.178693606e-17   1.519187354e-17   1.958040837e-17   2.523667611e-17   3.252689163e-17   4.192305969e-17   5.403353489e-17   6.964240956e-17   8.976027978e-17   1.156896764e-16   1.491093974e-16   1.921832015e-16   2.476999007e-16   3.19253922e-16   4.114780281e-16   5.303432658e-16   6.835455611e-16   8.810039917e-16   1.135502997e-15   1.463520107e-15   1.886292779e-15   2.431193416e-15   3.133501592e-15   4.038688228e-15   5.205359601e-15   6.709051813e-15   8.647121368e-15   1.114504852e-14   1.436456147e-14   1.851410749e-14   2.38623488e-14   3.075555711e-14   3.964003297e-14   5.109100147e-14   6.584985522e-14   8.487215571e-14   1.093895012e-13   1.409892663e-13   1.81717377e-13   2.342107733e-13   3.018681386e-13   3.890699467e-13   5.014620759e-13   6.46321351e-13   8.330266811e-13   1.073666297e-12   1.383820402e-12   1.783569914e-12   2.298796602e-12   2.962858802e-12   3.8187512e-12   4.92188852e-12   6.343693352e-12   8.176220406e-12   1.053811658e-11   1.358230278e-11   1.750587473e-11   2.256286397e-11   2.908068511e-11   3.748133426e-11   4.830871119e-11   6.226383406e-11   8.025022684e-11   1.03432418e-10   1.333113376e-10   1.718214956e-10   2.214562306e-10   2.854291422e-10   3.678821543e-10   4.741536846e-10   6.111242798e-10   7.876620967e-10   1.015197071e-09   1.308460946e-09   1.686441082e-09   2.173609792e-09   2.801508798e-09   3.610791399e-09   4.653854572e-09   5.998231408e-09   7.730963541e-09   9.964236657e-09   1.284264395e-08   1.65525478e-08   2.133414581e-08   2.749702239e-08   3.544019277e-08   4.567793724e-08   5.887309821e-08   7.587999589e-08   9.779974127e-08   1.260515274e-07   1.624645151e-07   2.093962616e-07   2.698853609e-07   3.478481766e-07   4.483324073e-07   5.778438985e-07   7.44767863e-07   9.599117801e-07   1.237205124e-06   1.594601222e-06   2.05523964e-06   2.64894434e-06   3.414154623e-06   4.400413846e-06   5.671577076e-06   7.309945307e-06   9.421593927e-06   1.214324038e-05   1.565109562e-05   2.017227237e-05   2.599948866e-05   3.351001845e-05   4.319011584e-05   5.566649366e-05   7.174689343e-05   9.247237178e-05   0.0001191846856   0.0001536131341   0.0001979864729   0.0002551771318   0.0003288870537   0.000423887149   0.0005463258101   0.0007041263616   0.0009074990131   0.001169600187   0.001507381456   0.001942682298   0.002503636158   0.003226478791   0.004157872483   0.005357890931   0.006903848529   0.008895206253   0.01145984574   0.01476207467   0.01901281072   0.02448248589   0.03151731399   0.04055965738   0.05217329411   0.06707437825   0.08616873527   0.11059572   0.1417780044   0.1814750824   0.2318355984   0.2954393606   0.3753136213   0.4748996788   0.5979356574   0.7482117379   0.9291504078   1.143175828   1.390875913   1.670039314   1.974764486   2.294956172   2.616573116   2.922880576   3.196654846   3.422875549   3.591143606   3.697090145   3.742418467   3.733738691   3.680727826   3.594224815   3.484700761   3.361286903   3.231332703   3.100357296   2.972236236   2.849493539   2.733612269   2.625315967   2.524801041   2.431916903   2.346299121   2.26746399   2.194873259   2.127976738   2.066239048   
45.67085427   2.038218908e-19   2.627007029e-19   3.385880635e-19   4.363972973e-19   5.6246106e-19   7.249413458e-19   9.343579355e-19   1.2042695e-18   1.552151453e-18   2.000527403e-18   2.578427434e-18   3.323267666e-18   4.283272755e-18   5.5205982e-18   7.115354597e-18   9.170794396e-18   1.181999698e-17   1.523448489e-17   1.963532903e-17   2.530746191e-17   3.261812559e-17   4.204064876e-17   5.418509236e-17   6.983774802e-17   9.001204642e-17   1.160141718e-16   1.495276311e-16   1.927222519e-16   2.483946687e-16   3.201493903e-16   4.126321738e-16   5.31830814e-16   6.854628231e-16   8.834751004e-16   1.138687944e-15   1.467625103e-15   1.8915836e-15   2.438012617e-15   3.142290682e-15   4.050016255e-15   5.21996e-15   6.727869885e-15   8.671375489e-15   1.117630902e-14   1.440485231e-14   1.85660373e-14   2.392927978e-14   3.084182269e-14   3.975121842e-14   5.12343055e-14   6.603455603e-14   8.511021175e-14   1.096963254e-13   1.41384724e-13   1.822270721e-13   2.34867706e-13   3.027148419e-13   3.901612405e-13   5.028686159e-13   6.481342036e-13   8.353632193e-13   1.0766778e-12   1.387701849e-12   1.78857261e-12   2.305244446e-12   2.97116926e-12   3.829462331e-12   4.935693816e-12   6.361486638e-12   8.199153706e-12   1.056767472e-11   1.362039948e-11   1.755497657e-11   2.262615005e-11   2.916225288e-11   3.758646483e-11   4.844421123e-11   6.243847652e-11   8.047531894e-11   1.037225333e-10   1.336852597e-10   1.723034339e-10   2.220773883e-10   2.862297361e-10   3.689140189e-10   4.754836278e-10   6.128384088e-10   7.898713928e-10   1.018044574e-09   1.312131019e-09   1.691171344e-09   2.179706503e-09   2.809366688e-09   3.620919229e-09   4.666908067e-09   6.015055716e-09   7.752647951e-09   9.992185125e-09   1.2878666e-08   1.659897568e-08   2.139398549e-08   2.757414819e-08   3.553959819e-08   4.580605828e-08   5.903823007e-08   7.609283003e-08   9.807405761e-08   1.264050866e-07   1.629202082e-07   2.099835926e-07   2.706423564e-07   3.488238483e-07   4.49589925e-07   5.794646801e-07   7.46856846e-07   9.626042156e-07   1.240675333e-06   1.599073884e-06   2.061004336e-06   2.656374306e-06   3.42373091e-06   4.41275647e-06   5.687485158e-06   7.330448812e-06   9.448020349e-06   1.217730069e-05   1.569499503e-05   2.022885313e-05   2.607241405e-05   3.360400997e-05   4.331125885e-05   5.582263139e-05   7.194813472e-05   9.273174551e-05   0.0001195189841   0.0001540440003   0.0001985418009   0.0002558928726   0.0003298095419   0.0004250761009   0.0005478581877   0.0007061013508   0.0009100444381   0.001172880775   0.00151160948   0.001948131289   0.00251065856   0.003235528683   0.004169534829   0.005372919197   0.006923213042   0.008920156321   0.01149198937   0.01480348077   0.01906613979   0.02455115703   0.03160571745   0.04067342434   0.05231963726   0.06726251937   0.08641043745   0.110905943   0.1421757   0.1819841401   0.2324859383   0.2962681457   0.376366516   0.4762320166   0.5996132824   0.7503111645   0.9317578083   1.146384258   1.394780196   1.674728226   1.980310445   2.301403506   2.623927007   2.931099486   3.205649086   3.432513362   3.601264012   3.707519738   3.752988346   3.744298175   3.69115304   3.604421971   3.494605181   3.370859312   3.240554296   3.109224653   2.98075676   2.857681691   2.741486675   2.632897305   2.532110568   2.438975489   2.353126651   2.274079029   2.201292896   2.134216554   
45.92462312   1.585806084e-19   2.043903976e-19   2.634334364e-19   3.395324646e-19   4.376145112e-19   5.640298951e-19   7.269633763e-19   9.369640777e-19   1.207628488e-18   1.556480766e-18   2.00610734e-18   2.585619269e-18   3.332537034e-18   4.295219802e-18   5.535996436e-18   7.13520098e-18   9.196373881e-18   1.185296571e-17   1.527697742e-17   1.969009654e-17   2.537805032e-17   3.270910515e-17   4.215790993e-17   5.433622723e-17   7.003254179e-17   9.026311101e-17   1.163377624e-16   1.499446985e-16   1.932597992e-16   2.490874994e-16   3.210423616e-16   4.137831012e-16   5.333142142e-16   6.873747387e-16   8.859393185e-16   1.141864011e-15   1.471718651e-15   1.896859668e-15   2.444812803e-15   3.151055264e-15   4.061312695e-15   5.234519686e-15   6.746635484e-15   8.695561978e-15   1.120748235e-14   1.44450308e-14   1.861782231e-14   2.399602412e-14   3.092784773e-14   3.986209384e-14   5.137720993e-14   6.621874181e-14   8.534760398e-14   1.10002294e-13   1.41779079e-13   1.827353459e-13   2.355228068e-13   3.035591842e-13   3.912494912e-13   5.042712338e-13   6.49942001e-13   8.376932421e-13   1.079680905e-12   1.391572473e-12   1.793561356e-12   2.311674311e-12   2.979456544e-12   3.840143595e-12   4.949460618e-12   6.379230308e-12   8.222023059e-12   1.059715043e-11   1.365838995e-11   1.76039415e-11   2.268925966e-11   2.924359321e-11   3.769130225e-11   4.857933344e-11   6.261263199e-11   8.069978337e-11   1.040118396e-10   1.340581391e-10   1.727840284e-10   2.22696814e-10   2.870280976e-10   3.699430061e-10   4.768098626e-10   6.145477581e-10   7.920745283e-10   1.020884138e-09   1.315790859e-09   1.695888415e-09   2.185786213e-09   2.817202667e-09   3.631018817e-09   4.679925162e-09   6.031833109e-09   7.774271894e-09   1.002005566e-08   1.29145876e-08   1.664527409e-08   2.145365831e-08   2.765105892e-08   3.563872642e-08   4.593382206e-08   5.920290146e-08   7.630507068e-08   9.834760903e-08   1.267576598e-07   1.633746307e-07   2.105692858e-07   2.71397241e-07   3.497967994e-07   4.508439362e-07   5.810809423e-07   7.489400039e-07   9.652891433e-07   1.244135866e-06   1.603534074e-06   2.066752958e-06   2.663783554e-06   3.433280494e-06   4.425064677e-06   5.703348881e-06   7.350895143e-06   9.474373082e-06   1.221126602e-05   1.573877204e-05   2.028527612e-05   2.61451361e-05   3.369773939e-05   4.343206406e-05   5.597833373e-05   7.214881486e-05   9.299039599e-05   0.0001198523504   0.0001544736649   0.0001990955803   0.0002566066176   0.0003307294578   0.0004262617375   0.0005493862924   0.0007080708328   0.0009125827654   0.001176152214   0.001515825715   0.001953565086   0.00251766138   0.00324455334   0.004181164656   0.005387905558   0.006942523557   0.008945036815   0.01152404337   0.0148447714   0.01911932015   0.02461963668   0.03169387441   0.04078687405   0.05246557232   0.06745013585   0.08665146562   0.1112153009   0.1425722866   0.1824917781   0.2331344647   0.2970946195   0.3774164744   0.4775606384   0.6012862282   0.7524047349   0.9343579351   1.149583737   1.398673585   1.679404052   1.985840921   2.307832835   2.631260354   2.939295426   3.214618176   3.442124207   3.611356079   3.717920098   3.763528569   3.754827999   3.701548932   3.614590409   3.504481664   3.380404678   3.249749793   3.118066873   2.989253085   2.865846546   2.749338637   2.640456995   2.539399185   2.446013847   2.359934581   2.280675044   2.207694041   
46.17839196   1.23379394e-19   1.590204733e-19   2.049573279e-19   2.641641381e-19   3.404742468e-19   4.388283497e-19   5.655943798e-19   7.289797997e-19   9.395629931e-19   1.210978162e-18   1.560798073e-18   2.011671804e-18   2.592791162e-18   3.341780699e-18   4.307133719e-18   5.551351973e-18   7.15499233e-18   9.221882434e-18   1.188584302e-17   1.531935212e-17   1.974471218e-17   2.544844299e-17   3.279983242e-17   4.227484594e-17   5.448694299e-17   7.02267954e-17   9.05134794e-17   1.166604557e-16   1.503606094e-16   1.937958559e-16   2.497784088e-16   3.219328567e-16   4.14930837e-16   5.347935009e-16   6.892813527e-16   8.883967033e-16   1.14503127e-15   1.475800849e-15   1.902121106e-15   2.451594132e-15   3.159795541e-15   4.07257781e-15   5.249038998e-15   6.765349045e-15   8.719681397e-15   1.123856924e-14   1.448509788e-14   1.866946372e-14   2.406258338e-14   3.101363422e-14   3.99726618e-14   5.151971808e-14   6.640241684e-14   8.558433792e-14   1.103074142e-13   1.421723404e-13   1.832422102e-13   2.36176091e-13   3.044011851e-13   3.923347241e-13   5.056699621e-13   6.517447855e-13   8.400168038e-13   1.082675683e-12   1.395432364e-12   1.798536268e-12   2.318086345e-12   2.987720847e-12   3.850795239e-12   4.963189244e-12   6.396924775e-12   8.244828994e-12   1.06265444e-11   1.369627508e-11   1.765277064e-11   2.275219427e-11   2.932470798e-11   3.779584895e-11   4.871408094e-11   6.278630453e-11   8.092362537e-11   1.043003437e-10   1.344299844e-10   1.732632901e-10   2.233145219e-10   2.878242452e-10   3.7096914e-10   4.781324196e-10   6.162523673e-10   7.942715546e-10   1.023715828e-09   1.319440549e-09   1.700592406e-09   2.191849063e-09   2.825016917e-09   3.641090399e-09   4.69290616e-09   6.048563979e-09   7.795835874e-09   1.004784891e-08   1.295040959e-08   1.669144412e-08   2.151316565e-08   2.772775637e-08   3.573757976e-08   4.606123155e-08   5.936711622e-08   7.651672278e-08   9.862040189e-08   1.271092554e-07   1.63827793e-07   2.111533549e-07   2.721500324e-07   3.507670525e-07   4.5209447e-07   5.826927225e-07   7.510173852e-07   9.679666256e-07   1.247586803e-06   1.607981896e-06   2.072485639e-06   2.671172255e-06   3.442803597e-06   4.437338754e-06   5.719168613e-06   7.371284777e-06   9.500652738e-06   1.224513717e-05   1.578242764e-05   2.034154265e-05   2.621765648e-05   3.37912089e-05   4.355253427e-05   5.613360431e-05   7.234893851e-05   9.324832923e-05   0.0001201847924   0.0001549021381   0.0001996478241   0.0002573183834   0.0003316468227   0.0004274440864   0.0005509101595   0.0007100348534   0.0009151140538   0.001179414582   0.001520030257   0.001958983816   0.002524644781   0.003253552972   0.004192762233   0.005402850361   0.006961780524   0.008969848316   0.01155600849   0.01488594753   0.01917235303   0.02468792643   0.0317817869   0.04090000917   0.05261110269   0.06763723205   0.08689182539   0.1115238009   0.1429677734   0.1829980084   0.2337811924   0.2979188012   0.3784635207   0.4788855753   0.6029545337   0.7544924979   0.9369508485   1.152774339   1.40255617   1.684066899   1.991356043   2.31424431   2.638573329   2.947468588   3.223562324   3.45170831   3.621420042   3.72829147   3.774039386   3.76532841   3.711915751   3.624730368   3.514330445   3.389923227   3.258919412   3.126884168   2.997725417   2.873988302   2.757168344   2.647995219   2.546667069   2.453032147   2.366723076   2.287252197   
46.4321608   9.599056756e-20   1.237197313e-19   1.594591251e-19   2.055226948e-19   2.648928247e-19   3.414134319e-19   4.400388407e-19   5.671545501e-19   7.309906623e-19   9.421547414e-19   1.214318599e-18   1.565103474e-18   2.017220924e-18   2.599943276e-18   3.350998872e-18   4.319014782e-18   5.566665163e-18   7.1747291e-18   9.247320641e-18   1.191862966e-17   1.536160996e-17   1.979917721e-17   2.551864154e-17   3.28903095e-17   4.239145947e-17   5.463724312e-17   7.04205133e-17   9.076315734e-17   1.169822591e-16   1.507753733e-16   1.943304343e-16   2.504674129e-16   3.228208961e-16   4.160754077e-16   5.362687081e-16   6.911827087e-16   8.908473114e-16   1.148189794e-15   1.479871788e-15   1.907368033e-15   2.45835676e-15   3.168511715e-15   4.083811859e-15   5.263518269e-15   6.784010999e-15   8.743734302e-15   1.12695704e-14   1.452505447e-14   1.872096271e-14   2.412895909e-14   3.109918413e-14   4.008292485e-14   5.166183324e-14   6.658558534e-14   8.582041902e-14   1.106116929e-13   1.425645173e-13   1.837476768e-13   2.368275736e-13   3.052408641e-13   3.934169643e-13   5.070648332e-13   6.535425983e-13   8.423339578e-13   1.085662202e-12   1.39928161e-12   1.803497461e-12   2.324480697e-12   2.99596236e-12   3.861417509e-12   4.97688001e-12   6.414570445e-12   8.267572037e-12   1.065585731e-11   1.373405572e-11   1.770146513e-11   2.281495532e-11   2.940559905e-11   3.790010734e-11   4.884845686e-11   6.295949813e-11   8.114685007e-11   1.045880522e-10   1.348008044e-10   1.737412302e-10   2.239305264e-10   2.886181973e-10   3.71992444e-10   4.794513295e-10   6.179522757e-10   7.96462522e-10   1.026539708e-09   1.323080175e-09   1.705283425e-09   2.197895194e-09   2.832809617e-09   3.651134206e-09   4.705851361e-09   6.065248709e-09   7.817340387e-09   1.007556551e-08   1.29861328e-08   1.673748683e-08   2.157250889e-08   2.780424232e-08   3.58361605e-08   4.618828968e-08   5.953087812e-08   7.672779121e-08   9.889244247e-08   1.274598814e-07   1.642797057e-07   2.117358133e-07   2.729007478e-07   3.517346299e-07   4.533415551e-07   5.843000579e-07   7.530890377e-07   9.706367242e-07   1.251028223e-06   1.612417452e-06   2.07820251e-06   2.678540581e-06   3.452300438e-06   4.449578982e-06   5.734944719e-06   7.391618182e-06   9.526859922e-06   1.227891491e-05   1.582596286e-05   2.039765401e-05   2.628997688e-05   3.388442065e-05   4.367267226e-05   5.62884467e-05   7.254851027e-05   9.350555116e-05   0.0001205163175   0.0001553294298   0.000200198545   0.0002580281863   0.0003325616578   0.0004286231746   0.0005524298243   0.0007119934577   0.0009176383616   0.001182667954   0.001524223205   0.001964387602   0.002531608924   0.003262527785   0.004204327827   0.00541775395   0.006980984385   0.008994591393   0.01158788545   0.01492701011   0.01922523967   0.02475602786   0.03186945695   0.04101283228   0.05275623174   0.06782381228   0.0871315223   0.1118314502   0.1433621694   0.1835028426   0.2344261366   0.2987407097   0.379507679   0.4802068576   0.6046182372   0.7565745014   0.9395366083   1.155956138   1.40642804   1.688716876   1.996855939   2.320638078   2.645866101   2.955619159   3.232481738   3.461265891   3.631456135   3.738634096   3.784521039   3.775799655   3.722253736   3.634842087   3.524151755   3.399415184   3.268063372   3.135676745   3.006173958   2.882107153   2.764975984   2.655512159   2.553914394   2.460030561   2.373492301   
46.68592965   7.468062297e-20   9.625390124e-20   1.240591352e-19   1.598965739e-19   2.060865111e-19   2.656195128e-19   3.423500412e-19   4.412460119e-19   5.687104414e-19   7.3299601e-19   9.447393815e-19   1.217649874e-18   1.569397068e-18   2.022754824e-18   2.607075775e-18   3.360191764e-18   4.330863259e-18   5.581936355e-18   7.194411741e-18   9.272689081e-18   1.195132638e-17   1.540375191e-17   1.985349286e-17   2.558864756e-17   3.298053843e-17   4.250775318e-17   5.478713104e-17   7.061369992e-17   9.101215051e-17   1.173031798e-16   1.511889998e-16   1.948635466e-16   2.511545274e-16   3.237064999e-16   4.172168393e-16   5.377398695e-16   6.930788501e-16   8.932911984e-16   1.151339656e-15   1.483931563e-15   1.912600571e-15   2.465100841e-15   3.177203984e-15   4.095015097e-15   5.27795783e-15   6.802621772e-15   8.767721239e-15   1.130048653e-14   1.456490146e-14   1.877232047e-14   2.419515275e-14   3.118449942e-14   4.019288549e-14   5.180355863e-14   6.676825149e-14   8.605585264e-14   1.109151372e-13   1.429556187e-13   1.842517571e-13   2.374772695e-13   3.060782401e-13   3.944962364e-13   5.084558787e-13   6.553354805e-13   8.446447567e-13   1.08864053e-12   1.4031203e-12   1.808445048e-12   2.330857512e-12   3.00418127e-12   3.872010647e-12   4.990533228e-12   6.432167721e-12   8.290252704e-12   1.068508983e-11   1.377173275e-11   1.775002607e-11   2.287754424e-11   2.948626828e-11   3.80040798e-11   4.898246423e-11   6.313221673e-11   8.136946255e-11   1.048749716e-10   1.351706073e-10   1.742178595e-10   2.245448415e-10   2.894099719e-10   3.730129416e-10   4.807666221e-10   6.196475219e-10   7.986474805e-10   1.029355844e-09   1.326709819e-09   1.709961578e-09   2.203924743e-09   2.840580945e-09   3.661150468e-09   4.718761058e-09   6.08188768e-09   7.838785921e-09   1.01032061e-08   1.302175803e-08   1.678340325e-08   2.163168937e-08   2.78805185e-08   3.593447087e-08   4.631499935e-08   5.969419089e-08   7.693828077e-08   9.916373695e-08   1.278095457e-07   1.647303789e-07   2.123166742e-07   2.736494042e-07   3.526995536e-07   4.5458522e-07   5.85902985e-07   7.551550085e-07   9.732994998e-07   1.254460205e-06   1.616840843e-06   2.083903703e-06   2.685888698e-06   3.461771233e-06   4.461785639e-06   5.750677558e-06   7.41189582e-06   9.552995231e-06   1.231260001e-05   1.586937868e-05   2.045361148e-05   2.636209893e-05   3.397737675e-05   4.379248076e-05   5.644286441e-05   7.274753469e-05   9.376206763e-05   0.0001208469334   0.0001557555495   0.0002007477554   0.0002587360425   0.0003334739839   0.0004297990291   0.0005539453213   0.0007139466904   0.0009201557463   0.001185912402   0.001528404653   0.001969776567   0.002538553967   0.003271477984   0.004215861701   0.005432616665   0.007000135577   0.00901926661   0.01161967499   0.01496796007   0.01927798126   0.02482394251   0.03195688655   0.04112534596   0.05290096274   0.06800988078   0.08737056179   0.1121382556   0.1437554838   0.184006292   0.2350693117   0.2995603638   0.3805489733   0.4815245153   0.6062773767   0.758650793   0.9421152733   1.159129205   1.410289283   1.693354089   2.002340734   2.327014286   2.653138836   2.963747326   3.241376622   3.47079717   3.641464588   3.748948212   3.794973771   3.786241974   3.732563128   3.644925799   3.533945822   3.408880771   3.277181886   3.144444812   3.014598905   2.890203291   2.772761742   2.663007993   2.561141335   2.467009254   
46.93969849   5.810062739e-20   7.488437868e-20   9.651651664e-20   1.243976134e-19   1.603328295e-19   2.066487895e-19   2.663442187e-19   3.432840957e-19   4.424498904e-19   5.702620889e-19   7.349958878e-19   9.473169717e-19   1.220972062e-18   1.573678949e-18   2.028273629e-18   2.614188819e-18   3.36935958e-18   4.342679418e-18   5.597165894e-18   7.214040694e-18   9.297988325e-18   1.198393391e-17   1.544577891e-17   1.990766036e-17   2.565846264e-17   3.307052124e-17   4.262372968e-17   5.493661011e-17   7.080635959e-17   9.126046453e-17   1.176232253e-16   1.516014979e-16   1.953952047e-16   2.518397676e-16   3.245896882e-16   4.183551575e-16   5.39207018e-16   6.949698195e-16   8.957284193e-16   1.154480927e-15   1.487980264e-15   1.917818836e-15   2.471826526e-15   3.185872544e-15   4.106187777e-15   5.292358005e-15   6.82118178e-15   8.791642749e-15   1.133131834e-14   1.460463978e-14   1.882353814e-14   2.426116587e-14   3.126958199e-14   4.030254619e-14   5.194489744e-14   6.695041939e-14   8.629064408e-14   1.112177537e-13   1.433456532e-13   1.847544624e-13   2.381251933e-13   3.069133321e-13   3.955725646e-13   5.0984313e-13   6.571234723e-13   8.469492526e-13   1.091610735e-12   1.406948519e-12   1.813379139e-12   2.337216933e-12   3.012377761e-12   3.88257489e-12   5.004149204e-12   6.449716997e-12   8.312871507e-12   1.071424261e-11   1.380930701e-11   1.779845455e-11   2.293996244e-11   2.956671746e-11   3.810776865e-11   4.911610608e-11   6.330446421e-11   8.159146783e-11   1.051611084e-10   1.355394015e-10   1.746931888e-10   2.251574809e-10   2.901995868e-10   3.740306556e-10   4.82078327e-10   6.213381441e-10   8.008264793e-10   1.032164299e-09   1.330329562e-09   1.71462697e-09   2.209937846e-09   2.848331076e-09   3.671139408e-09   4.731635542e-09   6.098481266e-09   7.86017296e-09   1.01307713e-08   1.305728609e-08   1.682919444e-08   2.169070843e-08   2.795658662e-08   3.603251308e-08   4.644136339e-08   5.98570582e-08   7.714819618e-08   9.943429143e-08   1.281582563e-07   1.651798229e-07   2.128959508e-07   2.743960186e-07   3.536618453e-07   4.558254927e-07   5.8750154e-07   7.572153441e-07   9.759550123e-07   1.257882825e-06   1.621252168e-06   2.089589345e-06   2.693216772e-06   3.471216195e-06   4.473959002e-06   5.766367483e-06   7.432118149e-06   9.579059251e-06   1.234619322e-05   1.591267608e-05   2.050941632e-05   2.643402425e-05   3.407007931e-05   4.391196246e-05   5.659686093e-05   7.294601624e-05   9.401788442e-05   0.0001211766475   0.0001561805069   0.0002012954678   0.0002594419679   0.0003343838215   0.0004309716763   0.0005554566845   0.0007158945954   0.0009226662644   0.001189148001   0.001532574695   0.001975150833   0.002545480067   0.003280403769   0.004227364115   0.005447438839   0.007019234532   0.009043874521   0.01165137782   0.01500879833   0.01933057899   0.02489167191   0.03204407767   0.04123755274   0.05304529896   0.06819544174   0.08760894925   0.1124442242   0.1441477253   0.1845083682   0.2357107323   0.3003777819   0.3815874268   0.4828385783   0.6079319895   0.7607214193   0.9446869017   1.162293612   1.414139987   1.697978642   2.007810552   2.333373077   2.660391698   2.971853274   3.250247176   3.480302363   3.651445628   3.759234054   3.805397819   3.796655605   3.742844162   3.654981736   3.543712872   3.418320205   3.286275165   3.153188572   3.023000454   2.898276904   2.7805258   2.670482897   2.56834806   
47.19346734   4.520092263e-20   5.825828669e-20   7.508758163e-20   9.677841961e-20   1.247351732e-19   1.607679016e-19   2.072095426e-19   2.670669586e-19   3.442156163e-19   4.436505029e-19   5.718095269e-19   7.369903403e-19   9.498875693e-19   1.224285238e-18   1.577949215e-18   2.033777463e-18   2.621282567e-18   3.378502526e-18   4.354463521e-18   5.612354116e-18   7.233616397e-18   9.323218936e-18   1.201645298e-17   1.548769189e-17   1.996168091e-17   2.572808831e-17   3.316025995e-17   4.273939156e-17   5.508568368e-17   7.099849661e-17   9.15081049e-17   1.179424025e-16   1.520128771e-16   1.959254205e-16   2.525231489e-16   3.254704804e-16   4.194903876e-16   5.406701864e-16   6.968556589e-16   8.981590285e-16   1.157613675e-15   1.492017982e-15   1.923022945e-15   2.478533965e-15   3.194517588e-15   4.117330147e-15   5.306719114e-15   6.839691438e-15   8.815499363e-15   1.136206651e-14   1.464427028e-14   1.887461686e-14   2.43269999e-14   3.135443375e-14   4.041190941e-14   5.208585283e-14   6.71320931e-14   8.652479857e-14   1.115195493e-13   1.437346297e-13   1.85255804e-13   2.387713593e-13   3.077461585e-13   3.966459729e-13   5.112266178e-13   6.589066136e-13   8.492474968e-13   1.094572882e-12   1.410766352e-12   1.818299845e-12   2.343559101e-12   3.020552016e-12   3.893110474e-12   5.017728243e-12   6.467218665e-12   8.335428949e-12   1.074331631e-11   1.384677934e-11   1.784675165e-11   2.300221131e-11   2.964694841e-11   3.821117621e-11   4.924938538e-11   6.347624442e-11   8.181287084e-11   1.054464689e-10   1.359071952e-10   1.751672285e-10   2.257684583e-10   2.909870596e-10   3.750456087e-10   4.833864735e-10   6.230241799e-10   8.029995667e-10   1.034965134e-09   1.333939486e-09   1.719279707e-09   2.215934636e-09   2.856060181e-09   3.68110125e-09   4.7444751e-09   6.115029836e-09   7.881501979e-09   1.015826171e-08   1.309271776e-08   1.68748614e-08   2.174956738e-08   2.803244838e-08   3.613028932e-08   4.656738462e-08   6.001948367e-08   7.735754212e-08   9.970411194e-08   1.285060209e-07   1.656280475e-07   2.134736558e-07   2.751406076e-07   3.546215265e-07   4.570624006e-07   5.890957582e-07   7.592700903e-07   9.786033208e-07   1.26129616e-06   1.625651527e-06   2.095259562e-06   2.700524967e-06   3.480635534e-06   4.48609934e-06   5.782014843e-06   7.452285617e-06   9.605052564e-06   1.237969531e-05   1.595585601e-05   2.056506977e-05   2.650575446e-05   3.416253037e-05   4.403112003e-05   5.675043968e-05   7.314395934e-05   9.427300722e-05   0.0001215054671   0.0001566043114   0.0002018416944   0.0002601459783   0.0003352911908   0.0004321411422   0.0005569639477   0.000717837216   0.0009251699719   0.001192374822   0.001536733425   0.00198051052   0.002552387376   0.003289305341   0.004238835324   0.005462220804   0.007038281674   0.009068415674   0.01168299464   0.0150495258   0.01938303403   0.02495921756   0.03213103225   0.04134945511   0.0531892436   0.06838049929   0.08784668997   0.1127493627   0.1445389026   0.1850090822   0.2363504127   0.3011929822   0.3826230626   0.4841490757   0.6095821123   0.7627864264   0.9472515507   1.16544943   1.417980238   1.702590638   2.013265514   2.339714594   2.667624849   2.979937182   3.2590936   3.489781682   3.661399478   3.769491851   3.815793418   3.807040784   3.753097071   3.665010126   3.553453127   3.427733702   3.295343416   3.161908225   3.0313788   2.906328179   2.788268337   2.677937045   
47.44723618   3.516474188e-20   4.532291588e-20   5.841552059e-20   7.529023629e-20   9.70396159e-20   1.250718223e-19   1.612017998e-19   2.077687826e-19   2.677877485e-19   3.451446235e-19   4.448478759e-19   5.733527897e-19   7.389794112e-19   9.524512309e-19   1.227589475e-18   1.582207959e-18   2.039266447e-18   2.628357174e-18   3.387620802e-18   4.366215829e-18   5.627501358e-18   7.25313928e-18   9.34838147e-18   1.204888432e-17   1.552949179e-17   2.00155557e-17   2.579752612e-17   3.324975653e-17   4.285474135e-17   5.523435501e-17   7.11901152e-17   9.175507709e-17   1.182607185e-16   1.524231462e-16   1.964542057e-16   2.532046863e-16   3.263488961e-16   4.206225547e-16   5.421294069e-16   6.9873641e-16   9.005830793e-16   1.160737971e-15   1.496044805e-15   1.928213011e-15   2.485223307e-15   3.203139305e-15   4.128442453e-15   5.321041474e-15   6.858151154e-15   8.839291607e-15   1.139273171e-14   1.468379386e-14   1.892555776e-14   2.439265629e-14   3.143905656e-14   4.052097753e-14   5.222642788e-14   6.731327661e-14   8.675832126e-14   1.118205306e-13   1.441225566e-13   1.857557928e-13   2.394157818e-13   3.085767379e-13   3.977164848e-13   5.126063727e-13   6.606849436e-13   8.515395398e-13   1.097527036e-12   1.414573884e-12   1.823207273e-12   2.349884158e-12   3.028704216e-12   3.903617631e-12   5.031270642e-12   6.484673109e-12   8.357925526e-12   1.077231156e-11   1.388415056e-11   1.789491843e-11   2.306429222e-11   2.972696287e-11   3.831430476e-11   4.938230507e-11   6.364756112e-11   8.203367646e-11   1.057310595e-10   1.362739966e-10   1.756399892e-10   2.263777872e-10   2.917724077e-10   3.760578232e-10   4.846910904e-10   6.247056664e-10   8.051667907e-10   1.037758413e-09   1.337539669e-09   1.723919889e-09   2.221915245e-09   2.863768432e-09   3.691036213e-09   4.757280014e-09   6.131533754e-09   7.902773447e-09   1.018567795e-08   1.312805384e-08   1.692040514e-08   2.180826752e-08   2.810810545e-08   3.622780174e-08   4.669306583e-08   6.018147089e-08   7.756632321e-08   9.997320442e-08   1.288528472e-07   1.660750628e-07   2.140498021e-07   2.758831874e-07   3.555786183e-07   4.582959712e-07   5.90685675e-07   7.613192923e-07   9.812444836e-07   1.264700286e-06   1.630039015e-06   2.10091448e-06   2.707813442e-06   3.490029458e-06   4.498206921e-06   5.797619984e-06   7.472398669e-06   9.630975742e-06   1.2413107e-05   1.599891944e-05   2.062057305e-05   2.657729112e-05   3.425473199e-05   4.414995608e-05   5.690360405e-05   7.334136835e-05   9.452744164e-05   0.0001218333995   0.0001570269725   0.0002023864471   0.0002608480891   0.0003361961119   0.0004333074527   0.0005584671439   0.000719774595   0.0009276669238   0.001195592937   0.001540880934   0.001985855745   0.002559276049   0.003298182894   0.004250275582   0.005476962883   0.007057277423   0.00909289061   0.01171452615   0.01509014338   0.01943534753   0.02502658097   0.03221775221   0.04146105555   0.05333279985   0.0685650575   0.0880837892   0.1130536778   0.1449290243   0.185508445   0.2369883669   0.3020059827   0.3836559037   0.4854560364   0.6112277817   0.7648458598   0.9498092767   1.168596729   1.42181012   1.707190179   2.018705741   2.346038975   2.674838449   2.98799923   3.267916089   3.499235337   3.671326361   3.779721832   3.8261608   3.817397742   3.763322083   3.675011193   3.563166805   3.437121472   3.304386844   3.170603968   3.039734132   2.9143573   2.795989531   
47.70100503   2.735654789e-20   3.52591389e-20   4.544458173e-20   5.857233252e-20   7.549234708e-20   9.730011122e-20   1.254075679e-19   1.616345335e-19   2.083265217e-19   2.685066039e-19   3.460711374e-19   4.460420355e-19   5.748919107e-19   7.409631441e-19   9.550080122e-19   1.230884843e-18   1.586455273e-18   2.044740699e-18   2.635412795e-18   3.396714607e-18   4.377936596e-18   5.642607948e-18   7.272609769e-18   9.373476474e-18   1.208122861e-17   1.55711795e-17   2.00692859e-17   2.586677757e-17   3.333901292e-17   4.296978157e-17   5.538262735e-17   7.138121953e-17   9.200138646e-17   1.185781802e-16   1.528323143e-16   1.969815717e-16   2.538843946e-16   3.272249544e-16   4.217516832e-16   5.435847112e-16   7.006121136e-16   9.030006247e-16   1.163853882e-15   1.500060821e-15   1.933389149e-15   2.491894696e-15   3.211737883e-15   4.139524936e-15   5.335325397e-15   6.876561328e-15   8.863019999e-15   1.142331461e-14   1.472321136e-14   1.897636195e-14   2.445813648e-14   3.152345227e-14   4.062975295e-14   5.236662567e-14   6.749397387e-14   8.699121723e-14   1.121207041e-13   1.445094424e-13   1.862544398e-13   2.400584749e-13   3.094050882e-13   3.987841239e-13   5.139824247e-13   6.62458501e-13   8.538254315e-13   1.100473262e-12   1.418371198e-12   1.828101531e-12   2.356192239e-12   3.036834537e-12   3.914096589e-12   5.044776698e-12   6.50208071e-12   8.380361728e-12   1.080122899e-11   1.392142148e-11   1.794295595e-11   2.312620652e-11   2.980676259e-11   3.841715653e-11   4.951486803e-11   6.381841806e-11   8.225388949e-11   1.060148863e-10   1.366398136e-10   1.761114811e-10   2.269854808e-10   2.92555648e-10   3.770673212e-10   4.85992206e-10   6.263826403e-10   8.073281984e-10   1.040544194e-09   1.341130191e-09   1.728547618e-09   2.227879804e-09   2.871455996e-09   3.700944513e-09   4.770050562e-09   6.14799338e-09   7.923987829e-09   1.021302061e-08   1.316329508e-08   1.696582665e-08   2.186681012e-08   2.818355948e-08   3.632505246e-08   4.681840974e-08   6.034302337e-08   7.777454398e-08   1.002415747e-07   1.291987426e-07   1.665208784e-07   2.146244022e-07   2.766237744e-07   3.565331415e-07   4.595262311e-07   5.922713248e-07   7.633629948e-07   9.838785582e-07   1.268095276e-06   1.634414728e-06   2.106554222e-06   2.715082357e-06   3.499398171e-06   4.510282008e-06   5.813183245e-06   7.492457743e-06   9.656829348e-06   1.244642902e-05   1.60418673e-05   2.067592738e-05   2.664863579e-05   3.434668616e-05   4.426847321e-05   5.705635736e-05   7.353824756e-05   9.478119323e-05   0.0001221604518   0.0001574484992   0.0002029297379   0.0002615483156   0.0003370986043   0.0004344706331   0.0005599663059   0.0007217067746   0.0009301571746   0.001198802415   0.001545017312   0.001991186625   0.002566146234   0.003307036622   0.004261685137   0.005491665398   0.007076222192   0.009117299861   0.01174597304   0.01513065196   0.01948752064   0.02509376359   0.03230423943   0.04157235647   0.05347597082   0.06874912039   0.08832025209   0.1133571761   0.1453180991   0.1860064676   0.2376246088   0.302816801   0.3846859725   0.4867594888   0.6128690333   0.7668997644   0.9523601356   1.171735576   1.425629716   1.711777365   2.024131352   2.35234636   2.682032656   2.996039594   3.276714836   3.508663537   3.681226492   3.789924223   3.836500192   3.827726707   3.773519426   3.684985159   3.572854123   3.446483729   3.313405652   3.179275998   3.048066639   2.922364447   
47.95477387   2.128182873e-20   2.74295923e-20   3.535328394e-20   4.55659228e-20   5.872872585e-20   7.569391836e-20   9.755991116e-20   1.257424172e-19   1.620661121e-19   2.088827721e-19   2.692235404e-19   3.469951781e-19   4.472330073e-19   5.764269232e-19   7.429415815e-19   9.575579685e-19   1.234171415e-18   1.59069125e-18   2.050200338e-18   2.642449581e-18   3.405784137e-18   4.389626076e-18   5.657674213e-18   7.292028283e-18   9.398504489e-18   1.211348656e-17   1.561275593e-17   2.012287268e-17   2.593584417e-17   3.342803104e-17   4.308451471e-17   5.553050388e-17   7.157181373e-17   9.224703834e-17   1.188947945e-16   1.532403902e-16   1.9750753e-16   2.545622885e-16   3.280986741e-16   4.228777977e-16   5.450361307e-16   7.024828102e-16   9.054117166e-16   1.166961475e-15   1.504066117e-15   1.93855147e-15   2.498548276e-15   3.220313509e-15   4.150577836e-15   5.34957119e-15   6.894922357e-15   8.88668505e-15   1.145381588e-14   1.476252364e-14   1.902703053e-14   2.452344188e-14   3.160762269e-14   4.0738238e-14   5.250644922e-14   6.767418878e-14   8.722349151e-14   1.124200764e-13   1.448952954e-13   1.867517557e-13   2.406994524e-13   3.102312272e-13   3.998489129e-13   5.153548035e-13   6.642273241e-13   8.561052213e-13   1.103411623e-12   1.422158375e-12   1.832982725e-12   2.362483482e-12   3.044943155e-12   3.924547575e-12   5.0582467e-12   6.519441844e-12   8.402738038e-12   1.083006924e-11   1.395859291e-11   1.799086524e-11   2.318795555e-11   2.988634929e-11   3.851973375e-11   4.964707713e-11   6.39888189e-11   8.247351468e-11   1.062979555e-10   1.37004654e-10   1.765817144e-10   2.275915522e-10   2.933367976e-10   3.780741245e-10   4.872898483e-10   6.280551376e-10   8.094838364e-10   1.04332254e-09   1.344711128e-09   1.733162993e-09   2.233828441e-09   2.879123039e-09   3.710826364e-09   4.782787021e-09   6.164409069e-09   7.945145581e-09   1.024029028e-08   1.319844225e-08   1.701112692e-08   2.192519644e-08   2.825881208e-08   3.642204357e-08   4.694341905e-08   6.05041446e-08   7.798220892e-08   1.005092286e-07   1.295437148e-07   1.66965504e-07   2.151974684e-07   2.773623845e-07   3.574851166e-07   4.60753207e-07   5.938527419e-07   7.654012418e-07   9.865056014e-07   1.271481203e-06   1.638778761e-06   2.112178909e-06   2.722331868e-06   3.508741875e-06   4.522324861e-06   5.828704961e-06   7.512463271e-06   9.682613941e-06   1.247966209e-05   1.608470051e-05   2.073113394e-05   2.671979002e-05   3.443839486e-05   4.438667397e-05   5.72087029e-05   7.373460122e-05   9.503426744e-05   0.0001224866311   0.0001578689007   0.0002034715783   0.0002622466729   0.0003379986877   0.0004356307085   0.000561461466   0.0007236337964   0.0009326407779   0.001202003326   0.001549142648   0.001996503275   0.00257299808   0.003315866716   0.004273064235   0.005506328666   0.00709511639   0.009141643954   0.01177733598   0.01517105239   0.01953955447   0.02516076686   0.03239049578   0.04168336027   0.0536187596   0.06893269192   0.08855608374   0.1136598643   0.1457061351   0.1865031607   0.2382591522   0.3036254546   0.3857132911   0.4880594611   0.6145059027   0.7689481845   0.9549041823   1.17486604   1.429439109   1.716352296   2.029542464   2.358636885   2.689207624   3.004058449   3.285490032   3.518066484   3.691100089   3.800099244   3.84681182   3.838027906   3.783689321   3.694932244   3.582515293   3.455820676   3.32240004   3.187924507   3.056376506   
48.20854271   1.65558107e-20   2.13383513e-20   2.750244276e-20   3.544717899e-20   4.568694168e-20   5.888470392e-20   7.589495441e-20   9.781902127e-20   1.260763775e-19   1.624965447e-19   2.094375454e-19   2.699385732e-19   3.479167652e-19   4.484208169e-19   5.779578598e-19   7.449147657e-19   9.60101154e-19   1.23744926e-18   1.594915979e-18   2.055645481e-18   2.649467683e-18   3.414829585e-18   4.401284517e-18   5.672700473e-18   7.311395237e-18   9.423466049e-18   1.214565886e-17   1.565422197e-17   2.017631717e-17   2.600472737e-17   3.351681281e-17   4.31989432e-17   5.567798777e-17   7.176190186e-17   9.249203795e-17   1.192105681e-16   1.536473825e-16   1.980320918e-16   2.552383824e-16   3.289700739e-16   4.240009221e-16   5.464836963e-16   7.043485397e-16   9.078164064e-16   1.170060817e-15   1.508060777e-15   1.943700084e-15   2.505184189e-15   3.228866364e-15   4.161601387e-15   5.363779157e-15   6.913234634e-15   8.910287264e-15   1.148423615e-14   1.480173154e-14   1.907756456e-14   2.458857388e-14   3.169156961e-14   4.0846435e-14   5.264590149e-14   6.785392518e-14   8.745514905e-14   1.127186537e-13   1.45280124e-13   1.872477511e-13   2.413387279e-13   3.110551727e-13   4.009108747e-13   5.167235382e-13   6.659914505e-13   8.583789577e-13   1.106342183e-12   1.425935496e-12   1.837850958e-12   2.36875802e-12   3.053030243e-12   3.934970811e-12   5.071680936e-12   6.536756879e-12   8.425054934e-12   1.08588329e-11   1.399566565e-11   1.803864731e-11   2.324954062e-11   2.996572468e-11   3.862203861e-11   4.977893518e-11   6.415876729e-11   8.269255672e-11   1.065802731e-10   1.373685257e-10   1.770506991e-10   2.281960143e-10   2.94115873e-10   3.790782544e-10   4.885840451e-10   6.29723194e-10   8.116337507e-10   1.046093508e-09   1.348282556e-09   1.737766114e-09   2.239761283e-09   2.886769723e-09   3.720681976e-09   4.795489662e-09   6.18078117e-09   7.966247153e-09   1.026748755e-08   1.323349609e-08   1.70563069e-08   2.198342774e-08   2.833386488e-08   3.651877716e-08   4.706809644e-08   6.066483802e-08   7.818932246e-08   1.007761719e-07   1.298877709e-07   1.674089489e-07   2.15769013e-07   2.780990333e-07   3.584345641e-07   4.619769249e-07   5.954299599e-07   7.674340768e-07   9.891256691e-07   1.274858139e-06   1.643131206e-06   2.117788661e-06   2.72956213e-06   3.518060769e-06   4.534335738e-06   5.844185463e-06   7.53241568e-06   9.708330069e-06   1.251280692e-05   1.612741999e-05   2.078619392e-05   2.679075531e-05   3.452986006e-05   4.450456088e-05   5.736064394e-05   7.393043352e-05   9.528666969e-05   0.0001228119443   0.000158288186   0.0002040119801   0.0002629431759   0.0003388963811   0.0004367877037   0.0005629526562   0.0007255557015   0.0009351177866   0.001205195737   0.00155325703   0.002001805807   0.002579831732   0.003324673363   0.004284413119   0.005520952999   0.007113960418   0.009165923407   0.01180861565   0.01521134556   0.01959145014   0.02522759223   0.0324765231   0.04179406933   0.05376116923   0.06911577602   0.08879128918   0.1139617487   0.1460931408   0.1869985348   0.2388920106   0.3044319608   0.3867378816   0.4893559809   0.6161384247   0.7709911638   0.9574414712   1.177988188   1.43323838   1.720915067   2.034939192   2.364910683   2.696363509   3.012055965   3.294241865   3.527444381   3.700947361   3.810247115   3.857095907   3.84830156   3.79383199   3.704852662   3.592150526   3.465132521   3.331370204   3.196549684   
48.46231156   1.28791109e-20   1.659954911e-20   2.139472458e-20   2.757510081e-20   3.554082605e-20   4.580764092e-20   5.904027002e-20   7.609545949e-20   9.807744701e-20   1.264094557e-19   1.629258404e-19   2.099908535e-19   2.706517175e-19   3.488359182e-19   4.496054892e-19   5.79484753e-19   7.468827383e-19   9.626376223e-19   1.240718448e-18   1.59912955e-18   2.061076242e-18   2.656467249e-18   3.423851142e-18   4.412912166e-18   5.687687045e-18   7.330711038e-18   9.448361679e-18   1.217774619e-17   1.569557849e-17   2.02296205e-17   2.607342864e-17   3.360536008e-17   4.331306946e-17   5.582508212e-17   7.195148792e-17   9.273639046e-17   1.195255076e-16   1.540532999e-16   1.985552681e-16   2.559126906e-16   3.298391721e-16   4.2512108e-16   5.479274385e-16   7.062093413e-16   9.10214745e-16   1.173151973e-15   1.512044887e-15   1.948835099e-15   2.511802576e-15   3.237396629e-15   4.172595822e-15   5.377949597e-15   6.931498544e-15   8.93382714e-15   1.151457608e-14   1.484083588e-14   1.912796512e-14   2.465353385e-14   3.177529482e-14   4.095434622e-14   5.278498545e-14   6.803318684e-14   8.768619472e-14   1.130164424e-13   1.456639361e-13   1.877424365e-13   2.419763149e-13   3.11876942e-13   4.019700316e-13   5.180886578e-13   6.677509175e-13   8.606466886e-13   1.109265002e-12   1.429702641e-12   1.842706332e-12   2.375015985e-12   3.061095971e-12   3.945366516e-12   5.085079689e-12   6.554026181e-12   8.447312886e-12   1.088752059e-11   1.403264046e-11   1.808630319e-11   2.331096303e-11   3.004489041e-11   3.872407325e-11   4.991044496e-11   6.432826681e-11   8.291102022e-11   1.068618449e-10   1.377314363e-10   1.775184451e-10   2.287988799e-10   2.948928908e-10   3.800797323e-10   4.898748237e-10   6.313868447e-10   8.137779866e-10   1.048857158e-09   1.351844552e-09   1.742357077e-09   2.245678455e-09   2.894396212e-09   3.730511557e-09   4.808158752e-09   6.197110028e-09   7.987292992e-09   1.029461298e-08   1.326845735e-08   1.710136755e-08   2.204150523e-08   2.840871944e-08   3.661525524e-08   4.719244452e-08   6.082510701e-08   7.839588897e-08   1.0104241e-07   1.302309183e-07   1.678512226e-07   2.16339048e-07   2.788337366e-07   3.593815038e-07   4.631974108e-07   5.970030121e-07   7.694615426e-07   9.917388167e-07   1.278226157e-06   1.647472155e-06   2.123383597e-06   2.736773295e-06   3.52735505e-06   4.546314892e-06   5.859625077e-06   7.552315389e-06   9.733978275e-06   1.254586421e-05   1.617002664e-05   2.084110847e-05   2.686153317e-05   3.462108368e-05   4.462213642e-05   5.751218366e-05   7.412574857e-05   9.553840528e-05   0.0001231363983   0.0001587063638   0.0002045509545   0.0002636378393   0.0003397917035   0.0004379416429   0.0005644399077   0.0007274725304   0.0009375882529   0.001208379716   0.001557360546   0.002007094335   0.002586647336   0.003333456751   0.004295732028   0.005535538706   0.007132754675   0.009190138733   0.0118398127   0.0152515323   0.01964320874   0.02529424109   0.03256232319   0.04190448598   0.05390320272   0.06929837654   0.08902587337   0.1142628358   0.1464791243   0.1874926005   0.2395231973   0.3052363366   0.3877597655   0.4906490757   0.6177666337   0.7730287454   0.9599720557   1.181102084   1.437027609   1.725465778   2.04032165   2.371167888   2.70350046   3.020032311   3.30297052   3.536797427   3.71076852   3.820368052   3.867352671   3.85854789   3.80394765   3.714746628   3.601760029   3.474419454   3.340316338   
48.7160804   1.00187906e-20   1.29129571e-20   1.664317259e-20   2.145094975e-20   2.764756796e-20   3.563422707e-20   4.592802305e-20   5.919542739e-20   7.629543776e-20   9.833519378e-20   1.267416587e-19   1.633540083e-19   2.105427078e-19   2.713629881e-19   3.497526563e-19   4.507870489e-19   5.810076344e-19   7.488455403e-19   9.651674265e-19   1.243979047e-18   1.60333205e-18   2.066492734e-18   2.663448424e-18   3.432848996e-18   4.424509265e-18   5.702634242e-18   7.349976089e-18   9.4731919e-18   1.220974921e-17   1.573682635e-17   2.028278379e-17   2.614194941e-17   3.36936747e-17   4.342689587e-17   5.597179e-17   7.214057587e-17   9.298010098e-17   1.198396197e-16   1.544581508e-16   1.990770698e-16   2.565852272e-16   3.307059868e-16   4.262382949e-16   5.493673876e-16   7.08065254e-16   9.126067823e-16   1.176235007e-15   1.516018529e-15   1.953956622e-15   2.518403573e-15   3.245904482e-15   4.183561372e-15   5.392082807e-15   6.949714468e-15   8.957305168e-15   1.15448363e-14   1.487983749e-14   1.917823327e-14   2.471832314e-14   3.185880004e-14   4.106197393e-14   5.292370398e-14   6.821197753e-14   8.791663336e-14   1.133134488e-13   1.460467397e-13   1.882358222e-13   2.426122268e-13   3.126965522e-13   4.030264057e-13   5.194501908e-13   6.695057617e-13   8.629084614e-13   1.112180142e-12   1.433459889e-12   1.84754895e-12   2.381257509e-12   3.069140507e-12   3.955734909e-12   5.098443239e-12   6.571250111e-12   8.469512359e-12   1.091613291e-11   1.406951813e-11   1.813383385e-11   2.337222406e-11   3.012384815e-11   3.882583982e-11   5.004160922e-11   6.4497321e-11   8.312890973e-11   1.07142677e-10   1.380933935e-10   1.779849622e-10   2.294001616e-10   2.95667867e-10   3.810785788e-10   4.911622109e-10   6.330461245e-10   8.159165888e-10   1.051613546e-09   1.355397189e-09   1.746935978e-09   2.251580081e-09   2.902002662e-09   3.740315312e-09   4.820794556e-09   6.213395985e-09   8.008283536e-09   1.032166714e-08   1.330332675e-08   1.714630981e-08   2.209943014e-08   2.848337734e-08   3.671147985e-08   4.73164659e-08   6.098495492e-08   7.860191276e-08   1.013079487e-07   1.305731642e-07   1.682923343e-07   2.169075854e-07   2.795665095e-07   3.603259556e-07   4.6441469e-07   5.985719314e-07   7.714836816e-07   9.943450986e-07   1.281585325e-06   1.651801699e-06   2.128963832e-06   2.743965514e-06   3.536624912e-06   4.558262572e-06   5.875024126e-06   7.572162815e-06   9.759559095e-06   1.257883464e-05   1.621252134e-05   2.089587874e-05   2.693212507e-05   3.471206762e-05   4.473940305e-05   5.766332523e-05   7.432055047e-05   9.578947948e-05   0.0001234599998   0.0001591234429   0.0002050885129   0.0002643306776   0.0003406846736   0.0004390925503   0.0005659232517   0.0007293843231   0.0009400522285   0.001211555331   0.00156145328   0.002012368967   0.002593445032   0.003342217061   0.004307021198   0.005550086091   0.007151499554   0.009214290436   0.01187092779   0.01529161346   0.01969483135   0.02536071484   0.03264789786   0.04201461253   0.05404486303   0.06948049729   0.08925984121   0.1145631317   0.1468640936   0.1879853679   0.2401527255   0.3060385988   0.3887789641   0.4919387724   0.6193905638   0.7750609718   0.9624959887   1.184207796   1.440806877   1.730004522   2.045689952   2.377408631   2.710618627   3.027987656   3.31167618   3.546125818   3.720563771   3.830462268   3.877582329   3.868767111   3.814036514   3.724614351   3.611344008   3.483681684   
48.96984925   7.793611716e-21   1.004498225e-20   1.294671484e-20   1.668668206e-20   2.150702797e-20   2.771984571e-20   3.572738397e-20   4.604809054e-20   5.935017924e-20   7.649489337e-20   9.85922669e-20   1.270729936e-19   1.637810571e-19   2.110931198e-19   2.720723997e-19   3.506669984e-19   4.519655205e-19   5.825265356e-19   7.508032124e-19   9.676906188e-19   1.247231123e-18   1.607523566e-18   2.07189507e-18   2.670411353e-18   3.441823333e-18   4.436076053e-18   5.717542373e-18   7.36919079e-18   9.497957225e-18   1.224166859e-17   1.57779664e-17   2.033580813e-17   2.621029109e-17   3.378175851e-17   4.354042478e-17   5.611811445e-17   7.232916961e-17   9.322317453e-17   1.201529109e-16   1.548619435e-16   1.995975077e-16   2.57256006e-16   3.315705361e-16   4.273525898e-16   5.508035732e-16   7.09916316e-16   9.149925677e-16   1.179309984e-15   1.519981786e-15   1.95906476e-15   2.524987319e-15   3.254390099e-15   4.194498261e-15   5.406179078e-15   6.967882783e-15   8.980721834e-15   1.157501743e-14   1.491873715e-14   1.922837003e-14   2.47829431e-14   3.194208702e-14   4.116932033e-14   5.306205995e-14   6.839030093e-14   8.814646972e-14   1.136096788e-13   1.464285429e-13   1.887279183e-13   2.432464766e-13   3.135140202e-13   4.040800188e-13   5.208081652e-13   6.712560194e-13   8.651643228e-13   1.115087662e-12   1.437207316e-12   1.852378912e-12   2.387482719e-12   3.077164018e-12   3.966076202e-12   5.111771861e-12   6.588429024e-12   8.491653811e-12   1.094467045e-11   1.410629942e-11   1.818124029e-11   2.343332497e-11   3.020259952e-11   3.89273404e-11   5.017243067e-11   6.466593334e-11   8.334622977e-11   1.074227751e-10   1.384544046e-10   1.7845026e-10   2.299998718e-10   2.964408177e-10   3.820748148e-10   4.924462334e-10   6.347010675e-10   8.180496015e-10   1.054362731e-09   1.35894054e-09   1.751502911e-09   2.257466282e-09   2.909589233e-09   3.750093444e-09   4.833397334e-09   6.229639377e-09   8.029219218e-09   1.03486506e-08   1.333810502e-08   1.719113461e-08   2.215720365e-08   2.85578401e-08   3.680745296e-08   4.744016313e-08   6.114438505e-08   7.880739808e-08   1.015727933e-07   1.309145155e-07   1.687322932e-07   2.174746368e-07   2.802973672e-07   3.61267939e-07   4.656287876e-07   6.001367501e-07   7.735005354e-07   9.969445687e-07   1.284935714e-06   1.656119927e-06   2.134529483e-06   2.751138935e-06   3.545870546e-06   4.570179026e-06   5.890382928e-06   7.591958368e-06   9.785073055e-06   1.261171891e-05   1.625490498e-05   2.095050586e-05   2.700253247e-05   3.480281376e-05   4.485636319e-05   5.781407178e-05   7.451484323e-05   9.603989746e-05   0.0001237827555   0.000159539432   0.0002056246663   0.0002650217051   0.0003415753098   0.0004402404497   0.0005674027189   0.0007312911191   0.0009425097642   0.001214722645   0.001565535317   0.002017629814   0.002600224961   0.003350954475   0.004318280862   0.005564595455   0.007170195439   0.009238379015   0.01190196155   0.01533158986   0.01974631904   0.02542701486   0.03273324886   0.04212445123   0.05418615309   0.06966214203   0.08949319752   0.1148626428   0.1472480566   0.1884768474   0.2407806082   0.3068387639   0.3897954985   0.4932250977   0.6210102484   0.777087885   0.9650133224   1.187305385   1.44457626   1.734531395   2.051044207   2.38363304   2.717718159   3.035922165   3.320359027   3.555429748   3.730333319   3.840529973   3.887785094   3.878959439   3.824098795   3.734456038   3.620902663   
49.22361809   6.062564072e-21   7.81388023e-21   1.007110581e-20   1.298038481e-20   1.673007841e-20   2.156296039e-20   2.779193554e-20   3.582029866e-20   4.616784585e-20   5.950452873e-20   7.669383039e-20   9.884867162e-20   1.274034669e-19   1.642069955e-19   2.116421007e-19   2.727799669e-19   3.515789632e-19   4.53140928e-19   5.840414876e-19   7.527557944e-19   9.702072506e-19   1.250474744e-18   1.611704184e-18   2.077283359e-18   2.677356178e-18   3.450774337e-18   4.447612767e-18   5.732411743e-18   7.388355531e-18   9.522658158e-18   1.227350498e-17   1.581899948e-17   2.03886946e-17   2.627845508e-17   3.386961329e-17   4.365365851e-17   5.626405844e-17   7.251727301e-17   9.346561607e-17   1.204653874e-16   1.552646864e-16   2.001165924e-16   2.579250408e-16   3.324328375e-16   4.284639876e-16   5.522360246e-16   7.117625652e-16   9.1737215e-16   1.182376965e-15   1.523934738e-15   1.964159617e-15   2.531553946e-15   3.262853653e-15   4.205406715e-15   5.420238698e-15   6.98600386e-15   9.004077616e-15   1.160512008e-14   1.495753568e-14   1.927837643e-14   2.484739505e-14   3.202515745e-14   4.127638763e-14   5.32000562e-14   6.856816068e-14   8.83757085e-14   1.139051387e-13   1.468093534e-13   1.89218735e-13   2.438790774e-13   3.143293628e-13   4.051308926e-13   5.221626089e-13   6.730017264e-13   8.674143189e-13   1.117987623e-12   1.440945e-12   1.857196315e-12   2.393691744e-12   3.085166668e-12   3.976390608e-12   5.125065829e-12   6.605563271e-12   8.513737694e-12   1.097313379e-11   1.414298507e-11   1.822852347e-11   2.349426702e-11   3.028114614e-11   3.902857708e-11   5.030291198e-11   6.483410729e-11   8.356298477e-11   1.07702145e-10   1.388144771e-10   1.78914348e-10   2.305980226e-10   2.972117587e-10   3.830684605e-10   4.937269174e-10   6.363517075e-10   8.201770684e-10   1.057104767e-09   1.362474679e-09   1.756057971e-09   2.263337178e-09   2.917156078e-09   3.759846153e-09   4.845967345e-09   6.245840536e-09   8.050100468e-09   1.037556389e-08   1.337279286e-08   1.723584286e-08   2.221482695e-08   2.863210926e-08   3.690317654e-08   4.756353875e-08   6.130340065e-08   7.901234913e-08   1.018369494e-07   1.312549793e-07   1.691711081e-07   2.180402138e-07   2.810263246e-07   3.622074732e-07   4.668397286e-07   6.016975002e-07   7.755121454e-07   9.995372801e-07   1.288277392e-06   1.660426928e-06   2.140080663e-06   2.758293706e-06   3.555092141e-06   4.582064496e-06   5.905701797e-06   7.611702452e-06   9.810520679e-06   1.264451767e-05   1.629717842e-05   2.100499095e-05   2.707275681e-05   3.489332396e-05   4.497301923e-05   5.796442639e-05   7.470863082e-05   9.628966435e-05   0.0001241046721   0.0001599543394   0.0002061594257   0.0002657109358   0.0003424636303   0.0004413853646   0.0005688783394   0.0007331929574   0.0009449609102   0.001217881724   0.00156960674   0.002022876982   0.002606987263   0.003359669172   0.004329511251   0.005579067094   0.007188842715   0.009262404964   0.01193291462   0.01537146231   0.01979767286   0.02549314249   0.03281837794   0.04223400435   0.05432707578   0.06984331448   0.08972594708   0.1151613751   0.1476310213   0.1889670489   0.2414068582   0.3076368483   0.3908093895   0.4945080778   0.6226257208   0.7791095265   0.9675241083   1.190394917   1.448335836   1.739046486   2.056384527   2.389841244   2.7247992   3.043835999   3.329019238   3.564709409   3.740077364   3.850571375   3.897961179   3.889125083   3.834134702   3.744271895   
49.47738693   4.715938028e-21   6.078249151e-21   7.834096319e-21   1.00971618e-20   1.301396769e-20   1.67733625e-20   2.161874813e-20   2.78638389e-20   3.591297301e-20   4.62872914e-20   5.965847898e-20   7.689225284e-20   9.910441312e-20   1.277330854e-19   1.646318322e-19   2.121896616e-19   2.734857038e-19   3.52488569e-19   4.543132952e-19   5.85552521e-19   7.547033258e-19   9.72717373e-19   1.253709975e-18   1.615873989e-18   2.082657712e-18   2.68428304e-18   3.459702188e-18   4.459119641e-18   5.747242651e-18   7.407470701e-18   9.547295201e-18   1.230525902e-17   1.585992643e-17   2.044144427e-17   2.634644276e-17   3.395724083e-17   4.376659936e-17   5.640962494e-17   7.270488986e-17   9.370743053e-17   1.207770557e-16   1.556663875e-16   2.006343345e-16   2.58592345e-16   3.332929085e-16   4.295725105e-16   5.536647709e-16   7.136040389e-16   9.197455772e-16   1.185436013e-15   1.527877465e-15   1.969241295e-15   2.538103588e-15   3.271295316e-15   4.216286953e-15   5.434261952e-15   7.004078065e-15   9.027372985e-15   1.163514488e-14   1.499623385e-14   1.932825349e-14   2.491168028e-14   3.210801301e-14   4.1383178e-14   5.33376955e-14   6.874556038e-14   8.860435433e-14   1.141998343e-13   1.471891789e-13   1.897082821e-13   2.445100419e-13   3.151425964e-13   4.061790481e-13   5.235135492e-13   6.74742918e-13   8.696584952e-13   1.120880083e-12   1.444673016e-12   1.862001257e-12   2.399884709e-12   3.093148618e-12   3.986678335e-12   5.138325411e-12   6.6226532e-12   8.535764455e-12   1.10015235e-11   1.417957584e-11   1.827568434e-11   2.355505145e-11   3.035948959e-11   3.91295519e-11   5.043305579e-11   6.500184623e-11   8.377917911e-11   1.079807922e-10   1.391736182e-10   1.793772356e-10   2.311946264e-10   2.979807057e-10   3.840595361e-10   4.950042888e-10   6.379980781e-10   8.222990323e-10   1.059839711e-09   1.365999677e-09   1.760601248e-09   2.269192889e-09   2.924703351e-09   3.769573636e-09   4.858504843e-09   6.261999788e-09   8.070927706e-09   1.040240757e-08   1.340739098e-08   1.728043548e-08   2.22723012e-08   2.870618632e-08   3.699865252e-08   4.768659524e-08   6.146200495e-08   7.921677006e-08   1.021004222e-07   1.315945625e-07   1.696087879e-07   2.186043279e-07   2.817533965e-07   3.631445772e-07   4.680475374e-07   6.032542134e-07   7.775185522e-07   1.002123285e-06   1.291610426e-06   1.664722788e-06   2.145617485e-06   2.765429969e-06   3.564289883e-06   4.593919224e-06   5.920981042e-06   7.631395465e-06   9.83590248e-06   1.267723159e-05   1.633934252e-05   2.105933511e-05   2.714279951e-05   3.498360005e-05   4.508937353e-05   5.811439208e-05   7.490191717e-05   9.65387852e-05   0.000124425756   0.0001603681737   0.0002066928018   0.0002663983838   0.0003433496531   0.000442527318   0.000570350143   0.0007350898764   0.0009474057161   0.001221032632   0.001573667633   0.002028110578   0.002613732073   0.003368361327   0.004340712591   0.005593501301   0.007207441758   0.009286368766   0.01196378763   0.01541123164   0.01984889384   0.02555909907   0.03290328683   0.0423432741   0.05446763395   0.0700240183   0.08995809459   0.1154593346   0.1480129954   0.1894559824   0.2420314882   0.3084328681   0.3918206576   0.4957877388   0.6242370136   0.7811259371   0.9700283971   1.193476453   1.452085681   1.743549889   2.061711018   2.396033367   2.731861894   3.05172932   3.337656989   3.573964989   3.749796104   3.860586679   3.908110789   3.899264252   3.84414444   
49.73115578   3.668377903e-21   4.728076312e-21   6.093893868e-21   7.854260386e-21   1.012315074e-20   1.304746416e-20   1.681653522e-20   2.167439231e-20   2.793555723e-20   3.600540889e-20   4.640642959e-20   5.981203307e-20   7.709016469e-20   9.935949653e-20   1.280618558e-19   1.650555757e-19   2.127358135e-19   2.741896247e-19   3.533958342e-19   4.554826456e-19   5.870596662e-19   7.566458458e-19   9.752210362e-19   1.256936881e-18   1.620033063e-18   2.088018234e-18   2.691192078e-18   3.468607065e-18   4.470596905e-18   5.762035396e-18   7.426536682e-18   9.571868846e-18   1.233693135e-17   1.590074807e-17   2.049405821e-17   2.641425549e-17   3.404464288e-17   4.387924957e-17   5.655481685e-17   7.289202392e-17   9.394862272e-17   1.210879221e-16   1.56067055e-16   2.011507443e-16   2.592579321e-16   3.341507663e-16   4.30678181e-16   5.550898406e-16   7.15440774e-16   9.22112897e-16   1.18848719e-15   1.531810047e-15   1.974309896e-15   2.544636376e-15   3.279715255e-15   4.227139192e-15   5.44824912e-15   7.02210576e-15   9.05060841e-15   1.166509241e-14   1.503483244e-14   1.93780022e-14   2.49758001e-14   3.219065536e-14   4.148969356e-14   5.347498062e-14   6.892250358e-14   8.883241179e-14   1.144937716e-13   1.47568027e-13   1.901965695e-13   2.451393827e-13   3.159537374e-13   4.072245065e-13   5.248610131e-13   6.76479629e-13   8.718968966e-13   1.1237651e-12   1.448391439e-12   1.866793835e-12   2.406061737e-12   3.101110029e-12   3.996939588e-12   5.151550872e-12   6.639699151e-12   8.557734535e-12   1.102984017e-11   1.421607244e-11   1.832272386e-11   2.361567945e-11   3.043763144e-11   3.923026689e-11   5.05628647e-11   6.516915354e-11   8.399481712e-11   1.082587224e-10   1.395318352e-10   1.798389321e-10   2.317896949e-10   2.987476739e-10   3.850480614e-10   4.962783732e-10   6.396402121e-10   8.244155359e-10   1.062567617e-09   1.369515604e-09   1.765132834e-09   2.275033532e-09   2.932231202e-09   3.779276086e-09   4.871010078e-09   6.278117459e-09   8.091701349e-09   1.042918218e-08   1.344190007e-08   1.732491334e-08   2.232962755e-08   2.878007276e-08   3.709388282e-08   4.780933508e-08   6.162020111e-08   7.942066495e-08   1.02363217e-07   1.319332718e-07   1.700453415e-07   2.191669904e-07   2.824785975e-07   3.640792697e-07   4.692522382e-07   6.048069206e-07   7.795197959e-07   1.004702636e-06   1.294934883e-06   1.669007594e-06   2.151140059e-06   2.772547869e-06   3.573463957e-06   4.605743446e-06   5.936220969e-06   7.651037803e-06   9.861218967e-06   1.270986133e-05   1.638139811e-05   2.111353943e-05   2.721266197e-05   3.507364383e-05   4.520542842e-05   5.826397188e-05   7.509470613e-05   9.678726498e-05   0.0001247460136   0.000160780943   0.0002072248055   0.0002670840628   0.0003442333959   0.0004436663328   0.0005718181593   0.0007369819141   0.0009498442308   0.001224175431   0.001577718076   0.002033330707   0.002620459527   0.003377031115   0.004351885107   0.005607898365   0.007225992941   0.009310270904   0.0119945812   0.01545089862   0.01989998302   0.02562488593   0.03298797722   0.04245226266   0.05460783043   0.07020425711   0.0901896447   0.1157565274   0.1483939865   0.1899436576   0.2426545108   0.3092268393   0.392829323   0.4970641061   0.625844159   0.7831371574   0.9725262391   1.196550055   1.455825871   1.748041694   2.067023788   2.402209536   2.738906382   3.059602286   3.346272455   3.583196675   3.759489737   3.870576087   3.918234132   3.909377152   
49.98492462   2.853476753e-21   3.677771537e-21   4.740183521e-21   6.109498533e-21   7.87437283e-21   1.014907314e-20   1.308087486e-20   1.685959741e-20   2.172989404e-20   2.800709195e-20   3.609760813e-20   4.652526277e-20   5.996519405e-20   7.728756987e-20   9.96139269e-20   1.283897844e-19   1.654782343e-19   2.132805672e-19   2.748917435e-19   3.543007768e-19   4.566490024e-19   5.885629529e-19   7.585833927e-19   9.777182896e-19   1.260155526e-18   1.62418149e-18   2.093365033e-18   2.698083427e-18   3.477489145e-18   4.482044785e-18   5.776790269e-18   7.445553853e-18   9.596379579e-18   1.236852259e-17   1.59414652e-17   2.054653745e-17   2.648189461e-17   3.413182117e-17   4.399161139e-17   5.669963706e-17   7.30786789e-17   9.418919744e-17   1.213979925e-16   1.564666967e-16   2.016658321e-16   2.599218152e-16   3.350064278e-16   4.317810208e-16   5.56511262e-16   7.172728068e-16   9.244741562e-16   1.191530555e-15   1.535732561e-15   1.979365522e-15   2.551152439e-15   3.288113639e-15   4.237963649e-15   5.462200479e-15   7.040087302e-15   9.073784349e-15   1.169496327e-14   1.507333221e-14   1.942762355e-14   2.503975576e-14   3.227308613e-14   4.159593643e-14   5.361191428e-14   6.909899378e-14   8.90598854e-14   1.147869564e-13   1.479459052e-13   1.906836068e-13   2.457671124e-13   3.167628017e-13   4.082672884e-13   5.262050274e-13   6.782118938e-13   8.741295674e-13   1.126642731e-12   1.452100343e-12   1.871574144e-12   2.412222952e-12   3.109051057e-12   4.007174572e-12   5.164742475e-12   6.656701462e-12   8.57964837e-12   1.105808433e-11   1.425247561e-11   1.836964296e-11   2.367615224e-11   3.051557324e-11   3.933072403e-11   5.069234128e-11   6.533603253e-11   8.420990308e-11   1.085359411e-10   1.398891351e-10   1.802994466e-10   2.323832399e-10   2.995126786e-10   3.860340559e-10   4.975491957e-10   6.412781421e-10   8.265266209e-10   1.065288539e-09   1.373022529e-09   1.769652818e-09   2.280859222e-09   2.939739782e-09   3.788953698e-09   4.883483298e-09   6.294193866e-09   8.11242181e-09   1.045588824e-08   1.347632081e-08   1.736927733e-08   2.238680714e-08   2.885377004e-08   3.718886931e-08   4.793176068e-08   6.177799228e-08   7.962403785e-08   1.02625339e-07   1.32271114e-07   1.704807775e-07   2.197282125e-07   2.832019419e-07   3.650115694e-07   4.704538548e-07   6.063556528e-07   7.815159162e-07   1.007275383e-06   1.298250829e-06   1.67328143e-06   2.156648494e-06   2.779647547e-06   3.582614544e-06   4.617537397e-06   5.95142188e-06   7.670629855e-06   9.886470641e-06   1.274240754e-05   1.642334604e-05   2.116760498e-05   2.728234557e-05   3.516345709e-05   4.532118619e-05   5.841316873e-05   7.528700153e-05   9.703510864e-05   0.0001250654514   0.0001611926556   0.0002077554471   0.0002677679864   0.0003451148762   0.0004448024317   0.0005732824173   0.000738869108   0.0009522765027   0.001227310185   0.001581758149   0.002038537471   0.002627169758   0.003385678707   0.004363029021   0.00562225857   0.00724449663   0.009334111848   0.01202529592   0.01549046406   0.01995094141   0.02569050436   0.0330724508   0.04256097219   0.05474766797   0.07038403447   0.090420602   0.1160529593   0.1487740021   0.1904300843   0.2432759382   0.3100187777   0.3938354058   0.4983372053   0.627447189   0.785143227   0.9750176838   1.199615785   1.459556478   1.752521989   2.072322943   2.408369871   2.745932806   3.067455054   3.354865806   3.59240465   3.769158455   3.880539799   3.928331409   
50.23869347   2.219570567e-21   2.860746439e-21   3.687141245e-21   4.752259892e-21   6.125063452e-21   7.894434047e-21   1.017492952e-20   1.311420047e-20   1.690254991e-20   2.17852544e-20   2.807844447e-20   3.618957252e-20   4.664379328e-20   6.011796492e-20   7.748447225e-20   9.986770922e-20   1.287168778e-19   1.658998165e-19   2.138239334e-19   2.755920739e-19   3.552034143e-19   4.578123883e-19   5.900624106e-19   7.605160045e-19   9.802091825e-19   1.263365972e-18   1.628319351e-18   2.098698213e-18   2.704957223e-18   3.486348601e-18   4.493463507e-18   5.791507561e-18   7.464522585e-18   9.620827882e-18   1.240003337e-17   1.598207861e-17   2.059888302e-17   2.654936144e-17   3.421877741e-17   4.410368701e-17   5.68440884e-17   7.326485846e-17   9.44291594e-17   1.217072732e-16   1.568653205e-16   2.021796078e-16   2.605840074e-16   3.3585991e-16   4.328810516e-16   5.579290629e-16   7.191001733e-16   9.268294012e-16   1.194566169e-15   1.539645084e-15   1.98440827e-15   2.557651906e-15   3.296490631e-15   4.248760536e-15   5.476116303e-15   7.058023044e-15   9.096901257e-15   1.172475805e-14   1.511173392e-14   1.947711851e-14   2.510354852e-14   3.235530695e-14   4.170190869e-14   5.374849915e-14   6.927503446e-14   8.928677962e-14   1.150793944e-13   1.483228209e-13   1.911694036e-13   2.463932432e-13   3.175698053e-13   4.093074142e-13   5.275456184e-13   6.799397465e-13   8.763565515e-13   1.129513033e-12   1.455799799e-12   1.876342276e-12   2.418368473e-12   3.116971859e-12   4.017383486e-12   5.177900478e-12   6.673660468e-12   8.601506388e-12   1.108625656e-11   1.428878606e-11   1.841644254e-11   2.3736471e-11   3.059331651e-11   3.943092531e-11   5.082148808e-11   6.550248646e-11   8.44244412e-11   1.088124536e-10   1.402455249e-10   1.807587881e-10   2.329752732e-10   3.002757348e-10   3.870175391e-10   4.988167814e-10   6.429119001e-10   8.286323289e-10   1.068002531e-09   1.376520522e-09   1.77416129e-09   2.286670073e-09   2.947229236e-09   3.79860666e-09   4.895924749e-09   6.310229326e-09   8.133089495e-09   1.048252628e-08   1.351065388e-08   1.741352833e-08   2.244384109e-08   2.89272796e-08   3.728361387e-08   4.805387447e-08   6.193538153e-08   7.982689275e-08   1.028867934e-07   1.326080957e-07   1.709151044e-07   2.20288005e-07   2.839234439e-07   3.659414944e-07   4.716524108e-07   6.079004402e-07   7.835069523e-07   1.009841577e-06   1.30155833e-06   1.677544381e-06   2.162142899e-06   2.786729141e-06   3.591741825e-06   4.629301307e-06   5.966584074e-06   7.690172004e-06   9.911657997e-06   1.277487085e-05   1.646518713e-05   2.122153282e-05   2.735185169e-05   3.525304159e-05   4.543664912e-05   5.856198557e-05   7.547880714e-05   9.728232101e-05   0.0001253840756   0.0001616033195   0.0002082847372   0.000268450168   0.0003459941114   0.0004459356368   0.0005747429457   0.0007407514951   0.0009547025794   0.001230436954   0.001585787932   0.002043730974   0.002633862898   0.003394304273   0.00437414455   0.005636582199   0.007262953189   0.009357892068   0.01205593242   0.01552992871   0.02000176999   0.02575595566   0.0331567092   0.04266940483   0.05488714934   0.07056335392   0.09065097102   0.1163486362   0.1491530498   0.1909152718   0.2438957826   0.3108086986   0.3948389255   0.4996070611   0.6290461349   0.7871441855   0.97750278   1.202673702   1.463277578   1.756990863   2.077608585   2.414514495   2.752941303   3.075287778   3.363437213   3.601589097   3.77880245   3.890478012   
50.49246231   1.726465807e-21   2.225196613e-21   2.867997702e-21   3.696487209e-21   4.76430566e-21   6.140588927e-21   7.914444426e-21   1.020072037e-20   1.314744163e-20   1.694539357e-20   2.184047446e-20   2.814961617e-20   3.628130387e-20   4.676202341e-20   6.027034864e-20   7.768087564e-20   1.001208484e-19   1.290431423e-19   1.663203302e-19   2.143659225e-19   2.762906296e-19   3.561037645e-19   4.589728261e-19   5.915580684e-19   7.624437187e-19   9.826937629e-19   1.266568283e-18   1.632446725e-18   2.104017878e-18   2.711813601e-18   3.495185607e-18   4.504853291e-18   5.806187557e-18   7.483443247e-18   9.645214229e-18   1.243146429e-17   1.602258911e-17   2.065109594e-17   2.661665731e-17   3.430551329e-17   4.421547862e-17   5.698817368e-17   7.34505662e-17   9.466851325e-17   1.220157701e-16   1.572629341e-16   2.026920816e-16   2.612445214e-16   3.367112293e-16   4.339782948e-16   5.593432709e-16   7.20922909e-16   9.291786775e-16   1.197594089e-15   1.543547692e-15   1.989438239e-15   2.564134901e-15   3.304846395e-15   4.259530061e-15   5.489996862e-15   7.075913333e-15   9.119959584e-15   1.175447732e-14   1.515003831e-14   1.952648805e-14   2.516717961e-14   3.243731941e-14   4.18076124e-14   5.38847379e-14   6.945062901e-14   8.951309885e-14   1.153710914e-13   1.486987815e-13   1.916539694e-13   2.470177873e-13   3.183747638e-13   4.103449042e-13   5.28882812e-13   6.816632205e-13   8.78577892e-13   1.132376061e-12   1.459489881e-12   1.881098326e-12   2.424498421e-12   3.124872588e-12   4.02756653e-12   5.191025136e-12   6.690576496e-12   8.623309015e-12   1.11143574e-11   1.432500449e-11   1.846312353e-11   2.379663691e-11   3.067086277e-11   3.953087265e-11   5.09503076e-11   6.566851857e-11   8.463843564e-11   1.090882655e-10   1.406010115e-10   1.812169655e-10   2.335658061e-10   3.010368572e-10   3.879985299e-10   5.000811548e-10   6.445415179e-10   8.307327007e-10   1.070709645e-09   1.380009651e-09   1.778658337e-09   2.292466199e-09   2.954699711e-09   3.80823516e-09   4.90833467e-09   6.326224149e-09   8.153704804e-09   1.050909681e-08   1.354489995e-08   1.745766718e-08   2.250073051e-08   2.900060289e-08   3.737811833e-08   4.817567879e-08   6.209237194e-08   8.002923358e-08   1.031475852e-07   1.329442234e-07   1.713483306e-07   2.20846379e-07   2.846431175e-07   3.668690628e-07   4.728479295e-07   6.094413129e-07   7.854929427e-07   1.012401268e-06   1.304857448e-06   1.681796528e-06   2.16762338e-06   2.793792789e-06   3.600845975e-06   4.641035406e-06   5.981707844e-06   7.709664631e-06   9.936781524e-06   1.280725189e-05   1.650692218e-05   2.1275324e-05   2.742118166e-05   3.534239906e-05   4.555181945e-05   5.871042528e-05   7.567012669e-05   9.752890691e-05   0.0001257018922   0.0001620129428   0.000208812686   0.0002691306208   0.0003468711184   0.0004470659702   0.0005761997729   0.0007426291119   0.000957122508   0.0012335558   0.001589807503   0.002048911315   0.002640539076   0.00340290798   0.00438523191   0.005650869529   0.007281362975   0.009381612025   0.01208649128   0.01556929336   0.02005246977   0.02582124109   0.03324075409   0.04277756268   0.05502627722   0.07074221892   0.09088075622   0.1166435637   0.1495311369   0.1913992298   0.2445140561   0.3115966176   0.3958399019   0.5008736983   0.6306410279   0.7891400716   0.979981576   1.205723866   1.466989241   1.761448403   2.082880819   2.420643526   2.75993201   3.083100612   3.371986842   3.610750194   3.78842191   
50.74623116   1.342893179e-21   1.730819888e-21   2.230808473e-21   2.875230682e-21   3.705809607e-21   4.776321056e-21   6.156075256e-21   7.93440435e-21   1.02264462e-20   1.318059897e-20   1.69881292e-20   2.18955553e-20   2.822060842e-20   3.637280392e-20   4.687995543e-20   6.042234814e-20   7.787678382e-20   1.003733493e-19   1.293685841e-19   1.667397837e-19   2.149065451e-19   2.769874239e-19   3.570018445e-19   4.601303379e-19   5.930499551e-19   7.643665725e-19   9.851720788e-19   1.269762519e-18   1.636563693e-18   2.10932413e-18   2.71865269e-18   3.50400033e-18   4.516214358e-18   5.820830538e-18   7.502316203e-18   9.669539088e-18   1.246281597e-17   1.606299746e-17   2.070317721e-17   2.668378349e-17   3.439203048e-17   4.432698836e-17   5.713189566e-17   7.36358057e-17   9.49072636e-17   1.223234892e-16   1.576595452e-16   2.032032632e-16   2.6190337e-16   3.37560402e-16   4.350727713e-16   5.607539131e-16   7.227410488e-16   9.315220304e-16   1.200614376e-15   1.54744046e-15   1.994455526e-15   2.570601551e-15   3.31318109e-15   4.270272432e-15   5.503842423e-15   7.093758515e-15   9.142959771e-15   1.178412166e-14   1.518824613e-14   1.95757331e-14   2.523065027e-14   3.251912508e-14   4.191304959e-14   5.402063314e-14   6.962578083e-14   8.973884744e-14   1.156620528e-13   1.490737941e-13   1.921373133e-13   2.476407566e-13   3.191776928e-13   4.113797782e-13   5.302166342e-13   6.833823489e-13   8.807936316e-13   1.13523187e-12   1.463170658e-12   1.885842383e-12   2.430612913e-12   3.132753397e-12   4.037723898e-12   5.204116701e-12   6.707449873e-12   8.645056669e-12   1.114238738e-11   1.43611316e-11   1.850968682e-11   2.385665111e-11   3.074821351e-11   3.963056799e-11   5.107880232e-11   6.583413205e-11   8.485189052e-11   1.093633819e-10   1.409556019e-10   1.816739878e-10   2.341548501e-10   3.017960606e-10   3.889770473e-10   5.013423403e-10   6.461670268e-10   8.328277766e-10   1.073409934e-09   1.383489982e-09   1.783144045e-09   2.298247711e-09   2.96215135e-09   3.817839382e-09   4.920713301e-09   6.342178643e-09   8.174268134e-09   1.053560035e-08   1.357905966e-08   1.750169475e-08   2.255747649e-08   2.907374129e-08   3.747238451e-08   4.8297176e-08   6.224896652e-08   8.023106423e-08   1.034077194e-07   1.332795037e-07   1.717804645e-07   2.214033451e-07   2.853609765e-07   3.677942925e-07   4.740404338e-07   6.109783005e-07   7.874739257e-07   1.014954505e-06   1.308148249e-06   1.686037954e-06   2.173090043e-06   2.800838627e-06   3.60992717e-06   4.652739919e-06   5.996793481e-06   7.729108108e-06   9.961841705e-06   1.283955129e-05   1.654855201e-05   2.132897955e-05   2.749033683e-05   3.543153124e-05   4.566669939e-05   5.885849072e-05   7.586096384e-05   9.777487108e-05   0.0001260189076   0.0001624215332   0.0002093393036   0.000269809358   0.0003477459141   0.0004481934535   0.0005776529269   0.0007445019945   0.000959536335   0.001236666782   0.001593816938   0.002054078595   0.00264719842   0.003411489995   0.004396291315   0.005665120835   0.007299726344   0.009405272175   0.01211697309   0.01560855875   0.02010304172   0.02588636191   0.03332458706   0.04288544782   0.05516505431   0.07092063293   0.09110996204   0.1169377475   0.1499082706   0.1918819674   0.2451307705   0.3123825497   0.396838354   0.5021371412   0.6322318985   0.7911309237   0.9824541195   1.208766335   1.47069154   1.765894695   2.088139746   2.426757083   2.766905061   3.090893705   3.380514858   3.61988812   
51   1.044526523e-21   1.346262909e-21   1.735163045e-21   2.236406255e-21   2.882445516e-21   3.715108618e-21   4.788306308e-21   6.171522734e-21   7.9543142e-21   1.025210748e-20   1.321367313e-20   1.703075762e-20   2.195049795e-20   2.829142257e-20   3.646407442e-20   4.699759159e-20   6.057396631e-20   7.807220051e-20   1.006252168e-19   1.296932095e-19   1.671581849e-19   2.154458115e-19   2.776824702e-19   3.578976714e-19   4.612849458e-19   5.94538099e-19   7.662846022e-19   9.876441772e-19   1.272948742e-18   1.640670333e-18   2.114617071e-18   2.725474622e-18   3.51279294e-18   4.527546923e-18   5.835436785e-18   7.521141812e-18   9.693802922e-18   1.249408899e-17   1.610330444e-17   2.075512782e-17   2.675074128e-17   3.447833061e-17   4.443821834e-17   5.727525708e-17   7.382058049e-17   9.514541498e-17   1.226304363e-16   1.580551612e-16   2.037131625e-16   2.625605658e-16   3.384074444e-16   4.361645021e-16   5.621610164e-16   7.245546274e-16   9.338595044e-16   1.203627085e-15   1.551323462e-15   1.999460226e-15   2.577051978e-15   3.321494876e-15   4.280987853e-15   5.517653249e-15   7.111558927e-15   9.165902257e-15   1.181369163e-14   1.522635809e-14   1.962485461e-14   2.52939617e-14   3.260072552e-14   4.201822227e-14   5.415618745e-14   6.980049323e-14   8.996402969e-14   1.159522843e-13   1.494478659e-13   1.926194447e-13   2.482621631e-13   3.199786073e-13   4.124120561e-13   5.315471101e-13   6.850971644e-13   8.830038126e-13   1.138080514e-12   1.466842201e-12   1.890574539e-12   2.436712065e-12   3.140614434e-12   4.047855783e-12   5.217175424e-12   6.724280918e-12   8.666749763e-12   1.117034704e-11   1.439716807e-11   1.855613329e-11   2.391651475e-11   3.082537019e-11   3.973001322e-11   5.120697467e-11   6.599933004e-11   8.506480989e-11   1.096378081e-10   1.413093027e-10   1.821298634e-10   2.347424163e-10   3.025533593e-10   3.899531098e-10   5.026003617e-10   6.477884578e-10   8.349175965e-10   1.076103448e-09   1.386961582e-09   1.787618499e-09   2.304014718e-09   2.969584295e-09   3.82741951e-09   4.933060878e-09   6.358093111e-09   8.194779876e-09   1.05620374e-08   1.361313368e-08   1.754561186e-08   2.26140801e-08   2.914669621e-08   3.756641419e-08   4.84183684e-08   6.240516823e-08   8.043238854e-08   1.03667201e-07   1.336139428e-07   1.722115143e-07   2.219589139e-07   2.860770345e-07   3.68717201e-07   4.752299464e-07   6.125114321e-07   7.894499389e-07   1.017501337e-06   1.311430793e-06   1.69026874e-06   2.178542991e-06   2.807866789e-06   3.618985583e-06   4.664415068e-06   6.011841272e-06   7.748502807e-06   9.986839016e-06   1.287176966e-05   1.659007739e-05   2.138250049e-05   2.75593185e-05   3.55204398e-05   4.578129112e-05   5.90061847e-05   7.605132224e-05   9.802021818e-05   0.0001263351276   0.0001628290986   0.0002098646001   0.0002704863923   0.0003486185152   0.0004493181083   0.0005791024353   0.0007463701785   0.0009619441064   0.001239769959   0.001597816316   0.002059232911   0.002653841058   0.003420050479   0.004407322974   0.005679336389   0.007318043643   0.009428872966   0.01214737842   0.01564772564   0.02015348679   0.02595131935   0.03340820971   0.04299306229   0.05530348323   0.07109859934   0.09133859279   0.1172311933   0.1502844581   0.1923634939   0.2457459377   0.3131665098   0.3978343008   0.5033974138   0.6338187771   0.7931167797   0.9849204576   1.211801167   1.474384544   1.770329822   2.093385466   2.432855283   2.773860589   3.098667207   3.389021424   
